ISO-10303-21;
HEADER;
FILE_DESCRIPTION (( 'STEP AP214' ),
    '1' );
FILE_NAME ('SHT40-AD1B-R2.STEP',
    '2026-03-03T10:19:17',
    ( '' ),
    ( '' ),
    'SwSTEP 2.0',
    'SolidWorks 2024',
    '' );
FILE_SCHEMA (( 'AUTOMOTIVE_DESIGN' ));
ENDSEC;

DATA;
#1 = ADVANCED_FACE ( 'NONE', ( #347 ), #1095, .T. ) ;
#2 = CARTESIAN_POINT ( 'NONE',  ( -0.1994800594162440266, 0.5410000000000000364, -0.5107571780568739284 ) ) ;
#3 = CARTESIAN_POINT ( 'NONE',  ( -0.2472454237555125056, 0.5400000000000000355, -0.5746032610398930096 ) ) ;
#4 = EDGE_CURVE ( 'NONE', #5953, #6592, #3085, .T. ) ;
#5 = EDGE_LOOP ( 'NONE', ( #5492, #2514, #1641, #997 ) ) ;
#6 = ORIENTED_EDGE ( 'NONE', *, *, #857, .T. ) ;
#7 = B_SPLINE_CURVE_WITH_KNOTS ( 'NONE', 3,
 ( #2224, #4148, #4764, #742, #8075, #3375, #6814, #4894, #3499, #80, #6167, #4856, #2784, #7501, #1574, #468, #5727, #2943, #4937 ),
 .UNSPECIFIED., .F., .F.,
 ( 4, 1, 1, 1, 1, 1, 1, 1, 1, 1, 1, 1, 1, 1, 1, 1, 4 ),
 ( 0.000000000000000000, 0.07579896347148640245, 0.1506755159165570068, 0.2258270907894800172, 0.3031997897974649803, 0.3425428440097050276, 0.3820553715638574932, 0.4213644434296894836, 0.4613142372093910204, 0.5016137440659089730, 0.5426505670333150455, 0.5848929306097470082, 0.6285969134813940151, 0.7176754964161570216, 0.8085769713678260251, 0.9026216874533220524, 1.000000000000000000 ),
 .UNSPECIFIED. ) ;
#8 = UNCERTAINTY_MEASURE_WITH_UNIT (LENGTH_MEASURE( 1.000000000000000082E-05 ), #4013, 'distance_accuracy_value', 'NONE');
#9 = LINE ( 'NONE', #5276, #1755 ) ;
#10 = CARTESIAN_POINT ( 'NONE',  ( 0.000000000000000000, 0.4299999999999999933, 1.626303258728255172E-16 ) ) ;
#11 = DIRECTION ( 'NONE',  ( 0.000000000000000000, 0.000000000000000000, -1.000000000000000000 ) ) ;
#12 = CYLINDRICAL_SURFACE ( 'NONE', #5125, 0.2000000000000000111 ) ;
#13 = CARTESIAN_POINT ( 'NONE',  ( 0.5748882211538459686, 0.5400000000000000355, -0.6250000000000000000 ) ) ;
#14 = VECTOR ( 'NONE', #5704, 1000.000000000000000 ) ;
#15 = ORIENTED_EDGE ( 'NONE', *, *, #1485, .T. ) ;
#16 =( NAMED_UNIT ( * ) PLANE_ANGLE_UNIT ( ) SI_UNIT ( $, .RADIAN. ) );
#17 = CARTESIAN_POINT ( 'NONE',  ( 0.5500000000000000444, 0.2000000000000000111, 0.2000000000000000111 ) ) ;
#18 = COLOUR_RGB ( '',0.2000000000000000111, 0.2000000000000000111, 0.2000000000000000111 ) ;
#19 = VECTOR ( 'NONE', #3189, 1000.000000000000000 ) ;
#20 = CARTESIAN_POINT ( 'NONE',  ( -0.4500000000000000111, 0.2000000000000000111, 0.2999999999999999889 ) ) ;
#21 = ORIENTED_EDGE ( 'NONE', *, *, #6013, .T. ) ;
#22 = DIRECTION ( 'NONE',  ( 0.000000000000000000, 0.000000000000000000, 1.000000000000000000 ) ) ;
#23 = LINE ( 'NONE', #5332, #3430 ) ;
#24 = ORIENTED_EDGE ( 'NONE', *, *, #7972, .T. ) ;
#25 = COLOUR_RGB ( '',0.6470588235294117974, 0.5176470588235293491, 0.000000000000000000 ) ;
#26 = CARTESIAN_POINT ( 'NONE',  ( -0.08351585119333489182, 0.5410000000000000364, -0.4550940178006610548 ) ) ;
#27 = VECTOR ( 'NONE', #1445, 1000.000000000000000 ) ;
#28 = CARTESIAN_POINT ( 'NONE',  ( -0.2413883373855710002, 0.5400000000000000355, -0.4303666241382760327 ) ) ;
#29 = DIRECTION ( 'NONE',  ( 0.000000000000000000, -1.000000000000000000, 0.000000000000000000 ) ) ;
#30 =( LENGTH_UNIT ( ) NAMED_UNIT ( * ) SI_UNIT ( .MILLI., .METRE. ) );
#31 = DIRECTION ( 'NONE',  ( 1.000000000000000000, 0.000000000000000000, 0.000000000000000000 ) ) ;
#32 = COLOUR_RGB ( '',0.2509803921568627416, 0.2509803921568627416, 0.2509803921568627416 ) ;
#33 = CARTESIAN_POINT ( 'NONE',  ( -0.2117042072165765121, 0.5400000000000000355, -0.5498000050217259904 ) ) ;
#34 = EDGE_CURVE ( 'NONE', #4242, #7876, #7062, .T. ) ;
#35 = UNCERTAINTY_MEASURE_WITH_UNIT (LENGTH_MEASURE( 1.000000000000000082E-05 ), #6955, 'distance_accuracy_value', 'NONE');
#36 = DIRECTION ( 'NONE',  ( 0.000000000000000000, 0.000000000000000000, 1.000000000000000000 ) ) ;
#37 = EDGE_CURVE ( 'NONE', #5839, #3178, #4692, .T. ) ;
#38 =( NAMED_UNIT ( * ) PLANE_ANGLE_UNIT ( ) SI_UNIT ( $, .RADIAN. ) );
#39 = VERTEX_POINT ( 'NONE', #3588 ) ;
#40 = VECTOR ( 'NONE', #1219, 1000.000000000000000 ) ;
#41 = ORIENTED_EDGE ( 'NONE', *, *, #3903, .F. ) ;
#42 = COLOUR_RGB ( '',0.2000000000000000111, 0.2000000000000000111, 0.2000000000000000111 ) ;
#43 = CARTESIAN_POINT ( 'NONE',  ( -0.2104374999999999996, 0.5410000000000000364, -0.5484675480769229949 ) ) ;
#44 = SURFACE_SIDE_STYLE ('',( #5307 ) ) ;
#45 =( GEOMETRIC_REPRESENTATION_CONTEXT ( 3 ) GLOBAL_UNCERTAINTY_ASSIGNED_CONTEXT ( ( #3223 ) ) GLOBAL_UNIT_ASSIGNED_CONTEXT ( ( #3603, #5577, #985 ) ) REPRESENTATION_CONTEXT ( 'NONE', 'WORKASPACE' ) );
#46 = FACE_OUTER_BOUND ( 'NONE', #838, .T. ) ;
#47 = EDGE_CURVE ( 'NONE', #2373, #6012, #5652, .T. ) ;
#48 =( NAMED_UNIT ( * ) SI_UNIT ( $, .STERADIAN. ) SOLID_ANGLE_UNIT ( ) );
#49 = CARTESIAN_POINT ( 'NONE',  ( -0.1814232824275640032, 0.5410000000000000364, -0.5054078141260310852 ) ) ;
#50 = PRODUCT_DEFINITION_FORMATION_WITH_SPECIFIED_SOURCE ( 'ANY', '', #6492, .NOT_KNOWN. ) ;
#51 = CARTESIAN_POINT ( 'NONE',  ( -0.2390456499609709962, 0.5410000000000000364, -0.5967934510919550295 ) ) ;
#52 = VERTEX_POINT ( 'NONE', #8299 ) ;
#53 = VERTEX_POINT ( 'NONE', #7637 ) ;
#54 = DIRECTION ( 'NONE',  ( 1.000000000000000000, 0.000000000000000000, 0.000000000000000000 ) ) ;
#55 = CARTESIAN_POINT ( 'NONE',  ( 0.5163846153846158860, 0.5410000000000000364, -0.4000000000000000222 ) ) ;
#56 = EDGE_CURVE ( 'NONE', #3178, #5839, #5677, .T. ) ;
#57 = UNCERTAINTY_MEASURE_WITH_UNIT (LENGTH_MEASURE( 1.000000000000000082E-05 ), #2261, 'distance_accuracy_value', 'NONE');
#58 = DIRECTION ( 'NONE',  ( 0.000000000000000000, 1.000000000000000000, 0.000000000000000000 ) ) ;
#59 = DIRECTION ( 'NONE',  ( 0.000000000000000000, 1.000000000000000000, 0.000000000000000000 ) ) ;
#60 = UNCERTAINTY_MEASURE_WITH_UNIT (LENGTH_MEASURE( 1.000000000000000082E-05 ), #3259, 'distance_accuracy_value', 'NONE');
#61 = VECTOR ( 'NONE', #8183, 1000.000000000000000 ) ;
#62 = DIRECTION ( 'NONE',  ( 0.000000000000000000, -1.000000000000000000, 0.000000000000000000 ) ) ;
#63 = ORIENTED_EDGE ( 'NONE', *, *, #8186, .F. ) ;
#64 = CARTESIAN_POINT ( 'NONE',  ( -0.09171445631522059938, 0.5410000000000000364, -0.5800805419615330250 ) ) ;
#65 = CARTESIAN_POINT ( 'NONE',  ( -0.008990384615384679548, 0.5410000000000000364, -0.4000000000000000222 ) ) ;
#66 = SURFACE_STYLE_FILL_AREA ( #8063 ) ;
#67 = SURFACE_STYLE_FILL_AREA ( #4752 ) ;
#68 = VECTOR ( 'NONE', #2131, 1000.000000000000000 ) ;
#69 = COLOUR_RGB ( '',0.2000000000000000111, 0.2000000000000000111, 0.2000000000000000111 ) ;
#70 = CARTESIAN_POINT ( 'NONE',  ( -0.7500000000000000000, 0.2000000000000000111, -0.2000000000000000111 ) ) ;
#71 = CARTESIAN_POINT ( 'NONE',  ( -0.2562307692307694840, 0.5410000000000000364, -0.4778846153846149636 ) ) ;
#72 = STYLED_ITEM ( 'NONE', ( #1229 ), #947 ) ;
#73 = AXIS2_PLACEMENT_3D ( 'NONE', #2023, #7836, #1247 ) ;
#74 = ORIENTED_EDGE ( 'NONE', *, *, #7890, .T. ) ;
#75 = LINE ( 'NONE', #4807, #1985 ) ;
#76 = ORIENTED_EDGE ( 'NONE', *, *, #919, .F. ) ;
#77 = CARTESIAN_POINT ( 'NONE',  ( 0.7500000000000000000, 0.2000000000000000111, -0.2000000000000000111 ) ) ;
#78 = EDGE_CURVE ( 'NONE', #3177, #4514, #6254, .T. ) ;
#79 = DIRECTION ( 'NONE',  ( -2.710505431213760099E-16, 0.000000000000000000, -1.000000000000000000 ) ) ;
#80 = CARTESIAN_POINT ( 'NONE',  ( -0.2267019234665330063, 0.5410000000000000364, -0.6109604903296570466 ) ) ;
#81 = CARTESIAN_POINT ( 'NONE',  ( 0.1632500000000000062, 0.5410000000000000364, -0.4548076923076930234 ) ) ;
#82 = CARTESIAN_POINT ( 'NONE',  ( 0.4228401442307689884, 0.5410000000000000364, -0.5214693509615390132 ) ) ;
#83 = DIRECTION ( 'NONE',  ( -2.710505431213769960E-16, 0.000000000000000000, -1.000000000000000000 ) ) ;
#84 = CARTESIAN_POINT ( 'NONE',  ( 0.7500000000000000000, 0.2000000000000000111, 0.2000000000000000111 ) ) ;
#85 = CARTESIAN_POINT ( 'NONE',  ( 0.5419855769230770282, 0.5410000000000000364, -0.4692307692307690625 ) ) ;
#86 = ORIENTED_EDGE ( 'NONE', *, *, #6734, .T. ) ;
#87 = CARTESIAN_POINT ( 'NONE',  ( -0.7500000000000000000, 1.277032961426900037, 0.5999999999999999778 ) ) ;
#88 = ORIENTED_EDGE ( 'NONE', *, *, #1197, .F. ) ;
#89 = CARTESIAN_POINT ( 'NONE',  ( -0.1215812305589206027, 0.5410000000000000364, -0.5187901186439739520 ) ) ;
#90 = FILL_AREA_STYLE_COLOUR ( '', #6914 ) ;
#91 = CARTESIAN_POINT ( 'NONE',  ( -0.7500000000000000000, 0.000000000000000000, 0.7500000000000000000 ) ) ;
#92 = CARTESIAN_POINT ( 'NONE',  ( 0.6037539455892280138, 0.5410000000000000364, -0.5617767343411270708 ) ) ;
#93 = LINE ( 'NONE', #3559, #3263 ) ;
#94 = ORIENTED_EDGE ( 'NONE', *, *, #1135, .F. ) ;
#95 = VERTEX_POINT ( 'NONE', #2314 ) ;
#96 = UNCERTAINTY_MEASURE_WITH_UNIT (LENGTH_MEASURE( 1.000000000000000082E-05 ), #7555, 'distance_accuracy_value', 'NONE');
#97 = CARTESIAN_POINT ( 'NONE',  ( -0.5500000000000000444, 0.000000000000000000, -0.5999999999999999778 ) ) ;
#98 = CARTESIAN_POINT ( 'NONE',  ( -0.09737977750331940074, 0.5400000000000000355, -0.5022151683148109447 ) ) ;
#99 = EDGE_CURVE ( 'NONE', #3324, #7098, #4948, .T. ) ;
#100 =( NAMED_UNIT ( * ) PLANE_ANGLE_UNIT ( ) SI_UNIT ( $, .RADIAN. ) );
#101 = EDGE_CURVE ( 'NONE', #7700, #8221, #5294, .T. ) ;
#102 = ORIENTED_EDGE ( 'NONE', *, *, #3661, .F. ) ;
#103 = CARTESIAN_POINT ( 'NONE',  ( 0.2642115384615384976, 0.5400000000000000355, -0.5717698317307690070 ) ) ;
#104 = COLOUR_RGB ( '',0.2000000000000000111, 0.2000000000000000111, 0.2000000000000000111 ) ;
#105 = EDGE_CURVE ( 'NONE', #3879, #3600, #3975, .T. ) ;
#106 = CARTESIAN_POINT ( 'NONE',  ( 0.4500000000000000111, 0.2000000000000000111, 0.2999999999999999889 ) ) ;
#107 = FACE_OUTER_BOUND ( 'NONE', #440, .T. ) ;
#108 = MECHANICAL_DESIGN_GEOMETRIC_PRESENTATION_REPRESENTATION (  '', ( #2893 ), #4685 ) ;
#109 = DIRECTION ( 'NONE',  ( 0.000000000000000000, 0.000000000000000000, 1.000000000000000000 ) ) ;
#110 = AXIS2_PLACEMENT_3D ( 'NONE', #4072, #260, #3467 ) ;
#111 = EDGE_CURVE ( 'NONE', #2781, #2068, #7742, .T. ) ;
#112 = CARTESIAN_POINT ( 'NONE',  ( 0.5500000000000000444, 0.000000000000000000, -0.5000000000000000000 ) ) ;
#113 = PRODUCT_DEFINITION ( 'UNKNOWN', '', #50, #5119 ) ;
#114 = MANIFOLD_SOLID_BREP ( 'NONE', #3443 ) ;
#115 = DIRECTION ( 'NONE',  ( 0.000000000000000000, 0.000000000000000000, -1.000000000000000000 ) ) ;
#116 = EDGE_LOOP ( 'NONE', ( #8068, #6354, #1124, #1047 ) ) ;
#117 = CARTESIAN_POINT ( 'NONE',  ( 0.7500000000000000000, 0.000000000000000000, 0.5999999999999999778 ) ) ;
#118 = ORIENTED_EDGE ( 'NONE', *, *, #5183, .T. ) ;
#119 = MECHANICAL_DESIGN_GEOMETRIC_PRESENTATION_REPRESENTATION (  '', ( #2085 ), #5824 ) ;
#120 =( NAMED_UNIT ( * ) PLANE_ANGLE_UNIT ( ) SI_UNIT ( $, .RADIAN. ) );
#121 = CARTESIAN_POINT ( 'NONE',  ( -0.2141607225913469970, 0.5400000000000000355, -0.5841616163354619307 ) ) ;
#122 = PRESENTATION_LAYER_ASSIGNMENT (  '', '', ( #5395 ) ) ;
#123 = FILL_AREA_STYLE ('',( #6730 ) ) ;
#124 = CIRCLE ( 'NONE', #4556, 0.09999999999999999167 ) ;
#125 = CARTESIAN_POINT ( 'NONE',  ( 0.3161346153846155138, 0.5410000000000000364, -0.4548076923076930234 ) ) ;
#126 = PRESENTATION_STYLE_ASSIGNMENT (( #3418 ) ) ;
#127 = CARTESIAN_POINT ( 'NONE',  ( 1.836970198721030057E-17, 0.4299999999999999933, -0.1499999999999999944 ) ) ;
#128 = MECHANICAL_DESIGN_GEOMETRIC_PRESENTATION_REPRESENTATION (  '', ( #1391 ), #4134 ) ;
#129 = LINE ( 'NONE', #1412, #3113 ) ;
#130 = SURFACE_STYLE_FILL_AREA ( #3546 ) ;
#131 = SURFACE_STYLE_FILL_AREA ( #8086 ) ;
#132 = STYLED_ITEM ( 'NONE', ( #7657 ), #4493 ) ;
#133 = ORIENTED_EDGE ( 'NONE', *, *, #3657, .T. ) ;
#134 = FACE_OUTER_BOUND ( 'NONE', #1747, .T. ) ;
#135 = VERTEX_POINT ( 'NONE', #1884 ) ;
#136 = MECHANICAL_DESIGN_GEOMETRIC_PRESENTATION_REPRESENTATION (  '', ( #5545 ), #1400 ) ;
#137 = CARTESIAN_POINT ( 'NONE',  ( -0.1638561542489219980, 0.5410000000000000364, -0.6018002568182890810 ) ) ;
#138 =( NAMED_UNIT ( * ) PLANE_ANGLE_UNIT ( ) SI_UNIT ( $, .RADIAN. ) );
#139 = CARTESIAN_POINT ( 'NONE',  ( 0.4500000000000000111, 0.000000000000000000, 0.2999999999999999889 ) ) ;
#140 = FILL_AREA_STYLE ('',( #1291 ) ) ;
#141 = SURFACE_STYLE_FILL_AREA ( #4825 ) ;
#142 = DIRECTION ( 'NONE',  ( -2.710505431213765029E-16, 0.000000000000000000, -1.000000000000000000 ) ) ;
#143 = VERTEX_POINT ( 'NONE', #2579 ) ;
#144 = VERTEX_POINT ( 'NONE', #7864 ) ;
#145 = LINE ( 'NONE', #6878, #8162 ) ;
#146 = PRESENTATION_STYLE_ASSIGNMENT (( #4218 ) ) ;
#147 = DIRECTION ( 'NONE',  ( 0.000000000000000000, 0.000000000000000000, 1.000000000000000000 ) ) ;
#148 = AXIS2_PLACEMENT_3D ( 'NONE', #7601, #2999, #5656 ) ;
#149 = EDGE_CURVE ( 'NONE', #543, #7149, #4503, .T. ) ;
#150 = UNCERTAINTY_MEASURE_WITH_UNIT (LENGTH_MEASURE( 1.000000000000000082E-05 ), #6678, 'distance_accuracy_value', 'NONE');
#151 =( NAMED_UNIT ( * ) SI_UNIT ( $, .STERADIAN. ) SOLID_ANGLE_UNIT ( ) );
#152 = ORIENTED_EDGE ( 'NONE', *, *, #2418, .T. ) ;
#153 = FILL_AREA_STYLE_COLOUR ( '', #25 ) ;
#154 = VECTOR ( 'NONE', #6497, 1000.000000000000000 ) ;
#155 = LINE ( 'NONE', #198, #6115 ) ;
#156 = CARTESIAN_POINT ( 'NONE',  ( -0.1423319247487211947, 0.5400000000000000355, -0.4947625529702540659 ) ) ;
#157 = FILL_AREA_STYLE ('',( #4050 ) ) ;
#158 = EDGE_CURVE ( 'NONE', #8377, #533, #7161, .T. ) ;
#159 = AXIS2_PLACEMENT_3D ( 'NONE', #2266, #5693, #3036 ) ;
#160 = SURFACE_STYLE_USAGE ( .BOTH. , #3408 ) ;
#161 = LINE ( 'NONE', #3454, #5540 ) ;
#162 = ORIENTED_EDGE ( 'NONE', *, *, #4352, .T. ) ;
#163 = CARTESIAN_POINT ( 'NONE',  ( -0.2513353502014715191, 0.5410000000000000364, -0.4498970551262490014 ) ) ;
#164 =( GEOMETRIC_REPRESENTATION_CONTEXT ( 3 ) GLOBAL_UNCERTAINTY_ASSIGNED_CONTEXT ( ( #2378 ) ) GLOBAL_UNIT_ASSIGNED_CONTEXT ( ( #6743, #138, #4779 ) ) REPRESENTATION_CONTEXT ( 'NONE', 'WORKASPACE' ) );
#165 = DIRECTION ( 'NONE',  ( 1.000000000000000000, 0.000000000000000000, 0.000000000000000000 ) ) ;
#166 = CARTESIAN_POINT ( 'NONE',  ( 0.4045983348097549892, 0.5410000000000000364, -0.5144465487130349679 ) ) ;
#167 = CARTESIAN_POINT ( 'NONE',  ( -0.1696923076923080032, 0.5400000000000000355, -0.6019230769230770051 ) ) ;
#168 = FACE_OUTER_BOUND ( 'NONE', #8109, .T. ) ;
#169 = MECHANICAL_DESIGN_GEOMETRIC_PRESENTATION_REPRESENTATION (  '', ( #6416 ), #1437 ) ;
#170 = DIRECTION ( 'NONE',  ( 0.000000000000000000, 1.000000000000000000, 0.000000000000000000 ) ) ;
#171 = EDGE_CURVE ( 'NONE', #1348, #6447, #617, .T. ) ;
#172 = CARTESIAN_POINT ( 'NONE',  ( -0.2104374999999999996, 0.5400000000000000355, -0.5484675480769229949 ) ) ;
#173 = STYLED_ITEM ( 'NONE', ( #1657 ), #8079 ) ;
#174 = CARTESIAN_POINT ( 'NONE',  ( -0.1037933980229917841, 0.5410000000000000364, -0.5082207667750280322 ) ) ;
#175 = ORIENTED_EDGE ( 'NONE', *, *, #4183, .T. ) ;
#176 = VERTEX_POINT ( 'NONE', #3258 ) ;
#177 = CARTESIAN_POINT ( 'NONE',  ( -0.1295286200255582054, 0.5410000000000000364, -0.5890215660845430357 ) ) ;
#178 = CARTESIAN_POINT ( 'NONE',  ( -0.1390218283118430098, 0.5400000000000000355, -0.5249815371515710316 ) ) ;
#179 = STYLED_ITEM ( 'NONE', ( #4381 ), #7790 ) ;
#180 = DIRECTION ( 'NONE',  ( -1.445602896647339903E-16, 0.000000000000000000, -1.000000000000000000 ) ) ;
#181 = FACE_OUTER_BOUND ( 'NONE', #3149, .T. ) ;
#182 = CARTESIAN_POINT ( 'NONE',  ( -0.08892307692307700739, 0.5400000000000000355, -0.5615384615384619860 ) ) ;
#183 = SURFACE_STYLE_USAGE ( .BOTH. , #8179 ) ;
#184 = CARTESIAN_POINT ( 'NONE',  ( -0.08351585119333489182, 0.5410000000000000364, -0.4550940178006610548 ) ) ;
#185 =( LENGTH_UNIT ( ) NAMED_UNIT ( * ) SI_UNIT ( .MILLI., .METRE. ) );
#186 = MECHANICAL_DESIGN_GEOMETRIC_PRESENTATION_REPRESENTATION (  '', ( #7818 ), #3098 ) ;
#187 = EDGE_LOOP ( 'NONE', ( #5671, #1036, #1967, #318 ) ) ;
#188 = ORIENTED_EDGE ( 'NONE', *, *, #4350, .F. ) ;
#189 = SURFACE_STYLE_USAGE ( .BOTH. , #4915 ) ;
#190 = LINE ( 'NONE', #3521, #3949 ) ;
#191 =( GEOMETRIC_REPRESENTATION_CONTEXT ( 3 ) GLOBAL_UNCERTAINTY_ASSIGNED_CONTEXT ( ( #4087 ) ) GLOBAL_UNIT_ASSIGNED_CONTEXT ( ( #3932, #4227, #8115 ) ) REPRESENTATION_CONTEXT ( 'NONE', 'WORKASPACE' ) );
#192 = LINE ( 'NONE', #5451, #7129 ) ;
#193 = MECHANICAL_DESIGN_GEOMETRIC_PRESENTATION_REPRESENTATION (  '', ( #5893 ), #7961 ) ;
#194 = CARTESIAN_POINT ( 'NONE',  ( 0.5748882211538459686, 0.5400000000000000355, -0.6250000000000000000 ) ) ;
#195 = DIRECTION ( 'NONE',  ( 0.000000000000000000, 0.000000000000000000, -1.000000000000000000 ) ) ;
#196 = EDGE_LOOP ( 'NONE', ( #5821, #8328, #4975, #7694 ) ) ;
#197 = CARTESIAN_POINT ( 'NONE',  ( -0.1051100560860577932, 0.5410000000000000364, -0.6038100792800740191 ) ) ;
#198 = CARTESIAN_POINT ( 'NONE',  ( 0.1323557692307691935, 0.5400000000000000355, -0.6250000000000000000 ) ) ;
#199 = CARTESIAN_POINT ( 'NONE',  ( -0.1556111954799055119, 0.5410000000000000364, -0.4986760786176410165 ) ) ;
#200 = SURFACE_SIDE_STYLE ('',( #1566 ) ) ;
#201 = CARTESIAN_POINT ( 'NONE',  ( -0.2270211198810120068, 0.5410000000000000364, -0.4750351159331379636 ) ) ;
#202 = LINE ( 'NONE', #8067, #7731 ) ;
#203 = VERTEX_POINT ( 'NONE', #5379 ) ;
#204 = CARTESIAN_POINT ( 'NONE',  ( 0.5500000000000000444, 0.000000000000000000, 0.5999999999999999778 ) ) ;
#205 = CARTESIAN_POINT ( 'NONE',  ( -0.1522397635574639918, 0.5400000000000000355, -0.5286129935125689627 ) ) ;
#206 = CIRCLE ( 'NONE', #6455, 0.1000000000000000472 ) ;
#207 = LINE ( 'NONE', #2818, #2355 ) ;
#208 = CARTESIAN_POINT ( 'NONE',  ( -0.2038399638926839952, 0.5410000000000000364, -0.5944434054260658851 ) ) ;
#209 = DIRECTION ( 'NONE',  ( -0.7920101971969338850, 0.000000000000000000, -0.6105078603393030434 ) ) ;
#210 = LINE ( 'NONE', #2866, #1588 ) ;
#211 = CARTESIAN_POINT ( 'NONE',  ( -0.1000000000000000056, 0.1000000000000000056, -0.7510000000000000009 ) ) ;
#212 = SURFACE_STYLE_FILL_AREA ( #7998 ) ;
#213 = AXIS2_PLACEMENT_3D ( 'NONE', #4873, #7439, #4131 ) ;
#214 = EDGE_CURVE ( 'NONE', #4029, #2372, #6202, .T. ) ;
#215 = CARTESIAN_POINT ( 'NONE',  ( -0.1075130535440374097, 0.5410000000000000364, -0.5109335040086719903 ) ) ;
#216 = EDGE_LOOP ( 'NONE', ( #3624, #2425, #8505, #6984 ) ) ;
#217 =( NAMED_UNIT ( * ) SI_UNIT ( $, .STERADIAN. ) SOLID_ANGLE_UNIT ( ) );
#218 = EDGE_CURVE ( 'NONE', #1356, #6931, #6813, .T. ) ;
#219 = ORIENTED_EDGE ( 'NONE', *, *, #6551, .T. ) ;
#220 = CARTESIAN_POINT ( 'NONE',  ( -0.1120705675905113996, 0.5400000000000000355, -0.4639624906089450107 ) ) ;
#221 = VECTOR ( 'NONE', #8344, 1000.000000000000000 ) ;
#222 = CARTESIAN_POINT ( 'NONE',  ( -0.1897352764187309748, 0.5410000000000000364, -0.5384870862549410164 ) ) ;
#223 = SURFACE_STYLE_USAGE ( .BOTH. , #5610 ) ;
#224 = CARTESIAN_POINT ( 'NONE',  ( -0.4500000000000000111, 1.277032961426900037, 0.2999999999999999889 ) ) ;
#225 = DIRECTION ( 'NONE',  ( 0.000000000000000000, -1.000000000000000000, 0.000000000000000000 ) ) ;
#226 = CARTESIAN_POINT ( 'NONE',  ( 0.1000000000000000056, 0.5400000000000000355, -0.7500000000000000000 ) ) ;
#227 =( NAMED_UNIT ( * ) PLANE_ANGLE_UNIT ( ) SI_UNIT ( $, .RADIAN. ) );
#228 = CARTESIAN_POINT ( 'NONE',  ( -0.08546277673925339879, 0.5410000000000000364, -0.4464863899578680462 ) ) ;
#229 = FILL_AREA_STYLE ('',( #6064 ) ) ;
#230 = ORIENTED_EDGE ( 'NONE', *, *, #422, .F. ) ;
#231 = ORIENTED_EDGE ( 'NONE', *, *, #4698, .F. ) ;
#232 = SURFACE_SIDE_STYLE ('',( #276 ) ) ;
#233 = CARTESIAN_POINT ( 'NONE',  ( 0.5743924278846159748, 0.5400000000000000355, -0.5569411057692310596 ) ) ;
#234 = FILL_AREA_STYLE ('',( #2970 ) ) ;
#235 = FACE_OUTER_BOUND ( 'NONE', #1140, .T. ) ;
#236 = ORIENTED_EDGE ( 'NONE', *, *, #2101, .T. ) ;
#237 = CARTESIAN_POINT ( 'NONE',  ( 0.2500000000000000000, 0.2000000000000000111, -0.7510000000000000009 ) ) ;
#238 = PLANE ( 'NONE',  #6363 ) ;
#239 = DIRECTION ( 'NONE',  ( 1.000000000000000000, 0.000000000000000000, 1.355252715606881923E-15 ) ) ;
#240 = FILL_AREA_STYLE ('',( #2335 ) ) ;
#241 = CARTESIAN_POINT ( 'NONE',  ( -0.1708641826923079921, 0.5410000000000000364, -0.6278846153846159295 ) ) ;
#242 = VECTOR ( 'NONE', #7275, 1000.000000000000000 ) ;
#243 = ORIENTED_EDGE ( 'NONE', *, *, #4238, .F. ) ;
#244 = CARTESIAN_POINT ( 'NONE',  ( -0.2543681662763894735, 0.5410000000000000364, -0.4606402030172099815 ) ) ;
#245 = DIRECTION ( 'NONE',  ( 1.000000000000000000, 0.000000000000000000, 1.355252715606881923E-15 ) ) ;
#246 = DIRECTION ( 'NONE',  ( 0.000000000000000000, 1.000000000000000000, 0.000000000000000000 ) ) ;
#247 = CARTESIAN_POINT ( 'NONE',  ( -0.1717519166966499922, 0.5400000000000000355, -0.6019077612450660641 ) ) ;
#248 = DIRECTION ( 'NONE',  ( 0.8262081338429055899, 0.000000000000000000, -0.5633649967577177842 ) ) ;
#249 = SURFACE_STYLE_FILL_AREA ( #3541 ) ;
#250 = PRESENTATION_LAYER_ASSIGNMENT (  '', '', ( #2893 ) ) ;
#251 = FACE_OUTER_BOUND ( 'NONE', #949, .T. ) ;
#252 = EDGE_LOOP ( 'NONE', ( #3852, #7990, #2674, #3483 ) ) ;
#253 = SURFACE_SIDE_STYLE ('',( #5648 ) ) ;
#254 = ADVANCED_FACE ( 'NONE', ( #2182 ), #2097, .F. ) ;
#255 = PRESENTATION_LAYER_ASSIGNMENT (  '', '', ( #8028 ) ) ;
#256 = EDGE_LOOP ( 'NONE', ( #674, #2416, #6612, #989 ) ) ;
#257 = VECTOR ( 'NONE', #2880, 1000.000000000000000 ) ;
#258 = EDGE_LOOP ( 'NONE', ( #5135, #2202, #5550, #4759 ) ) ;
#259 = AXIS2_PLACEMENT_3D ( 'NONE', #1130, #7857, #7153 ) ;
#260 = DIRECTION ( 'NONE',  ( 0.000000000000000000, -1.000000000000000000, 0.000000000000000000 ) ) ;
#261 = PRESENTATION_LAYER_ASSIGNMENT (  '', '', ( #1806 ) ) ;
#262 = CARTESIAN_POINT ( 'NONE',  ( -0.1284741023004244143, 0.5400000000000000355, -0.5215170149476210382 ) ) ;
#263 = DIRECTION ( 'NONE',  ( -2.710505431213760099E-16, 0.000000000000000000, 1.000000000000000000 ) ) ;
#264 = VECTOR ( 'NONE', #3962, 1000.000000000000000 ) ;
#265 = CARTESIAN_POINT ( 'NONE',  ( -0.2475769230769230000, 0.5400000000000000355, -0.5662710336538460121 ) ) ;
#266 = EDGE_CURVE ( 'NONE', #2139, #2211, #207, .T. ) ;
#267 = CARTESIAN_POINT ( 'NONE',  ( -0.2000000000000000111, 0.000000000000000000, -0.3250000000000000111 ) ) ;
#268 = ADVANCED_FACE ( 'NONE', ( #7500 ), #4809, .T. ) ;
#269 = PRESENTATION_STYLE_ASSIGNMENT (( #1680 ) ) ;
#270 = VECTOR ( 'NONE', #2909, 1000.000000000000000 ) ;
#271 = CARTESIAN_POINT ( 'NONE',  ( -0.1129111762073091996, 0.5410000000000000364, -0.4106379473345435072 ) ) ;
#272 = CARTESIAN_POINT ( 'NONE',  ( -0.2500000000000000000, 0.2000000000000000111, -0.7510000000000000009 ) ) ;
#273 = PRESENTATION_LAYER_ASSIGNMENT (  '', '', ( #5545 ) ) ;
#274 = ORIENTED_EDGE ( 'NONE', *, *, #6639, .F. ) ;
#275 = ORIENTED_EDGE ( 'NONE', *, *, #599, .F. ) ;
#276 = SURFACE_STYLE_FILL_AREA ( #6068 ) ;
#277 = SURFACE_STYLE_FILL_AREA ( #6793 ) ;
#278 =( LENGTH_UNIT ( ) NAMED_UNIT ( * ) SI_UNIT ( .MILLI., .METRE. ) );
#279 = EDGE_CURVE ( 'NONE', #8574, #7882, #5363, .T. ) ;
#280 =( NAMED_UNIT ( * ) PLANE_ANGLE_UNIT ( ) SI_UNIT ( $, .RADIAN. ) );
#281 = LINE ( 'NONE', #6973, #1795 ) ;
#282 = ORIENTED_EDGE ( 'NONE', *, *, #1674, .T. ) ;
#283 = ORIENTED_EDGE ( 'NONE', *, *, #851, .T. ) ;
#284 =( LENGTH_UNIT ( ) NAMED_UNIT ( * ) SI_UNIT ( .MILLI., .METRE. ) );
#285 = FILL_AREA_STYLE ('',( #8324 ) ) ;
#286 = PRESENTATION_LAYER_ASSIGNMENT (  '', '', ( #5845 ) ) ;
#287 = FACE_OUTER_BOUND ( 'NONE', #4156, .T. ) ;
#288 = CARTESIAN_POINT ( 'NONE',  ( -0.1917412986526955132, 0.5400000000000000355, -0.5995388920768269791 ) ) ;
#289 = PRESENTATION_LAYER_ASSIGNMENT (  '', '', ( #5711 ) ) ;
#290 = CARTESIAN_POINT ( 'NONE',  ( 0.5931871847223401106, 0.5400000000000000355, -0.5902192408202610041 ) ) ;
#291 = ORIENTED_EDGE ( 'NONE', *, *, #5155, .F. ) ;
#292 = CARTESIAN_POINT ( 'NONE',  ( -0.1215812305589206027, 0.5400000000000000355, -0.5187901186439739520 ) ) ;
#293 = DIRECTION ( 'NONE',  ( 0.000000000000000000, -1.000000000000000000, 0.000000000000000000 ) ) ;
#294 = SURFACE_STYLE_FILL_AREA ( #5470 ) ;
#295 = EDGE_CURVE ( 'NONE', #6519, #7135, #5425, .T. ) ;
#296 = PRESENTATION_LAYER_ASSIGNMENT (  '', '', ( #7791 ) ) ;
#297 = CARTESIAN_POINT ( 'NONE',  ( -0.08892307692307700739, 0.5410000000000000364, -0.5615384615384619860 ) ) ;
#298 = B_SPLINE_SURFACE_WITH_KNOTS ( 'NONE', 3, 1, ( 
 ( #2035, #5408 ),
 ( #8056, #1381 ),
 ( #3277, #1952 ),
 ( #6752, #8539 ),
 ( #7398, #4661 ),
 ( #4004, #4042 ),
 ( #2073, #6663 ),
 ( #6071, #98 ),
 ( #722, #5361 ),
 ( #7354, #2122 ),
 ( #4573, #7269 ),
 ( #6708, #3357 ),
 ( #7227, #6030 ),
 ( #1990, #4699 ),
 ( #3914, #4743 ) ),
 .UNSPECIFIED., .F., .F., .F.,
 ( 4, 1, 1, 1, 1, 1, 1, 1, 1, 1, 1, 1, 4 ),
 ( 2, 2 ),
 ( 0.000000000000000000, 0.07338587427918910611, 0.1445835380508522228, 0.2124062622424859881, 0.2781737899504679867, 0.3415557326636879942, 0.4034401355450240034, 0.4632591559625579558, 0.5227310342867920179, 0.6391126249863120501, 0.7560054734569380264, 0.8755205732616079262, 1.000000000000000000 ),
 ( 0.000000000000000000, 1.000000000000000000 ),
 .UNSPECIFIED. ) ;
#299 = DIRECTION ( 'NONE',  ( 0.5842149830377210140, 0.000000000000000000, -0.8115989487389910773 ) ) ;
#300 = ORIENTED_EDGE ( 'NONE', *, *, #3491, .T. ) ;
#301 =( NAMED_UNIT ( * ) PLANE_ANGLE_UNIT ( ) SI_UNIT ( $, .RADIAN. ) );
#302 = CARTESIAN_POINT ( 'NONE',  ( 0.1000000000000000056, 0.1000000000000000056, -0.7510000000000000009 ) ) ;
#303 = VERTEX_POINT ( 'NONE', #6728 ) ;
#304 = VECTOR ( 'NONE', #6352, 1000.000000000000000 ) ;
#305 = CARTESIAN_POINT ( 'NONE',  ( 0.2000000000000000111, 0.000000000000000000, -0.5000000000000000000 ) ) ;
#306 = ADVANCED_FACE ( 'NONE', ( #5467 ), #4147, .F. ) ;
#307 = LINE ( 'NONE', #4994, #3216 ) ;
#308 = EDGE_CURVE ( 'NONE', #7760, #1417, #5337, .T. ) ;
#309 =( LENGTH_UNIT ( ) NAMED_UNIT ( * ) SI_UNIT ( .MILLI., .METRE. ) );
#310 = MECHANICAL_DESIGN_GEOMETRIC_PRESENTATION_REPRESENTATION (  '', ( #7802 ), #3488 ) ;
#311 =( LENGTH_UNIT ( ) NAMED_UNIT ( * ) SI_UNIT ( .MILLI., .METRE. ) );
#312 = MECHANICAL_DESIGN_GEOMETRIC_PRESENTATION_REPRESENTATION (  '', ( #6009 ), #6274 ) ;
#313 =( NAMED_UNIT ( * ) PLANE_ANGLE_UNIT ( ) SI_UNIT ( $, .RADIAN. ) );
#314 = EDGE_CURVE ( 'NONE', #5616, #4490, #5409, .T. ) ;
#315 = SURFACE_STYLE_FILL_AREA ( #8266 ) ;
#316 = SURFACE_STYLE_FILL_AREA ( #4955 ) ;
#317 = EDGE_LOOP ( 'NONE', ( #6658, #7291, #2166, #4069 ) ) ;
#318 = ORIENTED_EDGE ( 'NONE', *, *, #7779, .T. ) ;
#319 = VECTOR ( 'NONE', #7036, 1000.000000000000000 ) ;
#320 = CARTESIAN_POINT ( 'NONE',  ( 0.1035096153846152001, 0.5410000000000000364, -0.5067307692307689848 ) ) ;
#321 = CARTESIAN_POINT ( 'NONE',  ( -0.2562307692307694840, 0.5400000000000000355, -0.4778846153846149636 ) ) ;
#322 = CARTESIAN_POINT ( 'NONE',  ( 0.2901730769230769780, 0.5410000000000000364, -0.4000000000000000222 ) ) ;
#323 = COLOUR_RGB ( '',0.2000000000000000111, 0.2000000000000000111, 0.2000000000000000111 ) ;
#324 =( LENGTH_UNIT ( ) NAMED_UNIT ( * ) SI_UNIT ( .MILLI., .METRE. ) );
#325 = DIRECTION ( 'NONE',  ( 0.000000000000000000, -1.000000000000000000, 0.000000000000000000 ) ) ;
#326 = VERTEX_POINT ( 'NONE', #7370 ) ;
#327 = VERTEX_POINT ( 'NONE', #3458 ) ;
#328 = DIRECTION ( 'NONE',  ( -0.8265142081885040737, 0.000000000000000000, 0.5629158584216029659 ) ) ;
#329 = CARTESIAN_POINT ( 'NONE',  ( -0.1251712639228992063, 0.5410000000000000364, -0.4870872442154009496 ) ) ;
#330 = EDGE_CURVE ( 'NONE', #7883, #2447, #6855, .T. ) ;
#331 =( NAMED_UNIT ( * ) SI_UNIT ( $, .STERADIAN. ) SOLID_ANGLE_UNIT ( ) );
#332 = EDGE_CURVE ( 'NONE', #2291, #8054, #1114, .T. ) ;
#333 =( NAMED_UNIT ( * ) SI_UNIT ( $, .STERADIAN. ) SOLID_ANGLE_UNIT ( ) );
#334 = PLANE ( 'NONE',  #6158 ) ;
#335 = STYLED_ITEM ( 'NONE', ( #3049 ), #6170 ) ;
#336 = CARTESIAN_POINT ( 'NONE',  ( -0.1481892385084158104, 0.5410000000000000364, -0.6261232700638059701 ) ) ;
#337 = AXIS2_PLACEMENT_3D ( 'NONE', #5176, #1237, #7830 ) ;
#338 = VERTEX_POINT ( 'NONE', #6334 ) ;
#339 = CARTESIAN_POINT ( 'NONE',  ( -0.2000000000000000111, 0.2000000000000000111, -0.5000000000000000000 ) ) ;
#340 = SURFACE_STYLE_USAGE ( .BOTH. , #3667 ) ;
#341 = FILL_AREA_STYLE_COLOUR ( '', #4605 ) ;
#342 = PLANE ( 'NONE',  #7612 ) ;
#343 = ORIENTED_EDGE ( 'NONE', *, *, #4610, .F. ) ;
#344 = VECTOR ( 'NONE', #7263, 1000.000000000000114 ) ;
#345 = CARTESIAN_POINT ( 'NONE',  ( -0.1088663097242328071, 0.5400000000000000355, -0.4133012978328154396 ) ) ;
#346 = ORIENTED_EDGE ( 'NONE', *, *, #4502, .F. ) ;
#347 = FACE_OUTER_BOUND ( 'NONE', #187, .T. ) ;
#348 = LINE ( 'NONE', #1796, #5348 ) ;
#349 = CARTESIAN_POINT ( 'NONE',  ( -0.2300183423902394941, 0.5400000000000000355, -0.5267966007727570288 ) ) ;
#350 = VECTOR ( 'NONE', #8593, 1000.000000000000000 ) ;
#351 = MECHANICAL_DESIGN_GEOMETRIC_PRESENTATION_REPRESENTATION (  '', ( #1484 ), #6601 ) ;
#352 = SURFACE_STYLE_USAGE ( .BOTH. , #6871 ) ;
#353 = SURFACE_STYLE_USAGE ( .BOTH. , #2451 ) ;
#354 = LINE ( 'NONE', #1636, #905 ) ;
#355 = SURFACE_STYLE_FILL_AREA ( #6564 ) ;
#356 = DIRECTION ( 'NONE',  ( 0.000000000000000000, 0.000000000000000000, 1.000000000000000000 ) ) ;
#357 = CARTESIAN_POINT ( 'NONE',  ( -0.008990384615384679548, 0.5410000000000000364, -0.5326923076923080203 ) ) ;
#358 = ORIENTED_EDGE ( 'NONE', *, *, #1561, .T. ) ;
#359 = PRESENTATION_LAYER_ASSIGNMENT (  '', '', ( #8552 ) ) ;
#360 = VERTEX_POINT ( 'NONE', #8330 ) ;
#361 = CARTESIAN_POINT ( 'NONE',  ( 0.5500000000000000444, 0.2000000000000000111, -0.2999999999999999889 ) ) ;
#362 =( NAMED_UNIT ( * ) PLANE_ANGLE_UNIT ( ) SI_UNIT ( $, .RADIAN. ) );
#363 = CARTESIAN_POINT ( 'NONE',  ( -0.1000000000000000056, 0.1000000000000000056, 0.7500000000000000000 ) ) ;
#364 = ORIENTED_EDGE ( 'NONE', *, *, #4560, .F. ) ;
#365 = ORIENTED_EDGE ( 'NONE', *, *, #3185, .T. ) ;
#366 = CARTESIAN_POINT ( 'NONE',  ( -0.2000000000000000111, 0.2000000000000000111, 0.5000000000000000000 ) ) ;
#367 = FACE_OUTER_BOUND ( 'NONE', #4633, .T. ) ;
#368 = DIRECTION ( 'NONE',  ( 0.000000000000000000, -1.000000000000000000, 0.000000000000000000 ) ) ;
#369 = CARTESIAN_POINT ( 'NONE',  ( 0.4500000000000000111, 0.2000000000000000111, 0.2999999999999999889 ) ) ;
#370 = ADVANCED_FACE ( 'NONE', ( #5070 ), #6988, .F. ) ;
#371 = CARTESIAN_POINT ( 'NONE',  ( -0.2098905085349820065, 0.5410000000000000364, -0.4380496549953230567 ) ) ;
#372 = EDGE_CURVE ( 'NONE', #2612, #7700, #7071, .T. ) ;
#373 = EDGE_CURVE ( 'NONE', #418, #427, #1953, .T. ) ;
#374 = ORIENTED_EDGE ( 'NONE', *, *, #8088, .F. ) ;
#375 = DIRECTION ( 'NONE',  ( 0.000000000000000000, -1.000000000000000000, 0.000000000000000000 ) ) ;
#376 = CARTESIAN_POINT ( 'NONE',  ( 0.4166652644230769975, 0.5410000000000000364, -0.4494891826923079758 ) ) ;
#377 = DIRECTION ( 'NONE',  ( -0.3470690934460499144, 0.000000000000000000, 0.9378395621717698916 ) ) ;
#378 = FILL_AREA_STYLE ('',( #5687 ) ) ;
#379 = DIRECTION ( 'NONE',  ( -0.000000000000000000, 1.000000000000000000, 0.000000000000000000 ) ) ;
#380 = SURFACE_STYLE_FILL_AREA ( #6989 ) ;
#381 = PRESENTATION_STYLE_ASSIGNMENT (( #2485 ) ) ;
#382 = VERTEX_POINT ( 'NONE', #3618 ) ;
#383 = CARTESIAN_POINT ( 'NONE',  ( 0.4859411057692309965, 0.5410000000000000364, -0.5644230769230770273 ) ) ;
#384 = DIRECTION ( 'NONE',  ( 0.000000000000000000, -1.000000000000000000, 0.000000000000000000 ) ) ;
#385 = ORIENTED_EDGE ( 'NONE', *, *, #5828, .F. ) ;
#386 = CARTESIAN_POINT ( 'NONE',  ( 0.5500000000000000444, 0.2000000000000000111, -0.5000000000000000000 ) ) ;
#387 = DIRECTION ( 'NONE',  ( 0.9378395621717700026, 0.000000000000000000, 0.3470690934460499699 ) ) ;
#388 = STYLED_ITEM ( 'NONE', ( #2368 ), #5459 ) ;
#389 = COLOUR_RGB ( '',0.2000000000000000111, 0.2000000000000000111, 0.2000000000000000111 ) ;
#390 = CARTESIAN_POINT ( 'NONE',  ( -0.7500000000000000000, 0.000000000000000000, -0.2000000000000000111 ) ) ;
#391 = CARTESIAN_POINT ( 'NONE',  ( -0.1213319745702904073, 0.5400000000000000355, -0.4385130903525224499 ) ) ;
#392 = CARTESIAN_POINT ( 'NONE',  ( -0.1646893028846155016, 0.5400000000000000355, -0.4230769230769230171 ) ) ;
#393 = VECTOR ( 'NONE', #842, 1000.000000000000000 ) ;
#394 = DIRECTION ( 'NONE',  ( 0.000000000000000000, 0.000000000000000000, -1.000000000000000000 ) ) ;
#395 =( NAMED_UNIT ( * ) SI_UNIT ( $, .STERADIAN. ) SOLID_ANGLE_UNIT ( ) );
#396 = DIRECTION ( 'NONE',  ( 1.000000000000000000, 0.000000000000000000, 0.000000000000000000 ) ) ;
#397 = FACE_OUTER_BOUND ( 'NONE', #1401, .T. ) ;
#398 =( GEOMETRIC_REPRESENTATION_CONTEXT ( 3 ) GLOBAL_UNCERTAINTY_ASSIGNED_CONTEXT ( ( #7353 ) ) GLOBAL_UNIT_ASSIGNED_CONTEXT ( ( #5023, #1744, #3707 ) ) REPRESENTATION_CONTEXT ( 'NONE', 'WORKASPACE' ) );
#399 =( LENGTH_UNIT ( ) NAMED_UNIT ( * ) SI_UNIT ( .MILLI., .METRE. ) );
#400 = VERTEX_POINT ( 'NONE', #1085 ) ;
#401 = ORIENTED_EDGE ( 'NONE', *, *, #8273, .F. ) ;
#402 = VECTOR ( 'NONE', #5246, 1000.000000000000000 ) ;
#403 = PRESENTATION_STYLE_ASSIGNMENT (( #6355 ) ) ;
#404 =( GEOMETRIC_REPRESENTATION_CONTEXT ( 3 ) GLOBAL_UNCERTAINTY_ASSIGNED_CONTEXT ( ( #2021 ) ) GLOBAL_UNIT_ASSIGNED_CONTEXT ( ( #4338, #5703, #3209 ) ) REPRESENTATION_CONTEXT ( 'NONE', 'WORKASPACE' ) );
#405 = AXIS2_PLACEMENT_3D ( 'NONE', #2136, #4756, #7411 ) ;
#406 = VECTOR ( 'NONE', #3297, 1000.000000000000000 ) ;
#407 = CARTESIAN_POINT ( 'NONE',  ( -0.1556111954799055119, 0.5400000000000000355, -0.4986760786176410165 ) ) ;
#408 = SURFACE_SIDE_STYLE ('',( #7793 ) ) ;
#409 = ORIENTED_EDGE ( 'NONE', *, *, #5028, .T. ) ;
#410 = VERTEX_POINT ( 'NONE', #5020 ) ;
#411 = LINE ( 'NONE', #7702, #7107 ) ;
#412 = SURFACE_STYLE_FILL_AREA ( #7018 ) ;
#413 = CARTESIAN_POINT ( 'NONE',  ( -0.1939898051176195126, 0.5400000000000000355, -0.5089993784926949427 ) ) ;
#414 = ADVANCED_FACE ( 'NONE', ( #2902 ), #3075, .T. ) ;
#415 = FILL_AREA_STYLE_COLOUR ( '', #7531 ) ;
#416 = CARTESIAN_POINT ( 'NONE',  ( -0.1295286200255582054, 0.5400000000000000355, -0.5890215660845430357 ) ) ;
#417 =( NAMED_UNIT ( * ) PLANE_ANGLE_UNIT ( ) SI_UNIT ( $, .RADIAN. ) );
#418 = VERTEX_POINT ( 'NONE', #5726 ) ;
#419 = CARTESIAN_POINT ( 'NONE',  ( 0.4101748798076924607, 0.5400000000000000355, -0.4590895432692309597 ) ) ;
#420 = LINE ( 'NONE', #999, #5306 ) ;
#421 = DIRECTION ( 'NONE',  ( 0.000000000000000000, -1.000000000000000000, 0.000000000000000000 ) ) ;
#422 = EDGE_CURVE ( 'NONE', #7381, #7054, #4936, .T. ) ;
#423 = CARTESIAN_POINT ( 'NONE',  ( -0.2529887950782470085, 0.5410000000000000364, -0.4551998543883949977 ) ) ;
#424 = ORIENTED_EDGE ( 'NONE', *, *, #3777, .T. ) ;
#425 = FACE_OUTER_BOUND ( 'NONE', #2532, .T. ) ;
#426 = CARTESIAN_POINT ( 'NONE',  ( -0.1635174278846155127, 0.5400000000000000355, -0.3971153846153844813 ) ) ;
#427 = VERTEX_POINT ( 'NONE', #7583 ) ;
#428 = DIRECTION ( 'NONE',  ( 0.000000000000000000, -1.000000000000000000, 0.000000000000000000 ) ) ;
#429 = DIRECTION ( 'NONE',  ( 0.000000000000000000, 1.000000000000000000, 0.000000000000000000 ) ) ;
#430 = CARTESIAN_POINT ( 'NONE',  ( -0.2187307692307695062, 0.5410000000000000364, -0.5683443509615390132 ) ) ;
#431 = EDGE_CURVE ( 'NONE', #2372, #4672, #4892, .T. ) ;
#432 = CARTESIAN_POINT ( 'NONE',  ( -0.2186773715399140117, 0.5400000000000000355, -0.5190676944884379251 ) ) ;
#433 = CARTESIAN_POINT ( 'NONE',  ( -0.1120000000000000023, 0.5410000000000000364, -0.4623347355769230060 ) ) ;
#434 = DIRECTION ( 'NONE',  ( 0.000000000000000000, 0.000000000000000000, -1.000000000000000000 ) ) ;
#435 =( LENGTH_UNIT ( ) NAMED_UNIT ( * ) SI_UNIT ( .MILLI., .METRE. ) );
#436 = UNCERTAINTY_MEASURE_WITH_UNIT (LENGTH_MEASURE( 1.000000000000000082E-05 ), #2161, 'distance_accuracy_value', 'NONE');
#437 = DIRECTION ( 'NONE',  ( 1.000000000000000000, 0.000000000000000000, 0.000000000000000000 ) ) ;
#438 = B_SPLINE_SURFACE_WITH_KNOTS ( 'NONE', 3, 1, ( 
 ( #5822, #8470 ),
 ( #2488, #2533 ),
 ( #2442, #7078 ),
 ( #1137, #3123 ),
 ( #5117, #7769 ) ),
 .UNSPECIFIED., .F., .F., .F.,
 ( 4, 1, 4 ),
 ( 2, 2 ),
 ( 0.000000000000000000, 0.5249653267595649764, 1.000000000000000000 ),
 ( 0.000000000000000000, 1.000000000000000000 ),
 .UNSPECIFIED. ) ;
#439 = SURFACE_SIDE_STYLE ('',( #6398 ) ) ;
#440 = EDGE_LOOP ( 'NONE', ( #2290, #4737, #7156, #3526 ) ) ;
#441 = ORIENTED_EDGE ( 'NONE', *, *, #4818, .T. ) ;
#442 = FILL_AREA_STYLE ('',( #2325 ) ) ;
#443 = SURFACE_STYLE_FILL_AREA ( #4395 ) ;
#444 = VECTOR ( 'NONE', #5799, 1000.000000000000000 ) ;
#445 = CARTESIAN_POINT ( 'NONE',  ( -0.2219524653104274770, 0.5410000000000000364, -0.4548157051232600279 ) ) ;
#446 = MECHANICAL_DESIGN_GEOMETRIC_PRESENTATION_REPRESENTATION (  '', ( #3090 ), #8217 ) ;
#447 = UNCERTAINTY_MEASURE_WITH_UNIT (LENGTH_MEASURE( 1.000000000000000082E-05 ), #3296, 'distance_accuracy_value', 'NONE');
#448 = EDGE_CURVE ( 'NONE', #3055, #1945, #7545, .T. ) ;
#449 = VECTOR ( 'NONE', #6381, 1000.000000000000000 ) ;
#450 = EDGE_LOOP ( 'NONE', ( #1472, #4038, #8001, #4085 ) ) ;
#451 = ORIENTED_EDGE ( 'NONE', *, *, #7636, .T. ) ;
#452 = CARTESIAN_POINT ( 'NONE',  ( -0.7500000000000000000, 0.2000000000000000111, 0.5999999999999999778 ) ) ;
#453 = SURFACE_SIDE_STYLE ('',( #1775 ) ) ;
#454 = FILL_AREA_STYLE_COLOUR ( '', #3441 ) ;
#455 = CARTESIAN_POINT ( 'NONE',  ( -0.2186278073775684838, 0.5410000000000000364, -0.5664098487666590076 ) ) ;
#456 = CARTESIAN_POINT ( 'NONE',  ( 0.5500000000000000444, 0.000000000000000000, 0.5000000000000000000 ) ) ;
#457 = STYLED_ITEM ( 'NONE', ( #7345 ), #8340 ) ;
#458 =( NAMED_UNIT ( * ) PLANE_ANGLE_UNIT ( ) SI_UNIT ( $, .RADIAN. ) );
#459 = CARTESIAN_POINT ( 'NONE',  ( -0.1184248417655657942, 0.5400000000000000355, -0.5662972099597489706 ) ) ;
#460 = SURFACE_SIDE_STYLE ('',( #7184 ) ) ;
#461 = EDGE_CURVE ( 'NONE', #7920, #6133, #960, .T. ) ;
#462 = STYLED_ITEM ( 'NONE', ( #5245 ), #5855 ) ;
#463 = ORIENTED_EDGE ( 'NONE', *, *, #7492, .T. ) ;
#464 = PRESENTATION_STYLE_ASSIGNMENT (( #1784 ) ) ;
#465 =( NAMED_UNIT ( * ) PLANE_ANGLE_UNIT ( ) SI_UNIT ( $, .RADIAN. ) );
#466 = AXIS2_PLACEMENT_3D ( 'NONE', #5613, #4952, #437 ) ;
#467 = DIRECTION ( 'NONE',  ( 0.000000000000000000, 0.000000000000000000, 1.000000000000000000 ) ) ;
#468 = CARTESIAN_POINT ( 'NONE',  ( -0.1917896074732469980, 0.5410000000000000364, -0.6261913929388329692 ) ) ;
#469 = PRESENTATION_LAYER_ASSIGNMENT (  '', '', ( #5746 ) ) ;
#470 = EDGE_CURVE ( 'NONE', #2228, #2608, #1000, .T. ) ;
#471 = CARTESIAN_POINT ( 'NONE',  ( -0.2559833218123515053, 0.5410000000000000364, -0.4720121237791889968 ) ) ;
#472 = ORIENTED_EDGE ( 'NONE', *, *, #4043, .F. ) ;
#473 = CARTESIAN_POINT ( 'NONE',  ( 0.7500000000000000000, 1.277032961426900037, 0.5999999999999999778 ) ) ;
#474 = AXIS2_PLACEMENT_3D ( 'NONE', #456, #5102, #3581 ) ;
#475 = ORIENTED_EDGE ( 'NONE', *, *, #4244, .T. ) ;
#476 = LINE ( 'NONE', #8298, #5885 ) ;
#477 = VECTOR ( 'NONE', #3503, 1000.000000000000000 ) ;
#478 = ORIENTED_EDGE ( 'NONE', *, *, #4560, .T. ) ;
#479 = PLANE ( 'NONE',  #8267 ) ;
#480 = DIRECTION ( 'NONE',  ( 0.000000000000000000, -1.000000000000000000, 0.000000000000000000 ) ) ;
#481 = ADVANCED_FACE ( 'NONE', ( #2942 ), #1698, .F. ) ;
#482 = CARTESIAN_POINT ( 'NONE',  ( 0.4500000000000000111, 1.277032961426900037, 0.5000000000000000000 ) ) ;
#483 = PLANE ( 'NONE',  #2836 ) ;
#484 = MECHANICAL_DESIGN_GEOMETRIC_PRESENTATION_REPRESENTATION (  '', ( #4216 ), #1754 ) ;
#485 = CARTESIAN_POINT ( 'NONE',  ( 0.4537596153846150115, 0.5410000000000000364, -0.5644230769230770273 ) ) ;
#486 = ADVANCED_FACE ( 'NONE', ( #650 ), #3159, .T. ) ;
#487 = CARTESIAN_POINT ( 'NONE',  ( -0.1312422729754169903, 0.5400000000000000355, -0.4017943189443630159 ) ) ;
#488 = B_SPLINE_CURVE_WITH_KNOTS ( 'NONE', 3,
 ( #6754, #7442, #1520, #3318, #4701, #6711, #6624 ),
 .UNSPECIFIED., .F., .F.,
 ( 4, 1, 1, 1, 4 ),
 ( 0.000000000000000000, 0.2497991568737069901, 0.4987995531674850325, 0.7486388823030190043, 1.000000000000000000 ),
 .UNSPECIFIED. ) ;
#489 = EDGE_CURVE ( 'NONE', #1984, #4125, #1270, .T. ) ;
#490 = VERTEX_POINT ( 'NONE', #6420 ) ;
#491 = ORIENTED_EDGE ( 'NONE', *, *, #6466, .T. ) ;
#492 = PRESENTATION_LAYER_ASSIGNMENT (  '', '', ( #7012 ) ) ;
#493 =( GEOMETRIC_REPRESENTATION_CONTEXT ( 3 ) GLOBAL_UNCERTAINTY_ASSIGNED_CONTEXT ( ( #7053 ) ) GLOBAL_UNIT_ASSIGNED_CONTEXT ( ( #4742, #4089, #6227 ) ) REPRESENTATION_CONTEXT ( 'NONE', 'WORKASPACE' ) );
#494 =( NAMED_UNIT ( * ) SI_UNIT ( $, .STERADIAN. ) SOLID_ANGLE_UNIT ( ) );
#495 = EDGE_CURVE ( 'NONE', #6012, #3412, #3829, .T. ) ;
#496 = SURFACE_SIDE_STYLE ('',( #7095 ) ) ;
#497 = CARTESIAN_POINT ( 'NONE',  ( -0.1677034652731130004, 0.5400000000000000355, -0.5018848954094270454 ) ) ;
#498 = VECTOR ( 'NONE', #2144, 1000.000000000000000 ) ;
#499 =( GEOMETRIC_REPRESENTATION_CONTEXT ( 3 ) GLOBAL_UNCERTAINTY_ASSIGNED_CONTEXT ( ( #8366 ) ) GLOBAL_UNIT_ASSIGNED_CONTEXT ( ( #4161, #8046, #3468 ) ) REPRESENTATION_CONTEXT ( 'NONE', 'WORKASPACE' ) );
#500 = CARTESIAN_POINT ( 'NONE',  ( -0.2475769230769230000, 0.5410000000000000364, -0.5662710336538460121 ) ) ;
#501 = VERTEX_POINT ( 'NONE', #3246 ) ;
#502 = ORIENTED_EDGE ( 'NONE', *, *, #4717, .T. ) ;
#503 = SURFACE_SIDE_STYLE ('',( #7222 ) ) ;
#504 = CARTESIAN_POINT ( 'NONE',  ( -0.1268085095572016319, 0.5410000000000000364, -0.5860358954617030935 ) ) ;
#505 = LINE ( 'NONE', #3153, #3529 ) ;
#506 = PRESENTATION_LAYER_ASSIGNMENT (  '', '', ( #6479 ) ) ;
#507 = SURFACE_STYLE_USAGE ( .BOTH. , #1822 ) ;
#508 = CARTESIAN_POINT ( 'NONE',  ( 0.000000000000000000, 0.5410000000000000364, 0.000000000000000000 ) ) ;
#509 = CARTESIAN_POINT ( 'NONE',  ( -0.1437216212486727984, 0.5400000000000000355, -0.5979917022299210405 ) ) ;
#510 = DIRECTION ( 'NONE',  ( 0.000000000000000000, -1.000000000000000000, 0.000000000000000000 ) ) ;
#511 = ORIENTED_EDGE ( 'NONE', *, *, #5525, .F. ) ;
#512 = CARTESIAN_POINT ( 'NONE',  ( -0.1481892385084158104, 0.5400000000000000355, -0.6261232700638059701 ) ) ;
#513 = SURFACE_STYLE_USAGE ( .BOTH. , #6470 ) ;
#514 = PRESENTATION_STYLE_ASSIGNMENT (( #3117 ) ) ;
#515 =( LENGTH_UNIT ( ) NAMED_UNIT ( * ) SI_UNIT ( .MILLI., .METRE. ) );
#516 = SURFACE_STYLE_USAGE ( .BOTH. , #7767 ) ;
#517 = B_SPLINE_SURFACE_WITH_KNOTS ( 'NONE', 3, 1, ( 
 ( #1058, #2539 ),
 ( #4594, #5174 ),
 ( #2493, #623 ),
 ( #7828, #8433 ),
 ( #7870, #7127 ),
 ( #8570, #3891 ),
 ( #1191, #7253 ) ),
 .UNSPECIFIED., .F., .F., .F.,
 ( 4, 1, 1, 1, 4 ),
 ( 2, 2 ),
 ( 0.000000000000000000, 0.2497991568737069901, 0.4987995531674850325, 0.7486388823030190043, 1.000000000000000000 ),
 ( 0.000000000000000000, 1.000000000000000000 ),
 .UNSPECIFIED. ) ;
#518 = LINE ( 'NONE', #3832, #40 ) ;
#519 = CARTESIAN_POINT ( 'NONE',  ( -0.1158049793223726032, 0.5400000000000000355, -0.5160455977360030033 ) ) ;
#520 = ORIENTED_EDGE ( 'NONE', *, *, #851, .F. ) ;
#521 = CARTESIAN_POINT ( 'NONE',  ( -0.1966271197203829924, 0.5400000000000000355, -0.4007371333623869769 ) ) ;
#522 = EDGE_LOOP ( 'NONE', ( #365, #3566, #6777, #409 ) ) ;
#523 = SURFACE_SIDE_STYLE ('',( #3628 ) ) ;
#524 = LINE ( 'NONE', #3088, #5255 ) ;
#525 = CARTESIAN_POINT ( 'NONE',  ( -0.1972595760692220090, 0.5400000000000000355, -0.4299035404304354935 ) ) ;
#526 = EDGE_CURVE ( 'NONE', #2664, #1116, #5774, .T. ) ;
#527 = DIRECTION ( 'NONE',  ( 0.000000000000000000, 0.000000000000000000, 1.000000000000000000 ) ) ;
#528 = UNCERTAINTY_MEASURE_WITH_UNIT (LENGTH_MEASURE( 1.000000000000000082E-05 ), #748, 'distance_accuracy_value', 'NONE');
#529 = PRESENTATION_STYLE_ASSIGNMENT (( #2017 ) ) ;
#530 = CARTESIAN_POINT ( 'NONE',  ( -0.1597242219722259937, 0.5410000000000000364, -0.3972076651546054826 ) ) ;
#531 = VECTOR ( 'NONE', #2646, 1000.000000000000000 ) ;
#532 = ORIENTED_EDGE ( 'NONE', *, *, #1625, .T. ) ;
#533 = VERTEX_POINT ( 'NONE', #8421 ) ;
#534 =( NAMED_UNIT ( * ) SI_UNIT ( $, .STERADIAN. ) SOLID_ANGLE_UNIT ( ) );
#535 = FACE_OUTER_BOUND ( 'NONE', #7055, .T. ) ;
#536 = EDGE_CURVE ( 'NONE', #3061, #2188, #5863, .T. ) ;
#537 = CARTESIAN_POINT ( 'NONE',  ( 0.2901730769230769780, 0.5410000000000000364, -0.4548076923076930234 ) ) ;
#538 = VECTOR ( 'NONE', #6074, 1000.000000000000000 ) ;
#539 = EDGE_CURVE ( 'NONE', #6519, #1224, #5204, .T. ) ;
#540 = STYLED_ITEM ( 'NONE', ( #6515 ), #3917 ) ;
#541 = CARTESIAN_POINT ( 'NONE',  ( 0.2500000000000000000, 0.2000000000000000111, -0.7510000000000000009 ) ) ;
#542 = CARTESIAN_POINT ( 'NONE',  ( -0.1832012140673210110, 0.5410000000000000364, -0.5364583322110730856 ) ) ;
#543 = VERTEX_POINT ( 'NONE', #2603 ) ;
#544 = ORIENTED_EDGE ( 'NONE', *, *, #2502, .F. ) ;
#545 = DIRECTION ( 'NONE',  ( 0.5842149830377210140, 0.000000000000000000, -0.8115989487389910773 ) ) ;
#546 = MECHANICAL_DESIGN_GEOMETRIC_PRESENTATION_REPRESENTATION (  '', ( #4847 ), #4697 ) ;
#547 = EDGE_CURVE ( 'NONE', #2916, #840, #3875, .T. ) ;
#548 = DIRECTION ( 'NONE',  ( 0.000000000000000000, -1.000000000000000000, 0.000000000000000000 ) ) ;
#549 = MECHANICAL_DESIGN_GEOMETRIC_PRESENTATION_REPRESENTATION (  '', ( #4840 ), #7196 ) ;
#550 = DIRECTION ( 'NONE',  ( -1.000000000000000000, 0.000000000000000000, 0.000000000000000000 ) ) ;
#551 = EDGE_CURVE ( 'NONE', #5378, #6153, #763, .T. ) ;
#552 = CARTESIAN_POINT ( 'NONE',  ( 0.2642115384615384976, 0.5400000000000000355, -0.4548076923076930234 ) ) ;
#553 = COLOUR_RGB ( '',0.2000000000000000111, 0.2000000000000000111, 0.2000000000000000111 ) ;
#554 = CARTESIAN_POINT ( 'NONE',  ( 0.1035096153846152001, 0.5410000000000000364, -0.5326923076923080203 ) ) ;
#555 = VERTEX_POINT ( 'NONE', #17 ) ;
#556 = STYLED_ITEM ( 'NONE', ( #514 ), #486 ) ;
#557 = DIRECTION ( 'NONE',  ( 1.000000000000000000, 0.000000000000000000, -5.421010862427530059E-16 ) ) ;
#558 = CARTESIAN_POINT ( 'NONE',  ( -0.008990384615384679548, 0.5410000000000000364, -0.5326923076923080203 ) ) ;
#559 =( LENGTH_UNIT ( ) NAMED_UNIT ( * ) SI_UNIT ( .MILLI., .METRE. ) );
#560 = CARTESIAN_POINT ( 'NONE',  ( -0.08327110984146508799, 0.5400000000000000355, -0.4667740546529859924 ) ) ;
#561 = EDGE_LOOP ( 'NONE', ( #7384, #2203, #7144 ) ) ;
#562 = FILL_AREA_STYLE ('',( #3836 ) ) ;
#563 = ORIENTED_EDGE ( 'NONE', *, *, #2759, .T. ) ;
#564 = CARTESIAN_POINT ( 'NONE',  ( -0.1706457404752509954, 0.5400000000000000355, -0.3971766855526644990 ) ) ;
#565 = ORIENTED_EDGE ( 'NONE', *, *, #8088, .T. ) ;
#566 = CARTESIAN_POINT ( 'NONE',  ( -0.1427688479722765968, 0.5400000000000000355, -0.4258837717872879791 ) ) ;
#567 = CARTESIAN_POINT ( 'NONE',  ( -0.1966271197203829924, 0.5400000000000000355, -0.4007371333623869769 ) ) ;
#568 = SURFACE_STYLE_USAGE ( .BOTH. , #5962 ) ;
#569 = STYLED_ITEM ( 'NONE', ( #7691 ), #3091 ) ;
#570 = SURFACE_STYLE_USAGE ( .BOTH. , #705 ) ;
#571 = DIRECTION ( 'NONE',  ( 0.000000000000000000, -1.000000000000000000, 0.000000000000000000 ) ) ;
#572 =( LENGTH_UNIT ( ) NAMED_UNIT ( * ) SI_UNIT ( .MILLI., .METRE. ) );
#573 = LINE ( 'NONE', #1327, #6035 ) ;
#574 = LINE ( 'NONE', #7871, #2969 ) ;
#575 = EDGE_LOOP ( 'NONE', ( #6081, #5047, #7092, #1739 ) ) ;
#576 = COLOUR_RGB ( '',0.2509803921568627416, 0.2509803921568627416, 0.2509803921568627416 ) ;
#577 = ORIENTED_EDGE ( 'NONE', *, *, #1717, .T. ) ;
#578 = EDGE_CURVE ( 'NONE', #3607, #637, #155, .T. ) ;
#579 = CARTESIAN_POINT ( 'NONE',  ( 0.2500000000000000000, 0.2000000000000000111, -0.7510000000000000009 ) ) ;
#580 = EDGE_CURVE ( 'NONE', #2753, #7733, #6156, .T. ) ;
#581 = ADVANCED_FACE ( 'NONE', ( #6758 ), #7407, .T. ) ;
#582 = FILL_AREA_STYLE_COLOUR ( '', #4891 ) ;
#583 = CARTESIAN_POINT ( 'NONE',  ( -0.1734169218615344843, 0.5400000000000000355, -0.4233358802117255237 ) ) ;
#584 = AXIS2_PLACEMENT_3D ( 'NONE', #7724, #1099, #1798 ) ;
#585 = CARTESIAN_POINT ( 'NONE',  ( -0.2267019234665330063, 0.5400000000000000355, -0.6109604903296570466 ) ) ;
#586 = ORIENTED_EDGE ( 'NONE', *, *, #332, .F. ) ;
#587 = EDGE_LOOP ( 'NONE', ( #6297, #3464, #1848, #3054 ) ) ;
#588 = CARTESIAN_POINT ( 'NONE',  ( 0.2901730769230769780, 0.5410000000000000364, -0.4548076923076930234 ) ) ;
#589 = ADVANCED_FACE ( 'NONE', ( #3965 ), #5503, .T. ) ;
#590 =( NAMED_UNIT ( * ) PLANE_ANGLE_UNIT ( ) SI_UNIT ( $, .RADIAN. ) );
#591 = CARTESIAN_POINT ( 'NONE',  ( 0.2500000000000000000, 0.2000000000000000111, 0.7510000000000000009 ) ) ;
#592 = SURFACE_STYLE_FILL_AREA ( #3868 ) ;
#593 = PRESENTATION_STYLE_ASSIGNMENT (( #644 ) ) ;
#594 = EDGE_CURVE ( 'NONE', #2948, #6584, #6669, .T. ) ;
#595 = COLOUR_RGB ( '',0.2000000000000000111, 0.2000000000000000111, 0.2000000000000000111 ) ;
#596 = CARTESIAN_POINT ( 'NONE',  ( 0.3354903846153844960, 0.5410000000000000364, -0.4000000000000000222 ) ) ;
#597 = AXIS2_PLACEMENT_3D ( 'NONE', #4879, #3013, #5673 ) ;
#598 = CARTESIAN_POINT ( 'NONE',  ( 0.2642115384615384976, 0.5400000000000000355, -0.5717698317307690070 ) ) ;
#599 = EDGE_CURVE ( 'NONE', #5920, #6096, #2083, .T. ) ;
#600 = ORIENTED_EDGE ( 'NONE', *, *, #8273, .T. ) ;
#601 = CARTESIAN_POINT ( 'NONE',  ( -0.1082569494533511950, 0.5400000000000000355, -0.6071147841117320310 ) ) ;
#602 = ADVANCED_FACE ( 'NONE', ( #107 ), #730, .F. ) ;
#603 = SURFACE_SIDE_STYLE ('',( #8590 ) ) ;
#604 = SURFACE_SIDE_STYLE ('',( #7189 ) ) ;
#605 = SURFACE_SIDE_STYLE ('',( #8465 ) ) ;
#606 =( LENGTH_UNIT ( ) NAMED_UNIT ( * ) SI_UNIT ( .MILLI., .METRE. ) );
#607 = AXIS2_PLACEMENT_3D ( 'NONE', #7202, #4587, #2613 ) ;
#608 = SURFACE_STYLE_USAGE ( .BOTH. , #5868 ) ;
#609 = LINE ( 'NONE', #2607, #1107 ) ;
#610 = ORIENTED_EDGE ( 'NONE', *, *, #5196, .T. ) ;
#611 = PRESENTATION_STYLE_ASSIGNMENT (( #1179 ) ) ;
#612 = STYLED_ITEM ( 'NONE', ( #1388 ), #8243 ) ;
#613 = EDGE_LOOP ( 'NONE', ( #5716, #7893, #1599, #2282 ) ) ;
#614 = CARTESIAN_POINT ( 'NONE',  ( -0.1775772456929095022, 0.5400000000000000355, -0.3976516140232365104 ) ) ;
#615 = ORIENTED_EDGE ( 'NONE', *, *, #7313, .T. ) ;
#616 = CARTESIAN_POINT ( 'NONE',  ( -0.1122021815697672037, 0.5400000000000000355, -0.4573793852214829703 ) ) ;
#617 = LINE ( 'NONE', #4545, #8174 ) ;
#618 = DIRECTION ( 'NONE',  ( 1.000000000000000000, 0.000000000000000000, -1.445602896647340100E-15 ) ) ;
#619 = CARTESIAN_POINT ( 'NONE',  ( 0.5890251490847639992, 0.5400000000000000355, -0.5954050832808689409 ) ) ;
#620 =( GEOMETRIC_REPRESENTATION_CONTEXT ( 3 ) GLOBAL_UNCERTAINTY_ASSIGNED_CONTEXT ( ( #7128 ) ) GLOBAL_UNIT_ASSIGNED_CONTEXT ( ( #2748, #5397, #8050 ) ) REPRESENTATION_CONTEXT ( 'NONE', 'WORKASPACE' ) );
#621 = CARTESIAN_POINT ( 'NONE',  ( -0.7500000000000000000, 0.5400000000000000355, 0.7500000000000000000 ) ) ;
#622 = CARTESIAN_POINT ( 'NONE',  ( -0.1635174278846155127, 0.5410000000000000364, -0.3971153846153844813 ) ) ;
#623 = CARTESIAN_POINT ( 'NONE',  ( 0.5871937645863040123, 0.5400000000000000355, -0.5881499448966689414 ) ) ;
#624 = COLOUR_RGB ( '',0.2000000000000000111, 0.2000000000000000111, 0.2000000000000000111 ) ;
#625 = DIRECTION ( 'NONE',  ( 1.000000000000000000, 0.000000000000000000, -2.168404344971010446E-15 ) ) ;
#626 = VECTOR ( 'NONE', #6912, 1000.000000000000000 ) ;
#627 = ORIENTED_EDGE ( 'NONE', *, *, #7597, .T. ) ;
#628 = EDGE_LOOP ( 'NONE', ( #1009, #3672, #3910, #3423, #7652, #941, #565, #3549 ) ) ;
#629 = UNCERTAINTY_MEASURE_WITH_UNIT (LENGTH_MEASURE( 1.000000000000000082E-05 ), #7312, 'distance_accuracy_value', 'NONE');
#630 =( GEOMETRIC_REPRESENTATION_CONTEXT ( 3 ) GLOBAL_UNCERTAINTY_ASSIGNED_CONTEXT ( ( #1770 ) ) GLOBAL_UNIT_ASSIGNED_CONTEXT ( ( #7038, #5785, #8392 ) ) REPRESENTATION_CONTEXT ( 'NONE', 'WORKASPACE' ) );
#631 = DIRECTION ( 'NONE',  ( 0.000000000000000000, -1.000000000000000000, 0.000000000000000000 ) ) ;
#632 =( NAMED_UNIT ( * ) PLANE_ANGLE_UNIT ( ) SI_UNIT ( $, .RADIAN. ) );
#633 = FILL_AREA_STYLE_COLOUR ( '', #2636 ) ;
#634 = CARTESIAN_POINT ( 'NONE',  ( -0.2151825633105679814, 0.5410000000000000364, -0.6182964261535379702 ) ) ;
#635 = MECHANICAL_DESIGN_GEOMETRIC_PRESENTATION_REPRESENTATION (  '', ( #3389 ), #5482 ) ;
#636 = ORIENTED_EDGE ( 'NONE', *, *, #5645, .T. ) ;
#637 = VERTEX_POINT ( 'NONE', #6369 ) ;
#638 = SURFACE_STYLE_USAGE ( .BOTH. , #8448 ) ;
#639 = CARTESIAN_POINT ( 'NONE',  ( -0.2230977608094050213, 0.5400000000000000355, -0.6135917818101600529 ) ) ;
#640 = UNCERTAINTY_MEASURE_WITH_UNIT (LENGTH_MEASURE( 1.000000000000000082E-05 ), #6427, 'distance_accuracy_value', 'NONE');
#641 = PLANE ( 'NONE',  #4902 ) ;
#642 =( GEOMETRIC_REPRESENTATION_CONTEXT ( 3 ) GLOBAL_UNCERTAINTY_ASSIGNED_CONTEXT ( ( #1159 ) ) GLOBAL_UNIT_ASSIGNED_CONTEXT ( ( #7494, #2251, #6804 ) ) REPRESENTATION_CONTEXT ( 'NONE', 'WORKASPACE' ) );
#643 = AXIS2_PLACEMENT_3D ( 'NONE', #984, #1556, #5576 ) ;
#644 = SURFACE_STYLE_USAGE ( .BOTH. , #6828 ) ;
#645 = LINE ( 'NONE', #1345, #3311 ) ;
#646 = VERTEX_POINT ( 'NONE', #6322 ) ;
#647 = CARTESIAN_POINT ( 'NONE',  ( -0.1378215526205733843, 0.5400000000000000355, -0.6235853544584469832 ) ) ;
#648 = DIRECTION ( 'NONE',  ( 1.000000000000000000, 0.000000000000000000, 0.000000000000000000 ) ) ;
#649 = MECHANICAL_DESIGN_GEOMETRIC_PRESENTATION_REPRESENTATION (  '', ( #72 ), #7426 ) ;
#650 = FACE_OUTER_BOUND ( 'NONE', #8131, .T. ) ;
#651 = CARTESIAN_POINT ( 'NONE',  ( 0.000000000000000000, 0.2000000000000000111, 0.000000000000000000 ) ) ;
#652 = PLANE ( 'NONE',  #3798 ) ;
#653 = ADVANCED_FACE ( 'NONE', ( #367 ), #2320, .T. ) ;
#654 = EDGE_LOOP ( 'NONE', ( #7303, #6387, #7068, #6206 ) ) ;
#655 = PLANE ( 'NONE',  #2350 ) ;
#656 = LINE ( 'NONE', #1223, #2078 ) ;
#657 = EDGE_LOOP ( 'NONE', ( #7945, #3106, #3883, #4174, #965, #4702 ) ) ;
#658 = CARTESIAN_POINT ( 'NONE',  ( -0.1088663097242328071, 0.5410000000000000364, -0.4133012978328154396 ) ) ;
#659 = ADVANCED_FACE ( 'NONE', ( #908 ), #238, .F. ) ;
#660 = CARTESIAN_POINT ( 'NONE',  ( -0.2308015918941705158, 0.5400000000000000355, -0.4183575532148940401 ) ) ;
#661 = PRESENTATION_STYLE_ASSIGNMENT (( #6638 ) ) ;
#662 = FILL_AREA_STYLE ('',( #6530 ) ) ;
#663 = CARTESIAN_POINT ( 'NONE',  ( -0.2000000000000000111, 0.2000000000000000111, -0.5000000000000000000 ) ) ;
#664 = B_SPLINE_CURVE_WITH_KNOTS ( 'NONE', 3,
 ( #8154, #3367, #7286, #2729, #868, #5375, #1440, #2694, #5996, #4671, #8024, #7987, #2138, #3971, #2777, #4708, #6125, #1355, #5419 ),
 .UNSPECIFIED., .F., .F.,
 ( 4, 1, 1, 1, 1, 1, 1, 1, 1, 1, 1, 1, 1, 1, 1, 1, 4 ),
 ( 0.000000000000000000, 0.09259083467514050980, 0.1793971048328795170, 0.2599509377347619665, 0.3347048696520185107, 0.4048003192398595407, 0.4699258369586039596, 0.5313573245724990679, 0.5898771355290300944, 0.6458284645049230388, 0.6994166009501400216, 0.7502368069511339277, 0.8001871430640540295, 0.8498763051487080444, 0.8992567071038830573, 0.9485769764691510675, 1.000000000000000000 ),
 .UNSPECIFIED. ) ;
#665 = EDGE_LOOP ( 'NONE', ( #7466, #1932, #1105, #175 ) ) ;
#666 = ORIENTED_EDGE ( 'NONE', *, *, #4542, .F. ) ;
#667 = DIRECTION ( 'NONE',  ( 0.000000000000000000, -1.000000000000000000, 0.000000000000000000 ) ) ;
#668 =( LENGTH_UNIT ( ) NAMED_UNIT ( * ) SI_UNIT ( .MILLI., .METRE. ) );
#669 =( NAMED_UNIT ( * ) SI_UNIT ( $, .STERADIAN. ) SOLID_ANGLE_UNIT ( ) );
#670 = MECHANICAL_DESIGN_GEOMETRIC_PRESENTATION_REPRESENTATION (  '', ( #7755 ), #4262 ) ;
#671 = CARTESIAN_POINT ( 'NONE',  ( 0.2500000000000000000, 0.2000000000000000111, 0.7510000000000000009 ) ) ;
#672 = CARTESIAN_POINT ( 'NONE',  ( -0.2454160027391934507, 0.5400000000000000355, -0.5827468965645959953 ) ) ;
#673 = ORIENTED_EDGE ( 'NONE', *, *, #7431, .T. ) ;
#674 = ORIENTED_EDGE ( 'NONE', *, *, #2773, .F. ) ;
#675 = CARTESIAN_POINT ( 'NONE',  ( -0.1814811494251569735, 0.5400000000000000355, -0.6275856213175829978 ) ) ;
#676 =( GEOMETRIC_REPRESENTATION_CONTEXT ( 3 ) GLOBAL_UNCERTAINTY_ASSIGNED_CONTEXT ( ( #35 ) ) GLOBAL_UNIT_ASSIGNED_CONTEXT ( ( #6955, #1014, #5036 ) ) REPRESENTATION_CONTEXT ( 'NONE', 'WORKASPACE' ) );
#677 = UNCERTAINTY_MEASURE_WITH_UNIT (LENGTH_MEASURE( 1.000000000000000082E-05 ), #3287, 'distance_accuracy_value', 'NONE');
#678 = FACE_OUTER_BOUND ( 'NONE', #7443, .T. ) ;
#679 = CARTESIAN_POINT ( 'NONE',  ( -0.2000000000000000111, 0.2000000000000000111, -0.2500000000000000000 ) ) ;
#680 = VECTOR ( 'NONE', #4778, 1000.000000000000000 ) ;
#681 = DIRECTION ( 'NONE',  ( 0.000000000000000000, 0.000000000000000000, 1.000000000000000000 ) ) ;
#682 = UNCERTAINTY_MEASURE_WITH_UNIT (LENGTH_MEASURE( 1.000000000000000082E-05 ), #6653, 'distance_accuracy_value', 'NONE');
#683 = LINE ( 'NONE', #2685, #1938 ) ;
#684 = VECTOR ( 'NONE', #3935, 1000.000000000000000 ) ;
#685 = ORIENTED_EDGE ( 'NONE', *, *, #7654, .F. ) ;
#686 = CARTESIAN_POINT ( 'NONE',  ( -0.1296895464892571792, 0.5400000000000000355, -0.6207036992356020910 ) ) ;
#687 =( NAMED_UNIT ( * ) PLANE_ANGLE_UNIT ( ) SI_UNIT ( $, .RADIAN. ) );
#688 = STYLED_ITEM ( 'NONE', ( #2570 ), #3397 ) ;
#689 = EDGE_CURVE ( 'NONE', #5918, #5751, #4881, .T. ) ;
#690 = CARTESIAN_POINT ( 'NONE',  ( 0.7500000000000000000, 1.277032961426900037, -0.5999999999999999778 ) ) ;
#691 = EDGE_CURVE ( 'NONE', #5226, #4456, #8413, .T. ) ;
#692 = AXIS2_PLACEMENT_3D ( 'NONE', #554, #1956, #5156 ) ;
#693 = CARTESIAN_POINT ( 'NONE',  ( 0.7500000000000000000, 0.000000000000000000, -0.2000000000000000111 ) ) ;
#694 = VECTOR ( 'NONE', #5452, 1000.000000000000114 ) ;
#695 = EDGE_LOOP ( 'NONE', ( #930, #6425, #948, #8338 ) ) ;
#696 = LINE ( 'NONE', #2046, #3439 ) ;
#697 = CARTESIAN_POINT ( 'NONE',  ( -0.03783653846153854639, 0.5410000000000000364, -0.6250000000000000000 ) ) ;
#698 = VECTOR ( 'NONE', #79, 1000.000000000000000 ) ;
#699 = EDGE_LOOP ( 'NONE', ( #6880, #8559, #1900, #3839, #3956, #3909 ) ) ;
#700 = EDGE_LOOP ( 'NONE', ( #8524, #385, #5007 ) ) ;
#701 = CARTESIAN_POINT ( 'NONE',  ( -0.08857062481628411033, 0.5410000000000000364, -0.4381447206664055294 ) ) ;
#702 = DIRECTION ( 'NONE',  ( 0.000000000000000000, -1.000000000000000000, 0.000000000000000000 ) ) ;
#703 = EDGE_CURVE ( 'NONE', #8252, #3127, #3342, .T. ) ;
#704 = DIRECTION ( 'NONE',  ( 1.000000000000000000, 0.000000000000000000, 0.000000000000000000 ) ) ;
#705 = SURFACE_SIDE_STYLE ('',( #6605 ) ) ;
#706 = CARTESIAN_POINT ( 'NONE',  ( -0.2000000000000000111, 0.000000000000000000, -0.5000000000000000000 ) ) ;
#707 =( LENGTH_UNIT ( ) NAMED_UNIT ( * ) SI_UNIT ( .MILLI., .METRE. ) );
#708 = ORIENTED_EDGE ( 'NONE', *, *, #3904, .T. ) ;
#709 = ADVANCED_FACE ( 'NONE', ( #6057 ), #3989, .T. ) ;
#710 = VERTEX_POINT ( 'NONE', #6411 ) ;
#711 =( NAMED_UNIT ( * ) SI_UNIT ( $, .STERADIAN. ) SOLID_ANGLE_UNIT ( ) );
#712 = SURFACE_SIDE_STYLE ('',( #6061 ) ) ;
#713 = COLOUR_RGB ( '',0.6470588235294117974, 0.5176470588235293491, 0.000000000000000000 ) ;
#714 = FILL_AREA_STYLE ('',( #7172 ) ) ;
#715 = CARTESIAN_POINT ( 'NONE',  ( -0.2044128039268084951, 0.5410000000000000364, -0.5124955095275449679 ) ) ;
#716 = CARTESIAN_POINT ( 'NONE',  ( -0.2390456499609709962, 0.5400000000000000355, -0.5967934510919550295 ) ) ;
#717 = ORIENTED_EDGE ( 'NONE', *, *, #4077, .T. ) ;
#718 = ORIENTED_EDGE ( 'NONE', *, *, #753, .T. ) ;
#719 = UNCERTAINTY_MEASURE_WITH_UNIT (LENGTH_MEASURE( 1.000000000000000082E-05 ), #6207, 'distance_accuracy_value', 'NONE');
#720 = MECHANICAL_DESIGN_GEOMETRIC_PRESENTATION_REPRESENTATION (  '', ( #8345 ), #3476 ) ;
#721 = DIRECTION ( 'NONE',  ( 0.000000000000000000, 0.000000000000000000, -1.000000000000000000 ) ) ;
#722 = CARTESIAN_POINT ( 'NONE',  ( -0.09465713397009070662, 0.5410000000000000364, -0.4989704618446508810 ) ) ;
#723 = SURFACE_STYLE_USAGE ( .BOTH. , #7400 ) ;
#724 = ADVANCED_FACE ( 'NONE', ( #1818 ), #2471, .T. ) ;
#725 = LINE ( 'NONE', #7936, #2891 ) ;
#726 = AXIS2_PLACEMENT_3D ( 'NONE', #5303, #1928, #7999 ) ;
#727 = VERTEX_POINT ( 'NONE', #6779 ) ;
#728 = FACE_OUTER_BOUND ( 'NONE', #613, .T. ) ;
#729 = PLANE ( 'NONE',  #7957 ) ;
#730 = CYLINDRICAL_SURFACE ( 'NONE', #6513, 0.1000000000000000472 ) ;
#731 =( NAMED_UNIT ( * ) SI_UNIT ( $, .STERADIAN. ) SOLID_ANGLE_UNIT ( ) );
#732 = AXIS2_PLACEMENT_3D ( 'NONE', #929, #4070, #5478 ) ;
#733 = DIRECTION ( 'NONE',  ( 1.000000000000000000, 0.000000000000000000, 0.000000000000000000 ) ) ;
#734 = EDGE_CURVE ( 'NONE', #5033, #8269, #2015, .T. ) ;
#735 = LINE ( 'NONE', #2812, #2749 ) ;
#736 = ORIENTED_EDGE ( 'NONE', *, *, #1611, .T. ) ;
#737 = CARTESIAN_POINT ( 'NONE',  ( -0.2561477756849380172, 0.5400000000000000355, -0.4759149892542829385 ) ) ;
#738 = EDGE_LOOP ( 'NONE', ( #7006, #1289, #6750, #5541 ) ) ;
#739 = FACE_OUTER_BOUND ( 'NONE', #2458, .T. ) ;
#740 = COLOUR_RGB ( '',0.2509803921568627416, 0.2509803921568627416, 0.2509803921568627416 ) ;
#741 = CARTESIAN_POINT ( 'NONE',  ( 0.000000000000000000, 0.1000000000000000056, 0.000000000000000000 ) ) ;
#742 = CARTESIAN_POINT ( 'NONE',  ( -0.2454160027391934507, 0.5410000000000000364, -0.5827468965645959953 ) ) ;
#743 = CARTESIAN_POINT ( 'NONE',  ( -0.2000000000000000111, 1.277032961426900037, -0.5000000000000000000 ) ) ;
#744 = DIRECTION ( 'NONE',  ( 0.000000000000000000, -1.000000000000000000, 0.000000000000000000 ) ) ;
#745 = UNCERTAINTY_MEASURE_WITH_UNIT (LENGTH_MEASURE( 1.000000000000000082E-05 ), #7914, 'distance_accuracy_value', 'NONE');
#746 = FILL_AREA_STYLE_COLOUR ( '', #4446 ) ;
#747 =( GEOMETRIC_REPRESENTATION_CONTEXT ( 3 ) GLOBAL_UNCERTAINTY_ASSIGNED_CONTEXT ( ( #3725 ) ) GLOBAL_UNIT_ASSIGNED_CONTEXT ( ( #815, #775, #3405 ) ) REPRESENTATION_CONTEXT ( 'NONE', 'WORKASPACE' ) );
#748 =( LENGTH_UNIT ( ) NAMED_UNIT ( * ) SI_UNIT ( .MILLI., .METRE. ) );
#749 = FILL_AREA_STYLE_COLOUR ( '', #2541 ) ;
#750 = ORIENTED_EDGE ( 'NONE', *, *, #7276, .F. ) ;
#751 = ORIENTED_EDGE ( 'NONE', *, *, #2038, .F. ) ;
#752 = CARTESIAN_POINT ( 'NONE',  ( -0.1193739557274629964, 0.5400000000000000355, -0.5708751792676950432 ) ) ;
#753 = EDGE_CURVE ( 'NONE', #4376, #1501, #6824, .T. ) ;
#754 = DIRECTION ( 'NONE',  ( -1.000000000000000000, 0.000000000000000000, 1.445602896647339903E-16 ) ) ;
#755 = VECTOR ( 'NONE', #4261, 999.9999999999998863 ) ;
#756 =( NAMED_UNIT ( * ) SI_UNIT ( $, .STERADIAN. ) SOLID_ANGLE_UNIT ( ) );
#757 = PRESENTATION_LAYER_ASSIGNMENT (  '', '', ( #1736 ) ) ;
#758 = EDGE_CURVE ( 'NONE', #4447, #7883, #6179, .T. ) ;
#759 = B_SPLINE_CURVE_WITH_KNOTS ( 'NONE', 3,
 ( #8296, #1092, #3675, #6341, #8255, #1008, #8337, #2312, #6993, #6295, #345, #4418, #2356, #5030, #4379, #5649, #4987, #3714, #426 ),
 .UNSPECIFIED., .F., .F.,
 ( 4, 1, 1, 1, 1, 1, 1, 1, 1, 1, 1, 1, 1, 1, 1, 1, 4 ),
 ( 0.000000000000000000, 0.07553837340051890170, 0.1498854916411914151, 0.2258141755194069955, 0.3038001418451710123, 0.3435599316799964886, 0.3831447373253785149, 0.4227841908135854809, 0.4627069812006890381, 0.5033781343516959828, 0.5448507755346719827, 0.5871273664961490502, 0.6305003314922320579, 0.7191107335206790019, 0.8094579908807919555, 0.9025214665478270559, 1.000000000000000000 ),
 .UNSPECIFIED. ) ;
#760 = DIRECTION ( 'NONE',  ( 0.000000000000000000, -1.000000000000000000, 0.000000000000000000 ) ) ;
#761 = EDGE_CURVE ( 'NONE', #1585, #7519, #5437, .T. ) ;
#762 = CARTESIAN_POINT ( 'NONE',  ( -0.5500000000000000444, 0.2000000000000000111, 0.5000000000000000000 ) ) ;
#763 = B_SPLINE_CURVE_WITH_KNOTS ( 'NONE', 3,
 ( #7896, #1961, #7446, #816, #1525, #5991, #8113, #2770, #8018, #4849, #2727, #3321, #4140, #4667, #5326 ),
 .UNSPECIFIED., .F., .F.,
 ( 4, 1, 1, 1, 1, 1, 1, 1, 1, 1, 1, 1, 4 ),
 ( 0.000000000000000000, 0.1064867511987897947, 0.2071202954922194972, 0.3031905990350244884, 0.3961960368495939799, 0.4844883122665999964, 0.5667181480057800202, 0.6450417943492439132, 0.7209397263984730353, 0.7944785551007599311, 0.8646024331627029103, 0.9327817306265739905, 1.000000000000000000 ),
 .UNSPECIFIED. ) ;
#764 = ORIENTED_EDGE ( 'NONE', *, *, #4073, .F. ) ;
#765 = VERTEX_POINT ( 'NONE', #305 ) ;
#766 = EDGE_CURVE ( 'NONE', #1836, #5413, #3551, .T. ) ;
#767 = DIRECTION ( 'NONE',  ( 0.000000000000000000, -1.000000000000000000, 0.000000000000000000 ) ) ;
#768 = DIRECTION ( 'NONE',  ( 1.000000000000000000, 0.000000000000000000, 0.000000000000000000 ) ) ;
#769 =( NAMED_UNIT ( * ) SI_UNIT ( $, .STERADIAN. ) SOLID_ANGLE_UNIT ( ) );
#770 = LINE ( 'NONE', #7935, #5543 ) ;
#771 = UNCERTAINTY_MEASURE_WITH_UNIT (LENGTH_MEASURE( 1.000000000000000082E-05 ), #5696, 'distance_accuracy_value', 'NONE');
#772 = VECTOR ( 'NONE', #3010, 1000.000000000000000 ) ;
#773 = EDGE_LOOP ( 'NONE', ( #3734, #1771, #2691, #4852 ) ) ;
#774 = CARTESIAN_POINT ( 'NONE',  ( -0.1117264113697670064, 0.5400000000000000355, -0.6101347824485049420 ) ) ;
#775 =( NAMED_UNIT ( * ) PLANE_ANGLE_UNIT ( ) SI_UNIT ( $, .RADIAN. ) );
#776 = SURFACE_SIDE_STYLE ('',( #2173 ) ) ;
#777 = VECTOR ( 'NONE', #3247, 1000.000000000000000 ) ;
#778 = COLOUR_RGB ( '',0.2509803921568627416, 0.2509803921568627416, 0.2509803921568627416 ) ;
#779 = PLANE ( 'NONE',  #405 ) ;
#780 = DIRECTION ( 'NONE',  ( 9.293161478447180018E-16, 0.000000000000000000, 1.000000000000000000 ) ) ;
#781 = MECHANICAL_DESIGN_GEOMETRIC_PRESENTATION_REPRESENTATION (  '', ( #3400 ), #2720 ) ;
#782 =( GEOMETRIC_REPRESENTATION_CONTEXT ( 3 ) GLOBAL_UNCERTAINTY_ASSIGNED_CONTEXT ( ( #3060 ) ) GLOBAL_UNIT_ASSIGNED_CONTEXT ( ( #2708, #8575, #4648 ) ) REPRESENTATION_CONTEXT ( 'NONE', 'WORKASPACE' ) );
#783 = EDGE_LOOP ( 'NONE', ( #7608, #2002, #15, #6365 ) ) ;
#784 = DIRECTION ( 'NONE',  ( 0.000000000000000000, -1.000000000000000000, 0.000000000000000000 ) ) ;
#785 = ORIENTED_EDGE ( 'NONE', *, *, #539, .F. ) ;
#786 = CARTESIAN_POINT ( 'NONE',  ( -0.2004087033397164985, 0.5400000000000000355, -0.5424123526977900900 ) ) ;
#787 = CARTESIAN_POINT ( 'NONE',  ( 0.7500000000000000000, 0.2000000000000000111, -0.2000000000000000111 ) ) ;
#788 = CARTESIAN_POINT ( 'NONE',  ( -0.1815033908249945038, 0.5410000000000000364, -0.6013494939426570207 ) ) ;
#789 =( NAMED_UNIT ( * ) SI_UNIT ( $, .STERADIAN. ) SOLID_ANGLE_UNIT ( ) );
#790 = CARTESIAN_POINT ( 'NONE',  ( 0.5500000000000000444, 1.277032961426900037, -0.2000000000000000111 ) ) ;
#791 = FILL_AREA_STYLE ('',( #6682 ) ) ;
#792 = DIRECTION ( 'NONE',  ( -7.228014483236700500E-16, 0.000000000000000000, 1.000000000000000000 ) ) ;
#793 = DIRECTION ( 'NONE',  ( 0.000000000000000000, -1.000000000000000000, 0.000000000000000000 ) ) ;
#794 = DIRECTION ( 'NONE',  ( 0.000000000000000000, 0.000000000000000000, -1.000000000000000000 ) ) ;
#795 = CARTESIAN_POINT ( 'NONE',  ( -0.09737977750331940074, 0.5410000000000000364, -0.5022151683148109447 ) ) ;
#796 = ORIENTED_EDGE ( 'NONE', *, *, #7905, .F. ) ;
#797 =( NAMED_UNIT ( * ) PLANE_ANGLE_UNIT ( ) SI_UNIT ( $, .RADIAN. ) );
#798 = VERTEX_POINT ( 'NONE', #5390 ) ;
#799 = CARTESIAN_POINT ( 'NONE',  ( 0.7500000000000000000, 0.000000000000000000, 0.2000000000000000111 ) ) ;
#800 = CARTESIAN_POINT ( 'NONE',  ( -0.2078653365166404920, 0.5400000000000000355, -0.5463053548964109662 ) ) ;
#801 =( LENGTH_UNIT ( ) NAMED_UNIT ( * ) SI_UNIT ( .MILLI., .METRE. ) );
#802 = DIRECTION ( 'NONE',  ( -0.5839294741932820054, 0.000000000000000000, 0.8118043909516362566 ) ) ;
#803 = DIRECTION ( 'NONE',  ( -1.000000000000000000, 0.000000000000000000, 0.000000000000000000 ) ) ;
#804 = CARTESIAN_POINT ( 'NONE',  ( -0.1295286200255582054, 0.5410000000000000364, -0.5890215660845430357 ) ) ;
#805 = ORIENTED_EDGE ( 'NONE', *, *, #6947, .F. ) ;
#806 = ORIENTED_EDGE ( 'NONE', *, *, #4452, .F. ) ;
#807 = ADVANCED_FACE ( 'NONE', ( #4863 ), #2873, .T. ) ;
#808 = CARTESIAN_POINT ( 'NONE',  ( 0.2000000000000000111, 0.000000000000000000, 0.5000000000000000000 ) ) ;
#809 = CARTESIAN_POINT ( 'NONE',  ( -0.2475769230769230000, 0.5410000000000000364, -0.5662710336538460121 ) ) ;
#810 =( LENGTH_UNIT ( ) NAMED_UNIT ( * ) SI_UNIT ( .MILLI., .METRE. ) );
#811 = CARTESIAN_POINT ( 'NONE',  ( -0.7500000000000000000, 0.5400000000000000355, 0.7500000000000000000 ) ) ;
#812 = ORIENTED_EDGE ( 'NONE', *, *, #3442, .T. ) ;
#813 = VECTOR ( 'NONE', #5809, 1000.000000000000000 ) ;
#814 = EDGE_CURVE ( 'NONE', #2211, #4530, #8045, .T. ) ;
#815 =( LENGTH_UNIT ( ) NAMED_UNIT ( * ) SI_UNIT ( .MILLI., .METRE. ) );
#816 = CARTESIAN_POINT ( 'NONE',  ( -0.1496832858921079978, 0.5410000000000000364, -0.4243237265406230030 ) ) ;
#817 = CARTESIAN_POINT ( 'NONE',  ( -0.1460874078704565981, 0.5400000000000000355, -0.4959982856658279871 ) ) ;
#818 = ADVANCED_FACE ( 'NONE', ( #8135 ), #2191, .F. ) ;
#819 = CIRCLE ( 'NONE', #1935, 0.09999999999999999167 ) ;
#820 = SURFACE_SIDE_STYLE ('',( #4754 ) ) ;
#821 = CARTESIAN_POINT ( 'NONE',  ( 0.7500000000000000000, 0.2000000000000000111, -0.2000000000000000111 ) ) ;
#822 = PRESENTATION_LAYER_ASSIGNMENT (  '', '', ( #6511 ) ) ;
#823 = CARTESIAN_POINT ( 'NONE',  ( -0.2104374999999999996, 0.5410000000000000364, -0.5484675480769229949 ) ) ;
#824 = ORIENTED_EDGE ( 'NONE', *, *, #8138, .F. ) ;
#825 = STYLED_ITEM ( 'NONE', ( #5937 ), #3545 ) ;
#826 = CARTESIAN_POINT ( 'NONE',  ( -0.1708641826923079921, 0.5410000000000000364, -0.6278846153846159295 ) ) ;
#827 = CARTESIAN_POINT ( 'NONE',  ( 0.7500000000000000000, 0.2000000000000000111, -0.2000000000000000111 ) ) ;
#828 = LINE ( 'NONE', #3459, #2310 ) ;
#829 = VECTOR ( 'NONE', #4121, 1000.000000000000000 ) ;
#830 = VECTOR ( 'NONE', #8375, 1000.000000000000000 ) ;
#831 = PLANE ( 'NONE',  #8239 ) ;
#832 = STYLED_ITEM ( 'NONE', ( #2580 ), #3229 ) ;
#833 = SURFACE_STYLE_USAGE ( .BOTH. , #4639 ) ;
#834 = CARTESIAN_POINT ( 'NONE',  ( 0.5500000000000000444, 0.2000000000000000111, 0.5999999999999999778 ) ) ;
#835 = AXIS2_PLACEMENT_3D ( 'NONE', #1621, #2258, #5642 ) ;
#836 = LINE ( 'NONE', #3420, #3786 ) ;
#837 = DIRECTION ( 'NONE',  ( 0.000000000000000000, -1.000000000000000000, 0.000000000000000000 ) ) ;
#838 = EDGE_LOOP ( 'NONE', ( #6774, #4126, #4433, #63, #4525, #1456, #3584, #1571, #1376, #7005, #3937, #5850, #472, #1275, #4330 ) ) ;
#839 = DIRECTION ( 'NONE',  ( 0.000000000000000000, 0.000000000000000000, -1.000000000000000000 ) ) ;
#840 = VERTEX_POINT ( 'NONE', #5517 ) ;
#841 = VECTOR ( 'NONE', #8551, 1000.000000000000000 ) ;
#842 = DIRECTION ( 'NONE',  ( 0.000000000000000000, -1.000000000000000000, 0.000000000000000000 ) ) ;
#843 = CARTESIAN_POINT ( 'NONE',  ( -0.1758360248831744854, 0.5410000000000000364, -0.5344281369632090106 ) ) ;
#844 =( NAMED_UNIT ( * ) SI_UNIT ( $, .STERADIAN. ) SOLID_ANGLE_UNIT ( ) );
#845 = PLANE ( 'NONE',  #4482 ) ;
#846 = FACE_OUTER_BOUND ( 'NONE', #2932, .T. ) ;
#847 = CARTESIAN_POINT ( 'NONE',  ( -0.1051881125260733935, 0.5400000000000000355, -0.4163104726954774404 ) ) ;
#848 = EDGE_CURVE ( 'NONE', #6210, #2079, #1801, .T. ) ;
#849 = ORIENTED_EDGE ( 'NONE', *, *, #3442, .F. ) ;
#850 = VERTEX_POINT ( 'NONE', #1189 ) ;
#851 = EDGE_CURVE ( 'NONE', #7859, #4168, #3762, .T. ) ;
#852 = DIRECTION ( 'NONE',  ( -2.710505431213760099E-16, 0.000000000000000000, -1.000000000000000000 ) ) ;
#853 = DIRECTION ( 'NONE',  ( -1.000000000000000000, 0.000000000000000000, 0.000000000000000000 ) ) ;
#854 = PLANE ( 'NONE',  #7638 ) ;
#855 = AXIS2_PLACEMENT_3D ( 'NONE', #8348, #3089, #434 ) ;
#856 = PRESENTATION_STYLE_ASSIGNMENT (( #1123 ) ) ;
#857 = EDGE_CURVE ( 'NONE', #7256, #1984, #1053, .T. ) ;
#858 = ORIENTED_EDGE ( 'NONE', *, *, #1768, .T. ) ;
#859 = CARTESIAN_POINT ( 'NONE',  ( -0.1193859993700971955, 0.5400000000000000355, -0.6155629419247089507 ) ) ;
#860 = VECTOR ( 'NONE', #5184, 1000.000000000000000 ) ;
#861 = COLOUR_RGB ( '',0.2000000000000000111, 0.2000000000000000111, 0.2000000000000000111 ) ;
#862 = B_SPLINE_CURVE_WITH_KNOTS ( 'NONE', 3,
 ( #2557, #1300, #1339, #4611, #1987, #3957, #2717, #3912, #5193, #7351, #639, #6548, #7844, #6619, #4527, #7178, #675, #5981, #2033 ),
 .UNSPECIFIED., .F., .F.,
 ( 4, 1, 1, 1, 1, 1, 1, 1, 1, 1, 1, 1, 1, 1, 1, 1, 4 ),
 ( 0.000000000000000000, 0.07579896347148640245, 0.1506755159165570068, 0.2258270907894800172, 0.3031997897974649803, 0.3425428440097050276, 0.3820553715638574932, 0.4213644434296894836, 0.4613142372093910204, 0.5016137440659089730, 0.5426505670333150455, 0.5848929306097470082, 0.6285969134813940151, 0.7176754964161570216, 0.8085769713678260251, 0.9026216874533220524, 1.000000000000000000 ),
 .UNSPECIFIED. ) ;
#863 = CARTESIAN_POINT ( 'NONE',  ( -0.1613350114867450058, 0.5410000000000000364, -0.5002101141957380204 ) ) ;
#864 = EDGE_CURVE ( 'NONE', #6545, #5751, #1143, .T. ) ;
#865 = DIRECTION ( 'NONE',  ( 0.000000000000000000, 0.000000000000000000, -1.000000000000000000 ) ) ;
#866 = CARTESIAN_POINT ( 'NONE',  ( -0.1193859993700971955, 0.5410000000000000364, -0.6155629419247089507 ) ) ;
#867 = EDGE_CURVE ( 'NONE', #2269, #3055, #819, .T. ) ;
#868 = CARTESIAN_POINT ( 'NONE',  ( -0.1868392533969160108, 0.5410000000000000364, -0.6006167345616029163 ) ) ;
#869 = VERTEX_POINT ( 'NONE', #2448 ) ;
#870 = DIRECTION ( 'NONE',  ( -1.000000000000000000, 0.000000000000000000, 1.445602896647339903E-16 ) ) ;
#871 = CARTESIAN_POINT ( 'NONE',  ( -0.2045237832699045022, 0.5400000000000000355, -0.5443880469623340046 ) ) ;
#872 = DIRECTION ( 'NONE',  ( 0.000000000000000000, -1.000000000000000000, 0.000000000000000000 ) ) ;
#873 = CARTESIAN_POINT ( 'NONE',  ( -0.2187307692307695062, 0.5400000000000000355, -0.5683443509615390132 ) ) ;
#874 = MECHANICAL_DESIGN_GEOMETRIC_PRESENTATION_REPRESENTATION (  '', ( #2803 ), #5014 ) ;
#875 =( NAMED_UNIT ( * ) PLANE_ANGLE_UNIT ( ) SI_UNIT ( $, .RADIAN. ) );
#876 = COLOUR_RGB ( '',0.6470588235294117974, 0.5176470588235293491, 0.000000000000000000 ) ;
#877 = SURFACE_STYLE_FILL_AREA ( #6769 ) ;
#878 = CARTESIAN_POINT ( 'NONE',  ( 0.7500000000000000000, 1.277032961426900037, -0.2000000000000000111 ) ) ;
#879 =( NAMED_UNIT ( * ) PLANE_ANGLE_UNIT ( ) SI_UNIT ( $, .RADIAN. ) );
#880 = LINE ( 'NONE', #4109, #2704 ) ;
#881 = LINE ( 'NONE', #3422, #4623 ) ;
#882 = STYLED_ITEM ( 'NONE', ( #1083 ), #7225 ) ;
#883 = AXIS2_PLACEMENT_3D ( 'NONE', #7712, #4449, #1785 ) ;
#884 = PLANE ( 'NONE',  #1709 ) ;
#885 = ORIENTED_EDGE ( 'NONE', *, *, #6906, .T. ) ;
#886 = FILL_AREA_STYLE ('',( #3424 ) ) ;
#887 = ORIENTED_EDGE ( 'NONE', *, *, #5072, .F. ) ;
#888 = DIRECTION ( 'NONE',  ( 1.000000000000000000, 0.000000000000000000, 0.000000000000000000 ) ) ;
#889 = STYLED_ITEM ( 'NONE', ( #6818 ), #5689 ) ;
#890 = SURFACE_STYLE_USAGE ( .BOTH. , #5518 ) ;
#891 = FACE_OUTER_BOUND ( 'NONE', #5136, .T. ) ;
#892 = DIRECTION ( 'NONE',  ( -1.000000000000000000, 0.000000000000000000, 2.710505431213769960E-16 ) ) ;
#893 = FACE_OUTER_BOUND ( 'NONE', #5305, .T. ) ;
#894 = CARTESIAN_POINT ( 'NONE',  ( -0.2500000000000000000, 0.2000000000000000111, 0.7510000000000000009 ) ) ;
#895 = VECTOR ( 'NONE', #2087, 1000.000000000000000 ) ;
#896 = ORIENTED_EDGE ( 'NONE', *, *, #7922, .F. ) ;
#897 = ORIENTED_EDGE ( 'NONE', *, *, #4786, .T. ) ;
#898 = CARTESIAN_POINT ( 'NONE',  ( 0.3944897836538460156, 0.5400000000000000355, -0.4820312499999999667 ) ) ;
#899 = SURFACE_SIDE_STYLE ('',( #8055 ) ) ;
#900 = COLOUR_RGB ( '',0.2000000000000000111, 0.2000000000000000111, 0.2000000000000000111 ) ;
#901 = AXIS2_PLACEMENT_3D ( 'NONE', #85, #6773, #8038 ) ;
#902 = LINE ( 'NONE', #2929, #5830 ) ;
#903 = AXIS2_PLACEMENT_3D ( 'NONE', #10, #6622, #1342 ) ;
#904 = CARTESIAN_POINT ( 'NONE',  ( 0.2901730769230769780, 0.5410000000000000364, -0.4836538461538459899 ) ) ;
#905 = VECTOR ( 'NONE', #6872, 1000.000000000000000 ) ;
#906 = ORIENTED_EDGE ( 'NONE', *, *, #2822, .T. ) ;
#907 = CARTESIAN_POINT ( 'NONE',  ( -0.09873838483249990083, 0.5410000000000000364, -0.5952957566596129846 ) ) ;
#908 = FACE_OUTER_BOUND ( 'NONE', #1687, .T. ) ;
#909 = AXIS2_PLACEMENT_3D ( 'NONE', #4999, #6261, #3687 ) ;
#910 = LINE ( 'NONE', #4142, #4475 ) ;
#911 = CARTESIAN_POINT ( 'NONE',  ( -0.1734169218615344843, 0.5410000000000000364, -0.4233358802117255237 ) ) ;
#912 = ORIENTED_EDGE ( 'NONE', *, *, #7438, .T. ) ;
#913 = DIRECTION ( 'NONE',  ( -2.710505431213760099E-16, 0.000000000000000000, 1.000000000000000000 ) ) ;
#914 = ADVANCED_FACE ( 'NONE', ( #4294 ), #7872, .T. ) ;
#915 = FILL_AREA_STYLE ('',( #8029 ) ) ;
#916 = PRESENTATION_LAYER_ASSIGNMENT (  '', '', ( #4642 ) ) ;
#917 = CARTESIAN_POINT ( 'NONE',  ( 0.4089595307239590194, 0.5410000000000000364, -0.5080239254661839121 ) ) ;
#918 = CARTESIAN_POINT ( 'NONE',  ( -0.1868392533969160108, 0.5410000000000000364, -0.6006167345616029163 ) ) ;
#919 = EDGE_CURVE ( 'NONE', #7024, #3729, #348, .T. ) ;
#920 = EDGE_CURVE ( 'NONE', #4221, #5920, #6393, .T. ) ;
#921 =( NAMED_UNIT ( * ) PLANE_ANGLE_UNIT ( ) SI_UNIT ( $, .RADIAN. ) );
#922 = CARTESIAN_POINT ( 'NONE',  ( 0.5515408653846159970, 0.5410000000000000364, -0.4951923076923079314 ) ) ;
#923 = VERTEX_POINT ( 'NONE', #5034 ) ;
#924 = SURFACE_SIDE_STYLE ('',( #1664 ) ) ;
#925 = COLOUR_RGB ( '',0.2000000000000000111, 0.2000000000000000111, 0.2000000000000000111 ) ;
#926 =( LENGTH_UNIT ( ) NAMED_UNIT ( * ) SI_UNIT ( .MILLI., .METRE. ) );
#927 = ADVANCED_FACE ( 'NONE', ( #7688 ), #7037, .F. ) ;
#928 = ORIENTED_EDGE ( 'NONE', *, *, #599, .T. ) ;
#929 = CARTESIAN_POINT ( 'NONE',  ( -0.5500000000000000444, 0.000000000000000000, 0.5000000000000000000 ) ) ;
#930 = ORIENTED_EDGE ( 'NONE', *, *, #4170, .F. ) ;
#931 = CARTESIAN_POINT ( 'NONE',  ( -0.1677085785985645006, 0.5410000000000000364, -0.6018813299372358649 ) ) ;
#932 = ADVANCED_FACE ( 'NONE', ( #2315 ), #479, .T. ) ;
#933 = CARTESIAN_POINT ( 'NONE',  ( -0.1452896604458474294, 0.5410000000000000364, -0.5267803440082619026 ) ) ;
#934 = PRESENTATION_STYLE_ASSIGNMENT (( #352 ) ) ;
#935 =( NAMED_UNIT ( * ) SI_UNIT ( $, .STERADIAN. ) SOLID_ANGLE_UNIT ( ) );
#936 = CARTESIAN_POINT ( 'NONE',  ( -0.2433583681278239930, 0.5400000000000000355, -0.5447473141306150568 ) ) ;
#937 = CARTESIAN_POINT ( 'NONE',  ( -0.5500000000000000444, 0.2000000000000000111, 0.2999999999999999889 ) ) ;
#938 = CARTESIAN_POINT ( 'NONE',  ( -0.09567463449824469002, 0.5410000000000000364, -0.4264712903185655102 ) ) ;
#939 = SURFACE_SIDE_STYLE ('',( #8220 ) ) ;
#940 = ORIENTED_EDGE ( 'NONE', *, *, #2150, .T. ) ;
#941 = ORIENTED_EDGE ( 'NONE', *, *, #8613, .T. ) ;
#942 = FACE_OUTER_BOUND ( 'NONE', #4326, .T. ) ;
#943 =( NAMED_UNIT ( * ) PLANE_ANGLE_UNIT ( ) SI_UNIT ( $, .RADIAN. ) );
#944 = ORIENTED_EDGE ( 'NONE', *, *, #214, .F. ) ;
#945 = PRESENTATION_STYLE_ASSIGNMENT (( #2247 ) ) ;
#946 = PLANE ( 'NONE',  #8159 ) ;
#947 = ADVANCED_FACE ( 'NONE', ( #1280 ), #1322, .F. ) ;
#948 = ORIENTED_EDGE ( 'NONE', *, *, #3866, .T. ) ;
#949 = EDGE_LOOP ( 'NONE', ( #7404, #274, #3199, #5715, #5771, #7794 ) ) ;
#950 = SURFACE_STYLE_USAGE ( .BOTH. , #2292 ) ;
#951 = FACE_BOUND ( 'NONE', #4470, .T. ) ;
#952 = CARTESIAN_POINT ( 'NONE',  ( -0.5500000000000000444, 0.2000000000000000111, -0.5999999999999999778 ) ) ;
#953 = COLOUR_RGB ( '',0.2000000000000000111, 0.2000000000000000111, 0.2000000000000000111 ) ;
#954 = CARTESIAN_POINT ( 'NONE',  ( 0.6037539455892280138, 0.5400000000000000355, -0.5617767343411270708 ) ) ;
#955 = ORIENTED_EDGE ( 'NONE', *, *, #5912, .F. ) ;
#956 = CARTESIAN_POINT ( 'NONE',  ( 0.1035096153846152001, 0.5410000000000000364, -0.4000000000000000222 ) ) ;
#957 = VECTOR ( 'NONE', #7735, 1000.000000000000000 ) ;
#958 = EDGE_CURVE ( 'NONE', #4266, #4439, #2700, .T. ) ;
#959 = LINE ( 'NONE', #4808, #3358 ) ;
#960 = LINE ( 'NONE', #3577, #5974 ) ;
#961 = CARTESIAN_POINT ( 'NONE',  ( 0.5500000000000000444, 0.2000000000000000111, 0.5000000000000000000 ) ) ;
#962 = CARTESIAN_POINT ( 'NONE',  ( 0.1323557692307691935, 0.5410000000000000364, -0.6250000000000000000 ) ) ;
#963 = LINE ( 'NONE', #297, #3112 ) ;
#964 = STYLED_ITEM ( 'NONE', ( #403 ), #3740 ) ;
#965 = ORIENTED_EDGE ( 'NONE', *, *, #1346, .F. ) ;
#966 =( GEOMETRIC_REPRESENTATION_CONTEXT ( 3 ) GLOBAL_UNCERTAINTY_ASSIGNED_CONTEXT ( ( #7273 ) ) GLOBAL_UNIT_ASSIGNED_CONTEXT ( ( #1731, #1076, #2333 ) ) REPRESENTATION_CONTEXT ( 'NONE', 'WORKASPACE' ) );
#967 = CARTESIAN_POINT ( 'NONE',  ( -0.08315384615384618927, 0.5410000000000000364, -0.4638671875000000000 ) ) ;
#968 = ORIENTED_EDGE ( 'NONE', *, *, #8617, .F. ) ;
#969 = CARTESIAN_POINT ( 'NONE',  ( 0.000000000000000000, 0.4400000000000000022, 1.626303258728255172E-16 ) ) ;
#970 = CARTESIAN_POINT ( 'NONE',  ( -0.1304682632838120027, 0.5400000000000000355, -0.4901530326385409864 ) ) ;
#971 = PRESENTATION_LAYER_ASSIGNMENT (  '', '', ( #8591 ) ) ;
#972 = CARTESIAN_POINT ( 'NONE',  ( -0.2354818921885034888, 0.5410000000000000364, -0.5322811249625269969 ) ) ;
#973 = PLANE ( 'NONE',  #6124 ) ;
#974 = VECTOR ( 'NONE', #2644, 1000.000000000000000 ) ;
#975 = SURFACE_STYLE_USAGE ( .BOTH. , #1845 ) ;
#976 = CARTESIAN_POINT ( 'NONE',  ( 0.5500000000000000444, 1.277032961426900037, -0.2999999999999999889 ) ) ;
#977 = ADVANCED_FACE ( 'NONE', ( #5924 ), #5083, .T. ) ;
#978 = CARTESIAN_POINT ( 'NONE',  ( -0.09224257603289670593, 0.5400000000000000355, -0.4315395902985130205 ) ) ;
#979 = ADVANCED_BREP_SHAPE_REPRESENTATION ( 'SHT40-AD1B-R2', ( #114, #2837, #5757, #5855, #2878, #5736, #4486 ), #6446 ) ;
#980 = DIRECTION ( 'NONE',  ( 0.000000000000000000, 1.000000000000000000, 0.000000000000000000 ) ) ;
#981 = VECTOR ( 'NONE', #6894, 1000.000000000000000 ) ;
#982 = ORIENTED_EDGE ( 'NONE', *, *, #3979, .F. ) ;
#983 = ORIENTED_EDGE ( 'NONE', *, *, #6211, .T. ) ;
#984 = CARTESIAN_POINT ( 'NONE',  ( -0.5500000000000000444, 0.000000000000000000, -0.2999999999999999889 ) ) ;
#985 =( NAMED_UNIT ( * ) SI_UNIT ( $, .STERADIAN. ) SOLID_ANGLE_UNIT ( ) );
#986 = CARTESIAN_POINT ( 'NONE',  ( -0.5500000000000000444, 0.2000000000000000111, -0.2999999999999999889 ) ) ;
#987 = DIRECTION ( 'NONE',  ( 0.000000000000000000, -1.000000000000000000, 0.000000000000000000 ) ) ;
#988 = ORIENTED_EDGE ( 'NONE', *, *, #992, .F. ) ;
#989 = ORIENTED_EDGE ( 'NONE', *, *, #594, .T. ) ;
#990 = CARTESIAN_POINT ( 'NONE',  ( 0.3161346153846155138, 0.5400000000000000355, -0.4836538461538459899 ) ) ;
#991 = PRESENTATION_LAYER_ASSIGNMENT (  '', '', ( #569 ) ) ;
#992 = EDGE_CURVE ( 'NONE', #2447, #6862, #828, .T. ) ;
#993 = FACE_BOUND ( 'NONE', #7672, .T. ) ;
#994 = CARTESIAN_POINT ( 'NONE',  ( -0.2097606266717375045, 0.5400000000000000355, -0.5896016162010389028 ) ) ;
#995 = STYLED_ITEM ( 'NONE', ( #1370 ), #2871 ) ;
#996 = CARTESIAN_POINT ( 'NONE',  ( 0.5990443331763370960, 0.5400000000000000355, -0.5742874261868879948 ) ) ;
#997 = ORIENTED_EDGE ( 'NONE', *, *, #1705, .T. ) ;
#998 = CARTESIAN_POINT ( 'NONE',  ( 0.5419855769230770282, 0.5410000000000000364, -0.4692307692307690625 ) ) ;
#999 = CARTESIAN_POINT ( 'NONE',  ( 0.3383750000000000369, 0.5400000000000000355, -0.5644230769230770273 ) ) ;
#1000 = LINE ( 'NONE', #8288, #5685 ) ;
#1001 = SURFACE_STYLE_USAGE ( .BOTH. , #6941 ) ;
#1002 = VECTOR ( 'NONE', #6992, 1000.000000000000000 ) ;
#1003 = FACE_OUTER_BOUND ( 'NONE', #1562, .T. ) ;
#1004 = ORIENTED_EDGE ( 'NONE', *, *, #2154, .T. ) ;
#1005 = DIRECTION ( 'NONE',  ( 0.000000000000000000, -1.000000000000000000, 0.000000000000000000 ) ) ;
#1006 = VECTOR ( 'NONE', #1712, 1000.000000000000000 ) ;
#1007 = APPLICATION_PROTOCOL_DEFINITION ( 'draft international standard', 'automotive_design', 1998, #3892 ) ;
#1008 = CARTESIAN_POINT ( 'NONE',  ( -0.09224257603289670593, 0.5400000000000000355, -0.4315395902985130205 ) ) ;
#1009 = ORIENTED_EDGE ( 'NONE', *, *, #1457, .T. ) ;
#1010 = STYLED_ITEM ( 'NONE', ( #6866 ), #6736 ) ;
#1011 = LINE ( 'NONE', #8429, #6574 ) ;
#1012 = DIRECTION ( 'NONE',  ( 0.000000000000000000, -1.000000000000000000, 0.000000000000000000 ) ) ;
#1013 = CARTESIAN_POINT ( 'NONE',  ( -0.2161616586538460116, 0.5410000000000000364, -0.5176382211538460565 ) ) ;
#1014 =( NAMED_UNIT ( * ) PLANE_ANGLE_UNIT ( ) SI_UNIT ( $, .RADIAN. ) );
#1015 = CARTESIAN_POINT ( 'NONE',  ( -0.2161616586538460116, 0.5400000000000000355, -0.5176382211538460565 ) ) ;
#1016 = PRESENTATION_LAYER_ASSIGNMENT (  '', '', ( #3620 ) ) ;
#1017 = CARTESIAN_POINT ( 'NONE',  ( -0.2472964533494095285, 0.5400000000000000355, -0.5588152537271879883 ) ) ;
#1018 = SURFACE_STYLE_FILL_AREA ( #7692 ) ;
#1019 = DIRECTION ( 'NONE',  ( 0.000000000000000000, 0.000000000000000000, -1.000000000000000000 ) ) ;
#1020 = CARTESIAN_POINT ( 'NONE',  ( 0.4209503825546474509, 0.5400000000000000355, -0.5188077577960640285 ) ) ;
#1021 = VERTEX_POINT ( 'NONE', #8202 ) ;
#1022 = ORIENTED_EDGE ( 'NONE', *, *, #5908, .T. ) ;
#1023 = EDGE_CURVE ( 'NONE', #1471, #6418, #7454, .T. ) ;
#1024 = MECHANICAL_DESIGN_GEOMETRIC_PRESENTATION_REPRESENTATION (  '', ( #173 ), #4745 ) ;
#1025 = CARTESIAN_POINT ( 'NONE',  ( 0.4110312500000000147, 0.5400000000000000355, -0.5049729567307689182 ) ) ;
#1026 = FACE_BOUND ( 'NONE', #5692, .T. ) ;
#1027 = EDGE_CURVE ( 'NONE', #7393, #3324, #5426, .T. ) ;
#1028 = CARTESIAN_POINT ( 'NONE',  ( -0.7500000000000000000, 1.277032961426900037, -0.5999999999999999778 ) ) ;
#1029 = EDGE_CURVE ( 'NONE', #6536, #7134, #7, .T. ) ;
#1030 = MECHANICAL_DESIGN_GEOMETRIC_PRESENTATION_REPRESENTATION (  '', ( #6426 ), #5731 ) ;
#1031 = CARTESIAN_POINT ( 'NONE',  ( -0.7500000000000000000, 0.000000000000000000, 0.2000000000000000111 ) ) ;
#1032 =( GEOMETRIC_REPRESENTATION_CONTEXT ( 3 ) GLOBAL_UNCERTAINTY_ASSIGNED_CONTEXT ( ( #1236 ) ) GLOBAL_UNIT_ASSIGNED_CONTEXT ( ( #7260, #3270, #48 ) ) REPRESENTATION_CONTEXT ( 'NONE', 'WORKASPACE' ) );
#1033 = DIRECTION ( 'NONE',  ( 0.000000000000000000, -1.000000000000000000, 0.000000000000000000 ) ) ;
#1034 = EDGE_CURVE ( 'NONE', #6153, #5627, #1169, .T. ) ;
#1035 = ORIENTED_EDGE ( 'NONE', *, *, #2267, .F. ) ;
#1036 = ORIENTED_EDGE ( 'NONE', *, *, #6077, .F. ) ;
#1037 = PLANE ( 'NONE',  #597 ) ;
#1038 = CARTESIAN_POINT ( 'NONE',  ( -0.1120000000000000023, 0.5400000000000000355, -0.4623347355769230060 ) ) ;
#1039 = PLANE ( 'NONE',  #4417 ) ;
#1040 = DIRECTION ( 'NONE',  ( -2.710505431213760099E-16, 0.000000000000000000, -1.000000000000000000 ) ) ;
#1041 =( GEOMETRIC_REPRESENTATION_CONTEXT ( 3 ) GLOBAL_UNCERTAINTY_ASSIGNED_CONTEXT ( ( #4696 ) ) GLOBAL_UNIT_ASSIGNED_CONTEXT ( ( #8543, #3515, #1304 ) ) REPRESENTATION_CONTEXT ( 'NONE', 'WORKASPACE' ) );
#1042 = CARTESIAN_POINT ( 'NONE',  ( -0.2000000000000000111, 0.2000000000000000111, -0.5000000000000000000 ) ) ;
#1043 = CARTESIAN_POINT ( 'NONE',  ( 0.5915268981111719837, 0.5410000000000000364, -0.5947592096365510450 ) ) ;
#1044 = ORIENTED_EDGE ( 'NONE', *, *, #2367, .F. ) ;
#1045 = FILL_AREA_STYLE_COLOUR ( '', #3583 ) ;
#1046 =( LENGTH_UNIT ( ) NAMED_UNIT ( * ) SI_UNIT ( .MILLI., .METRE. ) );
#1047 = ORIENTED_EDGE ( 'NONE', *, *, #526, .F. ) ;
#1048 = DIRECTION ( 'NONE',  ( 0.000000000000000000, -1.000000000000000000, 0.000000000000000000 ) ) ;
#1049 = VECTOR ( 'NONE', #7730, 1000.000000000000000 ) ;
#1050 = DIRECTION ( 'NONE',  ( 1.000000000000000000, 0.000000000000000000, 0.000000000000000000 ) ) ;
#1051 = ORIENTED_EDGE ( 'NONE', *, *, #1927, .F. ) ;
#1052 = CARTESIAN_POINT ( 'NONE',  ( 0.2901730769230769780, 0.5410000000000000364, -0.6221153846153850697 ) ) ;
#1053 = LINE ( 'NONE', #5697, #4543 ) ;
#1054 = LINE ( 'NONE', #390, #6557 ) ;
#1055 = MECHANICAL_DESIGN_GEOMETRIC_PRESENTATION_REPRESENTATION (  '', ( #6463 ), #493 ) ;
#1056 = CARTESIAN_POINT ( 'NONE',  ( -0.1256008421385035878, 0.5410000000000000364, -0.4345809506111230069 ) ) ;
#1057 = CARTESIAN_POINT ( 'NONE',  ( -0.1898084831511794857, 0.5400000000000000355, -0.4268895520985514502 ) ) ;
#1058 = CARTESIAN_POINT ( 'NONE',  ( 0.5899423076923079323, 0.5410000000000000364, -0.5990384615384619638 ) ) ;
#1059 = CARTESIAN_POINT ( 'NONE',  ( 0.1632500000000000062, 0.5410000000000000364, -0.4836538461538459899 ) ) ;
#1060 = PLANE ( 'NONE',  #4733 ) ;
#1061 = DIRECTION ( 'NONE',  ( 0.000000000000000000, 1.000000000000000000, 0.000000000000000000 ) ) ;
#1062 = MECHANICAL_DESIGN_GEOMETRIC_PRESENTATION_REPRESENTATION (  '', ( #2859 ), #1203 ) ;
#1063 = ORIENTED_EDGE ( 'NONE', *, *, #4515, .F. ) ;
#1064 = CIRCLE ( 'NONE', #73, 0.09999999999999999167 ) ;
#1065 = VERTEX_POINT ( 'NONE', #5643 ) ;
#1066 = EDGE_CURVE ( 'NONE', #3561, #5367, #6421, .T. ) ;
#1067 = CARTESIAN_POINT ( 'NONE',  ( -0.4500000000000000111, 0.2000000000000000111, -0.5000000000000000000 ) ) ;
#1068 =( NAMED_UNIT ( * ) SI_UNIT ( $, .STERADIAN. ) SOLID_ANGLE_UNIT ( ) );
#1069 = CARTESIAN_POINT ( 'NONE',  ( -0.1646893028846155016, 0.5400000000000000355, -0.4230769230769230171 ) ) ;
#1070 = FACE_OUTER_BOUND ( 'NONE', #4219, .T. ) ;
#1071 = UNCERTAINTY_MEASURE_WITH_UNIT (LENGTH_MEASURE( 1.000000000000000082E-05 ), #2596, 'distance_accuracy_value', 'NONE');
#1072 = ORIENTED_EDGE ( 'NONE', *, *, #920, .T. ) ;
#1073 = VERTEX_POINT ( 'NONE', #2483 ) ;
#1074 = DIRECTION ( 'NONE',  ( 0.000000000000000000, 0.000000000000000000, 1.000000000000000000 ) ) ;
#1075 = EDGE_CURVE ( 'NONE', #1609, #8546, #6606, .T. ) ;
#1076 =( NAMED_UNIT ( * ) PLANE_ANGLE_UNIT ( ) SI_UNIT ( $, .RADIAN. ) );
#1077 = CARTESIAN_POINT ( 'NONE',  ( -0.2168389221960179969, 0.5410000000000000364, -0.5572890989889220936 ) ) ;
#1078 = B_SPLINE_CURVE_WITH_KNOTS ( 'NONE', 3,
 ( #3825, #4528, #459, #7183, #5199, #7064, #3870, #3701, #416, #7756, #7803, #5154, #509, #2521, #6552, #3114, #3068, #1265, #5769 ),
 .UNSPECIFIED., .F., .F.,
 ( 4, 1, 1, 1, 1, 1, 1, 1, 1, 1, 1, 1, 1, 1, 1, 1, 4 ),
 ( 0.000000000000000000, 0.06613415199141499390, 0.1293210948154639994, 0.1898254496219174969, 0.2476164557235420172, 0.3037244875816074718, 0.3581592928694465328, 0.4131371106915579516, 0.4676610803393820293, 0.5233009797936010177, 0.5807742901806050018, 0.6412940825284020319, 0.7043122620428129421, 0.7720761557015000109, 0.8432292352777009947, 0.9192740210312420057, 1.000000000000000000 ),
 .UNSPECIFIED. ) ;
#1079 = DIRECTION ( 'NONE',  ( 0.000000000000000000, -1.000000000000000000, 0.000000000000000000 ) ) ;
#1080 =( LENGTH_UNIT ( ) NAMED_UNIT ( * ) SI_UNIT ( .MILLI., .METRE. ) );
#1081 = ADVANCED_FACE ( 'NONE', ( #7627 ), #7766, .T. ) ;
#1082 = VERTEX_POINT ( 'NONE', #1743 ) ;
#1083 = PRESENTATION_STYLE_ASSIGNMENT (( #3073 ) ) ;
#1084 = FACE_OUTER_BOUND ( 'NONE', #8388, .T. ) ;
#1085 = CARTESIAN_POINT ( 'NONE',  ( -0.08892307692307700739, 0.5400000000000000355, -0.5615384615384619860 ) ) ;
#1086 = CARTESIAN_POINT ( 'NONE',  ( -0.1122086335333041945, 0.5410000000000000364, -0.4671472037542199751 ) ) ;
#1087 =( NAMED_UNIT ( * ) PLANE_ANGLE_UNIT ( ) SI_UNIT ( $, .RADIAN. ) );
#1088 = CARTESIAN_POINT ( 'NONE',  ( -0.2187307692307695062, 0.5410000000000000364, -0.5683443509615390132 ) ) ;
#1089 =( GEOMETRIC_REPRESENTATION_CONTEXT ( 3 ) GLOBAL_UNCERTAINTY_ASSIGNED_CONTEXT ( ( #7302 ) ) GLOBAL_UNIT_ASSIGNED_CONTEXT ( ( #6329, #2387, #6937 ) ) REPRESENTATION_CONTEXT ( 'NONE', 'WORKASPACE' ) );
#1090 = EDGE_LOOP ( 'NONE', ( #824, #5662, #7309, #7542 ) ) ;
#1091 = PLANE ( 'NONE',  #5286 ) ;
#1092 = CARTESIAN_POINT ( 'NONE',  ( -0.08327515217368899880, 0.5400000000000000355, -0.4609273436261840384 ) ) ;
#1093 = VERTEX_POINT ( 'NONE', #3578 ) ;
#1094 = CARTESIAN_POINT ( 'NONE',  ( 0.5500000000000000444, 0.000000000000000000, -0.5999999999999999778 ) ) ;
#1095 = PLANE ( 'NONE',  #3575 ) ;
#1096 =( GEOMETRIC_REPRESENTATION_CONTEXT ( 3 ) GLOBAL_UNCERTAINTY_ASSIGNED_CONTEXT ( ( #3480 ) ) GLOBAL_UNIT_ASSIGNED_CONTEXT ( ( #3481, #8191, #7489 ) ) REPRESENTATION_CONTEXT ( 'NONE', 'WORKASPACE' ) );
#1097 = DIRECTION ( 'NONE',  ( -0.000000000000000000, 1.000000000000000000, 0.000000000000000000 ) ) ;
#1098 = CIRCLE ( 'NONE', #4123, 0.2000000000000000111 ) ;
#1099 = DIRECTION ( 'NONE',  ( 1.000000000000000000, 0.000000000000000000, 0.000000000000000000 ) ) ;
#1100 = CARTESIAN_POINT ( 'NONE',  ( -0.5125000000000000666, 0.5410000000000000364, -0.5125000000000000666 ) ) ;
#1101 = DIRECTION ( 'NONE',  ( -0.5839654143887690330, 0.000000000000000000, 0.8117785380248441207 ) ) ;
#1102 = DIRECTION ( 'NONE',  ( 0.000000000000000000, -1.000000000000000000, 0.000000000000000000 ) ) ;
#1103 = SURFACE_STYLE_USAGE ( .BOTH. , #5084 ) ;
#1104 = STYLED_ITEM ( 'NONE', ( #8116 ), #3974 ) ;
#1105 = ORIENTED_EDGE ( 'NONE', *, *, #2156, .F. ) ;
#1106 = ORIENTED_EDGE ( 'NONE', *, *, #4992, .T. ) ;
#1107 = VECTOR ( 'NONE', #3933, 1000.000000000000000 ) ;
#1108 = CLOSED_SHELL ( 'NONE', ( #7641, #5861, #6698, #6634, #6553, #254, #589, #1128 ) ) ;
#1109 = LINE ( 'NONE', #320, #5385 ) ;
#1110 = DIRECTION ( 'NONE',  ( -1.000000000000000000, 0.000000000000000000, 1.445602896647339903E-16 ) ) ;
#1111 = VECTOR ( 'NONE', #3952, 1000.000000000000000 ) ;
#1112 = PRESENTATION_LAYER_ASSIGNMENT (  '', '', ( #4847 ) ) ;
#1113 = VECTOR ( 'NONE', #7997, 1000.000000000000000 ) ;
#1114 = CIRCLE ( 'NONE', #1681, 0.1499999999999999944 ) ;
#1115 = ORIENTED_EDGE ( 'NONE', *, *, #6639, .T. ) ;
#1116 = VERTEX_POINT ( 'NONE', #2345 ) ;
#1117 = FILL_AREA_STYLE ('',( #6885 ) ) ;
#1118 = CARTESIAN_POINT ( 'NONE',  ( -0.1177692307692307927, 0.5400000000000000355, -0.5615384615384619860 ) ) ;
#1119 = EDGE_CURVE ( 'NONE', #4576, #6883, #8331, .T. ) ;
#1120 = LINE ( 'NONE', #3659, #3268 ) ;
#1121 = DIRECTION ( 'NONE',  ( 0.000000000000000000, 0.000000000000000000, -1.000000000000000000 ) ) ;
#1122 = CARTESIAN_POINT ( 'NONE',  ( 0.1035096153846152001, 0.5410000000000000364, -0.5067307692307689848 ) ) ;
#1123 = SURFACE_STYLE_USAGE ( .BOTH. , #7067 ) ;
#1124 = ORIENTED_EDGE ( 'NONE', *, *, #5214, .T. ) ;
#1125 = LINE ( 'NONE', #956, #3758 ) ;
#1126 = FACE_OUTER_BOUND ( 'NONE', #196, .T. ) ;
#1127 = CARTESIAN_POINT ( 'NONE',  ( 0.1323557692307691935, 0.5410000000000000364, -0.4000000000000000222 ) ) ;
#1128 = ADVANCED_FACE ( 'NONE', ( #7028 ), #5071, .F. ) ;
#1129 = CARTESIAN_POINT ( 'NONE',  ( -0.7500000000000000000, 0.2000000000000000111, 0.5999999999999999778 ) ) ;
#1130 = CARTESIAN_POINT ( 'NONE',  ( -0.7500000000000000000, 1.277032961426900037, 0.2000000000000000111 ) ) ;
#1131 = ADVANCED_FACE ( 'NONE', ( #8422 ), #8249, .F. ) ;
#1132 = DIRECTION ( 'NONE',  ( 0.000000000000000000, 0.000000000000000000, -1.000000000000000000 ) ) ;
#1133 = CARTESIAN_POINT ( 'NONE',  ( -0.2513353502014715191, 0.5410000000000000364, -0.4498970551262490014 ) ) ;
#1134 = CIRCLE ( 'NONE', #5989, 0.09999999999999999167 ) ;
#1135 = EDGE_CURVE ( 'NONE', #2079, #6210, #4230, .T. ) ;
#1136 = ORIENTED_EDGE ( 'NONE', *, *, #5844, .F. ) ;
#1137 = CARTESIAN_POINT ( 'NONE',  ( 0.4089595307239590194, 0.5410000000000000364, -0.5080239254661839121 ) ) ;
#1138 = DIRECTION ( 'NONE',  ( 0.000000000000000000, 0.000000000000000000, 1.000000000000000000 ) ) ;
#1139 = CARTESIAN_POINT ( 'NONE',  ( 0.000000000000000000, 0.3800000000000000044, 1.626303258728255172E-16 ) ) ;
#1140 = EDGE_LOOP ( 'NONE', ( #4392, #4645, #3256, #1178 ) ) ;
#1141 = LINE ( 'NONE', #6431, #6980 ) ;
#1142 = EDGE_CURVE ( 'NONE', #7348, #710, #1831, .T. ) ;
#1143 = LINE ( 'NONE', #3630, #7052 ) ;
#1144 = PRESENTATION_LAYER_ASSIGNMENT (  '', '', ( #4867 ) ) ;
#1145 = CARTESIAN_POINT ( 'NONE',  ( 0.7500000000000000000, 0.000000000000000000, 0.5999999999999999778 ) ) ;
#1146 = CARTESIAN_POINT ( 'NONE',  ( -0.2243975293856924902, 0.5400000000000000355, -0.4618045386322089940 ) ) ;
#1147 = LINE ( 'NONE', #663, #7403 ) ;
#1148 = UNCERTAINTY_MEASURE_WITH_UNIT (LENGTH_MEASURE( 1.000000000000000082E-05 ), #3609, 'distance_accuracy_value', 'NONE');
#1149 = FILL_AREA_STYLE_COLOUR ( '', #4478 ) ;
#1150 = AXIS2_PLACEMENT_3D ( 'NONE', #7034, #2400, #7634 ) ;
#1151 =( NAMED_UNIT ( * ) SI_UNIT ( $, .STERADIAN. ) SOLID_ANGLE_UNIT ( ) );
#1152 = ORIENTED_EDGE ( 'NONE', *, *, #1649, .T. ) ;
#1153 = VERTEX_POINT ( 'NONE', #3830 ) ;
#1154 = CARTESIAN_POINT ( 'NONE',  ( 0.4130782717179554697, 0.5400000000000000355, -0.5078098142941659399 ) ) ;
#1155 = VECTOR ( 'NONE', #2435, 1000.000000000000000 ) ;
#1156 = AXIS2_PLACEMENT_3D ( 'NONE', #5606, #4776, #839 ) ;
#1157 = CARTESIAN_POINT ( 'NONE',  ( -0.2273846153846154905, 0.5400000000000000355, -0.4778846153846149636 ) ) ;
#1158 = CARTESIAN_POINT ( 'NONE',  ( -0.7500000000000000000, 0.2000000000000000111, 0.5999999999999999778 ) ) ;
#1159 = UNCERTAINTY_MEASURE_WITH_UNIT (LENGTH_MEASURE( 1.000000000000000082E-05 ), #7494, 'distance_accuracy_value', 'NONE');
#1160 = VECTOR ( 'NONE', #7624, 1000.000000000000000 ) ;
#1161 = VERTEX_POINT ( 'NONE', #1911 ) ;
#1162 = EDGE_LOOP ( 'NONE', ( #2424, #1995, #7948, #3232 ) ) ;
#1163 = SURFACE_STYLE_FILL_AREA ( #7884 ) ;
#1164 = CARTESIAN_POINT ( 'NONE',  ( -0.1224468609685260001, 0.5400000000000000355, -0.5790742697570379072 ) ) ;
#1165 = FACE_OUTER_BOUND ( 'NONE', #5165, .T. ) ;
#1166 = STYLED_ITEM ( 'NONE', ( #4241 ), #5714 ) ;
#1167 = CYLINDRICAL_SURFACE ( 'NONE', #1606, 0.1124999999999999750 ) ;
#1168 = PRESENTATION_STYLE_ASSIGNMENT (( #1264 ) ) ;
#1169 = B_SPLINE_CURVE_WITH_KNOTS ( 'NONE', 3,
 ( #3669, #7714, #1086, #1787, #6247, #8380, #3028, #8289, #5112, #2988, #6895 ),
 .UNSPECIFIED., .F., .F.,
 ( 4, 1, 1, 1, 1, 1, 1, 1, 4 ),
 ( 0.000000000000000000, 0.1166030543420178006, 0.2281346226164190083, 0.3367167695462400245, 0.4469676751317940289, 0.5628526744146220562, 0.6923310109054329198, 0.8371072068118620146, 1.000000000000000000 ),
 .UNSPECIFIED. ) ;
#1170 = CARTESIAN_POINT ( 'NONE',  ( -0.4500000000000000111, 0.2000000000000000111, -0.5000000000000000000 ) ) ;
#1171 = CARTESIAN_POINT ( 'NONE',  ( -0.7500000000000000000, 0.000000000000000000, -0.7500000000000000000 ) ) ;
#1172 = ORIENTED_EDGE ( 'NONE', *, *, #3348, .T. ) ;
#1173 = CARTESIAN_POINT ( 'NONE',  ( -0.08892307692307700739, 0.5400000000000000355, -0.5615384615384619860 ) ) ;
#1174 = PLANE ( 'NONE',  #4184 ) ;
#1175 =( GEOMETRIC_REPRESENTATION_CONTEXT ( 3 ) GLOBAL_UNCERTAINTY_ASSIGNED_CONTEXT ( ( #6532 ) ) GLOBAL_UNIT_ASSIGNED_CONTEXT ( ( #5658, #313, #2960 ) ) REPRESENTATION_CONTEXT ( 'NONE', 'WORKASPACE' ) );
#1176 = VECTOR ( 'NONE', #6794, 1000.000000000000000 ) ;
#1177 = AXIS2_PLACEMENT_3D ( 'NONE', #4865, #3316, #1344 ) ;
#1178 = ORIENTED_EDGE ( 'NONE', *, *, #5155, .T. ) ;
#1179 = SURFACE_STYLE_USAGE ( .BOTH. , #1964 ) ;
#1180 = COLOUR_RGB ( '',0.2000000000000000111, 0.2000000000000000111, 0.2000000000000000111 ) ;
#1181 = ORIENTED_EDGE ( 'NONE', *, *, #8545, .F. ) ;
#1182 = CARTESIAN_POINT ( 'NONE',  ( -0.1905810265405794846, 0.5400000000000000355, -0.3993813341357519975 ) ) ;
#1183 = AXIS2_PLACEMENT_3D ( 'NONE', #5832, #6571, #7824 ) ;
#1184 = ORIENTED_EDGE ( 'NONE', *, *, #2626, .T. ) ;
#1185 = FACE_OUTER_BOUND ( 'NONE', #3688, .T. ) ;
#1186 = ADVANCED_FACE ( 'NONE', ( #8592 ), #5282, .T. ) ;
#1187 = PRESENTATION_STYLE_ASSIGNMENT (( #1839 ) ) ;
#1188 = EDGE_CURVE ( 'NONE', #4056, #2498, #3793, .T. ) ;
#1189 = CARTESIAN_POINT ( 'NONE',  ( -0.1177692307692307927, 0.5410000000000000364, -0.5615384615384619860 ) ) ;
#1190 = DIRECTION ( 'NONE',  ( -1.000000000000000000, 0.000000000000000000, 0.000000000000000000 ) ) ;
#1191 = CARTESIAN_POINT ( 'NONE',  ( 0.5743924278846159748, 0.5410000000000000364, -0.5569411057692310596 ) ) ;
#1192 = CARTESIAN_POINT ( 'NONE',  ( -0.1171454048708797935, 0.5400000000000000355, -0.4080834824016479900 ) ) ;
#1193 = VERTEX_POINT ( 'NONE', #558 ) ;
#1194 = EDGE_CURVE ( 'NONE', #4600, #4290, #7856, .T. ) ;
#1195 = ORIENTED_EDGE ( 'NONE', *, *, #5568, .F. ) ;
#1196 = ORIENTED_EDGE ( 'NONE', *, *, #7141, .F. ) ;
#1197 = EDGE_CURVE ( 'NONE', #5887, #869, #5092, .T. ) ;
#1198 = MECHANICAL_DESIGN_GEOMETRIC_PRESENTATION_REPRESENTATION (  '', ( #5211 ), #642 ) ;
#1199 = PRESENTATION_LAYER_ASSIGNMENT (  '', '', ( #4919 ) ) ;
#1200 = FILL_AREA_STYLE_COLOUR ( '', #69 ) ;
#1201 = PRESENTATION_STYLE_ASSIGNMENT (( #5665 ) ) ;
#1202 = CARTESIAN_POINT ( 'NONE',  ( -0.1994800594162440266, 0.5400000000000000355, -0.5107571780568739284 ) ) ;
#1203 =( GEOMETRIC_REPRESENTATION_CONTEXT ( 3 ) GLOBAL_UNCERTAINTY_ASSIGNED_CONTEXT ( ( #2076 ) ) GLOBAL_UNIT_ASSIGNED_CONTEXT ( ( #7083, #4333, #7774 ) ) REPRESENTATION_CONTEXT ( 'NONE', 'WORKASPACE' ) );
#1204 = PRESENTATION_LAYER_ASSIGNMENT (  '', '', ( #4928 ) ) ;
#1205 = CARTESIAN_POINT ( 'NONE',  ( -0.2424477250215344992, 0.5410000000000000364, -0.5905840272957399995 ) ) ;
#1206 = EDGE_LOOP ( 'NONE', ( #685, #5215, #8369, #7592 ) ) ;
#1207 = VERTEX_POINT ( 'NONE', #7658 ) ;
#1208 = PRESENTATION_STYLE_ASSIGNMENT (( #638 ) ) ;
#1209 = SURFACE_SIDE_STYLE ('',( #4484 ) ) ;
#1210 = CARTESIAN_POINT ( 'NONE',  ( 0.1632500000000000062, 0.5410000000000000364, -0.4548076923076930234 ) ) ;
#1211 = CARTESIAN_POINT ( 'NONE',  ( -0.7500000000000000000, 0.000000000000000000, -0.7500000000000000000 ) ) ;
#1212 = FACE_OUTER_BOUND ( 'NONE', #6625, .T. ) ;
#1213 = CARTESIAN_POINT ( 'NONE',  ( -0.2170995668984779803, 0.5400000000000000355, -0.5781893902425889742 ) ) ;
#1214 = DIRECTION ( 'NONE',  ( 0.000000000000000000, 0.000000000000000000, 1.000000000000000000 ) ) ;
#1215 = ORIENTED_EDGE ( 'NONE', *, *, #5911, .T. ) ;
#1216 = FACE_OUTER_BOUND ( 'NONE', #4524, .T. ) ;
#1217 = DIRECTION ( 'NONE',  ( 0.000000000000000000, -1.000000000000000000, 0.000000000000000000 ) ) ;
#1218 = CARTESIAN_POINT ( 'NONE',  ( -0.7500000000000000000, 0.2000000000000000111, -0.5999999999999999778 ) ) ;
#1219 = DIRECTION ( 'NONE',  ( 0.000000000000000000, 0.000000000000000000, 1.000000000000000000 ) ) ;
#1220 =( LENGTH_UNIT ( ) NAMED_UNIT ( * ) SI_UNIT ( .MILLI., .METRE. ) );
#1221 = ORIENTED_EDGE ( 'NONE', *, *, #8012, .F. ) ;
#1222 = EDGE_CURVE ( 'NONE', #4029, #1879, #3104, .T. ) ;
#1223 = CARTESIAN_POINT ( 'NONE',  ( 0.1962878605769229901, 0.5400000000000000355, -0.4836538461538459899 ) ) ;
#1224 = VERTEX_POINT ( 'NONE', #2423 ) ;
#1225 = CARTESIAN_POINT ( 'NONE',  ( -0.2130017127440134994, 0.5400000000000000355, -0.4064605409989049956 ) ) ;
#1226 = VERTEX_POINT ( 'NONE', #1769 ) ;
#1227 = CARTESIAN_POINT ( 'NONE',  ( 0.4110312500000000147, 0.5410000000000000364, -0.5049729567307689182 ) ) ;
#1228 = CARTESIAN_POINT ( 'NONE',  ( -0.1000000000000000056, 0.2000000000000000111, -0.7510000000000000009 ) ) ;
#1230 = EDGE_CURVE ( 'NONE', #2008, #6810, #7741, .T. ) ;
#1229 = PRESENTATION_STYLE_ASSIGNMENT (( #568 ) ) ;
#1231 = ADVANCED_FACE ( 'NONE', ( #1727 ), #8409, .F. ) ;
#1232 = FILL_AREA_STYLE_COLOUR ( '', #5475 ) ;
#1233 = CARTESIAN_POINT ( 'NONE',  ( -0.1122021815697672037, 0.5410000000000000364, -0.4573793852214829703 ) ) ;
#1234 = SURFACE_SIDE_STYLE ('',( #4509 ) ) ;
#1235 = DIRECTION ( 'NONE',  ( 0.5625888511709958850, 0.000000000000000000, 0.8267368290684158350 ) ) ;
#1236 = UNCERTAINTY_MEASURE_WITH_UNIT (LENGTH_MEASURE( 1.000000000000000082E-05 ), #7260, 'distance_accuracy_value', 'NONE');
#1237 = DIRECTION ( 'NONE',  ( -1.000000000000000000, 0.000000000000000000, 5.421010862427530059E-16 ) ) ;
#1238 = EDGE_CURVE ( 'NONE', #6899, #1073, #7015, .T. ) ;
#1239 = VERTEX_POINT ( 'NONE', #3651 ) ;
#1240 = STYLED_ITEM ( 'NONE', ( #2338 ), #4939 ) ;
#1241 = ORIENTED_EDGE ( 'NONE', *, *, #3086, .T. ) ;
#1242 = STYLED_ITEM ( 'NONE', ( #8077 ), #3750 ) ;
#1243 = SURFACE_SIDE_STYLE ('',( #5842 ) ) ;
#1244 = UNCERTAINTY_MEASURE_WITH_UNIT (LENGTH_MEASURE( 1.000000000000000082E-05 ), #7845, 'distance_accuracy_value', 'NONE');
#1245 = EDGE_CURVE ( 'NONE', #7519, #3369, #2328, .T. ) ;
#1246 = VECTOR ( 'NONE', #6869, 1000.000000000000000 ) ;
#1247 = DIRECTION ( 'NONE',  ( 0.000000000000000000, 0.000000000000000000, 1.000000000000000000 ) ) ;
#1248 = CARTESIAN_POINT ( 'NONE',  ( 0.6943293269230770282, 0.5410000000000000364, -0.4000000000000000222 ) ) ;
#1249 =( GEOMETRIC_REPRESENTATION_CONTEXT ( 3 ) GLOBAL_UNCERTAINTY_ASSIGNED_CONTEXT ( ( #7488 ) ) GLOBAL_UNIT_ASSIGNED_CONTEXT ( ( #2063, #5393, #711 ) ) REPRESENTATION_CONTEXT ( 'NONE', 'WORKASPACE' ) );
#1250 = EDGE_CURVE ( 'NONE', #7938, #6689, #3776, .T. ) ;
#1251 = AXIS2_PLACEMENT_3D ( 'NONE', #7029, #379, #2484 ) ;
#1252 = DIRECTION ( 'NONE',  ( 0.000000000000000000, -1.000000000000000000, 0.000000000000000000 ) ) ;
#1253 = CARTESIAN_POINT ( 'NONE',  ( -0.1818481207577199721, 0.5410000000000000364, -0.4246521533374559842 ) ) ;
#1254 = CARTESIAN_POINT ( 'NONE',  ( -0.2474659732470690376, 0.5400000000000000355, -0.5690597549304229341 ) ) ;
#1255 = ORIENTED_EDGE ( 'NONE', *, *, #8171, .F. ) ;
#1256 = ORIENTED_EDGE ( 'NONE', *, *, #295, .F. ) ;
#1257 = PRESENTATION_STYLE_ASSIGNMENT (( #2556 ) ) ;
#1258 = AXIS2_PLACEMENT_3D ( 'NONE', #71, #115, #6761 ) ;
#1259 = DIRECTION ( 'NONE',  ( 0.000000000000000000, 1.000000000000000000, 0.000000000000000000 ) ) ;
#1260 =( GEOMETRIC_REPRESENTATION_CONTEXT ( 3 ) GLOBAL_UNCERTAINTY_ASSIGNED_CONTEXT ( ( #2623 ) ) GLOBAL_UNIT_ASSIGNED_CONTEXT ( ( #6929, #280, #3523 ) ) REPRESENTATION_CONTEXT ( 'NONE', 'WORKASPACE' ) );
#1261 = CARTESIAN_POINT ( 'NONE',  ( -0.4500000000000000111, 0.000000000000000000, -0.2999999999999999889 ) ) ;
#1262 = MECHANICAL_DESIGN_GEOMETRIC_PRESENTATION_REPRESENTATION (  '', ( #1806 ), #3996 ) ;
#1263 =( GEOMETRIC_REPRESENTATION_CONTEXT ( 3 ) GLOBAL_UNCERTAINTY_ASSIGNED_CONTEXT ( ( #1383 ) ) GLOBAL_UNIT_ASSIGNED_CONTEXT ( ( #3927, #5242, #4492 ) ) REPRESENTATION_CONTEXT ( 'NONE', 'WORKASPACE' ) );
#1264 = SURFACE_STYLE_USAGE ( .BOTH. , #5547 ) ;
#1265 = CARTESIAN_POINT ( 'NONE',  ( -0.1677085785985645006, 0.5400000000000000355, -0.6018813299372358649 ) ) ;
#1266 = AXIS2_PLACEMENT_3D ( 'NONE', #1644, #4875, #5621 ) ;
#1267 = ORIENTED_EDGE ( 'NONE', *, *, #2390, .T. ) ;
#1268 = SURFACE_STYLE_USAGE ( .BOTH. , #4491 ) ;
#1269 = SURFACE_STYLE_USAGE ( .BOTH. , #603 ) ;
#1270 = LINE ( 'NONE', #1351, #7069 ) ;
#1271 = CARTESIAN_POINT ( 'NONE',  ( 0.1632500000000000062, 0.5410000000000000364, -0.4548076923076930234 ) ) ;
#1272 = LINE ( 'NONE', #3877, #7190 ) ;
#1273 = ORIENTED_EDGE ( 'NONE', *, *, #2895, .T. ) ;
#1274 = PRESENTATION_STYLE_ASSIGNMENT (( #7197 ) ) ;
#1275 = ORIENTED_EDGE ( 'NONE', *, *, #7492, .F. ) ;
#1276 = CARTESIAN_POINT ( 'NONE',  ( -0.1706457404752509954, 0.5410000000000000364, -0.3971766855526644990 ) ) ;
#1277 = ORIENTED_EDGE ( 'NONE', *, *, #4352, .F. ) ;
#1278 = CARTESIAN_POINT ( 'NONE',  ( -0.1133886877017684092, 0.5400000000000000355, -0.4524699031995320087 ) ) ;
#1279 = DIRECTION ( 'NONE',  ( 1.000000000000000000, 0.000000000000000000, 0.000000000000000000 ) ) ;
#1280 = FACE_OUTER_BOUND ( 'NONE', #1533, .T. ) ;
#1281 = VECTOR ( 'NONE', #4118, 1000.000000000000000 ) ;
#1282 = CARTESIAN_POINT ( 'NONE',  ( -0.2472964533494095285, 0.5410000000000000364, -0.5588152537271879883 ) ) ;
#1283 = CARTESIAN_POINT ( 'NONE',  ( 0.6037539455892280138, 0.5400000000000000355, -0.5617767343411270708 ) ) ;
#1284 = FILL_AREA_STYLE ('',( #3806 ) ) ;
#1285 = CARTESIAN_POINT ( 'NONE',  ( -0.4500000000000000111, 0.000000000000000000, 0.2999999999999999889 ) ) ;
#1286 = CARTESIAN_POINT ( 'NONE',  ( -0.1188419476726431945, 0.5410000000000000364, -0.5175205786878439573 ) ) ;
#1287 = ORIENTED_EDGE ( 'NONE', *, *, #149, .F. ) ;
#1288 = B_SPLINE_CURVE_WITH_KNOTS ( 'NONE', 3,
 ( #4983, #5646, #3753, #4375, #3121, #7075, #3582, #6943, #1834, #8292, #6424, #6292, #1702, #4414, #7717, #6251, #2947, #5025, #7629, #4286, #1133, #423, #7588, #3078, #471, #2351, #5777 ),
 .UNSPECIFIED., .F., .F.,
 ( 4, 1, 1, 1, 1, 1, 1, 1, 1, 1, 1, 1, 1, 1, 1, 1, 1, 1, 1, 1, 1, 1, 1, 1, 4 ),
 ( 0.000000000000000000, 0.05199564215804430151, 0.1021380340656902058, 0.1501827220153360010, 0.1966013327728065030, 0.2412178248027904981, 0.2841079219105859810, 0.3257237703793450234, 0.3660408151597255300, 0.4055685105248190148, 0.4440747855081845219, 0.4824877317722389702, 0.5205139699452090429, 0.5586552483025769567, 0.5971066514732660258, 0.6358370881222780158, 0.6753113315422100138, 0.7150122487180079478, 0.7545452853026879403, 0.7942488615265570484, 0.8344295135974729716, 0.8746193604760259532, 0.9155380981681490171, 0.9573753259170180163, 1.000000000000000000 ),
 .UNSPECIFIED. ) ;
#1289 = ORIENTED_EDGE ( 'NONE', *, *, #7734, .T. ) ;
#1290 = CARTESIAN_POINT ( 'NONE',  ( 0.7500000000000000000, 0.2000000000000000111, 0.2000000000000000111 ) ) ;
#1291 = FILL_AREA_STYLE_COLOUR ( '', #4443 ) ;
#1292 = CARTESIAN_POINT ( 'NONE',  ( -0.2127011622994650075, 0.5410000000000000364, -0.5158525021080420103 ) ) ;
#1293 = MECHANICAL_DESIGN_GEOMETRIC_PRESENTATION_REPRESENTATION (  '', ( #3889 ), #630 ) ;
#1294 = CARTESIAN_POINT ( 'NONE',  ( -0.2475769230769230000, 0.5400000000000000355, -0.5662710336538460121 ) ) ;
#1295 = ORIENTED_EDGE ( 'NONE', *, *, #5223, .F. ) ;
#1296 = ORIENTED_EDGE ( 'NONE', *, *, #4183, .F. ) ;
#1297 = FACE_OUTER_BOUND ( 'NONE', #738, .T. ) ;
#1298 = VECTOR ( 'NONE', #2595, 1000.000000000000000 ) ;
#1299 = ADVANCED_FACE ( 'NONE', ( #1070 ), #4240, .T. ) ;
#1300 = CARTESIAN_POINT ( 'NONE',  ( -0.2474659732470690376, 0.5400000000000000355, -0.5690597549304229341 ) ) ;
#1301 = EDGE_CURVE ( 'NONE', #7149, #8170, #8532, .T. ) ;
#1302 = FILL_AREA_STYLE_COLOUR ( '', #5623 ) ;
#1303 = SURFACE_STYLE_FILL_AREA ( #5940 ) ;
#1304 =( NAMED_UNIT ( * ) SI_UNIT ( $, .STERADIAN. ) SOLID_ANGLE_UNIT ( ) );
#1305 =( NAMED_UNIT ( * ) SI_UNIT ( $, .STERADIAN. ) SOLID_ANGLE_UNIT ( ) );
#1306 =( NAMED_UNIT ( * ) PLANE_ANGLE_UNIT ( ) SI_UNIT ( $, .RADIAN. ) );
#1307 = ORIENTED_EDGE ( 'NONE', *, *, #4831, .F. ) ;
#1308 = CARTESIAN_POINT ( 'NONE',  ( -0.1708641826923079921, 0.5410000000000000364, -0.6278846153846159295 ) ) ;
#1309 = CARTESIAN_POINT ( 'NONE',  ( 0.1035096153846152001, 0.5410000000000000364, -0.5067307692307689848 ) ) ;
#1310 = CARTESIAN_POINT ( 'NONE',  ( 0.000000000000000000, 0.5400000000000000355, 1.626303258728255172E-16 ) ) ;
#1311 = DIRECTION ( 'NONE',  ( 0.000000000000000000, 0.000000000000000000, -1.000000000000000000 ) ) ;
#1312 = CARTESIAN_POINT ( 'NONE',  ( -0.7500000000000000000, 0.000000000000000000, -0.7500000000000000000 ) ) ;
#1313 = ORIENTED_EDGE ( 'NONE', *, *, #2926, .T. ) ;
#1314 = PRESENTATION_LAYER_ASSIGNMENT (  '', '', ( #5457 ) ) ;
#1315 =( LENGTH_UNIT ( ) NAMED_UNIT ( * ) SI_UNIT ( .MILLI., .METRE. ) );
#1316 = CARTESIAN_POINT ( 'NONE',  ( 0.2000000000000000111, 0.2000000000000000111, 0.5000000000000000000 ) ) ;
#1317 = VECTOR ( 'NONE', #8062, 1000.000000000000000 ) ;
#1318 = CARTESIAN_POINT ( 'NONE',  ( -0.2346164057186235219, 0.5400000000000000355, -0.4220427080481040094 ) ) ;
#1319 = VERTEX_POINT ( 'NONE', #5188 ) ;
#1320 = CARTESIAN_POINT ( 'NONE',  ( -0.09857186246480900693, 0.5410000000000000364, -0.4228577710924480426 ) ) ;
#1321 = CARTESIAN_POINT ( 'NONE',  ( -0.2559833218123515053, 0.5400000000000000355, -0.4720121237791889968 ) ) ;
#1322 = PLANE ( 'NONE',  #4927 ) ;
#1323 = CARTESIAN_POINT ( 'NONE',  ( -0.2475769230769230000, 0.5400000000000000355, -0.5662710336538460121 ) ) ;
#1324 = PRESENTATION_LAYER_ASSIGNMENT (  '', '', ( #6847 ) ) ;
#1325 = PRESENTATION_STYLE_ASSIGNMENT (( #8516 ) ) ;
#1326 = LINE ( 'NONE', #1411, #406 ) ;
#1327 = CARTESIAN_POINT ( 'NONE',  ( 0.3705564903846155222, 0.5400000000000000355, -0.5644230769230770273 ) ) ;
#1328 = PRESENTATION_LAYER_ASSIGNMENT (  '', '', ( #7266 ) ) ;
#1329 = FILL_AREA_STYLE_COLOUR ( '', #8523 ) ;
#1330 = COLOUR_RGB ( '',0.2509803921568627416, 0.2509803921568627416, 0.2509803921568627416 ) ;
#1331 = ORIENTED_EDGE ( 'NONE', *, *, #6947, .T. ) ;
#1332 = ORIENTED_EDGE ( 'NONE', *, *, #6219, .F. ) ;
#1333 = SURFACE_STYLE_USAGE ( .BOTH. , #8481 ) ;
#1334 = CARTESIAN_POINT ( 'NONE',  ( 0.6012909414260501073, 0.5410000000000000364, -0.5682149546660969497 ) ) ;
#1335 = CARTESIAN_POINT ( 'NONE',  ( -0.2330325201275414981, 0.5410000000000000364, -0.6048957690085479122 ) ) ;
#1336 = VECTOR ( 'NONE', #7096, 1000.000000000000000 ) ;
#1337 = VERTEX_POINT ( 'NONE', #1943 ) ;
#1338 = ORIENTED_EDGE ( 'NONE', *, *, #2045, .T. ) ;
#1339 = CARTESIAN_POINT ( 'NONE',  ( -0.2472454237555125056, 0.5400000000000000355, -0.5746032610398930096 ) ) ;
#1340 = UNCERTAINTY_MEASURE_WITH_UNIT (LENGTH_MEASURE( 1.000000000000000082E-05 ), #5521, 'distance_accuracy_value', 'NONE');
#1341 = CARTESIAN_POINT ( 'NONE',  ( 0.4228401442307689884, 0.5410000000000000364, -0.5214693509615390132 ) ) ;
#1342 = DIRECTION ( 'NONE',  ( 0.000000000000000000, 0.000000000000000000, 1.000000000000000000 ) ) ;
#1343 = PRESENTATION_LAYER_ASSIGNMENT (  '', '', ( #2854 ) ) ;
#1344 = DIRECTION ( 'NONE',  ( 1.000000000000000000, 0.000000000000000000, 0.000000000000000000 ) ) ;
#1345 = CARTESIAN_POINT ( 'NONE',  ( -0.7500000000000000000, 0.2000000000000000111, -0.2000000000000000111 ) ) ;
#1346 = EDGE_CURVE ( 'NONE', #727, #7795, #206, .T. ) ;
#1347 = DIRECTION ( 'NONE',  ( 1.355252715606881923E-15, 0.000000000000000000, -1.000000000000000000 ) ) ;
#1348 = VERTEX_POINT ( 'NONE', #2066 ) ;
#1349 =( NAMED_UNIT ( * ) SI_UNIT ( $, .STERADIAN. ) SOLID_ANGLE_UNIT ( ) );
#1350 = COLOUR_RGB ( '',0.2000000000000000111, 0.2000000000000000111, 0.2000000000000000111 ) ;
#1351 = CARTESIAN_POINT ( 'NONE',  ( 0.5163846153846158860, 0.5410000000000000364, -0.4000000000000000222 ) ) ;
#1352 = DIRECTION ( 'NONE',  ( 0.000000000000000000, 0.000000000000000000, 1.000000000000000000 ) ) ;
#1353 = EDGE_CURVE ( 'NONE', #1424, #7520, #3421, .T. ) ;
#1354 = LINE ( 'NONE', #3970, #2639 ) ;
#1355 = CARTESIAN_POINT ( 'NONE',  ( -0.2186967959201885081, 0.5410000000000000364, -0.5694880595887380492 ) ) ;
#1356 = VERTEX_POINT ( 'NONE', #2840 ) ;
#1357 =( LENGTH_UNIT ( ) NAMED_UNIT ( * ) SI_UNIT ( .MILLI., .METRE. ) );
#1358 = EDGE_LOOP ( 'NONE', ( #982, #2963, #1555, #94 ) ) ;
#1359 = CARTESIAN_POINT ( 'NONE',  ( -0.1620856204829140002, 0.5400000000000000355, -0.4231231678310990452 ) ) ;
#1360 = CARTESIAN_POINT ( 'NONE',  ( -0.2130017127440134994, 0.5400000000000000355, -0.4064605409989049956 ) ) ;
#1361 = PRESENTATION_STYLE_ASSIGNMENT (( #4589 ) ) ;
#1362 = PLANE ( 'NONE',  #2420 ) ;
#1363 = DIRECTION ( 'NONE',  ( 0.000000000000000000, 0.000000000000000000, 1.000000000000000000 ) ) ;
#1364 = SURFACE_STYLE_FILL_AREA ( #2620 ) ;
#1365 = ORIENTED_EDGE ( 'NONE', *, *, #4247, .F. ) ;
#1366 = ORIENTED_EDGE ( 'NONE', *, *, #5750, .F. ) ;
#1367 = CARTESIAN_POINT ( 'NONE',  ( -0.1179910630197699983, 0.5410000000000000364, -0.5631486295770469219 ) ) ;
#1368 = SURFACE_STYLE_FILL_AREA ( #2668 ) ;
#1369 = ADVANCED_FACE ( 'NONE', ( #6875 ), #7480, .T. ) ;
#1370 = PRESENTATION_STYLE_ASSIGNMENT (( #7215 ) ) ;
#1371 =( LENGTH_UNIT ( ) NAMED_UNIT ( * ) SI_UNIT ( .MILLI., .METRE. ) );
#1372 = VECTOR ( 'NONE', #1487, 1000.000000000000000 ) ;
#1373 = LINE ( 'NONE', #2632, #7192 ) ;
#1374 = CARTESIAN_POINT ( 'NONE',  ( -0.1917896074732469980, 0.5410000000000000364, -0.6261913929388329692 ) ) ;
#1375 = EDGE_LOOP ( 'NONE', ( #1944, #6284, #346, #5234 ) ) ;
#1376 = ORIENTED_EDGE ( 'NONE', *, *, #5645, .F. ) ;
#1377 = B_SPLINE_CURVE_WITH_KNOTS ( 'NONE', 3,
 ( #4020, #8563, #26, #6677, #701, #3884, #6604, #1320, #7822, #5216, #658, #1883, #4544, #8512, #3973, #6043, #3938, #2051, #5999 ),
 .UNSPECIFIED., .F., .F.,
 ( 4, 1, 1, 1, 1, 1, 1, 1, 1, 1, 1, 1, 1, 1, 1, 1, 4 ),
 ( 0.000000000000000000, 0.07553837340051890170, 0.1498854916411914151, 0.2258141755194069955, 0.3038001418451710123, 0.3435599316799964886, 0.3831447373253785149, 0.4227841908135854809, 0.4627069812006890381, 0.5033781343516959828, 0.5448507755346719827, 0.5871273664961490502, 0.6305003314922320579, 0.7191107335206790019, 0.8094579908807919555, 0.9025214665478270559, 1.000000000000000000 ),
 .UNSPECIFIED. ) ;
#1378 = STYLED_ITEM ( 'NONE', ( #2329 ), #5369 ) ;
#1379 = UNCERTAINTY_MEASURE_WITH_UNIT (LENGTH_MEASURE( 1.000000000000000082E-05 ), #5709, 'distance_accuracy_value', 'NONE');
#1380 = MECHANICAL_DESIGN_GEOMETRIC_PRESENTATION_REPRESENTATION (  '', ( #4827 ), #3433 ) ;
#1381 = CARTESIAN_POINT ( 'NONE',  ( -0.1188419476726431945, 0.5400000000000000355, -0.5175205786878439573 ) ) ;
#1382 = FILL_AREA_STYLE_COLOUR ( '', #1949 ) ;
#1383 = UNCERTAINTY_MEASURE_WITH_UNIT (LENGTH_MEASURE( 1.000000000000000082E-05 ), #3927, 'distance_accuracy_value', 'NONE');
#1384 = CARTESIAN_POINT ( 'NONE',  ( 0.2642115384615384976, 0.5410000000000000364, -0.4548076923076930234 ) ) ;
#1385 = PRESENTATION_LAYER_ASSIGNMENT (  '', '', ( #3175 ) ) ;
#1386 = EDGE_LOOP ( 'NONE', ( #1856, #5275, #5563, #2048 ) ) ;
#1387 = CARTESIAN_POINT ( 'NONE',  ( -0.1236583329622904098, 0.5400000000000000355, -0.6178482995793400656 ) ) ;
#1388 = PRESENTATION_STYLE_ASSIGNMENT (( #1269 ) ) ;
#1389 =( NAMED_UNIT ( * ) PLANE_ANGLE_UNIT ( ) SI_UNIT ( $, .RADIAN. ) );
#1390 = MECHANICAL_DESIGN_GEOMETRIC_PRESENTATION_REPRESENTATION (  '', ( #825 ), #4133 ) ;
#1391 = STYLED_ITEM ( 'NONE', ( #2405 ), #1 ) ;
#1392 =( NAMED_UNIT ( * ) SI_UNIT ( $, .STERADIAN. ) SOLID_ANGLE_UNIT ( ) );
#1393 = B_SPLINE_CURVE_WITH_KNOTS ( 'NONE', 3,
 ( #3227, #7880, #92, #1334, #8577, #2116, #4037, #2672, #4735, #7346, #7390 ),
 .UNSPECIFIED., .F., .F.,
 ( 4, 1, 1, 1, 1, 1, 1, 1, 4 ),
 ( 0.000000000000000000, 0.1556631248086499941, 0.3025512614623009910, 0.4408923213177379785, 0.5697895411361190154, 0.6908090595716239735, 0.8023835426132559512, 0.9057478284663439405, 1.000000000000000000 ),
 .UNSPECIFIED. ) ;
#1394 = VECTOR ( 'NONE', #6080, 1000.000000000000000 ) ;
#1395 = DIRECTION ( 'NONE',  ( 0.000000000000000000, 0.000000000000000000, 1.000000000000000000 ) ) ;
#1396 = STYLED_ITEM ( 'NONE', ( #1955 ), #4280 ) ;
#1397 = DIRECTION ( 'NONE',  ( 0.000000000000000000, 0.000000000000000000, 1.000000000000000000 ) ) ;
#1398 = AXIS2_PLACEMENT_3D ( 'NONE', #2103, #792, #3419 ) ;
#1399 = DIRECTION ( 'NONE',  ( 0.000000000000000000, -1.000000000000000000, 0.000000000000000000 ) ) ;
#1400 =( GEOMETRIC_REPRESENTATION_CONTEXT ( 3 ) GLOBAL_UNCERTAINTY_ASSIGNED_CONTEXT ( ( #4662 ) ) GLOBAL_UNIT_ASSIGNED_CONTEXT ( ( #2391, #1742, #6940 ) ) REPRESENTATION_CONTEXT ( 'NONE', 'WORKASPACE' ) );
#1401 = EDGE_LOOP ( 'NONE', ( #2155, #7301, #4000, #6162 ) ) ;
#1402 = CARTESIAN_POINT ( 'NONE',  ( -0.2443491818503800150, 0.5400000000000000355, -0.4349514533392625504 ) ) ;
#1403 = EDGE_CURVE ( 'NONE', #8377, #5167, #6831, .T. ) ;
#1404 = ORIENTED_EDGE ( 'NONE', *, *, #6959, .F. ) ;
#1405 = LINE ( 'NONE', #5335, #6694 ) ;
#1406 =( NAMED_UNIT ( * ) PLANE_ANGLE_UNIT ( ) SI_UNIT ( $, .RADIAN. ) );
#1407 = DIRECTION ( 'NONE',  ( 0.000000000000000000, 0.000000000000000000, -1.000000000000000000 ) ) ;
#1408 =( NAMED_UNIT ( * ) PLANE_ANGLE_UNIT ( ) SI_UNIT ( $, .RADIAN. ) );
#1409 = EDGE_CURVE ( 'NONE', #4728, #7745, #5526, .T. ) ;
#1410 = CARTESIAN_POINT ( 'NONE',  ( -0.2142172176120230032, 0.5400000000000000355, -0.5524434557812660795 ) ) ;
#1411 = CARTESIAN_POINT ( 'NONE',  ( -0.008990384615384679548, 0.5410000000000000364, -0.6250000000000000000 ) ) ;
#1412 = CARTESIAN_POINT ( 'NONE',  ( -0.7500000000000000000, 0.000000000000000000, -0.7500000000000000000 ) ) ;
#1413 = CARTESIAN_POINT ( 'NONE',  ( 0.3979152644230770086, 0.5410000000000000364, -0.5242187500000000666 ) ) ;
#1414 = EDGE_CURVE ( 'NONE', #4655, #7339, #1596, .T. ) ;
#1415 = DIRECTION ( 'NONE',  ( 0.000000000000000000, -1.000000000000000000, 0.000000000000000000 ) ) ;
#1416 = ORIENTED_EDGE ( 'NONE', *, *, #1346, .T. ) ;
#1417 = VERTEX_POINT ( 'NONE', #4213 ) ;
#1418 = VECTOR ( 'NONE', #4911, 1000.000000000000000 ) ;
#1419 = LINE ( 'NONE', #7305, #3804 ) ;
#1420 = PLANE ( 'NONE',  #8472 ) ;
#1421 = DIRECTION ( 'NONE',  ( -2.710505431213760099E-16, 0.000000000000000000, 1.000000000000000000 ) ) ;
#1422 = CARTESIAN_POINT ( 'NONE',  ( -0.2127011622994650075, 0.5400000000000000355, -0.5158525021080420103 ) ) ;
#1423 = CARTESIAN_POINT ( 'NONE',  ( -0.1224468609685260001, 0.5410000000000000364, -0.5790742697570379072 ) ) ;
#1424 = VERTEX_POINT ( 'NONE', #4124 ) ;
#1425 = EDGE_LOOP ( 'NONE', ( #1792, #1215, #4303, #6235, #4468, #8383, #2635, #3818, #6185, #1004, #2179, #6310, #8511, #236, #3810 ) ) ;
#1426 = LINE ( 'NONE', #1474, #2492 ) ;
#1427 = UNCERTAINTY_MEASURE_WITH_UNIT (LENGTH_MEASURE( 1.000000000000000082E-05 ), #3017, 'distance_accuracy_value', 'NONE');
#1428 = CIRCLE ( 'NONE', #3887, 0.04999999999999999584 ) ;
#1429 = FILL_AREA_STYLE ('',( #1302 ) ) ;
#1430 = FACE_OUTER_BOUND ( 'NONE', #5001, .T. ) ;
#1431 = PLANE ( 'NONE',  #7065 ) ;
#1432 = DIRECTION ( 'NONE',  ( 0.000000000000000000, 0.000000000000000000, 1.000000000000000000 ) ) ;
#1433 = AXIS2_PLACEMENT_3D ( 'NONE', #4340, #7004, #3094 ) ;
#1434 = EDGE_LOOP ( 'NONE', ( #2170, #1983, #4569, #6377 ) ) ;
#1435 = FILL_AREA_STYLE ('',( #153 ) ) ;
#1436 = SURFACE_STYLE_FILL_AREA ( #4139 ) ;
#1437 =( GEOMETRIC_REPRESENTATION_CONTEXT ( 3 ) GLOBAL_UNCERTAINTY_ASSIGNED_CONTEXT ( ( #3050 ) ) GLOBAL_UNIT_ASSIGNED_CONTEXT ( ( #8133, #2954, #217 ) ) REPRESENTATION_CONTEXT ( 'NONE', 'WORKASPACE' ) );
#1438 = CARTESIAN_POINT ( 'NONE',  ( 0.4110312500000000147, 0.5400000000000000355, -0.5049729567307689182 ) ) ;
#1439 = CARTESIAN_POINT ( 'NONE',  ( -0.5125000000000000666, 0.5400000000000000355, -0.5125000000000000666 ) ) ;
#1440 = CARTESIAN_POINT ( 'NONE',  ( -0.1961995304303104926, 0.5410000000000000364, -0.5981401989413089870 ) ) ;
#1441 = ORIENTED_EDGE ( 'NONE', *, *, #5270, .T. ) ;
#1442 = FACE_OUTER_BOUND ( 'NONE', #1816, .T. ) ;
#1443 = ORIENTED_EDGE ( 'NONE', *, *, #4537, .F. ) ;
#1444 = EDGE_CURVE ( 'NONE', #6584, #4479, #93, .T. ) ;
#1445 = DIRECTION ( 'NONE',  ( 0.000000000000000000, 0.000000000000000000, 1.000000000000000000 ) ) ;
#1446 = PRESENTATION_LAYER_ASSIGNMENT (  '', '', ( #179 ) ) ;
#1447 =( NAMED_UNIT ( * ) SI_UNIT ( $, .STERADIAN. ) SOLID_ANGLE_UNIT ( ) );
#1448 = CARTESIAN_POINT ( 'NONE',  ( -0.2158789537356580190, 0.5400000000000000355, -0.5812795952483249540 ) ) ;
#1449 = DIRECTION ( 'NONE',  ( 0.000000000000000000, 0.000000000000000000, 1.000000000000000000 ) ) ;
#1450 =( NAMED_UNIT ( * ) PLANE_ANGLE_UNIT ( ) SI_UNIT ( $, .RADIAN. ) );
#1451 = COLOUR_RGB ( '',0.2509803921568627416, 0.2509803921568627416, 0.2509803921568627416 ) ;
#1452 =( LENGTH_UNIT ( ) NAMED_UNIT ( * ) SI_UNIT ( .MILLI., .METRE. ) );
#1453 = LINE ( 'NONE', #834, #1812 ) ;
#1454 = PRESENTATION_LAYER_ASSIGNMENT (  '', '', ( #7675 ) ) ;
#1455 = DIRECTION ( 'NONE',  ( 0.000000000000000000, 1.000000000000000000, 0.000000000000000000 ) ) ;
#1456 = ORIENTED_EDGE ( 'NONE', *, *, #6321, .F. ) ;
#1457 = EDGE_CURVE ( 'NONE', #5312, #4125, #6748, .T. ) ;
#1458 = VECTOR ( 'NONE', #6720, 1000.000000000000000 ) ;
#1459 = ORIENTED_EDGE ( 'NONE', *, *, #2234, .T. ) ;
#1460 = DIRECTION ( 'NONE',  ( 2.710505431213760099E-16, 0.000000000000000000, 1.000000000000000000 ) ) ;
#1461 = AXIS2_PLACEMENT_3D ( 'NONE', #6491, #5967, #7958 ) ;
#1462 = UNCERTAINTY_MEASURE_WITH_UNIT (LENGTH_MEASURE( 1.000000000000000082E-05 ), #1808, 'distance_accuracy_value', 'NONE');
#1463 =( NAMED_UNIT ( * ) SI_UNIT ( $, .STERADIAN. ) SOLID_ANGLE_UNIT ( ) );
#1464 = VECTOR ( 'NONE', #2205, 1000.000000000000000 ) ;
#1465 = SURFACE_STYLE_FILL_AREA ( #3591 ) ;
#1466 = PRESENTATION_LAYER_ASSIGNMENT (  '', '', ( #335 ) ) ;
#1467 = CARTESIAN_POINT ( 'NONE',  ( 0.6283437499999999787, 0.5410000000000000364, -0.4951923076923079314 ) ) ;
#1468 = DIRECTION ( 'NONE',  ( 0.000000000000000000, 0.000000000000000000, -1.000000000000000000 ) ) ;
#1469 = VECTOR ( 'NONE', #625, 1000.000000000000000 ) ;
#1470 = CARTESIAN_POINT ( 'NONE',  ( -0.1481948182198011832, 0.5410000000000000364, -0.5994593623064339294 ) ) ;
#1471 = VERTEX_POINT ( 'NONE', #8140 ) ;
#1472 = ORIENTED_EDGE ( 'NONE', *, *, #6428, .T. ) ;
#1473 = AXIS2_PLACEMENT_3D ( 'NONE', #7953, #31, #8606 ) ;
#1474 = CARTESIAN_POINT ( 'NONE',  ( -0.1696923076923075313, 0.5410000000000000364, -0.6019230769230770051 ) ) ;
#1475 =( NAMED_UNIT ( * ) SI_UNIT ( $, .STERADIAN. ) SOLID_ANGLE_UNIT ( ) );
#1476 = UNCERTAINTY_MEASURE_WITH_UNIT (LENGTH_MEASURE( 1.000000000000000082E-05 ), #6526, 'distance_accuracy_value', 'NONE');
#1477 = VECTOR ( 'NONE', #3059, 1000.000000000000000 ) ;
#1478 = SURFACE_STYLE_FILL_AREA ( #7315 ) ;
#1479 = EDGE_LOOP ( 'NONE', ( #2983, #2500, #6319, #7080 ) ) ;
#1480 = CARTESIAN_POINT ( 'NONE',  ( -0.1022123672375030018, 0.5400000000000000355, -0.6002879499601400104 ) ) ;
#1481 = SURFACE_STYLE_USAGE ( .BOTH. , #4705 ) ;
#1482 = LINE ( 'NONE', #6558, #777 ) ;
#1483 = VECTOR ( 'NONE', #1565, 1000.000000000000114 ) ;
#1484 = STYLED_ITEM ( 'NONE', ( #3235 ), #1973 ) ;
#1485 = EDGE_CURVE ( 'NONE', #850, #303, #3945, .T. ) ;
#1486 = CARTESIAN_POINT ( 'NONE',  ( 0.1000000000000000056, 0.2000000000000000111, -0.7510000000000000009 ) ) ;
#1487 = DIRECTION ( 'NONE',  ( -1.355252715606880049E-16, 0.000000000000000000, -1.000000000000000000 ) ) ;
#1488 = COLOUR_RGB ( '',0.2509803921568627416, 0.2509803921568627416, 0.2509803921568627416 ) ;
#1489 = ORIENTED_EDGE ( 'NONE', *, *, #7623, .T. ) ;
#1490 = CARTESIAN_POINT ( 'NONE',  ( 0.1035096153846152001, 0.5410000000000000364, -0.4000000000000000222 ) ) ;
#1491 = ORIENTED_EDGE ( 'NONE', *, *, #4547, .F. ) ;
#1492 = CARTESIAN_POINT ( 'NONE',  ( -0.1758360248831744854, 0.5400000000000000355, -0.5344281369632090106 ) ) ;
#1493 = CARTESIAN_POINT ( 'NONE',  ( 0.4002158939309979901, 0.5410000000000000364, -0.5208546952560979548 ) ) ;
#1494 = CARTESIAN_POINT ( 'NONE',  ( -0.2002655878726240235, 0.5410000000000000364, -0.5965043453206090307 ) ) ;
#1495 =( LENGTH_UNIT ( ) NAMED_UNIT ( * ) SI_UNIT ( .MILLI., .METRE. ) );
#1496 =( NAMED_UNIT ( * ) SI_UNIT ( $, .STERADIAN. ) SOLID_ANGLE_UNIT ( ) );
#1497 = CARTESIAN_POINT ( 'NONE',  ( -0.2000000000000000111, 1.277032961426900037, 0.5000000000000000000 ) ) ;
#1498 = EDGE_CURVE ( 'NONE', #6651, #52, #6788, .T. ) ;
#1499 = EDGE_CURVE ( 'NONE', #5079, #7632, #4302, .T. ) ;
#1500 = ORIENTED_EDGE ( 'NONE', *, *, #422, .T. ) ;
#1501 = VERTEX_POINT ( 'NONE', #5705 ) ;
#1502 = EDGE_CURVE ( 'NONE', #8546, #6544, #8400, .T. ) ;
#1503 = CARTESIAN_POINT ( 'NONE',  ( 0.7500000000000000000, 0.2000000000000000111, -0.2000000000000000111 ) ) ;
#1504 = PRESENTATION_STYLE_ASSIGNMENT (( #6695 ) ) ;
#1505 = DIRECTION ( 'NONE',  ( 1.000000000000000000, 0.000000000000000000, 2.710505431213760099E-16 ) ) ;
#1506 = CARTESIAN_POINT ( 'NONE',  ( -0.2235334721631460075, 0.5400000000000000355, -0.5218270182528670365 ) ) ;
#1507 = PRESENTATION_STYLE_ASSIGNMENT (( #183 ) ) ;
#1508 = LINE ( 'NONE', #2162, #829 ) ;
#1509 = CARTESIAN_POINT ( 'NONE',  ( -0.09857186246480900693, 0.5400000000000000355, -0.4228577710924480426 ) ) ;
#1510 = CARTESIAN_POINT ( 'NONE',  ( -0.1696923076923075313, 0.5410000000000000364, -0.6019230769230770051 ) ) ;
#1511 = ORIENTED_EDGE ( 'NONE', *, *, #3708, .T. ) ;
#1512 = ORIENTED_EDGE ( 'NONE', *, *, #101, .F. ) ;
#1513 = ADVANCED_FACE ( 'NONE', ( #7089 ), #5614, .T. ) ;
#1514 = LINE ( 'NONE', #6792, #1933 ) ;
#1515 = DIRECTION ( 'NONE',  ( 0.000000000000000000, -1.000000000000000000, 0.000000000000000000 ) ) ;
#1516 = EDGE_CURVE ( 'NONE', #5849, #8390, #6647, .T. ) ;
#1517 = DIRECTION ( 'NONE',  ( 0.000000000000000000, 1.000000000000000000, 0.000000000000000000 ) ) ;
#1518 = PLANE ( 'NONE',  #7616 ) ;
#1519 = UNCERTAINTY_MEASURE_WITH_UNIT (LENGTH_MEASURE( 1.000000000000000082E-05 ), #7108, 'distance_accuracy_value', 'NONE');
#1520 = CARTESIAN_POINT ( 'NONE',  ( 0.5871937645863040123, 0.5410000000000000364, -0.5881499448966689414 ) ) ;
#1521 = ORIENTED_EDGE ( 'NONE', *, *, #5802, .T. ) ;
#1522 = CARTESIAN_POINT ( 'NONE',  ( -0.1051100560860577932, 0.5400000000000000355, -0.6038100792800740191 ) ) ;
#1523 = MECHANICAL_DESIGN_GEOMETRIC_PRESENTATION_REPRESENTATION (  '', ( #4269 ), #676 ) ;
#1524 = FILL_AREA_STYLE ('',( #7445 ) ) ;
#1525 = CARTESIAN_POINT ( 'NONE',  ( -0.1427688479722765968, 0.5410000000000000364, -0.4258837717872879791 ) ) ;
#1526 = COLOUR_RGB ( '',0.2000000000000000111, 0.2000000000000000111, 0.2000000000000000111 ) ;
#1527 = CARTESIAN_POINT ( 'NONE',  ( -0.1556111954799055119, 0.5400000000000000355, -0.4986760786176410165 ) ) ;
#1528 = MECHANICAL_DESIGN_GEOMETRIC_PRESENTATION_REPRESENTATION (  '', ( #7182 ), #7462 ) ;
#1529 = FACE_OUTER_BOUND ( 'NONE', #6276, .T. ) ;
#1530 = VECTOR ( 'NONE', #6572, 1000.000000000000000 ) ;
#1531 = DIRECTION ( 'NONE',  ( 0.000000000000000000, -1.000000000000000000, 0.000000000000000000 ) ) ;
#1532 = VECTOR ( 'NONE', #3579, 1000.000000000000000 ) ;
#1533 = EDGE_LOOP ( 'NONE', ( #5179, #7663, #8446, #3587 ) ) ;
#1534 = AXIS2_PLACEMENT_3D ( 'NONE', #7618, #6460, #3697 ) ;
#1535 = CARTESIAN_POINT ( 'NONE',  ( 0.1035096153846152001, 0.5400000000000000355, -0.5326923076923080203 ) ) ;
#1536 = CARTESIAN_POINT ( 'NONE',  ( -0.5500000000000000444, 1.277032961426900037, 0.5999999999999999778 ) ) ;
#1537 = CARTESIAN_POINT ( 'NONE',  ( -0.008990384615384679548, 0.5410000000000000364, -0.5067307692307689848 ) ) ;
#1538 =( GEOMETRIC_REPRESENTATION_CONTEXT ( 3 ) GLOBAL_UNCERTAINTY_ASSIGNED_CONTEXT ( ( #6611 ) ) GLOBAL_UNIT_ASSIGNED_CONTEXT ( ( #7838, #7051, #1897 ) ) REPRESENTATION_CONTEXT ( 'NONE', 'WORKASPACE' ) );
#1539 = CARTESIAN_POINT ( 'NONE',  ( 0.1632500000000000062, 0.5410000000000000364, -0.4836538461538459899 ) ) ;
#1540 = FACE_OUTER_BOUND ( 'NONE', #4469, .T. ) ;
#1541 = COLOUR_RGB ( '',0.6470588235294117974, 0.5176470588235293491, 0.000000000000000000 ) ;
#1542 = SURFACE_SIDE_STYLE ('',( #4151 ) ) ;
#1543 = SURFACE_SIDE_STYLE ('',( #2737 ) ) ;
#1544 = PRESENTATION_LAYER_ASSIGNMENT (  '', '', ( #7897 ) ) ;
#1545 = DIRECTION ( 'NONE',  ( 1.000000000000000000, 0.000000000000000000, 1.445602896647340100E-15 ) ) ;
#1546 = CARTESIAN_POINT ( 'NONE',  ( 0.000000000000000000, 0.1000000000000000056, 0.000000000000000000 ) ) ;
#1547 = EDGE_LOOP ( 'NONE', ( #3274, #1051, #636, #8000 ) ) ;
#1548 = SURFACE_STYLE_FILL_AREA ( #4816 ) ;
#1549 = ORIENTED_EDGE ( 'NONE', *, *, #3007, .T. ) ;
#1550 = CARTESIAN_POINT ( 'NONE',  ( -0.1000000000000000056, 0.5400000000000000355, 0.7500000000000000000 ) ) ;
#1551 = DIRECTION ( 'NONE',  ( 0.000000000000000000, 1.000000000000000000, 0.000000000000000000 ) ) ;
#1552 = PLANE ( 'NONE',  #3926 ) ;
#1553 = SURFACE_STYLE_USAGE ( .BOTH. , #939 ) ;
#1554 = VERTEX_POINT ( 'NONE', #5790 ) ;
#1555 = ORIENTED_EDGE ( 'NONE', *, *, #6445, .T. ) ;
#1556 = DIRECTION ( 'NONE',  ( 0.000000000000000000, 1.000000000000000000, 0.000000000000000000 ) ) ;
#1557 = PRESENTATION_STYLE_ASSIGNMENT (( #7485 ) ) ;
#1558 = MECHANICAL_DESIGN_GEOMETRIC_PRESENTATION_REPRESENTATION (  '', ( #7496 ), #6378 ) ;
#1559 = PLANE ( 'NONE',  #1266 ) ;
#1560 = CARTESIAN_POINT ( 'NONE',  ( 0.5500000000000000444, 0.2000000000000000111, 0.2999999999999999889 ) ) ;
#1561 = EDGE_CURVE ( 'NONE', #95, #3812, #5761, .T. ) ;
#1562 = EDGE_LOOP ( 'NONE', ( #41, #6066, #896, #7849 ) ) ;
#1563 = STYLED_ITEM ( 'NONE', ( #4900 ), #6480 ) ;
#1564 = CARTESIAN_POINT ( 'NONE',  ( -0.1365192307692308094, 0.5410000000000000364, -0.4927133413461540212 ) ) ;
#1565 = DIRECTION ( 'NONE',  ( 0.6105078603393030434, 0.000000000000000000, -0.7920101971969338850 ) ) ;
#1566 = SURFACE_STYLE_FILL_AREA ( #4971 ) ;
#1567 = PRODUCT_RELATED_PRODUCT_CATEGORY ( 'part', '', ( #6492 ) ) ;
#1568 = COLOUR_RGB ( '',0.6470588235294117974, 0.5176470588235293491, 0.000000000000000000 ) ;
#1569 = CARTESIAN_POINT ( 'NONE',  ( -0.2002655878726240235, 0.5400000000000000355, -0.5965043453206090307 ) ) ;
#1570 = EDGE_CURVE ( 'NONE', #1193, #2600, #7650, .T. ) ;
#1571 = ORIENTED_EDGE ( 'NONE', *, *, #7599, .F. ) ;
#1572 = CARTESIAN_POINT ( 'NONE',  ( 0.1000000000000000056, 0.1000000000000000056, -0.7500000000000000000 ) ) ;
#1573 = CARTESIAN_POINT ( 'NONE',  ( 0.4110312500000000147, 0.5410000000000000364, -0.5049729567307689182 ) ) ;
#1574 = CARTESIAN_POINT ( 'NONE',  ( -0.2015853668246364860, 0.5410000000000000364, -0.6237821767038059795 ) ) ;
#1575 = COLOUR_RGB ( '',0.2000000000000000111, 0.2000000000000000111, 0.2000000000000000111 ) ;
#1576 = CARTESIAN_POINT ( 'NONE',  ( -0.2000000000000000111, 0.2000000000000000111, -0.3250000000000000111 ) ) ;
#1577 = COLOUR_RGB ( '',0.2000000000000000111, 0.2000000000000000111, 0.2000000000000000111 ) ;
#1578 = FILL_AREA_STYLE_COLOUR ( '', #32 ) ;
#1579 = FILL_AREA_STYLE ('',( #8163 ) ) ;
#1580 = ORIENTED_EDGE ( 'NONE', *, *, #6755, .T. ) ;
#1581 = CARTESIAN_POINT ( 'NONE',  ( 0.5500000000000000444, 1.277032961426900037, -0.5000000000000000000 ) ) ;
#1582 = MECHANICAL_DESIGN_GEOMETRIC_PRESENTATION_REPRESENTATION (  '', ( #5448 ), #2682 ) ;
#1583 = STYLED_ITEM ( 'NONE', ( #4889 ), #7924 ) ;
#1584 = CARTESIAN_POINT ( 'NONE',  ( 0.6049963942307700071, 0.5410000000000000364, -0.6250000000000000000 ) ) ;
#1585 = VERTEX_POINT ( 'NONE', #2322 ) ;
#1586 = ORIENTED_EDGE ( 'NONE', *, *, #547, .F. ) ;
#1587 = CARTESIAN_POINT ( 'NONE',  ( -0.1208778610470106069, 0.5400000000000000355, -0.4837079675547150126 ) ) ;
#1588 = VECTOR ( 'NONE', #4940, 1000.000000000000000 ) ;
#1589 = CARTESIAN_POINT ( 'NONE',  ( -0.2045237832699045022, 0.5400000000000000355, -0.5443880469623340046 ) ) ;
#1590 = CARTESIAN_POINT ( 'NONE',  ( -0.1363960361527611909, 0.5400000000000000355, -0.4282376806867174701 ) ) ;
#1591 = LINE ( 'NONE', #2876, #1281 ) ;
#1592 =( NAMED_UNIT ( * ) SI_UNIT ( $, .STERADIAN. ) SOLID_ANGLE_UNIT ( ) );
#1593 = CARTESIAN_POINT ( 'NONE',  ( 0.4101748798076924607, 0.5410000000000000364, -0.4590895432692309597 ) ) ;
#1594 = CARTESIAN_POINT ( 'NONE',  ( 0.5500000000000000444, 0.2000000000000000111, -0.5999999999999999778 ) ) ;
#1595 = PRESENTATION_LAYER_ASSIGNMENT (  '', '', ( #3101 ) ) ;
#1596 = LINE ( 'NONE', #3472, #7976 ) ;
#1597 = AXIS2_PLACEMENT_3D ( 'NONE', #4430, #4387, #6913 ) ;
#1598 = ORIENTED_EDGE ( 'NONE', *, *, #5053, .F. ) ;
#1599 = ORIENTED_EDGE ( 'NONE', *, *, #2510, .T. ) ;
#1600 = DIRECTION ( 'NONE',  ( 0.000000000000000000, 0.000000000000000000, 1.000000000000000000 ) ) ;
#1601 = MECHANICAL_DESIGN_GEOMETRIC_PRESENTATION_REPRESENTATION (  '', ( #3376 ), #1041 ) ;
#1602 = FACE_OUTER_BOUND ( 'NONE', #2020, .T. ) ;
#1603 = EDGE_CURVE ( 'NONE', #6408, #3178, #7606, .T. ) ;
#1604 = ORIENTED_EDGE ( 'NONE', *, *, #1029, .T. ) ;
#1605 = CARTESIAN_POINT ( 'NONE',  ( -0.2186773715399140117, 0.5410000000000000364, -0.5190676944884379251 ) ) ;
#1606 = AXIS2_PLACEMENT_3D ( 'NONE', #7551, #1778, #4239 ) ;
#1607 = ADVANCED_FACE ( 'NONE', ( #1761 ), #3362, .T. ) ;
#1608 = VECTOR ( 'NONE', #793, 1000.000000000000000 ) ;
#1609 = VERTEX_POINT ( 'NONE', #5327 ) ;
#1610 = LINE ( 'NONE', #7664, #7942 ) ;
#1611 = EDGE_CURVE ( 'NONE', #7795, #7876, #6038, .T. ) ;
#1612 = CARTESIAN_POINT ( 'NONE',  ( -0.1175153977246259918, 0.5400000000000000355, -0.4800205172258990016 ) ) ;
#1613 = FILL_AREA_STYLE_COLOUR ( '', #3524 ) ;
#1614 = MECHANICAL_DESIGN_GEOMETRIC_PRESENTATION_REPRESENTATION (  '', ( #7007 ), #3944 ) ;
#1615 = ADVANCED_FACE ( 'NONE', ( #2772 ), #652, .F. ) ;
#1616 = CARTESIAN_POINT ( 'NONE',  ( -0.2263226290615174829, 0.5410000000000000364, -0.4695595345647760044 ) ) ;
#1617 = LINE ( 'NONE', #4229, #8576 ) ;
#1618 = ORIENTED_EDGE ( 'NONE', *, *, #7759, .F. ) ;
#1619 = CYLINDRICAL_SURFACE ( 'NONE', #6146, 0.1124999999999999750 ) ;
#1620 = DIRECTION ( 'NONE',  ( -1.445602896647339903E-16, 0.000000000000000000, -1.000000000000000000 ) ) ;
#1621 = CARTESIAN_POINT ( 'NONE',  ( -0.5500000000000000444, 0.2000000000000000111, 0.2999999999999999889 ) ) ;
#1622 = AXIS2_PLACEMENT_3D ( 'NONE', #3099, #3731, #1110 ) ;
#1623 = CARTESIAN_POINT ( 'NONE',  ( -0.2180828366194054735, 0.5400000000000000355, -0.5750353503210889894 ) ) ;
#1624 = DIRECTION ( 'NONE',  ( 1.000000000000000000, 0.000000000000000000, 0.000000000000000000 ) ) ;
#1625 = EDGE_CURVE ( 'NONE', #765, #6447, #5949, .T. ) ;
#1626 = ORIENTED_EDGE ( 'NONE', *, *, #6801, .T. ) ;
#1627 = CARTESIAN_POINT ( 'NONE',  ( 0.7500000000000000000, 0.2000000000000000111, -0.2000000000000000111 ) ) ;
#1628 = STYLED_ITEM ( 'NONE', ( #7386 ), #2199 ) ;
#1629 = DIRECTION ( 'NONE',  ( -1.000000000000000000, 0.000000000000000000, 0.000000000000000000 ) ) ;
#1630 = ORIENTED_EDGE ( 'NONE', *, *, #4784, .T. ) ;
#1631 = ORIENTED_EDGE ( 'NONE', *, *, #4077, .F. ) ;
#1632 = CARTESIAN_POINT ( 'NONE',  ( -0.1677085785985645006, 0.5400000000000000355, -0.6018813299372358649 ) ) ;
#1633 = MECHANICAL_DESIGN_GEOMETRIC_PRESENTATION_REPRESENTATION (  '', ( #6479 ), #1748 ) ;
#1634 = CARTESIAN_POINT ( 'NONE',  ( -0.1678736346834915072, 0.5410000000000000364, -0.5325148285841910800 ) ) ;
#1635 = CARTESIAN_POINT ( 'NONE',  ( 0.7500000000000000000, 1.277032961426900037, -0.2000000000000000111 ) ) ;
#1636 = CARTESIAN_POINT ( 'NONE',  ( 0.5500000000000000444, 0.2000000000000000111, -0.2000000000000000111 ) ) ;
#1637 = SURFACE_STYLE_USAGE ( .BOTH. , #5487 ) ;
#1638 = DIRECTION ( 'NONE',  ( 0.000000000000000000, -1.000000000000000000, 0.000000000000000000 ) ) ;
#1639 = PRESENTATION_STYLE_ASSIGNMENT (( #2280 ) ) ;
#1640 = ORIENTED_EDGE ( 'NONE', *, *, #1979, .F. ) ;
#1641 = ORIENTED_EDGE ( 'NONE', *, *, #2726, .T. ) ;
#1642 = CARTESIAN_POINT ( 'NONE',  ( 0.4170353609128304995, 0.5410000000000000364, -0.5132937318867589749 ) ) ;
#1643 = DIRECTION ( 'NONE',  ( 1.000000000000000000, 0.000000000000000000, 0.000000000000000000 ) ) ;
#1644 = CARTESIAN_POINT ( 'NONE',  ( 0.3161346153846155138, 0.5410000000000000364, -0.4836538461538459899 ) ) ;
#1645 = CARTESIAN_POINT ( 'NONE',  ( -0.7500000000000000000, 0.000000000000000000, 0.5999999999999999778 ) ) ;
#1646 = EDGE_LOOP ( 'NONE', ( #4738, #4231, #3864, #5730 ) ) ;
#1647 = VERTEX_POINT ( 'NONE', #5244 ) ;
#1648 = SURFACE_SIDE_STYLE ('',( #5456 ) ) ;
#1649 = EDGE_CURVE ( 'NONE', #1224, #7024, #1482, .T. ) ;
#1650 = SURFACE_SIDE_STYLE ('',( #3064 ) ) ;
#1651 = CARTESIAN_POINT ( 'NONE',  ( -0.2243975293856924902, 0.5410000000000000364, -0.4618045386322089940 ) ) ;
#1652 = VECTOR ( 'NONE', #6467, 1000.000000000000000 ) ;
#1653 = CARTESIAN_POINT ( 'NONE',  ( 0.6062133413461540110, 0.5400000000000000355, -0.5550480769230770051 ) ) ;
#1654 = VERTEX_POINT ( 'NONE', #5909 ) ;
#1655 = DIRECTION ( 'NONE',  ( -1.000000000000000000, 0.000000000000000000, 0.000000000000000000 ) ) ;
#1656 = VECTOR ( 'NONE', #6265, 1000.000000000000000 ) ;
#1657 = PRESENTATION_STYLE_ASSIGNMENT (( #8420 ) ) ;
#1658 = CARTESIAN_POINT ( 'NONE',  ( 0.7500000000000000000, 0.2000000000000000111, -0.5999999999999999778 ) ) ;
#1659 = FILL_AREA_STYLE ('',( #7584 ) ) ;
#1660 =( NAMED_UNIT ( * ) SI_UNIT ( $, .STERADIAN. ) SOLID_ANGLE_UNIT ( ) );
#1661 = VECTOR ( 'NONE', #3553, 1000.000000000000000 ) ;
#1662 =( GEOMETRIC_REPRESENTATION_CONTEXT ( 3 ) GLOBAL_UNCERTAINTY_ASSIGNED_CONTEXT ( ( #6662 ) ) GLOBAL_UNIT_ASSIGNED_CONTEXT ( ( #1495, #7787, #534 ) ) REPRESENTATION_CONTEXT ( 'NONE', 'WORKASPACE' ) );
#1663 = ORIENTED_EDGE ( 'NONE', *, *, #8078, .F. ) ;
#1664 = SURFACE_STYLE_FILL_AREA ( #6863 ) ;
#1665 = EDGE_CURVE ( 'NONE', #4393, #5616, #3285, .T. ) ;
#1666 = VECTOR ( 'NONE', #667, 1000.000000000000000 ) ;
#1667 = CARTESIAN_POINT ( 'NONE',  ( -0.2562307692307694840, 0.5410000000000000364, -0.4778846153846149636 ) ) ;
#1668 = EDGE_LOOP ( 'NONE', ( #5558, #4026, #4267, #4583 ) ) ;
#1669 = VECTOR ( 'NONE', #7433, 1000.000000000000000 ) ;
#1670 = CARTESIAN_POINT ( 'NONE',  ( -0.2000000000000000111, 0.2000000000000000111, 0.5000000000000000000 ) ) ;
#1671 = EDGE_CURVE ( 'NONE', #2380, #3561, #2606, .T. ) ;
#1672 = FILL_AREA_STYLE_COLOUR ( '', #4841 ) ;
#1673 = VECTOR ( 'NONE', #3492, 1000.000000000000114 ) ;
#1674 = EDGE_CURVE ( 'NONE', #1554, #1161, #2586, .T. ) ;
#1675 = CARTESIAN_POINT ( 'NONE',  ( -0.4500000000000000111, 0.000000000000000000, -0.2999999999999999889 ) ) ;
#1676 = CARTESIAN_POINT ( 'NONE',  ( -0.1620856204829140002, 0.5410000000000000364, -0.4231231678310990452 ) ) ;
#1677 = CARTESIAN_POINT ( 'NONE',  ( -0.2188388206029990013, 0.5400000000000000355, -0.4485430269208459664 ) ) ;
#1678 = CARTESIAN_POINT ( 'NONE',  ( -0.2458049292215744863, 0.5400000000000000355, -0.5515865636327930144 ) ) ;
#1679 = FILL_AREA_STYLE_COLOUR ( '', #6436 ) ;
#1680 = SURFACE_STYLE_USAGE ( .BOTH. , #6182 ) ;
#1681 = AXIS2_PLACEMENT_3D ( 'NONE', #2734, #4279, #7625 ) ;
#1682 = ORIENTED_EDGE ( 'NONE', *, *, #1824, .T. ) ;
#1683 = ORIENTED_EDGE ( 'NONE', *, *, #734, .T. ) ;
#1684 = SURFACE_STYLE_USAGE ( .BOTH. , #3644 ) ;
#1685 = SURFACE_STYLE_FILL_AREA ( #7609 ) ;
#1686 = CARTESIAN_POINT ( 'NONE',  ( -0.008990384615384679548, 0.5410000000000000364, -0.4000000000000000222 ) ) ;
#1687 = EDGE_LOOP ( 'NONE', ( #7819, #2152, #3754, #6011 ) ) ;
#1688 = ORIENTED_EDGE ( 'NONE', *, *, #4920, .T. ) ;
#1689 = SURFACE_STYLE_USAGE ( .BOTH. , #1650 ) ;
#1690 = FACE_OUTER_BOUND ( 'NONE', #4709, .T. ) ;
#1691 = DIRECTION ( 'NONE',  ( 0.000000000000000000, -1.000000000000000000, 0.000000000000000000 ) ) ;
#1692 = PLANE ( 'NONE',  #8235 ) ;
#1693 = CARTESIAN_POINT ( 'NONE',  ( -0.1236583329622904098, 0.5410000000000000364, -0.6178482995793400656 ) ) ;
#1694 = PRESENTATION_LAYER_ASSIGNMENT (  '', '', ( #3930 ) ) ;
#1695 = CARTESIAN_POINT ( 'NONE',  ( 0.6012909414260501073, 0.5410000000000000364, -0.5682149546660969497 ) ) ;
#1696 = EDGE_LOOP ( 'NONE', ( #5137, #5581, #6, #7722 ) ) ;
#1697 = CARTESIAN_POINT ( 'NONE',  ( 0.3383750000000000369, 0.5400000000000000355, -0.5644230769230770273 ) ) ;
#1698 = PLANE ( 'NONE',  #2778 ) ;
#1699 = SURFACE_STYLE_FILL_AREA ( #3621 ) ;
#1700 = AXIS2_PLACEMENT_3D ( 'NONE', #473, #3164, #4416 ) ;
#1701 = SURFACE_STYLE_USAGE ( .BOTH. , #1542 ) ;
#1702 = CARTESIAN_POINT ( 'NONE',  ( -0.2267916516456014997, 0.5410000000000000364, -0.4148870160340669688 ) ) ;
#1703 = VERTEX_POINT ( 'NONE', #3929 ) ;
#1704 = CARTESIAN_POINT ( 'NONE',  ( 0.4504242788461539915, 0.5410000000000000364, -0.4000000000000000222 ) ) ;
#1705 = EDGE_CURVE ( 'NONE', #7349, #203, #6595, .T. ) ;
#1706 = SHAPE_DEFINITION_REPRESENTATION ( #3685, #979 ) ;
#1707 = LINE ( 'NONE', #4329, #6680 ) ;
#1708 = EDGE_LOOP ( 'NONE', ( #3948, #8053, #5639, #1273 ) ) ;
#1709 = AXIS2_PLACEMENT_3D ( 'NONE', #3126, #7079, #4457 ) ;
#1710 = SURFACE_STYLE_USAGE ( .BOTH. , #4421 ) ;
#1711 = DIRECTION ( 'NONE',  ( 0.000000000000000000, 0.000000000000000000, -1.000000000000000000 ) ) ;
#1712 = DIRECTION ( 'NONE',  ( 0.000000000000000000, -1.000000000000000000, 0.000000000000000000 ) ) ;
#1713 = CARTESIAN_POINT ( 'NONE',  ( -0.1427688479722765968, 0.5400000000000000355, -0.4258837717872879791 ) ) ;
#1714 = DIRECTION ( 'NONE',  ( 0.000000000000000000, 0.000000000000000000, -1.000000000000000000 ) ) ;
#1715 = PRESENTATION_LAYER_ASSIGNMENT (  '', '', ( #5448 ) ) ;
#1716 = PLANE ( 'NONE',  #466 ) ;
#1717 = EDGE_CURVE ( 'NONE', #5506, #2269, #6846, .T. ) ;
#1718 = CYLINDRICAL_SURFACE ( 'NONE', #1433, 0.09999999999999999167 ) ;
#1719 = CARTESIAN_POINT ( 'NONE',  ( 0.4228401442307689884, 0.5400000000000000355, -0.5214693509615390132 ) ) ;
#1720 = ORIENTED_EDGE ( 'NONE', *, *, #1603, .T. ) ;
#1721 = EDGE_LOOP ( 'NONE', ( #1640, #6400, #1914, #7415 ) ) ;
#1722 = DIRECTION ( 'NONE',  ( 0.000000000000000000, -1.000000000000000000, 0.000000000000000000 ) ) ;
#1723 = PLANE ( 'NONE',  #2383 ) ;
#1724 = ADVANCED_FACE ( 'NONE', ( #287 ), #2894, .T. ) ;
#1725 = EDGE_CURVE ( 'NONE', #5116, #1647, #6119, .T. ) ;
#1726 = AXIS2_PLACEMENT_3D ( 'NONE', #1309, #5241, #1909 ) ;
#1727 = FACE_OUTER_BOUND ( 'NONE', #561, .T. ) ;
#1728 = ORIENTED_EDGE ( 'NONE', *, *, #4836, .F. ) ;
#1729 = VERTEX_POINT ( 'NONE', #8237 ) ;
#1730 = DIRECTION ( 'NONE',  ( 0.000000000000000000, -1.000000000000000000, 0.000000000000000000 ) ) ;
#1731 =( LENGTH_UNIT ( ) NAMED_UNIT ( * ) SI_UNIT ( .MILLI., .METRE. ) );
#1732 = DIRECTION ( 'NONE',  ( -1.000000000000000000, 0.000000000000000000, 2.710505431213760099E-16 ) ) ;
#1733 = CARTESIAN_POINT ( 'NONE',  ( -0.2044128039268084951, 0.5400000000000000355, -0.5124955095275449679 ) ) ;
#1734 = PRESENTATION_LAYER_ASSIGNMENT (  '', '', ( #2429 ) ) ;
#1735 = CARTESIAN_POINT ( 'NONE',  ( -0.5500000000000000444, 0.2000000000000000111, -0.2000000000000000111 ) ) ;
#1736 = STYLED_ITEM ( 'NONE', ( #593 ), #6017 ) ;
#1737 = CARTESIAN_POINT ( 'NONE',  ( -0.1154038437409409951, 0.5410000000000000364, -0.6129875956786839941 ) ) ;
#1738 = FILL_AREA_STYLE ('',( #6282 ) ) ;
#1739 = ORIENTED_EDGE ( 'NONE', *, *, #6445, .F. ) ;
#1740 = SURFACE_STYLE_FILL_AREA ( #5019 ) ;
#1741 = CARTESIAN_POINT ( 'NONE',  ( -0.1284741023004244143, 0.5400000000000000355, -0.5215170149476210382 ) ) ;
#1742 =( NAMED_UNIT ( * ) PLANE_ANGLE_UNIT ( ) SI_UNIT ( $, .RADIAN. ) );
#1743 = CARTESIAN_POINT ( 'NONE',  ( 0.2901730769230769780, 0.5410000000000000364, -0.4836538461538459899 ) ) ;
#1744 =( NAMED_UNIT ( * ) PLANE_ANGLE_UNIT ( ) SI_UNIT ( $, .RADIAN. ) );
#1745 = CARTESIAN_POINT ( 'NONE',  ( 0.6283437499999999787, 0.5400000000000000355, -0.4951923076923079314 ) ) ;
#1746 =( LENGTH_UNIT ( ) NAMED_UNIT ( * ) SI_UNIT ( .MILLI., .METRE. ) );
#1747 = EDGE_LOOP ( 'NONE', ( #3535, #2468, #1255, #3079 ) ) ;
#1748 =( GEOMETRIC_REPRESENTATION_CONTEXT ( 3 ) GLOBAL_UNCERTAINTY_ASSIGNED_CONTEXT ( ( #7660 ) ) GLOBAL_UNIT_ASSIGNED_CONTEXT ( ( #2649, #2528, #4533 ) ) REPRESENTATION_CONTEXT ( 'NONE', 'WORKASPACE' ) );
#1749 = ORIENTED_EDGE ( 'NONE', *, *, #2232, .T. ) ;
#1750 = LINE ( 'NONE', #5651, #2143 ) ;
#1751 = ORIENTED_EDGE ( 'NONE', *, *, #1649, .F. ) ;
#1752 = CARTESIAN_POINT ( 'NONE',  ( -0.2117042072165765121, 0.5400000000000000355, -0.5498000050217259904 ) ) ;
#1753 = LINE ( 'NONE', #8301, #1006 ) ;
#1754 =( GEOMETRIC_REPRESENTATION_CONTEXT ( 3 ) GLOBAL_UNCERTAINTY_ASSIGNED_CONTEXT ( ( #5670 ) ) GLOBAL_UNIT_ASSIGNED_CONTEXT ( ( #4011, #4624, #731 ) ) REPRESENTATION_CONTEXT ( 'NONE', 'WORKASPACE' ) );
#1755 = VECTOR ( 'NONE', #3356, 1000.000000000000000 ) ;
#1756 = LINE ( 'NONE', #5743, #5192 ) ;
#1757 = UNCERTAINTY_MEASURE_WITH_UNIT (LENGTH_MEASURE( 1.000000000000000082E-05 ), #2151, 'distance_accuracy_value', 'NONE');
#1758 = ADVANCED_FACE ( 'NONE', ( #2174 ), #3894, .T. ) ;
#1759 = FACE_OUTER_BOUND ( 'NONE', #665, .T. ) ;
#1760 = PLANE ( 'NONE',  #7797 ) ;
#1761 = FACE_OUTER_BOUND ( 'NONE', #7366, .T. ) ;
#1762 = VERTEX_POINT ( 'NONE', #4402 ) ;
#1763 = ORIENTED_EDGE ( 'NONE', *, *, #2043, .T. ) ;
#1764 = PLANE ( 'NONE',  #6908 ) ;
#1765 = FACE_BOUND ( 'NONE', #6056, .T. ) ;
#1766 =( NAMED_UNIT ( * ) SI_UNIT ( $, .STERADIAN. ) SOLID_ANGLE_UNIT ( ) );
#1767 = CARTESIAN_POINT ( 'NONE',  ( -0.2039667476521309919, 0.5410000000000000364, -0.4337251017949175225 ) ) ;
#1768 = EDGE_CURVE ( 'NONE', #1893, #1762, #4444, .T. ) ;
#1769 = CARTESIAN_POINT ( 'NONE',  ( -0.2500000000000000000, 0.2000000000000000111, 0.7510000000000000009 ) ) ;
#1770 = UNCERTAINTY_MEASURE_WITH_UNIT (LENGTH_MEASURE( 1.000000000000000082E-05 ), #7038, 'distance_accuracy_value', 'NONE');
#1771 = ORIENTED_EDGE ( 'NONE', *, *, #7470, .F. ) ;
#1772 = ORIENTED_EDGE ( 'NONE', *, *, #5750, .T. ) ;
#1773 = DIRECTION ( 'NONE',  ( 0.000000000000000000, -1.000000000000000000, 0.000000000000000000 ) ) ;
#1774 = B_SPLINE_SURFACE_WITH_KNOTS ( 'NONE', 3, 1, ( 
 ( #2858, #1653 ),
 ( #5590, #5681 ),
 ( #3021, #954 ),
 ( #1695, #6983 ),
 ( #2981, #996 ),
 ( #5638, #6197 ),
 ( #4273, #2938 ),
 ( #4851, #290 ),
 ( #1043, #8242 ),
 ( #7023, #8284 ),
 ( #3070, #3663 ) ),
 .UNSPECIFIED., .F., .F., .F.,
 ( 4, 1, 1, 1, 1, 1, 1, 1, 4 ),
 ( 2, 2 ),
 ( 0.000000000000000000, 0.1556631248086499941, 0.3025512614623009910, 0.4408923213177379785, 0.5697895411361190154, 0.6908090595716239735, 0.8023835426132559512, 0.9057478284663439405, 1.000000000000000000 ),
 ( 0.000000000000000000, 1.000000000000000000 ),
 .UNSPECIFIED. ) ;
#1775 = SURFACE_STYLE_FILL_AREA ( #2517 ) ;
#1776 = FACE_OUTER_BOUND ( 'NONE', #7046, .T. ) ;
#1777 = CARTESIAN_POINT ( 'NONE',  ( -0.2161616586538460116, 0.5400000000000000355, -0.5176382211538460565 ) ) ;
#1778 = DIRECTION ( 'NONE',  ( 0.000000000000000000, -1.000000000000000000, 0.000000000000000000 ) ) ;
#1779 = SURFACE_SIDE_STYLE ('',( #7707 ) ) ;
#1780 = EDGE_CURVE ( 'NONE', #3359, #1424, #5870, .T. ) ;
#1781 = LINE ( 'NONE', #6465, #2225 ) ;
#1782 = CARTESIAN_POINT ( 'NONE',  ( -0.2161616586538460116, 0.5410000000000000364, -0.5176382211538460565 ) ) ;
#1783 = ORIENTED_EDGE ( 'NONE', *, *, #5100, .T. ) ;
#1784 = SURFACE_STYLE_USAGE ( .BOTH. , #7711 ) ;
#1785 = DIRECTION ( 'NONE',  ( 0.000000000000000000, 1.000000000000000000, 0.000000000000000000 ) ) ;
#1786 = CARTESIAN_POINT ( 'NONE',  ( -0.03783653846153854639, 0.5400000000000000355, -0.6250000000000000000 ) ) ;
#1787 = CARTESIAN_POINT ( 'NONE',  ( -0.1132535278818087993, 0.5410000000000000364, -0.4717602611902819709 ) ) ;
#1788 = FILL_AREA_STYLE ('',( #7716 ) ) ;
#1789 = DIRECTION ( 'NONE',  ( 0.000000000000000000, 0.000000000000000000, -1.000000000000000000 ) ) ;
#1790 = VERTEX_POINT ( 'NONE', #7059 ) ;
#1791 = PLANE ( 'NONE',  #1700 ) ;
#1792 = ORIENTED_EDGE ( 'NONE', *, *, #1301, .T. ) ;
#1793 = LINE ( 'NONE', #4420, #2411 ) ;
#1794 = ORIENTED_EDGE ( 'NONE', *, *, #5844, .T. ) ;
#1795 = VECTOR ( 'NONE', #6882, 1000.000000000000000 ) ;
#1796 = CARTESIAN_POINT ( 'NONE',  ( 0.7500000000000000000, 0.000000000000000000, -0.7500000000000000000 ) ) ;
#1797 = STYLED_ITEM ( 'NONE', ( #5529 ), #3647 ) ;
#1798 = DIRECTION ( 'NONE',  ( 0.000000000000000000, 1.000000000000000000, 0.000000000000000000 ) ) ;
#1799 = CARTESIAN_POINT ( 'NONE',  ( -0.1153044864761903904, 0.5400000000000000355, -0.4476472522354940087 ) ) ;
#1800 =( NAMED_UNIT ( * ) PLANE_ANGLE_UNIT ( ) SI_UNIT ( $, .RADIAN. ) );
#1801 = CIRCLE ( 'NONE', #8304, 0.2999999999999999889 ) ;
#1802 = COLOUR_RGB ( '',0.2509803921568627416, 0.2509803921568627416, 0.2509803921568627416 ) ;
#1803 = SURFACE_SIDE_STYLE ('',( #316 ) ) ;
#1804 = ORIENTED_EDGE ( 'NONE', *, *, #3124, .T. ) ;
#1805 = VERTEX_POINT ( 'NONE', #1210 ) ;
#1806 = STYLED_ITEM ( 'NONE', ( #5675 ), #3501 ) ;
#1807 = VECTOR ( 'NONE', #4855, 1000.000000000000000 ) ;
#1808 =( LENGTH_UNIT ( ) NAMED_UNIT ( * ) SI_UNIT ( .MILLI., .METRE. ) );
#1809 =( NAMED_UNIT ( * ) SI_UNIT ( $, .STERADIAN. ) SOLID_ANGLE_UNIT ( ) );
#1810 = AXIS2_PLACEMENT_3D ( 'NONE', #4189, #3533, #7540 ) ;
#1811 = AXIS2_PLACEMENT_3D ( 'NONE', #7364, #5417, #2004 ) ;
#1812 = VECTOR ( 'NONE', #6861, 1000.000000000000000 ) ;
#1813 = CARTESIAN_POINT ( 'NONE',  ( -0.1613350114867450058, 0.5400000000000000355, -0.5002101141957380204 ) ) ;
#1814 =( NAMED_UNIT ( * ) PLANE_ANGLE_UNIT ( ) SI_UNIT ( $, .RADIAN. ) );
#1815 = ORIENTED_EDGE ( 'NONE', *, *, #3282, .F. ) ;
#1816 = EDGE_LOOP ( 'NONE', ( #1172, #3011, #4862, #3615 ) ) ;
#1817 = FILL_AREA_STYLE_COLOUR ( '', #5722 ) ;
#1818 = FACE_OUTER_BOUND ( 'NONE', #783, .T. ) ;
#1819 = FILL_AREA_STYLE_COLOUR ( '', #3180 ) ;
#1820 = CARTESIAN_POINT ( 'NONE',  ( -0.2088078927923819883, 0.5410000000000000364, -0.5142298871531919557 ) ) ;
#1821 = EDGE_CURVE ( 'NONE', #850, #135, #1120, .T. ) ;
#1822 = SURFACE_SIDE_STYLE ('',( #7706 ) ) ;
#1823 = CARTESIAN_POINT ( 'NONE',  ( 0.2699807692307689688, 0.5410000000000000364, -0.6221153846153850697 ) ) ;
#1824 = EDGE_CURVE ( 'NONE', #6544, #3309, #3109, .T. ) ;
#1825 = EDGE_CURVE ( 'NONE', #1065, #7821, #2384, .T. ) ;
#1826 = FILL_AREA_STYLE ('',( #1906 ) ) ;
#1827 = ORIENTED_EDGE ( 'NONE', *, *, #8132, .T. ) ;
#1828 =( NAMED_UNIT ( * ) SI_UNIT ( $, .STERADIAN. ) SOLID_ANGLE_UNIT ( ) );
#1829 = SURFACE_STYLE_FILL_AREA ( #5069 ) ;
#1830 = DIRECTION ( 'NONE',  ( 0.000000000000000000, -1.000000000000000000, 0.000000000000000000 ) ) ;
#1831 = LINE ( 'NONE', #5205, #3140 ) ;
#1832 =( LENGTH_UNIT ( ) NAMED_UNIT ( * ) SI_UNIT ( .MILLI., .METRE. ) );
#1833 = DIRECTION ( 'NONE',  ( 0.000000000000000000, 1.000000000000000000, 0.000000000000000000 ) ) ;
#1834 = CARTESIAN_POINT ( 'NONE',  ( -0.2078383212856109996, 0.5410000000000000364, -0.4042374784279229583 ) ) ;
#1835 = EDGE_CURVE ( 'NONE', #3250, #3267, #7799, .T. ) ;
#1836 = VERTEX_POINT ( 'NONE', #369 ) ;
#1837 = DIRECTION ( 'NONE',  ( -0.000000000000000000, 1.000000000000000000, 0.000000000000000000 ) ) ;
#1838 = ORIENTED_EDGE ( 'NONE', *, *, #7922, .T. ) ;
#1839 = SURFACE_STYLE_USAGE ( .BOTH. , #7773 ) ;
#1840 = CARTESIAN_POINT ( 'NONE',  ( -0.2184280353437294819, 0.5400000000000000355, -0.5626564252809389544 ) ) ;
#1841 =( GEOMETRIC_REPRESENTATION_CONTEXT ( 3 ) GLOBAL_UNCERTAINTY_ASSIGNED_CONTEXT ( ( #3913 ) ) GLOBAL_UNIT_ASSIGNED_CONTEXT ( ( #6874, #6183, #4081 ) ) REPRESENTATION_CONTEXT ( 'NONE', 'WORKASPACE' ) );
#1842 =( NAMED_UNIT ( * ) SI_UNIT ( $, .STERADIAN. ) SOLID_ANGLE_UNIT ( ) );
#1843 = CYLINDRICAL_SURFACE ( 'NONE', #7970, 0.09999999999999999167 ) ;
#1844 = UNCERTAINTY_MEASURE_WITH_UNIT (LENGTH_MEASURE( 1.000000000000000082E-05 ), #6343, 'distance_accuracy_value', 'NONE');
#1845 = SURFACE_SIDE_STYLE ('',( #5133 ) ) ;
#1846 = AXIS2_PLACEMENT_3D ( 'NONE', #7683, #5733, #2444 ) ;
#1847 = CARTESIAN_POINT ( 'NONE',  ( -0.1635174278846155127, 0.5400000000000000355, -0.3971153846153844813 ) ) ;
#1848 = ORIENTED_EDGE ( 'NONE', *, *, #551, .T. ) ;
#1849 = VERTEX_POINT ( 'NONE', #3067 ) ;
#1850 = VECTOR ( 'NONE', #5501, 1000.000000000000000 ) ;
#1851 = PRESENTATION_LAYER_ASSIGNMENT (  '', '', ( #5580 ) ) ;
#1852 = CARTESIAN_POINT ( 'NONE',  ( -0.2098905085349820065, 0.5400000000000000355, -0.4380496549953230567 ) ) ;
#1853 = DIRECTION ( 'NONE',  ( 0.000000000000000000, -1.000000000000000000, 0.000000000000000000 ) ) ;
#1854 = UNCERTAINTY_MEASURE_WITH_UNIT (LENGTH_MEASURE( 1.000000000000000082E-05 ), #668, 'distance_accuracy_value', 'NONE');
#1855 =( GEOMETRIC_REPRESENTATION_CONTEXT ( 3 ) GLOBAL_UNCERTAINTY_ASSIGNED_CONTEXT ( ( #1844 ) ) GLOBAL_UNIT_ASSIGNED_CONTEXT ( ( #6343, #5078, #3128 ) ) REPRESENTATION_CONTEXT ( 'NONE', 'WORKASPACE' ) );
#1856 = ORIENTED_EDGE ( 'NONE', *, *, #7313, .F. ) ;
#1857 = ORIENTED_EDGE ( 'NONE', *, *, #1245, .T. ) ;
#1858 = CARTESIAN_POINT ( 'NONE',  ( -0.5125000000000000666, 0.5410000000000000364, -0.6250000000000000000 ) ) ;
#1859 =( LENGTH_UNIT ( ) NAMED_UNIT ( * ) SI_UNIT ( .MILLI., .METRE. ) );
#1860 = DIRECTION ( 'NONE',  ( 0.000000000000000000, -1.000000000000000000, 0.000000000000000000 ) ) ;
#1861 = MECHANICAL_DESIGN_GEOMETRIC_PRESENTATION_REPRESENTATION (  '', ( #5457 ), #3494 ) ;
#1862 = ADVANCED_FACE ( 'NONE', ( #1165 ), #8326, .F. ) ;
#1863 = MECHANICAL_DESIGN_GEOMETRIC_PRESENTATION_REPRESENTATION (  '', ( #612 ), #5460 ) ;
#1864 = LINE ( 'NONE', #1735, #2285 ) ;
#1865 = LINE ( 'NONE', #1823, #7475 ) ;
#1866 = DIRECTION ( 'NONE',  ( 0.000000000000000000, -1.000000000000000000, 0.000000000000000000 ) ) ;
#1867 = EDGE_CURVE ( 'NONE', #1849, #3097, #3193, .T. ) ;
#1868 = PRESENTATION_LAYER_ASSIGNMENT (  '', '', ( #462 ) ) ;
#1869 = ORIENTED_EDGE ( 'NONE', *, *, #689, .T. ) ;
#1870 =( NAMED_UNIT ( * ) PLANE_ANGLE_UNIT ( ) SI_UNIT ( $, .RADIAN. ) );
#1871 = CARTESIAN_POINT ( 'NONE',  ( 0.2901730769230769780, 0.5400000000000000355, -0.6221153846153850697 ) ) ;
#1872 = AXIS2_PLACEMENT_3D ( 'NONE', #8104, #1517, #147 ) ;
#1873 = EDGE_CURVE ( 'NONE', #2608, #1893, #5491, .T. ) ;
#1874 = PRESENTATION_LAYER_ASSIGNMENT (  '', '', ( #3376 ) ) ;
#1875 = SURFACE_STYLE_USAGE ( .BOTH. , #5114 ) ;
#1876 = CARTESIAN_POINT ( 'NONE',  ( -0.08517151809122520956, 0.5400000000000000355, -0.4807761518022330427 ) ) ;
#1877 = ORIENTED_EDGE ( 'NONE', *, *, #4116, .F. ) ;
#1878 = SURFACE_STYLE_USAGE ( .BOTH. , #7240 ) ;
#1879 = VERTEX_POINT ( 'NONE', #6372 ) ;
#1880 = CARTESIAN_POINT ( 'NONE',  ( -0.2023737831809220011, 0.5400000000000000355, -0.4023660764247705135 ) ) ;
#1881 = AXIS2_PLACEMENT_3D ( 'NONE', #7503, #170, #4720 ) ;
#1882 = EDGE_LOOP ( 'NONE', ( #3478, #4906, #1978, #3955, #7653, #3565, #2593, #2571 ) ) ;
#1883 = CARTESIAN_POINT ( 'NONE',  ( -0.1129111762073091996, 0.5410000000000000364, -0.4106379473345435072 ) ) ;
#1884 = CARTESIAN_POINT ( 'NONE',  ( -0.1177692307692307927, 0.5400000000000000355, -0.5615384615384619860 ) ) ;
#1885 = DIRECTION ( 'NONE',  ( 1.445602896647340100E-15, 0.000000000000000000, 1.000000000000000000 ) ) ;
#1886 = EDGE_CURVE ( 'NONE', #3654, #6799, #505, .T. ) ;
#1887 = LINE ( 'NONE', #4506, #6999 ) ;
#1888 = LINE ( 'NONE', #3805, #2630 ) ;
#1889 = DIRECTION ( 'NONE',  ( -1.000000000000000000, 0.000000000000000000, 0.000000000000000000 ) ) ;
#1890 =( NAMED_UNIT ( * ) PLANE_ANGLE_UNIT ( ) SI_UNIT ( $, .RADIAN. ) );
#1891 = VECTOR ( 'NONE', #2882, 1000.000000000000000 ) ;
#1892 = SURFACE_STYLE_FILL_AREA ( #6010 ) ;
#1893 = VERTEX_POINT ( 'NONE', #97 ) ;
#1894 = ORIENTED_EDGE ( 'NONE', *, *, #703, .T. ) ;
#1895 = MECHANICAL_DESIGN_GEOMETRIC_PRESENTATION_REPRESENTATION (  '', ( #2854 ), #2449 ) ;
#1896 = PRESENTATION_STYLE_ASSIGNMENT (( #3950 ) ) ;
#1897 =( NAMED_UNIT ( * ) SI_UNIT ( $, .STERADIAN. ) SOLID_ANGLE_UNIT ( ) );
#1898 = STYLED_ITEM ( 'NONE', ( #2588 ), #2192 ) ;
#1899 = CARTESIAN_POINT ( 'NONE',  ( -0.1390218283118430098, 0.5410000000000000364, -0.5249815371515710316 ) ) ;
#1900 = ORIENTED_EDGE ( 'NONE', *, *, #2156, .T. ) ;
#1901 = ORIENTED_EDGE ( 'NONE', *, *, #3904, .F. ) ;
#1902 = LINE ( 'NONE', #3275, #2133 ) ;
#1903 = FILL_AREA_STYLE ('',( #1819 ) ) ;
#1904 = CARTESIAN_POINT ( 'NONE',  ( 0.4266712740384614455, 0.5400000000000000355, -0.4820312499999999667 ) ) ;
#1905 = CARTESIAN_POINT ( 'NONE',  ( -0.2180828366194054735, 0.5400000000000000355, -0.5750353503210889894 ) ) ;
#1906 = FILL_AREA_STYLE_COLOUR ( '', #4401 ) ;
#1907 = ORIENTED_EDGE ( 'NONE', *, *, #3811, .F. ) ;
#1908 = CARTESIAN_POINT ( 'NONE',  ( -0.09171445631522059938, 0.5400000000000000355, -0.5800805419615330250 ) ) ;
#1909 = DIRECTION ( 'NONE',  ( 1.000000000000000000, 0.000000000000000000, 0.000000000000000000 ) ) ;
#1910 = CARTESIAN_POINT ( 'NONE',  ( -0.7500000000000000000, 0.000000000000000000, 0.2000000000000000111 ) ) ;
#1911 = CARTESIAN_POINT ( 'NONE',  ( 0.5500000000000000444, 0.000000000000000000, -0.2000000000000000111 ) ) ;
#1912 = SURFACE_STYLE_FILL_AREA ( #5160 ) ;
#1913 = CARTESIAN_POINT ( 'NONE',  ( 0.2901730769230769780, 0.5400000000000000355, -0.4836538461538459899 ) ) ;
#1914 = ORIENTED_EDGE ( 'NONE', *, *, #6333, .F. ) ;
#1915 =( NAMED_UNIT ( * ) PLANE_ANGLE_UNIT ( ) SI_UNIT ( $, .RADIAN. ) );
#1916 = SURFACE_SIDE_STYLE ('',( #355 ) ) ;
#1917 = ORIENTED_EDGE ( 'NONE', *, *, #3294, .F. ) ;
#1918 = CARTESIAN_POINT ( 'NONE',  ( -0.1153044864761903904, 0.5400000000000000355, -0.4476472522354940087 ) ) ;
#1919 = DIRECTION ( 'NONE',  ( 0.000000000000000000, -1.000000000000000000, 0.000000000000000000 ) ) ;
#1920 = SURFACE_SIDE_STYLE ('',( #3293 ) ) ;
#1921 = FILL_AREA_STYLE ('',( #1232 ) ) ;
#1922 = EDGE_CURVE ( 'NONE', #3963, #8427, #1989, .T. ) ;
#1923 = CARTESIAN_POINT ( 'NONE',  ( 0.5990443331763370960, 0.5400000000000000355, -0.5742874261868879948 ) ) ;
#1924 = DIRECTION ( 'NONE',  ( 0.000000000000000000, -1.000000000000000000, 0.000000000000000000 ) ) ;
#1925 = FACE_OUTER_BOUND ( 'NONE', #6790, .T. ) ;
#1926 = DIRECTION ( 'NONE',  ( 0.000000000000000000, -1.000000000000000000, 0.000000000000000000 ) ) ;
#1927 = EDGE_CURVE ( 'NONE', #338, #8390, #7180, .T. ) ;
#1928 = DIRECTION ( 'NONE',  ( 1.000000000000000000, 0.000000000000000000, -2.710505431213760099E-16 ) ) ;
#1929 = ORIENTED_EDGE ( 'NONE', *, *, #2402, .F. ) ;
#1930 = STYLED_ITEM ( 'NONE', ( #8015 ), #5260 ) ;
#1931 = ADVANCED_FACE ( 'NONE', ( #4614 ), #6621, .F. ) ;
#1932 = ORIENTED_EDGE ( 'NONE', *, *, #2296, .F. ) ;
#1933 = VECTOR ( 'NONE', #852, 1000.000000000000000 ) ;
#1934 = UNCERTAINTY_MEASURE_WITH_UNIT (LENGTH_MEASURE( 1.000000000000000082E-05 ), #5394, 'distance_accuracy_value', 'NONE');
#1935 = AXIS2_PLACEMENT_3D ( 'NONE', #7122, #8391, #5653 ) ;
#1936 = EDGE_CURVE ( 'NONE', #1647, #6884, #9, .T. ) ;
#1937 = FACE_OUTER_BOUND ( 'NONE', #3574, .T. ) ;
#1938 = VECTOR ( 'NONE', #2039, 1000.000000000000000 ) ;
#1939 = MECHANICAL_DESIGN_GEOMETRIC_PRESENTATION_REPRESENTATION (  '', ( #6511 ), #6371 ) ;
#1940 = DIRECTION ( 'NONE',  ( 0.000000000000000000, -1.000000000000000000, 0.000000000000000000 ) ) ;
#1941 = FILL_AREA_STYLE ('',( #633 ) ) ;
#1942 = VECTOR ( 'NONE', #1732, 1000.000000000000000 ) ;
#1943 = CARTESIAN_POINT ( 'NONE',  ( 0.4101748798076924607, 0.5410000000000000364, -0.4590895432692309597 ) ) ;
#1944 = ORIENTED_EDGE ( 'NONE', *, *, #3345, .T. ) ;
#1945 = VERTEX_POINT ( 'NONE', #1261 ) ;
#1946 = DIRECTION ( 'NONE',  ( 0.000000000000000000, 0.000000000000000000, -1.000000000000000000 ) ) ;
#1947 = AXIS2_PLACEMENT_3D ( 'NONE', #3252, #2412, #2573 ) ;
#1948 =( NAMED_UNIT ( * ) SI_UNIT ( $, .STERADIAN. ) SOLID_ANGLE_UNIT ( ) );
#1949 = COLOUR_RGB ( '',0.2509803921568627416, 0.2509803921568627416, 0.2509803921568627416 ) ;
#1950 = SURFACE_STYLE_FILL_AREA ( #4659 ) ;
#1951 = VECTOR ( 'NONE', #8251, 1000.000000000000000 ) ;
#1952 = CARTESIAN_POINT ( 'NONE',  ( -0.1158049793223726032, 0.5400000000000000355, -0.5160455977360030033 ) ) ;
#1953 = CIRCLE ( 'NONE', #835, 0.09999999999999999167 ) ;
#1954 = SURFACE_SIDE_STYLE ('',( #2236 ) ) ;
#1955 = PRESENTATION_STYLE_ASSIGNMENT (( #7356 ) ) ;
#1956 = DIRECTION ( 'NONE',  ( -1.000000000000000000, 0.000000000000000000, 0.000000000000000000 ) ) ;
#1957 = ORIENTED_EDGE ( 'NONE', *, *, #5410, .T. ) ;
#1958 = CARTESIAN_POINT ( 'NONE',  ( -0.1592974008295974797, 0.5400000000000000355, -0.6276161381440069631 ) ) ;
#1959 = STYLED_ITEM ( 'NONE', ( #7360 ), #581 ) ;
#1960 = FILL_AREA_STYLE_COLOUR ( '', #8098 ) ;
#1961 = CARTESIAN_POINT ( 'NONE',  ( -0.1620856204829140002, 0.5410000000000000364, -0.4231231678310990452 ) ) ;
#1962 = CARTESIAN_POINT ( 'NONE',  ( 0.5500000000000000444, 0.000000000000000000, -0.2999999999999999889 ) ) ;
#1963 = ORIENTED_EDGE ( 'NONE', *, *, #3124, .F. ) ;
#1964 = SURFACE_SIDE_STYLE ('',( #8557 ) ) ;
#1965 = CYLINDRICAL_SURFACE ( 'NONE', #5113, 0.1000000000000000472 ) ;
#1966 = CARTESIAN_POINT ( 'NONE',  ( -0.2178663086785730119, 0.5410000000000000364, -0.4089782258924244962 ) ) ;
#1967 = ORIENTED_EDGE ( 'NONE', *, *, #1867, .T. ) ;
#1968 = CARTESIAN_POINT ( 'NONE',  ( 0.5500000000000000444, 0.2000000000000000111, -0.5000000000000000000 ) ) ;
#1969 = CARTESIAN_POINT ( 'NONE',  ( 0.5515408653846159970, 0.5400000000000000355, -0.4951923076923079314 ) ) ;
#1970 = FILL_AREA_STYLE ('',( #6001 ) ) ;
#1971 =( NAMED_UNIT ( * ) SI_UNIT ( $, .STERADIAN. ) SOLID_ANGLE_UNIT ( ) );
#1972 = CARTESIAN_POINT ( 'NONE',  ( 2.449293598294704997E-17, 0.4400000000000000022, -0.2000000000000000111 ) ) ;
#1973 = ADVANCED_FACE ( 'NONE', ( #8013 ), #6661, .F. ) ;
#1974 = DIRECTION ( 'NONE',  ( 0.000000000000000000, -1.000000000000000000, 0.000000000000000000 ) ) ;
#1975 =( NAMED_UNIT ( * ) PLANE_ANGLE_UNIT ( ) SI_UNIT ( $, .RADIAN. ) );
#1976 = ORIENTED_EDGE ( 'NONE', *, *, #461, .T. ) ;
#1977 = COLOUR_RGB ( '',0.2000000000000000111, 0.2000000000000000111, 0.2000000000000000111 ) ;
#1978 = ORIENTED_EDGE ( 'NONE', *, *, #7228, .F. ) ;
#1979 = EDGE_CURVE ( 'NONE', #4870, #6965, #7933, .T. ) ;
#1980 = VECTOR ( 'NONE', #1415, 1000.000000000000000 ) ;
#1981 = CARTESIAN_POINT ( 'NONE',  ( -0.1365192307692308094, 0.5410000000000000364, -0.4927133413461540212 ) ) ;
#1982 = CARTESIAN_POINT ( 'NONE',  ( -0.1814811494251569735, 0.5410000000000000364, -0.6275856213175829978 ) ) ;
#1983 = ORIENTED_EDGE ( 'NONE', *, *, #2414, .T. ) ;
#1984 = VERTEX_POINT ( 'NONE', #55 ) ;
#1985 = VECTOR ( 'NONE', #4055, 1000.000000000000000 ) ;
#1986 = PRESENTATION_LAYER_ASSIGNMENT (  '', '', ( #2404 ) ) ;
#1987 = CARTESIAN_POINT ( 'NONE',  ( -0.2424477250215344992, 0.5400000000000000355, -0.5905840272957399995 ) ) ;
#1988 = ADVANCED_FACE ( 'NONE', ( #5359 ), #3396, .T. ) ;
#1989 = LINE ( 'NONE', #7887, #7281 ) ;
#1990 = CARTESIAN_POINT ( 'NONE',  ( -0.08327110984146508799, 0.5410000000000000364, -0.4667740546529859924 ) ) ;
#1991 = CYLINDRICAL_SURFACE ( 'NONE', #6713, 0.09999999999999999167 ) ;
#1992 = VECTOR ( 'NONE', #1655, 1000.000000000000000 ) ;
#1993 = DIRECTION ( 'NONE',  ( 1.000000000000000000, 0.000000000000000000, 0.000000000000000000 ) ) ;
#1994 = PRESENTATION_LAYER_ASSIGNMENT (  '', '', ( #1583 ) ) ;
#1995 = ORIENTED_EDGE ( 'NONE', *, *, #8485, .F. ) ;
#1996 = CARTESIAN_POINT ( 'NONE',  ( -0.1708641826923079921, 0.5400000000000000355, -0.6278846153846159295 ) ) ;
#1997 = PRESENTATION_LAYER_ASSIGNMENT (  '', '', ( #889 ) ) ;
#1998 = DIRECTION ( 'NONE',  ( -5.421010862427530059E-16, 0.000000000000000000, -1.000000000000000000 ) ) ;
#1999 = COLOUR_RGB ( '',0.2509803921568627416, 0.2509803921568627416, 0.2509803921568627416 ) ;
#2000 = DIRECTION ( 'NONE',  ( 1.000000000000000000, 0.000000000000000000, 0.000000000000000000 ) ) ;
#2001 =( NAMED_UNIT ( * ) PLANE_ANGLE_UNIT ( ) SI_UNIT ( $, .RADIAN. ) );
#2002 = ORIENTED_EDGE ( 'NONE', *, *, #1821, .F. ) ;
#2003 = VECTOR ( 'NONE', #6888, 1000.000000000000114 ) ;
#2004 = DIRECTION ( 'NONE',  ( 0.000000000000000000, -1.000000000000000000, 0.000000000000000000 ) ) ;
#2005 = FILL_AREA_STYLE_COLOUR ( '', #2495 ) ;
#2006 = VECTOR ( 'NONE', #3390, 1000.000000000000000 ) ;
#2007 = CARTESIAN_POINT ( 'NONE',  ( -0.1635174278846155127, 0.5400000000000000355, -0.3971153846153844813 ) ) ;
#2008 = VERTEX_POINT ( 'NONE', #8143 ) ;
#2009 = CARTESIAN_POINT ( 'NONE',  ( -0.1120670742004826054, 0.5400000000000000355, -0.4606907867066820095 ) ) ;
#2010 = EDGE_CURVE ( 'NONE', #5500, #2228, #4260, .T. ) ;
#2011 = CARTESIAN_POINT ( 'NONE',  ( -0.2023737831809220011, 0.5400000000000000355, -0.4023660764247705135 ) ) ;
#2012 = FILL_AREA_STYLE_COLOUR ( '', #4910 ) ;
#2013 =( NAMED_UNIT ( * ) SI_UNIT ( $, .STERADIAN. ) SOLID_ANGLE_UNIT ( ) );
#2014 = PLANE ( 'NONE',  #3451 ) ;
#2015 = B_SPLINE_CURVE_WITH_KNOTS ( 'NONE', 3,
 ( #3426, #220, #8091, #6741, #4250, #6907, #1587, #4204, #970, #2793, #5480 ),
 .UNSPECIFIED., .F., .F.,
 ( 4, 1, 1, 1, 1, 1, 1, 1, 4 ),
 ( 0.000000000000000000, 0.1166030543420178006, 0.2281346226164190083, 0.3367167695462400245, 0.4469676751317940289, 0.5628526744146220562, 0.6923310109054329198, 0.8371072068118620146, 1.000000000000000000 ),
 .UNSPECIFIED. ) ;
#2016 =( GEOMETRIC_REPRESENTATION_CONTEXT ( 3 ) GLOBAL_UNCERTAINTY_ASSIGNED_CONTEXT ( ( #5760 ) ) GLOBAL_UNIT_ASSIGNED_CONTEXT ( ( #2053, #921, #4063 ) ) REPRESENTATION_CONTEXT ( 'NONE', 'WORKASPACE' ) );
#2017 = SURFACE_STYLE_USAGE ( .BOTH. , #8476 ) ;
#2018 = VECTOR ( 'NONE', #6819, 1000.000000000000000 ) ;
#2019 = CARTESIAN_POINT ( 'NONE',  ( 0.7500000000000000000, 0.5400000000000000355, 0.7500000000000000000 ) ) ;
#2020 = EDGE_LOOP ( 'NONE', ( #6025, #3560, #2933, #6704 ) ) ;
#2021 = UNCERTAINTY_MEASURE_WITH_UNIT (LENGTH_MEASURE( 1.000000000000000082E-05 ), #4338, 'distance_accuracy_value', 'NONE');
#2022 = ORIENTED_EDGE ( 'NONE', *, *, #2928, .F. ) ;
#2023 = CARTESIAN_POINT ( 'NONE',  ( 0.5500000000000000444, 0.2000000000000000111, -0.5000000000000000000 ) ) ;
#2024 = VECTOR ( 'NONE', #3053, 1000.000000000000000 ) ;
#2025 = DIRECTION ( 'NONE',  ( 0.000000000000000000, 0.000000000000000000, -1.000000000000000000 ) ) ;
#2026 = CARTESIAN_POINT ( 'NONE',  ( 0.5748882211538459686, 0.5410000000000000364, -0.6250000000000000000 ) ) ;
#2027 = CARTESIAN_POINT ( 'NONE',  ( 0.000000000000000000, 0.5400000000000000355, 0.000000000000000000 ) ) ;
#2028 = LINE ( 'NONE', #5272, #5678 ) ;
#2029 = CARTESIAN_POINT ( 'NONE',  ( -0.1758360248831744854, 0.5410000000000000364, -0.5344281369632090106 ) ) ;
#2030 = MECHANICAL_DESIGN_GEOMETRIC_PRESENTATION_REPRESENTATION (  '', ( #4642 ), #7846 ) ;
#2031 = ORIENTED_EDGE ( 'NONE', *, *, #1922, .T. ) ;
#2032 = ORIENTED_EDGE ( 'NONE', *, *, #99, .T. ) ;
#2033 = CARTESIAN_POINT ( 'NONE',  ( -0.1708641826923079921, 0.5400000000000000355, -0.6278846153846159295 ) ) ;
#2034 = UNCERTAINTY_MEASURE_WITH_UNIT (LENGTH_MEASURE( 1.000000000000000082E-05 ), #559, 'distance_accuracy_value', 'NONE');
#2035 = CARTESIAN_POINT ( 'NONE',  ( -0.1203834134615383855, 0.5410000000000000364, -0.5182692307692310374 ) ) ;
#2036 = VECTOR ( 'NONE', #5596, 1000.000000000000000 ) ;
#2037 =( NAMED_UNIT ( * ) PLANE_ANGLE_UNIT ( ) SI_UNIT ( $, .RADIAN. ) );
#2038 = EDGE_CURVE ( 'NONE', #2373, #1082, #190, .T. ) ;
#2039 = DIRECTION ( 'NONE',  ( 0.000000000000000000, -1.000000000000000000, 0.000000000000000000 ) ) ;
#2040 = EDGE_CURVE ( 'NONE', #2188, #2228, #4647, .T. ) ;
#2041 = ORIENTED_EDGE ( 'NONE', *, *, #734, .F. ) ;
#2042 = DIRECTION ( 'NONE',  ( -1.000000000000000000, 0.000000000000000000, 0.000000000000000000 ) ) ;
#2043 = EDGE_CURVE ( 'NONE', #3819, #3607, #6836, .T. ) ;
#2044 = AXIS2_PLACEMENT_3D ( 'NONE', #651, #8500, #2567 ) ;
#2045 = EDGE_CURVE ( 'NONE', #6096, #6884, #2204, .T. ) ;
#2046 = CARTESIAN_POINT ( 'NONE',  ( 0.2642115384615384976, 0.5410000000000000364, -0.4000000000000000222 ) ) ;
#2047 = DIRECTION ( 'NONE',  ( 0.000000000000000000, 0.000000000000000000, 1.000000000000000000 ) ) ;
#2048 = ORIENTED_EDGE ( 'NONE', *, *, #6641, .T. ) ;
#2049 = CARTESIAN_POINT ( 'NONE',  ( -0.1659221015401984856, 0.5410000000000000364, -0.3971360639482655053 ) ) ;
#2050 = ORIENTED_EDGE ( 'NONE', *, *, #5196, .F. ) ;
#2051 = CARTESIAN_POINT ( 'NONE',  ( -0.1597242219722259937, 0.5410000000000000364, -0.3972076651546054826 ) ) ;
#2052 = CARTESIAN_POINT ( 'NONE',  ( -0.7500000000000000000, 0.000000000000000000, -0.2000000000000000111 ) ) ;
#2053 =( LENGTH_UNIT ( ) NAMED_UNIT ( * ) SI_UNIT ( .MILLI., .METRE. ) );
#2054 = CARTESIAN_POINT ( 'NONE',  ( -0.2186278073775684838, 0.5400000000000000355, -0.5664098487666590076 ) ) ;
#2055 = SURFACE_STYLE_USAGE ( .BOTH. , #8517 ) ;
#2056 = UNCERTAINTY_MEASURE_WITH_UNIT (LENGTH_MEASURE( 1.000000000000000082E-05 ), #2875, 'distance_accuracy_value', 'NONE');
#2057 = PRESENTATION_STYLE_ASSIGNMENT (( #4770 ) ) ;
#2058 = SURFACE_STYLE_USAGE ( .BOTH. , #4598 ) ;
#2059 = VERTEX_POINT ( 'NONE', #7396 ) ;
#2060 = ORIENTED_EDGE ( 'NONE', *, *, #3197, .T. ) ;
#2061 = SURFACE_STYLE_FILL_AREA ( #3856 ) ;
#2062 = UNCERTAINTY_MEASURE_WITH_UNIT (LENGTH_MEASURE( 1.000000000000000082E-05 ), #1746, 'distance_accuracy_value', 'NONE');
#2063 =( LENGTH_UNIT ( ) NAMED_UNIT ( * ) SI_UNIT ( .MILLI., .METRE. ) );
#2064 = CARTESIAN_POINT ( 'NONE',  ( -0.2150566302270160157, 0.5400000000000000355, -0.5170679936182940306 ) ) ;
#2065 =( GEOMETRIC_REPRESENTATION_CONTEXT ( 3 ) GLOBAL_UNCERTAINTY_ASSIGNED_CONTEXT ( ( #1379 ) ) GLOBAL_UNIT_ASSIGNED_CONTEXT ( ( #5709, #1408, #6003 ) ) REPRESENTATION_CONTEXT ( 'NONE', 'WORKASPACE' ) );
#2066 = CARTESIAN_POINT ( 'NONE',  ( -0.2000000000000000111, 0.2000000000000000111, -0.5000000000000000000 ) ) ;
#2067 = VERTEX_POINT ( 'NONE', #808 ) ;
#2068 = VERTEX_POINT ( 'NONE', #321 ) ;
#2069 = MECHANICAL_DESIGN_GEOMETRIC_PRESENTATION_REPRESENTATION (  '', ( #5808 ), #1249 ) ;
#2070 = CARTESIAN_POINT ( 'NONE',  ( 0.2500000000000000000, 0.1000000000000000056, -0.7510000000000000009 ) ) ;
#2071 = UNCERTAINTY_MEASURE_WITH_UNIT (LENGTH_MEASURE( 1.000000000000000082E-05 ), #30, 'distance_accuracy_value', 'NONE');
#2072 = PRESENTATION_LAYER_ASSIGNMENT (  '', '', ( #6778 ) ) ;
#2073 = CARTESIAN_POINT ( 'NONE',  ( -0.1004626796708148057, 0.5410000000000000364, -0.5052481018604029206 ) ) ;
#2074 = ADVANCED_FACE ( 'NONE', ( #4171, #942 ), #2168, .T. ) ;
#2075 =( NAMED_UNIT ( * ) SI_UNIT ( $, .STERADIAN. ) SOLID_ANGLE_UNIT ( ) );
#2076 = UNCERTAINTY_MEASURE_WITH_UNIT (LENGTH_MEASURE( 1.000000000000000082E-05 ), #7083, 'distance_accuracy_value', 'NONE');
#2077 = PLANE ( 'NONE',  #2887 ) ;
#2078 = VECTOR ( 'NONE', #396, 1000.000000000000000 ) ;
#2079 = VERTEX_POINT ( 'NONE', #5754 ) ;
#2080 = FILL_AREA_STYLE ('',( #8148 ) ) ;
#2081 = VECTOR ( 'NONE', #5866, 1000.000000000000000 ) ;
#2082 = CARTESIAN_POINT ( 'NONE',  ( 0.2000000000000000111, 0.000000000000000000, 0.5000000000000000000 ) ) ;
#2083 = LINE ( 'NONE', #6078, #5814 ) ;
#2084 = PRESENTATION_LAYER_ASSIGNMENT (  '', '', ( #2501 ) ) ;
#2085 = STYLED_ITEM ( 'NONE', ( #1187 ), #114 ) ;
#2086 = EDGE_CURVE ( 'NONE', #7132, #4203, #3144, .T. ) ;
#2087 = DIRECTION ( 'NONE',  ( -2.710505431213760099E-16, 0.000000000000000000, 1.000000000000000000 ) ) ;
#2088 = COLOUR_RGB ( '',0.2000000000000000111, 0.2000000000000000111, 0.2000000000000000111 ) ;
#2089 = ADVANCED_FACE ( 'NONE', ( #1765, #1026, #6356 ), #5710, .T. ) ;
#2090 =( NAMED_UNIT ( * ) PLANE_ANGLE_UNIT ( ) SI_UNIT ( $, .RADIAN. ) );
#2091 = LINE ( 'NONE', #7365, #7595 ) ;
#2092 = VECTOR ( 'NONE', #6765, 1000.000000000000000 ) ;
#2093 = EDGE_LOOP ( 'NONE', ( #230, #8010, #441, #2060 ) ) ;
#2094 = CARTESIAN_POINT ( 'NONE',  ( -0.2562307692307694840, 0.5400000000000000355, -0.4778846153846149636 ) ) ;
#2095 = ORIENTED_EDGE ( 'NONE', *, *, #7019, .T. ) ;
#2096 = DIRECTION ( 'NONE',  ( 0.000000000000000000, -1.000000000000000000, 0.000000000000000000 ) ) ;
#2097 = PLANE ( 'NONE',  #6101 ) ;
#2098 = CARTESIAN_POINT ( 'NONE',  ( -0.2002655878726240235, 0.5400000000000000355, -0.5965043453206090307 ) ) ;
#2099 = FILL_AREA_STYLE ('',( #8033 ) ) ;
#2100 = FILL_AREA_STYLE_COLOUR ( '', #3255 ) ;
#2101 = EDGE_CURVE ( 'NONE', #6799, #543, #5664, .T. ) ;
#2102 =( NAMED_UNIT ( * ) PLANE_ANGLE_UNIT ( ) SI_UNIT ( $, .RADIAN. ) );
#2103 = CARTESIAN_POINT ( 'NONE',  ( 0.2500000000000000000, 0.2000000000000000111, -0.7510000000000000009 ) ) ;
#2104 = EDGE_CURVE ( 'NONE', #3127, #4514, #7561, .T. ) ;
#2105 = FACE_OUTER_BOUND ( 'NONE', #2585, .T. ) ;
#2106 = LINE ( 'NONE', #4722, #5325 ) ;
#2107 = LINE ( 'NONE', #1584, #3347 ) ;
#2108 = ORIENTED_EDGE ( 'NONE', *, *, #8078, .T. ) ;
#2109 = LINE ( 'NONE', #7177, #5449 ) ;
#2110 = ORIENTED_EDGE ( 'NONE', *, *, #4172, .T. ) ;
#2111 =( GEOMETRIC_REPRESENTATION_CONTEXT ( 3 ) GLOBAL_UNCERTAINTY_ASSIGNED_CONTEXT ( ( #2627 ) ) GLOBAL_UNIT_ASSIGNED_CONTEXT ( ( #8618, #6655, #8529 ) ) REPRESENTATION_CONTEXT ( 'NONE', 'WORKASPACE' ) );
#2112 = CARTESIAN_POINT ( 'NONE',  ( -0.1325198502182746152, 0.5400000000000000355, -0.5917752038747878807 ) ) ;
#2113 = PRESENTATION_STYLE_ASSIGNMENT (( #2746 ) ) ;
#2114 = LINE ( 'NONE', #8215, #1418 ) ;
#2115 = CARTESIAN_POINT ( 'NONE',  ( 0.2500000000000000000, 0.5400000000000000355, 0.7500000000000000000 ) ) ;
#2116 = CARTESIAN_POINT ( 'NONE',  ( 0.5969852375703309511, 0.5410000000000000364, -0.5799978300006619625 ) ) ;
#2117 = CARTESIAN_POINT ( 'NONE',  ( -0.1325198502182746152, 0.5410000000000000364, -0.5917752038747878807 ) ) ;
#2118 = ORIENTED_EDGE ( 'NONE', *, *, #1403, .T. ) ;
#2119 = ORIENTED_EDGE ( 'NONE', *, *, #5985, .F. ) ;
#2120 = UNCERTAINTY_MEASURE_WITH_UNIT (LENGTH_MEASURE( 1.000000000000000082E-05 ), #2300, 'distance_accuracy_value', 'NONE');
#2121 = MECHANICAL_DESIGN_GEOMETRIC_PRESENTATION_REPRESENTATION (  '', ( #6404 ), #6554 ) ;
#2122 = CARTESIAN_POINT ( 'NONE',  ( -0.09143285827451838599, 0.5400000000000000355, -0.4945065783212149180 ) ) ;
#2123 = VECTOR ( 'NONE', #480, 1000.000000000000000 ) ;
#2124 = DIRECTION ( 'NONE',  ( 0.000000000000000000, 1.000000000000000000, 0.000000000000000000 ) ) ;
#2125 = LINE ( 'NONE', #13, #538 ) ;
#2126 = COLOUR_RGB ( '',0.2000000000000000111, 0.2000000000000000111, 0.2000000000000000111 ) ;
#2127 = ORIENTED_EDGE ( 'NONE', *, *, #8223, .F. ) ;
#2128 = SURFACE_STYLE_USAGE ( .BOTH. , #4846 ) ;
#2129 =( NAMED_UNIT ( * ) PLANE_ANGLE_UNIT ( ) SI_UNIT ( $, .RADIAN. ) );
#2130 = ADVANCED_FACE ( 'NONE', ( #8315 ), #4348, .T. ) ;
#2131 = DIRECTION ( 'NONE',  ( -1.000000000000000000, 0.000000000000000000, 0.000000000000000000 ) ) ;
#2132 = AXIS2_PLACEMENT_3D ( 'NONE', #3158, #5159, #4448 ) ;
#2133 = VECTOR ( 'NONE', #3736, 1000.000000000000000 ) ;
#2134 =( NAMED_UNIT ( * ) SI_UNIT ( $, .STERADIAN. ) SOLID_ANGLE_UNIT ( ) );
#2135 = ADVANCED_FACE ( 'NONE', ( #8271 ), #2311, .T. ) ;
#2136 = CARTESIAN_POINT ( 'NONE',  ( 0.2000000000000000111, 0.2000000000000000111, 0.5000000000000000000 ) ) ;
#2137 = EDGE_CURVE ( 'NONE', #6153, #5033, #2326, .T. ) ;
#2138 = CARTESIAN_POINT ( 'NONE',  ( -0.2141607225913469970, 0.5410000000000000364, -0.5841616163354619307 ) ) ;
#2139 = VERTEX_POINT ( 'NONE', #1290 ) ;
#2140 = DIRECTION ( 'NONE',  ( 0.000000000000000000, 1.000000000000000000, 0.000000000000000000 ) ) ;
#2141 = ORIENTED_EDGE ( 'NONE', *, *, #2982, .F. ) ;
#2142 = DIRECTION ( 'NONE',  ( 1.000000000000000000, 0.000000000000000000, 1.445602896647340100E-15 ) ) ;
#2143 = VECTOR ( 'NONE', #5123, 1000.000000000000000 ) ;
#2144 = DIRECTION ( 'NONE',  ( 0.000000000000000000, 0.000000000000000000, 1.000000000000000000 ) ) ;
#2145 = DIRECTION ( 'NONE',  ( 0.000000000000000000, -1.000000000000000000, 0.000000000000000000 ) ) ;
#2146 =( GEOMETRIC_REPRESENTATION_CONTEXT ( 3 ) GLOBAL_UNCERTAINTY_ASSIGNED_CONTEXT ( ( #3310 ) ) GLOBAL_UNIT_ASSIGNED_CONTEXT ( ( #7587, #6250, #8502 ) ) REPRESENTATION_CONTEXT ( 'NONE', 'WORKASPACE' ) );
#2147 = DIRECTION ( 'NONE',  ( 1.000000000000000000, 0.000000000000000000, 0.000000000000000000 ) ) ;
#2148 = PLANE ( 'NONE',  #159 ) ;
#2149 = MECHANICAL_DESIGN_GEOMETRIC_PRESENTATION_REPRESENTATION (  '', ( #2275 ), #6429 ) ;
#2150 = EDGE_CURVE ( 'NONE', #1356, #7613, #1419, .T. ) ;
#2151 =( LENGTH_UNIT ( ) NAMED_UNIT ( * ) SI_UNIT ( .MILLI., .METRE. ) );
#2152 = ORIENTED_EDGE ( 'NONE', *, *, #7431, .F. ) ;
#2153 = SURFACE_SIDE_STYLE ('',( #1548 ) ) ;
#2154 = EDGE_CURVE ( 'NONE', #3735, #3600, #4031, .T. ) ;
#2155 = ORIENTED_EDGE ( 'NONE', *, *, #547, .T. ) ;
#2156 = EDGE_CURVE ( 'NONE', #4672, #1654, #1064, .T. ) ;
#2157 = CARTESIAN_POINT ( 'NONE',  ( 0.4500000000000000111, 0.2000000000000000111, 0.2999999999999999889 ) ) ;
#2158 =( GEOMETRIC_REPRESENTATION_CONTEXT ( 3 ) GLOBAL_UNCERTAINTY_ASSIGNED_CONTEXT ( ( #629 ) ) GLOBAL_UNIT_ASSIGNED_CONTEXT ( ( #7312, #3398, #769 ) ) REPRESENTATION_CONTEXT ( 'NONE', 'WORKASPACE' ) );
#2159 = CARTESIAN_POINT ( 'NONE',  ( -0.2500000000000000000, 0.1000000000000000056, -0.7510000000000000009 ) ) ;
#2160 = COLOUR_RGB ( '',0.2000000000000000111, 0.2000000000000000111, 0.2000000000000000111 ) ;
#2161 =( LENGTH_UNIT ( ) NAMED_UNIT ( * ) SI_UNIT ( .MILLI., .METRE. ) );
#2162 = CARTESIAN_POINT ( 'NONE',  ( 0.4826057692307690328, 0.5410000000000000364, -0.4000000000000000222 ) ) ;
#2163 = CARTESIAN_POINT ( 'NONE',  ( -0.09857186246480900693, 0.5410000000000000364, -0.4228577710924480426 ) ) ;
#2164 = CARTESIAN_POINT ( 'NONE',  ( -0.1677085785985645006, 0.5410000000000000364, -0.6018813299372358649 ) ) ;
#2165 = ORIENTED_EDGE ( 'NONE', *, *, #1665, .T. ) ;
#2166 = ORIENTED_EDGE ( 'NONE', *, *, #3789, .F. ) ;
#2167 = DIRECTION ( 'NONE',  ( 0.000000000000000000, -1.000000000000000000, 0.000000000000000000 ) ) ;
#2168 = PLANE ( 'NONE',  #213 ) ;
#2169 = DIRECTION ( 'NONE',  ( 1.000000000000000000, 0.000000000000000000, 0.000000000000000000 ) ) ;
#2170 = ORIENTED_EDGE ( 'NONE', *, *, #3700, .T. ) ;
#2171 = CARTESIAN_POINT ( 'NONE',  ( 0.2642115384615384976, 0.5410000000000000364, -0.4836538461538459899 ) ) ;
#2172 = DIRECTION ( 'NONE',  ( 1.000000000000000000, 0.000000000000000000, 0.000000000000000000 ) ) ;
#2173 = SURFACE_STYLE_FILL_AREA ( #2214 ) ;
#2174 = FACE_OUTER_BOUND ( 'NONE', #5477, .T. ) ;
#2175 = VECTOR ( 'NONE', #1515, 1000.000000000000000 ) ;
#2176 = CARTESIAN_POINT ( 'NONE',  ( 0.3676718749999999813, 0.5400000000000000355, -0.4000000000000000222 ) ) ;
#2177 = LINE ( 'NONE', #6160, #5099 ) ;
#2178 =( GEOMETRIC_REPRESENTATION_CONTEXT ( 3 ) GLOBAL_UNCERTAINTY_ASSIGNED_CONTEXT ( ( #6665 ) ) GLOBAL_UNIT_ASSIGNED_CONTEXT ( ( #4546, #8513, #7294 ) ) REPRESENTATION_CONTEXT ( 'NONE', 'WORKASPACE' ) );
#2179 = ORIENTED_EDGE ( 'NONE', *, *, #6169, .T. ) ;
#2180 = LINE ( 'NONE', #7498, #5022 ) ;
#2181 = PLANE ( 'NONE',  #4045 ) ;
#2182 = FACE_OUTER_BOUND ( 'NONE', #3495, .T. ) ;
#2183 = LINE ( 'NONE', #790, #3645 ) ;
#2184 =( NAMED_UNIT ( * ) PLANE_ANGLE_UNIT ( ) SI_UNIT ( $, .RADIAN. ) );
#2185 = CARTESIAN_POINT ( 'NONE',  ( 0.1962878605769229901, 0.5410000000000000364, -0.4836538461538459899 ) ) ;
#2186 = LINE ( 'NONE', #6092, #477 ) ;
#2187 = CARTESIAN_POINT ( 'NONE',  ( -0.08327110984146508799, 0.5410000000000000364, -0.4667740546529859924 ) ) ;
#2188 = VERTEX_POINT ( 'NONE', #3343 ) ;
#2189 = SURFACE_STYLE_USAGE ( .BOTH. , #8257 ) ;
#2190 = ORIENTED_EDGE ( 'NONE', *, *, #6428, .F. ) ;
#2191 = PLANE ( 'NONE',  #6094 ) ;
#2192 = ADVANCED_FACE ( 'NONE', ( #5843 ), #8003, .T. ) ;
#2193 = CARTESIAN_POINT ( 'NONE',  ( -0.2004087033397164985, 0.5410000000000000364, -0.5424123526977900900 ) ) ;
#2194 = CARTESIAN_POINT ( 'NONE',  ( 0.2642115384615384976, 0.5410000000000000364, -0.5717698317307690070 ) ) ;
#2195 =( NAMED_UNIT ( * ) PLANE_ANGLE_UNIT ( ) SI_UNIT ( $, .RADIAN. ) );
#2196 = SURFACE_STYLE_USAGE ( .BOTH. , #1954 ) ;
#2197 = ADVANCED_FACE ( 'NONE', ( #535 ), #8489, .T. ) ;
#2198 = LINE ( 'NONE', #2115, #2006 ) ;
#2199 = ADVANCED_FACE ( 'NONE', ( #5392 ), #5481, .F. ) ;
#2200 =( NAMED_UNIT ( * ) SI_UNIT ( $, .STERADIAN. ) SOLID_ANGLE_UNIT ( ) );
#2201 = PRESENTATION_STYLE_ASSIGNMENT (( #1553 ) ) ;
#2202 = ORIENTED_EDGE ( 'NONE', *, *, #3009, .T. ) ;
#2203 = ORIENTED_EDGE ( 'NONE', *, *, #4762, .T. ) ;
#2204 = LINE ( 'NONE', #2284, #8542 ) ;
#2205 = DIRECTION ( 'NONE',  ( 1.000000000000000000, 0.000000000000000000, 0.000000000000000000 ) ) ;
#2206 = PRESENTATION_LAYER_ASSIGNMENT (  '', '', ( #7179 ) ) ;
#2207 = ORIENTED_EDGE ( 'NONE', *, *, #7009, .T. ) ;
#2208 = FACE_OUTER_BOUND ( 'NONE', #1646, .T. ) ;
#2209 = UNCERTAINTY_MEASURE_WITH_UNIT (LENGTH_MEASURE( 1.000000000000000082E-05 ), #8146, 'distance_accuracy_value', 'NONE');
#2210 = CARTESIAN_POINT ( 'NONE',  ( -0.2500000000000000000, 0.5400000000000000355, -0.7500000000000000000 ) ) ;
#2211 = VERTEX_POINT ( 'NONE', #4425 ) ;
#2212 = CARTESIAN_POINT ( 'NONE',  ( -0.08892307692307700739, 0.5410000000000000364, -0.5615384615384619860 ) ) ;
#2213 = PRESENTATION_LAYER_ASSIGNMENT (  '', '', ( #5808 ) ) ;
#2214 = FILL_AREA_STYLE ('',( #3361 ) ) ;
#2215 = AXIS2_PLACEMENT_3D ( 'NONE', #2504, #3143, #5793 ) ;
#2216 = CARTESIAN_POINT ( 'NONE',  ( -0.1373425863130681712, 0.5400000000000000355, -0.4930371300675749913 ) ) ;
#2217 = CARTESIAN_POINT ( 'NONE',  ( -0.1117264113697670064, 0.5410000000000000364, -0.6101347824485049420 ) ) ;
#2218 = PRESENTATION_LAYER_ASSIGNMENT (  '', '', ( #1104 ) ) ;
#2219 = ORIENTED_EDGE ( 'NONE', *, *, #3555, .F. ) ;
#2220 = VECTOR ( 'NONE', #7679, 1000.000000000000000 ) ;
#2221 = CARTESIAN_POINT ( 'NONE',  ( -0.2381206978354410142, 0.5400000000000000355, -0.4260698738638079575 ) ) ;
#2222 = CARTESIAN_POINT ( 'NONE',  ( -0.1390218283118430098, 0.5400000000000000355, -0.5249815371515710316 ) ) ;
#2223 = B_SPLINE_CURVE_WITH_KNOTS ( 'NONE', 3,
 ( #3691, #6361, #5758, #8407, #2464, #4436, #407, #1813, #497, #3146, #5796, #8442, #2512, #1202, #4477, #3815, #1422, #2064, #4080 ),
 .UNSPECIFIED., .F., .F.,
 ( 4, 1, 1, 1, 1, 1, 1, 1, 1, 1, 1, 1, 1, 1, 1, 1, 4 ),
 ( 0.000000000000000000, 0.03174754161533394764, 0.07096899275954129949, 0.1185490686508463981, 0.1736615600574905049, 0.2368490480749385063, 0.3077464815700775014, 0.3863560277665040177, 0.4732015279297119847, 0.5607041871516820208, 0.6418171220863129189, 0.7172283194105169013, 0.7857839883976640571, 0.8487201595813960164, 0.9048987351730659601, 0.9553848304058389918, 1.000000000000000000 ),
 .UNSPECIFIED. ) ;
#2224 = CARTESIAN_POINT ( 'NONE',  ( -0.2475769230769230000, 0.5410000000000000364, -0.5662710336538460121 ) ) ;
#2225 = VECTOR ( 'NONE', #7889, 1000.000000000000000 ) ;
#2226 = LINE ( 'NONE', #211, #270 ) ;
#2227 = AXIS2_PLACEMENT_3D ( 'NONE', #7280, #3203, #1217 ) ;
#2228 = VERTEX_POINT ( 'NONE', #1675 ) ;
#2229 = SURFACE_STYLE_FILL_AREA ( #886 ) ;
#2230 = ORIENTED_EDGE ( 'NONE', *, *, #1498, .F. ) ;
#2231 = CARTESIAN_POINT ( 'NONE',  ( -0.1295286200255582054, 0.5400000000000000355, -0.5890215660845430357 ) ) ;
#2232 = EDGE_CURVE ( 'NONE', #6899, #1239, #3763, .T. ) ;
#2233 = CARTESIAN_POINT ( 'NONE',  ( -0.2096423390354364980, 0.5400000000000000355, -0.5477991257055959684 ) ) ;
#2234 = EDGE_CURVE ( 'NONE', #5980, #8170, #1753, .T. ) ;
#2235 = SURFACE_STYLE_USAGE ( .BOTH. , #4076 ) ;
#2236 = SURFACE_STYLE_FILL_AREA ( #4574 ) ;
#2237 = FACE_OUTER_BOUND ( 'NONE', #654, .T. ) ;
#2238 = SURFACE_STYLE_USAGE ( .BOTH. , #6581 ) ;
#2239 =( NAMED_UNIT ( * ) SI_UNIT ( $, .STERADIAN. ) SOLID_ANGLE_UNIT ( ) );
#2240 = VERTEX_POINT ( 'NONE', #3722 ) ;
#2241 = ORIENTED_EDGE ( 'NONE', *, *, #5410, .F. ) ;
#2242 =( NAMED_UNIT ( * ) PLANE_ANGLE_UNIT ( ) SI_UNIT ( $, .RADIAN. ) );
#2243 = EDGE_CURVE ( 'NONE', #6592, #6799, #2366, .T. ) ;
#2244 = SURFACE_STYLE_USAGE ( .BOTH. , #8102 ) ;
#2245 = DIRECTION ( 'NONE',  ( 0.000000000000000000, 1.000000000000000000, 0.000000000000000000 ) ) ;
#2246 = MECHANICAL_DESIGN_GEOMETRIC_PRESENTATION_REPRESENTATION (  '', ( #6944 ), #4022 ) ;
#2247 = SURFACE_STYLE_USAGE ( .BOTH. , #4135 ) ;
#2248 = ORIENTED_EDGE ( 'NONE', *, *, #3007, .F. ) ;
#2249 = MECHANICAL_DESIGN_GEOMETRIC_PRESENTATION_REPRESENTATION (  '', ( #4867 ), #1841 ) ;
#2250 = DIRECTION ( 'NONE',  ( 0.000000000000000000, 1.000000000000000000, 0.000000000000000000 ) ) ;
#2251 =( NAMED_UNIT ( * ) PLANE_ANGLE_UNIT ( ) SI_UNIT ( $, .RADIAN. ) );
#2252 =( GEOMETRIC_REPRESENTATION_CONTEXT ( 3 ) GLOBAL_UNCERTAINTY_ASSIGNED_CONTEXT ( ( #3395 ) ) GLOBAL_UNIT_ASSIGNED_CONTEXT ( ( #6443, #5177, #4555 ) ) REPRESENTATION_CONTEXT ( 'NONE', 'WORKASPACE' ) );
#2253 = CARTESIAN_POINT ( 'NONE',  ( -0.1818481207577199721, 0.5410000000000000364, -0.4246521533374559842 ) ) ;
#2254 = CARTESIAN_POINT ( 'NONE',  ( 0.1962878605769229901, 0.5410000000000000364, -0.4836538461538459899 ) ) ;
#2255 = EDGE_LOOP ( 'NONE', ( #4101, #5057, #2118, #3643 ) ) ;
#2256 = CARTESIAN_POINT ( 'NONE',  ( -0.2513353502014715191, 0.5400000000000000355, -0.4498970551262490014 ) ) ;
#2257 = FACE_OUTER_BOUND ( 'NONE', #5929, .T. ) ;
#2258 = DIRECTION ( 'NONE',  ( 0.000000000000000000, 1.000000000000000000, 0.000000000000000000 ) ) ;
#2259 = DIRECTION ( 'NONE',  ( 0.000000000000000000, 0.000000000000000000, 1.000000000000000000 ) ) ;
#2260 = MECHANICAL_DESIGN_GEOMETRIC_PRESENTATION_REPRESENTATION (  '', ( #6008 ), #4459 ) ;
#2261 =( LENGTH_UNIT ( ) NAMED_UNIT ( * ) SI_UNIT ( .MILLI., .METRE. ) );
#2262 = FACE_OUTER_BOUND ( 'NONE', #6610, .T. ) ;
#2263 = LINE ( 'NONE', #5556, #8371 ) ;
#2264 = CARTESIAN_POINT ( 'NONE',  ( 0.6062133413461540110, 0.5410000000000000364, -0.5550480769230770051 ) ) ;
#2265 = ORIENTED_EDGE ( 'NONE', *, *, #7980, .T. ) ;
#2266 = CARTESIAN_POINT ( 'NONE',  ( 0.4826057692307690328, 0.5410000000000000364, -0.4000000000000000222 ) ) ;
#2267 = EDGE_CURVE ( 'NONE', #3778, #3394, #1054, .T. ) ;
#2268 = VECTOR ( 'NONE', #4408, 1000.000000000000114 ) ;
#2269 = VERTEX_POINT ( 'NONE', #4334 ) ;
#2270 =( NAMED_UNIT ( * ) SI_UNIT ( $, .STERADIAN. ) SOLID_ANGLE_UNIT ( ) );
#2271 = ORIENTED_EDGE ( 'NONE', *, *, #4276, .T. ) ;
#2272 = CARTESIAN_POINT ( 'NONE',  ( -0.1530424384314569841, 0.5400000000000000355, -0.6005498295629649874 ) ) ;
#2273 = CIRCLE ( 'NONE', #3236, 0.1499999999999999944 ) ;
#2274 = CARTESIAN_POINT ( 'NONE',  ( -0.1452896604458474294, 0.5400000000000000355, -0.5267803440082619026 ) ) ;
#2275 = STYLED_ITEM ( 'NONE', ( #4666 ), #8187 ) ;
#2276 = CARTESIAN_POINT ( 'NONE',  ( -0.1363960361527611909, 0.5410000000000000364, -0.4282376806867174701 ) ) ;
#2277 = DIRECTION ( 'NONE',  ( -0.9379445646918532775, 0.000000000000000000, 0.3467852268551960826 ) ) ;
#2278 = COLOUR_RGB ( '',0.2000000000000000111, 0.2000000000000000111, 0.2000000000000000111 ) ;
#2279 = CARTESIAN_POINT ( 'NONE',  ( -0.1129111762073091996, 0.5400000000000000355, -0.4106379473345435072 ) ) ;
#2280 = SURFACE_STYLE_USAGE ( .BOTH. , #1803 ) ;
#2281 = VECTOR ( 'NONE', #6141, 1000.000000000000000 ) ;
#2282 = ORIENTED_EDGE ( 'NONE', *, *, #3380, .T. ) ;
#2283 = ORIENTED_EDGE ( 'NONE', *, *, #6321, .T. ) ;
#2284 = CARTESIAN_POINT ( 'NONE',  ( 0.1632500000000000062, 0.5400000000000000355, -0.4836538461538459899 ) ) ;
#2285 = VECTOR ( 'NONE', #4365, 1000.000000000000000 ) ;
#2286 = CARTESIAN_POINT ( 'NONE',  ( 0.4166652644230769975, 0.5410000000000000364, -0.4494891826923079758 ) ) ;
#2287 = CARTESIAN_POINT ( 'NONE',  ( -0.2161616586538460116, 0.5410000000000000364, -0.5176382211538460565 ) ) ;
#2288 = STYLED_ITEM ( 'NONE', ( #6817 ), #2396 ) ;
#2289 = DIRECTION ( 'NONE',  ( 1.000000000000000000, 0.000000000000000000, 0.000000000000000000 ) ) ;
#2290 = ORIENTED_EDGE ( 'NONE', *, *, #3982, .T. ) ;
#2291 = VERTEX_POINT ( 'NONE', #7640 ) ;
#2292 = SURFACE_SIDE_STYLE ('',( #6887 ) ) ;
#2293 =( GEOMETRIC_REPRESENTATION_CONTEXT ( 3 ) GLOBAL_UNCERTAINTY_ASSIGNED_CONTEXT ( ( #8445 ) ) GLOBAL_UNIT_ASSIGNED_CONTEXT ( ( #185, #4869, #2239 ) ) REPRESENTATION_CONTEXT ( 'NONE', 'WORKASPACE' ) );
#2294 = FACE_BOUND ( 'NONE', #5663, .T. ) ;
#2295 = CARTESIAN_POINT ( 'NONE',  ( -0.1296895464892571792, 0.5410000000000000364, -0.6207036992356020910 ) ) ;
#2296 = EDGE_CURVE ( 'NONE', #1654, #3664, #6435, .T. ) ;
#2297 = EDGE_CURVE ( 'NONE', #4178, #3519, #307, .T. ) ;
#2298 = FACE_OUTER_BOUND ( 'NONE', #6252, .T. ) ;
#2299 = ORIENTED_EDGE ( 'NONE', *, *, #3605, .T. ) ;
#2300 =( LENGTH_UNIT ( ) NAMED_UNIT ( * ) SI_UNIT ( .MILLI., .METRE. ) );
#2301 = CARTESIAN_POINT ( 'NONE',  ( 0.3944897836538460156, 0.5410000000000000364, -0.4820312499999999667 ) ) ;
#2302 = AXIS2_PLACEMENT_3D ( 'NONE', #690, #109, #2690 ) ;
#2303 = SURFACE_STYLE_FILL_AREA ( #8247 ) ;
#2304 = MECHANICAL_DESIGN_GEOMETRIC_PRESENTATION_REPRESENTATION (  '', ( #4919 ), #6472 ) ;
#2305 = SURFACE_STYLE_FILL_AREA ( #8125 ) ;
#2306 = ADVANCED_FACE ( 'NONE', ( #3131 ), #4312, .T. ) ;
#2307 = DIRECTION ( 'NONE',  ( 0.000000000000000000, 0.000000000000000000, -1.000000000000000000 ) ) ;
#2308 = CARTESIAN_POINT ( 'NONE',  ( -0.7500000000000000000, 0.2000000000000000111, 0.7500000000000000000 ) ) ;
#2309 = ORIENTED_EDGE ( 'NONE', *, *, #2523, .T. ) ;
#2310 = VECTOR ( 'NONE', #5469, 1000.000000000000000 ) ;
#2311 = TOROIDAL_SURFACE ( 'NONE', #7854, 0.2999999999999999889, 0.1000000000000000056 ) ;
#2312 = CARTESIAN_POINT ( 'NONE',  ( -0.09857186246480900693, 0.5400000000000000355, -0.4228577710924480426 ) ) ;
#2313 = ORIENTED_EDGE ( 'NONE', *, *, #6333, .T. ) ;
#2314 = CARTESIAN_POINT ( 'NONE',  ( -0.2000000000000000111, 0.2000000000000000111, -0.3250000000000000111 ) ) ;
#2315 = FACE_OUTER_BOUND ( 'NONE', #2093, .T. ) ;
#2316 = CARTESIAN_POINT ( 'NONE',  ( -0.2399592599520950220, 0.5400000000000000355, -0.5382638215033690443 ) ) ;
#2317 = SURFACE_STYLE_FILL_AREA ( #8261 ) ;
#2318 = CARTESIAN_POINT ( 'NONE',  ( -0.1818481207577199721, 0.5400000000000000355, -0.4246521533374559842 ) ) ;
#2319 = LINE ( 'NONE', #6305, #4626 ) ;
#2320 = B_SPLINE_SURFACE_WITH_KNOTS ( 'NONE', 3, 1, ( 
 ( #6933, #1038 ),
 ( #4925, #7617 ),
 ( #2892, #5584 ),
 ( #5674, #8236 ),
 ( #2426, #4313 ),
 ( #3611, #1612 ),
 ( #6278, #3656 ),
 ( #329, #6194 ),
 ( #7665, #3014 ),
 ( #3528, #5060 ),
 ( #1564, #4181 ) ),
 .UNSPECIFIED., .F., .F., .F.,
 ( 4, 1, 1, 1, 1, 1, 1, 1, 4 ),
 ( 2, 2 ),
 ( 0.000000000000000000, 0.1166030543420178006, 0.2281346226164190083, 0.3367167695462400245, 0.4469676751317940289, 0.5628526744146220562, 0.6923310109054329198, 0.8371072068118620146, 1.000000000000000000 ),
 ( 0.000000000000000000, 1.000000000000000000 ),
 .UNSPECIFIED. ) ;
#2321 = CARTESIAN_POINT ( 'NONE',  ( 0.2642115384615384976, 0.5400000000000000355, -0.4836538461538459899 ) ) ;
#2322 = CARTESIAN_POINT ( 'NONE',  ( -0.7500000000000000000, 0.2000000000000000111, 0.2000000000000000111 ) ) ;
#2323 = ORIENTED_EDGE ( 'NONE', *, *, #5072, .T. ) ;
#2324 = ORIENTED_EDGE ( 'NONE', *, *, #1353, .F. ) ;
#2325 = FILL_AREA_STYLE_COLOUR ( '', #6504 ) ;
#2326 = LINE ( 'NONE', #3991, #5926 ) ;
#2327 = FILL_AREA_STYLE ('',( #6267 ) ) ;
#2328 = LINE ( 'NONE', #1158, #1336 ) ;
#2329 = PRESENTATION_STYLE_ASSIGNMENT (( #7528 ) ) ;
#2330 = ORIENTED_EDGE ( 'NONE', *, *, #1029, .F. ) ;
#2331 = EDGE_LOOP ( 'NONE', ( #3694, #7841, #3827, #5026 ) ) ;
#2332 = CARTESIAN_POINT ( 'NONE',  ( -0.03783653846153854639, 0.5400000000000000355, -0.6250000000000000000 ) ) ;
#2333 =( NAMED_UNIT ( * ) SI_UNIT ( $, .STERADIAN. ) SOLID_ANGLE_UNIT ( ) );
#2334 = CARTESIAN_POINT ( 'NONE',  ( -0.1391831292545381848, 0.5400000000000000355, -0.4937609328647989404 ) ) ;
#2335 = FILL_AREA_STYLE_COLOUR ( '', #3773 ) ;
#2336 = CARTESIAN_POINT ( 'NONE',  ( -0.08915624975863839508, 0.5410000000000000364, -0.5647190601633129692 ) ) ;
#2337 =( GEOMETRIC_REPRESENTATION_CONTEXT ( 3 ) GLOBAL_UNCERTAINTY_ASSIGNED_CONTEXT ( ( #4797 ) ) GLOBAL_UNIT_ASSIGNED_CONTEXT ( ( #1080, #417, #5549 ) ) REPRESENTATION_CONTEXT ( 'NONE', 'WORKASPACE' ) );
#2338 = PRESENTATION_STYLE_ASSIGNMENT (( #7579 ) ) ;
#2339 = ORIENTED_EDGE ( 'NONE', *, *, #3195, .T. ) ;
#2340 = LINE ( 'NONE', #7673, #2944 ) ;
#2341 = MECHANICAL_DESIGN_GEOMETRIC_PRESENTATION_REPRESENTATION (  '', ( #1242 ), #5667 ) ;
#2342 = DIRECTION ( 'NONE',  ( 0.000000000000000000, 0.000000000000000000, 1.000000000000000000 ) ) ;
#2343 = DIRECTION ( 'NONE',  ( 0.000000000000000000, 0.000000000000000000, -1.000000000000000000 ) ) ;
#2344 = VECTOR ( 'NONE', #3406, 1000.000000000000000 ) ;
#2345 = CARTESIAN_POINT ( 'NONE',  ( 0.1000000000000000056, 0.1000000000000000056, 0.7500000000000000000 ) ) ;
#2346 = PLANE ( 'NONE',  #1251 ) ;
#2347 = STYLED_ITEM ( 'NONE', ( #2113 ), #5416 ) ;
#2348 = ADVANCED_FACE ( 'NONE', ( #8515 ), #5219, .F. ) ;
#2349 =( NAMED_UNIT ( * ) PLANE_ANGLE_UNIT ( ) SI_UNIT ( $, .RADIAN. ) );
#2350 = AXIS2_PLACEMENT_3D ( 'NONE', #8598, #1397, #2776 ) ;
#2351 = CARTESIAN_POINT ( 'NONE',  ( -0.2561477756849380172, 0.5410000000000000364, -0.4759149892542829385 ) ) ;
#2352 = ORIENTED_EDGE ( 'NONE', *, *, #5585, .F. ) ;
#2353 =( LENGTH_UNIT ( ) NAMED_UNIT ( * ) SI_UNIT ( .MILLI., .METRE. ) );
#2354 = AXIS2_PLACEMENT_3D ( 'NONE', #5951, #1352, #3796 ) ;
#2355 = VECTOR ( 'NONE', #3498, 1000.000000000000000 ) ;
#2356 = CARTESIAN_POINT ( 'NONE',  ( -0.1171454048708797935, 0.5400000000000000355, -0.4080834824016479900 ) ) ;
#2357 = ORIENTED_EDGE ( 'NONE', *, *, #4079, .F. ) ;
#2358 = VECTOR ( 'NONE', #7926, 1000.000000000000000 ) ;
#2359 = DIRECTION ( 'NONE',  ( -1.000000000000000000, 0.000000000000000000, 1.445602896647339903E-16 ) ) ;
#2360 = ORIENTED_EDGE ( 'NONE', *, *, #4890, .F. ) ;
#2361 = VECTOR ( 'NONE', #7708, 1000.000000000000000 ) ;
#2362 = DIRECTION ( 'NONE',  ( -0.3468370040950304878, 0.000000000000000000, 0.9379254195245930736 ) ) ;
#2363 = ADVANCED_FACE ( 'NONE', ( #6488 ), #3803, .T. ) ;
#2364 = COLOUR_RGB ( '',0.6470588235294117974, 0.5176470588235293491, 0.000000000000000000 ) ;
#2365 = VECTOR ( 'NONE', #4675, 1000.000000000000000 ) ;
#2366 = LINE ( 'NONE', #6346, #5864 ) ;
#2367 = EDGE_CURVE ( 'NONE', #8199, #1021, #1887, .T. ) ;
#2368 = PRESENTATION_STYLE_ASSIGNMENT (( #223 ) ) ;
#2369 = CARTESIAN_POINT ( 'NONE',  ( -0.2273846153846154905, 0.5400000000000000355, -0.4778846153846149636 ) ) ;
#2370 = PRESENTATION_STYLE_ASSIGNMENT (( #8307 ) ) ;
#2371 = CARTESIAN_POINT ( 'NONE',  ( 0.4826057692307690328, 0.5400000000000000355, -0.4000000000000000222 ) ) ;
#2372 = VERTEX_POINT ( 'NONE', #3845 ) ;
#2373 = VERTEX_POINT ( 'NONE', #6529 ) ;
#2374 = CARTESIAN_POINT ( 'NONE',  ( -0.5500000000000000444, 1.277032961426900037, 0.2000000000000000111 ) ) ;
#2375 = FILL_AREA_STYLE ('',( #1200 ) ) ;
#2376 = DIRECTION ( 'NONE',  ( -1.000000000000000000, 0.000000000000000000, 0.000000000000000000 ) ) ;
#2377 = CARTESIAN_POINT ( 'NONE',  ( -0.1676386227501815152, 0.5400000000000000355, -0.4231644323304805111 ) ) ;
#2378 = UNCERTAINTY_MEASURE_WITH_UNIT (LENGTH_MEASURE( 1.000000000000000082E-05 ), #6743, 'distance_accuracy_value', 'NONE');
#2379 = EDGE_CURVE ( 'NONE', #360, #2612, #5539, .T. ) ;
#2380 = VERTEX_POINT ( 'NONE', #4196 ) ;
#2381 = ORIENTED_EDGE ( 'NONE', *, *, #3966, .F. ) ;
#2382 =( NAMED_UNIT ( * ) SI_UNIT ( $, .STERADIAN. ) SOLID_ANGLE_UNIT ( ) );
#2383 = AXIS2_PLACEMENT_3D ( 'NONE', #5352, #3902, #5271 ) ;
#2384 = LINE ( 'NONE', #8491, #7420 ) ;
#2385 = SURFACE_STYLE_USAGE ( .BOTH. , #1779 ) ;
#2386 = CARTESIAN_POINT ( 'NONE',  ( -0.08892307692307700739, 0.5410000000000000364, -0.5615384615384619860 ) ) ;
#2387 =( NAMED_UNIT ( * ) PLANE_ANGLE_UNIT ( ) SI_UNIT ( $, .RADIAN. ) );
#2388 = ORIENTED_EDGE ( 'NONE', *, *, #1250, .T. ) ;
#2389 = FILL_AREA_STYLE_COLOUR ( '', #1575 ) ;
#2390 = EDGE_CURVE ( 'NONE', #1319, #3324, #4023, .T. ) ;
#2391 =( LENGTH_UNIT ( ) NAMED_UNIT ( * ) SI_UNIT ( .MILLI., .METRE. ) );
#2392 = SURFACE_SIDE_STYLE ('',( #3706 ) ) ;
#2393 = SURFACE_STYLE_FILL_AREA ( #8466 ) ;
#2394 = VECTOR ( 'NONE', #2992, 1000.000000000000000 ) ;
#2395 = PLANE ( 'NONE',  #2688 ) ;
#2396 = ADVANCED_FACE ( 'NONE', ( #1540 ), #5428, .T. ) ;
#2397 = DIRECTION ( 'NONE',  ( 0.000000000000000000, -1.000000000000000000, 0.000000000000000000 ) ) ;
#2398 = ORIENTED_EDGE ( 'NONE', *, *, #1197, .T. ) ;
#2399 =( NAMED_UNIT ( * ) PLANE_ANGLE_UNIT ( ) SI_UNIT ( $, .RADIAN. ) );
#2400 = DIRECTION ( 'NONE',  ( 0.000000000000000000, 1.000000000000000000, 0.000000000000000000 ) ) ;
#2401 = VERTEX_POINT ( 'NONE', #6088 ) ;
#2402 = EDGE_CURVE ( 'NONE', #6862, #4112, #5611, .T. ) ;
#2403 = DIRECTION ( 'NONE',  ( 0.000000000000000000, 0.000000000000000000, -1.000000000000000000 ) ) ;
#2404 = STYLED_ITEM ( 'NONE', ( #1257 ), #7576 ) ;
#2405 = PRESENTATION_STYLE_ASSIGNMENT (( #1710 ) ) ;
#2406 = SURFACE_STYLE_FILL_AREA ( #3590 ) ;
#2407 = ADVANCED_FACE ( 'NONE', ( #6731 ), #831, .T. ) ;
#2408 = FILL_AREA_STYLE ('',( #8175 ) ) ;
#2409 = DIRECTION ( 'NONE',  ( 0.000000000000000000, 0.000000000000000000, 1.000000000000000000 ) ) ;
#2410 = CARTESIAN_POINT ( 'NONE',  ( -0.2399592599520950220, 0.5400000000000000355, -0.5382638215033690443 ) ) ;
#2411 = VECTOR ( 'NONE', #7081, 1000.000000000000000 ) ;
#2412 = DIRECTION ( 'NONE',  ( 1.000000000000000000, 0.000000000000000000, -2.710505431213765029E-16 ) ) ;
#2413 = LINE ( 'NONE', #5748, #304 ) ;
#2414 = EDGE_CURVE ( 'NONE', #4447, #4490, #2183, .T. ) ;
#2415 = ORIENTED_EDGE ( 'NONE', *, *, #6959, .T. ) ;
#2416 = ORIENTED_EDGE ( 'NONE', *, *, #489, .F. ) ;
#2417 = CARTESIAN_POINT ( 'NONE',  ( 0.4130782717179554697, 0.5410000000000000364, -0.5078098142941659399 ) ) ;
#2418 = EDGE_CURVE ( 'NONE', #7882, #338, #5442, .T. ) ;
#2419 = FACE_OUTER_BOUND ( 'NONE', #7091, .T. ) ;
#2420 = AXIS2_PLACEMENT_3D ( 'NONE', #4064, #7458, #6049 ) ;
#2421 = CARTESIAN_POINT ( 'NONE',  ( -0.1646893028846155016, 0.5410000000000000364, -0.4230769230769230171 ) ) ;
#2422 = VECTOR ( 'NONE', #802, 1000.000000000000114 ) ;
#2423 = CARTESIAN_POINT ( 'NONE',  ( 0.7500000000000000000, 0.2000000000000000111, 0.5999999999999999778 ) ) ;
#2424 = ORIENTED_EDGE ( 'NONE', *, *, #2045, .F. ) ;
#2425 = ORIENTED_EDGE ( 'NONE', *, *, #536, .T. ) ;
#2426 = CARTESIAN_POINT ( 'NONE',  ( -0.1150652944469929828, 0.5410000000000000364, -0.4760181991672360335 ) ) ;
#2427 = FILL_AREA_STYLE_COLOUR ( '', #7753 ) ;
#2428 = CARTESIAN_POINT ( 'NONE',  ( -0.1814232824275640032, 0.5400000000000000355, -0.5054078141260310852 ) ) ;
#2429 = STYLED_ITEM ( 'NONE', ( #1507 ), #8443 ) ;
#2430 = LINE ( 'NONE', #7061, #4625 ) ;
#2431 = DIRECTION ( 'NONE',  ( 0.000000000000000000, 0.000000000000000000, -1.000000000000000000 ) ) ;
#2432 = COLOUR_RGB ( '',0.2000000000000000111, 0.2000000000000000111, 0.2000000000000000111 ) ;
#2433 = LINE ( 'NONE', #1122, #3182 ) ;
#2434 = ORIENTED_EDGE ( 'NONE', *, *, #4187, .F. ) ;
#2435 = DIRECTION ( 'NONE',  ( 0.000000000000000000, -1.000000000000000000, 0.000000000000000000 ) ) ;
#2436 = FILL_AREA_STYLE_COLOUR ( '', #6834 ) ;
#2437 = DIRECTION ( 'NONE',  ( 0.000000000000000000, 0.000000000000000000, -1.000000000000000000 ) ) ;
#2438 = VECTOR ( 'NONE', #987, 1000.000000000000000 ) ;
#2439 = CARTESIAN_POINT ( 'NONE',  ( 0.3161346153846155138, 0.5410000000000000364, -0.4836538461538459899 ) ) ;
#2440 = DIRECTION ( 'NONE',  ( 0.000000000000000000, 1.000000000000000000, 0.000000000000000000 ) ) ;
#2441 = ORIENTED_EDGE ( 'NONE', *, *, #6079, .F. ) ;
#2442 = CARTESIAN_POINT ( 'NONE',  ( 0.4045983348097549892, 0.5410000000000000364, -0.5144465487130349679 ) ) ;
#2443 = DIRECTION ( 'NONE',  ( 1.000000000000000000, 0.000000000000000000, 0.000000000000000000 ) ) ;
#2444 = DIRECTION ( 'NONE',  ( 0.000000000000000000, 0.000000000000000000, 1.000000000000000000 ) ) ;
#2445 = ORIENTED_EDGE ( 'NONE', *, *, #3195, .F. ) ;
#2446 = FILL_AREA_STYLE ('',( #5827 ) ) ;
#2447 = VERTEX_POINT ( 'NONE', #5383 ) ;
#2448 = CARTESIAN_POINT ( 'NONE',  ( -0.4500000000000000111, 0.000000000000000000, 0.2999999999999999889 ) ) ;
#2449 =( GEOMETRIC_REPRESENTATION_CONTEXT ( 3 ) GLOBAL_UNCERTAINTY_ASSIGNED_CONTEXT ( ( #4357 ) ) GLOBAL_UNIT_ASSIGNED_CONTEXT ( ( #3569, #6935, #333 ) ) REPRESENTATION_CONTEXT ( 'NONE', 'WORKASPACE' ) );
#2450 = VECTOR ( 'NONE', #721, 1000.000000000000000 ) ;
#2451 = SURFACE_SIDE_STYLE ('',( #3723 ) ) ;
#2452 = CARTESIAN_POINT ( 'NONE',  ( 0.4826057692307690328, 0.5410000000000000364, -0.4000000000000000222 ) ) ;
#2453 = UNCERTAINTY_MEASURE_WITH_UNIT (LENGTH_MEASURE( 1.000000000000000082E-05 ), #4113, 'distance_accuracy_value', 'NONE');
#2454 = SURFACE_STYLE_FILL_AREA ( #7044 ) ;
#2455 =( NAMED_UNIT ( * ) PLANE_ANGLE_UNIT ( ) SI_UNIT ( $, .RADIAN. ) );
#2456 = AXIS2_PLACEMENT_3D ( 'NONE', #961, #4409, #2437 ) ;
#2457 = ORIENTED_EDGE ( 'NONE', *, *, #1768, .F. ) ;
#2458 = EDGE_LOOP ( 'NONE', ( #282, #2441, #5048, #3371 ) ) ;
#2459 = CARTESIAN_POINT ( 'NONE',  ( 0.4228401442307689884, 0.5400000000000000355, -0.5214693509615390132 ) ) ;
#2460 = DIRECTION ( 'NONE',  ( 0.000000000000000000, 1.000000000000000000, 0.000000000000000000 ) ) ;
#2461 = ADVANCED_FACE ( 'NONE', ( #8034 ), #2476, .F. ) ;
#2462 = CARTESIAN_POINT ( 'NONE',  ( 0.7500000000000000000, 0.000000000000000000, -0.5999999999999999778 ) ) ;
#2463 = EDGE_CURVE ( 'NONE', #144, #8437, #3739, .T. ) ;
#2464 = CARTESIAN_POINT ( 'NONE',  ( -0.1460874078704565981, 0.5400000000000000355, -0.4959982856658279871 ) ) ;
#2465 = DIRECTION ( 'NONE',  ( 0.000000000000000000, -1.000000000000000000, 0.000000000000000000 ) ) ;
#2466 = UNCERTAINTY_MEASURE_WITH_UNIT (LENGTH_MEASURE( 1.000000000000000082E-05 ), #8580, 'distance_accuracy_value', 'NONE');
#2467 = EDGE_CURVE ( 'NONE', #1207, #7135, #4207, .T. ) ;
#2468 = ORIENTED_EDGE ( 'NONE', *, *, #3661, .T. ) ;
#2469 = ORIENTED_EDGE ( 'NONE', *, *, #4244, .F. ) ;
#2470 = CARTESIAN_POINT ( 'NONE',  ( 0.4537596153846150115, 0.5410000000000000364, -0.5644230769230770273 ) ) ;
#2471 = B_SPLINE_SURFACE_WITH_KNOTS ( 'NONE', 3, 1, ( 
 ( #5347, #1118 ),
 ( #1367, #6692 ),
 ( #7057, #3108 ),
 ( #5765, #752 ),
 ( #3387, #7749 ),
 ( #4441, #1164 ),
 ( #3782, #6459 ),
 ( #504, #5565 ),
 ( #177, #2231 ),
 ( #3509, #2112 ),
 ( #6100, #3589 ),
 ( #6214, #2918 ),
 ( #2833, #8212 ),
 ( #6256, #4907 ),
 ( #4820, #2272 ),
 ( #8172, #4115 ),
 ( #137, #4729 ),
 ( #931, #1632 ),
 ( #7385, #7559 ) ),
 .UNSPECIFIED., .F., .F., .F.,
 ( 4, 1, 1, 1, 1, 1, 1, 1, 1, 1, 1, 1, 1, 1, 1, 1, 4 ),
 ( 2, 2 ),
 ( 0.000000000000000000, 0.06613415199141499390, 0.1293210948154639994, 0.1898254496219174969, 0.2476164557235420172, 0.3037244875816074718, 0.3581592928694465328, 0.4131371106915579516, 0.4676610803393820293, 0.5233009797936010177, 0.5807742901806050018, 0.6412940825284020319, 0.7043122620428129421, 0.7720761557015000109, 0.8432292352777009947, 0.9192740210312420057, 1.000000000000000000 ),
 ( 0.000000000000000000, 1.000000000000000000 ),
 .UNSPECIFIED. ) ;
#2472 = CARTESIAN_POINT ( 'NONE',  ( 0.6634999999999999787, 0.5410000000000000364, -0.4000000000000000222 ) ) ;
#2473 = FACE_OUTER_BOUND ( 'NONE', #6243, .T. ) ;
#2474 = EDGE_CURVE ( 'NONE', #8090, #3061, #5767, .T. ) ;
#2475 = DIRECTION ( 'NONE',  ( 0.000000000000000000, 0.000000000000000000, -1.000000000000000000 ) ) ;
#2476 = PLANE ( 'NONE',  #6710 ) ;
#2477 = ADVANCED_FACE ( 'NONE', ( #2262 ), #1167, .T. ) ;
#2478 = CARTESIAN_POINT ( 'NONE',  ( -0.5500000000000000444, 0.000000000000000000, 0.5999999999999999778 ) ) ;
#2479 = LINE ( 'NONE', #3280, #2904 ) ;
#2480 = EDGE_LOOP ( 'NONE', ( #4167, #7662, #3835, #3072 ) ) ;
#2481 = SURFACE_SIDE_STYLE ('',( #1829 ) ) ;
#2482 = DIRECTION ( 'NONE',  ( 0.000000000000000000, -1.000000000000000000, 0.000000000000000000 ) ) ;
#2483 = CARTESIAN_POINT ( 'NONE',  ( -0.7500000000000000000, 0.000000000000000000, -0.7500000000000000000 ) ) ;
#2484 = DIRECTION ( 'NONE',  ( 1.000000000000000000, 0.000000000000000000, 0.000000000000000000 ) ) ;
#2485 = SURFACE_STYLE_USAGE ( .BOTH. , #5729 ) ;
#2486 = VECTOR ( 'NONE', #7670, 1000.000000000000000 ) ;
#2487 = ORIENTED_EDGE ( 'NONE', *, *, #2104, .T. ) ;
#2488 = CARTESIAN_POINT ( 'NONE',  ( 0.4002158939309979901, 0.5410000000000000364, -0.5208546952560979548 ) ) ;
#2489 =( NAMED_UNIT ( * ) PLANE_ANGLE_UNIT ( ) SI_UNIT ( $, .RADIAN. ) );
#2490 = ORIENTED_EDGE ( 'NONE', *, *, #4238, .T. ) ;
#2491 = DIRECTION ( 'NONE',  ( 0.000000000000000000, 0.000000000000000000, 1.000000000000000000 ) ) ;
#2492 = VECTOR ( 'NONE', #2167, 1000.000000000000000 ) ;
#2493 = CARTESIAN_POINT ( 'NONE',  ( 0.5871937645863040123, 0.5410000000000000364, -0.5881499448966689414 ) ) ;
#2494 = FACE_OUTER_BOUND ( 'NONE', #3922, .T. ) ;
#2495 = COLOUR_RGB ( '',0.2000000000000000111, 0.2000000000000000111, 0.2000000000000000111 ) ;
#2496 = LINE ( 'NONE', #3727, #5157 ) ;
#2497 = COLOUR_RGB ( '',0.2000000000000000111, 0.2000000000000000111, 0.2000000000000000111 ) ;
#2498 = VERTEX_POINT ( 'NONE', #6249 ) ;
#2499 = ORIENTED_EDGE ( 'NONE', *, *, #2719, .F. ) ;
#2500 = ORIENTED_EDGE ( 'NONE', *, *, #1142, .F. ) ;
#2501 = STYLED_ITEM ( 'NONE', ( #7058 ), #3527 ) ;
#2502 = EDGE_CURVE ( 'NONE', #410, #850, #963, .T. ) ;
#2503 = CLOSED_SHELL ( 'NONE', ( #3299, #5308, #7877, #6273, #4719, #6597, #2917, #306 ) ) ;
#2504 = CARTESIAN_POINT ( 'NONE',  ( -0.03783653846153854639, 0.5410000000000000364, -0.4000000000000000222 ) ) ;
#2505 = EDGE_CURVE ( 'NONE', #646, #7098, #3194, .T. ) ;
#2506 = CARTESIAN_POINT ( 'NONE',  ( 0.4101748798076924607, 0.5410000000000000364, -0.4590895432692309597 ) ) ;
#2507 = MECHANICAL_DESIGN_GEOMETRIC_PRESENTATION_REPRESENTATION (  '', ( #7179 ), #5666 ) ;
#2508 = VECTOR ( 'NONE', #8457, 1000.000000000000000 ) ;
#2509 = DIRECTION ( 'NONE',  ( 1.000000000000000000, 0.000000000000000000, 0.000000000000000000 ) ) ;
#2510 = EDGE_CURVE ( 'NONE', #6482, #6112, #2430, .T. ) ;
#2511 = MECHANICAL_DESIGN_GEOMETRIC_PRESENTATION_REPRESENTATION (  '', ( #7897 ), #7763 ) ;
#2512 = CARTESIAN_POINT ( 'NONE',  ( -0.1939898051176195126, 0.5400000000000000355, -0.5089993784926949427 ) ) ;
#2513 = FILL_AREA_STYLE_COLOUR ( '', #2978 ) ;
#2514 = ORIENTED_EDGE ( 'NONE', *, *, #1570, .F. ) ;
#2515 = ORIENTED_EDGE ( 'NONE', *, *, #703, .F. ) ;
#2516 = CARTESIAN_POINT ( 'NONE',  ( -0.008990384615384679548, 0.5410000000000000364, -0.6250000000000000000 ) ) ;
#2517 = FILL_AREA_STYLE ('',( #5096 ) ) ;
#2518 =( LENGTH_UNIT ( ) NAMED_UNIT ( * ) SI_UNIT ( .MILLI., .METRE. ) );
#2519 = CARTESIAN_POINT ( 'NONE',  ( -0.2150566302270160157, 0.5410000000000000364, -0.5170679936182940306 ) ) ;
#2520 = DIRECTION ( 'NONE',  ( -9.293161478447180018E-16, 0.000000000000000000, -1.000000000000000000 ) ) ;
#2521 = CARTESIAN_POINT ( 'NONE',  ( -0.1481948182198011832, 0.5400000000000000355, -0.5994593623064339294 ) ) ;
#2522 = FACE_OUTER_BOUND ( 'NONE', #7077, .T. ) ;
#2523 = EDGE_CURVE ( 'NONE', #4870, #3963, #5983, .T. ) ;
#2524 = ORIENTED_EDGE ( 'NONE', *, *, #1825, .T. ) ;
#2525 = FILL_AREA_STYLE ('',( #7186 ) ) ;
#2526 = VECTOR ( 'NONE', #4163, 1000.000000000000000 ) ;
#2527 = CARTESIAN_POINT ( 'NONE',  ( 0.2500000000000000000, 0.1000000000000000056, 0.7510000000000000009 ) ) ;
#2528 =( NAMED_UNIT ( * ) PLANE_ANGLE_UNIT ( ) SI_UNIT ( $, .RADIAN. ) );
#2529 =( NAMED_UNIT ( * ) SI_UNIT ( $, .STERADIAN. ) SOLID_ANGLE_UNIT ( ) );
#2530 = SURFACE_STYLE_FILL_AREA ( #4374 ) ;
#2531 = MECHANICAL_DESIGN_GEOMETRIC_PRESENTATION_REPRESENTATION (  '', ( #3930 ), #8479 ) ;
#2532 = EDGE_LOOP ( 'NONE', ( #5145, #6126, #8357, #2108 ) ) ;
#2533 = CARTESIAN_POINT ( 'NONE',  ( 0.4002158939309979901, 0.5400000000000000355, -0.5208546952560979548 ) ) ;
#2534 = CARTESIAN_POINT ( 'NONE',  ( -0.1659221015401984856, 0.5400000000000000355, -0.3971360639482655053 ) ) ;
#2535 = ORIENTED_EDGE ( 'NONE', *, *, #7003, .T. ) ;
#2536 =( GEOMETRIC_REPRESENTATION_CONTEXT ( 3 ) GLOBAL_UNCERTAINTY_ASSIGNED_CONTEXT ( ( #2718 ) ) GLOBAL_UNIT_ASSIGNED_CONTEXT ( ( #1315, #1915, #7157 ) ) REPRESENTATION_CONTEXT ( 'NONE', 'WORKASPACE' ) );
#2537 = CARTESIAN_POINT ( 'NONE',  ( 0.5931871847223401106, 0.5400000000000000355, -0.5902192408202610041 ) ) ;
#2538 = FILL_AREA_STYLE_COLOUR ( '', #8318 ) ;
#2539 = CARTESIAN_POINT ( 'NONE',  ( 0.5899423076923079323, 0.5400000000000000355, -0.5990384615384619638 ) ) ;
#2540 = UNCERTAINTY_MEASURE_WITH_UNIT (LENGTH_MEASURE( 1.000000000000000082E-05 ), #5240, 'distance_accuracy_value', 'NONE');
#2541 = COLOUR_RGB ( '',0.2000000000000000111, 0.2000000000000000111, 0.2000000000000000111 ) ;
#2542 = PRESENTATION_STYLE_ASSIGNMENT (( #2058 ) ) ;
#2543 = ORIENTED_EDGE ( 'NONE', *, *, #4452, .T. ) ;
#2544 = VERTEX_POINT ( 'NONE', #3959 ) ;
#2545 = PLANE ( 'NONE',  #6770 ) ;
#2546 = VECTOR ( 'NONE', #6244, 1000.000000000000000 ) ;
#2547 = SURFACE_SIDE_STYLE ('',( #2061 ) ) ;
#2548 = VECTOR ( 'NONE', #4526, 1000.000000000000000 ) ;
#2549 = FILL_AREA_STYLE_COLOUR ( '', #6952 ) ;
#2550 = SURFACE_STYLE_FILL_AREA ( #714 ) ;
#2551 = CARTESIAN_POINT ( 'NONE',  ( -0.2098905085349820065, 0.5410000000000000364, -0.4380496549953230567 ) ) ;
#2552 = CARTESIAN_POINT ( 'NONE',  ( -0.2015853668246364860, 0.5400000000000000355, -0.6237821767038059795 ) ) ;
#2553 = AXIS2_PLACEMENT_3D ( 'NONE', #386, #3041, #6390 ) ;
#2554 = ORIENTED_EDGE ( 'NONE', *, *, #5362, .F. ) ;
#2555 = EDGE_LOOP ( 'NONE', ( #5987, #586, #8460, #7506 ) ) ;
#2556 = SURFACE_STYLE_USAGE ( .BOTH. , #503 ) ;
#2557 = CARTESIAN_POINT ( 'NONE',  ( -0.2475769230769230000, 0.5400000000000000355, -0.5662710336538460121 ) ) ;
#2558 = CARTESIAN_POINT ( 'NONE',  ( -0.1745344075918930093, 0.5400000000000000355, -0.5036189087178090107 ) ) ;
#2559 = AXIS2_PLACEMENT_3D ( 'NONE', #3752, #5161, #1833 ) ;
#2560 = LINE ( 'NONE', #3240, #4003 ) ;
#2561 = LINE ( 'NONE', #3919, #6905 ) ;
#2562 = ORIENTED_EDGE ( 'NONE', *, *, #6368, .F. ) ;
#2563 = CARTESIAN_POINT ( 'NONE',  ( -0.1051100560860577932, 0.5400000000000000355, -0.6038100792800740191 ) ) ;
#2564 = LINE ( 'NONE', #7939, #3238 ) ;
#2565 = PRESENTATION_LAYER_ASSIGNMENT (  '', '', ( #4758 ) ) ;
#2566 = EDGE_CURVE ( 'NONE', #6408, #5752, #7546, .T. ) ;
#2567 = DIRECTION ( 'NONE',  ( 0.000000000000000000, 0.000000000000000000, -1.000000000000000000 ) ) ;
#2568 = AXIS2_PLACEMENT_3D ( 'NONE', #8227, #8144, #1643 ) ;
#2569 = PRESENTATION_STYLE_ASSIGNMENT (( #608 ) ) ;
#2570 = PRESENTATION_STYLE_ASSIGNMENT (( #8503 ) ) ;
#2571 = ORIENTED_EDGE ( 'NONE', *, *, #5485, .F. ) ;
#2572 = SURFACE_STYLE_USAGE ( .BOTH. , #5872 ) ;
#2573 = DIRECTION ( 'NONE',  ( -2.710505431213765029E-16, 0.000000000000000000, -1.000000000000000000 ) ) ;
#2574 = CARTESIAN_POINT ( 'NONE',  ( -0.2130017127440134994, 0.5410000000000000364, -0.4064605409989049956 ) ) ;
#2575 = MECHANICAL_DESIGN_GEOMETRIC_PRESENTATION_REPRESENTATION (  '', ( #2843 ), #7409 ) ;
#2576 = ORIENTED_EDGE ( 'NONE', *, *, #4990, .F. ) ;
#2577 = CARTESIAN_POINT ( 'NONE',  ( 0.2000000000000000111, 0.2000000000000000111, 0.5000000000000000000 ) ) ;
#2578 = ADVANCED_FACE ( 'NONE', ( #678 ), #298, .T. ) ;
#2579 = CARTESIAN_POINT ( 'NONE',  ( 0.2642115384615384976, 0.5410000000000000364, -0.4548076923076930234 ) ) ;
#2580 = PRESENTATION_STYLE_ASSIGNMENT (( #7207 ) ) ;
#2581 = VECTOR ( 'NONE', #1853, 1000.000000000000000 ) ;
#2582 = CARTESIAN_POINT ( 'NONE',  ( 0.4002158939309979901, 0.5400000000000000355, -0.5208546952560979548 ) ) ;
#2583 = CARTESIAN_POINT ( 'NONE',  ( -0.1114976020724380013, 0.5410000000000000364, -0.5135780753055130265 ) ) ;
#2584 = ORIENTED_EDGE ( 'NONE', *, *, #2040, .F. ) ;
#2585 = EDGE_LOOP ( 'NONE', ( #5304, #8496, #502, #3518 ) ) ;
#2586 = CIRCLE ( 'NONE', #6052, 0.09999999999999999167 ) ;
#2587 = PRESENTATION_LAYER_ASSIGNMENT (  '', '', ( #6186 ) ) ;
#2588 = PRESENTATION_STYLE_ASSIGNMENT (( #1333 ) ) ;
#2589 = CARTESIAN_POINT ( 'NONE',  ( -0.1677034652731130004, 0.5410000000000000364, -0.5018848954094270454 ) ) ;
#2590 = PRESENTATION_LAYER_ASSIGNMENT (  '', '', ( #72 ) ) ;
#2591 = VECTOR ( 'NONE', #6654, 1000.000000000000000 ) ;
#2592 = CARTESIAN_POINT ( 'NONE',  ( -0.2299661264988764886, 0.5410000000000000364, -0.6080094086690659427 ) ) ;
#2593 = ORIENTED_EDGE ( 'NONE', *, *, #308, .F. ) ;
#2594 = EDGE_LOOP ( 'NONE', ( #3711, #4913, #2190, #364, #6430, #887 ) ) ;
#2595 = DIRECTION ( 'NONE',  ( -1.000000000000000000, 0.000000000000000000, -2.710505431213760099E-16 ) ) ;
#2596 =( LENGTH_UNIT ( ) NAMED_UNIT ( * ) SI_UNIT ( .MILLI., .METRE. ) );
#2597 = PRESENTATION_STYLE_ASSIGNMENT (( #3237 ) ) ;
#2598 = DIRECTION ( 'NONE',  ( 0.000000000000000000, 1.000000000000000000, 0.000000000000000000 ) ) ;
#2599 = CARTESIAN_POINT ( 'NONE',  ( 0.4500000000000000111, 0.2000000000000000111, 0.2999999999999999889 ) ) ;
#2600 = VERTEX_POINT ( 'NONE', #6589 ) ;
#2601 = SURFACE_STYLE_FILL_AREA ( #2525 ) ;
#2602 = CARTESIAN_POINT ( 'NONE',  ( 0.1035096153846152001, 0.5410000000000000364, -0.6250000000000000000 ) ) ;
#2603 = CARTESIAN_POINT ( 'NONE',  ( 0.4166652644230769975, 0.5400000000000000355, -0.4494891826923079758 ) ) ;
#2604 = ADVANCED_FACE ( 'NONE', ( #1430 ), #641, .T. ) ;
#2605 =( NAMED_UNIT ( * ) SI_UNIT ( $, .STERADIAN. ) SOLID_ANGLE_UNIT ( ) );
#2606 = LINE ( 'NONE', #2650, #7985 ) ;
#2607 = CARTESIAN_POINT ( 'NONE',  ( -0.008990384615384679548, 0.5400000000000000355, -0.5067307692307689848 ) ) ;
#2608 = VERTEX_POINT ( 'NONE', #7440 ) ;
#2609 = CARTESIAN_POINT ( 'NONE',  ( -0.2475769230769230000, 0.5410000000000000364, -0.5662710336538460121 ) ) ;
#2610 = CARTESIAN_POINT ( 'NONE',  ( 0.2901730769230769780, 0.5400000000000000355, -0.4836538461538459899 ) ) ;
#2611 =( NAMED_UNIT ( * ) PLANE_ANGLE_UNIT ( ) SI_UNIT ( $, .RADIAN. ) );
#2612 = VERTEX_POINT ( 'NONE', #233 ) ;
#2613 = DIRECTION ( 'NONE',  ( 0.000000000000000000, 0.000000000000000000, -1.000000000000000000 ) ) ;
#2614 = CARTESIAN_POINT ( 'NONE',  ( -0.2562307692307694840, 0.5400000000000000355, -0.4778846153846149636 ) ) ;
#2615 = EDGE_CURVE ( 'NONE', #6536, #6054, #2968, .T. ) ;
#2616 = PRESENTATION_STYLE_ASSIGNMENT (( #4638 ) ) ;
#2617 = CARTESIAN_POINT ( 'NONE',  ( 0.6012909414260501073, 0.5400000000000000355, -0.5682149546660969497 ) ) ;
#2618 = CARTESIAN_POINT ( 'NONE',  ( -0.5125000000000000666, 0.5410000000000000364, -0.4000000000000000222 ) ) ;
#2619 = CARTESIAN_POINT ( 'NONE',  ( -0.5500000000000000444, 0.2000000000000000111, -0.5999999999999999778 ) ) ;
#2620 = FILL_AREA_STYLE ('',( #4643 ) ) ;
#2621 = CARTESIAN_POINT ( 'NONE',  ( -0.1000000000000000056, 0.1000000000000000056, -0.7500000000000000000 ) ) ;
#2622 = ORIENTED_EDGE ( 'NONE', *, *, #2137, .F. ) ;
#2623 = UNCERTAINTY_MEASURE_WITH_UNIT (LENGTH_MEASURE( 1.000000000000000082E-05 ), #6929, 'distance_accuracy_value', 'NONE');
#2624 = ORIENTED_EDGE ( 'NONE', *, *, #2755, .F. ) ;
#2625 = PRESENTATION_LAYER_ASSIGNMENT (  '', '', ( #5249 ) ) ;
#2626 = EDGE_CURVE ( 'NONE', #4814, #7185, #6149, .T. ) ;
#2627 = UNCERTAINTY_MEASURE_WITH_UNIT (LENGTH_MEASURE( 1.000000000000000082E-05 ), #8618, 'distance_accuracy_value', 'NONE');
#2628 = PRESENTATION_LAYER_ASSIGNMENT (  '', '', ( #7182 ) ) ;
#2629 = CARTESIAN_POINT ( 'NONE',  ( 0.000000000000000000, 0.4400000000000000022, 1.626303258728255172E-16 ) ) ;
#2630 = VECTOR ( 'NONE', #8474, 1000.000000000000227 ) ;
#2631 =( GEOMETRIC_REPRESENTATION_CONTEXT ( 3 ) GLOBAL_UNCERTAINTY_ASSIGNED_CONTEXT ( ( #4660 ) ) GLOBAL_UNIT_ASSIGNED_CONTEXT ( ( #1832, #5816, #2529 ) ) REPRESENTATION_CONTEXT ( 'NONE', 'WORKASPACE' ) );
#2632 = CARTESIAN_POINT ( 'NONE',  ( 0.7500000000000000000, 0.000000000000000000, -0.2000000000000000111 ) ) ;
#2633 = CARTESIAN_POINT ( 'NONE',  ( -0.2330325201275414981, 0.5400000000000000355, -0.6048957690085479122 ) ) ;
#2634 = EDGE_LOOP ( 'NONE', ( #6976, #7082, #5423, #4665 ) ) ;
#2635 = ORIENTED_EDGE ( 'NONE', *, *, #8545, .T. ) ;
#2636 = COLOUR_RGB ( '',0.2509803921568627416, 0.2509803921568627416, 0.2509803921568627416 ) ;
#2637 = PRESENTATION_STYLE_ASSIGNMENT (( #7268 ) ) ;
#2638 = UNCERTAINTY_MEASURE_WITH_UNIT (LENGTH_MEASURE( 1.000000000000000082E-05 ), #6337, 'distance_accuracy_value', 'NONE');
#2639 = VECTOR ( 'NONE', #6671, 1000.000000000000000 ) ;
#2640 = DIRECTION ( 'NONE',  ( 0.000000000000000000, -1.000000000000000000, 0.000000000000000000 ) ) ;
#2641 = VECTOR ( 'NONE', #6608, 1000.000000000000000 ) ;
#2642 = FILL_AREA_STYLE ('',( #8581 ) ) ;
#2643 = AXIS2_PLACEMENT_3D ( 'NONE', #3373, #2699, #6165 ) ;
#2644 = DIRECTION ( 'NONE',  ( 0.000000000000000000, 0.000000000000000000, -1.000000000000000000 ) ) ;
#2645 = EDGE_CURVE ( 'NONE', #6762, #5616, #192, .T. ) ;
#2646 = DIRECTION ( 'NONE',  ( 0.000000000000000000, -1.000000000000000000, 0.000000000000000000 ) ) ;
#2647 = ORIENTED_EDGE ( 'NONE', *, *, #8485, .T. ) ;
#2648 = SURFACE_STYLE_USAGE ( .BOTH. , #4322 ) ;
#2649 =( LENGTH_UNIT ( ) NAMED_UNIT ( * ) SI_UNIT ( .MILLI., .METRE. ) );
#2650 = CARTESIAN_POINT ( 'NONE',  ( -0.2562307692307694840, 0.5410000000000000364, -0.4778846153846149636 ) ) ;
#2651 = SURFACE_STYLE_USAGE ( .BOTH. , #7074 ) ;
#2652 = CARTESIAN_POINT ( 'NONE',  ( -0.5500000000000000444, 0.000000000000000000, -0.2000000000000000111 ) ) ;
#2653 = VERTEX_POINT ( 'NONE', #2286 ) ;
#2654 = CARTESIAN_POINT ( 'NONE',  ( 0.2500000000000000000, 0.2000000000000000111, -0.7500000000000000000 ) ) ;
#2655 = FACE_OUTER_BOUND ( 'NONE', #4631, .T. ) ;
#2656 = LINE ( 'NONE', #4632, #7105 ) ;
#2657 = ORIENTED_EDGE ( 'NONE', *, *, #8132, .F. ) ;
#2658 = DIRECTION ( 'NONE',  ( 0.000000000000000000, 0.000000000000000000, 1.000000000000000000 ) ) ;
#2659 = CARTESIAN_POINT ( 'NONE',  ( -0.2224555244684760236, 0.5400000000000000355, -0.4118016804108795004 ) ) ;
#2660 = PRESENTATION_LAYER_ASSIGNMENT (  '', '', ( #3066 ) ) ;
#2661 =( NAMED_UNIT ( * ) PLANE_ANGLE_UNIT ( ) SI_UNIT ( $, .RADIAN. ) );
#2662 =( NAMED_UNIT ( * ) PLANE_ANGLE_UNIT ( ) SI_UNIT ( $, .RADIAN. ) );
#2663 = FACE_OUTER_BOUND ( 'NONE', #7483, .T. ) ;
#2664 = VERTEX_POINT ( 'NONE', #6837 ) ;
#2665 = ORIENTED_EDGE ( 'NONE', *, *, #8430, .F. ) ;
#2666 =( NAMED_UNIT ( * ) PLANE_ANGLE_UNIT ( ) SI_UNIT ( $, .RADIAN. ) );
#2667 = EDGE_CURVE ( 'NONE', #6418, #4728, #3562, .T. ) ;
#2668 = FILL_AREA_STYLE ('',( #8527 ) ) ;
#2669 = DIRECTION ( 'NONE',  ( 0.000000000000000000, 1.000000000000000000, 0.000000000000000000 ) ) ;
#2670 =( GEOMETRIC_REPRESENTATION_CONTEXT ( 3 ) GLOBAL_UNCERTAINTY_ASSIGNED_CONTEXT ( ( #96 ) ) GLOBAL_UNIT_ASSIGNED_CONTEXT ( ( #7555, #2828, #3505 ) ) REPRESENTATION_CONTEXT ( 'NONE', 'WORKASPACE' ) );
#2671 = EDGE_CURVE ( 'NONE', #6339, #2996, #7401, .T. ) ;
#2672 = CARTESIAN_POINT ( 'NONE',  ( 0.5931871847223401106, 0.5410000000000000364, -0.5902192408202610041 ) ) ;
#2673 = CARTESIAN_POINT ( 'NONE',  ( -0.2096423390354364980, 0.5410000000000000364, -0.5477991257055959684 ) ) ;
#2674 = ORIENTED_EDGE ( 'NONE', *, *, #6368, .T. ) ;
#2675 = EDGE_LOOP ( 'NONE', ( #6118, #6756, #6448, #2095 ) ) ;
#2676 = ADVANCED_FACE ( 'NONE', ( #1602 ), #5496, .F. ) ;
#2677 = VECTOR ( 'NONE', #6193, 1000.000000000000000 ) ;
#2678 =( LENGTH_UNIT ( ) NAMED_UNIT ( * ) SI_UNIT ( .MILLI., .METRE. ) );
#2679 = UNCERTAINTY_MEASURE_WITH_UNIT (LENGTH_MEASURE( 1.000000000000000082E-05 ), #810, 'distance_accuracy_value', 'NONE');
#2680 = FILL_AREA_STYLE_COLOUR ( '', #624 ) ;
#2681 = CARTESIAN_POINT ( 'NONE',  ( 0.2901730769230769780, 0.5400000000000000355, -0.6221153846153850697 ) ) ;
#2682 =( GEOMETRIC_REPRESENTATION_CONTEXT ( 3 ) GLOBAL_UNCERTAINTY_ASSIGNED_CONTEXT ( ( #4429 ) ) GLOBAL_UNIT_ASSIGNED_CONTEXT ( ( #8110, #16, #3448 ) ) REPRESENTATION_CONTEXT ( 'NONE', 'WORKASPACE' ) );
#2683 = DIRECTION ( 'NONE',  ( 0.000000000000000000, 0.000000000000000000, 1.000000000000000000 ) ) ;
#2684 = CIRCLE ( 'NONE', #6014, 0.09999999999999999167 ) ;
#2685 = CARTESIAN_POINT ( 'NONE',  ( 0.2000000000000000111, 1.277032961426900037, 0.5000000000000000000 ) ) ;
#2686 = ORIENTED_EDGE ( 'NONE', *, *, #4565, .F. ) ;
#2687 = CARTESIAN_POINT ( 'NONE',  ( -0.1082569494533511950, 0.5400000000000000355, -0.6071147841117320310 ) ) ;
#2688 = AXIS2_PLACEMENT_3D ( 'NONE', #878, #3502, #6171 ) ;
#2689 = DIRECTION ( 'NONE',  ( 0.000000000000000000, -1.000000000000000000, 0.000000000000000000 ) ) ;
#2690 = DIRECTION ( 'NONE',  ( 1.000000000000000000, 0.000000000000000000, 0.000000000000000000 ) ) ;
#2691 = ORIENTED_EDGE ( 'NONE', *, *, #4930, .T. ) ;
#2692 = AXIS2_PLACEMENT_3D ( 'NONE', #508, #3111, #2431 ) ;
#2693 = CARTESIAN_POINT ( 'NONE',  ( 3.673940397442059498E-17, 0.4400000000000000022, 0.2999999999999999889 ) ) ;
#2694 = CARTESIAN_POINT ( 'NONE',  ( -0.2002655878726240235, 0.5410000000000000364, -0.5965043453206090307 ) ) ;
#2695 = STYLED_ITEM ( 'NONE', ( #7130 ), #8528 ) ;
#2696 = CARTESIAN_POINT ( 'NONE',  ( -0.2000000000000000111, 0.000000000000000000, 0.5000000000000000000 ) ) ;
#2697 = ORIENTED_EDGE ( 'NONE', *, *, #2502, .T. ) ;
#2698 = CARTESIAN_POINT ( 'NONE',  ( -0.4500000000000000111, 0.000000000000000000, 0.5000000000000000000 ) ) ;
#2699 = DIRECTION ( 'NONE',  ( -1.000000000000000000, 0.000000000000000000, 2.710505431213760099E-16 ) ) ;
#2700 = LINE ( 'NONE', #7911, #3953 ) ;
#2701 = LINE ( 'NONE', #4024, #6838 ) ;
#2702 = CARTESIAN_POINT ( 'NONE',  ( -0.2000000000000000111, 0.2000000000000000111, -0.5000000000000000000 ) ) ;
#2703 = PRESENTATION_LAYER_ASSIGNMENT (  '', '', ( #7969 ) ) ;
#2704 = VECTOR ( 'NONE', #1545, 1000.000000000000000 ) ;
#2705 = ORIENTED_EDGE ( 'NONE', *, *, #6264, .F. ) ;
#2706 = ORIENTED_EDGE ( 'NONE', *, *, #4916, .T. ) ;
#2707 = DIRECTION ( 'NONE',  ( -0.8115989487389910773, 0.000000000000000000, -0.5842149830377211250 ) ) ;
#2708 =( LENGTH_UNIT ( ) NAMED_UNIT ( * ) SI_UNIT ( .MILLI., .METRE. ) );
#2709 = FILL_AREA_STYLE_COLOUR ( '', #713 ) ;
#2710 = CARTESIAN_POINT ( 'NONE',  ( 0.2000000000000000111, 0.2000000000000000111, 0.5000000000000000000 ) ) ;
#2711 = CARTESIAN_POINT ( 'NONE',  ( -0.1917896074732469980, 0.5400000000000000355, -0.6261913929388329692 ) ) ;
#2712 = COLOUR_RGB ( '',0.6470588235294117974, 0.5176470588235293491, 0.000000000000000000 ) ;
#2713 = ORIENTED_EDGE ( 'NONE', *, *, #4428, .F. ) ;
#2714 = VECTOR ( 'NONE', #7136, 1000.000000000000114 ) ;
#2715 = ORIENTED_EDGE ( 'NONE', *, *, #171, .F. ) ;
#2716 = EDGE_CURVE ( 'NONE', #5226, #1790, #3440, .T. ) ;
#2717 = CARTESIAN_POINT ( 'NONE',  ( -0.2357595065235190135, 0.5400000000000000355, -0.6015066696900249754 ) ) ;
#2718 = UNCERTAINTY_MEASURE_WITH_UNIT (LENGTH_MEASURE( 1.000000000000000082E-05 ), #1315, 'distance_accuracy_value', 'NONE');
#2719 = EDGE_CURVE ( 'NONE', #4530, #7143, #5604, .T. ) ;
#2720 =( GEOMETRIC_REPRESENTATION_CONTEXT ( 3 ) GLOBAL_UNCERTAINTY_ASSIGNED_CONTEXT ( ( #6073 ) ) GLOBAL_UNIT_ASSIGNED_CONTEXT ( ( #3118, #5021, #7676 ) ) REPRESENTATION_CONTEXT ( 'NONE', 'WORKASPACE' ) );
#2721 = MECHANICAL_DESIGN_GEOMETRIC_PRESENTATION_REPRESENTATION (  '', ( #4928 ), #782 ) ;
#2722 = DIRECTION ( 'NONE',  ( 0.000000000000000000, 0.000000000000000000, 1.000000000000000000 ) ) ;
#2723 = LINE ( 'NONE', #811, #5122 ) ;
#2724 = ORIENTED_EDGE ( 'NONE', *, *, #7484, .T. ) ;
#2725 = FACE_OUTER_BOUND ( 'NONE', #5998, .T. ) ;
#2726 = EDGE_CURVE ( 'NONE', #1193, #7349, #5620, .T. ) ;
#2727 = CARTESIAN_POINT ( 'NONE',  ( -0.1153044864761903904, 0.5410000000000000364, -0.4476472522354940087 ) ) ;
#2728 = LINE ( 'NONE', #5374, #6236 ) ;
#2729 = CARTESIAN_POINT ( 'NONE',  ( -0.1815033908249945038, 0.5410000000000000364, -0.6013494939426570207 ) ) ;
#2730 = ORIENTED_EDGE ( 'NONE', *, *, #1301, .F. ) ;
#2731 = LINE ( 'NONE', #5551, #6827 ) ;
#2732 = ORIENTED_EDGE ( 'NONE', *, *, #2402, .T. ) ;
#2733 = CARTESIAN_POINT ( 'NONE',  ( -0.7500000000000000000, 0.000000000000000000, -0.2000000000000000111 ) ) ;
#2734 = CARTESIAN_POINT ( 'NONE',  ( 0.000000000000000000, 0.3800000000000000044, 1.626303258728255172E-16 ) ) ;
#2735 = CARTESIAN_POINT ( 'NONE',  ( -0.1757424616978175147, 0.5410000000000000364, -0.6018780867281089408 ) ) ;
#2736 = SURFACE_SIDE_STYLE ('',( #877 ) ) ;
#2737 = SURFACE_STYLE_FILL_AREA ( #1579 ) ;
#2738 = LINE ( 'NONE', #5386, #7550 ) ;
#2739 = DIRECTION ( 'NONE',  ( 0.000000000000000000, 0.000000000000000000, -1.000000000000000000 ) ) ;
#2740 =( NAMED_UNIT ( * ) SI_UNIT ( $, .STERADIAN. ) SOLID_ANGLE_UNIT ( ) );
#2741 = ORIENTED_EDGE ( 'NONE', *, *, #3253, .T. ) ;
#2742 =( NAMED_UNIT ( * ) PLANE_ANGLE_UNIT ( ) SI_UNIT ( $, .RADIAN. ) );
#2743 = ORIENTED_EDGE ( 'NONE', *, *, #3399, .F. ) ;
#2744 = CARTESIAN_POINT ( 'NONE',  ( -0.1832012140673210110, 0.5410000000000000364, -0.5364583322110730856 ) ) ;
#2745 = UNCERTAINTY_MEASURE_WITH_UNIT (LENGTH_MEASURE( 1.000000000000000082E-05 ), #1220, 'distance_accuracy_value', 'NONE');
#2746 = SURFACE_STYLE_USAGE ( .BOTH. , #44 ) ;
#2747 = CARTESIAN_POINT ( 'NONE',  ( 0.7500000000000000000, 0.2000000000000000111, 0.2000000000000000111 ) ) ;
#2748 =( LENGTH_UNIT ( ) NAMED_UNIT ( * ) SI_UNIT ( .MILLI., .METRE. ) );
#2749 = VECTOR ( 'NONE', #5464, 1000.000000000000000 ) ;
#2750 = CARTESIAN_POINT ( 'NONE',  ( -0.7500000000000000000, 0.000000000000000000, 0.5999999999999999778 ) ) ;
#2751 = CARTESIAN_POINT ( 'NONE',  ( -0.1179910630197699983, 0.5410000000000000364, -0.5631486295770469219 ) ) ;
#2752 = ADVANCED_FACE ( 'NONE', ( #8272 ), #854, .T. ) ;
#2753 = VERTEX_POINT ( 'NONE', #2462 ) ;
#2754 = EDGE_LOOP ( 'NONE', ( #3326, #2119, #3851, #7567 ) ) ;
#2755 = EDGE_CURVE ( 'NONE', #7938, #7553, #4474, .T. ) ;
#2756 = PRESENTATION_LAYER_ASSIGNMENT (  '', '', ( #8582 ) ) ;
#2757 = CARTESIAN_POINT ( 'NONE',  ( 0.4859411057692309965, 0.5400000000000000355, -0.5644230769230770273 ) ) ;
#2758 = PRESENTATION_LAYER_ASSIGNMENT (  '', '', ( #388 ) ) ;
#2759 = EDGE_CURVE ( 'NONE', #7968, #1762, #3100, .T. ) ;
#2760 = SURFACE_STYLE_USAGE ( .BOTH. , #8538 ) ;
#2761 = PRESENTATION_LAYER_ASSIGNMENT (  '', '', ( #8309 ) ) ;
#2762 = SURFACE_SIDE_STYLE ('',( #1303 ) ) ;
#2763 = VECTOR ( 'NONE', #3737, 1000.000000000000000 ) ;
#2764 =( NAMED_UNIT ( * ) PLANE_ANGLE_UNIT ( ) SI_UNIT ( $, .RADIAN. ) );
#2765 = UNCERTAINTY_MEASURE_WITH_UNIT (LENGTH_MEASURE( 1.000000000000000082E-05 ), #515, 'distance_accuracy_value', 'NONE');
#2766 = DIRECTION ( 'NONE',  ( -1.000000000000000000, 0.000000000000000000, 1.445602896647339903E-16 ) ) ;
#2767 = VECTOR ( 'NONE', #803, 1000.000000000000000 ) ;
#2768 = ORIENTED_EDGE ( 'NONE', *, *, #6676, .T. ) ;
#2769 = CARTESIAN_POINT ( 'NONE',  ( 0.1035096153846152001, 0.5410000000000000364, -0.5326923076923080203 ) ) ;
#2770 = CARTESIAN_POINT ( 'NONE',  ( -0.1256008421385035878, 0.5410000000000000364, -0.4345809506111230069 ) ) ;
#2771 = VECTOR ( 'NONE', #3043, 1000.000000000000114 ) ;
#2772 = FACE_OUTER_BOUND ( 'NONE', #5330, .T. ) ;
#2773 = EDGE_CURVE ( 'NONE', #4125, #6584, #5091, .T. ) ;
#2774 = LINE ( 'NONE', #20, #7397 ) ;
#2775 = VECTOR ( 'NONE', #4220, 1000.000000000000000 ) ;
#2776 = DIRECTION ( 'NONE',  ( 1.000000000000000000, 0.000000000000000000, 0.000000000000000000 ) ) ;
#2777 = CARTESIAN_POINT ( 'NONE',  ( -0.2170995668984779803, 0.5410000000000000364, -0.5781893902425889742 ) ) ;
#2778 = AXIS2_PLACEMENT_3D ( 'NONE', #7234, #557, #1998 ) ;
#2779 = VERTEX_POINT ( 'NONE', #5756 ) ;
#2780 = CARTESIAN_POINT ( 'NONE',  ( -0.7500000000000000000, 0.2000000000000000111, -0.7500000000000000000 ) ) ;
#2781 = VERTEX_POINT ( 'NONE', #8482 ) ;
#2782 = LINE ( 'NONE', #5508, #5728 ) ;
#2783 = CARTESIAN_POINT ( 'NONE',  ( 0.5748882211538459686, 0.5410000000000000364, -0.6250000000000000000 ) ) ;
#2784 = CARTESIAN_POINT ( 'NONE',  ( -0.2151825633105679814, 0.5410000000000000364, -0.6182964261535379702 ) ) ;
#2785 = PRESENTATION_STYLE_ASSIGNMENT (( #6681 ) ) ;
#2786 = FILL_AREA_STYLE_COLOUR ( '', #7115 ) ;
#2787 = CARTESIAN_POINT ( 'NONE',  ( 0.4537596153846150115, 0.5410000000000000364, -0.5644230769230770273 ) ) ;
#2788 = CARTESIAN_POINT ( 'NONE',  ( -0.08811131269113729736, 0.5410000000000000364, -0.4885013738298790709 ) ) ;
#2789 = ORIENTED_EDGE ( 'NONE', *, *, #4880, .F. ) ;
#2790 = CYLINDRICAL_SURFACE ( 'NONE', #3908, 0.09999999999999999167 ) ;
#2791 = ORIENTED_EDGE ( 'NONE', *, *, #1119, .T. ) ;
#2792 = VECTOR ( 'NONE', #1924, 1000.000000000000000 ) ;
#2793 = CARTESIAN_POINT ( 'NONE',  ( -0.1344245876590123845, 0.5400000000000000355, -0.4918270478720350170 ) ) ;
#2794 = LINE ( 'NONE', #1635, #2526 ) ;
#2795 = CARTESIAN_POINT ( 'NONE',  ( 0.7500000000000000000, 0.2000000000000000111, -0.2000000000000000111 ) ) ;
#2796 = CARTESIAN_POINT ( 'NONE',  ( -0.08857062481628411033, 0.5400000000000000355, -0.4381447206664055294 ) ) ;
#2797 = CARTESIAN_POINT ( 'NONE',  ( -0.1530424384314569841, 0.5410000000000000364, -0.6005498295629649874 ) ) ;
#2798 = ORIENTED_EDGE ( 'NONE', *, *, #461, .F. ) ;
#2799 = EDGE_LOOP ( 'NONE', ( #2768, #6823, #1957, #1072, #928, #1338, #2962, #2860, #897, #7771, #2032 ) ) ;
#2800 = DIRECTION ( 'NONE',  ( 0.000000000000000000, -1.000000000000000000, 0.000000000000000000 ) ) ;
#2801 = COLOUR_RGB ( '',0.2000000000000000111, 0.2000000000000000111, 0.2000000000000000111 ) ;
#2802 = CARTESIAN_POINT ( 'NONE',  ( 0.4859411057692309965, 0.5410000000000000364, -0.5644230769230770273 ) ) ;
#2803 = STYLED_ITEM ( 'NONE', ( #5120 ), #6806 ) ;
#2804 = VECTOR ( 'NONE', #545, 1000.000000000000227 ) ;
#2805 = ORIENTED_EDGE ( 'NONE', *, *, #2645, .F. ) ;
#2806 = CARTESIAN_POINT ( 'NONE',  ( -0.08915624975863839508, 0.5400000000000000355, -0.5647190601633129692 ) ) ;
#2807 = LINE ( 'NONE', #106, #1317 ) ;
#2808 = CARTESIAN_POINT ( 'NONE',  ( -0.5500000000000000444, 0.2000000000000000111, 0.5000000000000000000 ) ) ;
#2809 = CARTESIAN_POINT ( 'NONE',  ( -0.1505234116970489977, 0.5410000000000000364, -0.4972979717602619698 ) ) ;
#2810 =( NAMED_UNIT ( * ) SI_UNIT ( $, .STERADIAN. ) SOLID_ANGLE_UNIT ( ) );
#2811 = FILL_AREA_STYLE_COLOUR ( '', #1802 ) ;
#2812 = CARTESIAN_POINT ( 'NONE',  ( 0.7500000000000000000, 1.277032961426900037, -0.5999999999999999778 ) ) ;
#2813 = ORIENTED_EDGE ( 'NONE', *, *, #6688, .T. ) ;
#2814 = CARTESIAN_POINT ( 'NONE',  ( -0.2543681662763894735, 0.5400000000000000355, -0.4606402030172099815 ) ) ;
#2815 = EDGE_CURVE ( 'NONE', #6269, #1554, #7737, .T. ) ;
#2816 = DIRECTION ( 'NONE',  ( 0.000000000000000000, -1.000000000000000000, 0.000000000000000000 ) ) ;
#2817 = VECTOR ( 'NONE', #6986, 999.9999999999998863 ) ;
#2818 = CARTESIAN_POINT ( 'NONE',  ( 0.7500000000000000000, 1.277032961426900037, 0.2000000000000000111 ) ) ;
#2819 = CARTESIAN_POINT ( 'NONE',  ( -0.2186967959201885081, 0.5400000000000000355, -0.5694880595887380492 ) ) ;
#2820 = FACE_OUTER_BOUND ( 'NONE', #7289, .T. ) ;
#2821 = ADVANCED_FACE ( 'NONE', ( #2419 ), #3057, .T. ) ;
#2822 = EDGE_CURVE ( 'NONE', #7316, #7701, #6452, .T. ) ;
#2823 = CARTESIAN_POINT ( 'NONE',  ( 0.1035096153846152001, 0.5410000000000000364, -0.6250000000000000000 ) ) ;
#2824 = CARTESIAN_POINT ( 'NONE',  ( -0.5500000000000000444, 0.2000000000000000111, 0.2000000000000000111 ) ) ;
#2825 = DIRECTION ( 'NONE',  ( 0.000000000000000000, -1.000000000000000000, 0.000000000000000000 ) ) ;
#2826 = AXIS2_PLACEMENT_3D ( 'NONE', #6594, #8498, #5203 ) ;
#2827 = CARTESIAN_POINT ( 'NONE',  ( -0.5125000000000000666, 0.5410000000000000364, -0.5125000000000000666 ) ) ;
#2828 =( NAMED_UNIT ( * ) PLANE_ANGLE_UNIT ( ) SI_UNIT ( $, .RADIAN. ) );
#2829 = ORIENTED_EDGE ( 'NONE', *, *, #7965, .T. ) ;
#2830 = CARTESIAN_POINT ( 'NONE',  ( -0.2500000000000000000, 0.1000000000000000056, 0.7510000000000000009 ) ) ;
#2831 = PRESENTATION_LAYER_ASSIGNMENT (  '', '', ( #4051 ) ) ;
#2832 = ORIENTED_EDGE ( 'NONE', *, *, #6019, .T. ) ;
#2833 = CARTESIAN_POINT ( 'NONE',  ( -0.1437216212486727984, 0.5410000000000000364, -0.5979917022299210405 ) ) ;
#2834 = CARTESIAN_POINT ( 'NONE',  ( -0.1758360248831744854, 0.5400000000000000355, -0.5344281369632090106 ) ) ;
#2835 = VECTOR ( 'NONE', #58, 1000.000000000000000 ) ;
#2836 = AXIS2_PLACEMENT_3D ( 'NONE', #3135, #5788, #7780 ) ;
#2837 = MANIFOLD_SOLID_BREP ( 'NONE', #8454 ) ;
#2838 = FILL_AREA_STYLE ('',( #7564 ) ) ;
#2839 = FILL_AREA_STYLE_COLOUR ( '', #7900 ) ;
#2840 = CARTESIAN_POINT ( 'NONE',  ( -0.2000000000000000111, 0.2000000000000000111, 0.5000000000000000000 ) ) ;
#2841 = EDGE_LOOP ( 'NONE', ( #3006, #1063, #8285, #7195, #796, #3116 ) ) ;
#2842 = ORIENTED_EDGE ( 'NONE', *, *, #2719, .T. ) ;
#2843 = STYLED_ITEM ( 'NONE', ( #2616 ), #2363 ) ;
#2844 = PRESENTATION_STYLE_ASSIGNMENT (( #189 ) ) ;
#2845 =( LENGTH_UNIT ( ) NAMED_UNIT ( * ) SI_UNIT ( .MILLI., .METRE. ) );
#2846 = DIRECTION ( 'NONE',  ( 0.000000000000000000, 1.000000000000000000, 0.000000000000000000 ) ) ;
#2847 = CARTESIAN_POINT ( 'NONE',  ( 0.4500000000000000111, 0.2000000000000000111, -0.2999999999999999889 ) ) ;
#2848 = LINE ( 'NONE', #2210, #4120 ) ;
#2849 = ORIENTED_EDGE ( 'NONE', *, *, #1927, .T. ) ;
#2850 = LINE ( 'NONE', #3404, #1850 ) ;
#2851 = SURFACE_STYLE_USAGE ( .BOTH. , #4048 ) ;
#2852 =( LENGTH_UNIT ( ) NAMED_UNIT ( * ) SI_UNIT ( .MILLI., .METRE. ) );
#2853 = DIRECTION ( 'NONE',  ( 0.000000000000000000, 1.000000000000000000, 0.000000000000000000 ) ) ;
#2854 = STYLED_ITEM ( 'NONE', ( #4969 ), #1758 ) ;
#2855 = MECHANICAL_DESIGN_GEOMETRIC_PRESENTATION_REPRESENTATION (  '', ( #8130 ), #5344 ) ;
#2856 = DIRECTION ( 'NONE',  ( 1.000000000000000000, 0.000000000000000000, 0.000000000000000000 ) ) ;
#2857 = LINE ( 'NONE', #5635, #6376 ) ;
#2858 = CARTESIAN_POINT ( 'NONE',  ( 0.6062133413461540110, 0.5410000000000000364, -0.5550480769230770051 ) ) ;
#2859 = STYLED_ITEM ( 'NONE', ( #7723 ), #914 ) ;
#2860 = ORIENTED_EDGE ( 'NONE', *, *, #495, .T. ) ;
#2861 = CARTESIAN_POINT ( 'NONE',  ( -0.2413883373855710002, 0.5410000000000000364, -0.4303666241382760327 ) ) ;
#2862 = CARTESIAN_POINT ( 'NONE',  ( -0.1452896604458474294, 0.5400000000000000355, -0.5267803440082619026 ) ) ;
#2863 = SURFACE_SIDE_STYLE ('',( #7330 ) ) ;
#2864 = CARTESIAN_POINT ( 'NONE',  ( -0.2097606266717375045, 0.5400000000000000355, -0.5896016162010389028 ) ) ;
#2865 = DIRECTION ( 'NONE',  ( -0.6105078603393030434, 0.000000000000000000, 0.7920101971969338850 ) ) ;
#2866 = CARTESIAN_POINT ( 'NONE',  ( 0.3161346153846155138, 0.5410000000000000364, -0.4548076923076930234 ) ) ;
#2867 = CARTESIAN_POINT ( 'NONE',  ( 0.5500000000000000444, 0.000000000000000000, 0.2999999999999999889 ) ) ;
#2868 = FILL_AREA_STYLE_COLOUR ( '', #1180 ) ;
#2869 = SURFACE_STYLE_USAGE ( .BOTH. , #6176 ) ;
#2870 = EDGE_LOOP ( 'NONE', ( #6877, #3985, #6342, #1827 ) ) ;
#2871 = ADVANCED_FACE ( 'NONE', ( #46 ), #1723, .T. ) ;
#2872 = EDGE_LOOP ( 'NONE', ( #1115, #1365, #7509, #2883 ) ) ;
#2873 = PLANE ( 'NONE',  #110 ) ;
#2874 = CARTESIAN_POINT ( 'NONE',  ( -0.1203834134615383855, 0.5400000000000000355, -0.5182692307692310374 ) ) ;
#2875 =( LENGTH_UNIT ( ) NAMED_UNIT ( * ) SI_UNIT ( .MILLI., .METRE. ) );
#2876 = CARTESIAN_POINT ( 'NONE',  ( 0.5500000000000000444, 1.277032961426900037, 0.2000000000000000111 ) ) ;
#2877 = FILL_AREA_STYLE_COLOUR ( '', #5321 ) ;
#2878 = MANIFOLD_SOLID_BREP ( 'NONE', #2503 ) ;
#2879 = CARTESIAN_POINT ( 'NONE',  ( 0.2500000000000000000, 0.2000000000000000111, -0.7510000000000000009 ) ) ;
#2880 = DIRECTION ( 'NONE',  ( 0.000000000000000000, -1.000000000000000000, 0.000000000000000000 ) ) ;
#2881 = CARTESIAN_POINT ( 'NONE',  ( -0.08546277673925339879, 0.5400000000000000355, -0.4464863899578680462 ) ) ;
#2882 = DIRECTION ( 'NONE',  ( -1.000000000000000000, 0.000000000000000000, 1.445602896647340100E-15 ) ) ;
#2883 = ORIENTED_EDGE ( 'NONE', *, *, #3294, .T. ) ;
#2884 = ORIENTED_EDGE ( 'NONE', *, *, #7350, .F. ) ;
#2885 = SURFACE_STYLE_USAGE ( .BOTH. , #232 ) ;
#2886 = DIRECTION ( 'NONE',  ( 0.000000000000000000, 0.000000000000000000, 1.000000000000000000 ) ) ;
#2887 = AXIS2_PLACEMENT_3D ( 'NONE', #7357, #1347, #62 ) ;
#2888 = DIRECTION ( 'NONE',  ( 0.000000000000000000, -1.000000000000000000, 0.000000000000000000 ) ) ;
#2889 = PLANE ( 'NONE',  #6775 ) ;
#2890 = ORIENTED_EDGE ( 'NONE', *, *, #111, .F. ) ;
#2891 = VECTOR ( 'NONE', #2766, 1000.000000000000000 ) ;
#2892 = CARTESIAN_POINT ( 'NONE',  ( -0.1122086335333041945, 0.5410000000000000364, -0.4671472037542199751 ) ) ;
#2893 = STYLED_ITEM ( 'NONE', ( #3601 ), #3650 ) ;
#2894 = PLANE ( 'NONE',  #5343 ) ;
#2895 = EDGE_CURVE ( 'NONE', #7760, #4479, #8049, .T. ) ;
#2896 = SURFACE_STYLE_FILL_AREA ( #240 ) ;
#2897 =( GEOMETRIC_REPRESENTATION_CONTEXT ( 3 ) GLOBAL_UNCERTAINTY_ASSIGNED_CONTEXT ( ( #8614 ) ) GLOBAL_UNIT_ASSIGNED_CONTEXT ( ( #8600, #5250, #7043 ) ) REPRESENTATION_CONTEXT ( 'NONE', 'WORKASPACE' ) );
#2898 = CARTESIAN_POINT ( 'NONE',  ( -0.2039667476521309919, 0.5410000000000000364, -0.4337251017949175225 ) ) ;
#2899 = EDGE_LOOP ( 'NONE', ( #3676, #8312, #3352, #2515 ) ) ;
#2900 = DIRECTION ( 'NONE',  ( 0.000000000000000000, 0.000000000000000000, -1.000000000000000000 ) ) ;
#2901 = SURFACE_STYLE_FILL_AREA ( #915 ) ;
#2902 = FACE_OUTER_BOUND ( 'NONE', #7482, .T. ) ;
#2903 = CARTESIAN_POINT ( 'NONE',  ( -0.2121657819441065129, 0.5410000000000000364, -0.5869602018381729902 ) ) ;
#2904 = VECTOR ( 'NONE', #3115, 1000.000000000000000 ) ;
#2905 = CARTESIAN_POINT ( 'NONE',  ( 0.1000000000000000056, 0.1000000000000000056, 0.7510000000000000009 ) ) ;
#2906 = CIRCLE ( 'NONE', #8317, 0.09999999999999999167 ) ;
#2907 = AXIS2_PLACEMENT_3D ( 'NONE', #3542, #4108, #6172 ) ;
#2908 = SURFACE_SIDE_STYLE ('',( #249 ) ) ;
#2909 = DIRECTION ( 'NONE',  ( -5.421010862427530059E-16, 0.000000000000000000, -1.000000000000000000 ) ) ;
#2910 = VECTOR ( 'NONE', #7853, 1000.000000000000000 ) ;
#2911 = EDGE_LOOP ( 'NONE', ( #2732, #1783, #4712, #7199 ) ) ;
#2912 = PRESENTATION_STYLE_ASSIGNMENT (( #4289 ) ) ;
#2913 = SURFACE_STYLE_FILL_AREA ( #4245 ) ;
#2914 = ORIENTED_EDGE ( 'NONE', *, *, #3449, .T. ) ;
#2915 = DIRECTION ( 'NONE',  ( 0.000000000000000000, 1.000000000000000000, 0.000000000000000000 ) ) ;
#2916 = VERTEX_POINT ( 'NONE', #3992 ) ;
#2917 = ADVANCED_FACE ( 'NONE', ( #3346 ), #1420, .F. ) ;
#2918 = CARTESIAN_POINT ( 'NONE',  ( -0.1396157169164148060, 0.5400000000000000355, -0.5962602068156299673 ) ) ;
#2919 = CARTESIAN_POINT ( 'NONE',  ( -0.2096423390354364980, 0.5410000000000000364, -0.5477991257055959684 ) ) ;
#2920 = FACE_OUTER_BOUND ( 'NONE', #587, .T. ) ;
#2921 = CARTESIAN_POINT ( 'NONE',  ( -0.5500000000000000444, 1.277032961426900037, 0.5000000000000000000 ) ) ;
#2922 = LINE ( 'NONE', #226, #3368 ) ;
#2923 = CARTESIAN_POINT ( 'NONE',  ( -0.2000000000000000111, 0.000000000000000000, -0.5000000000000000000 ) ) ;
#2924 = VERTEX_POINT ( 'NONE', #6016 ) ;
#2925 = EDGE_LOOP ( 'NONE', ( #5979, #3393, #4558, #2324, #5874, #8297, #5515, #544, #1877, #2330, #2713, #343, #6618, #4539, #2357, #8480 ) ) ;
#2926 = EDGE_CURVE ( 'NONE', #3210, #6234, #7171, .T. ) ;
#2927 = DIRECTION ( 'NONE',  ( 0.000000000000000000, -1.000000000000000000, 0.000000000000000000 ) ) ;
#2928 = EDGE_CURVE ( 'NONE', #3963, #8411, #6540, .T. ) ;
#2929 = CARTESIAN_POINT ( 'NONE',  ( -0.4500000000000000111, 1.277032961426900037, 0.2999999999999999889 ) ) ;
#2930 = FACE_OUTER_BOUND ( 'NONE', #5313, .T. ) ;
#2931 = ADVANCED_FACE ( 'NONE', ( #1937 ), #4562, .T. ) ;
#2932 = EDGE_LOOP ( 'NONE', ( #1366, #3790, #7946, #3339 ) ) ;
#2933 = ORIENTED_EDGE ( 'NONE', *, *, #1188, .F. ) ;
#2934 =( GEOMETRIC_REPRESENTATION_CONTEXT ( 3 ) GLOBAL_UNCERTAINTY_ASSIGNED_CONTEXT ( ( #640 ) ) GLOBAL_UNIT_ASSIGNED_CONTEXT ( ( #6427, #3755, #5779 ) ) REPRESENTATION_CONTEXT ( 'NONE', 'WORKASPACE' ) );
#2935 = FILL_AREA_STYLE_COLOUR ( '', #4083 ) ;
#2936 = DIRECTION ( 'NONE',  ( -1.000000000000000000, 0.000000000000000000, 0.000000000000000000 ) ) ;
#2937 = CARTESIAN_POINT ( 'NONE',  ( -0.2188388206029990013, 0.5410000000000000364, -0.4485430269208459664 ) ) ;
#2938 = CARTESIAN_POINT ( 'NONE',  ( 0.5949866783970739759, 0.5400000000000000355, -0.5852845402872259850 ) ) ;
#2939 = ORIENTED_EDGE ( 'NONE', *, *, #1034, .T. ) ;
#2940 = CARTESIAN_POINT ( 'NONE',  ( -0.7500000000000000000, 0.000000000000000000, 0.5999999999999999778 ) ) ;
#2941 = CARTESIAN_POINT ( 'NONE',  ( -0.1203834134615383855, 0.5400000000000000355, -0.5182692307692310374 ) ) ;
#2942 = FACE_OUTER_BOUND ( 'NONE', #695, .T. ) ;
#2943 = CARTESIAN_POINT ( 'NONE',  ( -0.1744440216937090116, 0.5410000000000000364, -0.6277838002790130378 ) ) ;
#2944 = VECTOR ( 'NONE', #6332, 1000.000000000000000 ) ;
#2945 = SURFACE_SIDE_STYLE ('',( #294 ) ) ;
#2946 = CARTESIAN_POINT ( 'NONE',  ( 0.2901730769230769780, 0.5410000000000000364, -0.4548076923076930234 ) ) ;
#2947 = CARTESIAN_POINT ( 'NONE',  ( -0.2413883373855710002, 0.5410000000000000364, -0.4303666241382760327 ) ) ;
#2948 = VERTEX_POINT ( 'NONE', #3554 ) ;
#2949 =( NAMED_UNIT ( * ) SI_UNIT ( $, .STERADIAN. ) SOLID_ANGLE_UNIT ( ) );
#2950 = CARTESIAN_POINT ( 'NONE',  ( 0.000000000000000000, 0.000000000000000000, 0.000000000000000000 ) ) ;
#2951 = COLOUR_RGB ( '',0.2509803921568627416, 0.2509803921568627416, 0.2509803921568627416 ) ;
#2952 = CARTESIAN_POINT ( 'NONE',  ( 0.1000000000000000056, 0.1000000000000000056, 0.7510000000000000009 ) ) ;
#2953 = ORIENTED_EDGE ( 'NONE', *, *, #3386, .F. ) ;
#2954 =( NAMED_UNIT ( * ) PLANE_ANGLE_UNIT ( ) SI_UNIT ( $, .RADIAN. ) );
#2955 = CARTESIAN_POINT ( 'NONE',  ( 0.000000000000000000, 0.4400000000000000022, 1.626303258728255172E-16 ) ) ;
#2956 = MECHANICAL_DESIGN_GEOMETRIC_PRESENTATION_REPRESENTATION (  '', ( #6700 ), #4750 ) ;
#2957 = CARTESIAN_POINT ( 'NONE',  ( -0.1570213710590435130, 0.5400000000000000355, -0.4232131154259125005 ) ) ;
#2958 = LINE ( 'NONE', #6181, #3331 ) ;
#2959 = SURFACE_STYLE_USAGE ( .BOTH. , #6957 ) ;
#2960 =( NAMED_UNIT ( * ) SI_UNIT ( $, .STERADIAN. ) SOLID_ANGLE_UNIT ( ) );
#2961 = DIRECTION ( 'NONE',  ( 0.000000000000000000, 0.000000000000000000, 1.000000000000000000 ) ) ;
#2962 = ORIENTED_EDGE ( 'NONE', *, *, #6751, .T. ) ;
#2963 = ORIENTED_EDGE ( 'NONE', *, *, #56, .F. ) ;
#2964 = EDGE_CURVE ( 'NONE', #4178, #8118, #2958, .T. ) ;
#2965 = DIRECTION ( 'NONE',  ( 0.000000000000000000, -1.000000000000000000, 0.000000000000000000 ) ) ;
#2966 = STYLED_ITEM ( 'NONE', ( #6897 ), #2477 ) ;
#2967 = DIRECTION ( 'NONE',  ( 0.8118043909516363676, 0.000000000000000000, 0.5839294741932821164 ) ) ;
#2968 = LINE ( 'NONE', #809, #8106 ) ;
#2969 = VECTOR ( 'NONE', #1926, 1000.000000000000000 ) ;
#2970 = FILL_AREA_STYLE_COLOUR ( '', #2088 ) ;
#2971 = STYLED_ITEM ( 'NONE', ( #4591 ), #2348 ) ;
#2972 = CARTESIAN_POINT ( 'NONE',  ( 0.7500000000000000000, 0.000000000000000000, 0.2000000000000000111 ) ) ;
#2973 = ADVANCED_FACE ( 'NONE', ( #181 ), #3513, .F. ) ;
#2974 = ORIENTED_EDGE ( 'NONE', *, *, #4358, .T. ) ;
#2975 = ORIENTED_EDGE ( 'NONE', *, *, #6911, .F. ) ;
#2976 = EDGE_CURVE ( 'NONE', #798, #53, #5569, .T. ) ;
#2977 =( NAMED_UNIT ( * ) PLANE_ANGLE_UNIT ( ) SI_UNIT ( $, .RADIAN. ) );
#2978 = COLOUR_RGB ( '',0.2000000000000000111, 0.2000000000000000111, 0.2000000000000000111 ) ;
#2979 = CARTESIAN_POINT ( 'NONE',  ( 0.3161346153846155138, 0.5410000000000000364, -0.4836538461538459899 ) ) ;
#2980 = DIRECTION ( 'NONE',  ( 1.000000000000000000, 0.000000000000000000, 0.000000000000000000 ) ) ;
#2981 = CARTESIAN_POINT ( 'NONE',  ( 0.5990443331763370960, 0.5410000000000000364, -0.5742874261868879948 ) ) ;
#2982 = EDGE_CURVE ( 'NONE', #3608, #7220, #2114, .T. ) ;
#2983 = ORIENTED_EDGE ( 'NONE', *, *, #4350, .T. ) ;
#2984 = DIRECTION ( 'NONE',  ( 0.000000000000000000, 0.000000000000000000, -1.000000000000000000 ) ) ;
#2985 = DIRECTION ( 'NONE',  ( 0.000000000000000000, 1.000000000000000000, 0.000000000000000000 ) ) ;
#2986 = VECTOR ( 'NONE', #1040, 1000.000000000000000 ) ;
#2987 = CARTESIAN_POINT ( 'NONE',  ( -0.4500000000000000111, 0.2000000000000000111, -0.2999999999999999889 ) ) ;
#2988 = CARTESIAN_POINT ( 'NONE',  ( -0.1344245876590123845, 0.5410000000000000364, -0.4918270478720350170 ) ) ;
#2989 = CARTESIAN_POINT ( 'NONE',  ( -0.2000000000000000111, 0.000000000000000000, -0.1749999999999999889 ) ) ;
#2990 = DIRECTION ( 'NONE',  ( 1.224646799147353947E-16, 0.000000000000000000, -1.000000000000000000 ) ) ;
#2991 = VERTEX_POINT ( 'NONE', #2159 ) ;
#2992 = DIRECTION ( 'NONE',  ( 0.000000000000000000, -1.000000000000000000, 0.000000000000000000 ) ) ;
#2993 = PRESENTATION_LAYER_ASSIGNMENT (  '', '', ( #2859 ) ) ;
#2994 = COLOUR_RGB ( '',0.2000000000000000111, 0.2000000000000000111, 0.2000000000000000111 ) ;
#2995 = CARTESIAN_POINT ( 'NONE',  ( -0.7500000000000000000, 0.5400000000000000355, -0.7500000000000000000 ) ) ;
#2996 = VERTEX_POINT ( 'NONE', #7563 ) ;
#2997 = CARTESIAN_POINT ( 'NONE',  ( -0.2186278073775684838, 0.5410000000000000364, -0.5664098487666590076 ) ) ;
#2998 = CARTESIAN_POINT ( 'NONE',  ( -0.2458049292215744863, 0.5400000000000000355, -0.5515865636327930144 ) ) ;
#2999 = DIRECTION ( 'NONE',  ( 0.8267368290684158350, 0.000000000000000000, -0.5625888511709958850 ) ) ;
#3000 =( NAMED_UNIT ( * ) PLANE_ANGLE_UNIT ( ) SI_UNIT ( $, .RADIAN. ) );
#3001 = FILL_AREA_STYLE_COLOUR ( '', #6031 ) ;
#3002 = DIRECTION ( 'NONE',  ( 0.000000000000000000, -1.000000000000000000, 0.000000000000000000 ) ) ;
#3003 = CARTESIAN_POINT ( 'NONE',  ( -0.5500000000000000444, 0.2000000000000000111, 0.2999999999999999889 ) ) ;
#3004 = CARTESIAN_POINT ( 'NONE',  ( -0.2500000000000000000, 0.1000000000000000056, 0.7510000000000000009 ) ) ;
#3005 = ORIENTED_EDGE ( 'NONE', *, *, #4504, .T. ) ;
#3006 = ORIENTED_EDGE ( 'NONE', *, *, #5802, .F. ) ;
#3007 = EDGE_CURVE ( 'NONE', #555, #4530, #1591, .T. ) ;
#3008 = DIRECTION ( 'NONE',  ( 0.000000000000000000, 0.000000000000000000, -1.000000000000000000 ) ) ;
#3009 = EDGE_CURVE ( 'NONE', #7883, #4817, #2794, .T. ) ;
#3010 = DIRECTION ( 'NONE',  ( 0.000000000000000000, -1.000000000000000000, 0.000000000000000000 ) ) ;
#3011 = ORIENTED_EDGE ( 'NONE', *, *, #8070, .F. ) ;
#3012 = ORIENTED_EDGE ( 'NONE', *, *, #578, .T. ) ;
#3013 = DIRECTION ( 'NONE',  ( -1.000000000000000000, 0.000000000000000000, 0.000000000000000000 ) ) ;
#3014 = CARTESIAN_POINT ( 'NONE',  ( -0.1304682632838120027, 0.5400000000000000355, -0.4901530326385409864 ) ) ;
#3015 = EDGE_CURVE ( 'NONE', #7821, #7231, #4254, .T. ) ;
#3016 = CARTESIAN_POINT ( 'NONE',  ( -0.2184280353437294819, 0.5410000000000000364, -0.5626564252809389544 ) ) ;
#3017 =( LENGTH_UNIT ( ) NAMED_UNIT ( * ) SI_UNIT ( .MILLI., .METRE. ) );
#3018 = ADVANCED_FACE ( 'NONE', ( #5612 ), #973, .T. ) ;
#3019 = CARTESIAN_POINT ( 'NONE',  ( -0.08961509512637330643, 0.5410000000000000364, -0.5709779493779300052 ) ) ;
#3020 = AXIS2_PLACEMENT_3D ( 'NONE', #4995, #7562, #5519 ) ;
#3021 = CARTESIAN_POINT ( 'NONE',  ( 0.6037539455892280138, 0.5410000000000000364, -0.5617767343411270708 ) ) ;
#3022 = ORIENTED_EDGE ( 'NONE', *, *, #8223, .T. ) ;
#3023 = SURFACE_STYLE_FILL_AREA ( #5640 ) ;
#3024 = CIRCLE ( 'NONE', #4961, 0.09999999999999999167 ) ;
#3025 = DIRECTION ( 'NONE',  ( 0.000000000000000000, 1.000000000000000000, 0.000000000000000000 ) ) ;
#3026 = PRESENTATION_STYLE_ASSIGNMENT (( #340 ) ) ;
#3027 = EDGE_CURVE ( 'NONE', #3061, #5500, #1134, .T. ) ;
#3028 = CARTESIAN_POINT ( 'NONE',  ( -0.1208778610470106069, 0.5410000000000000364, -0.4837079675547150126 ) ) ;
#3029 = SURFACE_SIDE_STYLE ('',( #1912 ) ) ;
#3030 = STYLED_ITEM ( 'NONE', ( #1325 ), #5566 ) ;
#3031 = EDGE_CURVE ( 'NONE', #3664, #1554, #4466, .T. ) ;
#3032 = FILL_AREA_STYLE ('',( #341 ) ) ;
#3033 =( GEOMETRIC_REPRESENTATION_CONTEXT ( 3 ) GLOBAL_UNCERTAINTY_ASSIGNED_CONTEXT ( ( #5360 ) ) GLOBAL_UNIT_ASSIGNED_CONTEXT ( ( #8158, #4857, #6858 ) ) REPRESENTATION_CONTEXT ( 'NONE', 'WORKASPACE' ) );
#3034 = CARTESIAN_POINT ( 'NONE',  ( 0.000000000000000000, 0.1000000000000000056, 0.000000000000000000 ) ) ;
#3035 = ORIENTED_EDGE ( 'NONE', *, *, #5911, .F. ) ;
#3036 = DIRECTION ( 'NONE',  ( 1.000000000000000000, 0.000000000000000000, 0.000000000000000000 ) ) ;
#3037 = VECTOR ( 'NONE', #872, 1000.000000000000000 ) ;
#3038 = FACE_OUTER_BOUND ( 'NONE', #4304, .T. ) ;
#3039 = VERTEX_POINT ( 'NONE', #1015 ) ;
#3040 = AXIS2_PLACEMENT_3D ( 'NONE', #976, #1638, #3471 ) ;
#3041 = DIRECTION ( 'NONE',  ( -0.000000000000000000, 1.000000000000000000, 0.000000000000000000 ) ) ;
#3042 = EDGE_CURVE ( 'NONE', #5367, #923, #3333, .T. ) ;
#3043 = DIRECTION ( 'NONE',  ( 0.5633649967577178952, 0.000000000000000000, 0.8262081338429055899 ) ) ;
#3044 = DIRECTION ( 'NONE',  ( 0.000000000000000000, 0.000000000000000000, 1.000000000000000000 ) ) ;
#3045 = CIRCLE ( 'NONE', #5269, 0.09999999999999999167 ) ;
#3046 = DIRECTION ( 'NONE',  ( 1.000000000000000000, 0.000000000000000000, 1.355252715606881923E-15 ) ) ;
#3047 = SURFACE_STYLE_FILL_AREA ( #2408 ) ;
#3048 = CARTESIAN_POINT ( 'NONE',  ( -0.4500000000000000111, 0.2000000000000000111, -0.2999999999999999889 ) ) ;
#3049 = PRESENTATION_STYLE_ASSIGNMENT (( #7726 ) ) ;
#3050 = UNCERTAINTY_MEASURE_WITH_UNIT (LENGTH_MEASURE( 1.000000000000000082E-05 ), #8133, 'distance_accuracy_value', 'NONE');
#3051 = CARTESIAN_POINT ( 'NONE',  ( 0.5500000000000000444, 0.2000000000000000111, -0.5000000000000000000 ) ) ;
#3052 = LINE ( 'NONE', #8399, #14 ) ;
#3053 = DIRECTION ( 'NONE',  ( 0.000000000000000000, -1.000000000000000000, 0.000000000000000000 ) ) ;
#3054 = ORIENTED_EDGE ( 'NONE', *, *, #2137, .T. ) ;
#3055 = VERTEX_POINT ( 'NONE', #3048 ) ;
#3056 = SURFACE_STYLE_USAGE ( .BOTH. , #7008 ) ;
#3057 = PLANE ( 'NONE',  #6255 ) ;
#3058 = CARTESIAN_POINT ( 'NONE',  ( -0.1734169218615344843, 0.5410000000000000364, -0.4233358802117255237 ) ) ;
#3059 = DIRECTION ( 'NONE',  ( 0.000000000000000000, 0.000000000000000000, 1.000000000000000000 ) ) ;
#3060 = UNCERTAINTY_MEASURE_WITH_UNIT (LENGTH_MEASURE( 1.000000000000000082E-05 ), #2708, 'distance_accuracy_value', 'NONE');
#3061 = VERTEX_POINT ( 'NONE', #4385 ) ;
#3062 = ORIENTED_EDGE ( 'NONE', *, *, #7971, .F. ) ;
#3063 = SURFACE_STYLE_FILL_AREA ( #1117 ) ;
#3064 = SURFACE_STYLE_FILL_AREA ( #285 ) ;
#3065 = SURFACE_SIDE_STYLE ('',( #412 ) ) ;
#3066 = STYLED_ITEM ( 'NONE', ( #7473 ), #3018 ) ;
#3067 = CARTESIAN_POINT ( 'NONE',  ( 0.5743924278846159748, 0.5410000000000000364, -0.5569411057692310596 ) ) ;
#3068 = CARTESIAN_POINT ( 'NONE',  ( -0.1638561542489219980, 0.5400000000000000355, -0.6018002568182890810 ) ) ;
#3069 = PRESENTATION_LAYER_ASSIGNMENT (  '', '', ( #4718 ) ) ;
#3070 = CARTESIAN_POINT ( 'NONE',  ( 0.5899423076923079323, 0.5410000000000000364, -0.5990384615384619638 ) ) ;
#3071 =( GEOMETRIC_REPRESENTATION_CONTEXT ( 3 ) GLOBAL_UNCERTAINTY_ASSIGNED_CONTEXT ( ( #719 ) ) GLOBAL_UNIT_ASSIGNED_CONTEXT ( ( #6207, #2399, #2949 ) ) REPRESENTATION_CONTEXT ( 'NONE', 'WORKASPACE' ) );
#3072 = ORIENTED_EDGE ( 'NONE', *, *, #3593, .T. ) ;
#3073 = SURFACE_STYLE_USAGE ( .BOTH. , #7025 ) ;
#3074 = LINE ( 'NONE', #5725, #2268 ) ;
#3075 = PLANE ( 'NONE',  #6239 ) ;
#3076 = DIRECTION ( 'NONE',  ( 0.000000000000000000, 0.000000000000000000, -1.000000000000000000 ) ) ;
#3077 = FACE_OUTER_BOUND ( 'NONE', #4628, .T. ) ;
#3078 = CARTESIAN_POINT ( 'NONE',  ( -0.2553514487933605248, 0.5410000000000000364, -0.4662442895176519553 ) ) ;
#3079 = ORIENTED_EDGE ( 'NONE', *, *, #4394, .F. ) ;
#3080 = EDGE_CURVE ( 'NONE', #3177, #8252, #8334, .T. ) ;
#3081 = LINE ( 'NONE', #5997, #4035 ) ;
#3082 = EDGE_LOOP ( 'NONE', ( #3599, #8276, #6723, #3455 ) ) ;
#3083 = VECTOR ( 'NONE', #4145, 1000.000000000000000 ) ;
#3084 = ADVANCED_FACE ( 'NONE', ( #4996 ), #6956, .T. ) ;
#3085 = LINE ( 'NONE', #4332, #2771 ) ;
#3086 = EDGE_CURVE ( 'NONE', #3222, #1065, #5742, .T. ) ;
#3087 = DIRECTION ( 'NONE',  ( 1.000000000000000000, 0.000000000000000000, 0.000000000000000000 ) ) ;
#3088 = CARTESIAN_POINT ( 'NONE',  ( 0.6283437499999999787, 0.5410000000000000364, -0.4951923076923079314 ) ) ;
#3089 = DIRECTION ( 'NONE',  ( 0.000000000000000000, -1.000000000000000000, 0.000000000000000000 ) ) ;
#3090 = STYLED_ITEM ( 'NONE', ( #5717 ), #7363 ) ;
#3091 = ADVANCED_FACE ( 'NONE', ( #6438 ), #4950, .T. ) ;
#3092 = EDGE_CURVE ( 'NONE', #8509, #2781, #4336, .T. ) ;
#3093 =( LENGTH_UNIT ( ) NAMED_UNIT ( * ) SI_UNIT ( .MILLI., .METRE. ) );
#3094 = DIRECTION ( 'NONE',  ( 0.000000000000000000, 0.000000000000000000, -1.000000000000000000 ) ) ;
#3095 = SURFACE_STYLE_USAGE ( .BOTH. , #439 ) ;
#3096 = ORIENTED_EDGE ( 'NONE', *, *, #4130, .F. ) ;
#3097 = VERTEX_POINT ( 'NONE', #3942 ) ;
#3098 =( GEOMETRIC_REPRESENTATION_CONTEXT ( 3 ) GLOBAL_UNCERTAINTY_ASSIGNED_CONTEXT ( ( #3136 ) ) GLOBAL_UNIT_ASSIGNED_CONTEXT ( ( #4180, #2129, #4749 ) ) REPRESENTATION_CONTEXT ( 'NONE', 'WORKASPACE' ) );
#3099 = CARTESIAN_POINT ( 'NONE',  ( -0.7500000000000000000, 0.5400000000000000355, -0.7500000000000000000 ) ) ;
#3100 = LINE ( 'NONE', #1028, #860 ) ;
#3101 = STYLED_ITEM ( 'NONE', ( #1168 ), #5947 ) ;
#3102 = LINE ( 'NONE', #541, #4844 ) ;
#3103 = MECHANICAL_DESIGN_GEOMETRIC_PRESENTATION_REPRESENTATION (  '', ( #2429 ), #620 ) ;
#3104 = LINE ( 'NONE', #8320, #772 ) ;
#3105 = ORIENTED_EDGE ( 'NONE', *, *, #4610, .T. ) ;
#3106 = ORIENTED_EDGE ( 'NONE', *, *, #3190, .F. ) ;
#3107 = CARTESIAN_POINT ( 'NONE',  ( 0.4266712740384614455, 0.5410000000000000364, -0.4820312499999999667 ) ) ;
#3108 = CARTESIAN_POINT ( 'NONE',  ( -0.1184248417655657942, 0.5400000000000000355, -0.5662972099597489706 ) ) ;
#3109 = LINE ( 'NONE', #3738, #2986 ) ;
#3110 = SURFACE_STYLE_USAGE ( .BOTH. , #7754 ) ;
#3111 = DIRECTION ( 'NONE',  ( 0.000000000000000000, -1.000000000000000000, 0.000000000000000000 ) ) ;
#3112 = VECTOR ( 'NONE', #550, 1000.000000000000000 ) ;
#3113 = VECTOR ( 'NONE', #7298, 1000.000000000000000 ) ;
#3114 = CARTESIAN_POINT ( 'NONE',  ( -0.1582643876758645096, 0.5400000000000000355, -0.6013805549039309417 ) ) ;
#3115 = DIRECTION ( 'NONE',  ( 9.293161478447180018E-16, 0.000000000000000000, 1.000000000000000000 ) ) ;
#3116 = ORIENTED_EDGE ( 'NONE', *, *, #580, .F. ) ;
#3117 = SURFACE_STYLE_USAGE ( .BOTH. , #604 ) ;
#3118 =( LENGTH_UNIT ( ) NAMED_UNIT ( * ) SI_UNIT ( .MILLI., .METRE. ) );
#3119 =( LENGTH_UNIT ( ) NAMED_UNIT ( * ) SI_UNIT ( .MILLI., .METRE. ) );
#3120 = COLOUR_RGB ( '',0.2509803921568627416, 0.2509803921568627416, 0.2509803921568627416 ) ;
#3121 = CARTESIAN_POINT ( 'NONE',  ( -0.1842288140415795084, 0.5410000000000000364, -0.3983521540580525211 ) ) ;
#3122 = ORIENTED_EDGE ( 'NONE', *, *, #5265, .T. ) ;
#3123 = CARTESIAN_POINT ( 'NONE',  ( 0.4089595307239590194, 0.5400000000000000355, -0.5080239254661839121 ) ) ;
#3124 = EDGE_CURVE ( 'NONE', #2372, #2753, #3261, .T. ) ;
#3125 = VECTOR ( 'NONE', #3322, 1000.000000000000000 ) ;
#3126 = CARTESIAN_POINT ( 'NONE',  ( 0.2642115384615384976, 0.5410000000000000364, -0.4000000000000000222 ) ) ;
#3127 = VERTEX_POINT ( 'NONE', #4640 ) ;
#3128 =( NAMED_UNIT ( * ) SI_UNIT ( $, .STERADIAN. ) SOLID_ANGLE_UNIT ( ) );
#3130 = EDGE_CURVE ( 'NONE', #1585, #840, #5298, .T. ) ;
#3129 = CARTESIAN_POINT ( 'NONE',  ( -0.2000000000000000111, 0.000000000000000000, -0.5000000000000000000 ) ) ;
#3131 = FACE_OUTER_BOUND ( 'NONE', #7463, .T. ) ;
#3132 = STYLED_ITEM ( 'NONE', ( #3928 ), #1131 ) ;
#3133 = CARTESIAN_POINT ( 'NONE',  ( 0.5904540142382349588, 0.5400000000000000355, -0.5976565768673119949 ) ) ;
#3134 =( NAMED_UNIT ( * ) SI_UNIT ( $, .STERADIAN. ) SOLID_ANGLE_UNIT ( ) );
#3135 = CARTESIAN_POINT ( 'NONE',  ( 0.000000000000000000, 0.5410000000000000364, 0.000000000000000000 ) ) ;
#3136 = UNCERTAINTY_MEASURE_WITH_UNIT (LENGTH_MEASURE( 1.000000000000000082E-05 ), #4180, 'distance_accuracy_value', 'NONE');
#3137 = SURFACE_STYLE_USAGE ( .BOTH. , #6958 ) ;
#3138 = ADVANCED_FACE ( 'NONE', ( #7827 ), #2014, .F. ) ;
#3139 = B_SPLINE_CURVE_WITH_KNOTS ( 'NONE', 3,
 ( #1996, #3200, #7850, #512, #7110, #8461, #8497, #3791, #6469, #7806, #601, #2563, #7232, #5988, #7762, #1908, #4531, #3873, #1173 ),
 .UNSPECIFIED., .F., .F.,
 ( 4, 1, 1, 1, 1, 1, 1, 1, 1, 1, 1, 1, 1, 1, 1, 1, 4 ),
 ( 0.000000000000000000, 0.09962150616395801239, 0.1938967328192360007, 0.2837998562611225295, 0.3701727454138420415, 0.4123101010032899638, 0.4530934880386510155, 0.4930774056832900043, 0.5325119669761479990, 0.5711492613812039210, 0.6097187445698670771, 0.6481957371232249798, 0.6868104410209480148, 0.7639654307906359465, 0.8408749920078290030, 0.9191369643646190024, 1.000000000000000000 ),
 .UNSPECIFIED. ) ;
#3140 = VECTOR ( 'NONE', #5948, 1000.000000000000000 ) ;
#3141 = ORIENTED_EDGE ( 'NONE', *, *, #3009, .F. ) ;
#3142 = ORIENTED_EDGE ( 'NONE', *, *, #8234, .F. ) ;
#3143 = DIRECTION ( 'NONE',  ( -1.000000000000000000, 0.000000000000000000, 0.000000000000000000 ) ) ;
#3144 = LINE ( 'NONE', #8405, #5917 ) ;
#3145 = PRESENTATION_STYLE_ASSIGNMENT (( #7789 ) ) ;
#3146 = CARTESIAN_POINT ( 'NONE',  ( -0.1745344075918930093, 0.5400000000000000355, -0.5036189087178090107 ) ) ;
#3147 = FILL_AREA_STYLE_COLOUR ( '', #3795 ) ;
#3148 = UNCERTAINTY_MEASURE_WITH_UNIT (LENGTH_MEASURE( 1.000000000000000082E-05 ), #5090, 'distance_accuracy_value', 'NONE');
#3149 = EDGE_LOOP ( 'NONE', ( #2535, #3207, #1136, #2706 ) ) ;
#3150 = ORIENTED_EDGE ( 'NONE', *, *, #3092, .F. ) ;
#3151 = CARTESIAN_POINT ( 'NONE',  ( 0.000000000000000000, 0.2000000000000000111, 0.000000000000000000 ) ) ;
#3152 = LINE ( 'NONE', #5800, #4976 ) ;
#3153 = CARTESIAN_POINT ( 'NONE',  ( 0.4504242788461539915, 0.5410000000000000364, -0.4000000000000000222 ) ) ;
#3154 = PRESENTATION_STYLE_ASSIGNMENT (( #3110 ) ) ;
#3155 = CARTESIAN_POINT ( 'NONE',  ( -0.2187307692307695062, 0.5400000000000000355, -0.5683443509615390132 ) ) ;
#3156 = DIRECTION ( 'NONE',  ( 0.000000000000000000, -1.000000000000000000, 0.000000000000000000 ) ) ;
#3157 = ORIENTED_EDGE ( 'NONE', *, *, #4188, .T. ) ;
#3158 = CARTESIAN_POINT ( 'NONE',  ( 0.2901730769230769780, 0.5410000000000000364, -0.4000000000000000222 ) ) ;
#3159 = PLANE ( 'NONE',  #2227 ) ;
#3160 = FACE_OUTER_BOUND ( 'NONE', #256, .T. ) ;
#3161 = CARTESIAN_POINT ( 'NONE',  ( -0.1037933980229917841, 0.5400000000000000355, -0.5082207667750280322 ) ) ;
#3162 = PRESENTATION_LAYER_ASSIGNMENT (  '', '', ( #7755 ) ) ;
#3163 = ORIENTED_EDGE ( 'NONE', *, *, #5585, .T. ) ;
#3164 = DIRECTION ( 'NONE',  ( -5.421010862427520198E-16, 0.000000000000000000, -1.000000000000000000 ) ) ;
#3165 = COLOUR_RGB ( '',0.2000000000000000111, 0.2000000000000000111, 0.2000000000000000111 ) ;
#3166 = CARTESIAN_POINT ( 'NONE',  ( -0.2023737831809220011, 0.5410000000000000364, -0.4023660764247705135 ) ) ;
#3167 = VERTEX_POINT ( 'NONE', #7869 ) ;
#3168 = SURFACE_STYLE_USAGE ( .BOTH. , #523 ) ;
#3169 = CARTESIAN_POINT ( 'NONE',  ( -0.2561477756849380172, 0.5400000000000000355, -0.4759149892542829385 ) ) ;
#3170 =( GEOMETRIC_REPRESENTATION_CONTEXT ( 3 ) GLOBAL_UNCERTAINTY_ASSIGNED_CONTEXT ( ( #6645 ) ) GLOBAL_UNIT_ASSIGNED_CONTEXT ( ( #8048, #6745, #6180 ) ) REPRESENTATION_CONTEXT ( 'NONE', 'WORKASPACE' ) );
#3171 =( NAMED_UNIT ( * ) SI_UNIT ( $, .STERADIAN. ) SOLID_ANGLE_UNIT ( ) );
#3172 = CARTESIAN_POINT ( 'NONE',  ( 0.6053778432908010210, 0.5400000000000000355, -0.5573339148863599712 ) ) ;
#3173 = MECHANICAL_DESIGN_GEOMETRIC_PRESENTATION_REPRESENTATION (  '', ( #4687 ), #966 ) ;
#3174 = SURFACE_STYLE_FILL_AREA ( #1284 ) ;
#3175 = STYLED_ITEM ( 'NONE', ( #2370 ), #4813 ) ;
#3176 = PRESENTATION_LAYER_ASSIGNMENT (  '', '', ( #8040 ) ) ;
#3177 = VERTEX_POINT ( 'NONE', #2618 ) ;
#3178 = VERTEX_POINT ( 'NONE', #1972 ) ;
#3179 = ORIENTED_EDGE ( 'NONE', *, *, #1873, .T. ) ;
#3180 = COLOUR_RGB ( '',0.2000000000000000111, 0.2000000000000000111, 0.2000000000000000111 ) ;
#3181 = VECTOR ( 'NONE', #6344, 1000.000000000000000 ) ;
#3182 = VECTOR ( 'NONE', #8544, 1000.000000000000000 ) ;
#3183 = DIRECTION ( 'NONE',  ( 0.000000000000000000, 1.000000000000000000, 0.000000000000000000 ) ) ;
#3184 = CARTESIAN_POINT ( 'NONE',  ( -0.1818481207577199721, 0.5400000000000000355, -0.4246521533374559842 ) ) ;
#3185 = EDGE_CURVE ( 'NONE', #7169, #6339, #5834, .T. ) ;
#3186 = CARTESIAN_POINT ( 'NONE',  ( -0.1678736346834915072, 0.5410000000000000364, -0.5325148285841910800 ) ) ;
#3187 = ORIENTED_EDGE ( 'NONE', *, *, #7759, .T. ) ;
#3188 = ORIENTED_EDGE ( 'NONE', *, *, #1222, .F. ) ;
#3189 = DIRECTION ( 'NONE',  ( -1.355252715606880049E-16, 0.000000000000000000, -1.000000000000000000 ) ) ;
#3190 = EDGE_CURVE ( 'NONE', #427, #798, #5341, .T. ) ;
#3191 = SURFACE_STYLE_USAGE ( .BOTH. , #3821 ) ;
#3192 = EDGE_CURVE ( 'NONE', #6269, #5972, #3045, .T. ) ;
#3193 = LINE ( 'NONE', #5011, #5622 ) ;
#3194 = LINE ( 'NONE', #2946, #5898 ) ;
#3195 = EDGE_CURVE ( 'NONE', #5500, #4246, #7915, .T. ) ;
#3196 = CARTESIAN_POINT ( 'NONE',  ( 0.5500000000000000444, 0.2000000000000000111, 0.2999999999999999889 ) ) ;
#3197 = EDGE_CURVE ( 'NONE', #7556, #7054, #1326, .T. ) ;
#3198 = FILL_AREA_STYLE_COLOUR ( '', #953 ) ;
#3199 = ORIENTED_EDGE ( 'NONE', *, *, #7123, .F. ) ;
#3200 = CARTESIAN_POINT ( 'NONE',  ( -0.1669383611330584882, 0.5400000000000000355, -0.6277934929140909226 ) ) ;
#3201 = VECTOR ( 'NONE', #7000, 1000.000000000000000 ) ;
#3202 = DIRECTION ( 'NONE',  ( 1.000000000000000000, 0.000000000000000000, 0.000000000000000000 ) ) ;
#3203 = DIRECTION ( 'NONE',  ( 0.000000000000000000, 0.000000000000000000, -1.000000000000000000 ) ) ;
#3204 = CARTESIAN_POINT ( 'NONE',  ( 0.1035096153846152001, 0.5410000000000000364, -0.6250000000000000000 ) ) ;
#3205 = CARTESIAN_POINT ( 'NONE',  ( -0.08315384615384618927, 0.5400000000000000355, -0.4638671875000000000 ) ) ;
#3206 = MECHANICAL_DESIGN_GEOMETRIC_PRESENTATION_REPRESENTATION (  '', ( #995 ), #4306 ) ;
#3207 = ORIENTED_EDGE ( 'NONE', *, *, #4291, .F. ) ;
#3208 = SURFACE_STYLE_FILL_AREA ( #562 ) ;
#3209 =( NAMED_UNIT ( * ) SI_UNIT ( $, .STERADIAN. ) SOLID_ANGLE_UNIT ( ) );
#3210 = VERTEX_POINT ( 'NONE', #5221 ) ;
#3211 = CARTESIAN_POINT ( 'NONE',  ( -0.2178663086785730119, 0.5400000000000000355, -0.4089782258924244962 ) ) ;
#3212 = ORIENTED_EDGE ( 'NONE', *, *, #7586, .T. ) ;
#3213 = CARTESIAN_POINT ( 'NONE',  ( -0.1363960361527611909, 0.5400000000000000355, -0.4282376806867174701 ) ) ;
#3214 = CARTESIAN_POINT ( 'NONE',  ( -0.2381206978354410142, 0.5400000000000000355, -0.4260698738638079575 ) ) ;
#3215 = LINE ( 'NONE', #621, #7464 ) ;
#3216 = VECTOR ( 'NONE', #5698, 1000.000000000000000 ) ;
#3217 = FACE_OUTER_BOUND ( 'NONE', #6024, .T. ) ;
#3218 = UNCERTAINTY_MEASURE_WITH_UNIT (LENGTH_MEASURE( 1.000000000000000082E-05 ), #4622, 'distance_accuracy_value', 'NONE');
#3219 = STYLED_ITEM ( 'NONE', ( #7729 ), #6649 ) ;
#3220 = CARTESIAN_POINT ( 'NONE',  ( 0.1962878605769229901, 0.5400000000000000355, -0.4836538461538459899 ) ) ;
#3221 = ORIENTED_EDGE ( 'NONE', *, *, #7168, .T. ) ;
#3222 = VERTEX_POINT ( 'NONE', #5884 ) ;
#3223 = UNCERTAINTY_MEASURE_WITH_UNIT (LENGTH_MEASURE( 1.000000000000000082E-05 ), #3603, 'distance_accuracy_value', 'NONE');
#3224 =( GEOMETRIC_REPRESENTATION_CONTEXT ( 3 ) GLOBAL_UNCERTAINTY_ASSIGNED_CONTEXT ( ( #7727 ) ) GLOBAL_UNIT_ASSIGNED_CONTEXT ( ( #4888, #5860, #8588 ) ) REPRESENTATION_CONTEXT ( 'NONE', 'WORKASPACE' ) );
#3225 = FILL_AREA_STYLE_COLOUR ( '', #2994 ) ;
#3226 = SURFACE_STYLE_USAGE ( .BOTH. , #5846 ) ;
#3227 = CARTESIAN_POINT ( 'NONE',  ( 0.6062133413461540110, 0.5410000000000000364, -0.5550480769230770051 ) ) ;
#3228 = CARTESIAN_POINT ( 'NONE',  ( -0.1814811494251569735, 0.5400000000000000355, -0.6275856213175829978 ) ) ;
#3229 = ADVANCED_FACE ( 'NONE', ( #4552 ), #8475, .F. ) ;
#3230 = AXIS2_PLACEMENT_3D ( 'NONE', #1968, #4634, #8604 ) ;
#3231 = EDGE_LOOP ( 'NONE', ( #2890, #3150, #3693, #1626 ) ) ;
#3232 = ORIENTED_EDGE ( 'NONE', *, *, #1936, .T. ) ;
#3233 = DIRECTION ( 'NONE',  ( 1.000000000000000000, 0.000000000000000000, 0.000000000000000000 ) ) ;
#3234 = FACE_OUTER_BOUND ( 'NONE', #5334, .T. ) ;
#3235 = PRESENTATION_STYLE_ASSIGNMENT (( #4041 ) ) ;
#3236 = AXIS2_PLACEMENT_3D ( 'NONE', #7296, #4107, #4679 ) ;
#3237 = SURFACE_STYLE_USAGE ( .BOTH. , #2762 ) ;
#3238 = VECTOR ( 'NONE', #7279, 1000.000000000000000 ) ;
#3239 = LINE ( 'NONE', #182, #7831 ) ;
#3240 = CARTESIAN_POINT ( 'NONE',  ( 0.5500000000000000444, 0.2000000000000000111, -0.5999999999999999778 ) ) ;
#3241 = EDGE_CURVE ( 'NONE', #3097, #7045, #3379, .T. ) ;
#3242 = CARTESIAN_POINT ( 'NONE',  ( -0.7500000000000000000, 0.2000000000000000111, 0.5999999999999999778 ) ) ;
#3243 = COLOUR_RGB ( '',0.6470588235294117974, 0.5176470588235293491, 0.000000000000000000 ) ;
#3244 = ORIENTED_EDGE ( 'NONE', *, *, #7123, .T. ) ;
#3245 = LINE ( 'NONE', #8549, #6702 ) ;
#3246 = CARTESIAN_POINT ( 'NONE',  ( 0.1035096153846152001, 0.5400000000000000355, -0.4000000000000000222 ) ) ;
#3247 = DIRECTION ( 'NONE',  ( 0.000000000000000000, -1.000000000000000000, 0.000000000000000000 ) ) ;
#3248 = STYLED_ITEM ( 'NONE', ( #2597 ), #2578 ) ;
#3249 = FACE_OUTER_BOUND ( 'NONE', #6040, .T. ) ;
#3250 = VERTEX_POINT ( 'NONE', #4065 ) ;
#3251 = MECHANICAL_DESIGN_GEOMETRIC_PRESENTATION_REPRESENTATION (  '', ( #5901 ), #6300 ) ;
#3252 = CARTESIAN_POINT ( 'NONE',  ( 0.4500000000000000111, 0.2000000000000000111, 0.2999999999999999889 ) ) ;
#3253 = EDGE_CURVE ( 'NONE', #8368, #3167, #8181, .T. ) ;
#3254 = CARTESIAN_POINT ( 'NONE',  ( -0.2308015918941705158, 0.5410000000000000364, -0.4183575532148940401 ) ) ;
#3255 = COLOUR_RGB ( '',0.2000000000000000111, 0.2000000000000000111, 0.2000000000000000111 ) ;
#3256 = ORIENTED_EDGE ( 'NONE', *, *, #5534, .F. ) ;
#3257 = FACE_OUTER_BOUND ( 'NONE', #699, .T. ) ;
#3258 = CARTESIAN_POINT ( 'NONE',  ( -0.2187307692307695062, 0.5400000000000000355, -0.5683443509615390132 ) ) ;
#3259 =( LENGTH_UNIT ( ) NAMED_UNIT ( * ) SI_UNIT ( .MILLI., .METRE. ) );
#3260 = CARTESIAN_POINT ( 'NONE',  ( 0.6062133413461540110, 0.5410000000000000364, -0.5550480769230770051 ) ) ;
#3261 = LINE ( 'NONE', #8608, #4159 ) ;
#3262 = CARTESIAN_POINT ( 'NONE',  ( 0.6943293269230770282, 0.5400000000000000355, -0.4000000000000000222 ) ) ;
#3263 = VECTOR ( 'NONE', #7435, 1000.000000000000227 ) ;
#3264 = LINE ( 'NONE', #7917, #7541 ) ;
#3265 = CARTESIAN_POINT ( 'NONE',  ( -0.2000000000000000111, 0.2000000000000000111, -0.3250000000000000111 ) ) ;
#3266 = VERTEX_POINT ( 'NONE', #2264 ) ;
#3267 = VERTEX_POINT ( 'NONE', #4898 ) ;
#3268 = VECTOR ( 'NONE', #1860, 1000.000000000000000 ) ;
#3269 = PRESENTATION_STYLE_ASSIGNMENT (( #6696 ) ) ;
#3270 =( NAMED_UNIT ( * ) PLANE_ANGLE_UNIT ( ) SI_UNIT ( $, .RADIAN. ) );
#3271 = CARTESIAN_POINT ( 'NONE',  ( -0.1460874078704565981, 0.5410000000000000364, -0.4959982856658279871 ) ) ;
#3272 = CARTESIAN_POINT ( 'NONE',  ( -0.2093517634908864944, 0.5400000000000000355, -0.6210195216060540035 ) ) ;
#3273 = EDGE_LOOP ( 'NONE', ( #6901, #750, #152, #2849 ) ) ;
#3274 = ORIENTED_EDGE ( 'NONE', *, *, #7539, .F. ) ;
#3275 = CARTESIAN_POINT ( 'NONE',  ( -0.4500000000000000111, 0.2000000000000000111, 0.2999999999999999889 ) ) ;
#3276 =( NAMED_UNIT ( * ) PLANE_ANGLE_UNIT ( ) SI_UNIT ( $, .RADIAN. ) );
#3277 = CARTESIAN_POINT ( 'NONE',  ( -0.1158049793223726032, 0.5410000000000000364, -0.5160455977360030033 ) ) ;
#3278 = PLANE ( 'NONE',  #1177 ) ;
#3279 = DIRECTION ( 'NONE',  ( 0.000000000000000000, -1.000000000000000000, 0.000000000000000000 ) ) ;
#3280 = CARTESIAN_POINT ( 'NONE',  ( -0.2000000000000000111, 0.2000000000000000111, -0.5000000000000000000 ) ) ;
#3281 = VERTEX_POINT ( 'NONE', #2185 ) ;
#3282 = EDGE_CURVE ( 'NONE', #6651, #533, #2226, .T. ) ;
#3283 = CARTESIAN_POINT ( 'NONE',  ( -0.1365192307692308094, 0.5400000000000000355, -0.4927133413461540212 ) ) ;
#3284 = DIRECTION ( 'NONE',  ( 0.000000000000000000, 0.000000000000000000, -1.000000000000000000 ) ) ;
#3285 = LINE ( 'NONE', #8554, #350 ) ;
#3286 = VERTEX_POINT ( 'NONE', #2824 ) ;
#3287 =( LENGTH_UNIT ( ) NAMED_UNIT ( * ) SI_UNIT ( .MILLI., .METRE. ) );
#3288 = CARTESIAN_POINT ( 'NONE',  ( -0.1905810265405794846, 0.5410000000000000364, -0.3993813341357519975 ) ) ;
#3289 = EDGE_CURVE ( 'NONE', #7143, #1207, #7376, .T. ) ;
#3290 = ORIENTED_EDGE ( 'NONE', *, *, #4504, .F. ) ;
#3291 = CARTESIAN_POINT ( 'NONE',  ( -0.1256008421385035878, 0.5400000000000000355, -0.4345809506111230069 ) ) ;
#3292 = FILL_AREA_STYLE_COLOUR ( '', #5262 ) ;
#3293 = SURFACE_STYLE_FILL_AREA ( #7866 ) ;
#3294 = EDGE_CURVE ( 'NONE', #8546, #7422, #1453, .T. ) ;
#3295 = COLOUR_RGB ( '',0.2509803921568627416, 0.2509803921568627416, 0.2509803921568627416 ) ;
#3296 =( LENGTH_UNIT ( ) NAMED_UNIT ( * ) SI_UNIT ( .MILLI., .METRE. ) );
#3297 = DIRECTION ( 'NONE',  ( 0.000000000000000000, -1.000000000000000000, 0.000000000000000000 ) ) ;
#3298 = APPLICATION_CONTEXT ( 'automotive_design' ) ;
#3299 = ADVANCED_FACE ( 'NONE', ( #251 ), #3461, .F. ) ;
#3300 = ORIENTED_EDGE ( 'NONE', *, *, #3399, .T. ) ;
#3301 = UNCERTAINTY_MEASURE_WITH_UNIT (LENGTH_MEASURE( 1.000000000000000082E-05 ), #3431, 'distance_accuracy_value', 'NONE');
#3302 = ORIENTED_EDGE ( 'NONE', *, *, #5214, .F. ) ;
#3303 = SURFACE_STYLE_USAGE ( .BOTH. , #453 ) ;
#3304 = COLOUR_RGB ( '',0.2000000000000000111, 0.2000000000000000111, 0.2000000000000000111 ) ;
#3305 = DIRECTION ( 'NONE',  ( 0.000000000000000000, 1.000000000000000000, 0.000000000000000000 ) ) ;
#3306 = DIRECTION ( 'NONE',  ( 0.000000000000000000, 1.000000000000000000, 0.000000000000000000 ) ) ;
#3307 = VECTOR ( 'NONE', #5217, 1000.000000000000114 ) ;
#3308 = EDGE_LOOP ( 'NONE', ( #1512, #7212, #4258, #4761 ) ) ;
#3309 = VERTEX_POINT ( 'NONE', #7552 ) ;
#3310 = UNCERTAINTY_MEASURE_WITH_UNIT (LENGTH_MEASURE( 1.000000000000000082E-05 ), #7587, 'distance_accuracy_value', 'NONE');
#3311 = VECTOR ( 'NONE', #3279, 1000.000000000000000 ) ;
#3312 = SURFACE_STYLE_FILL_AREA ( #1429 ) ;
#3313 = AXIS2_PLACEMENT_3D ( 'NONE', #5557, #7505, #8205 ) ;
#3314 = CARTESIAN_POINT ( 'NONE',  ( 0.2500000000000000000, 0.5400000000000000355, -0.7500000000000000000 ) ) ;
#3315 = VECTOR ( 'NONE', #1830, 1000.000000000000000 ) ;
#3316 = DIRECTION ( 'NONE',  ( 0.000000000000000000, 0.000000000000000000, 1.000000000000000000 ) ) ;
#3317 = FILL_AREA_STYLE ('',( #1382 ) ) ;
#3318 = CARTESIAN_POINT ( 'NONE',  ( 0.5836483211399450255, 0.5410000000000000364, -0.5774867826133679438 ) ) ;
#3319 = ORIENTED_EDGE ( 'NONE', *, *, #4012, .F. ) ;
#3320 = CARTESIAN_POINT ( 'NONE',  ( 0.6283437499999999787, 0.5400000000000000355, -0.4951923076923079314 ) ) ;
#3321 = CARTESIAN_POINT ( 'NONE',  ( -0.1133886877017684092, 0.5410000000000000364, -0.4524699031995320087 ) ) ;
#3322 = DIRECTION ( 'NONE',  ( 0.000000000000000000, -1.000000000000000000, 0.000000000000000000 ) ) ;
#3323 = CARTESIAN_POINT ( 'NONE',  ( 0.000000000000000000, 0.4400000000000000022, 0.2000000000000000111 ) ) ;
#3324 = VERTEX_POINT ( 'NONE', #4811 ) ;
#3325 = LINE ( 'NONE', #823, #3977 ) ;
#3326 = ORIENTED_EDGE ( 'NONE', *, *, #2267, .T. ) ;
#3327 = CARTESIAN_POINT ( 'NONE',  ( 0.2500000000000000000, 0.1000000000000000056, -0.7510000000000000009 ) ) ;
#3328 = EDGE_LOOP ( 'NONE', ( #8321, #6949, #2434, #1749 ) ) ;
#3329 = CARTESIAN_POINT ( 'NONE',  ( -0.2000000000000000111, 0.000000000000000000, -0.5000000000000000000 ) ) ;
#3330 = CARTESIAN_POINT ( 'NONE',  ( -0.1775772456929095022, 0.5400000000000000355, -0.3976516140232365104 ) ) ;
#3331 = VECTOR ( 'NONE', #6910, 1000.000000000000114 ) ;
#3332 = FILL_AREA_STYLE ('',( #2012 ) ) ;
#3333 = B_SPLINE_CURVE_WITH_KNOTS ( 'NONE', 3,
 ( #2369, #4427, #7643, #1146, #6395, #1677, #3765, #7040, #3682, #525, #1057, #2318, #6348, #7778, #392 ),
 .UNSPECIFIED., .F., .F.,
 ( 4, 1, 1, 1, 1, 1, 1, 1, 1, 1, 1, 1, 4 ),
 ( 0.000000000000000000, 0.09258405613722300864, 0.1779089771466169922, 0.2571497767112270183, 0.3310484894708830006, 0.4028717590578285157, 0.4772266214890830138, 0.5551466485633470560, 0.6386917438525029356, 0.7256184146555529901, 0.8136803073338539916, 0.9048999782917559465, 1.000000000000000000 ),
 .UNSPECIFIED. ) ;
#3334 = ADVANCED_FACE ( 'NONE', ( #6050 ), #8036, .F. ) ;
#3335 = CARTESIAN_POINT ( 'NONE',  ( -0.1000000000000000056, 0.2000000000000000111, 0.7510000000000000009 ) ) ;
#3336 = LINE ( 'NONE', #6173, #2018 ) ;
#3337 = FACE_OUTER_BOUND ( 'NONE', #8587, .T. ) ;
#3338 = EDGE_CURVE ( 'NONE', #8054, #6408, #6238, .T. ) ;
#3339 = ORIENTED_EDGE ( 'NONE', *, *, #5474, .T. ) ;
#3340 = EDGE_CURVE ( 'NONE', #8509, #2380, #1288, .T. ) ;
#3341 = ORIENTED_EDGE ( 'NONE', *, *, #2505, .T. ) ;
#3342 = LINE ( 'NONE', #1858, #1666 ) ;
#3343 = CARTESIAN_POINT ( 'NONE',  ( -0.5500000000000000444, 0.000000000000000000, -0.2000000000000000111 ) ) ;
#3344 = EDGE_CURVE ( 'NONE', #1501, #39, #8424, .T. ) ;
#3345 = EDGE_CURVE ( 'NONE', #6965, #6810, #4454, .T. ) ;
#3346 = FACE_OUTER_BOUND ( 'NONE', #4198, .T. ) ;
#3347 = VECTOR ( 'NONE', #3463, 1000.000000000000000 ) ;
#3348 = EDGE_CURVE ( 'NONE', #710, #1153, #6106, .T. ) ;
#3349 = CARTESIAN_POINT ( 'NONE',  ( -0.2150566302270160157, 0.5410000000000000364, -0.5170679936182940306 ) ) ;
#3350 = CARTESIAN_POINT ( 'NONE',  ( -0.2151825633105679814, 0.5400000000000000355, -0.6182964261535379702 ) ) ;
#3351 = ADVANCED_FACE ( 'NONE', ( #1003 ), #342, .T. ) ;
#3352 = ORIENTED_EDGE ( 'NONE', *, *, #4012, .T. ) ;
#3353 = ORIENTED_EDGE ( 'NONE', *, *, #3866, .F. ) ;
#3354 = AXIS2_PLACEMENT_3D ( 'NONE', #3655, #328, #8278 ) ;
#3355 = SURFACE_STYLE_FILL_AREA ( #1903 ) ;
#3356 = DIRECTION ( 'NONE',  ( 0.000000000000000000, -1.000000000000000000, 0.000000000000000000 ) ) ;
#3357 = CARTESIAN_POINT ( 'NONE',  ( -0.08517151809122520956, 0.5400000000000000355, -0.4807761518022330427 ) ) ;
#3358 = VECTOR ( 'NONE', #6245, 1000.000000000000000 ) ;
#3359 = VERTEX_POINT ( 'NONE', #1088 ) ;
#3360 = CARTESIAN_POINT ( 'NONE',  ( -0.08892307692307700739, 0.5400000000000000355, -0.5615384615384619860 ) ) ;
#3361 = FILL_AREA_STYLE_COLOUR ( '', #5691 ) ;
#3362 = PLANE ( 'NONE',  #2302 ) ;
#3363 = STYLED_ITEM ( 'NONE', ( #7217 ), #8343 ) ;
#3364 = DIRECTION ( 'NONE',  ( -2.710505431213769960E-16, 0.000000000000000000, -1.000000000000000000 ) ) ;
#3365 = AXIS2_PLACEMENT_3D ( 'NONE', #112, #4098, #2000 ) ;
#3366 = DIRECTION ( 'NONE',  ( 0.000000000000000000, 1.000000000000000000, 0.000000000000000000 ) ) ;
#3367 = CARTESIAN_POINT ( 'NONE',  ( -0.1717519166966499922, 0.5410000000000000364, -0.6019077612450660641 ) ) ;
#3368 = VECTOR ( 'NONE', #760, 1000.000000000000000 ) ;
#3369 = VERTEX_POINT ( 'NONE', #3710 ) ;
#3370 = DIRECTION ( 'NONE',  ( 0.000000000000000000, 0.000000000000000000, 1.000000000000000000 ) ) ;
#3371 = ORIENTED_EDGE ( 'NONE', *, *, #2815, .T. ) ;
#3372 = DIRECTION ( 'NONE',  ( -1.000000000000000000, 0.000000000000000000, 5.421010862427520198E-16 ) ) ;
#3373 = CARTESIAN_POINT ( 'NONE',  ( 0.7500000000000000000, 0.2000000000000000111, 0.5999999999999999778 ) ) ;
#3374 = VECTOR ( 'NONE', #6925, 1000.000000000000000 ) ;
#3375 = CARTESIAN_POINT ( 'NONE',  ( -0.2390456499609709962, 0.5410000000000000364, -0.5967934510919550295 ) ) ;
#3376 = STYLED_ITEM ( 'NONE', ( #3916 ), #6067 ) ;
#3377 = CARTESIAN_POINT ( 'NONE',  ( 0.4209503825546474509, 0.5410000000000000364, -0.5188077577960640285 ) ) ;
#3378 = CARTESIAN_POINT ( 'NONE',  ( -0.1365192307692308094, 0.5410000000000000364, -0.4927133413461540212 ) ) ;
#3379 = LINE ( 'NONE', #922, #5683 ) ;
#3380 = EDGE_CURVE ( 'NONE', #6112, #7339, #6386, .T. ) ;
#3381 = VECTOR ( 'NONE', #2145, 1000.000000000000000 ) ;
#3382 = PLANE ( 'NONE',  #901 ) ;
#3383 = DIRECTION ( 'NONE',  ( 0.000000000000000000, 0.000000000000000000, 1.000000000000000000 ) ) ;
#3384 = ORIENTED_EDGE ( 'NONE', *, *, #7104, .T. ) ;
#3385 = ORIENTED_EDGE ( 'NONE', *, *, #3585, .T. ) ;
#3386 = EDGE_CURVE ( 'NONE', #8437, #3729, #7283, .T. ) ;
#3387 = CARTESIAN_POINT ( 'NONE',  ( -0.1208132449475146086, 0.5410000000000000364, -0.5751034358404409907 ) ) ;
#3388 = CARTESIAN_POINT ( 'NONE',  ( -0.1284741023004244143, 0.5410000000000000364, -0.5215170149476210382 ) ) ;
#3389 = STYLED_ITEM ( 'NONE', ( #6362 ), #1231 ) ;
#3390 = DIRECTION ( 'NONE',  ( 0.000000000000000000, 1.000000000000000000, 0.000000000000000000 ) ) ;
#3391 = CARTESIAN_POINT ( 'NONE',  ( -0.2161616586538460116, 0.5410000000000000364, -0.5176382211538460565 ) ) ;
#3392 = DIRECTION ( 'NONE',  ( 0.000000000000000000, 0.000000000000000000, -1.000000000000000000 ) ) ;
#3393 = ORIENTED_EDGE ( 'NONE', *, *, #7865, .F. ) ;
#3394 = VERTEX_POINT ( 'NONE', #2652 ) ;
#3395 = UNCERTAINTY_MEASURE_WITH_UNIT (LENGTH_MEASURE( 1.000000000000000082E-05 ), #6443, 'distance_accuracy_value', 'NONE');
#3396 = PLANE ( 'NONE',  #3530 ) ;
#3397 = ADVANCED_FACE ( 'NONE', ( #3249 ), #6476, .T. ) ;
#3398 =( NAMED_UNIT ( * ) PLANE_ANGLE_UNIT ( ) SI_UNIT ( $, .RADIAN. ) );
#3399 = EDGE_CURVE ( 'NONE', #8469, #6938, #5420, .T. ) ;
#3400 = STYLED_ITEM ( 'NONE', ( #6289 ), #1081 ) ;
#3401 = AXIS2_PLACEMENT_3D ( 'NONE', #2506, #2967, #5619 ) ;
#3402 = LINE ( 'NONE', #5986, #531 ) ;
#3403 = ORIENTED_EDGE ( 'NONE', *, *, #1835, .F. ) ;
#3404 = CARTESIAN_POINT ( 'NONE',  ( -0.2500000000000000000, 0.5400000000000000355, 0.7500000000000000000 ) ) ;
#3405 =( NAMED_UNIT ( * ) SI_UNIT ( $, .STERADIAN. ) SOLID_ANGLE_UNIT ( ) );
#3406 = DIRECTION ( 'NONE',  ( 0.000000000000000000, -1.000000000000000000, 0.000000000000000000 ) ) ;
#3407 = DIRECTION ( 'NONE',  ( -1.000000000000000000, 0.000000000000000000, 2.168404344971010446E-15 ) ) ;
#3408 = SURFACE_SIDE_STYLE ('',( #4706 ) ) ;
#3409 = LINE ( 'NONE', #7412, #1372 ) ;
#3410 = ORIENTED_EDGE ( 'NONE', *, *, #8561, .F. ) ;
#3411 = CARTESIAN_POINT ( 'NONE',  ( 0.2901730769230769780, 0.5400000000000000355, -0.4548076923076930234 ) ) ;
#3412 = VERTEX_POINT ( 'NONE', #1913 ) ;
#3413 = CARTESIAN_POINT ( 'NONE',  ( -0.1897352764187309748, 0.5400000000000000355, -0.5384870862549410164 ) ) ;
#3414 = SURFACE_STYLE_USAGE ( .BOTH. , #2863 ) ;
#3415 = CARTESIAN_POINT ( 'NONE',  ( -0.2070178453515454930, 0.5410000000000000364, -0.5921490457062749124 ) ) ;
#3416 = CARTESIAN_POINT ( 'NONE',  ( -0.1708641826923079921, 0.5410000000000000364, -0.6278846153846159295 ) ) ;
#3417 = FILL_AREA_STYLE ('',( #2100 ) ) ;
#3418 = SURFACE_STYLE_USAGE ( .BOTH. , #8035 ) ;
#3419 = DIRECTION ( 'NONE',  ( 1.000000000000000000, 0.000000000000000000, 7.228014483236700500E-16 ) ) ;
#3420 = CARTESIAN_POINT ( 'NONE',  ( -0.5500000000000000444, 0.2000000000000000111, 0.2000000000000000111 ) ) ;
#3421 = B_SPLINE_CURVE_WITH_KNOTS ( 'NONE', 3,
 ( #7219, #2673, #5311, #3816, #6657, #7966, #7139, #542, #2029, #3186, #7839, #5847, #5934, #1899, #4523, #5232, #7174, #4082, #6184 ),
 .UNSPECIFIED., .F., .F.,
 ( 4, 1, 1, 1, 1, 1, 1, 1, 1, 1, 1, 1, 1, 1, 1, 1, 4 ),
 ( 0.000000000000000000, 0.03260048671764465000, 0.07285461635181719742, 0.1205915290385926042, 0.1761051441913480120, 0.2395814457218810034, 0.3112829218115664709, 0.3911430656288260033, 0.4796850229660070131, 0.5686855189139620181, 0.6510425802283560381, 0.7263059815257489893, 0.7946159132536430025, 0.8560058850110009443, 0.9109683376116760600, 0.9589475948667579575, 1.000000000000000000 ),
 .UNSPECIFIED. ) ;
#3422 = CARTESIAN_POINT ( 'NONE',  ( 0.6943293269230770282, 0.5400000000000000355, -0.4000000000000000222 ) ) ;
#3423 = ORIENTED_EDGE ( 'NONE', *, *, #5218, .T. ) ;
#3424 = FILL_AREA_STYLE_COLOUR ( '', #1577 ) ;
#3425 = ORIENTED_EDGE ( 'NONE', *, *, #691, .F. ) ;
#3426 = CARTESIAN_POINT ( 'NONE',  ( -0.1120000000000000023, 0.5400000000000000355, -0.4623347355769230060 ) ) ;
#3427 = UNCERTAINTY_MEASURE_WITH_UNIT (LENGTH_MEASURE( 1.000000000000000082E-05 ), #3520, 'distance_accuracy_value', 'NONE');
#3428 = DIRECTION ( 'NONE',  ( 0.000000000000000000, 1.000000000000000000, 0.000000000000000000 ) ) ;
#3429 = DIRECTION ( 'NONE',  ( 0.000000000000000000, -1.000000000000000000, 0.000000000000000000 ) ) ;
#3430 = VECTOR ( 'NONE', #780, 1000.000000000000000 ) ;
#3431 =( LENGTH_UNIT ( ) NAMED_UNIT ( * ) SI_UNIT ( .MILLI., .METRE. ) );
#3432 = CARTESIAN_POINT ( 'NONE',  ( -0.08315384615384618927, 0.5400000000000000355, -0.4638671875000000000 ) ) ;
#3433 =( GEOMETRIC_REPRESENTATION_CONTEXT ( 3 ) GLOBAL_UNCERTAINTY_ASSIGNED_CONTEXT ( ( #3427 ) ) GLOBAL_UNIT_ASSIGNED_CONTEXT ( ( #3520, #2242, #4833 ) ) REPRESENTATION_CONTEXT ( 'NONE', 'WORKASPACE' ) );
#3434 = CARTESIAN_POINT ( 'NONE',  ( -0.1582643876758645096, 0.5410000000000000364, -0.6013805549039309417 ) ) ;
#3435 = ORIENTED_EDGE ( 'NONE', *, *, #7965, .F. ) ;
#3436 = EDGE_LOOP ( 'NONE', ( #3035, #7785, #8060, #5782 ) ) ;
#3437 = LINE ( 'NONE', #6113, #6221 ) ;
#3438 = PRESENTATION_LAYER_ASSIGNMENT (  '', '', ( #2347 ) ) ;
#3439 = VECTOR ( 'NONE', #6122, 1000.000000000000000 ) ;
#3440 = LINE ( 'NONE', #8188, #755 ) ;
#3441 = COLOUR_RGB ( '',0.2000000000000000111, 0.2000000000000000111, 0.2000000000000000111 ) ;
#3442 = EDGE_CURVE ( 'NONE', #1073, #1762, #7194, .T. ) ;
#3443 = CLOSED_SHELL ( 'NONE', ( #807, #6004, #1862, #8120, #4088, #4028, #7698, #659 ) ) ;
#3444 = SURFACE_SIDE_STYLE ('',( #1478 ) ) ;
#3445 = PRESENTATION_LAYER_ASSIGNMENT (  '', '', ( #7063 ) ) ;
#3446 = EDGE_CURVE ( 'NONE', #5357, #6234, #1272, .T. ) ;
#3447 = ORIENTED_EDGE ( 'NONE', *, *, #2976, .T. ) ;
#3448 =( NAMED_UNIT ( * ) SI_UNIT ( $, .STERADIAN. ) SOLID_ANGLE_UNIT ( ) );
#3449 = EDGE_CURVE ( 'NONE', #8579, #2779, #609, .T. ) ;
#3450 = CARTESIAN_POINT ( 'NONE',  ( -0.08892307692307700739, 0.5410000000000000364, -0.5615384615384619860 ) ) ;
#3451 = AXIS2_PLACEMENT_3D ( 'NONE', #3335, #1889, #1363 ) ;
#3452 = AXIS2_PLACEMENT_3D ( 'NONE', #741, #6129, #8030 ) ;
#3453 = PRESENTATION_STYLE_ASSIGNMENT (( #5586 ) ) ;
#3454 = CARTESIAN_POINT ( 'NONE',  ( -0.5500000000000000444, 0.2000000000000000111, 0.5999999999999999778 ) ) ;
#3455 = ORIENTED_EDGE ( 'NONE', *, *, #4775, .T. ) ;
#3456 = CARTESIAN_POINT ( 'NONE',  ( -0.2443491818503800150, 0.5410000000000000364, -0.4349514533392625504 ) ) ;
#3457 = CARTESIAN_POINT ( 'NONE',  ( -0.1678736346834915072, 0.5400000000000000355, -0.5325148285841910800 ) ) ;
#3458 = CARTESIAN_POINT ( 'NONE',  ( -0.2000000000000000111, 0.2000000000000000111, -0.5000000000000000000 ) ) ;
#3459 = CARTESIAN_POINT ( 'NONE',  ( 0.7500000000000000000, 0.2000000000000000111, -0.5999999999999999778 ) ) ;
#3460 = SURFACE_SIDE_STYLE ('',( #4150 ) ) ;
#3461 = PLANE ( 'NONE',  #4141 ) ;
#3462 = DIRECTION ( 'NONE',  ( 0.000000000000000000, -1.000000000000000000, 0.000000000000000000 ) ) ;
#3463 = DIRECTION ( 'NONE',  ( 0.000000000000000000, -1.000000000000000000, 0.000000000000000000 ) ) ;
#3464 = ORIENTED_EDGE ( 'NONE', *, *, #4658, .F. ) ;
#3465 = CARTESIAN_POINT ( 'NONE',  ( 0.4166652644230769975, 0.5410000000000000364, -0.4494891826923079758 ) ) ;
#3466 = ORIENTED_EDGE ( 'NONE', *, *, #2759, .F. ) ;
#3467 = DIRECTION ( 'NONE',  ( 0.000000000000000000, 0.000000000000000000, -1.000000000000000000 ) ) ;
#3468 =( NAMED_UNIT ( * ) SI_UNIT ( $, .STERADIAN. ) SOLID_ANGLE_UNIT ( ) );
#3469 = MECHANICAL_DESIGN_GEOMETRIC_PRESENTATION_REPRESENTATION (  '', ( #5711 ), #5427 ) ;
#3470 = FILL_AREA_STYLE_COLOUR ( '', #3775 ) ;
#3471 = DIRECTION ( 'NONE',  ( 0.000000000000000000, 0.000000000000000000, -1.000000000000000000 ) ) ;
#3472 = CARTESIAN_POINT ( 'NONE',  ( 0.2642115384615384976, 0.5400000000000000355, -0.4836538461538459899 ) ) ;
#3473 = ORIENTED_EDGE ( 'NONE', *, *, #814, .F. ) ;
#3474 = ORIENTED_EDGE ( 'NONE', *, *, #1027, .F. ) ;
#3475 = FACE_OUTER_BOUND ( 'NONE', #3273, .T. ) ;
#3476 =( GEOMETRIC_REPRESENTATION_CONTEXT ( 3 ) GLOBAL_UNCERTAINTY_ASSIGNED_CONTEXT ( ( #6027 ) ) GLOBAL_UNIT_ASSIGNED_CONTEXT ( ( #2353, #301, #5559 ) ) REPRESENTATION_CONTEXT ( 'NONE', 'WORKASPACE' ) );
#3477 = EDGE_CURVE ( 'NONE', #3286, #1585, #6596, .T. ) ;
#3478 = ORIENTED_EDGE ( 'NONE', *, *, #4001, .F. ) ;
#3479 = DIRECTION ( 'NONE',  ( -0.000000000000000000, 1.000000000000000000, 0.000000000000000000 ) ) ;
#3480 = UNCERTAINTY_MEASURE_WITH_UNIT (LENGTH_MEASURE( 1.000000000000000082E-05 ), #3481, 'distance_accuracy_value', 'NONE');
#3481 =( LENGTH_UNIT ( ) NAMED_UNIT ( * ) SI_UNIT ( .MILLI., .METRE. ) );
#3482 = STYLED_ITEM ( 'NONE', ( #6095 ), #6798 ) ;
#3483 = ORIENTED_EDGE ( 'NONE', *, *, #1194, .T. ) ;
#3484 = CARTESIAN_POINT ( 'NONE',  ( -0.09171445631522059938, 0.5400000000000000355, -0.5800805419615330250 ) ) ;
#3485 = SURFACE_STYLE_FILL_AREA ( #1524 ) ;
#3486 = DIRECTION ( 'NONE',  ( 1.000000000000000000, 0.000000000000000000, 0.000000000000000000 ) ) ;
#3487 = SURFACE_STYLE_FILL_AREA ( #8195 ) ;
#3488 =( GEOMETRIC_REPRESENTATION_CONTEXT ( 3 ) GLOBAL_UNCERTAINTY_ASSIGNED_CONTEXT ( ( #8011 ) ) GLOBAL_UNIT_ASSIGNED_CONTEXT ( ( #1357, #2611, #7200 ) ) REPRESENTATION_CONTEXT ( 'NONE', 'WORKASPACE' ) );
#3489 = AXIS2_PLACEMENT_3D ( 'NONE', #4978, #7674, #3025 ) ;
#3490 = LINE ( 'NONE', #6157, #2003 ) ;
#3491 = EDGE_CURVE ( 'NONE', #7572, #5953, #3152, .T. ) ;
#3492 = DIRECTION ( 'NONE',  ( 0.5838933725623909332, 0.000000000000000000, -0.8118303575733769595 ) ) ;
#3493 = CARTESIAN_POINT ( 'NONE',  ( -0.7500000000000000000, 0.2000000000000000111, -0.5999999999999999778 ) ) ;
#3494 =( GEOMETRIC_REPRESENTATION_CONTEXT ( 3 ) GLOBAL_UNCERTAINTY_ASSIGNED_CONTEXT ( ( #2638 ) ) GLOBAL_UNIT_ASSIGNED_CONTEXT ( ( #6337, #6204, #8161 ) ) REPRESENTATION_CONTEXT ( 'NONE', 'WORKASPACE' ) );
#3495 = EDGE_LOOP ( 'NONE', ( #2415, #88, #6673, #7109 ) ) ;
#3496 = CARTESIAN_POINT ( 'NONE',  ( 0.5500000000000000444, 0.000000000000000000, 0.5000000000000000000 ) ) ;
#3497 = CARTESIAN_POINT ( 'NONE',  ( -0.1832012140673210110, 0.5400000000000000355, -0.5364583322110730856 ) ) ;
#3498 = DIRECTION ( 'NONE',  ( 0.000000000000000000, -1.000000000000000000, 0.000000000000000000 ) ) ;
#3499 = CARTESIAN_POINT ( 'NONE',  ( -0.2299661264988764886, 0.5410000000000000364, -0.6080094086690659427 ) ) ;
#3500 = CARTESIAN_POINT ( 'NONE',  ( 0.4130782717179554697, 0.5410000000000000364, -0.5078098142941659399 ) ) ;
#3501 = ADVANCED_FACE ( 'NONE', ( #1690 ), #7666, .T. ) ;
#3502 = DIRECTION ( 'NONE',  ( -1.355252715606881923E-15, 0.000000000000000000, -1.000000000000000000 ) ) ;
#3503 = DIRECTION ( 'NONE',  ( 0.000000000000000000, 0.000000000000000000, -1.000000000000000000 ) ) ;
#3504 =( NAMED_UNIT ( * ) SI_UNIT ( $, .STERADIAN. ) SOLID_ANGLE_UNIT ( ) );
#3505 =( NAMED_UNIT ( * ) SI_UNIT ( $, .STERADIAN. ) SOLID_ANGLE_UNIT ( ) );
#3506 = ORIENTED_EDGE ( 'NONE', *, *, #958, .F. ) ;
#3507 = PRESENTATION_LAYER_ASSIGNMENT (  '', '', ( #4197 ) ) ;
#3508 = ORIENTED_EDGE ( 'NONE', *, *, #7168, .F. ) ;
#3509 = CARTESIAN_POINT ( 'NONE',  ( -0.1325198502182746152, 0.5410000000000000364, -0.5917752038747878807 ) ) ;
#3510 = MECHANICAL_DESIGN_GEOMETRIC_PRESENTATION_REPRESENTATION (  '', ( #8112 ), #8385 ) ;
#3511 = CARTESIAN_POINT ( 'NONE',  ( -0.1954771889819814923, 0.5400000000000000355, -0.5404469375901030936 ) ) ;
#3512 = FILL_AREA_STYLE_COLOUR ( '', #7456 ) ;
#3513 = PLANE ( 'NONE',  #6808 ) ;
#3514 = MECHANICAL_DESIGN_GEOMETRIC_PRESENTATION_REPRESENTATION (  '', ( #5746 ), #6850 ) ;
#3515 =( NAMED_UNIT ( * ) PLANE_ANGLE_UNIT ( ) SI_UNIT ( $, .RADIAN. ) );
#3516 =( NAMED_UNIT ( * ) SI_UNIT ( $, .STERADIAN. ) SOLID_ANGLE_UNIT ( ) );
#3517 = DIRECTION ( 'NONE',  ( 1.000000000000000000, 0.000000000000000000, -2.710505431213765029E-16 ) ) ;
#3518 = ORIENTED_EDGE ( 'NONE', *, *, #1886, .T. ) ;
#3519 = VERTEX_POINT ( 'NONE', #3658 ) ;
#3520 =( LENGTH_UNIT ( ) NAMED_UNIT ( * ) SI_UNIT ( .MILLI., .METRE. ) );
#3521 = CARTESIAN_POINT ( 'NONE',  ( 0.2901730769230769780, 0.5410000000000000364, -0.6221153846153850697 ) ) ;
#3522 = VERTEX_POINT ( 'NONE', #4314 ) ;
#3523 =( NAMED_UNIT ( * ) SI_UNIT ( $, .STERADIAN. ) SOLID_ANGLE_UNIT ( ) );
#3524 = COLOUR_RGB ( '',0.2000000000000000111, 0.2000000000000000111, 0.2000000000000000111 ) ;
#3525 = LINE ( 'NONE', #3564, #5524 ) ;
#3526 = ORIENTED_EDGE ( 'NONE', *, *, #7484, .F. ) ;
#3527 = ADVANCED_FACE ( 'NONE', ( #1776 ), #1039, .T. ) ;
#3528 = CARTESIAN_POINT ( 'NONE',  ( -0.1344245876590123845, 0.5410000000000000364, -0.4918270478720350170 ) ) ;
#3529 = VECTOR ( 'NONE', #6070, 1000.000000000000000 ) ;
#3530 = AXIS2_PLACEMENT_3D ( 'NONE', #4792, #853, #8226 ) ;
#3531 = FACE_OUTER_BOUND ( 'NONE', #1882, .T. ) ;
#3532 = DIRECTION ( 'NONE',  ( 1.000000000000000000, 0.000000000000000000, 0.000000000000000000 ) ) ;
#3533 = DIRECTION ( 'NONE',  ( 0.000000000000000000, -1.000000000000000000, 0.000000000000000000 ) ) ;
#3534 = COLOUR_RGB ( '',0.2000000000000000111, 0.2000000000000000111, 0.2000000000000000111 ) ;
#3535 = ORIENTED_EDGE ( 'NONE', *, *, #373, .T. ) ;
#3536 = LINE ( 'NONE', #117, #3083 ) ;
#3537 = CARTESIAN_POINT ( 'NONE',  ( -0.008990384615384679548, 0.5400000000000000355, -0.5326923076923080203 ) ) ;
#3538 = CARTESIAN_POINT ( 'NONE',  ( 0.3979152644230770086, 0.5410000000000000364, -0.5242187500000000666 ) ) ;
#3539 = CARTESIAN_POINT ( 'NONE',  ( -0.1868392533969160108, 0.5400000000000000355, -0.6006167345616029163 ) ) ;
#3540 = CARTESIAN_POINT ( 'NONE',  ( 0.4266712740384614455, 0.5410000000000000364, -0.4820312499999999667 ) ) ;
#3541 = FILL_AREA_STYLE ('',( #1578 ) ) ;
#3542 = CARTESIAN_POINT ( 'NONE',  ( -0.2000000000000000111, 0.000000000000000000, -0.2500000000000000000 ) ) ;
#3543 = ORIENTED_EDGE ( 'NONE', *, *, #6900, .F. ) ;
#3544 = CARTESIAN_POINT ( 'NONE',  ( 0.2000000000000000111, 0.2000000000000000111, -0.5000000000000000000 ) ) ;
#3545 = ADVANCED_FACE ( 'NONE', ( #2473 ), #5098, .T. ) ;
#3546 = FILL_AREA_STYLE ('',( #2868 ) ) ;
#3547 = CARTESIAN_POINT ( 'NONE',  ( -0.08350096065851139726, 0.5410000000000000364, -0.4724718610560239562 ) ) ;
#3548 = ORIENTED_EDGE ( 'NONE', *, *, #8349, .F. ) ;
#3549 = ORIENTED_EDGE ( 'NONE', *, *, #4010, .T. ) ;
#3550 = ADVANCED_FACE ( 'NONE', ( #3234 ), #4695, .T. ) ;
#3551 = LINE ( 'NONE', #2157, #393 ) ;
#3552 = CARTESIAN_POINT ( 'NONE',  ( -0.2004087033397164985, 0.5400000000000000355, -0.5424123526977900900 ) ) ;
#3553 = DIRECTION ( 'NONE',  ( -1.000000000000000000, 0.000000000000000000, 1.445602896647339903E-16 ) ) ;
#3554 = CARTESIAN_POINT ( 'NONE',  ( 0.4855552884615390585, 0.5410000000000000364, -0.4000000000000000222 ) ) ;
#3555 = EDGE_CURVE ( 'NONE', #6054, #2240, #862, .T. ) ;
#3556 = PRESENTATION_STYLE_ASSIGNMENT (( #2959 ) ) ;
#3557 = DIRECTION ( 'NONE',  ( 0.000000000000000000, -1.000000000000000000, 0.000000000000000000 ) ) ;
#3558 = CARTESIAN_POINT ( 'NONE',  ( -0.1088663097242328071, 0.5400000000000000355, -0.4133012978328154396 ) ) ;
#3559 = CARTESIAN_POINT ( 'NONE',  ( 0.4855552884615390585, 0.5400000000000000355, -0.4000000000000000222 ) ) ;
#3560 = ORIENTED_EDGE ( 'NONE', *, *, #4916, .F. ) ;
#3561 = VERTEX_POINT ( 'NONE', #3865 ) ;
#3562 = LINE ( 'NONE', #1686, #3374 ) ;
#3563 = CARTESIAN_POINT ( 'NONE',  ( 0.6634999999999999787, 0.5400000000000000355, -0.4000000000000000222 ) ) ;
#3564 = CARTESIAN_POINT ( 'NONE',  ( -0.1000000000000000056, 0.2000000000000000111, -0.7510000000000000009 ) ) ;
#3565 = ORIENTED_EDGE ( 'NONE', *, *, #4992, .F. ) ;
#3566 = ORIENTED_EDGE ( 'NONE', *, *, #4839, .F. ) ;
#3567 = MECHANICAL_DESIGN_GEOMETRIC_PRESENTATION_REPRESENTATION (  '', ( #1378 ), #7738 ) ;
#3568 = TOROIDAL_SURFACE ( 'NONE', #4263, 0.1499999999999999944, 0.05000000000000000278 ) ;
#3569 =( LENGTH_UNIT ( ) NAMED_UNIT ( * ) SI_UNIT ( .MILLI., .METRE. ) );
#3570 = AXIS2_PLACEMENT_3D ( 'NONE', #2808, #2689, #4009 ) ;
#3571 = CARTESIAN_POINT ( 'NONE',  ( -0.03783653846153854639, 0.5400000000000000355, -0.4000000000000000222 ) ) ;
#3572 = AXIS2_PLACEMENT_3D ( 'NONE', #1539, #209, #2865 ) ;
#3573 = LINE ( 'NONE', #2254, #2486 ) ;
#3574 = EDGE_LOOP ( 'NONE', ( #5763, #4933, #2352, #4806 ) ) ;
#3575 = AXIS2_PLACEMENT_3D ( 'NONE', #3678, #387, #7558 ) ;
#3576 = CARTESIAN_POINT ( 'NONE',  ( 0.2000000000000000111, 0.2000000000000000111, -0.5000000000000000000 ) ) ;
#3577 = CARTESIAN_POINT ( 'NONE',  ( 0.5500000000000000444, 0.2000000000000000111, 0.2000000000000000111 ) ) ;
#3578 = CARTESIAN_POINT ( 'NONE',  ( 0.5899423076923079323, 0.5410000000000000364, -0.5990384615384619638 ) ) ;
#3579 = DIRECTION ( 'NONE',  ( 0.000000000000000000, -1.000000000000000000, 0.000000000000000000 ) ) ;
#3580 = AXIS2_PLACEMENT_3D ( 'NONE', #5954, #5331, #4629 ) ;
#3581 = DIRECTION ( 'NONE',  ( 0.000000000000000000, 0.000000000000000000, -1.000000000000000000 ) ) ;
#3582 = CARTESIAN_POINT ( 'NONE',  ( -0.1966271197203829924, 0.5410000000000000364, -0.4007371333623869769 ) ) ;
#3583 = COLOUR_RGB ( '',0.2000000000000000111, 0.2000000000000000111, 0.2000000000000000111 ) ;
#3584 = ORIENTED_EDGE ( 'NONE', *, *, #4276, .F. ) ;
#3585 = EDGE_CURVE ( 'NONE', #6150, #6592, #4657, .T. ) ;
#3586 = SURFACE_SIDE_STYLE ('',( #7591 ) ) ;
#3587 = ORIENTED_EDGE ( 'NONE', *, *, #158, .T. ) ;
#3588 = CARTESIAN_POINT ( 'NONE',  ( -0.2500000000000000000, 0.2000000000000000111, 0.7500000000000000000 ) ) ;
#3589 = CARTESIAN_POINT ( 'NONE',  ( -0.1358870565522899976, 0.5400000000000000355, -0.5941673548277890404 ) ) ;
#3590 = FILL_AREA_STYLE ('',( #5739 ) ) ;
#3591 = FILL_AREA_STYLE ('',( #4823 ) ) ;
#3592 = DIRECTION ( 'NONE',  ( 0.000000000000000000, 0.000000000000000000, -1.000000000000000000 ) ) ;
#3593 = EDGE_CURVE ( 'NONE', #2991, #3627, #3437, .T. ) ;
#3594 = FACE_OUTER_BOUND ( 'NONE', #5600, .T. ) ;
#3595 = EDGE_CURVE ( 'NONE', #303, #7786, #1426, .T. ) ;
#3596 = PRESENTATION_STYLE_ASSIGNMENT (( #2238 ) ) ;
#3597 = CARTESIAN_POINT ( 'NONE',  ( -0.1171454048708797935, 0.5410000000000000364, -0.4080834824016479900 ) ) ;
#3598 =( GEOMETRIC_REPRESENTATION_CONTEXT ( 3 ) GLOBAL_UNCERTAINTY_ASSIGNED_CONTEXT ( ( #8525 ) ) GLOBAL_UNIT_ASSIGNED_CONTEXT ( ( #801, #4208, #844 ) ) REPRESENTATION_CONTEXT ( 'NONE', 'WORKASPACE' ) );
#3599 = ORIENTED_EDGE ( 'NONE', *, *, #7538, .T. ) ;
#3600 = VERTEX_POINT ( 'NONE', #2757 ) ;
#3601 = PRESENTATION_STYLE_ASSIGNMENT (( #1684 ) ) ;
#3602 = DIRECTION ( 'NONE',  ( 0.6105078603393030434, 0.000000000000000000, -0.7920101971969338850 ) ) ;
#3603 =( LENGTH_UNIT ( ) NAMED_UNIT ( * ) SI_UNIT ( .MILLI., .METRE. ) );
#3604 =( GEOMETRIC_REPRESENTATION_CONTEXT ( 3 ) GLOBAL_UNCERTAINTY_ASSIGNED_CONTEXT ( ( #4518 ) ) GLOBAL_UNIT_ASSIGNED_CONTEXT ( ( #6970, #362, #5976 ) ) REPRESENTATION_CONTEXT ( 'NONE', 'WORKASPACE' ) );
#3605 = EDGE_CURVE ( 'NONE', #7231, #327, #145, .T. ) ;
#3606 = SURFACE_STYLE_USAGE ( .BOTH. , #408 ) ;
#3607 = VERTEX_POINT ( 'NONE', #8101 ) ;
#3608 = VERTEX_POINT ( 'NONE', #898 ) ;
#3609 =( LENGTH_UNIT ( ) NAMED_UNIT ( * ) SI_UNIT ( .MILLI., .METRE. ) );
#3610 = VECTOR ( 'NONE', #356, 1000.000000000000000 ) ;
#3611 = CARTESIAN_POINT ( 'NONE',  ( -0.1175153977246259918, 0.5410000000000000364, -0.4800205172258990016 ) ) ;
#3612 = FACE_OUTER_BOUND ( 'NONE', #3328, .T. ) ;
#3613 = AXIS2_PLACEMENT_3D ( 'NONE', #7210, #5969, #8611 ) ;
#3614 = CARTESIAN_POINT ( 'NONE',  ( -0.2121657819441065129, 0.5400000000000000355, -0.5869602018381729902 ) ) ;
#3615 = ORIENTED_EDGE ( 'NONE', *, *, #1142, .T. ) ;
#3616 = DIRECTION ( 'NONE',  ( 1.000000000000000000, 0.000000000000000000, -2.168404344971010446E-15 ) ) ;
#3617 = CARTESIAN_POINT ( 'NONE',  ( -0.5500000000000000444, 0.000000000000000000, 0.2999999999999999889 ) ) ;
#3618 = CARTESIAN_POINT ( 'NONE',  ( 0.6378990384615390585, 0.5400000000000000355, -0.4692307692307690625 ) ) ;
#3619 = SURFACE_STYLE_USAGE ( .BOTH. , #2392 ) ;
#3620 = STYLED_ITEM ( 'NONE', ( #464 ), #7282 ) ;
#3621 = FILL_AREA_STYLE ('',( #7548 ) ) ;
#3622 =( GEOMETRIC_REPRESENTATION_CONTEXT ( 3 ) GLOBAL_UNCERTAINTY_ASSIGNED_CONTEXT ( ( #2453 ) ) GLOBAL_UNIT_ASSIGNED_CONTEXT ( ( #4113, #6776, #8210 ) ) REPRESENTATION_CONTEXT ( 'NONE', 'WORKASPACE' ) );
#3623 = FILL_AREA_STYLE ('',( #6990 ) ) ;
#3624 = ORIENTED_EDGE ( 'NONE', *, *, #2474, .T. ) ;
#3625 = AXIS2_PLACEMENT_3D ( 'NONE', #5254, #5960, #2658 ) ;
#3626 =( LENGTH_UNIT ( ) NAMED_UNIT ( * ) SI_UNIT ( .MILLI., .METRE. ) );
#3627 = VERTEX_POINT ( 'NONE', #4791 ) ;
#3628 = SURFACE_STYLE_FILL_AREA ( #2446 ) ;
#3629 = ORIENTED_EDGE ( 'NONE', *, *, #308, .T. ) ;
#3630 = CARTESIAN_POINT ( 'NONE',  ( 0.2901730769230769780, 0.5400000000000000355, -0.4000000000000000222 ) ) ;
#3631 = AXIS2_PLACEMENT_3D ( 'NONE', #7868, #4551, #3888 ) ;
#3632 = EDGE_CURVE ( 'NONE', #1224, #2139, #1514, .T. ) ;
#3633 = DIRECTION ( 'NONE',  ( -1.000000000000000000, 0.000000000000000000, 0.000000000000000000 ) ) ;
#3634 = COLOUR_RGB ( '',0.2000000000000000111, 0.2000000000000000111, 0.2000000000000000111 ) ;
#3635 = DIRECTION ( 'NONE',  ( 0.000000000000000000, 1.000000000000000000, 0.000000000000000000 ) ) ;
#3636 =( NAMED_UNIT ( * ) SI_UNIT ( $, .STERADIAN. ) SOLID_ANGLE_UNIT ( ) );
#3637 =( NAMED_UNIT ( * ) PLANE_ANGLE_UNIT ( ) SI_UNIT ( $, .RADIAN. ) );
#3638 = ADVANCED_FACE ( 'NONE', ( #5495 ), #3568, .F. ) ;
#3639 = SURFACE_SIDE_STYLE ('',( #5659 ) ) ;
#3640 = MECHANICAL_DESIGN_GEOMETRIC_PRESENTATION_REPRESENTATION (  '', ( #3101 ), #8514 ) ;
#3641 = LINE ( 'NONE', #6307, #3610 ) ;
#3642 = ORIENTED_EDGE ( 'NONE', *, *, #5922, .T. ) ;
#3643 = ORIENTED_EDGE ( 'NONE', *, *, #7549, .T. ) ;
#3644 = SURFACE_SIDE_STYLE ('',( #8359 ) ) ;
#3645 = VECTOR ( 'NONE', #744, 1000.000000000000000 ) ;
#3646 =( NAMED_UNIT ( * ) PLANE_ANGLE_UNIT ( ) SI_UNIT ( $, .RADIAN. ) );
#3647 = ADVANCED_FACE ( 'NONE', ( #3475 ), #7647, .T. ) ;
#3648 = VECTOR ( 'NONE', #527, 1000.000000000000000 ) ;
#3649 = LINE ( 'NONE', #322, #2775 ) ;
#3650 = ADVANCED_FACE ( 'NONE', ( #8314 ), #6401, .T. ) ;
#3651 = CARTESIAN_POINT ( 'NONE',  ( -0.7500000000000000000, 0.5400000000000000355, 0.7500000000000000000 ) ) ;
#3652 = LINE ( 'NONE', #1645, #5106 ) ;
#3653 = ORIENTED_EDGE ( 'NONE', *, *, #7586, .F. ) ;
#3654 = VERTEX_POINT ( 'NONE', #4259 ) ;
#3655 = CARTESIAN_POINT ( 'NONE',  ( 0.3944897836538460156, 0.5410000000000000364, -0.4820312499999999667 ) ) ;
#3656 = CARTESIAN_POINT ( 'NONE',  ( -0.1208778610470106069, 0.5400000000000000355, -0.4837079675547150126 ) ) ;
#3657 = EDGE_CURVE ( 'NONE', #143, #4221, #5089, .T. ) ;
#3658 = CARTESIAN_POINT ( 'NONE',  ( 0.3354903846153844960, 0.5400000000000000355, -0.4000000000000000222 ) ) ;
#3659 = CARTESIAN_POINT ( 'NONE',  ( -0.1177692307692307927, 0.5410000000000000364, -0.5615384615384619860 ) ) ;
#3660 = MECHANICAL_DESIGN_GEOMETRIC_PRESENTATION_REPRESENTATION (  '', ( #5617 ), #2293 ) ;
#3661 = EDGE_CURVE ( 'NONE', #427, #4266, #4434, .T. ) ;
#3662 = CARTESIAN_POINT ( 'NONE',  ( -0.1082569494533511950, 0.5410000000000000364, -0.6071147841117320310 ) ) ;
#3663 = CARTESIAN_POINT ( 'NONE',  ( 0.5899423076923079323, 0.5400000000000000355, -0.5990384615384619638 ) ) ;
#3664 = VERTEX_POINT ( 'NONE', #7568 ) ;
#3665 = FACE_OUTER_BOUND ( 'NONE', #6457, .T. ) ;
#3666 = FACE_OUTER_BOUND ( 'NONE', #7978, .T. ) ;
#3667 = SURFACE_SIDE_STYLE ('',( #8379 ) ) ;
#3668 = VECTOR ( 'NONE', #2927, 1000.000000000000000 ) ;
#3669 = CARTESIAN_POINT ( 'NONE',  ( -0.1120000000000000023, 0.5410000000000000364, -0.4623347355769230060 ) ) ;
#3670 = FILL_AREA_STYLE_COLOUR ( '', #4690 ) ;
#3671 =( NAMED_UNIT ( * ) SI_UNIT ( $, .STERADIAN. ) SOLID_ANGLE_UNIT ( ) );
#3672 = ORIENTED_EDGE ( 'NONE', *, *, #2773, .T. ) ;
#3673 = STYLED_ITEM ( 'NONE', ( #1361 ), #977 ) ;
#3674 = PRODUCT_CONTEXT ( 'NONE', #3298, 'mechanical' ) ;
#3675 = CARTESIAN_POINT ( 'NONE',  ( -0.08351585119333489182, 0.5400000000000000355, -0.4550940178006610548 ) ) ;
#3676 = ORIENTED_EDGE ( 'NONE', *, *, #3080, .F. ) ;
#3677 = PLANE ( 'NONE',  #2553 ) ;
#3678 = CARTESIAN_POINT ( 'NONE',  ( 0.5743924278846159748, 0.5410000000000000364, -0.5569411057692310596 ) ) ;
#3679 = CARTESIAN_POINT ( 'NONE',  ( -0.2142172176120230032, 0.5410000000000000364, -0.5524434557812660795 ) ) ;
#3680 = DIRECTION ( 'NONE',  ( 1.445602896647339903E-16, 0.000000000000000000, 1.000000000000000000 ) ) ;
#3681 = CARTESIAN_POINT ( 'NONE',  ( -0.1256008421385035878, 0.5400000000000000355, -0.4345809506111230069 ) ) ;
#3682 = CARTESIAN_POINT ( 'NONE',  ( -0.2039667476521309919, 0.5400000000000000355, -0.4337251017949175225 ) ) ;
#3683 = FILL_AREA_STYLE ('',( #8216 ) ) ;
#3684 = PLANE ( 'NONE',  #1461 ) ;
#3685 = PRODUCT_DEFINITION_SHAPE ( 'NONE', 'NONE',  #113 ) ;
#3686 = DIRECTION ( 'NONE',  ( 1.000000000000000000, 0.000000000000000000, -2.710505431213760099E-16 ) ) ;
#3687 = DIRECTION ( 'NONE',  ( 0.000000000000000000, 5.221044766071799467E-13, -1.000000000000000000 ) ) ;
#3688 = EDGE_LOOP ( 'NONE', ( #2665, #6477, #7265, #2445, #5840, #4201 ) ) ;
#3689 = ORIENTED_EDGE ( 'NONE', *, *, #8008, .T. ) ;
#3690 = SURFACE_SIDE_STYLE ('',( #6966 ) ) ;
#3691 = CARTESIAN_POINT ( 'NONE',  ( -0.1365192307692308094, 0.5400000000000000355, -0.4927133413461540212 ) ) ;
#3692 = CARTESIAN_POINT ( 'NONE',  ( 0.1000000000000000056, 0.2000000000000000111, -0.7510000000000000009 ) ) ;
#3693 = ORIENTED_EDGE ( 'NONE', *, *, #3340, .T. ) ;
#3694 = ORIENTED_EDGE ( 'NONE', *, *, #7060, .T. ) ;
#3695 = DIRECTION ( 'NONE',  ( -1.000000000000000000, 0.000000000000000000, 0.000000000000000000 ) ) ;
#3696 = DIRECTION ( 'NONE',  ( 0.000000000000000000, -1.000000000000000000, 0.000000000000000000 ) ) ;
#3697 = DIRECTION ( 'NONE',  ( 1.000000000000000000, 0.000000000000000000, 0.000000000000000000 ) ) ;
#3698 = MECHANICAL_DESIGN_GEOMETRIC_PRESENTATION_REPRESENTATION (  '', ( #6213 ), #1089 ) ;
#3699 = CARTESIAN_POINT ( 'NONE',  ( -0.5500000000000000444, 0.000000000000000000, -0.5000000000000000000 ) ) ;
#3700 = EDGE_CURVE ( 'NONE', #4393, #4447, #3024, .T. ) ;
#3701 = CARTESIAN_POINT ( 'NONE',  ( -0.1268085095572016319, 0.5400000000000000355, -0.5860358954617030935 ) ) ;
#3702 = EDGE_CURVE ( 'NONE', #3055, #7348, #8404, .T. ) ;
#3703 = ORIENTED_EDGE ( 'NONE', *, *, #7228, .T. ) ;
#3704 = COLOUR_RGB ( '',0.2000000000000000111, 0.2000000000000000111, 0.2000000000000000111 ) ;
#3705 = DIRECTION ( 'NONE',  ( 1.000000000000000000, 0.000000000000000000, -9.293161478447180018E-16 ) ) ;
#3706 = SURFACE_STYLE_FILL_AREA ( #378 ) ;
#3707 =( NAMED_UNIT ( * ) SI_UNIT ( $, .STERADIAN. ) SOLID_ANGLE_UNIT ( ) );
#3708 = EDGE_CURVE ( 'NONE', #4203, #1729, #1109, .T. ) ;
#3709 = COLOUR_RGB ( '',0.6470588235294117974, 0.5176470588235293491, 0.000000000000000000 ) ;
#3710 = CARTESIAN_POINT ( 'NONE',  ( -0.5500000000000000444, 0.2000000000000000111, 0.5999999999999999778 ) ) ;
#3711 = ORIENTED_EDGE ( 'NONE', *, *, #1561, .F. ) ;
#3712 = DIRECTION ( 'NONE',  ( -1.355252715606881923E-15, 0.000000000000000000, -1.000000000000000000 ) ) ;
#3713 = APPLICATION_PROTOCOL_DEFINITION ( 'draft international standard', 'automotive_design', 1998, #3298 ) ;
#3714 = CARTESIAN_POINT ( 'NONE',  ( -0.1597242219722259937, 0.5400000000000000355, -0.3972076651546054826 ) ) ;
#3715 = EDGE_LOOP ( 'NONE', ( #6262, #4957, #231, #2398 ) ) ;
#3716 = CIRCLE ( 'NONE', #5968, 0.1000000000000000472 ) ;
#3717 = PLANE ( 'NONE',  #8367 ) ;
#3718 = ORIENTED_EDGE ( 'NONE', *, *, #6311, .F. ) ;
#3719 =( GEOMETRIC_REPRESENTATION_CONTEXT ( 3 ) GLOBAL_UNCERTAINTY_ASSIGNED_CONTEXT ( ( #677 ) ) GLOBAL_UNIT_ASSIGNED_CONTEXT ( ( #3287, #2090, #7448 ) ) REPRESENTATION_CONTEXT ( 'NONE', 'WORKASPACE' ) );
#3720 = FILL_AREA_STYLE ('',( #5126 ) ) ;
#3721 = VECTOR ( 'NONE', #8128, 1000.000000000000000 ) ;
#3722 = CARTESIAN_POINT ( 'NONE',  ( -0.1708641826923079921, 0.5400000000000000355, -0.6278846153846159295 ) ) ;
#3723 = SURFACE_STYLE_FILL_AREA ( #5037 ) ;
#3724 = SURFACE_SIDE_STYLE ('',( #6349 ) ) ;
#3725 = UNCERTAINTY_MEASURE_WITH_UNIT (LENGTH_MEASURE( 1.000000000000000082E-05 ), #815, 'distance_accuracy_value', 'NONE');
#3726 = DIRECTION ( 'NONE',  ( 0.000000000000000000, -1.000000000000000000, 0.000000000000000000 ) ) ;
#3727 = CARTESIAN_POINT ( 'NONE',  ( -0.08315384615384618927, 0.5410000000000000364, -0.4638671875000000000 ) ) ;
#3728 = FILL_AREA_STYLE ('',( #5045 ) ) ;
#3729 = VERTEX_POINT ( 'NONE', #5618 ) ;
#3730 = ORIENTED_EDGE ( 'NONE', *, *, #2040, .T. ) ;
#3731 = DIRECTION ( 'NONE',  ( -1.445602896647339903E-16, 0.000000000000000000, -1.000000000000000000 ) ) ;
#3732 = CARTESIAN_POINT ( 'NONE',  ( -0.2270211198810120068, 0.5410000000000000364, -0.4750351159331379636 ) ) ;
#3733 = UNCERTAINTY_MEASURE_WITH_UNIT (LENGTH_MEASURE( 1.000000000000000082E-05 ), #7249, 'distance_accuracy_value', 'NONE');
#3734 = ORIENTED_EDGE ( 'NONE', *, *, #4762, .F. ) ;
#3735 = VERTEX_POINT ( 'NONE', #8270 ) ;
#3736 = DIRECTION ( 'NONE',  ( -2.710505431213769960E-16, 0.000000000000000000, -1.000000000000000000 ) ) ;
#3737 = DIRECTION ( 'NONE',  ( 0.000000000000000000, -1.000000000000000000, 0.000000000000000000 ) ) ;
#3738 = CARTESIAN_POINT ( 'NONE',  ( 0.7500000000000000000, 0.2000000000000000111, 0.5999999999999999778 ) ) ;
#3740 = ADVANCED_FACE ( 'NONE', ( #5049 ), #1764, .T. ) ;
#3739 = LINE ( 'NONE', #1211, #5328 ) ;
#3741 = CARTESIAN_POINT ( 'NONE',  ( -0.5500000000000000444, 0.000000000000000000, 0.2000000000000000111 ) ) ;
#3742 = PLANE ( 'NONE',  #692 ) ;
#3743 = STYLED_ITEM ( 'NONE', ( #611 ), #6542 ) ;
#3744 = ORIENTED_EDGE ( 'NONE', *, *, #7216, .T. ) ;
#3745 = FILL_AREA_STYLE_COLOUR ( '', #5168 ) ;
#3746 = CARTESIAN_POINT ( 'NONE',  ( 2.143131898507870146E-17, 0.3800000000000000044, -0.1499999999999999944 ) ) ;
#3747 = DIRECTION ( 'NONE',  ( 1.000000000000000000, 0.000000000000000000, 0.000000000000000000 ) ) ;
#3748 = DIRECTION ( 'NONE',  ( 0.000000000000000000, 0.000000000000000000, -1.000000000000000000 ) ) ;
#3749 = DIRECTION ( 'NONE',  ( 0.000000000000000000, -1.000000000000000000, 0.000000000000000000 ) ) ;
#3750 = ADVANCED_FACE ( 'NONE', ( #168 ), #2545, .T. ) ;
#3751 = CIRCLE ( 'NONE', #1150, 0.09999999999999999167 ) ;
#3752 = CARTESIAN_POINT ( 'NONE',  ( 0.7500000000000000000, 0.5400000000000000355, -0.7500000000000000000 ) ) ;
#3753 = CARTESIAN_POINT ( 'NONE',  ( -0.1706457404752509954, 0.5410000000000000364, -0.3971766855526644990 ) ) ;
#3754 = ORIENTED_EDGE ( 'NONE', *, *, #3086, .F. ) ;
#3755 =( NAMED_UNIT ( * ) PLANE_ANGLE_UNIT ( ) SI_UNIT ( $, .RADIAN. ) );
#3756 = LINE ( 'NONE', #1667, #6559 ) ;
#3757 = ORIENTED_EDGE ( 'NONE', *, *, #2815, .F. ) ;
#3758 = VECTOR ( 'NONE', #6285, 1000.000000000000000 ) ;
#3759 = DIRECTION ( 'NONE',  ( 1.000000000000000000, 0.000000000000000000, -1.355252715606881923E-15 ) ) ;
#3760 = MECHANICAL_DESIGN_GEOMETRIC_PRESENTATION_REPRESENTATION (  '', ( #8085 ), #5879 ) ;
#3761 =( NAMED_UNIT ( * ) PLANE_ANGLE_UNIT ( ) SI_UNIT ( $, .RADIAN. ) );
#3762 = LINE ( 'NONE', #3129, #5959 ) ;
#3763 = LINE ( 'NONE', #7084, #5438 ) ;
#3764 = CARTESIAN_POINT ( 'NONE',  ( -0.4500000000000000111, 0.2000000000000000111, -0.2999999999999999889 ) ) ;
#3765 = CARTESIAN_POINT ( 'NONE',  ( -0.2147975821190085122, 0.5400000000000000355, -0.4430090090227209454 ) ) ;
#3766 = AXIS2_PLACEMENT_3D ( 'NONE', #7991, #4674, #3372 ) ;
#3767 = CARTESIAN_POINT ( 'NONE',  ( -0.1597242219722259937, 0.5400000000000000355, -0.3972076651546054826 ) ) ;
#3768 =( GEOMETRIC_REPRESENTATION_CONTEXT ( 3 ) GLOBAL_UNCERTAINTY_ASSIGNED_CONTEXT ( ( #7310 ) ) GLOBAL_UNIT_ASSIGNED_CONTEXT ( ( #1046, #2349, #3671 ) ) REPRESENTATION_CONTEXT ( 'NONE', 'WORKASPACE' ) );
#3769 = EDGE_LOOP ( 'NONE', ( #3548, #4725, #5164, #2313 ) ) ;
#3770 = ORIENTED_EDGE ( 'NONE', *, *, #4455, .F. ) ;
#3771 =( GEOMETRIC_REPRESENTATION_CONTEXT ( 3 ) GLOBAL_UNCERTAINTY_ASSIGNED_CONTEXT ( ( #4511 ) ) GLOBAL_UNIT_ASSIGNED_CONTEXT ( ( #1371, #8005, #3860 ) ) REPRESENTATION_CONTEXT ( 'NONE', 'WORKASPACE' ) );
#3772 = FILL_AREA_STYLE ('',( #7093 ) ) ;
#3773 = COLOUR_RGB ( '',0.2000000000000000111, 0.2000000000000000111, 0.2000000000000000111 ) ;
#3774 = CARTESIAN_POINT ( 'NONE',  ( -0.2270211198810120068, 0.5400000000000000355, -0.4750351159331379636 ) ) ;
#3775 = COLOUR_RGB ( '',0.2000000000000000111, 0.2000000000000000111, 0.2000000000000000111 ) ;
#3776 = LINE ( 'NONE', #4356, #1477 ) ;
#3777 = EDGE_CURVE ( 'NONE', #7134, #2240, #6767, .T. ) ;
#3778 = VERTEX_POINT ( 'NONE', #2052 ) ;
#3779 = ORIENTED_EDGE ( 'NONE', *, *, #4428, .T. ) ;
#3780 = LINE ( 'NONE', #87, #2548 ) ;
#3781 = AXIS2_PLACEMENT_3D ( 'NONE', #7602, #4951, #7644 ) ;
#3782 = CARTESIAN_POINT ( 'NONE',  ( -0.1245072839489845956, 0.5410000000000000364, -0.5826711178202580443 ) ) ;
#3783 = DIRECTION ( 'NONE',  ( 0.000000000000000000, 0.000000000000000000, 1.000000000000000000 ) ) ;
#3784 = CIRCLE ( 'NONE', #7133, 0.1124999999999999750 ) ;
#3785 = MECHANICAL_DESIGN_GEOMETRIC_PRESENTATION_REPRESENTATION (  '', ( #7969 ), #45 ) ;
#3786 = VECTOR ( 'NONE', #3462, 1000.000000000000000 ) ;
#3787 = CARTESIAN_POINT ( 'NONE',  ( -0.2141607225913469970, 0.5400000000000000355, -0.5841616163354619307 ) ) ;
#3788 = CARTESIAN_POINT ( 'NONE',  ( -0.2000000000000000111, 0.000000000000000000, 0.5000000000000000000 ) ) ;
#3789 = EDGE_CURVE ( 'NONE', #5752, #6408, #1098, .T. ) ;
#3790 = ORIENTED_EDGE ( 'NONE', *, *, #5522, .F. ) ;
#3791 = CARTESIAN_POINT ( 'NONE',  ( -0.1193859993700971955, 0.5400000000000000355, -0.6155629419247089507 ) ) ;
#3792 = LINE ( 'NONE', #5686, #449 ) ;
#3793 = LINE ( 'NONE', #1218, #4364 ) ;
#3794 = LINE ( 'NONE', #8501, #4837 ) ;
#3795 = COLOUR_RGB ( '',0.2509803921568627416, 0.2509803921568627416, 0.2509803921568627416 ) ;
#3796 = DIRECTION ( 'NONE',  ( 1.000000000000000000, 0.000000000000000000, 0.000000000000000000 ) ) ;
#3797 = ORIENTED_EDGE ( 'NONE', *, *, #4565, .T. ) ;
#3798 = AXIS2_PLACEMENT_3D ( 'NONE', #7408, #5992, #3407 ) ;
#3799 = AXIS2_PLACEMENT_3D ( 'NONE', #6402, #2460, #7094 ) ;
#3800 = ORIENTED_EDGE ( 'NONE', *, *, #689, .F. ) ;
#3801 = CARTESIAN_POINT ( 'NONE',  ( -0.03783653846153854639, 0.5410000000000000364, -0.6250000000000000000 ) ) ;
#3802 = DIRECTION ( 'NONE',  ( 0.000000000000000000, -1.000000000000000000, 0.000000000000000000 ) ) ;
#3803 = PLANE ( 'NONE',  #1183 ) ;
#3804 = VECTOR ( 'NONE', #3900, 1000.000000000000000 ) ;
#3805 = CARTESIAN_POINT ( 'NONE',  ( 0.4855552884615390585, 0.5410000000000000364, -0.4000000000000000222 ) ) ;
#3806 = FILL_AREA_STYLE_COLOUR ( '', #2160 ) ;
#3807 = UNCERTAINTY_MEASURE_WITH_UNIT (LENGTH_MEASURE( 1.000000000000000082E-05 ), #926, 'distance_accuracy_value', 'NONE');
#3808 = ADVANCED_FACE ( 'NONE', ( #7332 ), #4517, .T. ) ;
#3809 = CARTESIAN_POINT ( 'NONE',  ( -0.1231946788732229958, 0.5410000000000000364, -0.4050205448594890179 ) ) ;
#3810 = ORIENTED_EDGE ( 'NONE', *, *, #149, .T. ) ;
#3811 = EDGE_CURVE ( 'NONE', #6675, #4168, #6537, .T. ) ;
#3812 = VERTEX_POINT ( 'NONE', #5597 ) ;
#3813 = EDGE_LOOP ( 'NONE', ( #4871, #3757, #8100, #5356 ) ) ;
#3814 = PRESENTATION_STYLE_ASSIGNMENT (( #3056 ) ) ;
#3815 = CARTESIAN_POINT ( 'NONE',  ( -0.2088078927923819883, 0.5400000000000000355, -0.5142298871531919557 ) ) ;
#3816 = CARTESIAN_POINT ( 'NONE',  ( -0.2045237832699045022, 0.5410000000000000364, -0.5443880469623340046 ) ) ;
#3817 = UNCERTAINTY_MEASURE_WITH_UNIT (LENGTH_MEASURE( 1.000000000000000082E-05 ), #5062, 'distance_accuracy_value', 'NONE');
#3818 = ORIENTED_EDGE ( 'NONE', *, *, #1516, .T. ) ;
#3819 = VERTEX_POINT ( 'NONE', #962 ) ;
#3820 = CARTESIAN_POINT ( 'NONE',  ( 0.4228401442307689884, 0.5410000000000000364, -0.5214693509615390132 ) ) ;
#3821 = SURFACE_SIDE_STYLE ('',( #3355 ) ) ;
#3822 = CARTESIAN_POINT ( 'NONE',  ( 0.3705564903846155222, 0.5410000000000000364, -0.5644230769230770273 ) ) ;
#3823 =( NAMED_UNIT ( * ) SI_UNIT ( $, .STERADIAN. ) SOLID_ANGLE_UNIT ( ) );
#3824 = PRESENTATION_STYLE_ASSIGNMENT (( #2385 ) ) ;
#3825 = CARTESIAN_POINT ( 'NONE',  ( -0.1177692307692307927, 0.5400000000000000355, -0.5615384615384619860 ) ) ;
#3826 = LINE ( 'NONE', #8459, #4678 ) ;
#3827 = ORIENTED_EDGE ( 'NONE', *, *, #1824, .F. ) ;
#3828 =( NAMED_UNIT ( * ) PLANE_ANGLE_UNIT ( ) SI_UNIT ( $, .RADIAN. ) );
#3829 = LINE ( 'NONE', #1871, #7198 ) ;
#3830 = CARTESIAN_POINT ( 'NONE',  ( -0.5500000000000000444, 0.000000000000000000, -0.5999999999999999778 ) ) ;
#3831 = PRESENTATION_STYLE_ASSIGNMENT (( #516 ) ) ;
#3832 = CARTESIAN_POINT ( 'NONE',  ( -0.008990384615384679548, 0.5400000000000000355, -0.6250000000000000000 ) ) ;
#3833 =( NAMED_UNIT ( * ) SI_UNIT ( $, .STERADIAN. ) SOLID_ANGLE_UNIT ( ) );
#3834 = VECTOR ( 'NONE', #4053, 1000.000000000000000 ) ;
#3835 = ORIENTED_EDGE ( 'NONE', *, *, #7076, .T. ) ;
#3836 = FILL_AREA_STYLE_COLOUR ( '', #7646 ) ;
#3837 = VECTOR ( 'NONE', #767, 1000.000000000000000 ) ;
#3838 = CARTESIAN_POINT ( 'NONE',  ( -0.2078383212856109996, 0.5410000000000000364, -0.4042374784279229583 ) ) ;
#3839 = ORIENTED_EDGE ( 'NONE', *, *, #6583, .T. ) ;
#3840 =( GEOMETRIC_REPRESENTATION_CONTEXT ( 3 ) GLOBAL_UNCERTAINTY_ASSIGNED_CONTEXT ( ( #682 ) ) GLOBAL_UNIT_ASSIGNED_CONTEXT ( ( #6653, #2666, #4686 ) ) REPRESENTATION_CONTEXT ( 'NONE', 'WORKASPACE' ) );
#3841 = CARTESIAN_POINT ( 'NONE',  ( -0.1646893028846155016, 0.5400000000000000355, -0.4230769230769230171 ) ) ;
#3842 = CARTESIAN_POINT ( 'NONE',  ( -0.2443491818503800150, 0.5400000000000000355, -0.4349514533392625504 ) ) ;
#3843 = MECHANICAL_DESIGN_GEOMETRIC_PRESENTATION_REPRESENTATION (  '', ( #2347 ), #3170 ) ;
#3844 =( NAMED_UNIT ( * ) SI_UNIT ( $, .STERADIAN. ) SOLID_ANGLE_UNIT ( ) );
#3845 = CARTESIAN_POINT ( 'NONE',  ( 0.7500000000000000000, 0.2000000000000000111, -0.5999999999999999778 ) ) ;
#3846 = CARTESIAN_POINT ( 'NONE',  ( 0.5899423076923079323, 0.5400000000000000355, -0.5990384615384619638 ) ) ;
#3847 = DIRECTION ( 'NONE',  ( 0.000000000000000000, -1.000000000000000000, 0.000000000000000000 ) ) ;
#3848 = ADVANCED_FACE ( 'NONE', ( #4980 ), #6168, .T. ) ;
#3849 = AXIS2_PLACEMENT_3D ( 'NONE', #969, #5607, #4991 ) ;
#3850 = CARTESIAN_POINT ( 'NONE',  ( 0.4045983348097549892, 0.5400000000000000355, -0.5144465487130349679 ) ) ;
#3851 = ORIENTED_EDGE ( 'NONE', *, *, #1717, .F. ) ;
#3852 = ORIENTED_EDGE ( 'NONE', *, *, #7009, .F. ) ;
#3853 = VECTOR ( 'NONE', #7155, 1000.000000000000000 ) ;
#3854 = AXIS2_PLACEMENT_3D ( 'NONE', #2955, #429, #8341 ) ;
#3855 = DIRECTION ( 'NONE',  ( 1.000000000000000000, 0.000000000000000000, 0.000000000000000000 ) ) ;
#3856 = FILL_AREA_STYLE ('',( #3225 ) ) ;
#3857 = CIRCLE ( 'NONE', #4283, 0.07499999999999998335 ) ;
#3858 = DIRECTION ( 'NONE',  ( 0.000000000000000000, -1.000000000000000000, 0.000000000000000000 ) ) ;
#3859 = ADVANCED_FACE ( 'NONE', ( #2820 ), #7585, .T. ) ;
#3860 =( NAMED_UNIT ( * ) SI_UNIT ( $, .STERADIAN. ) SOLID_ANGLE_UNIT ( ) );
#3861 = CARTESIAN_POINT ( 'NONE',  ( -0.2243975293856924902, 0.5400000000000000355, -0.4618045386322089940 ) ) ;
#3862 = CARTESIAN_POINT ( 'NONE',  ( -0.2230977608094050213, 0.5410000000000000364, -0.6135917818101600529 ) ) ;
#3863 = ORIENTED_EDGE ( 'NONE', *, *, #3015, .T. ) ;
#3864 = ORIENTED_EDGE ( 'NONE', *, *, #4079, .T. ) ;
#3865 = CARTESIAN_POINT ( 'NONE',  ( -0.2273846153846154905, 0.5410000000000000364, -0.4778846153846149636 ) ) ;
#3866 = EDGE_CURVE ( 'NONE', #1116, #6883, #4282, .T. ) ;
#3867 = DIRECTION ( 'NONE',  ( -1.000000000000000000, 0.000000000000000000, 1.445602896647339903E-16 ) ) ;
#3868 = FILL_AREA_STYLE ('',( #8492 ) ) ;
#3869 =( LENGTH_UNIT ( ) NAMED_UNIT ( * ) SI_UNIT ( .MILLI., .METRE. ) );
#3870 = CARTESIAN_POINT ( 'NONE',  ( -0.1245072839489845956, 0.5400000000000000355, -0.5826711178202580443 ) ) ;
#3871 =( NAMED_UNIT ( * ) SI_UNIT ( $, .STERADIAN. ) SOLID_ANGLE_UNIT ( ) );
#3872 = ORIENTED_EDGE ( 'NONE', *, *, #1135, .T. ) ;
#3873 = CARTESIAN_POINT ( 'NONE',  ( -0.08915624975863839508, 0.5400000000000000355, -0.5647190601633129692 ) ) ;
#3874 = MECHANICAL_DESIGN_GEOMETRIC_PRESENTATION_REPRESENTATION (  '', ( #569 ), #7925 ) ;
#3875 = LINE ( 'NONE', #1910, #841 ) ;
#3876 = FILL_AREA_STYLE_COLOUR ( '', #3304 ) ;
#3877 = CARTESIAN_POINT ( 'NONE',  ( 0.6049963942307700071, 0.5400000000000000355, -0.6250000000000000000 ) ) ;
#3878 = VECTOR ( 'NONE', #2376, 1000.000000000000000 ) ;
#3879 = VERTEX_POINT ( 'NONE', #8290 ) ;
#3880 = LINE ( 'NONE', #6306, #8316 ) ;
#3881 = ORIENTED_EDGE ( 'NONE', *, *, #3931, .F. ) ;
#3882 = FILL_AREA_STYLE ('',( #7947 ) ) ;
#3883 = ORIENTED_EDGE ( 'NONE', *, *, #373, .F. ) ;
#3884 = CARTESIAN_POINT ( 'NONE',  ( -0.09224257603289670593, 0.5410000000000000364, -0.4315395902985130205 ) ) ;
#3885 = CARTESIAN_POINT ( 'NONE',  ( -0.1659221015401984856, 0.5400000000000000355, -0.3971360639482655053 ) ) ;
#3886 = FILL_AREA_STYLE ('',( #5881 ) ) ;
#3887 = AXIS2_PLACEMENT_3D ( 'NONE', #4680, #8129, #5473 ) ;
#3888 = DIRECTION ( 'NONE',  ( 0.000000000000000000, 0.000000000000000000, -1.000000000000000000 ) ) ;
#3889 = STYLED_ITEM ( 'NONE', ( #7689 ), #2306 ) ;
#3890 =( LENGTH_UNIT ( ) NAMED_UNIT ( * ) SI_UNIT ( .MILLI., .METRE. ) );
#3891 = CARTESIAN_POINT ( 'NONE',  ( 0.5760750700618231246, 0.5400000000000000355, -0.5603158150181259956 ) ) ;
#3892 = APPLICATION_CONTEXT ( 'automotive_design' ) ;
#3893 = MECHANICAL_DESIGN_GEOMETRIC_PRESENTATION_REPRESENTATION (  '', ( #7372 ), #8076 ) ;
#3894 = B_SPLINE_SURFACE_WITH_KNOTS ( 'NONE', 3, 1, ( 
 ( #4182, #5631 ),
 ( #4802, #2216 ),
 ( #8281, #2334 ),
 ( #7619, #156 ),
 ( #4097, #817 ),
 ( #2809, #7447 ),
 ( #199, #1527 ),
 ( #863, #4363 ),
 ( #8370, #4485 ),
 ( #5718, #2558 ),
 ( #4315, #2428 ),
 ( #5061, #5151 ),
 ( #5803, #413 ),
 ( #7020, #6503 ),
 ( #7667, #1733 ),
 ( #1820, #6413 ),
 ( #7705, #6324 ),
 ( #2519, #6979 ),
 ( #5194, #1777 ) ),
 .UNSPECIFIED., .F., .F., .F.,
 ( 4, 1, 1, 1, 1, 1, 1, 1, 1, 1, 1, 1, 1, 1, 1, 1, 4 ),
 ( 2, 2 ),
 ( 0.000000000000000000, 0.03174754161533394764, 0.07096899275954129949, 0.1185490686508463981, 0.1736615600574905049, 0.2368490480749385063, 0.3077464815700775014, 0.3863560277665040177, 0.4732015279297119847, 0.5607041871516820208, 0.6418171220863129189, 0.7172283194105169013, 0.7857839883976640571, 0.8487201595813960164, 0.9048987351730659601, 0.9553848304058389918, 1.000000000000000000 ),
 ( 0.000000000000000000, 1.000000000000000000 ),
 .UNSPECIFIED. ) ;
#3895 = EDGE_LOOP ( 'NONE', ( #5346, #1443, #1586, #3881, #1404, #6145 ) ) ;
#3896 = ORIENTED_EDGE ( 'NONE', *, *, #1979, .T. ) ;
#3897 = ADVANCED_FACE ( 'NONE', ( #6248 ), #2346, .T. ) ;
#3898 = UNCERTAINTY_MEASURE_WITH_UNIT (LENGTH_MEASURE( 1.000000000000000082E-05 ), #4351, 'distance_accuracy_value', 'NONE');
#3899 = CIRCLE ( 'NONE', #8365, 0.09999999999999999167 ) ;
#3900 = DIRECTION ( 'NONE',  ( 1.000000000000000000, 0.000000000000000000, 0.000000000000000000 ) ) ;
#3901 = VECTOR ( 'NONE', #2142, 1000.000000000000000 ) ;
#3902 = DIRECTION ( 'NONE',  ( -0.000000000000000000, 1.000000000000000000, 0.000000000000000000 ) ) ;
#3903 = EDGE_CURVE ( 'NONE', #4376, #5079, #7715, .T. ) ;
#3904 = EDGE_CURVE ( 'NONE', #6651, #3627, #6474, .T. ) ;
#3905 =( LENGTH_UNIT ( ) NAMED_UNIT ( * ) SI_UNIT ( .MILLI., .METRE. ) );
#3906 = DIRECTION ( 'NONE',  ( -1.355252715606880049E-16, 0.000000000000000000, -1.000000000000000000 ) ) ;
#3907 = CARTESIAN_POINT ( 'NONE',  ( -0.2193208346437695022, 0.5400000000000000355, -0.6161236334027589967 ) ) ;
#3908 = AXIS2_PLACEMENT_3D ( 'NONE', #8339, #4460, #2403 ) ;
#3909 = ORIENTED_EDGE ( 'NONE', *, *, #4670, .T. ) ;
#3910 = ORIENTED_EDGE ( 'NONE', *, *, #1444, .T. ) ;
#3911 = CARTESIAN_POINT ( 'NONE',  ( 0.2000000000000000111, 0.2000000000000000111, 0.5000000000000000000 ) ) ;
#3912 = CARTESIAN_POINT ( 'NONE',  ( -0.2330325201275414981, 0.5400000000000000355, -0.6048957690085479122 ) ) ;
#3913 = UNCERTAINTY_MEASURE_WITH_UNIT (LENGTH_MEASURE( 1.000000000000000082E-05 ), #6874, 'distance_accuracy_value', 'NONE');
#3914 = CARTESIAN_POINT ( 'NONE',  ( -0.08315384615384618927, 0.5410000000000000364, -0.4638671875000000000 ) ) ;
#3915 = COLOUR_RGB ( '',0.2509803921568627416, 0.2509803921568627416, 0.2509803921568627416 ) ;
#3916 = PRESENTATION_STYLE_ASSIGNMENT (( #2196 ) ) ;
#3917 = ADVANCED_FACE ( 'NONE', ( #3077 ), #7072, .T. ) ;
#3918 = FILL_AREA_STYLE_COLOUR ( '', #7193 ) ;
#3919 = CARTESIAN_POINT ( 'NONE',  ( 0.6049963942307700071, 0.5410000000000000364, -0.6250000000000000000 ) ) ;
#3920 = MECHANICAL_DESIGN_GEOMETRIC_PRESENTATION_REPRESENTATION (  '', ( #462 ), #191 ) ;
#3921 = EDGE_CURVE ( 'NONE', #1703, #6545, #3794, .T. ) ;
#3922 = EDGE_LOOP ( 'NONE', ( #785, #6502, #401, #243, #5958, #5389 ) ) ;
#3923 = CARTESIAN_POINT ( 'NONE',  ( -0.1481892385084158104, 0.5400000000000000355, -0.6261232700638059701 ) ) ;
#3924 = ADVANCED_FACE ( 'NONE', ( #6383 ), #655, .T. ) ;
#3925 = FILL_AREA_STYLE ('',( #7851 ) ) ;
#3926 = AXIS2_PLACEMENT_3D ( 'NONE', #485, #8265, #1102 ) ;
#3927 =( LENGTH_UNIT ( ) NAMED_UNIT ( * ) SI_UNIT ( .MILLI., .METRE. ) );
#3928 = PRESENTATION_STYLE_ASSIGNMENT (( #1001 ) ) ;
#3929 = CARTESIAN_POINT ( 'NONE',  ( 0.2901730769230769780, 0.5410000000000000364, -0.4000000000000000222 ) ) ;
#3930 = STYLED_ITEM ( 'NONE', ( #1557 ), #2752 ) ;
#3931 = EDGE_CURVE ( 'NONE', #869, #2916, #5257, .T. ) ;
#3932 =( LENGTH_UNIT ( ) NAMED_UNIT ( * ) SI_UNIT ( .MILLI., .METRE. ) );
#3933 = DIRECTION ( 'NONE',  ( 0.000000000000000000, 0.000000000000000000, 1.000000000000000000 ) ) ;
#3934 = ORIENTED_EDGE ( 'NONE', *, *, #3289, .T. ) ;
#3935 = DIRECTION ( 'NONE',  ( 1.000000000000000000, 0.000000000000000000, 0.000000000000000000 ) ) ;
#3936 = SURFACE_STYLE_USAGE ( .BOTH. , #4540 ) ;
#3937 = ORIENTED_EDGE ( 'NONE', *, *, #279, .F. ) ;
#3938 = CARTESIAN_POINT ( 'NONE',  ( -0.1523096143662940050, 0.5410000000000000364, -0.3973880466060190075 ) ) ;
#3939 = FILL_AREA_STYLE ('',( #3292 ) ) ;
#3940 = SURFACE_SIDE_STYLE ('',( #4549 ) ) ;
#3941 = FACE_OUTER_BOUND ( 'NONE', #5528, .T. ) ;
#3942 = CARTESIAN_POINT ( 'NONE',  ( 0.5515408653846159970, 0.5410000000000000364, -0.4951923076923079314 ) ) ;
#3943 = PRESENTATION_STYLE_ASSIGNMENT (( #5131 ) ) ;
#3944 =( GEOMETRIC_REPRESENTATION_CONTEXT ( 3 ) GLOBAL_UNCERTAINTY_ASSIGNED_CONTEXT ( ( #4438 ) ) GLOBAL_UNIT_ASSIGNED_CONTEXT ( ( #324, #5624, #6972 ) ) REPRESENTATION_CONTEXT ( 'NONE', 'WORKASPACE' ) );
#3945 = B_SPLINE_CURVE_WITH_KNOTS ( 'NONE', 3,
 ( #6701, #2751, #8097, #4828, #7347, #1423, #5400, #8052, #804, #2117, #4736, #6108, #7392, #1470, #2797, #3434, #5445, #2164, #1510 ),
 .UNSPECIFIED., .F., .F.,
 ( 4, 1, 1, 1, 1, 1, 1, 1, 1, 1, 1, 1, 1, 1, 1, 1, 4 ),
 ( 0.000000000000000000, 0.06613415199141499390, 0.1293210948154639994, 0.1898254496219174969, 0.2476164557235420172, 0.3037244875816074718, 0.3581592928694465328, 0.4131371106915579516, 0.4676610803393820293, 0.5233009797936010177, 0.5807742901806050018, 0.6412940825284020319, 0.7043122620428129421, 0.7720761557015000109, 0.8432292352777009947, 0.9192740210312420057, 1.000000000000000000 ),
 .UNSPECIFIED. ) ;
#3946 = SURFACE_STYLE_FILL_AREA ( #8609 ) ;
#3947 = ORIENTED_EDGE ( 'NONE', *, *, #5366, .F. ) ;
#3948 = ORIENTED_EDGE ( 'NONE', *, *, #1444, .F. ) ;
#3949 = VECTOR ( 'NONE', #1600, 1000.000000000000000 ) ;
#3950 = SURFACE_STYLE_USAGE ( .BOTH. , #6968 ) ;
#3951 = FILL_AREA_STYLE ('',( #4688 ) ) ;
#3952 = DIRECTION ( 'NONE',  ( 0.000000000000000000, -1.000000000000000000, 0.000000000000000000 ) ) ;
#3953 = VECTOR ( 'NONE', #4505, 1000.000000000000000 ) ;
#3954 = CARTESIAN_POINT ( 'NONE',  ( -0.2474659732470690376, 0.5410000000000000364, -0.5690597549304229341 ) ) ;
#3955 = ORIENTED_EDGE ( 'NONE', *, *, #2716, .F. ) ;
#3956 = ORIENTED_EDGE ( 'NONE', *, *, #3192, .T. ) ;
#3957 = CARTESIAN_POINT ( 'NONE',  ( -0.2390456499609709962, 0.5400000000000000355, -0.5967934510919550295 ) ) ;
#3958 =( NAMED_UNIT ( * ) PLANE_ANGLE_UNIT ( ) SI_UNIT ( $, .RADIAN. ) );
#3959 = CARTESIAN_POINT ( 'NONE',  ( 0.4537596153846150115, 0.5410000000000000364, -0.5644230769230770273 ) ) ;
#3960 = DIRECTION ( 'NONE',  ( 0.000000000000000000, 0.000000000000000000, 1.000000000000000000 ) ) ;
#3961 = LINE ( 'NONE', #5984, #4422 ) ;
#3962 = DIRECTION ( 'NONE',  ( 0.000000000000000000, -1.000000000000000000, 0.000000000000000000 ) ) ;
#3963 = VERTEX_POINT ( 'NONE', #2654 ) ;
#3964 = CARTESIAN_POINT ( 'NONE',  ( -0.1669383611330584882, 0.5410000000000000364, -0.6277934929140909226 ) ) ;
#3965 = FACE_OUTER_BOUND ( 'NONE', #6293, .T. ) ;
#3966 = EDGE_CURVE ( 'NONE', #4168, #5647, #8589, .T. ) ;
#3967 = EDGE_CURVE ( 'NONE', #5918, #143, #696, .T. ) ;
#3968 = EDGE_CURVE ( 'NONE', #2008, #8427, #4099, .T. ) ;
#3969 = ORIENTED_EDGE ( 'NONE', *, *, #3789, .T. ) ;
#3970 = CARTESIAN_POINT ( 'NONE',  ( 0.5163846153846158860, 0.5410000000000000364, -0.4000000000000000222 ) ) ;
#3971 = CARTESIAN_POINT ( 'NONE',  ( -0.2158789537356580190, 0.5410000000000000364, -0.5812795952483249540 ) ) ;
#3972 = ORIENTED_EDGE ( 'NONE', *, *, #1238, .T. ) ;
#3973 = CARTESIAN_POINT ( 'NONE',  ( -0.1312422729754169903, 0.5410000000000000364, -0.4017943189443630159 ) ) ;
#3974 = ADVANCED_FACE ( 'NONE', ( #5288 ), #4014, .T. ) ;
#3975 = LINE ( 'NONE', #7952, #4277 ) ;
#3976 = CARTESIAN_POINT ( 'NONE',  ( -0.03783653846153854639, 0.5410000000000000364, -0.6250000000000000000 ) ) ;
#3977 = VECTOR ( 'NONE', #6039, 1000.000000000000000 ) ;
#3978 = CARTESIAN_POINT ( 'NONE',  ( -0.2472964533494095285, 0.5400000000000000355, -0.5588152537271879883 ) ) ;
#3979 = EDGE_CURVE ( 'NONE', #5839, #2079, #6104, .T. ) ;
#3980 = FILL_AREA_STYLE_COLOUR ( '', #1451 ) ;
#3981 = CARTESIAN_POINT ( 'NONE',  ( -0.7500000000000000000, 0.2000000000000000111, 0.2000000000000000111 ) ) ;
#3982 = EDGE_CURVE ( 'NONE', #4246, #6223, #8595, .T. ) ;
#3983 = LINE ( 'NONE', #4641, #6859 ) ;
#3984 = DIRECTION ( 'NONE',  ( 0.000000000000000000, -1.000000000000000000, 0.000000000000000000 ) ) ;
#3985 = ORIENTED_EDGE ( 'NONE', *, *, #8352, .T. ) ;
#3986 = TOROIDAL_SURFACE ( 'NONE', #7050, 0.1499999999999999944, 0.05000000000000000278 ) ;
#3987 = UNCERTAINTY_MEASURE_WITH_UNIT (LENGTH_MEASURE( 1.000000000000000082E-05 ), #4868, 'distance_accuracy_value', 'NONE');
#3988 = EDGE_LOOP ( 'NONE', ( #1241, #2524, #3863, #2299, #5247, #6791 ) ) ;
#3989 = PLANE ( 'NONE',  #5391 ) ;
#3990 = VECTOR ( 'NONE', #6886, 1000.000000000000000 ) ;
#3991 = CARTESIAN_POINT ( 'NONE',  ( -0.1120000000000000023, 0.5410000000000000364, -0.4623347355769230060 ) ) ;
#3992 = CARTESIAN_POINT ( 'NONE',  ( -0.5500000000000000444, 0.000000000000000000, 0.2000000000000000111 ) ) ;
#3993 = STYLED_ITEM ( 'NONE', ( #3596 ), #4613 ) ;
#3994 = CARTESIAN_POINT ( 'NONE',  ( 0.000000000000000000, 0.4400000000000000022, 1.626303258728255172E-16 ) ) ;
#3995 = CARTESIAN_POINT ( 'NONE',  ( -0.1373425863130681712, 0.5410000000000000364, -0.4930371300675749913 ) ) ;
#3996 =( GEOMETRIC_REPRESENTATION_CONTEXT ( 3 ) GLOBAL_UNCERTAINTY_ASSIGNED_CONTEXT ( ( #7343 ) ) GLOBAL_UNIT_ASSIGNED_CONTEXT ( ( #2518, #7750, #331 ) ) REPRESENTATION_CONTEXT ( 'NONE', 'WORKASPACE' ) );
#3997 = CARTESIAN_POINT ( 'NONE',  ( -0.1744440216937090116, 0.5410000000000000364, -0.6277838002790130378 ) ) ;
#3998 = CLOSED_SHELL ( 'NONE', ( #5858, #3897, #2477, #8343, #6170, #4924, #8443, #1186, #1, #2363, #6690, #3527, #3924, #2604, #3501, #8607, #5787, #5947, #2871, #2396, #7383, #1081, #3091, #6547, #3647, #709, #8456, #6480, #3859, #6449, #6498, #7628, #2130, #3808, #1231, #5416, #7361, #2192, #6798, #5104, #3750, #3848, #6649, #8079, #5260, #4400, #6017, #2752, #7282, #8494, #6268, #3650, #932, #3545, #8528, #5041, #2407, #1724, #414, #3550, #8187, #581, #8291, #1513, #4813, #4493, #5459, #653, #1758, #2306, #1299, #7320, #8280, #724, #977, #914, #2197, #2578, #6549, #6998, #8293, #5372, #6806, #8243, #1615, #7626, #7576, #481, #1931, #4654, #3351, #5636, #3138, #2199, #6736, #1131, #8540, #2461, #947, #268, #5566, #2348, #3334, #7363, #7790, #3397, #602, #1988, #4803, #3974, #5429, #5689, #4613, #4285, #8571, #1607, #1973, #3917, #7648, #2931, #6120, #3018, #8504, #6542, #6067, #1369, #5637, #8340, #3229, #4939, #5961, #3740, #2821, #486, #5633, #2074, #5714, #7924, #2089, #5369, #4280, #3638, #2135, #7225 ) ) ;
#3999 = EDGE_LOOP ( 'NONE', ( #2490, #7032, #2499, #2248 ) ) ;
#4000 = ORIENTED_EDGE ( 'NONE', *, *, #3477, .F. ) ;
#4001 = EDGE_CURVE ( 'NONE', #1984, #2948, #1354, .T. ) ;
#4002 = UNCERTAINTY_MEASURE_WITH_UNIT (LENGTH_MEASURE( 1.000000000000000082E-05 ), #3869, 'distance_accuracy_value', 'NONE');
#4003 = VECTOR ( 'NONE', #5721, 1000.000000000000000 ) ;
#4004 = CARTESIAN_POINT ( 'NONE',  ( -0.1037933980229917841, 0.5410000000000000364, -0.5082207667750280322 ) ) ;
#4005 = VECTOR ( 'NONE', #377, 1000.000000000000114 ) ;
#4006 = CARTESIAN_POINT ( 'NONE',  ( -0.2500000000000000000, 0.2000000000000000111, -0.7510000000000000009 ) ) ;
#4007 = ORIENTED_EDGE ( 'NONE', *, *, #7014, .T. ) ;
#4008 = CARTESIAN_POINT ( 'NONE',  ( -0.08961509512637330643, 0.5410000000000000364, -0.5709779493779300052 ) ) ;
#4009 = DIRECTION ( 'NONE',  ( 0.000000000000000000, 0.000000000000000000, -1.000000000000000000 ) ) ;
#4010 = EDGE_CURVE ( 'NONE', #382, #5312, #2728, .T. ) ;
#4011 =( LENGTH_UNIT ( ) NAMED_UNIT ( * ) SI_UNIT ( .MILLI., .METRE. ) );
#4012 = EDGE_CURVE ( 'NONE', #4514, #3127, #7901, .T. ) ;
#4013 =( LENGTH_UNIT ( ) NAMED_UNIT ( * ) SI_UNIT ( .MILLI., .METRE. ) );
#4014 = PLANE ( 'NONE',  #1811 ) ;
#4015 = COLOUR_RGB ( '',0.2509803921568627416, 0.2509803921568627416, 0.2509803921568627416 ) ;
#4016 = LINE ( 'NONE', #3493, #1394 ) ;
#4017 = ORIENTED_EDGE ( 'NONE', *, *, #6839, .T. ) ;
#4018 = CARTESIAN_POINT ( 'NONE',  ( -0.2561477756849380172, 0.5410000000000000364, -0.4759149892542829385 ) ) ;
#4019 = VERTEX_POINT ( 'NONE', #5995 ) ;
#4020 = CARTESIAN_POINT ( 'NONE',  ( -0.08315384615384618927, 0.5410000000000000364, -0.4638671875000000000 ) ) ;
#4021 = SURFACE_SIDE_STYLE ('',( #4637 ) ) ;
#4022 =( GEOMETRIC_REPRESENTATION_CONTEXT ( 3 ) GLOBAL_UNCERTAINTY_ASSIGNED_CONTEXT ( ( #6538 ) ) GLOBAL_UNIT_ASSIGNED_CONTEXT ( ( #309, #2195, #935 ) ) REPRESENTATION_CONTEXT ( 'NONE', 'WORKASPACE' ) );
#4023 = LINE ( 'NONE', #125, #3381 ) ;
#4024 = CARTESIAN_POINT ( 'NONE',  ( -0.4500000000000000111, 0.000000000000000000, 0.2999999999999999889 ) ) ;
#4025 = DIRECTION ( 'NONE',  ( -1.000000000000000000, 0.000000000000000000, 0.000000000000000000 ) ) ;
#4026 = ORIENTED_EDGE ( 'NONE', *, *, #47, .F. ) ;
#4027 = AXIS2_PLACEMENT_3D ( 'NONE', #1704, #5513, #4985 ) ;
#4028 = ADVANCED_FACE ( 'NONE', ( #6630 ), #779, .F. ) ;
#4029 = VERTEX_POINT ( 'NONE', #821 ) ;
#4030 =( NAMED_UNIT ( * ) PLANE_ANGLE_UNIT ( ) SI_UNIT ( $, .RADIAN. ) );
#4031 = LINE ( 'NONE', #7923, #2591 ) ;
#4032 = UNCERTAINTY_MEASURE_WITH_UNIT (LENGTH_MEASURE( 1.000000000000000082E-05 ), #1859, 'distance_accuracy_value', 'NONE');
#4033 = CARTESIAN_POINT ( 'NONE',  ( 0.2642115384615384976, 0.5400000000000000355, -0.4000000000000000222 ) ) ;
#4034 =( NAMED_UNIT ( * ) PLANE_ANGLE_UNIT ( ) SI_UNIT ( $, .RADIAN. ) );
#4035 = VECTOR ( 'NONE', #5251, 1000.000000000000000 ) ;
#4036 = DIRECTION ( 'NONE',  ( 1.000000000000000000, 0.000000000000000000, 2.710505431213760099E-16 ) ) ;
#4037 = CARTESIAN_POINT ( 'NONE',  ( 0.5949866783970739759, 0.5410000000000000364, -0.5852845402872259850 ) ) ;
#4038 = ORIENTED_EDGE ( 'NONE', *, *, #171, .T. ) ;
#4039 = ORIENTED_EDGE ( 'NONE', *, *, #1671, .T. ) ;
#4040 = PRESENTATION_LAYER_ASSIGNMENT (  '', '', ( #7802 ) ) ;
#4041 = SURFACE_STYLE_USAGE ( .BOTH. , #4572 ) ;
#4042 = CARTESIAN_POINT ( 'NONE',  ( -0.1037933980229917841, 0.5400000000000000355, -0.5082207667750280322 ) ) ;
#4043 = EDGE_CURVE ( 'NONE', #490, #3250, #6889, .T. ) ;
#4044 = UNCERTAINTY_MEASURE_WITH_UNIT (LENGTH_MEASURE( 1.000000000000000082E-05 ), #5338, 'distance_accuracy_value', 'NONE');
#4045 = AXIS2_PLACEMENT_3D ( 'NONE', #7544, #6854, #1620 ) ;
#4046 = LINE ( 'NONE', #4798, #264 ) ;
#4047 = ORIENTED_EDGE ( 'NONE', *, *, #6801, .F. ) ;
#4048 = SURFACE_SIDE_STYLE ('',( #1436 ) ) ;
#4049 = PRESENTATION_LAYER_ASSIGNMENT (  '', '', ( #6700 ) ) ;
#4050 = FILL_AREA_STYLE_COLOUR ( '', #3243 ) ;
#4051 = STYLED_ITEM ( 'NONE', ( #4580 ), #5787 ) ;
#4052 = DIRECTION ( 'NONE',  ( 0.000000000000000000, 1.000000000000000000, 0.000000000000000000 ) ) ;
#4053 = DIRECTION ( 'NONE',  ( 1.000000000000000000, 0.000000000000000000, 0.000000000000000000 ) ) ;
#4054 = ORIENTED_EDGE ( 'NONE', *, *, #8430, .T. ) ;
#4055 = DIRECTION ( 'NONE',  ( 0.000000000000000000, -1.000000000000000000, 0.000000000000000000 ) ) ;
#4056 = VERTEX_POINT ( 'NONE', #952 ) ;
#4057 =( NAMED_UNIT ( * ) SI_UNIT ( $, .STERADIAN. ) SOLID_ANGLE_UNIT ( ) );
#4058 = FILL_AREA_STYLE_COLOUR ( '', #7191 ) ;
#4059 = PRESENTATION_LAYER_ASSIGNMENT (  '', '', ( #2966 ) ) ;
#4060 = CARTESIAN_POINT ( 'NONE',  ( -0.2141607225913469970, 0.5410000000000000364, -0.5841616163354619307 ) ) ;
#4061 = SURFACE_STYLE_USAGE ( .BOTH. , #1243 ) ;
#4062 = CIRCLE ( 'NONE', #3781, 0.09999999999999999167 ) ;
#4063 =( NAMED_UNIT ( * ) SI_UNIT ( $, .STERADIAN. ) SOLID_ANGLE_UNIT ( ) );
#4064 = CARTESIAN_POINT ( 'NONE',  ( 0.000000000000000000, 0.2000000000000000111, 0.000000000000000000 ) ) ;
#4065 = CARTESIAN_POINT ( 'NONE',  ( 0.3705564903846155222, 0.5410000000000000364, -0.5644230769230770273 ) ) ;
#4066 =( NAMED_UNIT ( * ) SI_UNIT ( $, .STERADIAN. ) SOLID_ANGLE_UNIT ( ) );
#4067 = MECHANICAL_DESIGN_GEOMETRIC_PRESENTATION_REPRESENTATION (  '', ( #7835 ), #2016 ) ;
#4068 = CARTESIAN_POINT ( 'NONE',  ( 0.2699807692307689688, 0.5400000000000000355, -0.6221153846153850697 ) ) ;
#4069 = ORIENTED_EDGE ( 'NONE', *, *, #6433, .F. ) ;
#4070 = DIRECTION ( 'NONE',  ( -0.000000000000000000, 1.000000000000000000, 0.000000000000000000 ) ) ;
#4071 = ORIENTED_EDGE ( 'NONE', *, *, #7271, .F. ) ;
#4072 = CARTESIAN_POINT ( 'NONE',  ( -0.2000000000000000111, 0.000000000000000000, -0.2500000000000000000 ) ) ;
#4073 = EDGE_CURVE ( 'NONE', #3519, #3608, #6281, .T. ) ;
#4074 = VECTOR ( 'NONE', #6308, 1000.000000000000000 ) ;
#4075 = FILL_AREA_STYLE_COLOUR ( '', #6358 ) ;
#4076 = SURFACE_SIDE_STYLE ('',( #1465 ) ) ;
#4077 = EDGE_CURVE ( 'NONE', #2401, #7132, #2857, .T. ) ;
#4078 =( NAMED_UNIT ( * ) PLANE_ANGLE_UNIT ( ) SI_UNIT ( $, .RADIAN. ) );
#4079 = EDGE_CURVE ( 'NONE', #3561, #5378, #5314, .T. ) ;
#4080 = CARTESIAN_POINT ( 'NONE',  ( -0.2161616586538460116, 0.5400000000000000355, -0.5176382211538460565 ) ) ;
#4081 =( NAMED_UNIT ( * ) SI_UNIT ( $, .STERADIAN. ) SOLID_ANGLE_UNIT ( ) );
#4082 = CARTESIAN_POINT ( 'NONE',  ( -0.1215812305589206027, 0.5410000000000000364, -0.5187901186439739520 ) ) ;
#4083 = COLOUR_RGB ( '',0.2000000000000000111, 0.2000000000000000111, 0.2000000000000000111 ) ;
#4084 = ORIENTED_EDGE ( 'NONE', *, *, #279, .T. ) ;
#4085 = ORIENTED_EDGE ( 'NONE', *, *, #4345, .F. ) ;
#4086 = FILL_AREA_STYLE_COLOUR ( '', #1526 ) ;
#4087 = UNCERTAINTY_MEASURE_WITH_UNIT (LENGTH_MEASURE( 1.000000000000000082E-05 ), #3932, 'distance_accuracy_value', 'NONE');
#4088 = ADVANCED_FACE ( 'NONE', ( #4186 ), #5548, .F. ) ;
#4089 =( NAMED_UNIT ( * ) PLANE_ANGLE_UNIT ( ) SI_UNIT ( $, .RADIAN. ) );
#4090 = AXIS2_PLACEMENT_3D ( 'NONE', #1129, #3748, #293 ) ;
#4091 = PRESENTATION_LAYER_ASSIGNMENT (  '', '', ( #1898 ) ) ;
#4092 =( NAMED_UNIT ( * ) PLANE_ANGLE_UNIT ( ) SI_UNIT ( $, .RADIAN. ) );
#4093 = ORIENTED_EDGE ( 'NONE', *, *, #4775, .F. ) ;
#4094 = PRESENTATION_STYLE_ASSIGNMENT (( #2128 ) ) ;
#4095 = SURFACE_STYLE_FILL_AREA ( #6802 ) ;
#4096 = PRESENTATION_STYLE_ASSIGNMENT (( #1481 ) ) ;
#4097 = CARTESIAN_POINT ( 'NONE',  ( -0.1460874078704565981, 0.5410000000000000364, -0.4959982856658279871 ) ) ;
#4098 = DIRECTION ( 'NONE',  ( -0.000000000000000000, 1.000000000000000000, 0.000000000000000000 ) ) ;
#4099 = LINE ( 'NONE', #1486, #4548 ) ;
#4100 = SURFACE_STYLE_FILL_AREA ( #6672 ) ;
#4101 = ORIENTED_EDGE ( 'NONE', *, *, #7104, .F. ) ;
#4102 = CARTESIAN_POINT ( 'NONE',  ( -0.2553514487933605248, 0.5400000000000000355, -0.4662442895176519553 ) ) ;
#4103 = CARTESIAN_POINT ( 'NONE',  ( 0.7500000000000000000, 0.5400000000000000355, -0.7500000000000000000 ) ) ;
#4104 = CARTESIAN_POINT ( 'NONE',  ( 0.5500000000000000444, 1.277032961426900037, 0.5999999999999999778 ) ) ;
#4105 = CARTESIAN_POINT ( 'NONE',  ( -0.1917412986526955132, 0.5400000000000000355, -0.5995388920768269791 ) ) ;
#4106 = DIRECTION ( 'NONE',  ( -0.5838933725623909332, 0.000000000000000000, 0.8118303575733769595 ) ) ;
#4107 = DIRECTION ( 'NONE',  ( 0.000000000000000000, 1.000000000000000000, 0.000000000000000000 ) ) ;
#4108 = DIRECTION ( 'NONE',  ( 0.000000000000000000, -1.000000000000000000, 0.000000000000000000 ) ) ;
#4109 = CARTESIAN_POINT ( 'NONE',  ( -0.2500000000000000000, 0.2000000000000000111, 0.7510000000000000009 ) ) ;
#4110 = DIRECTION ( 'NONE',  ( 0.000000000000000000, -1.000000000000000000, 0.000000000000000000 ) ) ;
#4111 = LINE ( 'NONE', #4068, #4590 ) ;
#4112 = VERTEX_POINT ( 'NONE', #8152 ) ;
#4113 =( LENGTH_UNIT ( ) NAMED_UNIT ( * ) SI_UNIT ( .MILLI., .METRE. ) );
#4114 = VERTEX_POINT ( 'NONE', #3571 ) ;
#4115 = CARTESIAN_POINT ( 'NONE',  ( -0.1582643876758645096, 0.5400000000000000355, -0.6013805549039309417 ) ) ;
#4116 = EDGE_CURVE ( 'NONE', #7134, #410, #7389, .T. ) ;
#4117 = CARTESIAN_POINT ( 'NONE',  ( -0.2104374999999999996, 0.5400000000000000355, -0.5484675480769229949 ) ) ;
#4118 = DIRECTION ( 'NONE',  ( 0.000000000000000000, -1.000000000000000000, 0.000000000000000000 ) ) ;
#4119 = CARTESIAN_POINT ( 'NONE',  ( -0.2300183423902394941, 0.5400000000000000355, -0.5267966007727570288 ) ) ;
#4120 = VECTOR ( 'NONE', #4921, 1000.000000000000000 ) ;
#4121 = DIRECTION ( 'NONE',  ( -1.000000000000000000, 0.000000000000000000, 0.000000000000000000 ) ) ;
#4122 = CARTESIAN_POINT ( 'NONE',  ( -0.1051881125260733935, 0.5410000000000000364, -0.4163104726954774404 ) ) ;
#4123 = AXIS2_PLACEMENT_3D ( 'NONE', #5339, #4677, #4472 ) ;
#4124 = CARTESIAN_POINT ( 'NONE',  ( -0.2104374999999999996, 0.5410000000000000364, -0.5484675480769229949 ) ) ;
#4125 = VERTEX_POINT ( 'NONE', #4850 ) ;
#4126 = ORIENTED_EDGE ( 'NONE', *, *, #8398, .F. ) ;
#4127 = MECHANICAL_DESIGN_GEOMETRIC_PRESENTATION_REPRESENTATION (  '', ( #8582 ), #3840 ) ;
#4128 = CARTESIAN_POINT ( 'NONE',  ( 0.4826057692307690328, 0.5410000000000000364, -0.4000000000000000222 ) ) ;
#4129 = MECHANICAL_DESIGN_GEOMETRIC_PRESENTATION_REPRESENTATION (  '', ( #3030 ), #8096 ) ;
#4130 = EDGE_CURVE ( 'NONE', #7786, #176, #8428, .T. ) ;
#4131 = DIRECTION ( 'NONE',  ( 0.000000000000000000, 0.000000000000000000, -1.000000000000000000 ) ) ;
#4132 = CARTESIAN_POINT ( 'NONE',  ( -0.008990384615384679548, 0.5410000000000000364, -0.5326923076923080203 ) ) ;
#4133 =( GEOMETRIC_REPRESENTATION_CONTEXT ( 3 ) GLOBAL_UNCERTAINTY_ASSIGNED_CONTEXT ( ( #8047 ) ) GLOBAL_UNIT_ASSIGNED_CONTEXT ( ( #6026, #3276, #1948 ) ) REPRESENTATION_CONTEXT ( 'NONE', 'WORKASPACE' ) );
#4134 =( GEOMETRIC_REPRESENTATION_CONTEXT ( 3 ) GLOBAL_UNCERTAINTY_ASSIGNED_CONTEXT ( ( #771 ) ) GLOBAL_UNIT_ASSIGNED_CONTEXT ( ( #5696, #3761, #4382 ) ) REPRESENTATION_CONTEXT ( 'NONE', 'WORKASPACE' ) );
#4135 = SURFACE_SIDE_STYLE ('',( #6314 ) ) ;
#4136 = CARTESIAN_POINT ( 'NONE',  ( 0.3944897836538460156, 0.5410000000000000364, -0.4820312499999999667 ) ) ;
#4137 = ORIENTED_EDGE ( 'NONE', *, *, #7276, .T. ) ;
#4138 = CARTESIAN_POINT ( 'NONE',  ( -0.09505467409137041690, 0.5410000000000000364, -0.5886305017196289402 ) ) ;
#4139 = FILL_AREA_STYLE ('',( #6757 ) ) ;
#4140 = CARTESIAN_POINT ( 'NONE',  ( -0.1122021815697672037, 0.5410000000000000364, -0.4573793852214829703 ) ) ;
#4141 = AXIS2_PLACEMENT_3D ( 'NONE', #2867, #6733, #5431 ) ;
#4142 = CARTESIAN_POINT ( 'NONE',  ( 0.6283437499999999787, 0.5410000000000000364, -0.4951923076923079314 ) ) ;
#4143 = FILL_AREA_STYLE ('',( #2811 ) ) ;
#4144 = ORIENTED_EDGE ( 'NONE', *, *, #7246, .T. ) ;
#4145 = DIRECTION ( 'NONE',  ( -2.710505431213760099E-16, 0.000000000000000000, -1.000000000000000000 ) ) ;
#4146 = LINE ( 'NONE', #4192, #5454 ) ;
#4147 = PLANE ( 'NONE',  #2643 ) ;
#4148 = CARTESIAN_POINT ( 'NONE',  ( -0.2474659732470690376, 0.5410000000000000364, -0.5690597549304229341 ) ) ;
#4149 = SURFACE_SIDE_STYLE ('',( #1699 ) ) ;
#4150 = SURFACE_STYLE_FILL_AREA ( #3417 ) ;
#4151 = SURFACE_STYLE_FILL_AREA ( #3032 ) ;
#4152 =( LENGTH_UNIT ( ) NAMED_UNIT ( * ) SI_UNIT ( .MILLI., .METRE. ) );
#4153 = LINE ( 'NONE', #7336, #4209 ) ;
#4154 = SURFACE_SIDE_STYLE ('',( #3946 ) ) ;
#4155 = CARTESIAN_POINT ( 'NONE',  ( -0.09143285827451838599, 0.5410000000000000364, -0.4945065783212149180 ) ) ;
#4156 = EDGE_LOOP ( 'NONE', ( #5626, #6192, #162, #2829 ) ) ;
#4157 = PRESENTATION_STYLE_ASSIGNMENT (( #7465 ) ) ;
#4158 = ORIENTED_EDGE ( 'NONE', *, *, #5028, .F. ) ;
#4159 = VECTOR ( 'NONE', #8569, 1000.000000000000000 ) ;
#4160 = DIRECTION ( 'NONE',  ( 0.000000000000000000, 0.000000000000000000, 1.000000000000000000 ) ) ;
#4161 =( LENGTH_UNIT ( ) NAMED_UNIT ( * ) SI_UNIT ( .MILLI., .METRE. ) );
#4162 = FACE_OUTER_BOUND ( 'NONE', #5573, .T. ) ;
#4163 = DIRECTION ( 'NONE',  ( 0.000000000000000000, -1.000000000000000000, 0.000000000000000000 ) ) ;
#4164 = FILL_AREA_STYLE_COLOUR ( '', #1330 ) ;
#4165 = SURFACE_STYLE_FILL_AREA ( #2838 ) ;
#4166 = COLOUR_RGB ( '',0.2000000000000000111, 0.2000000000000000111, 0.2000000000000000111 ) ;
#4167 = ORIENTED_EDGE ( 'NONE', *, *, #5265, .F. ) ;
#4168 = VERTEX_POINT ( 'NONE', #5807 ) ;
#4169 = DIRECTION ( 'NONE',  ( 0.000000000000000000, 0.000000000000000000, 1.000000000000000000 ) ) ;
#4170 = EDGE_CURVE ( 'NONE', #2664, #4576, #5105, .T. ) ;
#4171 = FACE_BOUND ( 'NONE', #8268, .T. ) ;
#4172 = EDGE_CURVE ( 'NONE', #135, #7786, #1078, .T. ) ;
#4173 = CARTESIAN_POINT ( 'NONE',  ( -0.1000000000000000056, 0.2000000000000000111, 0.7510000000000000009 ) ) ;
#4174 = ORIENTED_EDGE ( 'NONE', *, *, #5841, .F. ) ;
#4175 = FILL_AREA_STYLE ('',( #7487 ) ) ;
#4176 = DIRECTION ( 'NONE',  ( -0.000000000000000000, 1.000000000000000000, 0.000000000000000000 ) ) ;
#4177 = VECTOR ( 'NONE', #5291, 1000.000000000000000 ) ;
#4178 = VERTEX_POINT ( 'NONE', #596 ) ;
#4179 = PLANE ( 'NONE',  #7521 ) ;
#4180 =( LENGTH_UNIT ( ) NAMED_UNIT ( * ) SI_UNIT ( .MILLI., .METRE. ) );
#4181 = CARTESIAN_POINT ( 'NONE',  ( -0.1365192307692308094, 0.5400000000000000355, -0.4927133413461540212 ) ) ;
#4182 = CARTESIAN_POINT ( 'NONE',  ( -0.1365192307692308094, 0.5410000000000000364, -0.4927133413461540212 ) ) ;
#4183 = EDGE_CURVE ( 'NONE', #4672, #7733, #2560, .T. ) ;
#4184 = AXIS2_PLACEMENT_3D ( 'NONE', #339, #3705, #7582 ) ;
#4185 = CARTESIAN_POINT ( 'NONE',  ( -0.4500000000000000111, 0.2000000000000000111, 0.2999999999999999889 ) ) ;
#4186 = FACE_OUTER_BOUND ( 'NONE', #4516, .T. ) ;
#4187 = EDGE_CURVE ( 'NONE', #6899, #7938, #4445, .T. ) ;
#4188 = EDGE_CURVE ( 'NONE', #1647, #2373, #1865, .T. ) ;
#4189 = CARTESIAN_POINT ( 'NONE',  ( -0.2000000000000000111, 1.277032961426900037, -0.2500000000000000000 ) ) ;
#4190 = EDGE_LOOP ( 'NONE', ( #1416, #736, #6353, #6501 ) ) ;
#4191 = CARTESIAN_POINT ( 'NONE',  ( -0.008990384615384679548, 0.5400000000000000355, -0.6250000000000000000 ) ) ;
#4192 = CARTESIAN_POINT ( 'NONE',  ( 0.2901730769230769780, 0.5410000000000000364, -0.4836538461538459899 ) ) ;
#4193 = VECTOR ( 'NONE', #5906, 1000.000000000000000 ) ;
#4194 = DIRECTION ( 'NONE',  ( 0.000000000000000000, 1.000000000000000000, 0.000000000000000000 ) ) ;
#4195 = CARTESIAN_POINT ( 'NONE',  ( -0.2097606266717375045, 0.5410000000000000364, -0.5896016162010389028 ) ) ;
#4196 = CARTESIAN_POINT ( 'NONE',  ( -0.2562307692307694840, 0.5410000000000000364, -0.4778846153846149636 ) ) ;
#4197 = STYLED_ITEM ( 'NONE', ( #2569 ), #5757 ) ;
#4198 = EDGE_LOOP ( 'NONE', ( #4458, #2798, #4288, #6652 ) ) ;
#4199 = PRESENTATION_LAYER_ASSIGNMENT (  '', '', ( #5318 ) ) ;
#4200 = FACE_OUTER_BOUND ( 'NONE', #8134, .T. ) ;
#4201 = ORIENTED_EDGE ( 'NONE', *, *, #2474, .F. ) ;
#4202 = MECHANICAL_DESIGN_GEOMETRIC_PRESENTATION_REPRESENTATION (  '', ( #335 ), #4905 ) ;
#4203 = VERTEX_POINT ( 'NONE', #5904 ) ;
#4204 = CARTESIAN_POINT ( 'NONE',  ( -0.1251712639228992063, 0.5400000000000000355, -0.4870872442154009496 ) ) ;
#4205 = CARTESIAN_POINT ( 'NONE',  ( -0.1215812305589206027, 0.5400000000000000355, -0.5187901186439739520 ) ) ;
#4206 = CARTESIAN_POINT ( 'NONE',  ( -0.1646893028846155016, 0.5410000000000000364, -0.4230769230769230171 ) ) ;
#4207 = CIRCLE ( 'NONE', #474, 0.09999999999999999167 ) ;
#4208 =( NAMED_UNIT ( * ) PLANE_ANGLE_UNIT ( ) SI_UNIT ( $, .RADIAN. ) );
#4209 = VECTOR ( 'NONE', #6772, 1000.000000000000114 ) ;
#4210 = CARTESIAN_POINT ( 'NONE',  ( 0.2642115384615384976, 0.5410000000000000364, -0.5717698317307690070 ) ) ;
#4211 = PLANE ( 'NONE',  #6161 ) ;
#4212 =( NAMED_UNIT ( * ) PLANE_ANGLE_UNIT ( ) SI_UNIT ( $, .RADIAN. ) );
#4213 = CARTESIAN_POINT ( 'NONE',  ( 0.6049963942307700071, 0.5410000000000000364, -0.6250000000000000000 ) ) ;
#4214 = ORIENTED_EDGE ( 'NONE', *, *, #848, .T. ) ;
#4215 = ORIENTED_EDGE ( 'NONE', *, *, #1353, .T. ) ;
#4216 = STYLED_ITEM ( 'NONE', ( #5749 ), #1607 ) ;
#4217 = FILL_AREA_STYLE ('',( #6147 ) ) ;
#4218 = SURFACE_STYLE_USAGE ( .BOTH. , #899 ) ;
#4219 = EDGE_LOOP ( 'NONE', ( #2219, #7732, #1604, #424 ) ) ;
#4220 = DIRECTION ( 'NONE',  ( -1.000000000000000000, 0.000000000000000000, 0.000000000000000000 ) ) ;
#4221 = VERTEX_POINT ( 'NONE', #552 ) ;
#4222 = ORIENTED_EDGE ( 'NONE', *, *, #1409, .T. ) ;
#4223 = PRESENTATION_STYLE_ASSIGNMENT (( #4268 ) ) ;
#4224 = CARTESIAN_POINT ( 'NONE',  ( 0.2642115384615384976, 0.5410000000000000364, -0.4000000000000000222 ) ) ;
#4225 = FILL_AREA_STYLE ('',( #1613 ) ) ;
#4226 = EDGE_CURVE ( 'NONE', #1609, #4788, #6506, .T. ) ;
#4227 =( NAMED_UNIT ( * ) PLANE_ANGLE_UNIT ( ) SI_UNIT ( $, .RADIAN. ) );
#4228 = CARTESIAN_POINT ( 'NONE',  ( -0.1868392533969160108, 0.5400000000000000355, -0.6006167345616029163 ) ) ;
#4229 = CARTESIAN_POINT ( 'NONE',  ( -0.7500000000000000000, 0.2000000000000000111, 0.5999999999999999778 ) ) ;
#4230 = CIRCLE ( 'NONE', #6879, 0.2999999999999999889 ) ;
#4231 = ORIENTED_EDGE ( 'NONE', *, *, #1066, .F. ) ;
#4232 = DIRECTION ( 'NONE',  ( -1.000000000000000000, 0.000000000000000000, 0.000000000000000000 ) ) ;
#4233 = SURFACE_SIDE_STYLE ('',( #2901 ) ) ;
#4234 = DIRECTION ( 'NONE',  ( -1.000000000000000000, 0.000000000000000000, 0.000000000000000000 ) ) ;
#4235 = DIRECTION ( 'NONE',  ( 0.000000000000000000, -1.000000000000000000, 0.000000000000000000 ) ) ;
#4236 = DIRECTION ( 'NONE',  ( 5.421010862427530059E-16, 0.000000000000000000, 1.000000000000000000 ) ) ;
#4237 = EDGE_CURVE ( 'NONE', #4203, #1471, #2433, .T. ) ;
#4238 = EDGE_CURVE ( 'NONE', #555, #7325, #124, .T. ) ;
#4239 = DIRECTION ( 'NONE',  ( 0.000000000000000000, 0.000000000000000000, -1.000000000000000000 ) ) ;
#4240 = B_SPLINE_SURFACE_WITH_KNOTS ( 'NONE', 3, 1, ( 
 ( #500, #1294 ),
 ( #3954, #1254 ),
 ( #6543, #3 ),
 ( #7881, #672 ),
 ( #1205, #4653 ),
 ( #51, #716 ),
 ( #7307, #8484 ),
 ( #1335, #2633 ),
 ( #2592, #5273 ),
 ( #6500, #585 ),
 ( #3862, #5355 ),
 ( #6616, #3907 ),
 ( #634, #3350 ),
 ( #6582, #3272 ),
 ( #7927, #2552 ),
 ( #1374, #2711 ),
 ( #1982, #3228 ),
 ( #3997, #5894 ),
 ( #8007, #6022 ) ),
 .UNSPECIFIED., .F., .F., .F.,
 ( 4, 1, 1, 1, 1, 1, 1, 1, 1, 1, 1, 1, 1, 1, 1, 1, 4 ),
 ( 2, 2 ),
 ( 0.000000000000000000, 0.07579896347148640245, 0.1506755159165570068, 0.2258270907894800172, 0.3031997897974649803, 0.3425428440097050276, 0.3820553715638574932, 0.4213644434296894836, 0.4613142372093910204, 0.5016137440659089730, 0.5426505670333150455, 0.5848929306097470082, 0.6285969134813940151, 0.7176754964161570216, 0.8085769713678260251, 0.9026216874533220524, 1.000000000000000000 ),
 ( 0.000000000000000000, 1.000000000000000000 ),
 .UNSPECIFIED. ) ;
#4241 = PRESENTATION_STYLE_ASSIGNMENT (( #4897 ) ) ;
#4242 = VERTEX_POINT ( 'NONE', #2478 ) ;
#4243 = FILL_AREA_STYLE_COLOUR ( '', #4166 ) ;
#4244 = EDGE_CURVE ( 'NONE', #7520, #8469, #5065, .T. ) ;
#4245 = FILL_AREA_STYLE ('',( #4724 ) ) ;
#4246 = VERTEX_POINT ( 'NONE', #1170 ) ;
#4247 = EDGE_CURVE ( 'NONE', #6544, #5561, #1781, .T. ) ;
#4248 =( LENGTH_UNIT ( ) NAMED_UNIT ( * ) SI_UNIT ( .MILLI., .METRE. ) );
#4249 = CARTESIAN_POINT ( 'NONE',  ( -0.5500000000000000444, 0.000000000000000000, 0.5000000000000000000 ) ) ;
#4250 = CARTESIAN_POINT ( 'NONE',  ( -0.1150652944469929828, 0.5400000000000000355, -0.4760181991672360335 ) ) ;
#4251 = EDGE_CURVE ( 'NONE', #8090, #7908, #4366, .T. ) ;
#4252 = CARTESIAN_POINT ( 'NONE',  ( -0.2235334721631460075, 0.5400000000000000355, -0.5218270182528670365 ) ) ;
#4253 =( NAMED_UNIT ( * ) SI_UNIT ( $, .STERADIAN. ) SOLID_ANGLE_UNIT ( ) );
#4254 = LINE ( 'NONE', #5440, #7775 ) ;
#4255 = DIRECTION ( 'NONE',  ( 0.000000000000000000, 1.000000000000000000, 0.000000000000000000 ) ) ;
#4256 = CARTESIAN_POINT ( 'NONE',  ( -0.1646893028846155016, 0.5410000000000000364, -0.4230769230769230171 ) ) ;
#4257 = EDGE_LOOP ( 'NONE', ( #1441, #4093, #7424, #673 ) ) ;
#4258 = ORIENTED_EDGE ( 'NONE', *, *, #3241, .T. ) ;
#4259 = CARTESIAN_POINT ( 'NONE',  ( 0.4504242788461539915, 0.5410000000000000364, -0.4000000000000000222 ) ) ;
#4260 = LINE ( 'NONE', #6148, #3668 ) ;
#4261 = DIRECTION ( 'NONE',  ( -0.3468370040950334854, 0.000000000000000000, -0.9379254195245919634 ) ) ;
#4262 =( GEOMETRIC_REPRESENTATION_CONTEXT ( 3 ) GLOBAL_UNCERTAINTY_ASSIGNED_CONTEXT ( ( #6797 ) ) GLOBAL_UNIT_ASSIGNED_CONTEXT ( ( #6117, #100, #151 ) ) REPRESENTATION_CONTEXT ( 'NONE', 'WORKASPACE' ) );
#4263 = AXIS2_PLACEMENT_3D ( 'NONE', #7523, #6226, #4169 ) ;
#4264 = CARTESIAN_POINT ( 'NONE',  ( -0.2475769230769230000, 0.5410000000000000364, -0.5662710336538460121 ) ) ;
#4265 = DIRECTION ( 'NONE',  ( 1.000000000000000000, 0.000000000000000000, 0.000000000000000000 ) ) ;
#4266 = VERTEX_POINT ( 'NONE', #3741 ) ;
#4267 = ORIENTED_EDGE ( 'NONE', *, *, #2038, .T. ) ;
#4268 = SURFACE_STYLE_USAGE ( .BOTH. , #6277 ) ;
#4269 = STYLED_ITEM ( 'NONE', ( #934 ), #5429 ) ;
#4270 = COLOUR_RGB ( '',0.2509803921568627416, 0.2509803921568627416, 0.2509803921568627416 ) ;
#4271 = CARTESIAN_POINT ( 'NONE',  ( -0.1961995304303104926, 0.5400000000000000355, -0.5981401989413089870 ) ) ;
#4272 = VECTOR ( 'NONE', #1079, 1000.000000000000000 ) ;
#4273 = CARTESIAN_POINT ( 'NONE',  ( 0.5949866783970739759, 0.5410000000000000364, -0.5852845402872259850 ) ) ;
#4274 = ORIENTED_EDGE ( 'NONE', *, *, #99, .F. ) ;
#4275 = PRESENTATION_LAYER_ASSIGNMENT (  '', '', ( #4840 ) ) ;
#4276 = EDGE_CURVE ( 'NONE', #3879, #7572, #6415, .T. ) ;
#4277 = VECTOR ( 'NONE', #702, 1000.000000000000000 ) ;
#4278 = CARTESIAN_POINT ( 'NONE',  ( -0.1241789747610194256, 0.5400000000000000355, -0.5199197848171429603 ) ) ;
#4279 = DIRECTION ( 'NONE',  ( 0.000000000000000000, 1.000000000000000000, 0.000000000000000000 ) ) ;
#4280 = ADVANCED_FACE ( 'NONE', ( #5411 ), #12, .F. ) ;
#4281 = SURFACE_STYLE_FILL_AREA ( #1659 ) ;
#4282 = LINE ( 'NONE', #2905, #7187 ) ;
#4283 = AXIS2_PLACEMENT_3D ( 'NONE', #6151, #6881, #3008 ) ;
#4284 = FACE_OUTER_BOUND ( 'NONE', #258, .T. ) ;
#4285 = ADVANCED_FACE ( 'NONE', ( #6664 ), #1431, .T. ) ;
#4286 = CARTESIAN_POINT ( 'NONE',  ( -0.2493603903452935311, 0.5410000000000000364, -0.4447346158456240151 ) ) ;
#4287 = COLOUR_RGB ( '',0.6470588235294117974, 0.5176470588235293491, 0.000000000000000000 ) ;
#4288 = ORIENTED_EDGE ( 'NONE', *, *, #7623, .F. ) ;
#4289 = SURFACE_STYLE_USAGE ( .BOTH. , #253 ) ;
#4290 = VERTEX_POINT ( 'NONE', #7229 ) ;
#4291 = EDGE_CURVE ( 'NONE', #5506, #3778, #645, .T. ) ;
#4292 = LINE ( 'NONE', #7593, #5587 ) ;
#4293 = DIRECTION ( 'NONE',  ( -1.000000000000000000, 0.000000000000000000, 0.000000000000000000 ) ) ;
#4294 = FACE_OUTER_BOUND ( 'NONE', #7358, .T. ) ;
#4295 = CARTESIAN_POINT ( 'NONE',  ( -0.2458049292215744863, 0.5410000000000000364, -0.5515865636327930144 ) ) ;
#4296 = CARTESIAN_POINT ( 'NONE',  ( -0.1570213710590435130, 0.5410000000000000364, -0.4232131154259125005 ) ) ;
#4297 = CARTESIAN_POINT ( 'NONE',  ( 0.4500000000000000111, 0.000000000000000000, -0.5000000000000000000 ) ) ;
#4298 = FILL_AREA_STYLE ('',( #8264 ) ) ;
#4299 = SURFACE_SIDE_STYLE ('',( #5702 ) ) ;
#4300 = CARTESIAN_POINT ( 'NONE',  ( 0.3676718749999999813, 0.5410000000000000364, -0.4000000000000000222 ) ) ;
#4301 = CYLINDRICAL_SURFACE ( 'NONE', #4726, 0.09999999999999999167 ) ;
#4302 = LINE ( 'NONE', #3004, #1049 ) ;
#4303 = ORIENTED_EDGE ( 'NONE', *, *, #4073, .T. ) ;
#4304 = EDGE_LOOP ( 'NONE', ( #6567, #5388 ) ) ;
#4305 = CARTESIAN_POINT ( 'NONE',  ( 0.2642115384615384976, 0.5410000000000000364, -0.4548076923076930234 ) ) ;
#4306 =( GEOMETRIC_REPRESENTATION_CONTEXT ( 3 ) GLOBAL_UNCERTAINTY_ASSIGNED_CONTEXT ( ( #1934 ) ) GLOBAL_UNIT_ASSIGNED_CONTEXT ( ( #5394, #4034, #756 ) ) REPRESENTATION_CONTEXT ( 'NONE', 'WORKASPACE' ) );
#4307 = CARTESIAN_POINT ( 'NONE',  ( -0.2300183423902394941, 0.5410000000000000364, -0.5267966007727570288 ) ) ;
#4308 = ORIENTED_EDGE ( 'NONE', *, *, #4711, .F. ) ;
#4309 = ORIENTED_EDGE ( 'NONE', *, *, #6391, .T. ) ;
#4310 =( NAMED_UNIT ( * ) PLANE_ANGLE_UNIT ( ) SI_UNIT ( $, .RADIAN. ) );
#4311 = PRESENTATION_LAYER_ASSIGNMENT (  '', '', ( #3743 ) ) ;
#4312 = B_SPLINE_SURFACE_WITH_KNOTS ( 'NONE', 3, 1, ( 
 ( #1013, #5128 ),
 ( #6257, #432 ),
 ( #7776, #4252 ),
 ( #6909, #349 ),
 ( #972, #5654 ),
 ( #5609, #2316 ),
 ( #4949, #7598 ),
 ( #4295, #2998 ),
 ( #1282, #3978 ),
 ( #5296, #6642 ),
 ( #8473, #1323 ) ),
 .UNSPECIFIED., .F., .F., .F.,
 ( 4, 1, 1, 1, 1, 1, 1, 1, 4 ),
 ( 2, 2 ),
 ( 0.000000000000000000, 0.1419274239950749916, 0.2739636370800179743, 0.3996588405541390276, 0.5209194864154180760, 0.6393681521598019168, 0.7576513546296330670, 0.8765561448324120652, 1.000000000000000000 ),
 ( 0.000000000000000000, 1.000000000000000000 ),
 .UNSPECIFIED. ) ;
#4313 = CARTESIAN_POINT ( 'NONE',  ( -0.1150652944469929828, 0.5400000000000000355, -0.4760181991672360335 ) ) ;
#4314 = CARTESIAN_POINT ( 'NONE',  ( -0.4500000000000000111, 0.2000000000000000111, 0.5000000000000000000 ) ) ;
#4315 = CARTESIAN_POINT ( 'NONE',  ( -0.1814232824275640032, 0.5410000000000000364, -0.5054078141260310852 ) ) ;
#4316 = DIRECTION ( 'NONE',  ( 0.000000000000000000, -1.000000000000000000, 0.000000000000000000 ) ) ;
#4317 = MECHANICAL_DESIGN_GEOMETRIC_PRESENTATION_REPRESENTATION (  '', ( #3482 ), #5441 ) ;
#4318 = CARTESIAN_POINT ( 'NONE',  ( -0.1717519166966499922, 0.5400000000000000355, -0.6019077612450660641 ) ) ;
#4319 = EDGE_LOOP ( 'NONE', ( #1287, #1663, #3642, #4144 ) ) ;
#4320 = CARTESIAN_POINT ( 'NONE',  ( -0.2000000000000000111, 1.277032961426900037, -0.1749999999999999889 ) ) ;
#4321 = LINE ( 'NONE', #376, #1160 ) ;
#4322 = SURFACE_SIDE_STYLE ('',( #2303 ) ) ;
#4323 = VECTOR ( 'NONE', #7907, 1000.000000000000000 ) ;
#4324 = AXIS2_PLACEMENT_3D ( 'NONE', #237, #3695, #1074 ) ;
#4325 = CARTESIAN_POINT ( 'NONE',  ( -0.5500000000000000444, 0.000000000000000000, -0.5000000000000000000 ) ) ;
#4326 = EDGE_LOOP ( 'NONE', ( #8615, #4440, #3730, #8072, #3179, #858, #849, #4309, #4536, #906, #2974, #5582, #6198, #6523, #7783, #7959, #2842, #3934, #5107, #3022, #6144, #2953, #5810, #6832, #6842, #3163, #5208, #6253 ) ) ;
#4327 = CARTESIAN_POINT ( 'NONE',  ( -0.5500000000000000444, 1.277032961426900037, -0.5999999999999999778 ) ) ;
#4328 =( GEOMETRIC_REPRESENTATION_CONTEXT ( 3 ) GLOBAL_UNCERTAINTY_ASSIGNED_CONTEXT ( ( #7829 ) ) GLOBAL_UNIT_ASSIGNED_CONTEXT ( ( #6893, #120, #4057 ) ) REPRESENTATION_CONTEXT ( 'NONE', 'WORKASPACE' ) );
#4329 = CARTESIAN_POINT ( 'NONE',  ( 0.2642115384615384976, 0.5410000000000000364, -0.4836538461538459899 ) ) ;
#4330 = ORIENTED_EDGE ( 'NONE', *, *, #2964, .F. ) ;
#4331 = FACE_OUTER_BOUND ( 'NONE', #4257, .T. ) ;
#4332 = CARTESIAN_POINT ( 'NONE',  ( 0.4266712740384614455, 0.5400000000000000355, -0.4820312499999999667 ) ) ;
#4333 =( NAMED_UNIT ( * ) PLANE_ANGLE_UNIT ( ) SI_UNIT ( $, .RADIAN. ) );
#4334 = CARTESIAN_POINT ( 'NONE',  ( -0.5500000000000000444, 0.2000000000000000111, -0.2000000000000000111 ) ) ;
#4335 = CARTESIAN_POINT ( 'NONE',  ( -0.1306239951292466062, 0.5410000000000000364, -0.4311245226758659843 ) ) ;
#4336 = LINE ( 'NONE', #622, #6541 ) ;
#4337 = CARTESIAN_POINT ( 'NONE',  ( 0.1632500000000000062, 0.5400000000000000355, -0.4836538461538459899 ) ) ;
#4338 =( LENGTH_UNIT ( ) NAMED_UNIT ( * ) SI_UNIT ( .MILLI., .METRE. ) );
#4339 = PRESENTATION_LAYER_ASSIGNMENT (  '', '', ( #4755 ) ) ;
#4340 = CARTESIAN_POINT ( 'NONE',  ( 0.5500000000000000444, 0.2000000000000000111, 0.2999999999999999889 ) ) ;
#4341 = CARTESIAN_POINT ( 'NONE',  ( 2.449293598294704997E-17, 0.3800000000000000044, -0.2000000000000000111 ) ) ;
#4342 =( GEOMETRIC_REPRESENTATION_CONTEXT ( 3 ) GLOBAL_UNCERTAINTY_ASSIGNED_CONTEXT ( ( #8434 ) ) GLOBAL_UNIT_ASSIGNED_CONTEXT ( ( #3905, #632, #669 ) ) REPRESENTATION_CONTEXT ( 'NONE', 'WORKASPACE' ) );
#4343 = ORIENTED_EDGE ( 'NONE', *, *, #5202, .T. ) ;
#4344 = ORIENTED_EDGE ( 'NONE', *, *, #4345, .T. ) ;
#4345 = EDGE_CURVE ( 'NONE', #7929, #765, #3961, .T. ) ;
#4346 = CARTESIAN_POINT ( 'NONE',  ( 0.4209503825546474509, 0.5400000000000000355, -0.5188077577960640285 ) ) ;
#4347 =( GEOMETRIC_REPRESENTATION_CONTEXT ( 3 ) GLOBAL_UNCERTAINTY_ASSIGNED_CONTEXT ( ( #1244 ) ) GLOBAL_UNIT_ASSIGNED_CONTEXT ( ( #7845, #5152, #3823 ) ) REPRESENTATION_CONTEXT ( 'NONE', 'WORKASPACE' ) );
#4348 = PLANE ( 'NONE',  #3401 ) ;
#4349 =( GEOMETRIC_REPRESENTATION_CONTEXT ( 3 ) GLOBAL_UNCERTAINTY_ASSIGNED_CONTEXT ( ( #1340 ) ) GLOBAL_UNIT_ASSIGNED_CONTEXT ( ( #5521, #2037, #1592 ) ) REPRESENTATION_CONTEXT ( 'NONE', 'WORKASPACE' ) );
#4350 = EDGE_CURVE ( 'NONE', #1945, #710, #5319, .T. ) ;
#4351 =( LENGTH_UNIT ( ) NAMED_UNIT ( * ) SI_UNIT ( .MILLI., .METRE. ) );
#4352 = EDGE_CURVE ( 'NONE', #3819, #2401, #770, .T. ) ;
#4353 = AXIS2_PLACEMENT_3D ( 'NONE', #1581, #4110, #2739 ) ;
#4354 = CARTESIAN_POINT ( 'NONE',  ( -0.2263226290615174829, 0.5410000000000000364, -0.4695595345647760044 ) ) ;
#4355 = PRESENTATION_LAYER_ASSIGNMENT (  '', '', ( #2971 ) ) ;
#4356 = CARTESIAN_POINT ( 'NONE',  ( 0.7500000000000000000, 0.5400000000000000355, -0.7500000000000000000 ) ) ;
#4357 = UNCERTAINTY_MEASURE_WITH_UNIT (LENGTH_MEASURE( 1.000000000000000082E-05 ), #3569, 'distance_accuracy_value', 'NONE');
#4358 = EDGE_CURVE ( 'NONE', #7701, #6762, #2906, .T. ) ;
#4359 = ORIENTED_EDGE ( 'NONE', *, *, #8610, .T. ) ;
#4360 = ORIENTED_EDGE ( 'NONE', *, *, #4188, .F. ) ;
#4361 = PRESENTATION_STYLE_ASSIGNMENT (( #1689 ) ) ;
#4362 = DIRECTION ( 'NONE',  ( 0.000000000000000000, -1.000000000000000000, 0.000000000000000000 ) ) ;
#4363 = CARTESIAN_POINT ( 'NONE',  ( -0.1613350114867450058, 0.5400000000000000355, -0.5002101141957380204 ) ) ;
#4364 = VECTOR ( 'NONE', #6514, 1000.000000000000000 ) ;
#4365 = DIRECTION ( 'NONE',  ( 0.000000000000000000, -1.000000000000000000, 0.000000000000000000 ) ) ;
#4366 = LINE ( 'NONE', #5854, #4272 ) ;
#4367 = SURFACE_STYLE_FILL_AREA ( #1738 ) ;
#4368 = ORIENTED_EDGE ( 'NONE', *, *, #3921, .F. ) ;
#4369 = CARTESIAN_POINT ( 'NONE',  ( 0.6378990384615390585, 0.5410000000000000364, -0.4692307692307690625 ) ) ;
#4370 = VECTOR ( 'NONE', #239, 1000.000000000000000 ) ;
#4371 = CARTESIAN_POINT ( 'NONE',  ( 0.4500000000000000111, 0.2000000000000000111, -0.5000000000000000000 ) ) ;
#4372 = PRESENTATION_LAYER_ASSIGNMENT (  '', '', ( #8130 ) ) ;
#4373 = CARTESIAN_POINT ( 'NONE',  ( 0.1000000000000000056, 0.2000000000000000111, 0.7510000000000000009 ) ) ;
#4374 = FILL_AREA_STYLE ('',( #5776 ) ) ;
#4375 = CARTESIAN_POINT ( 'NONE',  ( -0.1775772456929095022, 0.5410000000000000364, -0.3976516140232365104 ) ) ;
#4376 = VERTEX_POINT ( 'NONE', #363 ) ;
#4377 = CARTESIAN_POINT ( 'NONE',  ( 0.2642115384615384976, 0.5410000000000000364, -0.4836538461538459899 ) ) ;
#4378 = COLOUR_RGB ( '',0.6470588235294117974, 0.5176470588235293491, 0.000000000000000000 ) ;
#4379 = CARTESIAN_POINT ( 'NONE',  ( -0.1312422729754169903, 0.5400000000000000355, -0.4017943189443630159 ) ) ;
#4380 = ORIENTED_EDGE ( 'NONE', *, *, #1188, .T. ) ;
#4381 = PRESENTATION_STYLE_ASSIGNMENT (( #3168 ) ) ;
#4382 =( NAMED_UNIT ( * ) SI_UNIT ( $, .STERADIAN. ) SOLID_ANGLE_UNIT ( ) );
#4383 = CARTESIAN_POINT ( 'NONE',  ( -0.2184280353437294819, 0.5410000000000000364, -0.5626564252809389544 ) ) ;
#4384 = CARTESIAN_POINT ( 'NONE',  ( -0.1179751981033844016, 0.5400000000000000355, -0.4429788978428945145 ) ) ;
#4385 = CARTESIAN_POINT ( 'NONE',  ( -0.5500000000000000444, 0.2000000000000000111, -0.2000000000000000111 ) ) ;
#4386 = DIRECTION ( 'NONE',  ( 0.000000000000000000, -1.000000000000000000, 0.000000000000000000 ) ) ;
#4387 = DIRECTION ( 'NONE',  ( 0.000000000000000000, -1.000000000000000000, 0.000000000000000000 ) ) ;
#4388 = B_SPLINE_SURFACE_WITH_KNOTS ( 'NONE', 3, 1, ( 
 ( #1308, #8547 ),
 ( #3964, #7894 ),
 ( #5108, #1958 ),
 ( #4577, #3923 ),
 ( #6626, #647 ),
 ( #5811, #686 ),
 ( #6510, #1387 ),
 ( #4800, #859 ),
 ( #7405, #8061 ),
 ( #7979, #774 ),
 ( #7444, #2687 ),
 ( #197, #1522 ),
 ( #4748, #1480 ),
 ( #907, #5323 ),
 ( #4138, #6076 ),
 ( #64, #3484 ),
 ( #4008, #8017 ),
 ( #6667, #2806 ),
 ( #2212, #3360 ) ),
 .UNSPECIFIED., .F., .F., .F.,
 ( 4, 1, 1, 1, 1, 1, 1, 1, 1, 1, 1, 1, 1, 1, 1, 1, 4 ),
 ( 2, 2 ),
 ( 0.000000000000000000, 0.09962150616395801239, 0.1938967328192360007, 0.2837998562611225295, 0.3701727454138420415, 0.4123101010032899638, 0.4530934880386510155, 0.4930774056832900043, 0.5325119669761479990, 0.5711492613812039210, 0.6097187445698670771, 0.6481957371232249798, 0.6868104410209480148, 0.7639654307906359465, 0.8408749920078290030, 0.9191369643646190024, 1.000000000000000000 ),
 ( 0.000000000000000000, 1.000000000000000000 ),
 .UNSPECIFIED. ) ;
#4389 = DIRECTION ( 'NONE',  ( 0.000000000000000000, -1.000000000000000000, 0.000000000000000000 ) ) ;
#4390 = FILL_AREA_STYLE_COLOUR ( '', #6266 ) ;
#4391 = DIRECTION ( 'NONE',  ( 0.000000000000000000, -1.000000000000000000, 0.000000000000000000 ) ) ;
#4392 = ORIENTED_EDGE ( 'NONE', *, *, #3386, .T. ) ;
#4393 = VERTEX_POINT ( 'NONE', #2847 ) ;
#4394 = EDGE_CURVE ( 'NONE', #418, #8556, #902, .T. ) ;
#4395 = FILL_AREA_STYLE ('',( #5794 ) ) ;
#4396 = FILL_AREA_STYLE_COLOUR ( '', #576 ) ;
#4397 = ORIENTED_EDGE ( 'NONE', *, *, #7855, .T. ) ;
#4398 = ORIENTED_EDGE ( 'NONE', *, *, #6311, .T. ) ;
#4399 = LINE ( 'NONE', #7056, #2677 ) ;
#4400 = ADVANCED_FACE ( 'NONE', ( #7570 ), #1559, .T. ) ;
#4401 = COLOUR_RGB ( '',0.2000000000000000111, 0.2000000000000000111, 0.2000000000000000111 ) ;
#4402 = CARTESIAN_POINT ( 'NONE',  ( -0.7500000000000000000, 0.000000000000000000, -0.5999999999999999778 ) ) ;
#4403 = DIRECTION ( 'NONE',  ( 0.000000000000000000, -1.000000000000000000, 0.000000000000000000 ) ) ;
#4404 = PLANE ( 'NONE',  #6627 ) ;
#4405 = ORIENTED_EDGE ( 'NONE', *, *, #7508, .T. ) ;
#4406 = CARTESIAN_POINT ( 'NONE',  ( -0.1000000000000000056, 0.1000000000000000056, 0.7510000000000000009 ) ) ;
#4407 = PRESENTATION_LAYER_ASSIGNMENT (  '', '', ( #4827 ) ) ;
#4408 = DIRECTION ( 'NONE',  ( -0.5635235757706971160, 0.000000000000000000, -0.8260999815703952143 ) ) ;
#4409 = DIRECTION ( 'NONE',  ( 0.000000000000000000, 1.000000000000000000, 0.000000000000000000 ) ) ;
#4410 = DIRECTION ( 'NONE',  ( -1.000000000000000000, 0.000000000000000000, 1.445602896647339903E-16 ) ) ;
#4411 = VECTOR ( 'NONE', #8219, 1000.000000000000000 ) ;
#4412 = SURFACE_STYLE_FILL_AREA ( #1788 ) ;
#4413 = AXIS2_PLACEMENT_3D ( 'NONE', #7323, #3366, #22 ) ;
#4414 = CARTESIAN_POINT ( 'NONE',  ( -0.2308015918941705158, 0.5410000000000000364, -0.4183575532148940401 ) ) ;
#4415 = ORIENTED_EDGE ( 'NONE', *, *, #5699, .T. ) ;
#4416 = DIRECTION ( 'NONE',  ( -1.000000000000000000, 0.000000000000000000, 5.421010862427520198E-16 ) ) ;
#4417 = AXIS2_PLACEMENT_3D ( 'NONE', #6323, #6370, #368 ) ;
#4418 = CARTESIAN_POINT ( 'NONE',  ( -0.1129111762073091996, 0.5400000000000000355, -0.4106379473345435072 ) ) ;
#4419 = ORIENTED_EDGE ( 'NONE', *, *, #4836, .T. ) ;
#4420 = CARTESIAN_POINT ( 'NONE',  ( -0.2500000000000000000, 0.2000000000000000111, 0.7510000000000000009 ) ) ;
#4421 = SURFACE_SIDE_STYLE ('',( #5784 ) ) ;
#4422 = VECTOR ( 'NONE', #6623, 1000.000000000000000 ) ;
#4423 = FILL_AREA_STYLE_COLOUR ( '', #925 ) ;
#4424 = STYLED_ITEM ( 'NONE', ( #7460 ), #3334 ) ;
#4425 = CARTESIAN_POINT ( 'NONE',  ( 0.7500000000000000000, 0.000000000000000000, 0.2000000000000000111 ) ) ;
#4426 = CARTESIAN_POINT ( 'NONE',  ( -0.1122021815697672037, 0.5400000000000000355, -0.4573793852214829703 ) ) ;
#4427 = CARTESIAN_POINT ( 'NONE',  ( -0.2270211198810120068, 0.5400000000000000355, -0.4750351159331379636 ) ) ;
#4428 = EDGE_CURVE ( 'NONE', #8025, #6536, #6576, .T. ) ;
#4429 = UNCERTAINTY_MEASURE_WITH_UNIT (LENGTH_MEASURE( 1.000000000000000082E-05 ), #8110, 'distance_accuracy_value', 'NONE');
#4430 = CARTESIAN_POINT ( 'NONE',  ( 0.000000000000000000, 0.5410000000000000364, 0.000000000000000000 ) ) ;
#4431 = CARTESIAN_POINT ( 'NONE',  ( -0.7500000000000000000, 0.2000000000000000111, 0.2000000000000000111 ) ) ;
#4432 = ORIENTED_EDGE ( 'NONE', *, *, #920, .F. ) ;
#4433 = ORIENTED_EDGE ( 'NONE', *, *, #5922, .F. ) ;
#4434 = LINE ( 'NONE', #2374, #8019 ) ;
#4435 = CARTESIAN_POINT ( 'NONE',  ( 0.4500000000000000111, 0.2000000000000000111, -0.2999999999999999889 ) ) ;
#4436 = CARTESIAN_POINT ( 'NONE',  ( -0.1505234116970489977, 0.5400000000000000355, -0.4972979717602619698 ) ) ;
#4437 = CARTESIAN_POINT ( 'NONE',  ( -0.7500000000000000000, 0.5400000000000000355, -0.7500000000000000000 ) ) ;
#4438 = UNCERTAINTY_MEASURE_WITH_UNIT (LENGTH_MEASURE( 1.000000000000000082E-05 ), #324, 'distance_accuracy_value', 'NONE');
#4439 = VERTEX_POINT ( 'NONE', #1031 ) ;
#4440 = ORIENTED_EDGE ( 'NONE', *, *, #7984, .T. ) ;
#4441 = CARTESIAN_POINT ( 'NONE',  ( -0.1224468609685260001, 0.5410000000000000364, -0.5790742697570379072 ) ) ;
#4442 = EDGE_CURVE ( 'NONE', #7325, #7143, #6796, .T. ) ;
#4443 = COLOUR_RGB ( '',0.2509803921568627416, 0.2509803921568627416, 0.2509803921568627416 ) ;
#4444 = LINE ( 'NONE', #5853, #8541 ) ;
#4445 = LINE ( 'NONE', #5237, #830 ) ;
#4446 = COLOUR_RGB ( '',0.2000000000000000111, 0.2000000000000000111, 0.2000000000000000111 ) ;
#4447 = VERTEX_POINT ( 'NONE', #8190 ) ;
#4448 = DIRECTION ( 'NONE',  ( 1.000000000000000000, 0.000000000000000000, 0.000000000000000000 ) ) ;
#4449 = DIRECTION ( 'NONE',  ( -1.000000000000000000, 0.000000000000000000, 2.710505431213760099E-16 ) ) ;
#4450 =( LENGTH_UNIT ( ) NAMED_UNIT ( * ) SI_UNIT ( .MILLI., .METRE. ) );
#4451 = ADVANCED_FACE ( 'NONE', ( #4917 ), #1518, .T. ) ;
#4452 = EDGE_CURVE ( 'NONE', #1703, #5918, #3649, .T. ) ;
#4453 = PRESENTATION_STYLE_ASSIGNMENT (( #1875 ) ) ;
#4454 = LINE ( 'NONE', #5690, #2220 ) ;
#4455 = EDGE_CURVE ( 'NONE', #6675, #3222, #3857, .T. ) ;
#4456 = VERTEX_POINT ( 'NONE', #3563 ) ;
#4457 = DIRECTION ( 'NONE',  ( 0.000000000000000000, 0.000000000000000000, 1.000000000000000000 ) ) ;
#4458 = ORIENTED_EDGE ( 'NONE', *, *, #4618, .T. ) ;
#4459 =( GEOMETRIC_REPRESENTATION_CONTEXT ( 3 ) GLOBAL_UNCERTAINTY_ASSIGNED_CONTEXT ( ( #2540 ) ) GLOBAL_UNIT_ASSIGNED_CONTEXT ( ( #5240, #3828, #1828 ) ) REPRESENTATION_CONTEXT ( 'NONE', 'WORKASPACE' ) );
#4460 = DIRECTION ( 'NONE',  ( 0.000000000000000000, -1.000000000000000000, 0.000000000000000000 ) ) ;
#4461 = VECTOR ( 'NONE', #7557, 1000.000000000000000 ) ;
#4462 = CARTESIAN_POINT ( 'NONE',  ( -0.2469873920404594969, 0.5400000000000000355, -0.4397684847617845394 ) ) ;
#4463 = B_SPLINE_CURVE_WITH_KNOTS ( 'NONE', 3,
 ( #3841, #1359, #6569, #6525, #566, #3213, #5878, #3291, #7245, #7863, #1918, #1278, #616, #2009, #5921 ),
 .UNSPECIFIED., .F., .F.,
 ( 4, 1, 1, 1, 1, 1, 1, 1, 1, 1, 1, 1, 4 ),
 ( 0.000000000000000000, 0.1064867511987897947, 0.2071202954922194972, 0.3031905990350244884, 0.3961960368495939799, 0.4844883122665999964, 0.5667181480057800202, 0.6450417943492439132, 0.7209397263984730353, 0.7944785551007599311, 0.8646024331627029103, 0.9327817306265739905, 1.000000000000000000 ),
 .UNSPECIFIED. ) ;
#4464 = CARTESIAN_POINT ( 'NONE',  ( -0.2168389221960179969, 0.5400000000000000355, -0.5572890989889220936 ) ) ;
#4465 = CARTESIAN_POINT ( 'NONE',  ( -0.1120000000000000023, 0.5400000000000000355, -0.4623347355769230060 ) ) ;
#4466 = LINE ( 'NONE', #4297, #3201 ) ;
#4467 = MECHANICAL_DESIGN_GEOMETRIC_PRESENTATION_REPRESENTATION (  '', ( #179 ), #1855 ) ;
#4468 = ORIENTED_EDGE ( 'NONE', *, *, #8138, .T. ) ;
#4469 = EDGE_LOOP ( 'NONE', ( #764, #8401, #7718, #4343 ) ) ;
#4470 = EDGE_LOOP ( 'NONE', ( #6495, #3319 ) ) ;
#4471 = PRESENTATION_LAYER_ASSIGNMENT (  '', '', ( #3363 ) ) ;
#4472 = DIRECTION ( 'NONE',  ( 0.000000000000000000, 0.000000000000000000, 1.000000000000000000 ) ) ;
#4473 = CARTESIAN_POINT ( 'NONE',  ( 0.4504242788461539915, 0.5400000000000000355, -0.4000000000000000222 ) ) ;
#4474 = LINE ( 'NONE', #5052, #4582 ) ;
#4475 = VECTOR ( 'NONE', #6805, 1000.000000000000000 ) ;
#4476 = B_SPLINE_CURVE_WITH_KNOTS ( 'NONE', 3,
 ( #6726, #6812, #8073, #871, #786, #6764, #3413, #3497, #1492, #3457, #6128, #205, #2862, #2222, #4854, #1741, #4278, #292, #2941 ),
 .UNSPECIFIED., .F., .F.,
 ( 4, 1, 1, 1, 1, 1, 1, 1, 1, 1, 1, 1, 1, 1, 1, 1, 4 ),
 ( 0.000000000000000000, 0.03260048671764465000, 0.07285461635181719742, 0.1205915290385926042, 0.1761051441913480120, 0.2395814457218810034, 0.3112829218115664709, 0.3911430656288260033, 0.4796850229660070131, 0.5686855189139620181, 0.6510425802283560381, 0.7263059815257489893, 0.7946159132536430025, 0.8560058850110009443, 0.9109683376116760600, 0.9589475948667579575, 1.000000000000000000 ),
 .UNSPECIFIED. ) ;
#4477 = CARTESIAN_POINT ( 'NONE',  ( -0.2044128039268084951, 0.5400000000000000355, -0.5124955095275449679 ) ) ;
#4478 = COLOUR_RGB ( '',0.2000000000000000111, 0.2000000000000000111, 0.2000000000000000111 ) ;
#4479 = VERTEX_POINT ( 'NONE', #194 ) ;
#4480 = ORIENTED_EDGE ( 'NONE', *, *, #5432, .F. ) ;
#4481 = MECHANICAL_DESIGN_GEOMETRIC_PRESENTATION_REPRESENTATION (  '', ( #2966 ), #4347 ) ;
#4482 = AXIS2_PLACEMENT_3D ( 'NONE', #679, #225, #6139 ) ;
#4483 = FILL_AREA_STYLE ('',( #7798 ) ) ;
#4484 = SURFACE_STYLE_FILL_AREA ( #5148 ) ;
#4485 = CARTESIAN_POINT ( 'NONE',  ( -0.1677034652731130004, 0.5400000000000000355, -0.5018848954094270454 ) ) ;
#4486 = AXIS2_PLACEMENT_3D ( 'NONE', #2950, #1138, #2443 ) ;
#4487 =( GEOMETRIC_REPRESENTATION_CONTEXT ( 3 ) GLOBAL_UNCERTAINTY_ASSIGNED_CONTEXT ( ( #7140 ) ) GLOBAL_UNIT_ASSIGNED_CONTEXT ( ( #4767, #1450, #1496 ) ) REPRESENTATION_CONTEXT ( 'NONE', 'WORKASPACE' ) );
#4488 = CARTESIAN_POINT ( 'NONE',  ( 0.4500000000000000111, 0.2000000000000000111, 0.5000000000000000000 ) ) ;
#4489 = CARTESIAN_POINT ( 'NONE',  ( 0.2000000000000000111, 0.000000000000000000, -0.5000000000000000000 ) ) ;
#4490 = VERTEX_POINT ( 'NONE', #5498 ) ;
#4491 = SURFACE_SIDE_STYLE ('',( #2601 ) ) ;
#4492 =( NAMED_UNIT ( * ) SI_UNIT ( $, .STERADIAN. ) SOLID_ANGLE_UNIT ( ) );
#4493 = ADVANCED_FACE ( 'NONE', ( #2208 ), #7575, .T. ) ;
#4494 = FILL_AREA_STYLE_COLOUR ( '', #4270 ) ;
#4495 = AXIS2_PLACEMENT_3D ( 'NONE', #7565, #4391, #2961 ) ;
#4496 =( NAMED_UNIT ( * ) SI_UNIT ( $, .STERADIAN. ) SOLID_ANGLE_UNIT ( ) );
#4497 = CARTESIAN_POINT ( 'NONE',  ( -0.08350096065851139726, 0.5400000000000000355, -0.4724718610560239562 ) ) ;
#4498 = ORIENTED_EDGE ( 'NONE', *, *, #6169, .F. ) ;
#4499 = CARTESIAN_POINT ( 'NONE',  ( -0.2078383212856109996, 0.5400000000000000355, -0.4042374784279229583 ) ) ;
#4500 = ORIENTED_EDGE ( 'NONE', *, *, #8234, .T. ) ;
#4501 = FACE_OUTER_BOUND ( 'NONE', #2872, .T. ) ;
#4502 = EDGE_CURVE ( 'NONE', #8411, #2008, #3102, .T. ) ;
#4503 = LINE ( 'NONE', #5124, #3307 ) ;
#4504 = EDGE_CURVE ( 'NONE', #8269, #3039, #2223, .T. ) ;
#4505 = DIRECTION ( 'NONE',  ( -1.000000000000000000, 0.000000000000000000, 2.710505431213760099E-16 ) ) ;
#4506 = CARTESIAN_POINT ( 'NONE',  ( 0.2500000000000000000, 0.1000000000000000056, 0.7510000000000000009 ) ) ;
#4507 = VECTOR ( 'NONE', #2259, 1000.000000000000000 ) ;
#4508 = DIRECTION ( 'NONE',  ( 1.000000000000000000, 0.000000000000000000, -1.445602896647339903E-16 ) ) ;
#4509 = SURFACE_STYLE_FILL_AREA ( #5173 ) ;
#4510 = CARTESIAN_POINT ( 'NONE',  ( 0.7500000000000000000, 0.000000000000000000, -0.7500000000000000000 ) ) ;
#4511 = UNCERTAINTY_MEASURE_WITH_UNIT (LENGTH_MEASURE( 1.000000000000000082E-05 ), #1371, 'distance_accuracy_value', 'NONE');
#4512 = CARTESIAN_POINT ( 'NONE',  ( 0.3979152644230770086, 0.5400000000000000355, -0.5242187500000000666 ) ) ;
#4513 =( LENGTH_UNIT ( ) NAMED_UNIT ( * ) SI_UNIT ( .MILLI., .METRE. ) );
#4514 = VERTEX_POINT ( 'NONE', #5398 ) ;
#4515 = EDGE_CURVE ( 'NONE', #1161, #1879, #1373, .T. ) ;
#4516 = EDGE_LOOP ( 'NONE', ( #6331, #7815, #5797, #491 ) ) ;
#4517 = PLANE ( 'NONE',  #6917 ) ;
#4518 = UNCERTAINTY_MEASURE_WITH_UNIT (LENGTH_MEASURE( 1.000000000000000082E-05 ), #6970, 'distance_accuracy_value', 'NONE');
#4519 = DIRECTION ( 'NONE',  ( 0.000000000000000000, 0.000000000000000000, -1.000000000000000000 ) ) ;
#4520 = DIRECTION ( 'NONE',  ( 1.000000000000000000, 0.000000000000000000, 2.710505431213760099E-16 ) ) ;
#4521 = PLANE ( 'NONE',  #5890 ) ;
#4522 = CARTESIAN_POINT ( 'NONE',  ( -0.2147975821190085122, 0.5410000000000000364, -0.4430090090227209454 ) ) ;
#4523 = CARTESIAN_POINT ( 'NONE',  ( -0.1334142987868144059, 0.5410000000000000364, -0.5232275771166750022 ) ) ;
#4524 = EDGE_LOOP ( 'NONE', ( #6964, #5994, #8578, #6945 ) ) ;
#4525 = ORIENTED_EDGE ( 'NONE', *, *, #4717, .F. ) ;
#4526 = DIRECTION ( 'NONE',  ( 0.000000000000000000, -1.000000000000000000, 0.000000000000000000 ) ) ;
#4527 = CARTESIAN_POINT ( 'NONE',  ( -0.2015853668246364860, 0.5400000000000000355, -0.6237821767038059795 ) ) ;
#4528 = CARTESIAN_POINT ( 'NONE',  ( -0.1179910630197699983, 0.5400000000000000355, -0.5631486295770469219 ) ) ;
#4529 = DIRECTION ( 'NONE',  ( 0.3690140269754864644, 0.000000000000000000, 0.9294238257626790123 ) ) ;
#4530 = VERTEX_POINT ( 'NONE', #8051 ) ;
#4531 = CARTESIAN_POINT ( 'NONE',  ( -0.08961509512637330643, 0.5400000000000000355, -0.5709779493779300052 ) ) ;
#4532 =( NAMED_UNIT ( * ) PLANE_ANGLE_UNIT ( ) SI_UNIT ( $, .RADIAN. ) );
#4533 =( NAMED_UNIT ( * ) SI_UNIT ( $, .STERADIAN. ) SOLID_ANGLE_UNIT ( ) );
#4534 = FILL_AREA_STYLE_COLOUR ( '', #2278 ) ;
#4535 = FILL_AREA_STYLE ('',( #5869 ) ) ;
#4536 = ORIENTED_EDGE ( 'NONE', *, *, #4815, .T. ) ;
#4537 = EDGE_CURVE ( 'NONE', #840, #7169, #4651, .T. ) ;
#4538 = FILL_AREA_STYLE_COLOUR ( '', #5817 ) ;
#4539 = ORIENTED_EDGE ( 'NONE', *, *, #551, .F. ) ;
#4540 = SURFACE_SIDE_STYLE ('',( #5166 ) ) ;
#4541 = ORIENTED_EDGE ( 'NONE', *, *, #3595, .F. ) ;
#4542 = EDGE_CURVE ( 'NONE', #1153, #5225, #2028, .T. ) ;
#4543 = VECTOR ( 'NONE', #2362, 1000.000000000000000 ) ;
#4544 = CARTESIAN_POINT ( 'NONE',  ( -0.1171454048708797935, 0.5410000000000000364, -0.4080834824016479900 ) ) ;
#4545 = CARTESIAN_POINT ( 'NONE',  ( -0.2000000000000000111, 1.277032961426900037, -0.5000000000000000000 ) ) ;
#4546 =( LENGTH_UNIT ( ) NAMED_UNIT ( * ) SI_UNIT ( .MILLI., .METRE. ) );
#4547 = EDGE_CURVE ( 'NONE', #3266, #1093, #1393, .T. ) ;
#4548 = VECTOR ( 'NONE', #7285, 1000.000000000000000 ) ;
#4549 = SURFACE_STYLE_FILL_AREA ( #1921 ) ;
#4550 = MECHANICAL_DESIGN_GEOMETRIC_PRESENTATION_REPRESENTATION (  '', ( #2501 ), #6780 ) ;
#4551 = DIRECTION ( 'NONE',  ( 0.000000000000000000, -1.000000000000000000, 0.000000000000000000 ) ) ;
#4552 = FACE_OUTER_BOUND ( 'NONE', #2594, .T. ) ;
#4553 = CARTESIAN_POINT ( 'NONE',  ( 0.5500000000000000444, 0.2000000000000000111, 0.5000000000000000000 ) ) ;
#4554 = EDGE_CURVE ( 'NONE', #4728, #4114, #7261, .T. ) ;
#4555 =( NAMED_UNIT ( * ) SI_UNIT ( $, .STERADIAN. ) SOLID_ANGLE_UNIT ( ) );
#4556 = AXIS2_PLACEMENT_3D ( 'NONE', #3196, #2598, #7106 ) ;
#4557 = ORIENTED_EDGE ( 'NONE', *, *, #2505, .F. ) ;
#4558 = ORIENTED_EDGE ( 'NONE', *, *, #6734, .F. ) ;
#4559 = AXIS2_PLACEMENT_3D ( 'NONE', #127, #7419, #2990 ) ;
#4560 = EDGE_CURVE ( 'NONE', #7613, #7929, #6615, .T. ) ;
#4561 = CARTESIAN_POINT ( 'NONE',  ( 0.1962878605769229901, 0.5410000000000000364, -0.4836538461538459899 ) ) ;
#4562 = PLANE ( 'NONE',  #5141 ) ;
#4563 = EDGE_CURVE ( 'NONE', #2059, #5446, #7218, .T. ) ;
#4564 = SURFACE_STYLE_USAGE ( .BOTH. , #5932 ) ;
#4565 = EDGE_CURVE ( 'NONE', #3369, #3522, #3716, .T. ) ;
#4566 = PRESENTATION_LAYER_ASSIGNMENT (  '', '', ( #1959 ) ) ;
#4567 = DIRECTION ( 'NONE',  ( 1.000000000000000000, 0.000000000000000000, -1.355252715606881923E-15 ) ) ;
#4568 = CARTESIAN_POINT ( 'NONE',  ( -0.5500000000000000444, 0.2000000000000000111, 0.5000000000000000000 ) ) ;
#4569 = ORIENTED_EDGE ( 'NONE', *, *, #314, .F. ) ;
#4570 = ORIENTED_EDGE ( 'NONE', *, *, #5085, .T. ) ;
#4571 = PLANE ( 'NONE',  #1156 ) ;
#4572 = SURFACE_SIDE_STYLE ('',( #3312 ) ) ;
#4573 = CARTESIAN_POINT ( 'NONE',  ( -0.08811131269113729736, 0.5410000000000000364, -0.4885013738298790709 ) ) ;
#4574 = FILL_AREA_STYLE ('',( #4164 ) ) ;
#4575 = LINE ( 'NONE', #2599, #4819 ) ;
#4576 = VERTEX_POINT ( 'NONE', #7306 ) ;
#4577 = CARTESIAN_POINT ( 'NONE',  ( -0.1481892385084158104, 0.5410000000000000364, -0.6261232700638059701 ) ) ;
#4578 = LINE ( 'NONE', #5813, #4193 ) ;
#4579 = DIRECTION ( 'NONE',  ( 0.000000000000000000, 1.000000000000000000, 0.000000000000000000 ) ) ;
#4580 = PRESENTATION_STYLE_ASSIGNMENT (( #2651 ) ) ;
#4581 = CARTESIAN_POINT ( 'NONE',  ( -0.08811131269113729736, 0.5400000000000000355, -0.4885013738298790709 ) ) ;
#4582 = VECTOR ( 'NONE', #5140, 1000.000000000000000 ) ;
#4583 = ORIENTED_EDGE ( 'NONE', *, *, #7971, .T. ) ;
#4584 = SURFACE_STYLE_FILL_AREA ( #5248 ) ;
#4585 = CARTESIAN_POINT ( 'NONE',  ( -0.2308015918941705158, 0.5400000000000000355, -0.4183575532148940401 ) ) ;
#4586 = EDGE_LOOP ( 'NONE', ( #3302, #1044, #1196, #3353 ) ) ;
#4587 = DIRECTION ( 'NONE',  ( 0.000000000000000000, -1.000000000000000000, 0.000000000000000000 ) ) ;
#4588 = CARTESIAN_POINT ( 'NONE',  ( -0.2178663086785730119, 0.5400000000000000355, -0.4089782258924244962 ) ) ;
#4589 = SURFACE_STYLE_USAGE ( .BOTH. , #4021 ) ;
#4590 = VECTOR ( 'NONE', #5387, 1000.000000000000000 ) ;
#4591 = PRESENTATION_STYLE_ASSIGNMENT (( #570 ) ) ;
#4592 = MECHANICAL_DESIGN_GEOMETRIC_PRESENTATION_REPRESENTATION (  '', ( #1628 ), #164 ) ;
#4593 = CARTESIAN_POINT ( 'NONE',  ( -0.7500000000000000000, 0.000000000000000000, 0.5999999999999999778 ) ) ;
#4594 = CARTESIAN_POINT ( 'NONE',  ( 0.5890251490847639992, 0.5410000000000000364, -0.5954050832808689409 ) ) ;
#4595 = FACE_OUTER_BOUND ( 'NONE', #2911, .T. ) ;
#4596 = PRESENTATION_LAYER_ASSIGNMENT (  '', '', ( #3482 ) ) ;
#4597 = VECTOR ( 'NONE', #8193, 1000.000000000000000 ) ;
#4598 = SURFACE_SIDE_STYLE ('',( #1892 ) ) ;
#4599 = ORIENTED_EDGE ( 'NONE', *, *, #4010, .F. ) ;
#4600 = VERTEX_POINT ( 'NONE', #5977 ) ;
#4601 = VECTOR ( 'NONE', #870, 1000.000000000000000 ) ;
#4602 =( NAMED_UNIT ( * ) PLANE_ANGLE_UNIT ( ) SI_UNIT ( $, .RADIAN. ) );
#4603 = DIRECTION ( 'NONE',  ( 0.000000000000000000, 0.000000000000000000, -1.000000000000000000 ) ) ;
#4604 = CARTESIAN_POINT ( 'NONE',  ( -0.1505234116970489977, 0.5410000000000000364, -0.4972979717602619698 ) ) ;
#4605 = COLOUR_RGB ( '',0.2509803921568627416, 0.2509803921568627416, 0.2509803921568627416 ) ;
#4606 = CARTESIAN_POINT ( 'NONE',  ( 0.4101748798076924607, 0.5400000000000000355, -0.4590895432692309597 ) ) ;
#4607 = PRESENTATION_LAYER_ASSIGNMENT (  '', '', ( #2275 ) ) ;
#4608 = ORIENTED_EDGE ( 'NONE', *, *, #3657, .F. ) ;
#4609 = ORIENTED_EDGE ( 'NONE', *, *, #2010, .F. ) ;
#4610 = EDGE_CURVE ( 'NONE', #5627, #8025, #4893, .T. ) ;
#4611 = CARTESIAN_POINT ( 'NONE',  ( -0.2454160027391934507, 0.5400000000000000355, -0.5827468965645959953 ) ) ;
#4612 = UNCERTAINTY_MEASURE_WITH_UNIT (LENGTH_MEASURE( 1.000000000000000082E-05 ), #4513, 'distance_accuracy_value', 'NONE');
#4613 = ADVANCED_FACE ( 'NONE', ( #6020 ), #5231, .F. ) ;
#4614 = FACE_OUTER_BOUND ( 'NONE', #2870, .T. ) ;
#4615 = MECHANICAL_DESIGN_GEOMETRIC_PRESENTATION_REPRESENTATION (  '', ( #4051 ), #8103 ) ;
#4616 = SURFACE_STYLE_USAGE ( .BOTH. , #7934 ) ;
#4617 = MECHANICAL_DESIGN_GEOMETRIC_PRESENTATION_REPRESENTATION (  '', ( #5318 ), #1175 ) ;
#4618 = EDGE_CURVE ( 'NONE', #5292, #6133, #6873, .T. ) ;
#4619 = DIRECTION ( 'NONE',  ( 0.000000000000000000, -1.000000000000000000, 0.000000000000000000 ) ) ;
#4620 = VECTOR ( 'NONE', #4668, 1000.000000000000000 ) ;
#4621 = EDGE_LOOP ( 'NONE', ( #1035, #5871, #666, #6366, #188, #5178 ) ) ;
#4622 =( LENGTH_UNIT ( ) NAMED_UNIT ( * ) SI_UNIT ( .MILLI., .METRE. ) );
#4623 = VECTOR ( 'NONE', #7377, 1000.000000000000000 ) ;
#4624 =( NAMED_UNIT ( * ) PLANE_ANGLE_UNIT ( ) SI_UNIT ( $, .RADIAN. ) );
#4625 = VECTOR ( 'NONE', #1121, 1000.000000000000000 ) ;
#4626 = VECTOR ( 'NONE', #3592, 1000.000000000000000 ) ;
#4627 = FACE_BOUND ( 'NONE', #5074, .T. ) ;
#4628 = EDGE_LOOP ( 'NONE', ( #5791, #5376, #3506, #102 ) ) ;
#4629 = DIRECTION ( 'NONE',  ( 0.000000000000000000, 0.000000000000000000, 1.000000000000000000 ) ) ;
#4630 = DIRECTION ( 'NONE',  ( 0.000000000000000000, -1.000000000000000000, 0.000000000000000000 ) ) ;
#4631 = EDGE_LOOP ( 'NONE', ( #2975, #4047, #4039, #5345 ) ) ;
#4632 = CARTESIAN_POINT ( 'NONE',  ( -0.2000000000000000111, 0.000000000000000000, 0.5000000000000000000 ) ) ;
#4633 = EDGE_LOOP ( 'NONE', ( #2041, #2622, #2939, #8358 ) ) ;
#4634 = DIRECTION ( 'NONE',  ( -0.000000000000000000, 1.000000000000000000, 0.000000000000000000 ) ) ;
#4635 = PRESENTATION_LAYER_ASSIGNMENT (  '', '', ( #5910 ) ) ;
#4636 = CARTESIAN_POINT ( 'NONE',  ( -0.1842288140415795084, 0.5400000000000000355, -0.3983521540580525211 ) ) ;
#4637 = SURFACE_STYLE_FILL_AREA ( #1970 ) ;
#4638 = SURFACE_STYLE_USAGE ( .BOTH. , #3940 ) ;
#4639 = SURFACE_SIDE_STYLE ('',( #5430 ) ) ;
#4640 = CARTESIAN_POINT ( 'NONE',  ( -0.5125000000000000666, 0.5400000000000000355, -0.6250000000000000000 ) ) ;
#4641 = CARTESIAN_POINT ( 'NONE',  ( 0.2500000000000000000, 0.2000000000000000111, -0.7510000000000000009 ) ) ;
#4642 = STYLED_ITEM ( 'NONE', ( #7311 ), #1931 ) ;
#4643 = FILL_AREA_STYLE_COLOUR ( '', #6294 ) ;
#4644 = ORIENTED_EDGE ( 'NONE', *, *, #3344, .T. ) ;
#4645 = ORIENTED_EDGE ( 'NONE', *, *, #5143, .F. ) ;
#4646 = SURFACE_SIDE_STYLE ('',( #8616 ) ) ;
#4647 = CIRCLE ( 'NONE', #643, 0.09999999999999999167 ) ;
#4648 =( NAMED_UNIT ( * ) SI_UNIT ( $, .STERADIAN. ) SOLID_ANGLE_UNIT ( ) );
#4649 = FILL_AREA_STYLE ('',( #90 ) ) ;
#4650 = DIRECTION ( 'NONE',  ( 0.000000000000000000, -1.000000000000000000, 0.000000000000000000 ) ) ;
#4651 = LINE ( 'NONE', #2750, #2358 ) ;
#4652 = PRESENTATION_LAYER_ASSIGNMENT (  '', '', ( #3132 ) ) ;
#4653 = CARTESIAN_POINT ( 'NONE',  ( -0.2424477250215344992, 0.5400000000000000355, -0.5905840272957399995 ) ) ;
#4654 = ADVANCED_FACE ( 'NONE', ( #6142 ), #5488, .F. ) ;
#4655 = VERTEX_POINT ( 'NONE', #2321 ) ;
#4656 = VERTEX_POINT ( 'NONE', #4953 ) ;
#4657 = LINE ( 'NONE', #4128, #3837 ) ;
#4658 = EDGE_CURVE ( 'NONE', #5378, #923, #7605, .T. ) ;
#4659 = FILL_AREA_STYLE ('',( #5235 ) ) ;
#4660 = UNCERTAINTY_MEASURE_WITH_UNIT (LENGTH_MEASURE( 1.000000000000000082E-05 ), #1832, 'distance_accuracy_value', 'NONE');
#4661 = CARTESIAN_POINT ( 'NONE',  ( -0.1075130535440374097, 0.5400000000000000355, -0.5109335040086719903 ) ) ;
#4662 = UNCERTAINTY_MEASURE_WITH_UNIT (LENGTH_MEASURE( 1.000000000000000082E-05 ), #2391, 'distance_accuracy_value', 'NONE');
#4663 = EDGE_CURVE ( 'NONE', #5980, #4178, #6915, .T. ) ;
#4664 = PLANE ( 'NONE',  #6217 ) ;
#4665 = ORIENTED_EDGE ( 'NONE', *, *, #3968, .T. ) ;
#4666 = PRESENTATION_STYLE_ASSIGNMENT (( #513 ) ) ;
#4667 = CARTESIAN_POINT ( 'NONE',  ( -0.1120670742004826054, 0.5410000000000000364, -0.4606907867066820095 ) ) ;
#4668 = DIRECTION ( 'NONE',  ( -2.710505431213760099E-16, 0.000000000000000000, -1.000000000000000000 ) ) ;
#4669 = CARTESIAN_POINT ( 'NONE',  ( -0.2000000000000000111, 0.000000000000000000, -0.2500000000000000000 ) ) ;
#4670 = EDGE_CURVE ( 'NONE', #5972, #4029, #8180, .T. ) ;
#4671 = CARTESIAN_POINT ( 'NONE',  ( -0.2070178453515454930, 0.5410000000000000364, -0.5921490457062749124 ) ) ;
#4672 = VERTEX_POINT ( 'NONE', #1594 ) ;
#4673 = ORIENTED_EDGE ( 'NONE', *, *, #4187, .T. ) ;
#4674 = DIRECTION ( 'NONE',  ( -5.421010862427520198E-16, 0.000000000000000000, -1.000000000000000000 ) ) ;
#4675 = DIRECTION ( 'NONE',  ( 1.000000000000000000, 0.000000000000000000, 0.000000000000000000 ) ) ;
#4676 =( NAMED_UNIT ( * ) PLANE_ANGLE_UNIT ( ) SI_UNIT ( $, .RADIAN. ) );
#4677 = DIRECTION ( 'NONE',  ( 0.000000000000000000, -1.000000000000000000, 0.000000000000000000 ) ) ;
#4678 = VECTOR ( 'NONE', #1866, 1000.000000000000000 ) ;
#4679 = DIRECTION ( 'NONE',  ( 0.000000000000000000, 0.000000000000000000, 1.000000000000000000 ) ) ;
#4680 = CARTESIAN_POINT ( 'NONE',  ( 0.000000000000000000, 0.4299999999999999933, 0.1499999999999999944 ) ) ;
#4681 =( NAMED_UNIT ( * ) SI_UNIT ( $, .STERADIAN. ) SOLID_ANGLE_UNIT ( ) );
#4682 = ORIENTED_EDGE ( 'NONE', *, *, #5097, .T. ) ;
#4683 = PRESENTATION_LAYER_ASSIGNMENT (  '', '', ( #1378 ) ) ;
#4684 = ORIENTED_EDGE ( 'NONE', *, *, #2379, .T. ) ;
#4685 =( GEOMETRIC_REPRESENTATION_CONTEXT ( 3 ) GLOBAL_UNCERTAINTY_ASSIGNED_CONTEXT ( ( #1462 ) ) GLOBAL_UNIT_ASSIGNED_CONTEXT ( ( #1808, #5003, #494 ) ) REPRESENTATION_CONTEXT ( 'NONE', 'WORKASPACE' ) );
#4686 =( NAMED_UNIT ( * ) SI_UNIT ( $, .STERADIAN. ) SOLID_ANGLE_UNIT ( ) );
#4687 = STYLED_ITEM ( 'NONE', ( #4361 ), #653 ) ;
#4688 = FILL_AREA_STYLE_COLOUR ( '', #8342 ) ;
#4689 = AXIS2_PLACEMENT_3D ( 'NONE', #5956, #3002, #6351 ) ;
#4690 = COLOUR_RGB ( '',0.2000000000000000111, 0.2000000000000000111, 0.2000000000000000111 ) ;
#4691 = CARTESIAN_POINT ( 'NONE',  ( -0.1745344075918930093, 0.5410000000000000364, -0.5036189087178090107 ) ) ;
#4692 = CIRCLE ( 'NONE', #3849, 0.2000000000000000111 ) ;
#4693 = ORIENTED_EDGE ( 'NONE', *, *, #3700, .F. ) ;
#4694 = ORIENTED_EDGE ( 'NONE', *, *, #8231, .T. ) ;
#4695 = PLANE ( 'NONE',  #8453 ) ;
#4696 = UNCERTAINTY_MEASURE_WITH_UNIT (LENGTH_MEASURE( 1.000000000000000082E-05 ), #8543, 'distance_accuracy_value', 'NONE');
#4697 =( GEOMETRIC_REPRESENTATION_CONTEXT ( 3 ) GLOBAL_UNCERTAINTY_ASSIGNED_CONTEXT ( ( #2679 ) ) GLOBAL_UNIT_ASSIGNED_CONTEXT ( ( #810, #2764, #2075 ) ) REPRESENTATION_CONTEXT ( 'NONE', 'WORKASPACE' ) );
#4698 = EDGE_CURVE ( 'NONE', #5887, #3286, #8169, .T. ) ;
#4699 = CARTESIAN_POINT ( 'NONE',  ( -0.08327110984146508799, 0.5400000000000000355, -0.4667740546529859924 ) ) ;
#4700 = VECTOR ( 'NONE', #4234, 1000.000000000000000 ) ;
#4701 = CARTESIAN_POINT ( 'NONE',  ( 0.5794301673768039729, 0.5410000000000000364, -0.5670448023769210089 ) ) ;
#4702 = ORIENTED_EDGE ( 'NONE', *, *, #4943, .F. ) ;
#4703 = SURFACE_STYLE_FILL_AREA ( #2080 ) ;
#4704 = PRESENTATION_STYLE_ASSIGNMENT (( #4848 ) ) ;
#4705 = SURFACE_SIDE_STYLE ('',( #66 ) ) ;
#4706 = SURFACE_STYLE_FILL_AREA ( #4143 ) ;
#4707 = PRESENTATION_LAYER_ASSIGNMENT (  '', '', ( #6944 ) ) ;
#4708 = CARTESIAN_POINT ( 'NONE',  ( -0.2180828366194054735, 0.5410000000000000364, -0.5750353503210889894 ) ) ;
#4709 = EDGE_LOOP ( 'NONE', ( #4599, #8419, #3703, #8027 ) ) ;
#4710 = DIRECTION ( 'NONE',  ( 0.000000000000000000, 1.000000000000000000, 0.000000000000000000 ) ) ;
#4711 = EDGE_CURVE ( 'NONE', #5008, #7859, #8095, .T. ) ;
#4712 = ORIENTED_EDGE ( 'NONE', *, *, #4358, .F. ) ;
#4713 = LINE ( 'NONE', #1536, #5175 ) ;
#4714 = PRESENTATION_STYLE_ASSIGNMENT (( #3414 ) ) ;
#4715 = CARTESIAN_POINT ( 'NONE',  ( -0.2038399638926839952, 0.5400000000000000355, -0.5944434054260658851 ) ) ;
#4716 = SURFACE_STYLE_FILL_AREA ( #2099 ) ;
#4717 = EDGE_CURVE ( 'NONE', #6150, #3654, #1508, .T. ) ;
#4718 = STYLED_ITEM ( 'NONE', ( #1201 ), #2837 ) ;
#4719 = ADVANCED_FACE ( 'NONE', ( #5210 ), #8507, .F. ) ;
#4720 = DIRECTION ( 'NONE',  ( 0.000000000000000000, 0.000000000000000000, 1.000000000000000000 ) ) ;
#4721 =( NAMED_UNIT ( * ) PLANE_ANGLE_UNIT ( ) SI_UNIT ( $, .RADIAN. ) );
#4722 = CARTESIAN_POINT ( 'NONE',  ( 0.1035096153846152001, 0.5400000000000000355, -0.4000000000000000222 ) ) ;
#4723 = ADVANCED_FACE ( 'NONE', ( #1759 ), #1965, .T. ) ;
#4724 = FILL_AREA_STYLE_COLOUR ( '', #2126 ) ;
#4725 = ORIENTED_EDGE ( 'NONE', *, *, #3968, .F. ) ;
#4726 = AXIS2_PLACEMENT_3D ( 'NONE', #3003, #7649, #1019 ) ;
#4727 = LINE ( 'NONE', #6409, #2804 ) ;
#4728 = VERTEX_POINT ( 'NONE', #6961 ) ;
#4729 = CARTESIAN_POINT ( 'NONE',  ( -0.1638561542489219980, 0.5400000000000000355, -0.6018002568182890810 ) ) ;
#4730 = SURFACE_STYLE_FILL_AREA ( #7471 ) ;
#4731 = UNCERTAINTY_MEASURE_WITH_UNIT (LENGTH_MEASURE( 1.000000000000000082E-05 ), #5574, 'distance_accuracy_value', 'NONE');
#4732 = DIRECTION ( 'NONE',  ( 0.000000000000000000, 0.000000000000000000, 1.000000000000000000 ) ) ;
#4733 = AXIS2_PLACEMENT_3D ( 'NONE', #4431, #6397, #3686 ) ;
#4734 = CARTESIAN_POINT ( 'NONE',  ( 0.1000000000000000056, 0.2000000000000000111, -0.7500000000000000000 ) ) ;
#4735 = CARTESIAN_POINT ( 'NONE',  ( 0.5915268981111719837, 0.5410000000000000364, -0.5947592096365510450 ) ) ;
#4736 = CARTESIAN_POINT ( 'NONE',  ( -0.1358870565522899976, 0.5410000000000000364, -0.5941673548277890404 ) ) ;
#4737 = ORIENTED_EDGE ( 'NONE', *, *, #6516, .T. ) ;
#4738 = ORIENTED_EDGE ( 'NONE', *, *, #3042, .F. ) ;
#4739 = COLOUR_RGB ( '',0.2000000000000000111, 0.2000000000000000111, 0.2000000000000000111 ) ;
#4740 = PRESENTATION_LAYER_ASSIGNMENT (  '', '', ( #8085 ) ) ;
#4741 =( NAMED_UNIT ( * ) SI_UNIT ( $, .STERADIAN. ) SOLID_ANGLE_UNIT ( ) );
#4742 =( LENGTH_UNIT ( ) NAMED_UNIT ( * ) SI_UNIT ( .MILLI., .METRE. ) );
#4743 = CARTESIAN_POINT ( 'NONE',  ( -0.08315384615384618927, 0.5400000000000000355, -0.4638671875000000000 ) ) ;
#4744 = FILL_AREA_STYLE ('',( #3918 ) ) ;
#4745 =( GEOMETRIC_REPRESENTATION_CONTEXT ( 3 ) GLOBAL_UNCERTAINTY_ASSIGNED_CONTEXT ( ( #5836 ) ) GLOBAL_UNIT_ASSIGNED_CONTEXT ( ( #5641, #465, #8246 ) ) REPRESENTATION_CONTEXT ( 'NONE', 'WORKASPACE' ) );
#4746 = FACE_OUTER_BOUND ( 'NONE', #7114, .T. ) ;
#4747 = ORIENTED_EDGE ( 'NONE', *, *, #6751, .F. ) ;
#4748 = CARTESIAN_POINT ( 'NONE',  ( -0.1022123672375030018, 0.5410000000000000364, -0.6002879499601400104 ) ) ;
#4749 =( NAMED_UNIT ( * ) SI_UNIT ( $, .STERADIAN. ) SOLID_ANGLE_UNIT ( ) );
#4750 =( GEOMETRIC_REPRESENTATION_CONTEXT ( 3 ) GLOBAL_UNCERTAINTY_ASSIGNED_CONTEXT ( ( #2034 ) ) GLOBAL_UNIT_ASSIGNED_CONTEXT ( ( #559, #7678, #4496 ) ) REPRESENTATION_CONTEXT ( 'NONE', 'WORKASPACE' ) );
#4751 = DIRECTION ( 'NONE',  ( 0.000000000000000000, 1.000000000000000000, 0.000000000000000000 ) ) ;
#4752 = FILL_AREA_STYLE ('',( #7236 ) ) ;
#4753 = AXIS2_PLACEMENT_3D ( 'NONE', #3450, #4801, #8149 ) ;
#4754 = SURFACE_STYLE_FILL_AREA ( #157 ) ;
#4755 = STYLED_ITEM ( 'NONE', ( #3824 ), #5961 ) ;
#4756 = DIRECTION ( 'NONE',  ( -1.000000000000000000, 0.000000000000000000, 1.355252715606880049E-16 ) ) ;
#4757 = FACE_OUTER_BOUND ( 'NONE', #8147, .T. ) ;
#4758 = STYLED_ITEM ( 'NONE', ( #529 ), #8540 ) ;
#4759 = ORIENTED_EDGE ( 'NONE', *, *, #2414, .F. ) ;
#4760 = LINE ( 'NONE', #1535, #6686 ) ;
#4761 = ORIENTED_EDGE ( 'NONE', *, *, #5522, .T. ) ;
#4762 = EDGE_CURVE ( 'NONE', #6703, #4655, #656, .T. ) ;
#4763 = CARTESIAN_POINT ( 'NONE',  ( 0.5500000000000000444, 0.000000000000000000, -0.2999999999999999889 ) ) ;
#4764 = CARTESIAN_POINT ( 'NONE',  ( -0.2472454237555125056, 0.5410000000000000364, -0.5746032610398930096 ) ) ;
#4765 = SURFACE_SIDE_STYLE ('',( #4716 ) ) ;
#4766 = MECHANICAL_DESIGN_GEOMETRIC_PRESENTATION_REPRESENTATION (  '', ( #8520 ), #6587 ) ;
#4767 =( LENGTH_UNIT ( ) NAMED_UNIT ( * ) SI_UNIT ( .MILLI., .METRE. ) );
#4768 = PRESENTATION_LAYER_ASSIGNMENT (  '', '', ( #5901 ) ) ;
#4769 = CARTESIAN_POINT ( 'NONE',  ( 0.4500000000000000111, 0.000000000000000000, -0.2999999999999999889 ) ) ;
#4770 = SURFACE_STYLE_USAGE ( .BOTH. , #7461 ) ;
#4771 = AXIS2_PLACEMENT_3D ( 'NONE', #6048, #7994, #4106 ) ;
#4772 = FACE_OUTER_BOUND ( 'NONE', #1696, .T. ) ;
#4773 = SURFACE_SIDE_STYLE ('',( #131 ) ) ;
#4774 = EDGE_LOOP ( 'NONE', ( #6919, #7486, #8534, #511 ) ) ;
#4775 = EDGE_CURVE ( 'NONE', #7821, #2067, #5915, .T. ) ;
#4776 = DIRECTION ( 'NONE',  ( 0.000000000000000000, -1.000000000000000000, 0.000000000000000000 ) ) ;
#4777 = ORIENTED_EDGE ( 'NONE', *, *, #7865, .T. ) ;
#4778 = DIRECTION ( 'NONE',  ( 0.000000000000000000, 1.000000000000000000, 0.000000000000000000 ) ) ;
#4779 =( NAMED_UNIT ( * ) SI_UNIT ( $, .STERADIAN. ) SOLID_ANGLE_UNIT ( ) );
#4780 = PRESENTATION_LAYER_ASSIGNMENT (  '', '', ( #7007 ) ) ;
#4781 = PLANE ( 'NONE',  #6507 ) ;
#4782 = SURFACE_STYLE_FILL_AREA ( #140 ) ;
#4783 = DIRECTION ( 'NONE',  ( 0.000000000000000000, -1.000000000000000000, 0.000000000000000000 ) ) ;
#4784 = EDGE_CURVE ( 'NONE', #1790, #382, #3880, .T. ) ;
#4785 =( NAMED_UNIT ( * ) SI_UNIT ( $, .STERADIAN. ) SOLID_ANGLE_UNIT ( ) );
#4786 = EDGE_CURVE ( 'NONE', #3412, #7393, #5042, .T. ) ;
#4787 = VECTOR ( 'NONE', #1691, 1000.000000000000000 ) ;
#4788 = VERTEX_POINT ( 'NONE', #8558 ) ;
#4789 = PRESENTATION_LAYER_ASSIGNMENT (  '', '', ( #6463 ) ) ;
#4790 = ORIENTED_EDGE ( 'NONE', *, *, #3282, .T. ) ;
#4791 = CARTESIAN_POINT ( 'NONE',  ( -0.2500000000000000000, 0.1000000000000000056, -0.7500000000000000000 ) ) ;
#4792 = CARTESIAN_POINT ( 'NONE',  ( -0.4500000000000000111, 1.277032961426900037, -0.5000000000000000000 ) ) ;
#4793 = CARTESIAN_POINT ( 'NONE',  ( 0.6634999999999999787, 0.5410000000000000364, -0.4000000000000000222 ) ) ;
#4794 = MECHANICAL_DESIGN_GEOMETRIC_PRESENTATION_REPRESENTATION (  '', ( #7988 ), #2178 ) ;
#4795 = MECHANICAL_DESIGN_GEOMETRIC_PRESENTATION_REPRESENTATION (  '', ( #8552 ), #499 ) ;
#4796 = CARTESIAN_POINT ( 'NONE',  ( -0.2472964533494095285, 0.5410000000000000364, -0.5588152537271879883 ) ) ;
#4797 = UNCERTAINTY_MEASURE_WITH_UNIT (LENGTH_MEASURE( 1.000000000000000082E-05 ), #1080, 'distance_accuracy_value', 'NONE');
#4798 = CARTESIAN_POINT ( 'NONE',  ( 0.7500000000000000000, 0.5400000000000000355, 0.7500000000000000000 ) ) ;
#4799 = ORIENTED_EDGE ( 'NONE', *, *, #2755, .T. ) ;
#4800 = CARTESIAN_POINT ( 'NONE',  ( -0.1193859993700971955, 0.5410000000000000364, -0.6155629419247089507 ) ) ;
#4801 = DIRECTION ( 'NONE',  ( 0.000000000000000000, 0.000000000000000000, 1.000000000000000000 ) ) ;
#4802 = CARTESIAN_POINT ( 'NONE',  ( -0.1373425863130681712, 0.5410000000000000364, -0.4930371300675749913 ) ) ;
#4803 = ADVANCED_FACE ( 'NONE', ( #5873 ), #6599, .F. ) ;
#4804 = SURFACE_STYLE_USAGE ( .BOTH. , #200 ) ;
#4805 = DIRECTION ( 'NONE',  ( 0.000000000000000000, -1.000000000000000000, 0.000000000000000000 ) ) ;
#4806 = ORIENTED_EDGE ( 'NONE', *, *, #1611, .F. ) ;
#4807 = CARTESIAN_POINT ( 'NONE',  ( -0.008990384615384679548, 0.5410000000000000364, -0.4000000000000000222 ) ) ;
#4808 = CARTESIAN_POINT ( 'NONE',  ( 0.4500000000000000111, 0.2000000000000000111, -0.5000000000000000000 ) ) ;
#4809 = PLANE ( 'NONE',  #3452 ) ;
#4810 = CARTESIAN_POINT ( 'NONE',  ( -0.2170995668984779803, 0.5400000000000000355, -0.5781893902425889742 ) ) ;
#4811 = CARTESIAN_POINT ( 'NONE',  ( 0.3161346153846155138, 0.5400000000000000355, -0.4548076923076930234 ) ) ;
#4812 = DIRECTION ( 'NONE',  ( 0.000000000000000000, 0.000000000000000000, 1.000000000000000000 ) ) ;
#4813 = ADVANCED_FACE ( 'NONE', ( #2655 ), #5289, .T. ) ;
#4814 = VERTEX_POINT ( 'NONE', #6722 ) ;
#4815 = EDGE_CURVE ( 'NONE', #7553, #7316, #2177, .T. ) ;
#4816 = FILL_AREA_STYLE ('',( #7511 ) ) ;
#4817 = VERTEX_POINT ( 'NONE', #8117 ) ;
#4818 = EDGE_CURVE ( 'NONE', #7745, #7556, #7324, .T. ) ;
#4819 = VECTOR ( 'NONE', #8418, 1000.000000000000000 ) ;
#4820 = CARTESIAN_POINT ( 'NONE',  ( -0.1530424384314569841, 0.5410000000000000364, -0.6005498295629649874 ) ) ;
#4821 = FILL_AREA_STYLE_COLOUR ( '', #5349 ) ;
#4822 = DIRECTION ( 'NONE',  ( 0.000000000000000000, -1.000000000000000000, 0.000000000000000000 ) ) ;
#4823 = FILL_AREA_STYLE_COLOUR ( '', #4015 ) ;
#4824 = SURFACE_STYLE_FILL_AREA ( #7270 ) ;
#4825 = FILL_AREA_STYLE ('',( #3470 ) ) ;
#4826 = PRESENTATION_LAYER_ASSIGNMENT (  '', '', ( #1930 ) ) ;
#4827 = STYLED_ITEM ( 'NONE', ( #2844 ), #3638 ) ;
#4828 = CARTESIAN_POINT ( 'NONE',  ( -0.1193739557274629964, 0.5410000000000000364, -0.5708751792676950432 ) ) ;
#4829 = ORIENTED_EDGE ( 'NONE', *, *, #5985, .T. ) ;
#4830 = ORIENTED_EDGE ( 'NONE', *, *, #4990, .T. ) ;
#4831 = EDGE_CURVE ( 'NONE', #1424, #4656, #3325, .T. ) ;
#4832 = COLOUR_RGB ( '',0.2509803921568627416, 0.2509803921568627416, 0.2509803921568627416 ) ;
#4833 =( NAMED_UNIT ( * ) SI_UNIT ( $, .STERADIAN. ) SOLID_ANGLE_UNIT ( ) );
#4834 = VECTOR ( 'NONE', #5786, 1000.000000000000000 ) ;
#4835 = FILL_AREA_STYLE_COLOUR ( '', #778 ) ;
#4836 = EDGE_CURVE ( 'NONE', #6447, #8368, #23, .T. ) ;
#4837 = VECTOR ( 'NONE', #3749, 1000.000000000000000 ) ;
#4838 = SURFACE_SIDE_STYLE ('',( #4960 ) ) ;
#4839 = EDGE_CURVE ( 'NONE', #3369, #6339, #161, .T. ) ;
#4840 = STYLED_ITEM ( 'NONE', ( #381 ), #3351 ) ;
#4841 = COLOUR_RGB ( '',0.2000000000000000111, 0.2000000000000000111, 0.2000000000000000111 ) ;
#4842 = CARTESIAN_POINT ( 'NONE',  ( -0.2273846153846154905, 0.5410000000000000364, -0.4778846153846149636 ) ) ;
#4843 = LINE ( 'NONE', #8230, #7321 ) ;
#4844 = VECTOR ( 'NONE', #8483, 1000.000000000000000 ) ;
#4845 = ORIENTED_EDGE ( 'NONE', *, *, #8008, .F. ) ;
#4846 = SURFACE_SIDE_STYLE ('',( #4703 ) ) ;
#4847 = STYLED_ITEM ( 'NONE', ( #8014 ), #4285 ) ;
#4848 = SURFACE_STYLE_USAGE ( .BOTH. , #6716 ) ;
#4849 = CARTESIAN_POINT ( 'NONE',  ( -0.1179751981033844016, 0.5410000000000000364, -0.4429788978428945145 ) ) ;
#4850 = CARTESIAN_POINT ( 'NONE',  ( 0.5163846153846158860, 0.5400000000000000355, -0.4000000000000000222 ) ) ;
#4851 = CARTESIAN_POINT ( 'NONE',  ( 0.5931871847223401106, 0.5410000000000000364, -0.5902192408202610041 ) ) ;
#4852 = ORIENTED_EDGE ( 'NONE', *, *, #6903, .T. ) ;
#4853 = CARTESIAN_POINT ( 'NONE',  ( -0.2559833218123515053, 0.5400000000000000355, -0.4720121237791889968 ) ) ;
#4854 = CARTESIAN_POINT ( 'NONE',  ( -0.1334142987868144059, 0.5400000000000000355, -0.5232275771166750022 ) ) ;
#4855 = DIRECTION ( 'NONE',  ( -2.710505431213760099E-16, 0.000000000000000000, -1.000000000000000000 ) ) ;
#4856 = CARTESIAN_POINT ( 'NONE',  ( -0.2193208346437695022, 0.5410000000000000364, -0.6161236334027589967 ) ) ;
#4857 =( NAMED_UNIT ( * ) PLANE_ANGLE_UNIT ( ) SI_UNIT ( $, .RADIAN. ) );
#4858 =( NAMED_UNIT ( * ) PLANE_ANGLE_UNIT ( ) SI_UNIT ( $, .RADIAN. ) );
#4859 = CARTESIAN_POINT ( 'NONE',  ( -0.008990384615384679548, 0.5400000000000000355, -0.5067307692307689848 ) ) ;
#4860 = ORIENTED_EDGE ( 'NONE', *, *, #1075, .F. ) ;
#4861 = CARTESIAN_POINT ( 'NONE',  ( -0.03783653846153854639, 0.5400000000000000355, -0.4000000000000000222 ) ) ;
#4862 = ORIENTED_EDGE ( 'NONE', *, *, #7066, .F. ) ;
#4863 = FACE_OUTER_BOUND ( 'NONE', #6298, .T. ) ;
#4864 = CARTESIAN_POINT ( 'NONE',  ( -0.1334142987868144059, 0.5410000000000000364, -0.5232275771166750022 ) ) ;
#4865 = CARTESIAN_POINT ( 'NONE',  ( 0.3161346153846155138, 0.5410000000000000364, -0.4548076923076930234 ) ) ;
#4866 = PRESENTATION_STYLE_ASSIGNMENT (( #1637 ) ) ;
#4867 = STYLED_ITEM ( 'NONE', ( #5209 ), #6549 ) ;
#4868 =( LENGTH_UNIT ( ) NAMED_UNIT ( * ) SI_UNIT ( .MILLI., .METRE. ) );
#4869 =( NAMED_UNIT ( * ) PLANE_ANGLE_UNIT ( ) SI_UNIT ( $, .RADIAN. ) );
#4870 = VERTEX_POINT ( 'NONE', #6809 ) ;
#4871 = ORIENTED_EDGE ( 'NONE', *, *, #3031, .T. ) ;
#4872 = MECHANICAL_DESIGN_GEOMETRIC_PRESENTATION_REPRESENTATION (  '', ( #1010 ), #2670 ) ;
#4873 = CARTESIAN_POINT ( 'NONE',  ( 0.000000000000000000, 0.000000000000000000, 0.000000000000000000 ) ) ;
#4874 = EDGE_CURVE ( 'NONE', #303, #3359, #664, .T. ) ;
#4875 = DIRECTION ( 'NONE',  ( 1.000000000000000000, 0.000000000000000000, 0.000000000000000000 ) ) ;
#4876 = VECTOR ( 'NONE', #3616, 1000.000000000000000 ) ;
#4877 = MECHANICAL_DESIGN_GEOMETRIC_PRESENTATION_REPRESENTATION (  '', ( #2404 ), #7655 ) ;
#4878 = ORIENTED_EDGE ( 'NONE', *, *, #6753, .T. ) ;
#4879 = CARTESIAN_POINT ( 'NONE',  ( -0.4500000000000000111, 0.2000000000000000111, -0.5000000000000000000 ) ) ;
#4880 = EDGE_CURVE ( 'NONE', #2447, #7316, #735, .T. ) ;
#4881 = LINE ( 'NONE', #4224, #3990 ) ;
#4882 = FACE_BOUND ( 'NONE', #6579, .T. ) ;
#4883 = CARTESIAN_POINT ( 'NONE',  ( -0.1646893028846155016, 0.5410000000000000364, -0.4230769230769230171 ) ) ;
#4884 = CYLINDRICAL_SURFACE ( 'NONE', #1810, 0.07499999999999998335 ) ;
#4885 = EDGE_CURVE ( 'NONE', #3222, #5647, #2091, .T. ) ;
#4886 = MECHANICAL_DESIGN_GEOMETRIC_PRESENTATION_REPRESENTATION (  '', ( #889 ), #3768 ) ;
#4887 = ORIENTED_EDGE ( 'NONE', *, *, #7808, .T. ) ;
#4888 =( LENGTH_UNIT ( ) NAMED_UNIT ( * ) SI_UNIT ( .MILLI., .METRE. ) );
#4889 = PRESENTATION_STYLE_ASSIGNMENT (( #7499 ) ) ;
#4890 = EDGE_CURVE ( 'NONE', #8322, #765, #3409, .T. ) ;
#4891 = COLOUR_RGB ( '',0.2509803921568627416, 0.2509803921568627416, 0.2509803921568627416 ) ;
#4892 = LINE ( 'NONE', #1658, #4700 ) ;
#4893 = B_SPLINE_CURVE_WITH_KNOTS ( 'NONE', 3,
 ( #1981, #3995, #5354, #5892, #3271, #4604, #8531, #8006, #2589, #4691, #49, #6656, #5933, #2, #715, #7964, #1292, #3349, #3391 ),
 .UNSPECIFIED., .F., .F.,
 ( 4, 1, 1, 1, 1, 1, 1, 1, 1, 1, 1, 1, 1, 1, 1, 1, 4 ),
 ( 0.000000000000000000, 0.03174754161533394764, 0.07096899275954129949, 0.1185490686508463981, 0.1736615600574905049, 0.2368490480749385063, 0.3077464815700775014, 0.3863560277665040177, 0.4732015279297119847, 0.5607041871516820208, 0.6418171220863129189, 0.7172283194105169013, 0.7857839883976640571, 0.8487201595813960164, 0.9048987351730659601, 0.9553848304058389918, 1.000000000000000000 ),
 .UNSPECIFIED. ) ;
#4894 = CARTESIAN_POINT ( 'NONE',  ( -0.2330325201275414981, 0.5410000000000000364, -0.6048957690085479122 ) ) ;
#4895 = FILL_AREA_STYLE_COLOUR ( '', #2432 ) ;
#4896 = MECHANICAL_DESIGN_GEOMETRIC_PRESENTATION_REPRESENTATION (  '', ( #4755 ), #5598 ) ;
#4897 = SURFACE_STYLE_USAGE ( .BOTH. , #2908 ) ;
#4898 = CARTESIAN_POINT ( 'NONE',  ( 0.3705564903846155222, 0.5400000000000000355, -0.5644230769230770273 ) ) ;
#4899 = EDGE_LOOP ( 'NONE', ( #2339, #2724, #7680, #4609 ) ) ;
#4900 = PRESENTATION_STYLE_ASSIGNMENT (( #8164 ) ) ;
#4901 = LINE ( 'NONE', #7380, #5867 ) ;
#4902 = AXIS2_PLACEMENT_3D ( 'NONE', #4793, #6230, #2245 ) ;
#4903 = ORIENTED_EDGE ( 'NONE', *, *, #1570, .T. ) ;
#4904 = FACE_OUTER_BOUND ( 'NONE', #4319, .T. ) ;
#4905 =( GEOMETRIC_REPRESENTATION_CONTEXT ( 3 ) GLOBAL_UNCERTAINTY_ASSIGNED_CONTEXT ( ( #7395 ) ) GLOBAL_UNIT_ASSIGNED_CONTEXT ( ( #311, #1890, #6609 ) ) REPRESENTATION_CONTEXT ( 'NONE', 'WORKASPACE' ) );
#4906 = ORIENTED_EDGE ( 'NONE', *, *, #857, .F. ) ;
#4907 = CARTESIAN_POINT ( 'NONE',  ( -0.1481948182198011832, 0.5400000000000000355, -0.5994593623064339294 ) ) ;
#4908 = CARTESIAN_POINT ( 'NONE',  ( -0.1832012140673210110, 0.5400000000000000355, -0.5364583322110730856 ) ) ;
#4909 = CARTESIAN_POINT ( 'NONE',  ( -0.1306239951292466062, 0.5400000000000000355, -0.4311245226758659843 ) ) ;
#4910 = COLOUR_RGB ( '',0.6470588235294117974, 0.5176470588235293491, 0.000000000000000000 ) ;
#4911 = DIRECTION ( 'NONE',  ( -0.5629158584216018557, 0.000000000000000000, -0.8265142081885047398 ) ) ;
#4912 = DIRECTION ( 'NONE',  ( 0.000000000000000000, 1.000000000000000000, 0.000000000000000000 ) ) ;
#4913 = ORIENTED_EDGE ( 'NONE', *, *, #6211, .F. ) ;
#4914 = ORIENTED_EDGE ( 'NONE', *, *, #4226, .F. ) ;
#4915 = SURFACE_SIDE_STYLE ('',( #8225 ) ) ;
#4916 = EDGE_CURVE ( 'NONE', #2498, #5225, #4016, .T. ) ;
#4917 = FACE_OUTER_BOUND ( 'NONE', #6098, .T. ) ;
#4918 = PRESENTATION_LAYER_ASSIGNMENT (  '', '', ( #5211 ) ) ;
#4919 = STYLED_ITEM ( 'NONE', ( #8439 ), #2130 ) ;
#4920 = EDGE_CURVE ( 'NONE', #327, #7859, #202, .T. ) ;
#4921 = DIRECTION ( 'NONE',  ( 0.000000000000000000, -1.000000000000000000, 0.000000000000000000 ) ) ;
#4922 = EDGE_LOOP ( 'NONE', ( #2241, #3800, #7159, #133 ) ) ;
#4923 = ORIENTED_EDGE ( 'NONE', *, *, #4237, .F. ) ;
#4924 = ADVANCED_FACE ( 'NONE', ( #4757 ), #1774, .T. ) ;
#4925 = CARTESIAN_POINT ( 'NONE',  ( -0.1120705675905113996, 0.5410000000000000364, -0.4639624906089450107 ) ) ;
#4926 = CARTESIAN_POINT ( 'NONE',  ( 0.1323557692307691935, 0.5410000000000000364, -0.6250000000000000000 ) ) ;
#4927 = AXIS2_PLACEMENT_3D ( 'NONE', #5256, #1885, #618 ) ;
#4928 = STYLED_ITEM ( 'NONE', ( #1896 ), #2135 ) ;
#4929 = FACE_BOUND ( 'NONE', #1425, .T. ) ;
#4930 = EDGE_CURVE ( 'NONE', #3281, #6482, #3573, .T. ) ;
#4931 = CARTESIAN_POINT ( 'NONE',  ( 0.3383750000000000369, 0.5410000000000000364, -0.5644230769230770273 ) ) ;
#4932 = SURFACE_SIDE_STYLE ('',( #4367 ) ) ;
#4933 = ORIENTED_EDGE ( 'NONE', *, *, #4394, .T. ) ;
#4934 = DIRECTION ( 'NONE',  ( 0.000000000000000000, -1.000000000000000000, 0.000000000000000000 ) ) ;
#4935 = CARTESIAN_POINT ( 'NONE',  ( 0.3676718749999999813, 0.5400000000000000355, -0.4000000000000000222 ) ) ;
#4936 = LINE ( 'NONE', #1786, #8462 ) ;
#4937 = CARTESIAN_POINT ( 'NONE',  ( -0.1708641826923079921, 0.5410000000000000364, -0.6278846153846159295 ) ) ;
#4938 = PRESENTATION_STYLE_ASSIGNMENT (( #8250 ) ) ;
#4939 = ADVANCED_FACE ( 'NONE', ( #2298 ), #4884, .T. ) ;
#4940 = DIRECTION ( 'NONE',  ( -1.000000000000000000, 0.000000000000000000, 0.000000000000000000 ) ) ;
#4941 =( NAMED_UNIT ( * ) PLANE_ANGLE_UNIT ( ) SI_UNIT ( $, .RADIAN. ) );
#4942 = B_SPLINE_CURVE_WITH_KNOTS ( 'NONE', 3,
 ( #8568, #3172, #1283, #2617, #1923, #7777, #7826, #2537, #5741, #3133, #3846 ),
 .UNSPECIFIED., .F., .F.,
 ( 4, 1, 1, 1, 1, 1, 1, 1, 4 ),
 ( 0.000000000000000000, 0.1556631248086499941, 0.3025512614623009910, 0.4408923213177379785, 0.5697895411361190154, 0.6908090595716239735, 0.8023835426132559512, 0.9057478284663439405, 1.000000000000000000 ),
 .UNSPECIFIED. ) ;
#4943 = EDGE_CURVE ( 'NONE', #53, #727, #1617, .T. ) ;
#4944 = ORIENTED_EDGE ( 'NONE', *, *, #3477, .T. ) ;
#4945 = CARTESIAN_POINT ( 'NONE',  ( 0.5500000000000000444, 0.2000000000000000111, -0.5999999999999999778 ) ) ;
#4946 = ORIENTED_EDGE ( 'NONE', *, *, #3344, .F. ) ;
#4947 = FACE_OUTER_BOUND ( 'NONE', #3895, .T. ) ;
#4948 = LINE ( 'NONE', #7594, #6522 ) ;
#4949 = CARTESIAN_POINT ( 'NONE',  ( -0.2433583681278239930, 0.5410000000000000364, -0.5447473141306150568 ) ) ;
#4950 = PLANE ( 'NONE',  #148 ) ;
#4951 = DIRECTION ( 'NONE',  ( 0.000000000000000000, 1.000000000000000000, 0.000000000000000000 ) ) ;
#4952 = DIRECTION ( 'NONE',  ( -0.000000000000000000, 1.000000000000000000, 0.000000000000000000 ) ) ;
#4953 = CARTESIAN_POINT ( 'NONE',  ( -0.2104374999999999996, 0.5400000000000000355, -0.5484675480769229949 ) ) ;
#4954 = FACE_OUTER_BOUND ( 'NONE', #3715, .T. ) ;
#4955 = FILL_AREA_STYLE ('',( #8310 ) ) ;
#4956 = ORIENTED_EDGE ( 'NONE', *, *, #7470, .T. ) ;
#4957 = ORIENTED_EDGE ( 'NONE', *, *, #6382, .F. ) ;
#4958 = CARTESIAN_POINT ( 'NONE',  ( 0.4170353609128304995, 0.5400000000000000355, -0.5132937318867589749 ) ) ;
#4959 = FILL_AREA_STYLE_COLOUR ( '', #1488 ) ;
#4960 = SURFACE_STYLE_FILL_AREA ( #2327 ) ;
#4961 = AXIS2_PLACEMENT_3D ( 'NONE', #361, #6313, #6921 ) ;
#4962 = CARTESIAN_POINT ( 'NONE',  ( -0.2474822730653149783, 0.5410000000000000364, -0.5637549344553269837 ) ) ;
#4963 = SURFACE_STYLE_USAGE ( .BOTH. , #6454 ) ;
#4964 = VECTOR ( 'NONE', #6135, 1000.000000000000000 ) ;
#4965 = ORIENTED_EDGE ( 'NONE', *, *, #4880, .T. ) ;
#4966 = EDGE_LOOP ( 'NONE', ( #1332, #3403, #7167, #7710 ) ) ;
#4967 =( NAMED_UNIT ( * ) SI_UNIT ( $, .STERADIAN. ) SOLID_ANGLE_UNIT ( ) );
#4968 = VECTOR ( 'NONE', #4410, 1000.000000000000000 ) ;
#4969 = PRESENTATION_STYLE_ASSIGNMENT (( #950 ) ) ;
#4970 = VECTOR ( 'NONE', #1919, 1000.000000000000000 ) ;
#4971 = FILL_AREA_STYLE ('',( #7577 ) ) ;
#4972 = MECHANICAL_DESIGN_GEOMETRIC_PRESENTATION_REPRESENTATION (  '', ( #3993 ), #6783 ) ;
#4973 = CARTESIAN_POINT ( 'NONE',  ( -0.09505467409137041690, 0.5410000000000000364, -0.5886305017196289402 ) ) ;
#4974 = SURFACE_STYLE_USAGE ( .BOTH. , #6632 ) ;
#4975 = ORIENTED_EDGE ( 'NONE', *, *, #4237, .T. ) ;
#4976 = VECTOR ( 'NONE', #4362, 1000.000000000000000 ) ;
#4977 = LINE ( 'NONE', #4320, #5877 ) ;
#4978 = CARTESIAN_POINT ( 'NONE',  ( 0.2901730769230769780, 0.5410000000000000364, -0.6221153846153850697 ) ) ;
#4979 = CARTESIAN_POINT ( 'NONE',  ( -0.2273846153846154905, 0.5410000000000000364, -0.4778846153846149636 ) ) ;
#4980 = FACE_OUTER_BOUND ( 'NONE', #1162, .T. ) ;
#4981 = PRESENTATION_LAYER_ASSIGNMENT (  '', '', ( #132 ) ) ;
#4982 = SURFACE_STYLE_USAGE ( .BOTH. , #8204 ) ;
#4983 = CARTESIAN_POINT ( 'NONE',  ( -0.1635174278846155127, 0.5410000000000000364, -0.3971153846153844813 ) ) ;
#4984 = ORIENTED_EDGE ( 'NONE', *, *, #766, .F. ) ;
#4985 = DIRECTION ( 'NONE',  ( 0.000000000000000000, 1.000000000000000000, 0.000000000000000000 ) ) ;
#4986 = EDGE_CURVE ( 'NONE', #5647, #7327, #5856, .T. ) ;
#4987 = CARTESIAN_POINT ( 'NONE',  ( -0.1523096143662940050, 0.5400000000000000355, -0.3973880466060190075 ) ) ;
#4988 = ORIENTED_EDGE ( 'NONE', *, *, #3921, .T. ) ;
#4989 = DIRECTION ( 'NONE',  ( 0.000000000000000000, 0.000000000000000000, -1.000000000000000000 ) ) ;
#4990 = EDGE_CURVE ( 'NONE', #1836, #1609, #4575, .T. ) ;
#4991 = DIRECTION ( 'NONE',  ( 0.000000000000000000, 0.000000000000000000, -1.000000000000000000 ) ) ;
#4992 = EDGE_CURVE ( 'NONE', #1417, #3210, #2561, .T. ) ;
#4993 = CARTESIAN_POINT ( 'NONE',  ( -0.2187307692307695062, 0.5400000000000000355, -0.5683443509615390132 ) ) ;
#4994 = CARTESIAN_POINT ( 'NONE',  ( 0.3354903846153844960, 0.5410000000000000364, -0.4000000000000000222 ) ) ;
#4995 = CARTESIAN_POINT ( 'NONE',  ( 0.5500000000000000444, 0.2000000000000000111, -0.5000000000000000000 ) ) ;
#4996 = FACE_OUTER_BOUND ( 'NONE', #6918, .T. ) ;
#4997 = EDGE_CURVE ( 'NONE', #7339, #6703, #5770, .T. ) ;
#4998 = CARTESIAN_POINT ( 'NONE',  ( -0.1312422729754169903, 0.5410000000000000364, -0.4017943189443630159 ) ) ;
#4999 = CARTESIAN_POINT ( 'NONE',  ( -0.2286325245157989905, 0.5410000000000000364, -0.4165037123683594800 ) ) ;
#5000 = COLOUR_RGB ( '',0.6470588235294117974, 0.5176470588235293491, 0.000000000000000000 ) ;
#5001 = EDGE_LOOP ( 'NONE', ( #374, #3425, #8486, #1630 ) ) ;
#5002 = VERTEX_POINT ( 'NONE', #6417 ) ;
#5003 =( NAMED_UNIT ( * ) PLANE_ANGLE_UNIT ( ) SI_UNIT ( $, .RADIAN. ) );
#5004 = SURFACE_STYLE_USAGE ( .BOTH. , #7048 ) ;
#5005 = SURFACE_SIDE_STYLE ('',( #5668 ) ) ;
#5006 =( LENGTH_UNIT ( ) NAMED_UNIT ( * ) SI_UNIT ( .MILLI., .METRE. ) );
#5007 = ORIENTED_EDGE ( 'NONE', *, *, #2510, .F. ) ;
#5008 = VERTEX_POINT ( 'NONE', #4489 ) ;
#5009 = CARTESIAN_POINT ( 'NONE',  ( 0.4500000000000000111, 0.000000000000000000, 0.2999999999999999889 ) ) ;
#5010 = PRESENTATION_LAYER_ASSIGNMENT (  '', '', ( #6404 ) ) ;
#5011 = CARTESIAN_POINT ( 'NONE',  ( 0.5743924278846159748, 0.5410000000000000364, -0.5569411057692310596 ) ) ;
#5012 = PRESENTATION_LAYER_ASSIGNMENT (  '', '', ( #3889 ) ) ;
#5013 = CARTESIAN_POINT ( 'NONE',  ( 0.3383750000000000369, 0.5410000000000000364, -0.5644230769230770273 ) ) ;
#5014 =( GEOMETRIC_REPRESENTATION_CONTEXT ( 3 ) GLOBAL_UNCERTAINTY_ASSIGNED_CONTEXT ( ( #5405 ) ) GLOBAL_UNIT_ASSIGNED_CONTEXT ( ( #3626, #2489, #7770 ) ) REPRESENTATION_CONTEXT ( 'NONE', 'WORKASPACE' ) );
#5015 = CARTESIAN_POINT ( 'NONE',  ( -0.1696923076923075313, 0.5400000000000000355, -0.6019230769230770051 ) ) ;
#5016 = PRESENTATION_LAYER_ASSIGNMENT (  '', '', ( #6009 ) ) ;
#5017 = PRESENTATION_STYLE_ASSIGNMENT (( #4974 ) ) ;
#5018 = ORIENTED_EDGE ( 'NONE', *, *, #6753, .F. ) ;
#5019 = FILL_AREA_STYLE ('',( #2389 ) ) ;
#5020 = CARTESIAN_POINT ( 'NONE',  ( -0.08892307692307700739, 0.5410000000000000364, -0.5615384615384619860 ) ) ;
#5021 =( NAMED_UNIT ( * ) PLANE_ANGLE_UNIT ( ) SI_UNIT ( $, .RADIAN. ) );
#5022 = VECTOR ( 'NONE', #5377, 1000.000000000000000 ) ;
#5023 =( LENGTH_UNIT ( ) NAMED_UNIT ( * ) SI_UNIT ( .MILLI., .METRE. ) );
#5024 = DIRECTION ( 'NONE',  ( 0.000000000000000000, -1.000000000000000000, 0.000000000000000000 ) ) ;
#5025 = CARTESIAN_POINT ( 'NONE',  ( -0.2443491818503800150, 0.5410000000000000364, -0.4349514533392625504 ) ) ;
#5026 = ORIENTED_EDGE ( 'NONE', *, *, #4247, .T. ) ;
#5027 = PLANE ( 'NONE',  #7932 ) ;
#5028 = EDGE_CURVE ( 'NONE', #7519, #7169, #7804, .T. ) ;
#5029 = PRESENTATION_LAYER_ASSIGNMENT (  '', '', ( #6287 ) ) ;
#5030 = CARTESIAN_POINT ( 'NONE',  ( -0.1231946788732229958, 0.5400000000000000355, -0.4050205448594890179 ) ) ;
#5031 = ORIENTED_EDGE ( 'NONE', *, *, #7538, .F. ) ;
#5032 = LINE ( 'NONE', #8389, #7951 ) ;
#5033 = VERTEX_POINT ( 'NONE', #6591 ) ;
#5034 = CARTESIAN_POINT ( 'NONE',  ( -0.1646893028846155016, 0.5400000000000000355, -0.4230769230769230171 ) ) ;
#5035 =( GEOMETRIC_REPRESENTATION_CONTEXT ( 3 ) GLOBAL_UNCERTAINTY_ASSIGNED_CONTEXT ( ( #6712 ) ) GLOBAL_UNIT_ASSIGNED_CONTEXT ( ( #7996, #2184, #7418 ) ) REPRESENTATION_CONTEXT ( 'NONE', 'WORKASPACE' ) );
#5036 =( NAMED_UNIT ( * ) SI_UNIT ( $, .STERADIAN. ) SOLID_ANGLE_UNIT ( ) );
#5037 = FILL_AREA_STYLE ('',( #8394 ) ) ;
#5038 = FACE_OUTER_BOUND ( 'NONE', #4190, .T. ) ;
#5039 = UNCERTAINTY_MEASURE_WITH_UNIT (LENGTH_MEASURE( 1.000000000000000082E-05 ), #707, 'distance_accuracy_value', 'NONE');
#5040 = FACE_BOUND ( 'NONE', #700, .T. ) ;
#5041 = ADVANCED_FACE ( 'NONE', ( #5200 ), #3742, .T. ) ;
#5042 = LINE ( 'NONE', #2610, #684 ) ;
#5043 = STYLED_ITEM ( 'NONE', ( #7536 ), #5858 ) ;
#5044 = FACE_OUTER_BOUND ( 'NONE', #7874, .T. ) ;
#5045 = FILL_AREA_STYLE_COLOUR ( '', #3120 ) ;
#5046 = VECTOR ( 'NONE', #3429, 1000.000000000000000 ) ;
#5047 = ORIENTED_EDGE ( 'NONE', *, *, #3979, .T. ) ;
#5048 = ORIENTED_EDGE ( 'NONE', *, *, #3192, .F. ) ;
#5049 = FACE_OUTER_BOUND ( 'NONE', #450, .T. ) ;
#5050 = COLOUR_RGB ( '',0.6470588235294117974, 0.5176470588235293491, 0.000000000000000000 ) ;
#5051 = VECTOR ( 'NONE', #8518, 1000.000000000000000 ) ;
#5052 = CARTESIAN_POINT ( 'NONE',  ( 0.7500000000000000000, 0.5400000000000000355, -0.7500000000000000000 ) ) ;
#5053 = EDGE_CURVE ( 'NONE', #327, #6675, #2479, .T. ) ;
#5054 = CARTESIAN_POINT ( 'NONE',  ( -0.2263226290615174829, 0.5400000000000000355, -0.4695595345647760044 ) ) ;
#5055 = DIRECTION ( 'NONE',  ( 0.000000000000000000, -1.000000000000000000, 0.000000000000000000 ) ) ;
#5056 = UNCERTAINTY_MEASURE_WITH_UNIT (LENGTH_MEASURE( 1.000000000000000082E-05 ), #606, 'distance_accuracy_value', 'NONE');
#5057 = ORIENTED_EDGE ( 'NONE', *, *, #5366, .T. ) ;
#5058 = ORIENTED_EDGE ( 'NONE', *, *, #330, .T. ) ;
#5059 =( NAMED_UNIT ( * ) SI_UNIT ( $, .STERADIAN. ) SOLID_ANGLE_UNIT ( ) );
#5060 = CARTESIAN_POINT ( 'NONE',  ( -0.1344245876590123845, 0.5400000000000000355, -0.4918270478720350170 ) ) ;
#5061 = CARTESIAN_POINT ( 'NONE',  ( -0.1879810059838704916, 0.5410000000000000364, -0.5072036577308559613 ) ) ;
#5062 =( LENGTH_UNIT ( ) NAMED_UNIT ( * ) SI_UNIT ( .MILLI., .METRE. ) );
#5063 = VECTOR ( 'NONE', #5055, 1000.000000000000000 ) ;
#5064 = FILL_AREA_STYLE ('',( #415 ) ) ;
#5065 = LINE ( 'NONE', #7147, #2361 ) ;
#5066 = LINE ( 'NONE', #1171, #1652 ) ;
#5067 = ORIENTED_EDGE ( 'NONE', *, *, #1222, .T. ) ;
#5068 = PLANE ( 'NONE',  #2132 ) ;
#5069 = FILL_AREA_STYLE ('',( #2436 ) ) ;
#5070 = FACE_OUTER_BOUND ( 'NONE', #3813, .T. ) ;
#5071 = PLANE ( 'NONE',  #4090 ) ;
#5072 = EDGE_CURVE ( 'NONE', #3812, #1356, #7892, .T. ) ;
#5073 = PLANE ( 'NONE',  #6029 ) ;
#5074 = EDGE_LOOP ( 'NONE', ( #4214, #3872 ) ) ;
#5075 = PRESENTATION_LAYER_ASSIGNMENT (  '', '', ( #7988 ) ) ;
#5076 = DIRECTION ( 'NONE',  ( 0.000000000000000000, -1.000000000000000000, 0.000000000000000000 ) ) ;
#5077 = ORIENTED_EDGE ( 'NONE', *, *, #3241, .F. ) ;
#5078 =( NAMED_UNIT ( * ) PLANE_ANGLE_UNIT ( ) SI_UNIT ( $, .RADIAN. ) );
#5079 = VERTEX_POINT ( 'NONE', #7758 ) ;
#5080 =( LENGTH_UNIT ( ) NAMED_UNIT ( * ) SI_UNIT ( .MILLI., .METRE. ) );
#5081 = SURFACE_STYLE_FILL_AREA ( #4298 ) ;
#5082 = CARTESIAN_POINT ( 'NONE',  ( -0.08315384615384618927, 0.5410000000000000364, -0.4638671875000000000 ) ) ;
#5083 = B_SPLINE_SURFACE_WITH_KNOTS ( 'NONE', 3, 1, ( 
 ( #8565, #167 ),
 ( #8124, #247 ),
 ( #2735, #6857 ),
 ( #788, #6679 ),
 ( #918, #3539 ),
 ( #6766, #4105 ),
 ( #8031, #6130 ),
 ( #1494, #2098 ),
 ( #208, #4715 ),
 ( #3415, #7371 ),
 ( #4195, #2864 ),
 ( #2903, #6086 ),
 ( #4060, #121 ),
 ( #6729, #1448 ),
 ( #5380, #4810 ),
 ( #6203, #1623 ),
 ( #5509, #7547 ),
 ( #5554, #2819 ),
 ( #7416, #873 ) ),
 .UNSPECIFIED., .F., .F., .F.,
 ( 4, 1, 1, 1, 1, 1, 1, 1, 1, 1, 1, 1, 1, 1, 1, 1, 4 ),
 ( 2, 2 ),
 ( 0.000000000000000000, 0.09259083467514050980, 0.1793971048328795170, 0.2599509377347619665, 0.3347048696520185107, 0.4048003192398595407, 0.4699258369586039596, 0.5313573245724990679, 0.5898771355290300944, 0.6458284645049230388, 0.6994166009501400216, 0.7502368069511339277, 0.8001871430640540295, 0.8498763051487080444, 0.8992567071038830573, 0.9485769764691510675, 1.000000000000000000 ),
 ( 0.000000000000000000, 1.000000000000000000 ),
 .UNSPECIFIED. ) ;
#5084 = SURFACE_SIDE_STYLE ('',( #2454 ) ) ;
#5085 = EDGE_CURVE ( 'NONE', #7908, #4439, #5066, .T. ) ;
#5086 = CARTESIAN_POINT ( 'NONE',  ( -0.1000000000000000056, 0.5400000000000000355, -0.7500000000000000000 ) ) ;
#5087 = ORIENTED_EDGE ( 'NONE', *, *, #4698, .T. ) ;
#5088 = ORIENTED_EDGE ( 'NONE', *, *, #2010, .T. ) ;
#5089 = LINE ( 'NONE', #4305, #957 ) ;
#5090 =( LENGTH_UNIT ( ) NAMED_UNIT ( * ) SI_UNIT ( .MILLI., .METRE. ) );
#5091 = LINE ( 'NONE', #6357, #3878 ) ;
#5092 = LINE ( 'NONE', #5759, #2438 ) ;
#5093 = ORIENTED_EDGE ( 'NONE', *, *, #105, .F. ) ;
#5094 = ORIENTED_EDGE ( 'NONE', *, *, #5740, .T. ) ;
#5095 = LINE ( 'NONE', #5897, #1298 ) ;
#5096 = FILL_AREA_STYLE_COLOUR ( '', #7743 ) ;
#5097 = EDGE_CURVE ( 'NONE', #8025, #3039, #7709, .T. ) ;
#5098 = PLANE ( 'NONE',  #5259 ) ;
#5099 = VECTOR ( 'NONE', #2047, 1000.000000000000000 ) ;
#5100 = EDGE_CURVE ( 'NONE', #4112, #6762, #3826, .T. ) ;
#5101 = DIRECTION ( 'NONE',  ( -0.3470690934460499144, 0.000000000000000000, 0.9378395621717698916 ) ) ;
#5102 = DIRECTION ( 'NONE',  ( 0.000000000000000000, 1.000000000000000000, 0.000000000000000000 ) ) ;
#5103 =( NAMED_UNIT ( * ) PLANE_ANGLE_UNIT ( ) SI_UNIT ( $, .RADIAN. ) );
#5104 = ADVANCED_FACE ( 'NONE', ( #2522 ), #4404, .T. ) ;
#5105 = LINE ( 'NONE', #8417, #2508 ) ;
#5106 = VECTOR ( 'NONE', #4265, 1000.000000000000000 ) ;
#5107 = ORIENTED_EDGE ( 'NONE', *, *, #2467, .T. ) ;
#5108 = CARTESIAN_POINT ( 'NONE',  ( -0.1592974008295974797, 0.5410000000000000364, -0.6276161381440069631 ) ) ;
#5109 = LINE ( 'NONE', #7111, #2817 ) ;
#5110 = CARTESIAN_POINT ( 'NONE',  ( 0.7500000000000000000, 0.2000000000000000111, 0.5999999999999999778 ) ) ;
#5111 = COLOUR_RGB ( '',0.2000000000000000111, 0.2000000000000000111, 0.2000000000000000111 ) ;
#5112 = CARTESIAN_POINT ( 'NONE',  ( -0.1304682632838120027, 0.5410000000000000364, -0.4901530326385409864 ) ) ;
#5113 = AXIS2_PLACEMENT_3D ( 'NONE', #3051, #7241, #7906 ) ;
#5114 = SURFACE_SIDE_STYLE ('',( #2530 ) ) ;
#5115 = MECHANICAL_DESIGN_GEOMETRIC_PRESENTATION_REPRESENTATION (  '', ( #1104 ), #3719 ) ;
#5116 = VERTEX_POINT ( 'NONE', #8107 ) ;
#5117 = CARTESIAN_POINT ( 'NONE',  ( 0.4110312500000000147, 0.5410000000000000364, -0.5049729567307689182 ) ) ;
#5118 = PRESENTATION_LAYER_ASSIGNMENT (  '', '', ( #825 ) ) ;
#5119 = PRODUCT_DEFINITION_CONTEXT ( 'detailed design', #3892, 'design' ) ;
#5120 = PRESENTATION_STYLE_ASSIGNMENT (( #6388 ) ) ;
#5121 = ORIENTED_EDGE ( 'NONE', *, *, #5223, .T. ) ;
#5122 = VECTOR ( 'NONE', #4619, 1000.000000000000000 ) ;
#5123 = DIRECTION ( 'NONE',  ( 0.000000000000000000, -1.000000000000000000, 0.000000000000000000 ) ) ;
#5124 = CARTESIAN_POINT ( 'NONE',  ( 0.4166652644230769975, 0.5400000000000000355, -0.4494891826923079758 ) ) ;
#5125 = AXIS2_PLACEMENT_3D ( 'NONE', #5278, #2124, #2683 ) ;
#5126 = FILL_AREA_STYLE_COLOUR ( '', #5253 ) ;
#5127 =( GEOMETRIC_REPRESENTATION_CONTEXT ( 3 ) GLOBAL_UNCERTAINTY_ASSIGNED_CONTEXT ( ( #5350 ) ) GLOBAL_UNIT_ASSIGNED_CONTEXT ( ( #4152, #879, #6898 ) ) REPRESENTATION_CONTEXT ( 'NONE', 'WORKASPACE' ) );
#5128 = CARTESIAN_POINT ( 'NONE',  ( -0.2161616586538460116, 0.5400000000000000355, -0.5176382211538460565 ) ) ;
#5129 = LINE ( 'NONE', #482, #1530 ) ;
#5130 = DIRECTION ( 'NONE',  ( 0.000000000000000000, -1.000000000000000000, 0.000000000000000000 ) ) ;
#5131 = SURFACE_STYLE_USAGE ( .BOTH. , #5927 ) ;
#5132 = UNCERTAINTY_MEASURE_WITH_UNIT (LENGTH_MEASURE( 1.000000000000000082E-05 ), #4248, 'distance_accuracy_value', 'NONE');
#5133 = SURFACE_STYLE_FILL_AREA ( #5745 ) ;
#5134 = CARTESIAN_POINT ( 'NONE',  ( -0.1523096143662940050, 0.5400000000000000355, -0.3973880466060190075 ) ) ;
#5135 = ORIENTED_EDGE ( 'NONE', *, *, #758, .T. ) ;
#5136 = EDGE_LOOP ( 'NONE', ( #6868, #7529, #8208, #4956 ) ) ;
#5137 = ORIENTED_EDGE ( 'NONE', *, *, #1457, .F. ) ;
#5138 = DIRECTION ( 'NONE',  ( 0.000000000000000000, 0.000000000000000000, 1.000000000000000000 ) ) ;
#5139 = SURFACE_STYLE_FILL_AREA ( #2375 ) ;
#5140 = DIRECTION ( 'NONE',  ( 0.000000000000000000, -1.000000000000000000, 0.000000000000000000 ) ) ;
#5141 = AXIS2_PLACEMENT_3D ( 'NONE', #224, #892, #3428 ) ;
#5142 = FILL_AREA_STYLE ('',( #2513 ) ) ;
#5143 = EDGE_CURVE ( 'NONE', #6689, #3729, #4046, .T. ) ;
#5144 = UNCERTAINTY_MEASURE_WITH_UNIT (LENGTH_MEASURE( 1.000000000000000082E-05 ), #399, 'distance_accuracy_value', 'NONE');
#5145 = ORIENTED_EDGE ( 'NONE', *, *, #2101, .F. ) ;
#5146 = ORIENTED_EDGE ( 'NONE', *, *, #4, .F. ) ;
#5147 = DIRECTION ( 'NONE',  ( 0.000000000000000000, -1.000000000000000000, 0.000000000000000000 ) ) ;
#5148 = FILL_AREA_STYLE ('',( #2427 ) ) ;
#5149 = MECHANICAL_DESIGN_GEOMETRIC_PRESENTATION_REPRESENTATION (  '', ( #4718 ), #3604 ) ;
#5150 = B_SPLINE_CURVE_WITH_KNOTS ( 'NONE', 3,
 ( #7430, #8177, #1506, #4119, #6784, #2410, #936, #1678, #1017, #5657, #265 ),
 .UNSPECIFIED., .F., .F.,
 ( 4, 1, 1, 1, 1, 1, 1, 1, 4 ),
 ( 0.000000000000000000, 0.1419274239950749916, 0.2739636370800179743, 0.3996588405541390276, 0.5209194864154180760, 0.6393681521598019168, 0.7576513546296330670, 0.8765561448324120652, 1.000000000000000000 ),
 .UNSPECIFIED. ) ;
#5151 = CARTESIAN_POINT ( 'NONE',  ( -0.1879810059838704916, 0.5400000000000000355, -0.5072036577308559613 ) ) ;
#5152 =( NAMED_UNIT ( * ) PLANE_ANGLE_UNIT ( ) SI_UNIT ( $, .RADIAN. ) );
#5153 = CARTESIAN_POINT ( 'NONE',  ( 0.5500000000000000444, 0.2000000000000000111, -0.2000000000000000111 ) ) ;
#5154 = CARTESIAN_POINT ( 'NONE',  ( -0.1396157169164148060, 0.5400000000000000355, -0.5962602068156299673 ) ) ;
#5155 = EDGE_CURVE ( 'NONE', #1239, #8437, #2723, .T. ) ;
#5156 = DIRECTION ( 'NONE',  ( 0.000000000000000000, 0.000000000000000000, 1.000000000000000000 ) ) ;
#5157 = VECTOR ( 'NONE', #5789, 1000.000000000000000 ) ;
#5158 = ORIENTED_EDGE ( 'NONE', *, *, #5568, .T. ) ;
#5159 = DIRECTION ( 'NONE',  ( 0.000000000000000000, 0.000000000000000000, 1.000000000000000000 ) ) ;
#5160 = FILL_AREA_STYLE ('',( #4494 ) ) ;
#5161 = DIRECTION ( 'NONE',  ( 1.000000000000000000, 0.000000000000000000, 0.000000000000000000 ) ) ;
#5162 = CARTESIAN_POINT ( 'NONE',  ( -0.09143285827451838599, 0.5400000000000000355, -0.4945065783212149180 ) ) ;
#5163 = ADVANCED_FACE ( 'NONE', ( #6034 ), #2077, .F. ) ;
#5164 = ORIENTED_EDGE ( 'NONE', *, *, #1230, .T. ) ;
#5165 = EDGE_LOOP ( 'NONE', ( #7016, #5268, #3770, #6833 ) ) ;
#5166 = SURFACE_STYLE_FILL_AREA ( #3882 ) ;
#5167 = VERTEX_POINT ( 'NONE', #4006 ) ;
#5168 = COLOUR_RGB ( '',0.2000000000000000111, 0.2000000000000000111, 0.2000000000000000111 ) ;
#5169 = DIRECTION ( 'NONE',  ( 0.000000000000000000, 0.000000000000000000, -1.000000000000000000 ) ) ;
#5170 =( NAMED_UNIT ( * ) SI_UNIT ( $, .STERADIAN. ) SOLID_ANGLE_UNIT ( ) );
#5171 =( NAMED_UNIT ( * ) PLANE_ANGLE_UNIT ( ) SI_UNIT ( $, .RADIAN. ) );
#5172 = CARTESIAN_POINT ( 'NONE',  ( -0.1133886877017684092, 0.5400000000000000355, -0.4524699031995320087 ) ) ;
#5173 = FILL_AREA_STYLE ('',( #2538 ) ) ;
#5174 = CARTESIAN_POINT ( 'NONE',  ( 0.5890251490847639992, 0.5400000000000000355, -0.5954050832808689409 ) ) ;
#5175 = VECTOR ( 'NONE', #5552, 1000.000000000000000 ) ;
#5176 = CARTESIAN_POINT ( 'NONE',  ( -0.1000000000000000056, 0.2000000000000000111, -0.7510000000000000009 ) ) ;
#5177 =( NAMED_UNIT ( * ) PLANE_ANGLE_UNIT ( ) SI_UNIT ( $, .RADIAN. ) );
#5178 = ORIENTED_EDGE ( 'NONE', *, *, #6164, .F. ) ;
#5179 = ORIENTED_EDGE ( 'NONE', *, *, #7651, .T. ) ;
#5180 = MECHANICAL_DESIGN_GEOMETRIC_PRESENTATION_REPRESENTATION (  '', ( #7675 ), #747 ) ;
#5181 = DIRECTION ( 'NONE',  ( 0.000000000000000000, -1.000000000000000000, 0.000000000000000000 ) ) ;
#5182 = DIRECTION ( 'NONE',  ( 0.000000000000000000, -1.000000000000000000, 0.000000000000000000 ) ) ;
#5183 = EDGE_CURVE ( 'NONE', #95, #8368, #8586, .T. ) ;
#5184 = DIRECTION ( 'NONE',  ( 0.000000000000000000, -1.000000000000000000, 0.000000000000000000 ) ) ;
#5185 =( GEOMETRIC_REPRESENTATION_CONTEXT ( 3 ) GLOBAL_UNCERTAINTY_ASSIGNED_CONTEXT ( ( #7931 ) ) GLOBAL_UNIT_ASSIGNED_CONTEXT ( ( #6423, #1087, #6385 ) ) REPRESENTATION_CONTEXT ( 'NONE', 'WORKASPACE' ) );
#5186 = SURFACE_STYLE_USAGE ( .BOTH. , #7963 ) ;
#5187 =( GEOMETRIC_REPRESENTATION_CONTEXT ( 3 ) GLOBAL_UNCERTAINTY_ASSIGNED_CONTEXT ( ( #8519 ) ) GLOBAL_UNIT_ASSIGNED_CONTEXT ( ( #5928, #38, #7299 ) ) REPRESENTATION_CONTEXT ( 'NONE', 'WORKASPACE' ) );
#5188 = CARTESIAN_POINT ( 'NONE',  ( 0.3161346153846155138, 0.5410000000000000364, -0.4548076923076930234 ) ) ;
#5189 = ORIENTED_EDGE ( 'NONE', *, *, #6641, .F. ) ;
#5190 = ORIENTED_EDGE ( 'NONE', *, *, #5198, .F. ) ;
#5191 = DIRECTION ( 'NONE',  ( 0.000000000000000000, -1.000000000000000000, 0.000000000000000000 ) ) ;
#5192 = VECTOR ( 'NONE', #4255, 1000.000000000000000 ) ;
#5193 = CARTESIAN_POINT ( 'NONE',  ( -0.2299661264988764886, 0.5400000000000000355, -0.6080094086690659427 ) ) ;
#5194 = CARTESIAN_POINT ( 'NONE',  ( -0.2161616586538460116, 0.5410000000000000364, -0.5176382211538460565 ) ) ;
#5196 = EDGE_CURVE ( 'NONE', #1093, #1849, #488, .T. ) ;
#5195 = DIRECTION ( 'NONE',  ( 1.445602896647339903E-16, 0.000000000000000000, 1.000000000000000000 ) ) ;
#5197 = PRESENTATION_LAYER_ASSIGNMENT (  '', '', ( #7835 ) ) ;
#5198 = EDGE_CURVE ( 'NONE', #3522, #2996, #3402, .T. ) ;
#5199 = CARTESIAN_POINT ( 'NONE',  ( -0.1208132449475146086, 0.5400000000000000355, -0.5751034358404409907 ) ) ;
#5200 = FACE_OUTER_BOUND ( 'NONE', #252, .T. ) ;
#5201 = ORIENTED_EDGE ( 'NONE', *, *, #5462, .T. ) ;
#5202 = EDGE_CURVE ( 'NONE', #8118, #3608, #5279, .T. ) ;
#5203 = DIRECTION ( 'NONE',  ( 0.000000000000000000, 0.000000000000000000, 1.000000000000000000 ) ) ;
#5204 = LINE ( 'NONE', #5110, #2910 ) ;
#5205 = CARTESIAN_POINT ( 'NONE',  ( -0.4500000000000000111, 0.2000000000000000111, -0.5000000000000000000 ) ) ;
#5206 = VECTOR ( 'NONE', #5865, 1000.000000000000000 ) ;
#5207 = CARTESIAN_POINT ( 'NONE',  ( -0.1075130535440374097, 0.5400000000000000355, -0.5109335040086719903 ) ) ;
#5208 = ORIENTED_EDGE ( 'NONE', *, *, #8171, .T. ) ;
#5209 = PRESENTATION_STYLE_ASSIGNMENT (( #2572 ) ) ;
#5210 = FACE_OUTER_BOUND ( 'NONE', #8168, .T. ) ;
#5211 = STYLED_ITEM ( 'NONE', ( #3453 ), #1724 ) ;
#5212 = PRESENTATION_LAYER_ASSIGNMENT (  '', '', ( #1484 ) ) ;
#5213 = CARTESIAN_POINT ( 'NONE',  ( -0.2267916516456014997, 0.5410000000000000364, -0.4148870160340669688 ) ) ;
#5214 = EDGE_CURVE ( 'NONE', #1021, #1116, #725, .T. ) ;
#5215 = ORIENTED_EDGE ( 'NONE', *, *, #7350, .T. ) ;
#5216 = CARTESIAN_POINT ( 'NONE',  ( -0.1051881125260733935, 0.5410000000000000364, -0.4163104726954774404 ) ) ;
#5217 = DIRECTION ( 'NONE',  ( -0.5600739035159482127, 0.000000000000000000, -0.8284426489506732105 ) ) ;
#5218 = EDGE_CURVE ( 'NONE', #4479, #5357, #2125, .T. ) ;
#5219 = PLANE ( 'NONE',  #1473 ) ;
#5220 = PLANE ( 'NONE',  #3631 ) ;
#5221 = CARTESIAN_POINT ( 'NONE',  ( 0.6943293269230770282, 0.5410000000000000364, -0.4000000000000000222 ) ) ;
#5222 = CARTESIAN_POINT ( 'NONE',  ( 0.4089595307239590194, 0.5400000000000000355, -0.5080239254661839121 ) ) ;
#5223 = EDGE_CURVE ( 'NONE', #7613, #8322, #683, .T. ) ;
#5224 =( NAMED_UNIT ( * ) SI_UNIT ( $, .STERADIAN. ) SOLID_ANGLE_UNIT ( ) );
#5225 = VERTEX_POINT ( 'NONE', #5320 ) ;
#5226 = VERTEX_POINT ( 'NONE', #7977 ) ;
#5227 = UNCERTAINTY_MEASURE_WITH_UNIT (LENGTH_MEASURE( 1.000000000000000082E-05 ), #278, 'distance_accuracy_value', 'NONE');
#5228 =( NAMED_UNIT ( * ) SI_UNIT ( $, .STERADIAN. ) SOLID_ANGLE_UNIT ( ) );
#5229 = DIRECTION ( 'NONE',  ( -2.710505431213760099E-16, 0.000000000000000000, 1.000000000000000000 ) ) ;
#5230 = FILL_AREA_STYLE ('',( #582 ) ) ;
#5231 = CYLINDRICAL_SURFACE ( 'NONE', #3040, 0.09999999999999999167 ) ;
#5232 = CARTESIAN_POINT ( 'NONE',  ( -0.1284741023004244143, 0.5410000000000000364, -0.5215170149476210382 ) ) ;
#5233 = ORIENTED_EDGE ( 'NONE', *, *, #2895, .F. ) ;
#5234 = ORIENTED_EDGE ( 'NONE', *, *, #6384, .T. ) ;
#5235 = FILL_AREA_STYLE_COLOUR ( '', #8403 ) ;
#5236 = DIRECTION ( 'NONE',  ( -1.000000000000000000, 0.000000000000000000, 0.000000000000000000 ) ) ;
#5237 = CARTESIAN_POINT ( 'NONE',  ( -0.7500000000000000000, 0.5400000000000000355, -0.7500000000000000000 ) ) ;
#5238 = SURFACE_STYLE_USAGE ( .BOTH. , #460 ) ;
#5239 = ORIENTED_EDGE ( 'NONE', *, *, #7654, .T. ) ;
#5240 =( LENGTH_UNIT ( ) NAMED_UNIT ( * ) SI_UNIT ( .MILLI., .METRE. ) );
#5241 = DIRECTION ( 'NONE',  ( 0.000000000000000000, 0.000000000000000000, 1.000000000000000000 ) ) ;
#5242 =( NAMED_UNIT ( * ) PLANE_ANGLE_UNIT ( ) SI_UNIT ( $, .RADIAN. ) );
#5243 = DIRECTION ( 'NONE',  ( 0.000000000000000000, -1.000000000000000000, 0.000000000000000000 ) ) ;
#5244 = CARTESIAN_POINT ( 'NONE',  ( 0.2699807692307689688, 0.5410000000000000364, -0.6221153846153850697 ) ) ;
#5245 = PRESENTATION_STYLE_ASSIGNMENT (( #6121 ) ) ;
#5246 = DIRECTION ( 'NONE',  ( 1.445602896647339903E-16, 0.000000000000000000, 1.000000000000000000 ) ) ;
#5247 = ORIENTED_EDGE ( 'NONE', *, *, #5053, .T. ) ;
#5248 = FILL_AREA_STYLE ('',( #5914 ) ) ;
#5249 = STYLED_ITEM ( 'NONE', ( #6087 ), #3808 ) ;
#5250 =( NAMED_UNIT ( * ) PLANE_ANGLE_UNIT ( ) SI_UNIT ( $, .RADIAN. ) );
#5251 = DIRECTION ( 'NONE',  ( -1.000000000000000000, 0.000000000000000000, 0.000000000000000000 ) ) ;
#5252 = ORIENTED_EDGE ( 'NONE', *, *, #691, .T. ) ;
#5253 = COLOUR_RGB ( '',0.2000000000000000111, 0.2000000000000000111, 0.2000000000000000111 ) ;
#5254 = CARTESIAN_POINT ( 'NONE',  ( 0.5500000000000000444, 0.000000000000000000, -0.5000000000000000000 ) ) ;
#5255 = VECTOR ( 'NONE', #571, 1000.000000000000000 ) ;
#5256 = CARTESIAN_POINT ( 'NONE',  ( -0.2500000000000000000, 0.2000000000000000111, -0.7510000000000000009 ) ) ;
#5257 = CIRCLE ( 'NONE', #4413, 0.09999999999999999167 ) ;
#5258 = CARTESIAN_POINT ( 'NONE',  ( 0.5743924278846159748, 0.5400000000000000355, -0.5569411057692310596 ) ) ;
#5259 = AXIS2_PLACEMENT_3D ( 'NONE', #5358, #54, #1259 ) ;
#5260 = ADVANCED_FACE ( 'NONE', ( #4746 ), #4664, .T. ) ;
#5261 = DIRECTION ( 'NONE',  ( 0.000000000000000000, 0.000000000000000000, -1.000000000000000000 ) ) ;
#5262 = COLOUR_RGB ( '',0.6470588235294117974, 0.5176470588235293491, 0.000000000000000000 ) ;
#5263 = LINE ( 'NONE', #6575, #1469 ) ;
#5264 = VECTOR ( 'NONE', #4389, 1000.000000000000000 ) ;
#5265 = EDGE_CURVE ( 'NONE', #2924, #3627, #2848, .T. ) ;
#5266 = VECTOR ( 'NONE', #4403, 1000.000000000000000 ) ;
#5267 = ORIENTED_EDGE ( 'NONE', *, *, #6590, .T. ) ;
#5268 = ORIENTED_EDGE ( 'NONE', *, *, #4885, .F. ) ;
#5269 = AXIS2_PLACEMENT_3D ( 'NONE', #6644, #6006, #5261 ) ;
#5270 = EDGE_CURVE ( 'NONE', #7327, #2067, #281, .T. ) ;
#5271 = DIRECTION ( 'NONE',  ( 1.000000000000000000, 0.000000000000000000, 0.000000000000000000 ) ) ;
#5272 = CARTESIAN_POINT ( 'NONE',  ( -0.7500000000000000000, 0.000000000000000000, -0.5999999999999999778 ) ) ;
#5273 = CARTESIAN_POINT ( 'NONE',  ( -0.2299661264988764886, 0.5400000000000000355, -0.6080094086690659427 ) ) ;
#5274 = ORIENTED_EDGE ( 'NONE', *, *, #3702, .T. ) ;
#5275 = ORIENTED_EDGE ( 'NONE', *, *, #3777, .F. ) ;
#5276 = CARTESIAN_POINT ( 'NONE',  ( 0.2699807692307689688, 0.5410000000000000364, -0.6221153846153850697 ) ) ;
#5277 = SURFACE_STYLE_FILL_AREA ( #2642 ) ;
#5278 = CARTESIAN_POINT ( 'NONE',  ( 0.000000000000000000, 0.3800000000000000044, 1.626303258728255172E-16 ) ) ;
#5279 = LINE ( 'NONE', #4136, #5382 ) ;
#5280 = ORIENTED_EDGE ( 'NONE', *, *, #266, .F. ) ;
#5281 = PRESENTATION_LAYER_ASSIGNMENT (  '', '', ( #7496 ) ) ;
#5282 = PLANE ( 'NONE',  #6312 ) ;
#5283 = CARTESIAN_POINT ( 'NONE',  ( 0.1035096153846152001, 0.5410000000000000364, -0.5326923076923080203 ) ) ;
#5284 = CARTESIAN_POINT ( 'NONE',  ( 0.5163846153846158860, 0.5410000000000000364, -0.4000000000000000222 ) ) ;
#5285 = SURFACE_STYLE_FILL_AREA ( #4535 ) ;
#5286 = AXIS2_PLACEMENT_3D ( 'NONE', #1627, #3712, #6340 ) ;
#5287 = ORIENTED_EDGE ( 'NONE', *, *, #7535, .T. ) ;
#5288 = FACE_OUTER_BOUND ( 'NONE', #216, .T. ) ;
#5289 = PLANE ( 'NONE',  #1258 ) ;
#5290 = ORIENTED_EDGE ( 'NONE', *, *, #992, .T. ) ;
#5291 = DIRECTION ( 'NONE',  ( -2.710505431213769960E-16, 0.000000000000000000, -1.000000000000000000 ) ) ;
#5292 = VERTEX_POINT ( 'NONE', #2972 ) ;
#5293 = CARTESIAN_POINT ( 'NONE',  ( 0.5500000000000000444, 0.2000000000000000111, 0.2000000000000000111 ) ) ;
#5294 = LINE ( 'NONE', #1969, #5537 ) ;
#5295 = PRESENTATION_LAYER_ASSIGNMENT (  '', '', ( #7372 ) ) ;
#5296 = CARTESIAN_POINT ( 'NONE',  ( -0.2474822730653149783, 0.5410000000000000364, -0.5637549344553269837 ) ) ;
#5297 = CYLINDRICAL_SURFACE ( 'NONE', #7816, 0.09999999999999999167 ) ;
#5298 = LINE ( 'NONE', #7297, #2792 ) ;
#5299 = EDGE_CURVE ( 'NONE', #7256, #5312, #4843, .T. ) ;
#5300 = CARTESIAN_POINT ( 'NONE',  ( 0.000000000000000000, 0.5400000000000000355, -0.2999999999999999889 ) ) ;
#5301 = CARTESIAN_POINT ( 'NONE',  ( 0.5500000000000000444, 0.2000000000000000111, 0.5999999999999999778 ) ) ;
#5302 = VECTOR ( 'NONE', #3233, 1000.000000000000000 ) ;
#5303 = CARTESIAN_POINT ( 'NONE',  ( -0.7500000000000000000, 0.2000000000000000111, 0.5999999999999999778 ) ) ;
#5304 = ORIENTED_EDGE ( 'NONE', *, *, #2243, .F. ) ;
#5305 = EDGE_LOOP ( 'NONE', ( #4274, #5479, #4415, #3341 ) ) ;
#5306 = VECTOR ( 'NONE', #6286, 1000.000000000000000 ) ;
#5307 = SURFACE_STYLE_FILL_AREA ( #4649 ) ;
#5308 = ADVANCED_FACE ( 'NONE', ( #2930 ), #946, .T. ) ;
#5309 = PLANE ( 'NONE',  #6709 ) ;
#5310 = CARTESIAN_POINT ( 'NONE',  ( -0.03783653846153854639, 0.5410000000000000364, -0.4000000000000000222 ) ) ;
#5311 = CARTESIAN_POINT ( 'NONE',  ( -0.2078653365166404920, 0.5410000000000000364, -0.5463053548964109662 ) ) ;
#5312 = VERTEX_POINT ( 'NONE', #7571 ) ;
#5313 = EDGE_LOOP ( 'NONE', ( #1682, #1489, #4017, #4830, #6659, #7746 ) ) ;
#5314 = B_SPLINE_CURVE_WITH_KNOTS ( 'NONE', 3,
 ( #6159, #201, #1616, #1651, #7578, #2937, #8241, #371, #2898, #5505, #6982, #2253, #911, #6807, #4883 ),
 .UNSPECIFIED., .F., .F.,
 ( 4, 1, 1, 1, 1, 1, 1, 1, 1, 1, 1, 1, 4 ),
 ( 0.000000000000000000, 0.09258405613722300864, 0.1779089771466169922, 0.2571497767112270183, 0.3310484894708830006, 0.4028717590578285157, 0.4772266214890830138, 0.5551466485633470560, 0.6386917438525029356, 0.7256184146555529901, 0.8136803073338539916, 0.9048999782917559465, 1.000000000000000000 ),
 .UNSPECIFIED. ) ;
#5315 = SURFACE_SIDE_STYLE ('',( #6660 ) ) ;
#5316 = UNCERTAINTY_MEASURE_WITH_UNIT (LENGTH_MEASURE( 1.000000000000000082E-05 ), #8151, 'distance_accuracy_value', 'NONE');
#5317 =( NAMED_UNIT ( * ) PLANE_ANGLE_UNIT ( ) SI_UNIT ( $, .RADIAN. ) );
#5318 = STYLED_ITEM ( 'NONE', ( #7002 ), #8504 ) ;
#5319 = LINE ( 'NONE', #8583, #974 ) ;
#5320 = CARTESIAN_POINT ( 'NONE',  ( -0.7500000000000000000, 0.000000000000000000, -0.5999999999999999778 ) ) ;
#5321 = COLOUR_RGB ( '',0.2000000000000000111, 0.2000000000000000111, 0.2000000000000000111 ) ;
#5322 = ORIENTED_EDGE ( 'NONE', *, *, #7271, .T. ) ;
#5323 = CARTESIAN_POINT ( 'NONE',  ( -0.09873838483249990083, 0.5400000000000000355, -0.5952957566596129846 ) ) ;
#5324 = CYLINDRICAL_SURFACE ( 'NONE', #2826, 0.2000000000000000111 ) ;
#5325 = VECTOR ( 'NONE', #794, 1000.000000000000000 ) ;
#5326 = CARTESIAN_POINT ( 'NONE',  ( -0.1120000000000000023, 0.5410000000000000364, -0.4623347355769230060 ) ) ;
#5327 = CARTESIAN_POINT ( 'NONE',  ( 0.4500000000000000111, 0.2000000000000000111, 0.5000000000000000000 ) ) ;
#5328 = VECTOR ( 'NONE', #5195, 1000.000000000000000 ) ;
#5329 = VECTOR ( 'NONE', #6684, 1000.000000000000000 ) ;
#5330 = EDGE_LOOP ( 'NONE', ( #6224, #2657, #3410, #2791 ) ) ;
#5331 = DIRECTION ( 'NONE',  ( 0.000000000000000000, 1.000000000000000000, 0.000000000000000000 ) ) ;
#5332 = CARTESIAN_POINT ( 'NONE',  ( -0.2000000000000000111, 0.000000000000000000, -0.5000000000000000000 ) ) ;
#5333 = CARTESIAN_POINT ( 'NONE',  ( -0.1842288140415795084, 0.5410000000000000364, -0.3983521540580525211 ) ) ;
#5334 = EDGE_LOOP ( 'NONE', ( #7960, #5605, #8597, #1511 ) ) ;
#5335 = CARTESIAN_POINT ( 'NONE',  ( 0.1035096153846152001, 0.5400000000000000355, -0.6250000000000000000 ) ) ;
#5336 = AXIS2_PLACEMENT_3D ( 'NONE', #8444, #2465, #8274 ) ;
#5337 = LINE ( 'NONE', #2783, #2365 ) ;
#5338 =( LENGTH_UNIT ( ) NAMED_UNIT ( * ) SI_UNIT ( .MILLI., .METRE. ) );
#5339 = CARTESIAN_POINT ( 'NONE',  ( 0.000000000000000000, 0.4299999999999999933, 1.626303258728255172E-16 ) ) ;
#5340 =( NAMED_UNIT ( * ) PLANE_ANGLE_UNIT ( ) SI_UNIT ( $, .RADIAN. ) );
#5341 = LINE ( 'NONE', #3981, #1113 ) ;
#5342 = LINE ( 'NONE', #2787, #1608 ) ;
#5343 = AXIS2_PLACEMENT_3D ( 'NONE', #4926, #6759, #2853 ) ;
#5344 =( GEOMETRIC_REPRESENTATION_CONTEXT ( 3 ) GLOBAL_UNCERTAINTY_ASSIGNED_CONTEXT ( ( #5848 ) ) GLOBAL_UNIT_ASSIGNED_CONTEXT ( ( #8360, #3646, #7788 ) ) REPRESENTATION_CONTEXT ( 'NONE', 'WORKASPACE' ) );
#5345 = ORIENTED_EDGE ( 'NONE', *, *, #1066, .T. ) ;
#5346 = ORIENTED_EDGE ( 'NONE', *, *, #3185, .F. ) ;
#5347 = CARTESIAN_POINT ( 'NONE',  ( -0.1177692307692307927, 0.5410000000000000364, -0.5615384615384619860 ) ) ;
#5348 = VECTOR ( 'NONE', #3044, 1000.000000000000000 ) ;
#5349 = COLOUR_RGB ( '',0.6470588235294117974, 0.5176470588235293491, 0.000000000000000000 ) ;
#5350 = UNCERTAINTY_MEASURE_WITH_UNIT (LENGTH_MEASURE( 1.000000000000000082E-05 ), #4152, 'distance_accuracy_value', 'NONE');
#5351 = SURFACE_SIDE_STYLE ('',( #7428 ) ) ;
#5352 = CARTESIAN_POINT ( 'NONE',  ( 0.4044838670822235027, 0.5410000000000000364, -0.5146030831235119951 ) ) ;
#5353 = CARTESIAN_POINT ( 'NONE',  ( 0.7500000000000000000, 1.277032961426900037, 0.2000000000000000111 ) ) ;
#5354 = CARTESIAN_POINT ( 'NONE',  ( -0.1391831292545381848, 0.5410000000000000364, -0.4937609328647989404 ) ) ;
#5355 = CARTESIAN_POINT ( 'NONE',  ( -0.2230977608094050213, 0.5400000000000000355, -0.6135917818101600529 ) ) ;
#5356 = ORIENTED_EDGE ( 'NONE', *, *, #2296, .T. ) ;
#5357 = VERTEX_POINT ( 'NONE', #6841 ) ;
#5358 = CARTESIAN_POINT ( 'NONE',  ( -0.008990384615384679548, 0.5410000000000000364, -0.6250000000000000000 ) ) ;
#5359 = FACE_OUTER_BOUND ( 'NONE', #4899, .T. ) ;
#5360 = UNCERTAINTY_MEASURE_WITH_UNIT (LENGTH_MEASURE( 1.000000000000000082E-05 ), #8158, 'distance_accuracy_value', 'NONE');
#5361 = CARTESIAN_POINT ( 'NONE',  ( -0.09465713397009070662, 0.5400000000000000355, -0.4989704618446508810 ) ) ;
#5362 = EDGE_CURVE ( 'NONE', #144, #4242, #3652, .T. ) ;
#5363 = B_SPLINE_CURVE_WITH_KNOTS ( 'NONE', 3,
 ( #3538, #1493, #166, #917, #1573 ),
 .UNSPECIFIED., .F., .F.,
 ( 4, 1, 4 ),
 ( 0.000000000000000000, 0.5249653267595649764, 1.000000000000000000 ),
 .UNSPECIFIED. ) ;
#5364 = UNCERTAINTY_MEASURE_WITH_UNIT (LENGTH_MEASURE( 1.000000000000000082E-05 ), #4450, 'distance_accuracy_value', 'NONE');
#5365 = SURFACE_STYLE_USAGE ( .BOTH. , #3444 ) ;
#5366 = EDGE_CURVE ( 'NONE', #52, #8377, #3525, .T. ) ;
#5367 = VERTEX_POINT ( 'NONE', #6191 ) ;
#5368 = CARTESIAN_POINT ( 'NONE',  ( -0.2000000000000000111, 0.000000000000000000, 0.5000000000000000000 ) ) ;
#5369 = ADVANCED_FACE ( 'NONE', ( #5499, #6317, #235 ), #2889, .F. ) ;
#5370 = DIRECTION ( 'NONE',  ( 0.000000000000000000, 0.000000000000000000, 1.000000000000000000 ) ) ;
#5371 =( NAMED_UNIT ( * ) PLANE_ANGLE_UNIT ( ) SI_UNIT ( $, .RADIAN. ) );
#5372 = ADVANCED_FACE ( 'NONE', ( #7472 ), #3986, .F. ) ;
#5373 = LINE ( 'NONE', #693, #4620 ) ;
#5374 = CARTESIAN_POINT ( 'NONE',  ( 0.6378990384615390585, 0.5400000000000000355, -0.4692307692307690625 ) ) ;
#5375 = CARTESIAN_POINT ( 'NONE',  ( -0.1917412986526955132, 0.5410000000000000364, -0.5995388920768269791 ) ) ;
#5376 = ORIENTED_EDGE ( 'NONE', *, *, #8386, .T. ) ;
#5377 = DIRECTION ( 'NONE',  ( -1.000000000000000000, 0.000000000000000000, -2.710505431213760099E-16 ) ) ;
#5378 = VERTEX_POINT ( 'NONE', #7962 ) ;
#5379 = CARTESIAN_POINT ( 'NONE',  ( 0.1035096153846152001, 0.5400000000000000355, -0.5326923076923080203 ) ) ;
#5380 = CARTESIAN_POINT ( 'NONE',  ( -0.2170995668984779803, 0.5410000000000000364, -0.5781893902425889742 ) ) ;
#5381 = CARTESIAN_POINT ( 'NONE',  ( 0.3676718749999999813, 0.5410000000000000364, -0.4000000000000000222 ) ) ;
#5382 = VECTOR ( 'NONE', #5942, 1000.000000000000000 ) ;
#5383 = CARTESIAN_POINT ( 'NONE',  ( 0.7500000000000000000, 0.2000000000000000111, -0.5999999999999999778 ) ) ;
#5384 = PRESENTATION_STYLE_ASSIGNMENT (( #833 ) ) ;
#5385 = VECTOR ( 'NONE', #2965, 1000.000000000000000 ) ;
#5386 = CARTESIAN_POINT ( 'NONE',  ( 0.1000000000000000056, 0.1000000000000000056, -0.7510000000000000009 ) ) ;
#5387 = DIRECTION ( 'NONE',  ( 1.000000000000000000, 0.000000000000000000, 0.000000000000000000 ) ) ;
#5388 = ORIENTED_EDGE ( 'NONE', *, *, #5571, .T. ) ;
#5389 = ORIENTED_EDGE ( 'NONE', *, *, #3632, .F. ) ;
#5390 = CARTESIAN_POINT ( 'NONE',  ( -0.7500000000000000000, 0.2000000000000000111, 0.2000000000000000111 ) ) ;
#5391 = AXIS2_PLACEMENT_3D ( 'NONE', #3820, #2707, #7304 ) ;
#5392 = FACE_OUTER_BOUND ( 'NONE', #1206, .T. ) ;
#5393 =( NAMED_UNIT ( * ) PLANE_ANGLE_UNIT ( ) SI_UNIT ( $, .RADIAN. ) );
#5394 =( LENGTH_UNIT ( ) NAMED_UNIT ( * ) SI_UNIT ( .MILLI., .METRE. ) );
#5395 = STYLED_ITEM ( 'NONE', ( #1274 ), #4803 ) ;
#5396 = MECHANICAL_DESIGN_GEOMETRIC_PRESENTATION_REPRESENTATION (  '', ( #8040 ), #1260 ) ;
#5397 =( NAMED_UNIT ( * ) PLANE_ANGLE_UNIT ( ) SI_UNIT ( $, .RADIAN. ) );
#5398 = CARTESIAN_POINT ( 'NONE',  ( -0.5125000000000000666, 0.5400000000000000355, -0.4000000000000000222 ) ) ;
#5399 = PRESENTATION_LAYER_ASSIGNMENT (  '', '', ( #688 ) ) ;
#5400 = CARTESIAN_POINT ( 'NONE',  ( -0.1245072839489845956, 0.5410000000000000364, -0.5826711178202580443 ) ) ;
#5401 = PRESENTATION_LAYER_ASSIGNMENT (  '', '', ( #2085 ) ) ;
#5402 = EDGE_LOOP ( 'NONE', ( #5058, #4965, #8294, #2624, #2388, #6496, #76, #1751, #7833, #6468, #2705, #3141 ) ) ;
#5403 = ORIENTED_EDGE ( 'NONE', *, *, #8617, .T. ) ;
#5404 =( NAMED_UNIT ( * ) PLANE_ANGLE_UNIT ( ) SI_UNIT ( $, .RADIAN. ) );
#5405 = UNCERTAINTY_MEASURE_WITH_UNIT (LENGTH_MEASURE( 1.000000000000000082E-05 ), #3626, 'distance_accuracy_value', 'NONE');
#5406 = MECHANICAL_DESIGN_GEOMETRIC_PRESENTATION_REPRESENTATION (  '', ( #132 ), #1538 ) ;
#5407 = PRESENTATION_STYLE_ASSIGNMENT (( #2244 ) ) ;
#5408 = CARTESIAN_POINT ( 'NONE',  ( -0.1203834134615383855, 0.5400000000000000355, -0.5182692307692310374 ) ) ;
#5409 = CIRCLE ( 'NONE', #8601, 0.09999999999999999167 ) ;
#5410 = EDGE_CURVE ( 'NONE', #5751, #4221, #6137, .T. ) ;
#5411 = FACE_OUTER_BOUND ( 'NONE', #5889, .T. ) ;
#5412 = CARTESIAN_POINT ( 'NONE',  ( -0.2000000000000000111, 1.277032961426900037, -0.3250000000000000111 ) ) ;
#5413 = VERTEX_POINT ( 'NONE', #139 ) ;
#5414 = FACE_OUTER_BOUND ( 'NONE', #8311, .T. ) ;
#5415 = FILL_AREA_STYLE_COLOUR ( '', #4832 ) ;
#5416 = ADVANCED_FACE ( 'NONE', ( #891 ), #4781, .T. ) ;
#5417 = DIRECTION ( 'NONE',  ( 1.355252715606881923E-15, 0.000000000000000000, -1.000000000000000000 ) ) ;
#5418 = VECTOR ( 'NONE', #7878, 1000.000000000000000 ) ;
#5419 = CARTESIAN_POINT ( 'NONE',  ( -0.2187307692307695062, 0.5410000000000000364, -0.5683443509615390132 ) ) ;
#5420 = B_SPLINE_CURVE_WITH_KNOTS ( 'NONE', 3,
 ( #8555, #7238, #519, #6518, #5207, #3161, #5820, #8468, #7858, #5162, #4581, #1876, #4497, #560, #3205 ),
 .UNSPECIFIED., .F., .F.,
 ( 4, 1, 1, 1, 1, 1, 1, 1, 1, 1, 1, 1, 4 ),
 ( 0.000000000000000000, 0.07338587427918910611, 0.1445835380508522228, 0.2124062622424859881, 0.2781737899504679867, 0.3415557326636879942, 0.4034401355450240034, 0.4632591559625579558, 0.5227310342867920179, 0.6391126249863120501, 0.7560054734569380264, 0.8755205732616079262, 1.000000000000000000 ),
 .UNSPECIFIED. ) ;
#5421 = ORIENTED_EDGE ( 'NONE', *, *, #6676, .F. ) ;
#5422 = CARTESIAN_POINT ( 'NONE',  ( -0.2529887950782470085, 0.5400000000000000355, -0.4551998543883949977 ) ) ;
#5423 = ORIENTED_EDGE ( 'NONE', *, *, #4502, .T. ) ;
#5424 = LINE ( 'NONE', #7369, #27 ) ;
#5425 = LINE ( 'NONE', #4104, #2092 ) ;
#5426 = LINE ( 'NONE', #6046, #498 ) ;
#5427 =( GEOMETRIC_REPRESENTATION_CONTEXT ( 3 ) GLOBAL_UNCERTAINTY_ASSIGNED_CONTEXT ( ( #3898 ) ) GLOBAL_UNIT_ASSIGNED_CONTEXT ( ( #4351, #6403, #1766 ) ) REPRESENTATION_CONTEXT ( 'NONE', 'WORKASPACE' ) );
#5428 = PLANE ( 'NONE',  #4771 ) ;
#5429 = ADVANCED_FACE ( 'NONE', ( #4162 ), #6826, .F. ) ;
#5430 = SURFACE_STYLE_FILL_AREA ( #6005 ) ;
#5431 = DIRECTION ( 'NONE',  ( 1.000000000000000000, 0.000000000000000000, 0.000000000000000000 ) ) ;
#5432 = EDGE_CURVE ( 'NONE', #4870, #7017, #8214, .T. ) ;
#5433 = LINE ( 'NONE', #2702, #5329 ) ;
#5434 = CARTESIAN_POINT ( 'NONE',  ( -0.09465713397009070662, 0.5410000000000000364, -0.4989704618446508810 ) ) ;
#5435 = ORIENTED_EDGE ( 'NONE', *, *, #1821, .T. ) ;
#5436 = EDGE_LOOP ( 'NONE', ( #6083, #7451, #7768, #7117 ) ) ;
#5437 = LINE ( 'NONE', #7425, #7328 ) ;
#5438 = VECTOR ( 'NONE', #3680, 1000.000000000000000 ) ;
#5439 = CARTESIAN_POINT ( 'NONE',  ( -0.1241789747610194256, 0.5410000000000000364, -0.5199197848171429603 ) ) ;
#5440 = CARTESIAN_POINT ( 'NONE',  ( 0.2000000000000000111, 0.2000000000000000111, 0.5000000000000000000 ) ) ;
#5441 =( GEOMETRIC_REPRESENTATION_CONTEXT ( 3 ) GLOBAL_UNCERTAINTY_ASSIGNED_CONTEXT ( ( #6620 ) ) GLOBAL_UNIT_ASSIGNED_CONTEXT ( ( #5514, #8167, #2740 ) ) REPRESENTATION_CONTEXT ( 'NONE', 'WORKASPACE' ) );
#5442 = B_SPLINE_CURVE_WITH_KNOTS ( 'NONE', 3,
 ( #7457, #3500, #5511, #3377, #82 ),
 .UNSPECIFIED., .F., .F.,
 ( 4, 1, 4 ),
 ( 0.000000000000000000, 0.5173049221652320506, 1.000000000000000000 ),
 .UNSPECIFIED. ) ;
#5443 = DIRECTION ( 'NONE',  ( 0.000000000000000000, 0.000000000000000000, 1.000000000000000000 ) ) ;
#5444 = CARTESIAN_POINT ( 'NONE',  ( -0.09224257603289670593, 0.5410000000000000364, -0.4315395902985130205 ) ) ;
#5445 = CARTESIAN_POINT ( 'NONE',  ( -0.1638561542489219980, 0.5410000000000000364, -0.6018002568182890810 ) ) ;
#5446 = VERTEX_POINT ( 'NONE', #7690 ) ;
#5447 = ORIENTED_EDGE ( 'NONE', *, *, #1194, .F. ) ;
#5448 = STYLED_ITEM ( 'NONE', ( #4094 ), #7361 ) ;
#5449 = VECTOR ( 'NONE', #6586, 1000.000000000000000 ) ;
#5450 = DIRECTION ( 'NONE',  ( -1.000000000000000000, 0.000000000000000000, 0.000000000000000000 ) ) ;
#5451 = CARTESIAN_POINT ( 'NONE',  ( 0.4500000000000000111, 0.000000000000000000, -0.5000000000000000000 ) ) ;
#5452 = DIRECTION ( 'NONE',  ( -0.5839654143887690330, 0.000000000000000000, 0.8117785380248441207 ) ) ;
#5453 = UNCERTAINTY_MEASURE_WITH_UNIT (LENGTH_MEASURE( 1.000000000000000082E-05 ), #2852, 'distance_accuracy_value', 'NONE');
#5454 = VECTOR ( 'NONE', #2816, 1000.000000000000000 ) ;
#5455 = ORIENTED_EDGE ( 'NONE', *, *, #5474, .F. ) ;
#5456 = SURFACE_STYLE_FILL_AREA ( #1435 ) ;
#5457 = STYLED_ITEM ( 'NONE', ( #6860 ), #5637 ) ;
#5458 = CARTESIAN_POINT ( 'NONE',  ( 0.4855552884615390585, 0.5410000000000000364, -0.4000000000000000222 ) ) ;
#5459 = ADVANCED_FACE ( 'NONE', ( #2920 ), #7030, .T. ) ;
#5460 =( GEOMETRIC_REPRESENTATION_CONTEXT ( 3 ) GLOBAL_UNCERTAINTY_ASSIGNED_CONTEXT ( ( #3218 ) ) GLOBAL_UNIT_ASSIGNED_CONTEXT ( ( #4622, #1870, #7150 ) ) REPRESENTATION_CONTEXT ( 'NONE', 'WORKASPACE' ) );
#5461 = DIRECTION ( 'NONE',  ( -0.000000000000000000, 1.000000000000000000, 0.000000000000000000 ) ) ;
#5462 = EDGE_CURVE ( 'NONE', #3210, #5226, #6394, .T. ) ;
#5463 = DIRECTION ( 'NONE',  ( 1.000000000000000000, 0.000000000000000000, -1.224646799147353947E-16 ) ) ;
#5464 = DIRECTION ( 'NONE',  ( 0.000000000000000000, -1.000000000000000000, 0.000000000000000000 ) ) ;
#5465 = ORIENTED_EDGE ( 'NONE', *, *, #6019, .F. ) ;
#5466 = DIRECTION ( 'NONE',  ( 0.000000000000000000, 0.000000000000000000, -1.000000000000000000 ) ) ;
#5467 = FACE_OUTER_BOUND ( 'NONE', #2331, .T. ) ;
#5468 = AXIS2_PLACEMENT_3D ( 'NONE', #5533, #2846, #7525 ) ;
#5469 = DIRECTION ( 'NONE',  ( -1.000000000000000000, 0.000000000000000000, 0.000000000000000000 ) ) ;
#5470 = FILL_AREA_STYLE ('',( #6896 ) ) ;
#5471 = DIRECTION ( 'NONE',  ( 0.000000000000000000, 0.000000000000000000, -1.000000000000000000 ) ) ;
#5472 = DIRECTION ( 'NONE',  ( 0.000000000000000000, 1.000000000000000000, 0.000000000000000000 ) ) ;
#5473 = DIRECTION ( 'NONE',  ( 0.000000000000000000, 0.000000000000000000, 1.000000000000000000 ) ) ;
#5474 = EDGE_CURVE ( 'NONE', #3266, #326, #7085, .T. ) ;
#5475 = COLOUR_RGB ( '',0.2000000000000000111, 0.2000000000000000111, 0.2000000000000000111 ) ;
#5476 =( NAMED_UNIT ( * ) PLANE_ANGLE_UNIT ( ) SI_UNIT ( $, .RADIAN. ) );
#5477 = EDGE_LOOP ( 'NONE', ( #3290, #6666, #3105, #4682 ) ) ;
#5478 = DIRECTION ( 'NONE',  ( 1.000000000000000000, 0.000000000000000000, 0.000000000000000000 ) ) ;
#5479 = ORIENTED_EDGE ( 'NONE', *, *, #2390, .F. ) ;
#5480 = CARTESIAN_POINT ( 'NONE',  ( -0.1365192307692308094, 0.5400000000000000355, -0.4927133413461540212 ) ) ;
#5481 = PLANE ( 'NONE',  #584 ) ;
#5482 =( GEOMETRIC_REPRESENTATION_CONTEXT ( 3 ) GLOBAL_UNCERTAINTY_ASSIGNED_CONTEXT ( ( #7744 ) ) GLOBAL_UNIT_ASSIGNED_CONTEXT ( ( #5006, #1814, #6406 ) ) REPRESENTATION_CONTEXT ( 'NONE', 'WORKASPACE' ) );
#5483 =( NAMED_UNIT ( * ) PLANE_ANGLE_UNIT ( ) SI_UNIT ( $, .RADIAN. ) );
#5484 = SURFACE_SIDE_STYLE ('',( #4782 ) ) ;
#5485 = EDGE_CURVE ( 'NONE', #2948, #7760, #1888, .T. ) ;
#5486 = CARTESIAN_POINT ( 'NONE',  ( 0.5500000000000000444, 0.000000000000000000, 0.2999999999999999889 ) ) ;
#5487 = SURFACE_SIDE_STYLE ('',( #4165 ) ) ;
#5488 = PLANE ( 'NONE',  #8032 ) ;
#5489 = CARTESIAN_POINT ( 'NONE',  ( -0.1017323918903911967, 0.5410000000000000364, -0.4194634174815725092 ) ) ;
#5490 = DIRECTION ( 'NONE',  ( -0.3468370040950304878, 0.000000000000000000, 0.9379254195245930736 ) ) ;
#5491 = CIRCLE ( 'NONE', #7287, 0.09999999999999999167 ) ;
#5492 = ORIENTED_EDGE ( 'NONE', *, *, #7980, .F. ) ;
#5493 = AXIS2_PLACEMENT_3D ( 'NONE', #6588, #5939, #768 ) ;
#5494 = ORIENTED_EDGE ( 'NONE', *, *, #6516, .F. ) ;
#5495 = FACE_OUTER_BOUND ( 'NONE', #317, .T. ) ;
#5496 = PLANE ( 'NONE',  #2568 ) ;
#5497 = MECHANICAL_DESIGN_GEOMETRIC_PRESENTATION_REPRESENTATION (  '', ( #3673 ), #6058 ) ;
#5498 = CARTESIAN_POINT ( 'NONE',  ( 0.5500000000000000444, 0.000000000000000000, -0.2000000000000000111 ) ) ;
#5499 = FACE_BOUND ( 'NONE', #116, .T. ) ;
#5500 = VERTEX_POINT ( 'NONE', #3764 ) ;
#5501 = DIRECTION ( 'NONE',  ( 0.000000000000000000, -1.000000000000000000, 0.000000000000000000 ) ) ;
#5502 = FILL_AREA_STYLE_COLOUR ( '', #3634 ) ;
#5503 = CYLINDRICAL_SURFACE ( 'NONE', #3570, 0.09999999999999999167 ) ;
#5504 = FACE_BOUND ( 'NONE', #2799, .T. ) ;
#5505 = CARTESIAN_POINT ( 'NONE',  ( -0.1972595760692220090, 0.5410000000000000364, -0.4299035404304354935 ) ) ;
#5506 = VERTEX_POINT ( 'NONE', #6489 ) ;
#5507 = LINE ( 'NONE', #5593, #4876 ) ;
#5508 = CARTESIAN_POINT ( 'NONE',  ( 0.1323557692307691935, 0.5410000000000000364, -0.4000000000000000222 ) ) ;
#5509 = CARTESIAN_POINT ( 'NONE',  ( -0.2186302385117845082, 0.5410000000000000364, -0.5717287091131409982 ) ) ;
#5510 = PRESENTATION_STYLE_ASSIGNMENT (( #6942 ) ) ;
#5511 = CARTESIAN_POINT ( 'NONE',  ( 0.4170353609128304995, 0.5410000000000000364, -0.5132937318867589749 ) ) ;
#5512 = FACE_OUTER_BOUND ( 'NONE', #5402, .T. ) ;
#5513 = DIRECTION ( 'NONE',  ( -0.8260999815703952143, 0.000000000000000000, 0.5635235757706971160 ) ) ;
#5514 =( LENGTH_UNIT ( ) NAMED_UNIT ( * ) SI_UNIT ( .MILLI., .METRE. ) );
#5515 = ORIENTED_EDGE ( 'NONE', *, *, #1485, .F. ) ;
#5516 = EDGE_LOOP ( 'NONE', ( #3543, #5694, #4777, #6891 ) ) ;
#5517 = CARTESIAN_POINT ( 'NONE',  ( -0.7500000000000000000, 0.000000000000000000, 0.2000000000000000111 ) ) ;
#5518 = SURFACE_SIDE_STYLE ('',( #4730 ) ) ;
#5519 = DIRECTION ( 'NONE',  ( 1.000000000000000000, 0.000000000000000000, 0.000000000000000000 ) ) ;
#5520 = DIRECTION ( 'NONE',  ( -1.355252715606880049E-16, 0.000000000000000000, -1.000000000000000000 ) ) ;
#5521 =( LENGTH_UNIT ( ) NAMED_UNIT ( * ) SI_UNIT ( .MILLI., .METRE. ) );
#5522 = EDGE_CURVE ( 'NONE', #7045, #8221, #524, .T. ) ;
#5523 = CARTESIAN_POINT ( 'NONE',  ( -0.7500000000000000000, 1.277032961426900037, 0.2000000000000000111 ) ) ;
#5524 = VECTOR ( 'NONE', #6232, 1000.000000000000000 ) ;
#5525 = EDGE_CURVE ( 'NONE', #4019, #1207, #5129, .T. ) ;
#5526 = LINE ( 'NONE', #7518, #61 ) ;
#5527 = ORIENTED_EDGE ( 'NONE', *, *, #8613, .F. ) ;
#5528 = EDGE_LOOP ( 'NONE', ( #2323, #6389, #1618, #3508 ) ) ;
#5529 = PRESENTATION_STYLE_ASSIGNMENT (( #2885 ) ) ;
#5530 = EDGE_CURVE ( 'NONE', #326, #360, #4942, .T. ) ;
#5531 = FILL_AREA_STYLE ('',( #7524 ) ) ;
#5532 = MECHANICAL_DESIGN_GEOMETRIC_PRESENTATION_REPRESENTATION (  '', ( #5395 ), #2897 ) ;
#5533 = CARTESIAN_POINT ( 'NONE',  ( -0.5500000000000000444, 0.000000000000000000, 0.5000000000000000000 ) ) ;
#5534 = EDGE_CURVE ( 'NONE', #1239, #6689, #3215, .T. ) ;
#5535 =( GEOMETRIC_REPRESENTATION_CONTEXT ( 3 ) GLOBAL_UNCERTAINTY_ASSIGNED_CONTEXT ( ( #6744 ) ) GLOBAL_UNIT_ASSIGNED_CONTEXT ( ( #2678, #590, #7930 ) ) REPRESENTATION_CONTEXT ( 'NONE', 'WORKASPACE' ) );
#5536 = EDGE_LOOP ( 'NONE', ( #3689, #2165, #2805, #7695 ) ) ;
#5537 = VECTOR ( 'NONE', #1279, 1000.000000000000000 ) ;
#5538 = FILL_AREA_STYLE ('',( #6930 ) ) ;
#5539 = B_SPLINE_CURVE_WITH_KNOTS ( 'NONE', 3,
 ( #7867, #619, #7913, #7205, #5925, #8567, #5258 ),
 .UNSPECIFIED., .F., .F.,
 ( 4, 1, 1, 1, 4 ),
 ( 0.000000000000000000, 0.2497991568737069901, 0.4987995531674850325, 0.7486388823030190043, 1.000000000000000000 ),
 .UNSPECIFIED. ) ;
#5540 = VECTOR ( 'NONE', #4630, 1000.000000000000000 ) ;
#5541 = ORIENTED_EDGE ( 'NONE', *, *, #8561, .T. ) ;
#5542 =( NAMED_UNIT ( * ) PLANE_ANGLE_UNIT ( ) SI_UNIT ( $, .RADIAN. ) );
#5543 = VECTOR ( 'NONE', #681, 1000.000000000000000 ) ;
#5544 = CARTESIAN_POINT ( 'NONE',  ( -0.2000000000000000111, 0.2000000000000000111, 0.5000000000000000000 ) ) ;
#5545 = STYLED_ITEM ( 'NONE', ( #3026 ), #414 ) ;
#5546 = CARTESIAN_POINT ( 'NONE',  ( -0.7500000000000000000, 0.2000000000000000111, -0.2000000000000000111 ) ) ;
#5547 = SURFACE_SIDE_STYLE ('',( #2896 ) ) ;
#5548 = PLANE ( 'NONE',  #6650 ) ;
#5549 =( NAMED_UNIT ( * ) SI_UNIT ( $, .STERADIAN. ) SOLID_ANGLE_UNIT ( ) );
#5550 = ORIENTED_EDGE ( 'NONE', *, *, #7748, .F. ) ;
#5551 = CARTESIAN_POINT ( 'NONE',  ( -0.7500000000000000000, 0.000000000000000000, -0.2000000000000000111 ) ) ;
#5552 = DIRECTION ( 'NONE',  ( 0.000000000000000000, -1.000000000000000000, 0.000000000000000000 ) ) ;
#5553 = DIRECTION ( 'NONE',  ( 0.000000000000000000, 0.000000000000000000, 1.000000000000000000 ) ) ;
#5554 = CARTESIAN_POINT ( 'NONE',  ( -0.2186967959201885081, 0.5410000000000000364, -0.5694880595887380492 ) ) ;
#5555 =( NAMED_UNIT ( * ) PLANE_ANGLE_UNIT ( ) SI_UNIT ( $, .RADIAN. ) );
#5556 = CARTESIAN_POINT ( 'NONE',  ( 0.4228401442307689884, 0.5410000000000000364, -0.5214693509615390132 ) ) ;
#5557 = CARTESIAN_POINT ( 'NONE',  ( 0.5500000000000000444, 0.2000000000000000111, -0.5000000000000000000 ) ) ;
#5558 = ORIENTED_EDGE ( 'NONE', *, *, #495, .F. ) ;
#5559 =( NAMED_UNIT ( * ) SI_UNIT ( $, .STERADIAN. ) SOLID_ANGLE_UNIT ( ) );
#5560 = DIRECTION ( 'NONE',  ( 0.000000000000000000, 0.000000000000000000, -1.000000000000000000 ) ) ;
#5561 = VERTEX_POINT ( 'NONE', #1145 ) ;
#5562 = PRESENTATION_STYLE_ASSIGNMENT (( #2189 ) ) ;
#5563 = ORIENTED_EDGE ( 'NONE', *, *, #4116, .T. ) ;
#5564 = VECTOR ( 'NONE', #7388, 1000.000000000000000 ) ;
#5565 = CARTESIAN_POINT ( 'NONE',  ( -0.1268085095572016319, 0.5400000000000000355, -0.5860358954617030935 ) ) ;
#5566 = ADVANCED_FACE ( 'NONE', ( #5883 ), #5220, .F. ) ;
#5567 = CARTESIAN_POINT ( 'NONE',  ( -0.2045237832699045022, 0.5410000000000000364, -0.5443880469623340046 ) ) ;
#5568 = EDGE_CURVE ( 'NONE', #176, #4656, #7631, .T. ) ;
#5569 = LINE ( 'NONE', #7429, #5564 ) ;
#5570 = LINE ( 'NONE', #8218, #2281 ) ;
#5571 = EDGE_CURVE ( 'NONE', #8054, #2291, #2273, .T. ) ;
#5572 = ORIENTED_EDGE ( 'NONE', *, *, #2379, .F. ) ;
#5573 = EDGE_LOOP ( 'NONE', ( #8277, #4693, #4845, #1929, #988, #7239 ) ) ;
#5574 =( LENGTH_UNIT ( ) NAMED_UNIT ( * ) SI_UNIT ( .MILLI., .METRE. ) );
#5575 = CIRCLE ( 'NONE', #1846, 0.1000000000000000472 ) ;
#5576 = DIRECTION ( 'NONE',  ( 0.000000000000000000, 0.000000000000000000, 1.000000000000000000 ) ) ;
#5577 =( NAMED_UNIT ( * ) PLANE_ANGLE_UNIT ( ) SI_UNIT ( $, .RADIAN. ) );
#5578 = DIRECTION ( 'NONE',  ( 0.000000000000000000, -1.000000000000000000, 0.000000000000000000 ) ) ;
#5579 = VECTOR ( 'NONE', #6800, 1000.000000000000000 ) ;
#5580 = STYLED_ITEM ( 'NONE', ( #4157 ), #7648 ) ;
#5581 = ORIENTED_EDGE ( 'NONE', *, *, #5299, .F. ) ;
#5582 = ORIENTED_EDGE ( 'NONE', *, *, #2645, .T. ) ;
#5583 = FACE_OUTER_BOUND ( 'NONE', #7635, .T. ) ;
#5584 = CARTESIAN_POINT ( 'NONE',  ( -0.1122086335333041945, 0.5400000000000000355, -0.4671472037542199751 ) ) ;
#5585 = EDGE_CURVE ( 'NONE', #7876, #8556, #2701, .T. ) ;
#5586 = SURFACE_STYLE_USAGE ( .BOTH. , #6240 ) ;
#5587 = VECTOR ( 'NONE', #2359, 1000.000000000000000 ) ;
#5588 = CARTESIAN_POINT ( 'NONE',  ( 0.2642115384615384976, 0.5410000000000000364, -0.4000000000000000222 ) ) ;
#5589 = CARTESIAN_POINT ( 'NONE',  ( -0.1592974008295974797, 0.5410000000000000364, -0.6276161381440069631 ) ) ;
#5590 = CARTESIAN_POINT ( 'NONE',  ( 0.6053778432908010210, 0.5410000000000000364, -0.5573339148863599712 ) ) ;
#5591 = COLOUR_RGB ( '',0.6470588235294117974, 0.5176470588235293491, 0.000000000000000000 ) ;
#5592 = ORIENTED_EDGE ( 'NONE', *, *, #5183, .F. ) ;
#5593 = CARTESIAN_POINT ( 'NONE',  ( 0.2500000000000000000, 0.1000000000000000056, 0.7510000000000000009 ) ) ;
#5594 = CARTESIAN_POINT ( 'NONE',  ( -0.5500000000000000444, 0.2000000000000000111, -0.5999999999999999778 ) ) ;
#5595 = FILL_AREA_STYLE_COLOUR ( '', #4287 ) ;
#5596 = DIRECTION ( 'NONE',  ( 0.000000000000000000, -1.000000000000000000, 0.000000000000000000 ) ) ;
#5597 = CARTESIAN_POINT ( 'NONE',  ( -0.2000000000000000111, 0.2000000000000000111, -0.1749999999999999889 ) ) ;
#5598 =( GEOMETRIC_REPRESENTATION_CONTEXT ( 3 ) GLOBAL_UNCERTAINTY_ASSIGNED_CONTEXT ( ( #4002 ) ) GLOBAL_UNIT_ASSIGNED_CONTEXT ( ( #3869, #5103, #6464 ) ) REPRESENTATION_CONTEXT ( 'NONE', 'WORKASPACE' ) );
#5599 = SURFACE_STYLE_FILL_AREA ( #3623 ) ;
#5600 = EDGE_LOOP ( 'NONE', ( #806, #8184, #6275, #7201, #5943, #751, #4360, #6995, #5913, #7834, #8142 ) ) ;
#5601 = FILL_AREA_STYLE ('',( #4243 ) ) ;
#5602 = MECHANICAL_DESIGN_GEOMETRIC_PRESENTATION_REPRESENTATION (  '', ( #2695 ), #5187 ) ;
#5603 = CARTESIAN_POINT ( 'NONE',  ( 0.2699807692307689688, 0.5400000000000000355, -0.6221153846153850697 ) ) ;
#5604 = CIRCLE ( 'NONE', #1872, 0.09999999999999999167 ) ;
#5605 = ORIENTED_EDGE ( 'NONE', *, *, #7216, .F. ) ;
#5606 = CARTESIAN_POINT ( 'NONE',  ( 0.000000000000000000, 0.1000000000000000056, 0.000000000000000000 ) ) ;
#5607 = DIRECTION ( 'NONE',  ( 0.000000000000000000, 1.000000000000000000, 0.000000000000000000 ) ) ;
#5608 = CARTESIAN_POINT ( 'NONE',  ( -0.2142172176120230032, 0.5400000000000000355, -0.5524434557812660795 ) ) ;
#5609 = CARTESIAN_POINT ( 'NONE',  ( -0.2399592599520950220, 0.5410000000000000364, -0.5382638215033690443 ) ) ;
#5610 = SURFACE_SIDE_STYLE ('',( #3047 ) ) ;
#5611 = CIRCLE ( 'NONE', #1881, 0.09999999999999999167 ) ;
#5612 = FACE_OUTER_BOUND ( 'NONE', #5936, .T. ) ;
#5613 = CARTESIAN_POINT ( 'NONE',  ( 0.5500000000000000444, 0.2000000000000000111, -0.5000000000000000000 ) ) ;
#5614 = PLANE ( 'NONE',  #909 ) ;
#5615 = ORIENTED_EDGE ( 'NONE', *, *, #6688, .F. ) ;
#5616 = VERTEX_POINT ( 'NONE', #4769 ) ;
#5617 = STYLED_ITEM ( 'NONE', ( #2201 ), #1369 ) ;
#5618 = CARTESIAN_POINT ( 'NONE',  ( 0.7500000000000000000, 0.000000000000000000, 0.7500000000000000000 ) ) ;
#5619 = DIRECTION ( 'NONE',  ( 0.000000000000000000, -1.000000000000000000, 0.000000000000000000 ) ) ;
#5620 = LINE ( 'NONE', #4132, #1464 ) ;
#5621 = DIRECTION ( 'NONE',  ( 0.000000000000000000, 1.000000000000000000, 0.000000000000000000 ) ) ;
#5622 = VECTOR ( 'NONE', #5101, 1000.000000000000114 ) ;
#5623 = COLOUR_RGB ( '',0.2509803921568627416, 0.2509803921568627416, 0.2509803921568627416 ) ;
#5624 =( NAMED_UNIT ( * ) PLANE_ANGLE_UNIT ( ) SI_UNIT ( $, .RADIAN. ) );
#5625 = SURFACE_STYLE_FILL_AREA ( #5538 ) ;
#5626 = ORIENTED_EDGE ( 'NONE', *, *, #578, .F. ) ;
#5627 = VERTEX_POINT ( 'NONE', #3378 ) ;
#5628 = SURFACE_STYLE_USAGE ( .BOTH. , #1648 ) ;
#5629 = CARTESIAN_POINT ( 'NONE',  ( -0.7500000000000000000, 0.2000000000000000111, 0.2000000000000000111 ) ) ;
#5630 = B_SPLINE_CURVE_WITH_KNOTS ( 'NONE', 3,
 ( #4512, #2582, #3850, #5222, #6533 ),
 .UNSPECIFIED., .F., .F.,
 ( 4, 1, 4 ),
 ( 0.000000000000000000, 0.5249653267595649764, 1.000000000000000000 ),
 .UNSPECIFIED. ) ;
#5631 = CARTESIAN_POINT ( 'NONE',  ( -0.1365192307692308094, 0.5400000000000000355, -0.4927133413461540212 ) ) ;
#5632 =( GEOMETRIC_REPRESENTATION_CONTEXT ( 3 ) GLOBAL_UNCERTAINTY_ASSIGNED_CONTEXT ( ( #1854 ) ) GLOBAL_UNIT_ASSIGNED_CONTEXT ( ( #668, #4602, #5228 ) ) REPRESENTATION_CONTEXT ( 'NONE', 'WORKASPACE' ) );
#5633 = ADVANCED_FACE ( 'NONE', ( #3941 ), #5964, .T. ) ;
#5634 = DIRECTION ( 'NONE',  ( 0.000000000000000000, 0.000000000000000000, 1.000000000000000000 ) ) ;
#5635 = CARTESIAN_POINT ( 'NONE',  ( 0.1323557692307691935, 0.5410000000000000364, -0.4000000000000000222 ) ) ;
#5636 = ADVANCED_FACE ( 'NONE', ( #6089 ), #1362, .F. ) ;
#5637 = ADVANCED_FACE ( 'NONE', ( #7334 ), #5297, .F. ) ;
#5638 = CARTESIAN_POINT ( 'NONE',  ( 0.5969852375703309511, 0.5410000000000000364, -0.5799978300006619625 ) ) ;
#5639 = ORIENTED_EDGE ( 'NONE', *, *, #5485, .T. ) ;
#5640 = FILL_AREA_STYLE ('',( #3745 ) ) ;
#5641 =( LENGTH_UNIT ( ) NAMED_UNIT ( * ) SI_UNIT ( .MILLI., .METRE. ) );
#5642 = DIRECTION ( 'NONE',  ( 0.000000000000000000, 0.000000000000000000, 1.000000000000000000 ) ) ;
#5643 = CARTESIAN_POINT ( 'NONE',  ( -0.2000000000000000111, 0.2000000000000000111, 0.5000000000000000000 ) ) ;
#5644 = DIRECTION ( 'NONE',  ( 0.000000000000000000, -1.000000000000000000, 0.000000000000000000 ) ) ;
#5645 = EDGE_CURVE ( 'NONE', #338, #2544, #2263, .T. ) ;
#5646 = CARTESIAN_POINT ( 'NONE',  ( -0.1659221015401984856, 0.5410000000000000364, -0.3971360639482655053 ) ) ;
#5647 = VERTEX_POINT ( 'NONE', #2989 ) ;
#5648 = SURFACE_STYLE_FILL_AREA ( #5601 ) ;
#5649 = CARTESIAN_POINT ( 'NONE',  ( -0.1415000908464834062, 0.5400000000000000355, -0.3991410944377735137 ) ) ;
#5650 = ORIENTED_EDGE ( 'NONE', *, *, #6391, .F. ) ;
#5651 = CARTESIAN_POINT ( 'NONE',  ( 0.5515408653846159970, 0.5410000000000000364, -0.4951923076923079314 ) ) ;
#5652 = LINE ( 'NONE', #1052, #6928 ) ;
#5653 = DIRECTION ( 'NONE',  ( 0.000000000000000000, 0.000000000000000000, 1.000000000000000000 ) ) ;
#5654 = CARTESIAN_POINT ( 'NONE',  ( -0.2354818921885034888, 0.5400000000000000355, -0.5322811249625269969 ) ) ;
#5655 = CARTESIAN_POINT ( 'NONE',  ( -0.1496832858921079978, 0.5410000000000000364, -0.4243237265406230030 ) ) ;
#5656 = DIRECTION ( 'NONE',  ( 0.000000000000000000, -1.000000000000000000, 0.000000000000000000 ) ) ;
#5657 = CARTESIAN_POINT ( 'NONE',  ( -0.2474822730653149783, 0.5400000000000000355, -0.5637549344553269837 ) ) ;
#5658 =( LENGTH_UNIT ( ) NAMED_UNIT ( * ) SI_UNIT ( .MILLI., .METRE. ) );
#5659 = SURFACE_STYLE_FILL_AREA ( #6521 ) ;
#5660 = CARTESIAN_POINT ( 'NONE',  ( 0.4855552884615390585, 0.5400000000000000355, -0.4000000000000000222 ) ) ;
#5661 = CARTESIAN_POINT ( 'NONE',  ( 0.7500000000000000000, 0.2000000000000000111, 0.5999999999999999778 ) ) ;
#5662 = ORIENTED_EDGE ( 'NONE', *, *, #5971, .F. ) ;
#5663 = EDGE_LOOP ( 'NONE', ( #8155, #2050, #1491, #955, #5077 ) ) ;
#5664 = LINE ( 'NONE', #4473, #2714 ) ;
#5665 = SURFACE_STYLE_USAGE ( .BOTH. , #7837 ) ;
#5666 =( GEOMETRIC_REPRESENTATION_CONTEXT ( 3 ) GLOBAL_UNCERTAINTY_ASSIGNED_CONTEXT ( ( #1519 ) ) GLOBAL_UNIT_ASSIGNED_CONTEXT ( ( #7108, #1306, #3871 ) ) REPRESENTATION_CONTEXT ( 'NONE', 'WORKASPACE' ) );
#5667 =( GEOMETRIC_REPRESENTATION_CONTEXT ( 3 ) GLOBAL_UNCERTAINTY_ASSIGNED_CONTEXT ( ( #2071 ) ) GLOBAL_UNIT_ASSIGNED_CONTEXT ( ( #30, #6047, #789 ) ) REPRESENTATION_CONTEXT ( 'NONE', 'WORKASPACE' ) );
#5668 = SURFACE_STYLE_FILL_AREA ( #4175 ) ;
#5669 = MECHANICAL_DESIGN_GEOMETRIC_PRESENTATION_REPRESENTATION (  '', ( #8028 ), #6920 ) ;
#5670 = UNCERTAINTY_MEASURE_WITH_UNIT (LENGTH_MEASURE( 1.000000000000000082E-05 ), #4011, 'distance_accuracy_value', 'NONE');
#5671 = ORIENTED_EDGE ( 'NONE', *, *, #372, .F. ) ;
#5672 = ORIENTED_EDGE ( 'NONE', *, *, #6077, .T. ) ;
#5673 = DIRECTION ( 'NONE',  ( 0.000000000000000000, 0.000000000000000000, 1.000000000000000000 ) ) ;
#5674 = CARTESIAN_POINT ( 'NONE',  ( -0.1132535278818087993, 0.5410000000000000364, -0.4717602611902819709 ) ) ;
#5675 = PRESENTATION_STYLE_ASSIGNMENT (( #8450 ) ) ;
#5676 = CARTESIAN_POINT ( 'NONE',  ( -0.2117042072165765121, 0.5410000000000000364, -0.5498000050217259904 ) ) ;
#5677 = CIRCLE ( 'NONE', #3854, 0.2000000000000000111 ) ;
#5678 = VECTOR ( 'NONE', #6747, 1000.000000000000000 ) ;
#5679 = CARTESIAN_POINT ( 'NONE',  ( -0.09873838483249990083, 0.5410000000000000364, -0.5952957566596129846 ) ) ;
#5680 = AXIS2_PLACEMENT_3D ( 'NONE', #2693, #5463, #8066 ) ;
#5681 = CARTESIAN_POINT ( 'NONE',  ( 0.6053778432908010210, 0.5400000000000000355, -0.5573339148863599712 ) ) ;
#5682 = ORIENTED_EDGE ( 'NONE', *, *, #2667, .F. ) ;
#5683 = VECTOR ( 'NONE', #6205, 1000.000000000000000 ) ;
#5684 = CARTESIAN_POINT ( 'NONE',  ( 0.4110312500000000147, 0.5410000000000000364, -0.5049729567307689182 ) ) ;
#5685 = VECTOR ( 'NONE', #2343, 1000.000000000000000 ) ;
#5686 = CARTESIAN_POINT ( 'NONE',  ( 0.2500000000000000000, 0.2000000000000000111, 0.7510000000000000009 ) ) ;
#5687 = FILL_AREA_STYLE_COLOUR ( '', #3534 ) ;
#5688 = SURFACE_STYLE_USAGE ( .BOTH. , #3029 ) ;
#5689 = ADVANCED_FACE ( 'NONE', ( #4284 ), #2395, .T. ) ;
#5690 = CARTESIAN_POINT ( 'NONE',  ( 0.2500000000000000000, 0.1000000000000000056, -0.7510000000000000009 ) ) ;
#5691 = COLOUR_RGB ( '',0.2000000000000000111, 0.2000000000000000111, 0.2000000000000000111 ) ;
#5692 = EDGE_LOOP ( 'NONE', ( #2309, #2031, #5935, #4480 ) ) ;
#5693 = DIRECTION ( 'NONE',  ( 0.000000000000000000, 0.000000000000000000, 1.000000000000000000 ) ) ;
#5694 = ORIENTED_EDGE ( 'NONE', *, *, #6551, .F. ) ;
#5695 = CARTESIAN_POINT ( 'NONE',  ( 0.5748882211538459686, 0.5410000000000000364, -0.6250000000000000000 ) ) ;
#5696 =( LENGTH_UNIT ( ) NAMED_UNIT ( * ) SI_UNIT ( .MILLI., .METRE. ) );
#5697 = CARTESIAN_POINT ( 'NONE',  ( 0.5419855769230770282, 0.5410000000000000364, -0.4692307692307690625 ) ) ;
#5698 = DIRECTION ( 'NONE',  ( 0.000000000000000000, -1.000000000000000000, 0.000000000000000000 ) ) ;
#5699 = EDGE_CURVE ( 'NONE', #1319, #646, #210, .T. ) ;
#5700 = CARTESIAN_POINT ( 'NONE',  ( -0.1179751981033844016, 0.5410000000000000364, -0.4429788978428945145 ) ) ;
#5701 = CARTESIAN_POINT ( 'NONE',  ( -0.5500000000000000444, 0.2000000000000000111, -0.2999999999999999889 ) ) ;
#5702 = SURFACE_STYLE_FILL_AREA ( #6350 ) ;
#5703 =( NAMED_UNIT ( * ) PLANE_ANGLE_UNIT ( ) SI_UNIT ( $, .RADIAN. ) );
#5704 = DIRECTION ( 'NONE',  ( 0.000000000000000000, -1.000000000000000000, 0.000000000000000000 ) ) ;
#5705 = CARTESIAN_POINT ( 'NONE',  ( -0.1000000000000000056, 0.2000000000000000111, 0.7500000000000000000 ) ) ;
#5706 = COLOUR_RGB ( '',0.2000000000000000111, 0.2000000000000000111, 0.2000000000000000111 ) ;
#5707 = EDGE_LOOP ( 'NONE', ( #2730, #8335, #7919, #1459 ) ) ;
#5708 = EDGE_LOOP ( 'NONE', ( #1838, #6562, #3718, #4887 ) ) ;
#5709 =( LENGTH_UNIT ( ) NAMED_UNIT ( * ) SI_UNIT ( .MILLI., .METRE. ) );
#5710 = PLANE ( 'NONE',  #1622 ) ;
#5711 = STYLED_ITEM ( 'NONE', ( #3145 ), #2821 ) ;
#5712 = MECHANICAL_DESIGN_GEOMETRIC_PRESENTATION_REPRESENTATION (  '', ( #3743 ), #2934 ) ;
#5713 = CARTESIAN_POINT ( 'NONE',  ( -0.2147975821190085122, 0.5400000000000000355, -0.4430090090227209454 ) ) ;
#5714 = ADVANCED_FACE ( 'NONE', ( #5512 ), #7504, .T. ) ;
#5715 = ORIENTED_EDGE ( 'NONE', *, *, #7438, .F. ) ;
#5716 = ORIENTED_EDGE ( 'NONE', *, *, #1414, .F. ) ;
#5717 = PRESENTATION_STYLE_ASSIGNMENT (( #5628 ) ) ;
#5718 = CARTESIAN_POINT ( 'NONE',  ( -0.1745344075918930093, 0.5410000000000000364, -0.5036189087178090107 ) ) ;
#5719 = CARTESIAN_POINT ( 'NONE',  ( -0.2500000000000000000, 0.2000000000000000111, -0.7510000000000000009 ) ) ;
#5720 = VECTOR ( 'NONE', #4232, 1000.000000000000000 ) ;
#5721 = DIRECTION ( 'NONE',  ( 0.000000000000000000, -1.000000000000000000, 0.000000000000000000 ) ) ;
#5722 = COLOUR_RGB ( '',0.6470588235294117974, 0.5176470588235293491, 0.000000000000000000 ) ;
#5723 = EDGE_LOOP ( 'NONE', ( #4498, #5093, #2271, #300 ) ) ;
#5724 = CARTESIAN_POINT ( 'NONE',  ( 0.1323557692307691935, 0.5400000000000000355, -0.4000000000000000222 ) ) ;
#5725 = CARTESIAN_POINT ( 'NONE',  ( 0.4504242788461539915, 0.5410000000000000364, -0.4000000000000000222 ) ) ;
#5726 = CARTESIAN_POINT ( 'NONE',  ( -0.4500000000000000111, 0.2000000000000000111, 0.2999999999999999889 ) ) ;
#5727 = CARTESIAN_POINT ( 'NONE',  ( -0.1814811494251569735, 0.5410000000000000364, -0.6275856213175829978 ) ) ;
#5728 = VECTOR ( 'NONE', #2096, 1000.000000000000000 ) ;
#5729 = SURFACE_SIDE_STYLE ('',( #5599 ) ) ;
#5730 = ORIENTED_EDGE ( 'NONE', *, *, #4658, .T. ) ;
#5731 =( GEOMETRIC_REPRESENTATION_CONTEXT ( 3 ) GLOBAL_UNCERTAINTY_ASSIGNED_CONTEXT ( ( #5966 ) ) GLOBAL_UNIT_ASSIGNED_CONTEXT ( ( #1452, #2102, #2013 ) ) REPRESENTATION_CONTEXT ( 'NONE', 'WORKASPACE' ) );
#5732 = AXIS2_PLACEMENT_3D ( 'NONE', #3994, #1940, #4603 ) ;
#5733 = DIRECTION ( 'NONE',  ( 0.000000000000000000, 1.000000000000000000, 0.000000000000000000 ) ) ;
#5734 = ORIENTED_EDGE ( 'NONE', *, *, #2726, .F. ) ;
#5735 = ORIENTED_EDGE ( 'NONE', *, *, #5530, .F. ) ;
#5736 = MANIFOLD_SOLID_BREP ( 'NONE', #5965 ) ;
#5737 = CARTESIAN_POINT ( 'NONE',  ( -0.5500000000000000444, 0.000000000000000000, -0.2999999999999999889 ) ) ;
#5738 = VECTOR ( 'NONE', #5634, 1000.000000000000000 ) ;
#5739 = FILL_AREA_STYLE_COLOUR ( '', #2801 ) ;
#5740 = EDGE_CURVE ( 'NONE', #1805, #5116, #6475, .T. ) ;
#5741 = CARTESIAN_POINT ( 'NONE',  ( 0.5915268981111719837, 0.5400000000000000355, -0.5947592096365510450 ) ) ;
#5742 = LINE ( 'NONE', #7086, #7355 ) ;
#5743 = CARTESIAN_POINT ( 'NONE',  ( 0.000000000000000000, 0.3800000000000000044, 0.2000000000000000111 ) ) ;
#5744 = UNCERTAINTY_MEASURE_WITH_UNIT (LENGTH_MEASURE( 1.000000000000000082E-05 ), #3093, 'distance_accuracy_value', 'NONE');
#5745 = FILL_AREA_STYLE ('',( #3001 ) ) ;
#5746 = STYLED_ITEM ( 'NONE', ( #3556 ), #6120 ) ;
#5747 = EDGE_CURVE ( 'NONE', #7054, #2600, #518, .T. ) ;
#5748 = CARTESIAN_POINT ( 'NONE',  ( 0.7500000000000000000, 0.000000000000000000, 0.5999999999999999778 ) ) ;
#5749 = PRESENTATION_STYLE_ASSIGNMENT (( #3095 ) ) ;
#5750 = EDGE_CURVE ( 'NONE', #8221, #326, #7154, .T. ) ;
#5751 = VERTEX_POINT ( 'NONE', #7813 ) ;
#5752 = VERTEX_POINT ( 'NONE', #6517 ) ;
#5753 = COLOUR_RGB ( '',0.2000000000000000111, 0.2000000000000000111, 0.2000000000000000111 ) ;
#5754 = CARTESIAN_POINT ( 'NONE',  ( 3.673940397442059498E-17, 0.5400000000000000355, 0.2999999999999999889 ) ) ;
#5755 = VECTOR ( 'NONE', #1101, 1000.000000000000114 ) ;
#5756 = CARTESIAN_POINT ( 'NONE',  ( -0.008990384615384679548, 0.5400000000000000355, -0.4000000000000000222 ) ) ;
#5757 = MANIFOLD_SOLID_BREP ( 'NONE', #3998 ) ;
#5758 = CARTESIAN_POINT ( 'NONE',  ( -0.1391831292545381848, 0.5400000000000000355, -0.4937609328647989404 ) ) ;
#5759 = CARTESIAN_POINT ( 'NONE',  ( -0.4500000000000000111, 0.2000000000000000111, 0.2999999999999999889 ) ) ;
#5760 = UNCERTAINTY_MEASURE_WITH_UNIT (LENGTH_MEASURE( 1.000000000000000082E-05 ), #2053, 'distance_accuracy_value', 'NONE');
#5761 = CIRCLE ( 'NONE', #4495, 0.07499999999999998335 ) ;
#5762 = EDGE_LOOP ( 'NONE', ( #600, #6867, #6263, #5826 ) ) ;
#5763 = ORIENTED_EDGE ( 'NONE', *, *, #5841, .T. ) ;
#5764 = CARTESIAN_POINT ( 'NONE',  ( 0.3161346153846155138, 0.5410000000000000364, -0.4836538461538459899 ) ) ;
#5765 = CARTESIAN_POINT ( 'NONE',  ( -0.1193739557274629964, 0.5410000000000000364, -0.5708751792676950432 ) ) ;
#5766 = CARTESIAN_POINT ( 'NONE',  ( -0.2000000000000000111, 0.2000000000000000111, -0.2500000000000000000 ) ) ;
#5767 = LINE ( 'NONE', #5805, #6166 ) ;
#5768 = MECHANICAL_DESIGN_GEOMETRIC_PRESENTATION_REPRESENTATION (  '', ( #7012 ), #5916 ) ;
#5769 = CARTESIAN_POINT ( 'NONE',  ( -0.1696923076923075313, 0.5400000000000000355, -0.6019230769230770051 ) ) ;
#5770 = LINE ( 'NONE', #598, #6648 ) ;
#5771 = ORIENTED_EDGE ( 'NONE', *, *, #6013, .F. ) ;
#5772 =( NAMED_UNIT ( * ) PLANE_ANGLE_UNIT ( ) SI_UNIT ( $, .RADIAN. ) );
#5773 = PLANE ( 'NONE',  #883 ) ;
#5774 = LINE ( 'NONE', #6512, #6110 ) ;
#5775 = COLOUR_RGB ( '',0.2509803921568627416, 0.2509803921568627416, 0.2509803921568627416 ) ;
#5776 = FILL_AREA_STYLE_COLOUR ( '', #5591 ) ;
#5777 = CARTESIAN_POINT ( 'NONE',  ( -0.2562307692307694840, 0.5410000000000000364, -0.4778846153846149636 ) ) ;
#5778 = VERTEX_POINT ( 'NONE', #2439 ) ;
#5779 =( NAMED_UNIT ( * ) SI_UNIT ( $, .STERADIAN. ) SOLID_ANGLE_UNIT ( ) );
#5780 = COLOUR_RGB ( '',0.2000000000000000111, 0.2000000000000000111, 0.2000000000000000111 ) ;
#5781 = FILL_AREA_STYLE_COLOUR ( '', #7937 ) ;
#5782 = ORIENTED_EDGE ( 'NONE', *, *, #2297, .T. ) ;
#5783 = CARTESIAN_POINT ( 'NONE',  ( 0.5500000000000000444, 0.000000000000000000, -0.5999999999999999778 ) ) ;
#5784 = SURFACE_STYLE_FILL_AREA ( #6951 ) ;
#5785 =( NAMED_UNIT ( * ) PLANE_ANGLE_UNIT ( ) SI_UNIT ( $, .RADIAN. ) );
#5786 = DIRECTION ( 'NONE',  ( 0.000000000000000000, -1.000000000000000000, 0.000000000000000000 ) ) ;
#5787 = ADVANCED_FACE ( 'NONE', ( #3160 ), #5073, .T. ) ;
#5788 = DIRECTION ( 'NONE',  ( 0.000000000000000000, -1.000000000000000000, 0.000000000000000000 ) ) ;
#5789 = DIRECTION ( 'NONE',  ( 0.000000000000000000, -1.000000000000000000, 0.000000000000000000 ) ) ;
#5790 = CARTESIAN_POINT ( 'NONE',  ( 0.4500000000000000111, 0.000000000000000000, -0.2999999999999999889 ) ) ;
#5791 = ORIENTED_EDGE ( 'NONE', *, *, #3190, .T. ) ;
#5792 = ORIENTED_EDGE ( 'NONE', *, *, #2926, .F. ) ;
#5793 = DIRECTION ( 'NONE',  ( 0.000000000000000000, 0.000000000000000000, 1.000000000000000000 ) ) ;
#5794 = FILL_AREA_STYLE_COLOUR ( '', #5775 ) ;
#5795 = ADVANCED_FACE ( 'NONE', ( #7943 ), #7410, .F. ) ;
#5796 = CARTESIAN_POINT ( 'NONE',  ( -0.1814232824275640032, 0.5400000000000000355, -0.5054078141260310852 ) ) ;
#5797 = ORIENTED_EDGE ( 'NONE', *, *, #3605, .F. ) ;
#5798 = ORIENTED_EDGE ( 'NONE', *, *, #7855, .F. ) ;
#5799 = DIRECTION ( 'NONE',  ( 0.000000000000000000, 0.000000000000000000, 1.000000000000000000 ) ) ;
#5800 = CARTESIAN_POINT ( 'NONE',  ( 0.4266712740384614455, 0.5410000000000000364, -0.4820312499999999667 ) ) ;
#5801 = PRESENTATION_LAYER_ASSIGNMENT (  '', '', ( #6213 ) ) ;
#5802 = EDGE_CURVE ( 'NONE', #1879, #2753, #5373, .T. ) ;
#5803 = CARTESIAN_POINT ( 'NONE',  ( -0.1939898051176195126, 0.5410000000000000364, -0.5089993784926949427 ) ) ;
#5804 = MECHANICAL_DESIGN_GEOMETRIC_PRESENTATION_REPRESENTATION (  '', ( #964 ), #2065 ) ;
#5805 = CARTESIAN_POINT ( 'NONE',  ( -0.7500000000000000000, 0.2000000000000000111, -0.2000000000000000111 ) ) ;
#5806 = PLANE ( 'NONE',  #5891 ) ;
#5807 = CARTESIAN_POINT ( 'NONE',  ( -0.2000000000000000111, 0.000000000000000000, -0.3250000000000000111 ) ) ;
#5808 = STYLED_ITEM ( 'NONE', ( #1504 ), #5372 ) ;
#5809 = DIRECTION ( 'NONE',  ( 0.000000000000000000, 0.000000000000000000, 1.000000000000000000 ) ) ;
#5810 = ORIENTED_EDGE ( 'NONE', *, *, #2463, .F. ) ;
#5811 = CARTESIAN_POINT ( 'NONE',  ( -0.1296895464892571792, 0.5410000000000000364, -0.6207036992356020910 ) ) ;
#5812 = PRESENTATION_LAYER_ASSIGNMENT (  '', '', ( #964 ) ) ;
#5813 = CARTESIAN_POINT ( 'NONE',  ( -0.7500000000000000000, 0.2000000000000000111, -0.5999999999999999778 ) ) ;
#5814 = VECTOR ( 'NONE', #6037, 1000.000000000000000 ) ;
#5815 = FILL_AREA_STYLE ('',( #6473 ) ) ;
#5816 =( NAMED_UNIT ( * ) PLANE_ANGLE_UNIT ( ) SI_UNIT ( $, .RADIAN. ) );
#5817 = COLOUR_RGB ( '',0.2509803921568627416, 0.2509803921568627416, 0.2509803921568627416 ) ;
#5818 = FILL_AREA_STYLE ('',( #4534 ) ) ;
#5819 = AXIS2_PLACEMENT_3D ( 'NONE', #3540, #248, #5644 ) ;
#5820 = CARTESIAN_POINT ( 'NONE',  ( -0.1004626796708148057, 0.5400000000000000355, -0.5052481018604029206 ) ) ;
#5821 = ORIENTED_EDGE ( 'NONE', *, *, #6755, .F. ) ;
#5822 = CARTESIAN_POINT ( 'NONE',  ( 0.3979152644230770086, 0.5410000000000000364, -0.5242187500000000666 ) ) ;
#5823 = VECTOR ( 'NONE', #8596, 1000.000000000000000 ) ;
#5824 =( GEOMETRIC_REPRESENTATION_CONTEXT ( 3 ) GLOBAL_UNCERTAINTY_ASSIGNED_CONTEXT ( ( #1476 ) ) GLOBAL_UNIT_ASSIGNED_CONTEXT ( ( #6526, #5880, #5170 ) ) REPRESENTATION_CONTEXT ( 'NONE', 'WORKASPACE' ) );
#5825 = LINE ( 'NONE', #5957, #4323 ) ;
#5826 = ORIENTED_EDGE ( 'NONE', *, *, #4442, .F. ) ;
#5827 = FILL_AREA_STYLE_COLOUR ( '', #740 ) ;
#5828 = EDGE_CURVE ( 'NONE', #6112, #3281, #8020, .T. ) ;
#5829 = CARTESIAN_POINT ( 'NONE',  ( -0.2513353502014715191, 0.5400000000000000355, -0.4498970551262490014 ) ) ;
#5830 = VECTOR ( 'NONE', #5578, 1000.000000000000000 ) ;
#5831 = STYLED_ITEM ( 'NONE', ( #7765 ), #481 ) ;
#5832 = CARTESIAN_POINT ( 'NONE',  ( 0.4855552884615390585, 0.5410000000000000364, -0.4000000000000000222 ) ) ;
#5833 = CARTESIAN_POINT ( 'NONE',  ( -0.1120670742004826054, 0.5410000000000000364, -0.4606907867066820095 ) ) ;
#5834 = LINE ( 'NONE', #4593, #2641 ) ;
#5835 = LINE ( 'NONE', #4510, #3648 ) ;
#5836 = UNCERTAINTY_MEASURE_WITH_UNIT (LENGTH_MEASURE( 1.000000000000000082E-05 ), #5641, 'distance_accuracy_value', 'NONE');
#5837 = PLANE ( 'NONE',  #337 ) ;
#5838 = CARTESIAN_POINT ( 'NONE',  ( -0.1635174278846155127, 0.5410000000000000364, -0.3971153846153844813 ) ) ;
#5839 = VERTEX_POINT ( 'NONE', #3323 ) ;
#5840 = ORIENTED_EDGE ( 'NONE', *, *, #3027, .F. ) ;
#5841 = EDGE_CURVE ( 'NONE', #7795, #418, #2774, .T. ) ;
#5842 = SURFACE_STYLE_FILL_AREA ( #123 ) ;
#5843 = FACE_OUTER_BOUND ( 'NONE', #773, .T. ) ;
#5844 = EDGE_CURVE ( 'NONE', #2498, #5506, #6760, .T. ) ;
#5845 = STYLED_ITEM ( 'NONE', ( #3269 ), #2878 ) ;
#5846 = SURFACE_SIDE_STYLE ('',( #3485 ) ) ;
#5847 = CARTESIAN_POINT ( 'NONE',  ( -0.1522397635574639918, 0.5410000000000000364, -0.5286129935125689627 ) ) ;
#5848 = UNCERTAINTY_MEASURE_WITH_UNIT (LENGTH_MEASURE( 1.000000000000000082E-05 ), #8360, 'distance_accuracy_value', 'NONE');
#5849 = VERTEX_POINT ( 'NONE', #1438 ) ;
#5850 = ORIENTED_EDGE ( 'NONE', *, *, #6360, .F. ) ;
#5851 =( LENGTH_UNIT ( ) NAMED_UNIT ( * ) SI_UNIT ( .MILLI., .METRE. ) );
#5852 = PRESENTATION_LAYER_ASSIGNMENT (  '', '', ( #995 ) ) ;
#5853 = CARTESIAN_POINT ( 'NONE',  ( -0.7500000000000000000, 0.000000000000000000, -0.5999999999999999778 ) ) ;
#5854 = CARTESIAN_POINT ( 'NONE',  ( -0.7500000000000000000, 1.277032961426900037, -0.2000000000000000111 ) ) ;
#5855 = MANIFOLD_SOLID_BREP ( 'NONE', #1108 ) ;
#5856 = LINE ( 'NONE', #3788, #813 ) ;
#5857 = CIRCLE ( 'NONE', #5993, 0.09999999999999999167 ) ;
#5858 = ADVANCED_FACE ( 'NONE', ( #951, #6327, #4882, #993, #4627, #5504, #4929, #3612 ), #1692, .F. ) ;
#5859 = ORIENTED_EDGE ( 'NONE', *, *, #6123, .T. ) ;
#5860 =( NAMED_UNIT ( * ) PLANE_ANGLE_UNIT ( ) SI_UNIT ( $, .RADIAN. ) );
#5861 = ADVANCED_FACE ( 'NONE', ( #1529 ), #334, .T. ) ;
#5862 = FILL_AREA_STYLE ('',( #1960 ) ) ;
#5863 = LINE ( 'NONE', #8499, #3315 ) ;
#5864 = VECTOR ( 'NONE', #3633, 1000.000000000000000 ) ;
#5865 = DIRECTION ( 'NONE',  ( 0.000000000000000000, -1.000000000000000000, 0.000000000000000000 ) ) ;
#5866 = DIRECTION ( 'NONE',  ( -1.000000000000000000, 0.000000000000000000, 1.445602896647339903E-16 ) ) ;
#5867 = VECTOR ( 'NONE', #1629, 1000.000000000000000 ) ;
#5868 = SURFACE_SIDE_STYLE ('',( #8467 ) ) ;
#5869 = FILL_AREA_STYLE_COLOUR ( '', #8173 ) ;
#5870 = B_SPLINE_CURVE_WITH_KNOTS ( 'NONE', 3,
 ( #8415, #455, #3016, #1077, #8452, #5676, #7102 ),
 .UNSPECIFIED., .F., .F.,
 ( 4, 1, 1, 1, 4 ),
 ( 0.000000000000000000, 0.2616684853410600198, 0.5077030364459990119, 0.7518529499271839889, 1.000000000000000000 ),
 .UNSPECIFIED. ) ;
#5871 = ORIENTED_EDGE ( 'NONE', *, *, #7003, .F. ) ;
#5872 = SURFACE_SIDE_STYLE ('',( #3208 ) ) ;
#5873 = FACE_OUTER_BOUND ( 'NONE', #8410, .T. ) ;
#5874 = ORIENTED_EDGE ( 'NONE', *, *, #1780, .F. ) ;
#5875 = CARTESIAN_POINT ( 'NONE',  ( -0.2224555244684760236, 0.5410000000000000364, -0.4118016804108795004 ) ) ;
#5876 = ORIENTED_EDGE ( 'NONE', *, *, #8022, .T. ) ;
#5877 = VECTOR ( 'NONE', #4934, 1000.000000000000000 ) ;
#5878 = CARTESIAN_POINT ( 'NONE',  ( -0.1306239951292466062, 0.5400000000000000355, -0.4311245226758659843 ) ) ;
#5879 =( GEOMETRIC_REPRESENTATION_CONTEXT ( 3 ) GLOBAL_UNCERTAINTY_ASSIGNED_CONTEXT ( ( #6440 ) ) GLOBAL_UNIT_ASSIGNED_CONTEXT ( ( #284, #5542, #5059 ) ) REPRESENTATION_CONTEXT ( 'NONE', 'WORKASPACE' ) );
#5880 =( NAMED_UNIT ( * ) PLANE_ANGLE_UNIT ( ) SI_UNIT ( $, .RADIAN. ) );
#5881 = FILL_AREA_STYLE_COLOUR ( '', #4378 ) ;
#5882 =( NAMED_UNIT ( * ) SI_UNIT ( $, .STERADIAN. ) SOLID_ANGLE_UNIT ( ) );
#5883 = FACE_OUTER_BOUND ( 'NONE', #2634, .T. ) ;
#5884 = CARTESIAN_POINT ( 'NONE',  ( -0.2000000000000000111, 0.2000000000000000111, -0.1749999999999999889 ) ) ;
#5885 = VECTOR ( 'NONE', #7686, 1000.000000000000000 ) ;
#5886 = CARTESIAN_POINT ( 'NONE',  ( -0.1203834134615383855, 0.5410000000000000364, -0.5182692307692310374 ) ) ;
#5887 = VERTEX_POINT ( 'NONE', #4185 ) ;
#5888 = VECTOR ( 'NONE', #1132, 1000.000000000000000 ) ;
#5889 = EDGE_LOOP ( 'NONE', ( #3969, #1720, #8087, #6399 ) ) ;
#5890 = AXIS2_PLACEMENT_3D ( 'NONE', #5353, #1421, #4036 ) ;
#5891 = AXIS2_PLACEMENT_3D ( 'NONE', #7181, #8455, #2520 ) ;
#5892 = CARTESIAN_POINT ( 'NONE',  ( -0.1423319247487211947, 0.5410000000000000364, -0.4947625529702540659 ) ) ;
#5893 = STYLED_ITEM ( 'NONE', ( #7781 ), #8494 ) ;
#5894 = CARTESIAN_POINT ( 'NONE',  ( -0.1744440216937090116, 0.5400000000000000355, -0.6277838002790130378 ) ) ;
#5895 = ORIENTED_EDGE ( 'NONE', *, *, #4130, .T. ) ;
#5896 = ORIENTED_EDGE ( 'NONE', *, *, #761, .T. ) ;
#5897 = CARTESIAN_POINT ( 'NONE',  ( 0.7500000000000000000, 0.2000000000000000111, 0.2000000000000000111 ) ) ;
#5898 = VECTOR ( 'NONE', #8372, 1000.000000000000000 ) ;
#5899 = MECHANICAL_DESIGN_GEOMETRIC_PRESENTATION_REPRESENTATION (  '', ( #1736 ), #4349 ) ;
#5900 = FILL_AREA_STYLE_COLOUR ( '', #6373 ) ;
#5901 = STYLED_ITEM ( 'NONE', ( #6864 ), #8571 ) ;
#5902 = FACE_OUTER_BOUND ( 'NONE', #4774, .T. ) ;
#5903 = MECHANICAL_DESIGN_GEOMETRIC_PRESENTATION_REPRESENTATION (  '', ( #2288 ), #4487 ) ;
#5904 = CARTESIAN_POINT ( 'NONE',  ( 0.1035096153846152001, 0.5410000000000000364, -0.5067307692307689848 ) ) ;
#5905 = ORIENTED_EDGE ( 'NONE', *, *, #4874, .T. ) ;
#5906 = DIRECTION ( 'NONE',  ( -1.000000000000000000, 0.000000000000000000, 0.000000000000000000 ) ) ;
#5907 = DIRECTION ( 'NONE',  ( 0.000000000000000000, -1.000000000000000000, 0.000000000000000000 ) ) ;
#5908 = EDGE_CURVE ( 'NONE', #5778, #1319, #6848, .T. ) ;
#5909 = CARTESIAN_POINT ( 'NONE',  ( 0.4500000000000000111, 0.2000000000000000111, -0.5000000000000000000 ) ) ;
#5910 = STYLED_ITEM ( 'NONE', ( #1639 ), #1513 ) ;
#5911 = EDGE_CURVE ( 'NONE', #8170, #3519, #8196, .T. ) ;
#5912 = EDGE_CURVE ( 'NONE', #7045, #3266, #910, .T. ) ;
#5913 = ORIENTED_EDGE ( 'NONE', *, *, #5740, .F. ) ;
#5914 = FILL_AREA_STYLE_COLOUR ( '', #861 ) ;
#5915 = LINE ( 'NONE', #1316, #5264 ) ;
#5916 =( GEOMETRIC_REPRESENTATION_CONTEXT ( 3 ) GLOBAL_UNCERTAINTY_ASSIGNED_CONTEXT ( ( #5056 ) ) GLOBAL_UNIT_ASSIGNED_CONTEXT ( ( #606, #5371, #1392 ) ) REPRESENTATION_CONTEXT ( 'NONE', 'WORKASPACE' ) );
#5917 = VECTOR ( 'NONE', #7696, 1000.000000000000000 ) ;
#5918 = VERTEX_POINT ( 'NONE', #5588 ) ;
#5919 = FACE_OUTER_BOUND ( 'NONE', #3231, .T. ) ;
#5920 = VERTEX_POINT ( 'NONE', #8282 ) ;
#5921 = CARTESIAN_POINT ( 'NONE',  ( -0.1120000000000000023, 0.5400000000000000355, -0.4623347355769230060 ) ) ;
#5922 = EDGE_CURVE ( 'NONE', #2653, #1337, #3490, .T. ) ;
#5923 = CARTESIAN_POINT ( 'NONE',  ( -0.1905810265405794846, 0.5400000000000000355, -0.3993813341357519975 ) ) ;
#5924 = FACE_OUTER_BOUND ( 'NONE', #8211, .T. ) ;
#5925 = CARTESIAN_POINT ( 'NONE',  ( 0.5794301673768039729, 0.5400000000000000355, -0.5670448023769210089 ) ) ;
#5926 = VECTOR ( 'NONE', #5182, 1000.000000000000000 ) ;
#5927 = SURFACE_SIDE_STYLE ('',( #3174 ) ) ;
#5928 =( LENGTH_UNIT ( ) NAMED_UNIT ( * ) SI_UNIT ( .MILLI., .METRE. ) );
#5929 = EDGE_LOOP ( 'NONE', ( #6738, #4570, #8562, #3447, #5287, #6565, #291, #6178, #3972, #812, #3466, #4054 ) ) ;
#5930 = ORIENTED_EDGE ( 'NONE', *, *, #2523, .F. ) ;
#5931 = SURFACE_STYLE_FILL_AREA ( #3951 ) ;
#5932 = SURFACE_SIDE_STYLE ('',( #7879 ) ) ;
#5933 = CARTESIAN_POINT ( 'NONE',  ( -0.1939898051176195126, 0.5410000000000000364, -0.5089993784926949427 ) ) ;
#5934 = CARTESIAN_POINT ( 'NONE',  ( -0.1452896604458474294, 0.5410000000000000364, -0.5267803440082619026 ) ) ;
#5935 = ORIENTED_EDGE ( 'NONE', *, *, #8349, .T. ) ;
#5936 = EDGE_LOOP ( 'NONE', ( #8222, #24, #2554, #7842 ) ) ;
#5937 = PRESENTATION_STYLE_ASSIGNMENT (( #3191 ) ) ;
#5938 = UNCERTAINTY_MEASURE_WITH_UNIT (LENGTH_MEASURE( 1.000000000000000082E-05 ), #6531, 'distance_accuracy_value', 'NONE');
#5939 = DIRECTION ( 'NONE',  ( -0.000000000000000000, 1.000000000000000000, 0.000000000000000000 ) ) ;
#5940 = FILL_AREA_STYLE ('',( #2680 ) ) ;
#5941 = CARTESIAN_POINT ( 'NONE',  ( -0.2475769230769230000, 0.5400000000000000355, -0.5662710336538460121 ) ) ;
#5942 = DIRECTION ( 'NONE',  ( 0.000000000000000000, -1.000000000000000000, 0.000000000000000000 ) ) ;
#5943 = ORIENTED_EDGE ( 'NONE', *, *, #8263, .F. ) ;
#5944 = PRESENTATION_STYLE_ASSIGNMENT (( #1268 ) ) ;
#5945 = VECTOR ( 'NONE', #510, 1000.000000000000000 ) ;
#5946 = PLANE ( 'NONE',  #1726 ) ;
#5947 = ADVANCED_FACE ( 'NONE', ( #2294, #3531 ), #6195, .F. ) ;
#5948 = DIRECTION ( 'NONE',  ( 0.000000000000000000, -1.000000000000000000, 0.000000000000000000 ) ) ;
#5949 = LINE ( 'NONE', #8064, #68 ) ;
#5950 =( NAMED_UNIT ( * ) PLANE_ANGLE_UNIT ( ) SI_UNIT ( $, .RADIAN. ) );
#5951 = CARTESIAN_POINT ( 'NONE',  ( -0.7500000000000000000, 1.277032961426900037, -0.5999999999999999778 ) ) ;
#5952 = COLOUR_RGB ( '',0.2509803921568627416, 0.2509803921568627416, 0.2509803921568627416 ) ;
#5953 = VERTEX_POINT ( 'NONE', #1904 ) ;
#5954 = CARTESIAN_POINT ( 'NONE',  ( -0.5500000000000000444, 0.2000000000000000111, -0.5000000000000000000 ) ) ;
#5955 =( GEOMETRIC_REPRESENTATION_CONTEXT ( 3 ) GLOBAL_UNCERTAINTY_ASSIGNED_CONTEXT ( ( #4731 ) ) GLOBAL_UNIT_ASSIGNED_CONTEXT ( ( #5574, #5404, #4741 ) ) REPRESENTATION_CONTEXT ( 'NONE', 'WORKASPACE' ) );
#5956 = CARTESIAN_POINT ( 'NONE',  ( -0.5500000000000000444, 1.277032961426900037, -0.2999999999999999889 ) ) ;
#5957 = CARTESIAN_POINT ( 'NONE',  ( -0.2562307692307694840, 0.5400000000000000355, -0.4778846153846149636 ) ) ;
#5958 = ORIENTED_EDGE ( 'NONE', *, *, #7014, .F. ) ;
#5959 = VECTOR ( 'NONE', #6996, 1000.000000000000000 ) ;
#5960 = DIRECTION ( 'NONE',  ( 0.000000000000000000, 1.000000000000000000, 0.000000000000000000 ) ) ;
#5961 = ADVANCED_FACE ( 'NONE', ( #1212 ), #5806, .T. ) ;
#5962 = SURFACE_SIDE_STYLE ('',( #6527 ) ) ;
#5963 = AXIS2_PLACEMENT_3D ( 'NONE', #4669, #1531, #7986 ) ;
#5964 = PLANE ( 'NONE',  #7250 ) ;
#5965 = CLOSED_SHELL ( 'NONE', ( #927, #4451, #2973, #2676, #7073, #7432, #3084, #5163 ) ) ;
#5966 = UNCERTAINTY_MEASURE_WITH_UNIT (LENGTH_MEASURE( 1.000000000000000082E-05 ), #1452, 'distance_accuracy_value', 'NONE');
#5967 = DIRECTION ( 'NONE',  ( 0.000000000000000000, 0.000000000000000000, -1.000000000000000000 ) ) ;
#5968 = AXIS2_PLACEMENT_3D ( 'NONE', #762, #3305, #6699 ) ;
#5969 = DIRECTION ( 'NONE',  ( 0.000000000000000000, 0.000000000000000000, -1.000000000000000000 ) ) ;
#5970 = EDGE_LOOP ( 'NONE', ( #6456, #5233, #3629, #4878 ) ) ;
#5971 = EDGE_CURVE ( 'NONE', #490, #7220, #6505, .T. ) ;
#5972 = VERTEX_POINT ( 'NONE', #5153 ) ;
#5973 = PRESENTATION_LAYER_ASSIGNMENT (  '', '', ( #832 ) ) ;
#5974 = VECTOR ( 'NONE', #6246, 1000.000000000000000 ) ;
#5975 = PRESENTATION_STYLE_ASSIGNMENT (( #3303 ) ) ;
#5976 =( NAMED_UNIT ( * ) SI_UNIT ( $, .STERADIAN. ) SOLID_ANGLE_UNIT ( ) );
#5977 = CARTESIAN_POINT ( 'NONE',  ( 0.1035096153846152001, 0.5410000000000000364, -0.6250000000000000000 ) ) ;
#5978 = DIRECTION ( 'NONE',  ( 0.000000000000000000, 0.000000000000000000, 1.000000000000000000 ) ) ;
#5979 = ORIENTED_EDGE ( 'NONE', *, *, #3340, .F. ) ;
#5980 = VERTEX_POINT ( 'NONE', #7801 ) ;
#5981 = CARTESIAN_POINT ( 'NONE',  ( -0.1744440216937090116, 0.5400000000000000355, -0.6277838002790130378 ) ) ;
#5982 = UNCERTAINTY_MEASURE_WITH_UNIT (LENGTH_MEASURE( 1.000000000000000082E-05 ), #7975, 'distance_accuracy_value', 'NONE');
#5983 = LINE ( 'NONE', #3314, #2835 ) ;
#5984 = CARTESIAN_POINT ( 'NONE',  ( 0.2000000000000000111, 1.277032961426900037, -0.5000000000000000000 ) ) ;
#5985 = EDGE_CURVE ( 'NONE', #2269, #3394, #1864, .T. ) ;
#5986 = CARTESIAN_POINT ( 'NONE',  ( -0.4500000000000000111, 0.2000000000000000111, 0.5000000000000000000 ) ) ;
#5987 = ORIENTED_EDGE ( 'NONE', *, *, #3338, .F. ) ;
#5988 = CARTESIAN_POINT ( 'NONE',  ( -0.09873838483249990083, 0.5400000000000000355, -0.5952957566596129846 ) ) ;
#5989 = AXIS2_PLACEMENT_3D ( 'NONE', #5701, #6304, #8262 ) ;
#5990 = CARTESIAN_POINT ( 'NONE',  ( 0.7500000000000000000, 0.000000000000000000, 0.5999999999999999778 ) ) ;
#5991 = CARTESIAN_POINT ( 'NONE',  ( -0.1363960361527611909, 0.5410000000000000364, -0.4282376806867174701 ) ) ;
#5992 = DIRECTION ( 'NONE',  ( -2.168404344971010446E-15, 0.000000000000000000, -1.000000000000000000 ) ) ;
#5993 = AXIS2_PLACEMENT_3D ( 'NONE', #8081, #4025, #4812 ) ;
#5994 = ORIENTED_EDGE ( 'NONE', *, *, #2566, .T. ) ;
#5995 = CARTESIAN_POINT ( 'NONE',  ( 0.4500000000000000111, 0.2000000000000000111, 0.5000000000000000000 ) ) ;
#5996 = CARTESIAN_POINT ( 'NONE',  ( -0.2038399638926839952, 0.5410000000000000364, -0.5944434054260658851 ) ) ;
#5997 = CARTESIAN_POINT ( 'NONE',  ( -0.008990384615384679548, 0.5400000000000000355, -0.4000000000000000222 ) ) ;
#5998 = EDGE_LOOP ( 'NONE', ( #5930, #3896, #7221, #2022 ) ) ;
#5999 = CARTESIAN_POINT ( 'NONE',  ( -0.1635174278846155127, 0.5410000000000000364, -0.3971153846153844813 ) ) ;
#6000 = CARTESIAN_POINT ( 'NONE',  ( -0.1635174278846155127, 0.5400000000000000355, -0.3971153846153844813 ) ) ;
#6001 = FILL_AREA_STYLE_COLOUR ( '', #1350 ) ;
#6002 = PRESENTATION_LAYER_ASSIGNMENT (  '', '', ( #3219 ) ) ;
#6003 =( NAMED_UNIT ( * ) SI_UNIT ( $, .STERADIAN. ) SOLID_ANGLE_UNIT ( ) );
#6004 = ADVANCED_FACE ( 'NONE', ( #7021 ), #845, .F. ) ;
#6005 = FILL_AREA_STYLE ('',( #2786 ) ) ;
#6006 = DIRECTION ( 'NONE',  ( 0.000000000000000000, 1.000000000000000000, 0.000000000000000000 ) ) ;
#6007 = LINE ( 'NONE', #84, #6451 ) ;
#6008 = STYLED_ITEM ( 'NONE', ( #5944 ), #7320 ) ;
#6009 = STYLED_ITEM ( 'NONE', ( #5562 ), #7628 ) ;
#6010 = FILL_AREA_STYLE ('',( #749 ) ) ;
#6011 = ORIENTED_EDGE ( 'NONE', *, *, #4885, .T. ) ;
#6012 = VERTEX_POINT ( 'NONE', #2681 ) ;
#6013 = EDGE_CURVE ( 'NONE', #6133, #5413, #6442, .T. ) ;
#6014 = AXIS2_PLACEMENT_3D ( 'NONE', #3617, #2985, #2342 ) ;
#6015 = CARTESIAN_POINT ( 'NONE',  ( 0.000000000000000000, 0.4299999999999999933, 1.626303258728255172E-16 ) ) ;
#6016 = CARTESIAN_POINT ( 'NONE',  ( -0.2500000000000000000, 0.2000000000000000111, -0.7500000000000000000 ) ) ;
#6017 = ADVANCED_FACE ( 'NONE', ( #893 ), #3278, .T. ) ;
#6018 = PRESENTATION_STYLE_ASSIGNMENT (( #3226 ) ) ;
#6019 = EDGE_CURVE ( 'NONE', #400, #135, #3239, .T. ) ;
#6020 = FACE_OUTER_BOUND ( 'NONE', #1434, .T. ) ;
#6021 = PRESENTATION_LAYER_ASSIGNMENT (  '', '', ( #6426 ) ) ;
#6022 = CARTESIAN_POINT ( 'NONE',  ( -0.1708641826923079921, 0.5400000000000000355, -0.6278846153846159295 ) ) ;
#6023 = MECHANICAL_DESIGN_GEOMETRIC_PRESENTATION_REPRESENTATION (  '', ( #6287 ), #3771 ) ;
#6024 = EDGE_LOOP ( 'NONE', ( #5682, #8425, #4923, #7437, #1631, #1277, #3142, #2562, #5734, #1221, #7685, #7097 ) ) ;
#6025 = ORIENTED_EDGE ( 'NONE', *, *, #4542, .T. ) ;
#6026 =( LENGTH_UNIT ( ) NAMED_UNIT ( * ) SI_UNIT ( .MILLI., .METRE. ) );
#6027 = UNCERTAINTY_MEASURE_WITH_UNIT (LENGTH_MEASURE( 1.000000000000000082E-05 ), #2353, 'distance_accuracy_value', 'NONE');
#6028 = DIRECTION ( 'NONE',  ( 0.000000000000000000, 0.000000000000000000, 1.000000000000000000 ) ) ;
#6029 = AXIS2_PLACEMENT_3D ( 'NONE', #5284, #1395, #733 ) ;
#6030 = CARTESIAN_POINT ( 'NONE',  ( -0.08350096065851139726, 0.5400000000000000355, -0.4724718610560239562 ) ) ;
#6031 = COLOUR_RGB ( '',0.2509803921568627416, 0.2509803921568627416, 0.2509803921568627416 ) ;
#6032 = CARTESIAN_POINT ( 'NONE',  ( 0.4500000000000000111, 1.277032961426900037, -0.5000000000000000000 ) ) ;
#6033 = PRESENTATION_LAYER_ASSIGNMENT (  '', '', ( #3248 ) ) ;
#6034 = FACE_OUTER_BOUND ( 'NONE', #2754, .T. ) ;
#6035 = VECTOR ( 'NONE', #1235, 1000.000000000000000 ) ;
#6036 = ORIENTED_EDGE ( 'NONE', *, *, #753, .F. ) ;
#6037 = DIRECTION ( 'NONE',  ( 0.000000000000000000, 0.000000000000000000, -1.000000000000000000 ) ) ;
#6038 = LINE ( 'NONE', #6628, #3125 ) ;
#6039 = DIRECTION ( 'NONE',  ( 0.000000000000000000, -1.000000000000000000, 0.000000000000000000 ) ) ;
#6040 = EDGE_LOOP ( 'NONE', ( #7607, #563, #2457, #5494 ) ) ;
#6041 = CARTESIAN_POINT ( 'NONE',  ( -0.5500000000000000444, 0.2000000000000000111, -0.5000000000000000000 ) ) ;
#6042 = ORIENTED_EDGE ( 'NONE', *, *, #6164, .T. ) ;
#6043 = CARTESIAN_POINT ( 'NONE',  ( -0.1415000908464834062, 0.5410000000000000364, -0.3991410944377735137 ) ) ;
#6044 = PRESENTATION_LAYER_ASSIGNMENT (  '', '', ( #4216 ) ) ;
#6045 = DIRECTION ( 'NONE',  ( -1.000000000000000000, 0.000000000000000000, 2.710505431213769960E-16 ) ) ;
#6046 = CARTESIAN_POINT ( 'NONE',  ( 0.3161346153846155138, 0.5400000000000000355, -0.4836538461538459899 ) ) ;
#6047 =( NAMED_UNIT ( * ) PLANE_ANGLE_UNIT ( ) SI_UNIT ( $, .RADIAN. ) );
#6048 = CARTESIAN_POINT ( 'NONE',  ( 0.3354903846153844960, 0.5410000000000000364, -0.4000000000000000222 ) ) ;
#6049 = DIRECTION ( 'NONE',  ( 0.000000000000000000, 0.000000000000000000, -1.000000000000000000 ) ) ;
#6050 = FACE_OUTER_BOUND ( 'NONE', #1375, .T. ) ;
#6051 = CARTESIAN_POINT ( 'NONE',  ( -0.5500000000000000444, 0.000000000000000000, 0.5999999999999999778 ) ) ;
#6052 = AXIS2_PLACEMENT_3D ( 'NONE', #1962, #4579, #1311 ) ;
#6053 = COLOUR_RGB ( '',0.2509803921568627416, 0.2509803921568627416, 0.2509803921568627416 ) ;
#6054 = VERTEX_POINT ( 'NONE', #5941 ) ;
#6055 = CARTESIAN_POINT ( 'NONE',  ( 0.7500000000000000000, 0.000000000000000000, -0.7500000000000000000 ) ) ;
#6056 = EDGE_LOOP ( 'NONE', ( #7490, #3384, #3122, #1901 ) ) ;
#6057 = FACE_OUTER_BOUND ( 'NONE', #1547, .T. ) ;
#6058 =( GEOMETRIC_REPRESENTATION_CONTEXT ( 3 ) GLOBAL_UNCERTAINTY_ASSIGNED_CONTEXT ( ( #4044 ) ) GLOBAL_UNIT_ASSIGNED_CONTEXT ( ( #5338, #4676, #3844 ) ) REPRESENTATION_CONTEXT ( 'NONE', 'WORKASPACE' ) );
#6059 = UNCERTAINTY_MEASURE_WITH_UNIT (LENGTH_MEASURE( 1.000000000000000082E-05 ), #3890, 'distance_accuracy_value', 'NONE');
#6060 = DIRECTION ( 'NONE',  ( 0.7920061162170647373, 0.000000000000000000, 0.6105131545468627241 ) ) ;
#6061 = SURFACE_STYLE_FILL_AREA ( #7344 ) ;
#6062 = LINE ( 'NONE', #5523, #5046 ) ;
#6063 = SURFACE_STYLE_FILL_AREA ( #1941 ) ;
#6064 = FILL_AREA_STYLE_COLOUR ( '', #6727 ) ;
#6065 = EDGE_LOOP ( 'NONE', ( #5527, #5792, #5201, #5252 ) ) ;
#6066 = ORIENTED_EDGE ( 'NONE', *, *, #6123, .F. ) ;
#6067 = ADVANCED_FACE ( 'NONE', ( #5902 ), #1991, .F. ) ;
#6068 = FILL_AREA_STYLE ('',( #4086 ) ) ;
#6069 = EDGE_CURVE ( 'NONE', #3039, #6054, #5150, .T. ) ;
#6070 = DIRECTION ( 'NONE',  ( 0.000000000000000000, -1.000000000000000000, 0.000000000000000000 ) ) ;
#6071 = CARTESIAN_POINT ( 'NONE',  ( -0.09737977750331940074, 0.5410000000000000364, -0.5022151683148109447 ) ) ;
#6072 = SURFACE_STYLE_FILL_AREA ( #4744 ) ;
#6073 = UNCERTAINTY_MEASURE_WITH_UNIT (LENGTH_MEASURE( 1.000000000000000082E-05 ), #3118, 'distance_accuracy_value', 'NONE');
#6074 = DIRECTION ( 'NONE',  ( 1.000000000000000000, 0.000000000000000000, 0.000000000000000000 ) ) ;
#6075 = ORIENTED_EDGE ( 'NONE', *, *, #7163, .T. ) ;
#6076 = CARTESIAN_POINT ( 'NONE',  ( -0.09505467409137041690, 0.5400000000000000355, -0.5886305017196289402 ) ) ;
#6077 = EDGE_CURVE ( 'NONE', #1849, #2612, #8395, .T. ) ;
#6078 = CARTESIAN_POINT ( 'NONE',  ( 0.1632500000000000062, 0.5400000000000000355, -0.4548076923076930234 ) ) ;
#6079 = EDGE_CURVE ( 'NONE', #5972, #1161, #354, .T. ) ;
#6080 = DIRECTION ( 'NONE',  ( 0.000000000000000000, -1.000000000000000000, 0.000000000000000000 ) ) ;
#6081 = ORIENTED_EDGE ( 'NONE', *, *, #37, .F. ) ;
#6082 = CARTESIAN_POINT ( 'NONE',  ( -0.2413883373855710002, 0.5400000000000000355, -0.4303666241382760327 ) ) ;
#6083 = ORIENTED_EDGE ( 'NONE', *, *, #6906, .F. ) ;
#6084 = CARTESIAN_POINT ( 'NONE',  ( -0.2500000000000000000, 0.1000000000000000056, 0.7510000000000000009 ) ) ;
#6085 = FILL_AREA_STYLE ('',( #4058 ) ) ;
#6086 = CARTESIAN_POINT ( 'NONE',  ( -0.2121657819441065129, 0.5400000000000000355, -0.5869602018381729902 ) ) ;
#6087 = PRESENTATION_STYLE_ASSIGNMENT (( #7373 ) ) ;
#6088 = CARTESIAN_POINT ( 'NONE',  ( 0.1323557692307691935, 0.5410000000000000364, -0.4000000000000000222 ) ) ;
#6089 = FACE_OUTER_BOUND ( 'NONE', #8603, .T. ) ;
#6090 = PRESENTATION_LAYER_ASSIGNMENT (  '', '', ( #1242 ) ) ;
#6091 =( NAMED_UNIT ( * ) SI_UNIT ( $, .STERADIAN. ) SOLID_ANGLE_UNIT ( ) );
#6092 = CARTESIAN_POINT ( 'NONE',  ( 0.1035096153846152001, 0.5410000000000000364, -0.5326923076923080203 ) ) ;
#6093 = DIRECTION ( 'NONE',  ( 0.000000000000000000, 0.000000000000000000, 1.000000000000000000 ) ) ;
#6094 = AXIS2_PLACEMENT_3D ( 'NONE', #7468, #4160, #888 ) ;
#6095 = PRESENTATION_STYLE_ASSIGNMENT (( #2869 ) ) ;
#6096 = VERTEX_POINT ( 'NONE', #4337 ) ;
#6097 = MECHANICAL_DESIGN_GEOMETRIC_PRESENTATION_REPRESENTATION (  '', ( #388 ), #6367 ) ;
#6098 = EDGE_LOOP ( 'NONE', ( #577, #7720, #5274, #6535, #4380, #1794 ) ) ;
#6099 = MECHANICAL_DESIGN_GEOMETRIC_PRESENTATION_REPRESENTATION (  '', ( #8023 ), #7467 ) ;
#6100 = CARTESIAN_POINT ( 'NONE',  ( -0.1358870565522899976, 0.5410000000000000364, -0.5941673548277890404 ) ) ;
#6101 = AXIS2_PLACEMENT_3D ( 'NONE', #8123, #6045, #7992 ) ;
#6102 = CARTESIAN_POINT ( 'NONE',  ( -0.1522397635574639918, 0.5400000000000000355, -0.5286129935125689627 ) ) ;
#6103 = CARTESIAN_POINT ( 'NONE',  ( -0.7500000000000000000, 0.2000000000000000111, -0.2000000000000000111 ) ) ;
#6104 = CIRCLE ( 'NONE', #5680, 0.09999999999999999167 ) ;
#6105 = CARTESIAN_POINT ( 'NONE',  ( -0.1000000000000000056, 0.2000000000000000111, -0.7510000000000000009 ) ) ;
#6106 = CIRCLE ( 'NONE', #7469, 0.09999999999999999167 ) ;
#6107 = CARTESIAN_POINT ( 'NONE',  ( -0.08327515217368899880, 0.5400000000000000355, -0.4609273436261840384 ) ) ;
#6108 = CARTESIAN_POINT ( 'NONE',  ( -0.1396157169164148060, 0.5410000000000000364, -0.5962602068156299673 ) ) ;
#6109 = EDGE_CURVE ( 'NONE', #5752, #5839, #1756, .T. ) ;
#6110 = VECTOR ( 'NONE', #5907, 1000.000000000000000 ) ;
#6111 = ORIENTED_EDGE ( 'NONE', *, *, #3197, .F. ) ;
#6112 = VERTEX_POINT ( 'NONE', #4210 ) ;
#6113 = CARTESIAN_POINT ( 'NONE',  ( -0.2500000000000000000, 0.1000000000000000056, -0.7510000000000000009 ) ) ;
#6114 = VECTOR ( 'NONE', #2888, 1000.000000000000000 ) ;
#6115 = VECTOR ( 'NONE', #6803, 1000.000000000000000 ) ;
#6116 = DIRECTION ( 'NONE',  ( 0.000000000000000000, 1.000000000000000000, 0.000000000000000000 ) ) ;
#6117 =( LENGTH_UNIT ( ) NAMED_UNIT ( * ) SI_UNIT ( .MILLI., .METRE. ) );
#6118 = ORIENTED_EDGE ( 'NONE', *, *, #3449, .F. ) ;
#6119 = LINE ( 'NONE', #7533, #1483 ) ;
#6120 = ADVANCED_FACE ( 'NONE', ( #5038 ), #6216, .F. ) ;
#6121 = SURFACE_STYLE_USAGE ( .BOTH. , #820 ) ;
#6122 = DIRECTION ( 'NONE',  ( 0.000000000000000000, 0.000000000000000000, -1.000000000000000000 ) ) ;
#6123 = EDGE_CURVE ( 'NONE', #7185, #4376, #2319, .T. ) ;
#6124 = AXIS2_PLACEMENT_3D ( 'NONE', #8303, #1714, #5130 ) ;
#6125 = CARTESIAN_POINT ( 'NONE',  ( -0.2186302385117845082, 0.5410000000000000364, -0.5717287091131409982 ) ) ;
#6126 = ORIENTED_EDGE ( 'NONE', *, *, #1886, .F. ) ;
#6127 = CARTESIAN_POINT ( 'NONE',  ( -0.2469873920404594969, 0.5400000000000000355, -0.4397684847617845394 ) ) ;
#6128 = CARTESIAN_POINT ( 'NONE',  ( -0.1598434475654600118, 0.5400000000000000355, -0.5305463636133269656 ) ) ;
#6129 = DIRECTION ( 'NONE',  ( 0.000000000000000000, -1.000000000000000000, 0.000000000000000000 ) ) ;
#6130 = CARTESIAN_POINT ( 'NONE',  ( -0.1961995304303104926, 0.5400000000000000355, -0.5981401989413089870 ) ) ;
#6131 = CARTESIAN_POINT ( 'NONE',  ( -0.008990384615384679548, 0.5410000000000000364, -0.4000000000000000222 ) ) ;
#6132 = CARTESIAN_POINT ( 'NONE',  ( 0.4500000000000000111, 0.000000000000000000, -0.5000000000000000000 ) ) ;
#6133 = VERTEX_POINT ( 'NONE', #6396 ) ;
#6134 = ORIENTED_EDGE ( 'NONE', *, *, #2822, .F. ) ;
#6135 = DIRECTION ( 'NONE',  ( -1.000000000000000000, 0.000000000000000000, -2.710505431213760099E-16 ) ) ;
#6136 = CARTESIAN_POINT ( 'NONE',  ( -0.1678736346834915072, 0.5400000000000000355, -0.5325148285841910800 ) ) ;
#6137 = LINE ( 'NONE', #4033, #8306 ) ;
#6138 = MECHANICAL_DESIGN_GEOMETRIC_PRESENTATION_REPRESENTATION (  '', ( #3219 ), #2252 ) ;
#6139 = DIRECTION ( 'NONE',  ( 0.000000000000000000, 0.000000000000000000, -1.000000000000000000 ) ) ;
#6140 = AXIS2_PLACEMENT_3D ( 'NONE', #3465, #7423, #2915 ) ;
#6141 = DIRECTION ( 'NONE',  ( -2.710505431213760099E-16, 0.000000000000000000, 1.000000000000000000 ) ) ;
#6142 = FACE_OUTER_BOUND ( 'NONE', #5708, .T. ) ;
#6143 = CARTESIAN_POINT ( 'NONE',  ( 0.4500000000000000111, 1.277032961426900037, 0.2999999999999999889 ) ) ;
#6144 = ORIENTED_EDGE ( 'NONE', *, *, #919, .T. ) ;
#6145 = ORIENTED_EDGE ( 'NONE', *, *, #2671, .F. ) ;
#6146 = AXIS2_PLACEMENT_3D ( 'NONE', #6892, #375, #2984 ) ;
#6147 = FILL_AREA_STYLE_COLOUR ( '', #6359 ) ;
#6148 = CARTESIAN_POINT ( 'NONE',  ( -0.4500000000000000111, 1.277032961426900037, -0.2999999999999999889 ) ) ;
#6149 = LINE ( 'NONE', #4173, #1176 ) ;
#6150 = VERTEX_POINT ( 'NONE', #2452 ) ;
#6151 = CARTESIAN_POINT ( 'NONE',  ( -0.2000000000000000111, 0.2000000000000000111, -0.2500000000000000000 ) ) ;
#6152 = VECTOR ( 'NONE', #3202, 1000.000000000000000 ) ;
#6153 = VERTEX_POINT ( 'NONE', #7041 ) ;
#6154 = CARTESIAN_POINT ( 'NONE',  ( 0.4500000000000000111, 0.2000000000000000111, 0.2999999999999999889 ) ) ;
#6155 = FACE_OUTER_BOUND ( 'NONE', #5436, .T. ) ;
#6156 = LINE ( 'NONE', #6717, #6795 ) ;
#6157 = CARTESIAN_POINT ( 'NONE',  ( 0.4166652644230769975, 0.5410000000000000364, -0.4494891826923079758 ) ) ;
#6158 = AXIS2_PLACEMENT_3D ( 'NONE', #6981, #5461, #2856 ) ;
#6159 = CARTESIAN_POINT ( 'NONE',  ( -0.2273846153846154905, 0.5410000000000000364, -0.4778846153846149636 ) ) ;
#6160 = CARTESIAN_POINT ( 'NONE',  ( 0.7500000000000000000, 0.000000000000000000, -0.7500000000000000000 ) ) ;
#6161 = AXIS2_PLACEMENT_3D ( 'NONE', #1467, #2277, #4912 ) ;
#6162 = ORIENTED_EDGE ( 'NONE', *, *, #6382, .T. ) ;
#6163 = CARTESIAN_POINT ( 'NONE',  ( -0.2493603903452935311, 0.5400000000000000355, -0.4447346158456240151 ) ) ;
#6164 = EDGE_CURVE ( 'NONE', #3394, #1945, #4062, .T. ) ;
#6165 = DIRECTION ( 'NONE',  ( 0.000000000000000000, 1.000000000000000000, 0.000000000000000000 ) ) ;
#6166 = VECTOR ( 'NONE', #6550, 1000.000000000000000 ) ;
#6167 = CARTESIAN_POINT ( 'NONE',  ( -0.2230977608094050213, 0.5410000000000000364, -0.6135917818101600529 ) ) ;
#6168 = PLANE ( 'NONE',  #3572 ) ;
#6169 = EDGE_CURVE ( 'NONE', #3600, #5953, #7001, .T. ) ;
#6170 = ADVANCED_FACE ( 'NONE', ( #6258 ), #517, .T. ) ;
#6171 = DIRECTION ( 'NONE',  ( -1.000000000000000000, 0.000000000000000000, 1.355252715606881923E-15 ) ) ;
#6172 = DIRECTION ( 'NONE',  ( 0.000000000000000000, 0.000000000000000000, -1.000000000000000000 ) ) ;
#6173 = CARTESIAN_POINT ( 'NONE',  ( 0.3705564903846155222, 0.5410000000000000364, -0.5644230769230770273 ) ) ;
#6174 =( NAMED_UNIT ( * ) SI_UNIT ( $, .STERADIAN. ) SOLID_ANGLE_UNIT ( ) );
#6175 = AXIS2_PLACEMENT_3D ( 'NONE', #6143, #3517, #142 ) ;
#6176 = SURFACE_SIDE_STYLE ('',( #2913 ) ) ;
#6177 = ORIENTED_EDGE ( 'NONE', *, *, #3491, .F. ) ;
#6178 = ORIENTED_EDGE ( 'NONE', *, *, #2232, .F. ) ;
#6179 = LINE ( 'NONE', #1503, #1246 ) ;
#6180 =( NAMED_UNIT ( * ) SI_UNIT ( $, .STERADIAN. ) SOLID_ANGLE_UNIT ( ) );
#6181 = CARTESIAN_POINT ( 'NONE',  ( 0.3354903846153844960, 0.5410000000000000364, -0.4000000000000000222 ) ) ;
#6182 = SURFACE_SIDE_STYLE ('',( #315 ) ) ;
#6183 =( NAMED_UNIT ( * ) PLANE_ANGLE_UNIT ( ) SI_UNIT ( $, .RADIAN. ) );
#6184 = CARTESIAN_POINT ( 'NONE',  ( -0.1203834134615383855, 0.5410000000000000364, -0.5182692307692310374 ) ) ;
#6185 = ORIENTED_EDGE ( 'NONE', *, *, #7539, .T. ) ;
#6186 = STYLED_ITEM ( 'NONE', ( #5407 ), #1988 ) ;
#6187 = ORIENTED_EDGE ( 'NONE', *, *, #4839, .T. ) ;
#6188 = DIRECTION ( 'NONE',  ( 0.000000000000000000, 0.000000000000000000, 1.000000000000000000 ) ) ;
#6189 = PRESENTATION_LAYER_ASSIGNMENT (  '', '', ( #3673 ) ) ;
#6190 = ORIENTED_EDGE ( 'NONE', *, *, #4831, .T. ) ;
#6191 = CARTESIAN_POINT ( 'NONE',  ( -0.2273846153846154905, 0.5400000000000000355, -0.4778846153846149636 ) ) ;
#6192 = ORIENTED_EDGE ( 'NONE', *, *, #2043, .F. ) ;
#6193 = DIRECTION ( 'NONE',  ( -0.5629158584216018557, 0.000000000000000000, -0.8265142081885047398 ) ) ;
#6194 = CARTESIAN_POINT ( 'NONE',  ( -0.1251712639228992063, 0.5400000000000000355, -0.4870872442154009496 ) ) ;
#6195 = PLANE ( 'NONE',  #2692 ) ;
#6196 = CARTESIAN_POINT ( 'NONE',  ( -0.1022123672375030018, 0.5410000000000000364, -0.6002879499601400104 ) ) ;
#6197 = CARTESIAN_POINT ( 'NONE',  ( 0.5969852375703309511, 0.5400000000000000355, -0.5799978300006619625 ) ) ;
#6198 = ORIENTED_EDGE ( 'NONE', *, *, #314, .T. ) ;
#6199 = CARTESIAN_POINT ( 'NONE',  ( -0.2559833218123515053, 0.5410000000000000364, -0.4720121237791889968 ) ) ;
#6200 = EDGE_CURVE ( 'NONE', #1093, #360, #6490, .T. ) ;
#6201 = LINE ( 'NONE', #3537, #7522 ) ;
#6202 = LINE ( 'NONE', #787, #1807 ) ;
#6203 = CARTESIAN_POINT ( 'NONE',  ( -0.2180828366194054735, 0.5410000000000000364, -0.5750353503210889894 ) ) ;
#6204 =( NAMED_UNIT ( * ) PLANE_ANGLE_UNIT ( ) SI_UNIT ( $, .RADIAN. ) );
#6205 = DIRECTION ( 'NONE',  ( 1.000000000000000000, 0.000000000000000000, 0.000000000000000000 ) ) ;
#6206 = ORIENTED_EDGE ( 'NONE', *, *, #105, .T. ) ;
#6207 =( LENGTH_UNIT ( ) NAMED_UNIT ( * ) SI_UNIT ( .MILLI., .METRE. ) );
#6208 = PRESENTATION_STYLE_ASSIGNMENT (( #8165 ) ) ;
#6209 = CARTESIAN_POINT ( 'NONE',  ( -0.08517151809122520956, 0.5410000000000000364, -0.4807761518022330427 ) ) ;
#6210 = VERTEX_POINT ( 'NONE', #5300 ) ;
#6211 = EDGE_CURVE ( 'NONE', #1348, #95, #1147, .T. ) ;
#6212 = ORIENTED_EDGE ( 'NONE', *, *, #5097, .F. ) ;
#6213 = STYLED_ITEM ( 'NONE', ( #5017 ), #4924 ) ;
#6214 = CARTESIAN_POINT ( 'NONE',  ( -0.1396157169164148060, 0.5410000000000000364, -0.5962602068156299673 ) ) ;
#6215 = CARTESIAN_POINT ( 'NONE',  ( -0.1598434475654600118, 0.5400000000000000355, -0.5305463636133269656 ) ) ;
#6216 = CYLINDRICAL_SURFACE ( 'NONE', #7687, 0.09999999999999999167 ) ;
#6217 = AXIS2_PLACEMENT_3D ( 'NONE', #904, #195, #325 ) ;
#6218 = DIRECTION ( 'NONE',  ( 0.000000000000000000, 1.000000000000000000, 0.000000000000000000 ) ) ;
#6219 = EDGE_CURVE ( 'NONE', #3267, #5002, #573, .T. ) ;
#6220 = CARTESIAN_POINT ( 'NONE',  ( -0.08351585119333489182, 0.5400000000000000355, -0.4550940178006610548 ) ) ;
#6221 = VECTOR ( 'NONE', #6188, 1000.000000000000000 ) ;
#6222 = CARTESIAN_POINT ( 'NONE',  ( 0.5419855769230770282, 0.5400000000000000355, -0.4692307692307690625 ) ) ;
#6223 = VERTEX_POINT ( 'NONE', #2619 ) ;
#6224 = ORIENTED_EDGE ( 'NONE', *, *, #7141, .T. ) ;
#6225 = PRESENTATION_LAYER_ASSIGNMENT (  '', '', ( #4687 ) ) ;
#6226 = DIRECTION ( 'NONE',  ( 0.000000000000000000, 1.000000000000000000, 0.000000000000000000 ) ) ;
#6227 =( NAMED_UNIT ( * ) SI_UNIT ( $, .STERADIAN. ) SOLID_ANGLE_UNIT ( ) );
#6228 =( GEOMETRIC_REPRESENTATION_CONTEXT ( 3 ) GLOBAL_UNCERTAINTY_ASSIGNED_CONTEXT ( ( #3301 ) ) GLOBAL_UNIT_ASSIGNED_CONTEXT ( ( #3431, #227, #2200 ) ) REPRESENTATION_CONTEXT ( 'NONE', 'WORKASPACE' ) );
#6229 = PRESENTATION_LAYER_ASSIGNMENT (  '', '', ( #8023 ) ) ;
#6230 = DIRECTION ( 'NONE',  ( -0.9379254195245919634, 0.000000000000000000, 0.3468370040950334299 ) ) ;
#6231 = CARTESIAN_POINT ( 'NONE',  ( -0.2354818921885034888, 0.5410000000000000364, -0.5322811249625269969 ) ) ;
#6232 = DIRECTION ( 'NONE',  ( -5.421010862427530059E-16, 0.000000000000000000, -1.000000000000000000 ) ) ;
#6233 = PRESENTATION_LAYER_ASSIGNMENT (  '', '', ( #1240 ) ) ;
#6234 = VERTEX_POINT ( 'NONE', #3262 ) ;
#6235 = ORIENTED_EDGE ( 'NONE', *, *, #2982, .T. ) ;
#6236 = VECTOR ( 'NONE', #8021, 1000.000000000000000 ) ;
#6237 = DIRECTION ( 'NONE',  ( 0.000000000000000000, 0.000000000000000000, -1.000000000000000000 ) ) ;
#6238 = CIRCLE ( 'NONE', #4559, 0.04999999999999999584 ) ;
#6239 = AXIS2_PLACEMENT_3D ( 'NONE', #1127, #5553, #3747 ) ;
#6240 = SURFACE_SIDE_STYLE ('',( #3487 ) ) ;
#6241 =( NAMED_UNIT ( * ) PLANE_ANGLE_UNIT ( ) SI_UNIT ( $, .RADIAN. ) );
#6242 = CARTESIAN_POINT ( 'NONE',  ( -0.09171445631522059938, 0.5410000000000000364, -0.5800805419615330250 ) ) ;
#6243 = EDGE_LOOP ( 'NONE', ( #8016, #6111, #8185, #4903 ) ) ;
#6244 = DIRECTION ( 'NONE',  ( 0.000000000000000000, -1.000000000000000000, 0.000000000000000000 ) ) ;
#6245 = DIRECTION ( 'NONE',  ( 0.000000000000000000, 0.000000000000000000, 1.000000000000000000 ) ) ;
#6246 = DIRECTION ( 'NONE',  ( 0.000000000000000000, -1.000000000000000000, 0.000000000000000000 ) ) ;
#6247 = CARTESIAN_POINT ( 'NONE',  ( -0.1150652944469929828, 0.5410000000000000364, -0.4760181991672360335 ) ) ;
#6248 = FACE_OUTER_BOUND ( 'NONE', #7035, .T. ) ;
#6249 = CARTESIAN_POINT ( 'NONE',  ( -0.7500000000000000000, 0.2000000000000000111, -0.5999999999999999778 ) ) ;
#6250 =( NAMED_UNIT ( * ) PLANE_ANGLE_UNIT ( ) SI_UNIT ( $, .RADIAN. ) );
#6251 = CARTESIAN_POINT ( 'NONE',  ( -0.2381206978354410142, 0.5410000000000000364, -0.4260698738638079575 ) ) ;
#6252 = EDGE_LOOP ( 'NONE', ( #358, #3221, #6927, #5592 ) ) ;
#6253 = ORIENTED_EDGE ( 'NONE', *, *, #958, .T. ) ;
#6254 = LINE ( 'NONE', #8258, #3181 ) ;
#6255 = AXIS2_PLACEMENT_3D ( 'NONE', #7049, #8362, #7656 ) ;
#6256 = CARTESIAN_POINT ( 'NONE',  ( -0.1481948182198011832, 0.5410000000000000364, -0.5994593623064339294 ) ) ;
#6257 = CARTESIAN_POINT ( 'NONE',  ( -0.2186773715399140117, 0.5410000000000000364, -0.5190676944884379251 ) ) ;
#6258 = FACE_OUTER_BOUND ( 'NONE', #6932, .T. ) ;
#6259 = PRESENTATION_LAYER_ASSIGNMENT (  '', '', ( #1563 ) ) ;
#6260 = DIRECTION ( 'NONE',  ( 1.445602896647340100E-15, 0.000000000000000000, -1.000000000000000000 ) ) ;
#6261 = DIRECTION ( 'NONE',  ( -4.489911654005839740E-15, 1.000000000000000000, 5.221044766071799467E-13 ) ) ;
#6262 = ORIENTED_EDGE ( 'NONE', *, *, #3931, .T. ) ;
#6263 = ORIENTED_EDGE ( 'NONE', *, *, #3289, .F. ) ;
#6264 = EDGE_CURVE ( 'NONE', #4817, #2211, #5835, .T. ) ;
#6265 = DIRECTION ( 'NONE',  ( 0.000000000000000000, 0.000000000000000000, -1.000000000000000000 ) ) ;
#6266 = COLOUR_RGB ( '',0.2000000000000000111, 0.2000000000000000111, 0.2000000000000000111 ) ;
#6267 = FILL_AREA_STYLE_COLOUR ( '', #6296 ) ;
#6268 = ADVANCED_FACE ( 'NONE', ( #3217 ), #483, .F. ) ;
#6269 = VERTEX_POINT ( 'NONE', #7166 ) ;
#6270 = CARTESIAN_POINT ( 'NONE',  ( -0.2399592599520950220, 0.5410000000000000364, -0.5382638215033690443 ) ) ;
#6271 = PRESENTATION_STYLE_ASSIGNMENT (( #3606 ) ) ;
#6272 =( GEOMETRIC_REPRESENTATION_CONTEXT ( 3 ) GLOBAL_UNCERTAINTY_ASSIGNED_CONTEXT ( ( #2120 ) ) GLOBAL_UNIT_ASSIGNED_CONTEXT ( ( #2300, #5772, #8245 ) ) REPRESENTATION_CONTEXT ( 'NONE', 'WORKASPACE' ) );
#6273 = ADVANCED_FACE ( 'NONE', ( #1925 ), #1843, .T. ) ;
#6274 =( GEOMETRIC_REPRESENTATION_CONTEXT ( 3 ) GLOBAL_UNCERTAINTY_ASSIGNED_CONTEXT ( ( #5132 ) ) GLOBAL_UNIT_ASSIGNED_CONTEXT ( ( #4248, #797, #2270 ) ) REPRESENTATION_CONTEXT ( 'NONE', 'WORKASPACE' ) );
#6275 = ORIENTED_EDGE ( 'NONE', *, *, #5699, .F. ) ;
#6276 = EDGE_LOOP ( 'NONE', ( #1857, #3797, #4405, #5087, #4944, #5896 ) ) ;
#6277 = SURFACE_SIDE_STYLE ('',( #3063 ) ) ;
#6278 = CARTESIAN_POINT ( 'NONE',  ( -0.1208778610470106069, 0.5410000000000000364, -0.4837079675547150126 ) ) ;
#6279 = CIRCLE ( 'NONE', #3625, 0.09999999999999999167 ) ;
#6280 = CARTESIAN_POINT ( 'NONE',  ( 0.000000000000000000, 0.5400000000000000355, 0.000000000000000000 ) ) ;
#6281 = LINE ( 'NONE', #7669, #1673 ) ;
#6282 = FILL_AREA_STYLE_COLOUR ( '', #3295 ) ;
#6283 = PRESENTATION_LAYER_ASSIGNMENT (  '', '', ( #1166 ) ) ;
#6284 = ORIENTED_EDGE ( 'NONE', *, *, #1230, .F. ) ;
#6285 = DIRECTION ( 'NONE',  ( 0.000000000000000000, -1.000000000000000000, 0.000000000000000000 ) ) ;
#6286 = DIRECTION ( 'NONE',  ( 1.000000000000000000, 0.000000000000000000, 0.000000000000000000 ) ) ;
#6287 = STYLED_ITEM ( 'NONE', ( #6018 ), #8293 ) ;
#6288 = FILL_AREA_STYLE ('',( #1045 ) ) ;
#6289 = PRESENTATION_STYLE_ASSIGNMENT (( #3619 ) ) ;
#6290 = PRESENTATION_LAYER_ASSIGNMENT (  '', '', ( #5043 ) ) ;
#6291 = CARTESIAN_POINT ( 'NONE',  ( 0.5500000000000000444, 1.277032961426900037, 0.2999999999999999889 ) ) ;
#6292 = CARTESIAN_POINT ( 'NONE',  ( -0.2224555244684760236, 0.5410000000000000364, -0.4118016804108795004 ) ) ;
#6293 = EDGE_LOOP ( 'NONE', ( #6603, #5190, #2686, #6187 ) ) ;
#6294 = COLOUR_RGB ( '',0.6470588235294117974, 0.5176470588235293491, 0.000000000000000000 ) ;
#6295 = CARTESIAN_POINT ( 'NONE',  ( -0.1051881125260733935, 0.5400000000000000355, -0.4163104726954774404 ) ) ;
#6296 = COLOUR_RGB ( '',0.2000000000000000111, 0.2000000000000000111, 0.2000000000000000111 ) ;
#6297 = ORIENTED_EDGE ( 'NONE', *, *, #7890, .F. ) ;
#6298 = EDGE_LOOP ( 'NONE', ( #7621, #2381, #520, #4308, #5031, #7566 ) ) ;
#6299 = CARTESIAN_POINT ( 'NONE',  ( 0.2642115384615384976, 0.5400000000000000355, -0.4548076923076930234 ) ) ;
#6300 =( GEOMETRIC_REPRESENTATION_CONTEXT ( 3 ) GLOBAL_UNCERTAINTY_ASSIGNED_CONTEXT ( ( #3807 ) ) GLOBAL_UNIT_ASSIGNED_CONTEXT ( ( #926, #7507, #4681 ) ) REPRESENTATION_CONTEXT ( 'NONE', 'WORKASPACE' ) );
#6301 = SURFACE_SIDE_STYLE ('',( #2406 ) ) ;
#6302 = CARTESIAN_POINT ( 'NONE',  ( -0.1646893028846155016, 0.5400000000000000355, -0.4230769230769230171 ) ) ;
#6303 = PRESENTATION_LAYER_ASSIGNMENT (  '', '', ( #2843 ) ) ;
#6304 = DIRECTION ( 'NONE',  ( 0.000000000000000000, 1.000000000000000000, 0.000000000000000000 ) ) ;
#6305 = CARTESIAN_POINT ( 'NONE',  ( -0.1000000000000000056, 0.1000000000000000056, 0.7510000000000000009 ) ) ;
#6306 = CARTESIAN_POINT ( 'NONE',  ( 0.6378990384615390585, 0.5410000000000000364, -0.4692307692307690625 ) ) ;
#6307 = CARTESIAN_POINT ( 'NONE',  ( 0.4500000000000000111, 0.2000000000000000111, -0.5000000000000000000 ) ) ;
#6308 = DIRECTION ( 'NONE',  ( 1.000000000000000000, 0.000000000000000000, -5.421010862427520198E-16 ) ) ;
#6309 = ORIENTED_EDGE ( 'NONE', *, *, #431, .F. ) ;
#6310 = ORIENTED_EDGE ( 'NONE', *, *, #4, .T. ) ;
#6311 = EDGE_CURVE ( 'NONE', #1226, #4814, #880, .T. ) ;
#6312 = AXIS2_PLACEMENT_3D ( 'NONE', #7809, #7112, #7235 ) ;
#6313 = DIRECTION ( 'NONE',  ( 0.000000000000000000, 1.000000000000000000, 0.000000000000000000 ) ) ;
#6314 = SURFACE_STYLE_FILL_AREA ( #234 ) ;
#6315 = VECTOR ( 'NONE', #2640, 1000.000000000000000 ) ;
#6316 = SURFACE_STYLE_FILL_AREA ( #8364 ) ;
#6317 = FACE_BOUND ( 'NONE', #8206, .T. ) ;
#6318 = ORIENTED_EDGE ( 'NONE', *, *, #6911, .T. ) ;
#6319 = ORIENTED_EDGE ( 'NONE', *, *, #3702, .F. ) ;
#6320 = CARTESIAN_POINT ( 'NONE',  ( 0.5500000000000000444, 0.000000000000000000, 0.5999999999999999778 ) ) ;
#6321 = EDGE_CURVE ( 'NONE', #7572, #6150, #4153, .T. ) ;
#6322 = CARTESIAN_POINT ( 'NONE',  ( 0.2901730769230769780, 0.5410000000000000364, -0.4548076923076930234 ) ) ;
#6323 = CARTESIAN_POINT ( 'NONE',  ( 0.6049963942307700071, 0.5410000000000000364, -0.6250000000000000000 ) ) ;
#6324 = CARTESIAN_POINT ( 'NONE',  ( -0.2127011622994650075, 0.5400000000000000355, -0.5158525021080420103 ) ) ;
#6325 = AXIS2_PLACEMENT_3D ( 'NONE', #5737, #1097, #3087 ) ;
#6326 = COLOUR_RGB ( '',0.2000000000000000111, 0.2000000000000000111, 0.2000000000000000111 ) ;
#6327 = FACE_BOUND ( 'NONE', #628, .T. ) ;
#6328 = CARTESIAN_POINT ( 'NONE',  ( -0.1757424616978175147, 0.5400000000000000355, -0.6018780867281089408 ) ) ;
#6329 =( LENGTH_UNIT ( ) NAMED_UNIT ( * ) SI_UNIT ( .MILLI., .METRE. ) );
#6330 = EDGE_CURVE ( 'NONE', #3309, #5292, #6007, .T. ) ;
#6331 = ORIENTED_EDGE ( 'NONE', *, *, #4711, .T. ) ;
#6332 = DIRECTION ( 'NONE',  ( -1.000000000000000000, 0.000000000000000000, 0.000000000000000000 ) ) ;
#6333 = EDGE_CURVE ( 'NONE', #6810, #7017, #2738, .T. ) ;
#6334 = CARTESIAN_POINT ( 'NONE',  ( 0.4228401442307689884, 0.5410000000000000364, -0.5214693509615390132 ) ) ;
#6335 = CARTESIAN_POINT ( 'NONE',  ( 0.3383750000000000369, 0.5410000000000000364, -0.5644230769230770273 ) ) ;
#6336 = SURFACE_SIDE_STYLE ('',( #2305 ) ) ;
#6337 =( LENGTH_UNIT ( ) NAMED_UNIT ( * ) SI_UNIT ( .MILLI., .METRE. ) );
#6338 =( NAMED_UNIT ( * ) SI_UNIT ( $, .STERADIAN. ) SOLID_ANGLE_UNIT ( ) );
#6339 = VERTEX_POINT ( 'NONE', #6051 ) ;
#6340 = DIRECTION ( 'NONE',  ( -1.000000000000000000, 0.000000000000000000, 1.355252715606881923E-15 ) ) ;
#6341 = CARTESIAN_POINT ( 'NONE',  ( -0.08546277673925339879, 0.5400000000000000355, -0.4464863899578680462 ) ) ;
#6342 = ORIENTED_EDGE ( 'NONE', *, *, #4563, .F. ) ;
#6343 =( LENGTH_UNIT ( ) NAMED_UNIT ( * ) SI_UNIT ( .MILLI., .METRE. ) );
#6344 = DIRECTION ( 'NONE',  ( 0.000000000000000000, -1.000000000000000000, 0.000000000000000000 ) ) ;
#6345 = CARTESIAN_POINT ( 'NONE',  ( -0.2104374999999999996, 0.5400000000000000355, -0.5484675480769229949 ) ) ;
#6346 = CARTESIAN_POINT ( 'NONE',  ( 0.4826057692307690328, 0.5400000000000000355, -0.4000000000000000222 ) ) ;
#6347 = CARTESIAN_POINT ( 'NONE',  ( -0.1213319745702904073, 0.5410000000000000364, -0.4385130903525224499 ) ) ;
#6348 = CARTESIAN_POINT ( 'NONE',  ( -0.1734169218615344843, 0.5400000000000000355, -0.4233358802117255237 ) ) ;
#6349 = SURFACE_STYLE_FILL_AREA ( #3683 ) ;
#6350 = FILL_AREA_STYLE ('',( #1679 ) ) ;
#6351 = DIRECTION ( 'NONE',  ( 0.000000000000000000, 0.000000000000000000, -1.000000000000000000 ) ) ;
#6352 = DIRECTION ( 'NONE',  ( 1.000000000000000000, 0.000000000000000000, -5.421010862427520198E-16 ) ) ;
#6353 = ORIENTED_EDGE ( 'NONE', *, *, #34, .F. ) ;
#6354 = ORIENTED_EDGE ( 'NONE', *, *, #8352, .F. ) ;
#6355 = SURFACE_STYLE_USAGE ( .BOTH. , #3690 ) ;
#6356 = FACE_OUTER_BOUND ( 'NONE', #7497, .T. ) ;
#6357 = CARTESIAN_POINT ( 'NONE',  ( 0.5163846153846158860, 0.5400000000000000355, -0.4000000000000000222 ) ) ;
#6358 = COLOUR_RGB ( '',0.2509803921568627416, 0.2509803921568627416, 0.2509803921568627416 ) ;
#6359 = COLOUR_RGB ( '',0.2509803921568627416, 0.2509803921568627416, 0.2509803921568627416 ) ;
#6360 = EDGE_CURVE ( 'NONE', #3250, #8574, #3336, .T. ) ;
#6361 = CARTESIAN_POINT ( 'NONE',  ( -0.1373425863130681712, 0.5400000000000000355, -0.4930371300675749913 ) ) ;
#6362 = PRESENTATION_STYLE_ASSIGNMENT (( #4963 ) ) ;
#6363 = AXIS2_PLACEMENT_3D ( 'NONE', #5544, #8194, #2250 ) ;
#6364 = UNCERTAINTY_MEASURE_WITH_UNIT (LENGTH_MEASURE( 1.000000000000000082E-05 ), #2845, 'distance_accuracy_value', 'NONE');
#6365 = ORIENTED_EDGE ( 'NONE', *, *, #3595, .T. ) ;
#6366 = ORIENTED_EDGE ( 'NONE', *, *, #3348, .F. ) ;
#6367 =( GEOMETRIC_REPRESENTATION_CONTEXT ( 3 ) GLOBAL_UNCERTAINTY_ASSIGNED_CONTEXT ( ( #2056 ) ) GLOBAL_UNIT_ASSIGNED_CONTEXT ( ( #2875, #7600, #4253 ) ) REPRESENTATION_CONTEXT ( 'NONE', 'WORKASPACE' ) );
#6368 = EDGE_CURVE ( 'NONE', #7349, #4600, #2186, .T. ) ;
#6369 = CARTESIAN_POINT ( 'NONE',  ( 0.1323557692307691935, 0.5400000000000000355, -0.4000000000000000222 ) ) ;
#6370 = DIRECTION ( 'NONE',  ( 0.9294238257626791233, 0.000000000000000000, -0.3690140269754865199 ) ) ;
#6371 =( GEOMETRIC_REPRESENTATION_CONTEXT ( 3 ) GLOBAL_UNCERTAINTY_ASSIGNED_CONTEXT ( ( #7973 ) ) GLOBAL_UNIT_ASSIGNED_CONTEXT ( ( #3119, #8381, #8423 ) ) REPRESENTATION_CONTEXT ( 'NONE', 'WORKASPACE' ) );
#6372 = CARTESIAN_POINT ( 'NONE',  ( 0.7500000000000000000, 0.000000000000000000, -0.2000000000000000111 ) ) ;
#6373 = COLOUR_RGB ( '',0.2000000000000000111, 0.2000000000000000111, 0.2000000000000000111 ) ;
#6374 = VECTOR ( 'NONE', #3906, 1000.000000000000000 ) ;
#6375 = CARTESIAN_POINT ( 'NONE',  ( -0.2186302385117845082, 0.5400000000000000355, -0.5717287091131409982 ) ) ;
#6376 = VECTOR ( 'NONE', #8197, 1000.000000000000000 ) ;
#6377 = ORIENTED_EDGE ( 'NONE', *, *, #1665, .F. ) ;
#6378 =( GEOMETRIC_REPRESENTATION_CONTEXT ( 3 ) GLOBAL_UNCERTAINTY_ASSIGNED_CONTEXT ( ( #7921 ) ) GLOBAL_UNIT_ASSIGNED_CONTEXT ( ( #572, #2661, #6683 ) ) REPRESENTATION_CONTEXT ( 'NONE', 'WORKASPACE' ) );
#6379 = LINE ( 'NONE', #5724, #5720 ) ;
#6380 = COLOUR_RGB ( '',0.2509803921568627416, 0.2509803921568627416, 0.2509803921568627416 ) ;
#6381 = DIRECTION ( 'NONE',  ( 0.000000000000000000, -1.000000000000000000, 0.000000000000000000 ) ) ;
#6382 = EDGE_CURVE ( 'NONE', #3286, #2916, #836, .T. ) ;
#6383 = FACE_OUTER_BOUND ( 'NONE', #6065, .T. ) ;
#6384 = EDGE_CURVE ( 'NONE', #8411, #6965, #3983, .T. ) ;
#6385 =( NAMED_UNIT ( * ) SI_UNIT ( $, .STERADIAN. ) SOLID_ANGLE_UNIT ( ) );
#6386 = LINE ( 'NONE', #8382, #3853 ) ;
#6387 = ORIENTED_EDGE ( 'NONE', *, *, #6432, .F. ) ;
#6388 = SURFACE_STYLE_USAGE ( .BOTH. , #3586 ) ;
#6389 = ORIENTED_EDGE ( 'NONE', *, *, #218, .T. ) ;
#6390 = DIRECTION ( 'NONE',  ( 1.000000000000000000, 0.000000000000000000, 0.000000000000000000 ) ) ;
#6391 = EDGE_CURVE ( 'NONE', #1073, #7553, #129, .T. ) ;
#6392 = DIRECTION ( 'NONE',  ( 0.000000000000000000, 0.000000000000000000, 1.000000000000000000 ) ) ;
#6393 = LINE ( 'NONE', #6299, #221 ) ;
#6394 = LINE ( 'NONE', #6437, #8585 ) ;
#6395 = CARTESIAN_POINT ( 'NONE',  ( -0.2219524653104274770, 0.5400000000000000355, -0.4548157051232600279 ) ) ;
#6396 = CARTESIAN_POINT ( 'NONE',  ( 0.5500000000000000444, 0.000000000000000000, 0.2000000000000000111 ) ) ;
#6397 = DIRECTION ( 'NONE',  ( 2.710505431213760099E-16, 0.000000000000000000, 1.000000000000000000 ) ) ;
#6398 = SURFACE_STYLE_FILL_AREA ( #3728 ) ;
#6399 = ORIENTED_EDGE ( 'NONE', *, *, #6109, .F. ) ;
#6400 = ORIENTED_EDGE ( 'NONE', *, *, #5432, .T. ) ;
#6401 = PLANE ( 'NONE',  #2215 ) ;
#6402 = CARTESIAN_POINT ( 'NONE',  ( -0.5125000000000000666, 0.5400000000000000355, -0.5125000000000000666 ) ) ;
#6403 =( NAMED_UNIT ( * ) PLANE_ANGLE_UNIT ( ) SI_UNIT ( $, .RADIAN. ) );
#6404 = STYLED_ITEM ( 'NONE', ( #2057 ), #6449 ) ;
#6405 = CARTESIAN_POINT ( 'NONE',  ( -0.2219524653104274770, 0.5400000000000000355, -0.4548157051232600279 ) ) ;
#6406 =( NAMED_UNIT ( * ) SI_UNIT ( $, .STERADIAN. ) SOLID_ANGLE_UNIT ( ) );
#6407 = ORIENTED_EDGE ( 'NONE', *, *, #4226, .T. ) ;
#6408 = VERTEX_POINT ( 'NONE', #6646 ) ;
#6409 = CARTESIAN_POINT ( 'NONE',  ( 0.4228401442307689884, 0.5400000000000000355, -0.5214693509615390132 ) ) ;
#6410 = AXIS2_PLACEMENT_3D ( 'NONE', #1546, #837, #5560 ) ;
#6411 = CARTESIAN_POINT ( 'NONE',  ( -0.4500000000000000111, 0.000000000000000000, -0.5000000000000000000 ) ) ;
#6412 =( NAMED_UNIT ( * ) PLANE_ANGLE_UNIT ( ) SI_UNIT ( $, .RADIAN. ) );
#6413 = CARTESIAN_POINT ( 'NONE',  ( -0.2088078927923819883, 0.5400000000000000355, -0.5142298871531919557 ) ) ;
#6414 = MECHANICAL_DESIGN_GEOMETRIC_PRESENTATION_REPRESENTATION (  '', ( #3620 ), #3224 ) ;
#6415 = LINE ( 'NONE', #2802, #694 ) ;
#6416 = STYLED_ITEM ( 'NONE', ( #1208 ), #7626 ) ;
#6417 = CARTESIAN_POINT ( 'NONE',  ( 0.3979152644230770086, 0.5400000000000000355, -0.5242187500000000666 ) ) ;
#6418 = VERTEX_POINT ( 'NONE', #6131 ) ;
#6419 = CARTESIAN_POINT ( 'NONE',  ( 0.2000000000000000111, 0.2000000000000000111, -0.5000000000000000000 ) ) ;
#6420 = CARTESIAN_POINT ( 'NONE',  ( 0.3383750000000000369, 0.5410000000000000364, -0.5644230769230770273 ) ) ;
#6421 = LINE ( 'NONE', #4979, #2036 ) ;
#6422 = VECTOR ( 'NONE', #245, 1000.000000000000000 ) ;
#6423 =( LENGTH_UNIT ( ) NAMED_UNIT ( * ) SI_UNIT ( .MILLI., .METRE. ) );
#6424 = CARTESIAN_POINT ( 'NONE',  ( -0.2178663086785730119, 0.5410000000000000364, -0.4089782258924244962 ) ) ;
#6425 = ORIENTED_EDGE ( 'NONE', *, *, #526, .T. ) ;
#6426 = STYLED_ITEM ( 'NONE', ( #126 ), #5633 ) ;
#6427 =( LENGTH_UNIT ( ) NAMED_UNIT ( * ) SI_UNIT ( .MILLI., .METRE. ) );
#6428 = EDGE_CURVE ( 'NONE', #7929, #1348, #5433, .T. ) ;
#6429 =( GEOMETRIC_REPRESENTATION_CONTEXT ( 3 ) GLOBAL_UNCERTAINTY_ASSIGNED_CONTEXT ( ( #8351 ) ) GLOBAL_UNIT_ASSIGNED_CONTEXT ( ( #7981, #687, #1349 ) ) REPRESENTATION_CONTEXT ( 'NONE', 'WORKASPACE' ) );
#6430 = ORIENTED_EDGE ( 'NONE', *, *, #2150, .F. ) ;
#6431 = CARTESIAN_POINT ( 'NONE',  ( -0.1000000000000000056, 0.2000000000000000111, 0.7510000000000000009 ) ) ;
#6432 = EDGE_CURVE ( 'NONE', #2544, #3735, #5342, .T. ) ;
#6433 = EDGE_CURVE ( 'NONE', #2291, #5752, #1428, .T. ) ;
#6434 = CARTESIAN_POINT ( 'NONE',  ( -0.2117042072165765121, 0.5410000000000000364, -0.5498000050217259904 ) ) ;
#6435 = LINE ( 'NONE', #6954, #2123 ) ;
#6436 = COLOUR_RGB ( '',0.2000000000000000111, 0.2000000000000000111, 0.2000000000000000111 ) ;
#6437 = CARTESIAN_POINT ( 'NONE',  ( 0.6943293269230770282, 0.5410000000000000364, -0.4000000000000000222 ) ) ;
#6438 = FACE_OUTER_BOUND ( 'NONE', #4966, .T. ) ;
#6439 = CARTESIAN_POINT ( 'NONE',  ( 0.5899423076923079323, 0.5410000000000000364, -0.5990384615384619638 ) ) ;
#6440 = UNCERTAINTY_MEASURE_WITH_UNIT (LENGTH_MEASURE( 1.000000000000000082E-05 ), #284, 'distance_accuracy_value', 'NONE');
#6441 = PLANE ( 'NONE',  #1597 ) ;
#6442 = CIRCLE ( 'NONE', #7131, 0.09999999999999999167 ) ;
#6443 =( LENGTH_UNIT ( ) NAMED_UNIT ( * ) SI_UNIT ( .MILLI., .METRE. ) );
#6444 = CARTESIAN_POINT ( 'NONE',  ( 0.4170353609128304995, 0.5400000000000000355, -0.5132937318867589749 ) ) ;
#6445 = EDGE_CURVE ( 'NONE', #3178, #6210, #5857, .T. ) ;
#6446 =( GEOMETRIC_REPRESENTATION_CONTEXT ( 3 ) GLOBAL_UNCERTAINTY_ASSIGNED_CONTEXT ( ( #1757 ) ) GLOBAL_UNIT_ASSIGNED_CONTEXT ( ( #2151, #5476, #3504 ) ) REPRESENTATION_CONTEXT ( 'NONE', 'WORKASPACE' ) );
#6447 = VERTEX_POINT ( 'NONE', #706 ) ;
#6448 = ORIENTED_EDGE ( 'NONE', *, *, #1023, .T. ) ;
#6449 = ADVANCED_FACE ( 'NONE', ( #2105 ), #2148, .T. ) ;
#6450 = CARTESIAN_POINT ( 'NONE',  ( 0.4228401442307689884, 0.5410000000000000364, -0.5214693509615390132 ) ) ;
#6451 = VECTOR ( 'NONE', #2825, 1000.000000000000000 ) ;
#6452 = LINE ( 'NONE', #8440, #154 ) ;
#6453 = CARTESIAN_POINT ( 'NONE',  ( -0.2188388206029990013, 0.5400000000000000355, -0.4485430269208459664 ) ) ;
#6454 = SURFACE_SIDE_STYLE ('',( #6316 ) ) ;
#6455 = AXIS2_PLACEMENT_3D ( 'NONE', #4568, #3306, #5978 ) ;
#6456 = ORIENTED_EDGE ( 'NONE', *, *, #5218, .F. ) ;
#6457 = EDGE_LOOP ( 'NONE', ( #6691, #4368, #2543, #1869 ) ) ;
#6458 = FILL_AREA_STYLE_COLOUR ( '', #876 ) ;
#6459 = CARTESIAN_POINT ( 'NONE',  ( -0.1245072839489845956, 0.5400000000000000355, -0.5826711178202580443 ) ) ;
#6460 = DIRECTION ( 'NONE',  ( 0.000000000000000000, 0.000000000000000000, 1.000000000000000000 ) ) ;
#6461 = DIRECTION ( 'NONE',  ( -1.000000000000000000, 0.000000000000000000, 0.000000000000000000 ) ) ;
#6462 = FILL_AREA_STYLE ('',( #4895 ) ) ;
#6463 = STYLED_ITEM ( 'NONE', ( #146 ), #2074 ) ;
#6464 =( NAMED_UNIT ( * ) SI_UNIT ( $, .STERADIAN. ) SOLID_ANGLE_UNIT ( ) );
#6465 = CARTESIAN_POINT ( 'NONE',  ( 0.7500000000000000000, 0.2000000000000000111, 0.5999999999999999778 ) ) ;
#6466 = EDGE_CURVE ( 'NONE', #7231, #5008, #8336, .T. ) ;
#6467 = DIRECTION ( 'NONE',  ( 1.445602896647339903E-16, 0.000000000000000000, 1.000000000000000000 ) ) ;
#6468 = ORIENTED_EDGE ( 'NONE', *, *, #266, .T. ) ;
#6469 = CARTESIAN_POINT ( 'NONE',  ( -0.1154038437409409951, 0.5400000000000000355, -0.6129875956786839941 ) ) ;
#6470 = SURFACE_SIDE_STYLE ('',( #8463 ) ) ;
#6471 = FILL_AREA_STYLE_COLOUR ( '', #6380 ) ;
#6472 =( GEOMETRIC_REPRESENTATION_CONTEXT ( 3 ) GLOBAL_UNCERTAINTY_ASSIGNED_CONTEXT ( ( #3148 ) ) GLOBAL_UNIT_ASSIGNED_CONTEXT ( ( #5090, #7736, #1809 ) ) REPRESENTATION_CONTEXT ( 'NONE', 'WORKASPACE' ) );
#6473 = FILL_AREA_STYLE_COLOUR ( '', #5780 ) ;
#6474 = LINE ( 'NONE', #7810, #2081 ) ;
#6475 = LINE ( 'NONE', #1271, #5888 ) ;
#6476 = PLANE ( 'NONE',  #2354 ) ;
#6477 = ORIENTED_EDGE ( 'NONE', *, *, #8189, .F. ) ;
#6478 = CARTESIAN_POINT ( 'NONE',  ( 0.2901730769230769780, 0.5400000000000000355, -0.4000000000000000222 ) ) ;
#6479 = STYLED_ITEM ( 'NONE', ( #7152 ), #1186 ) ;
#6480 = ADVANCED_FACE ( 'NONE', ( #7681 ), #5027, .T. ) ;
#6481 = CARTESIAN_POINT ( 'NONE',  ( -0.1966271197203829924, 0.5410000000000000364, -0.4007371333623869769 ) ) ;
#6482 = VERTEX_POINT ( 'NONE', #4377 ) ;
#6483 = EDGE_CURVE ( 'NONE', #5627, #8269, #7033, .T. ) ;
#6484 = CARTESIAN_POINT ( 'NONE',  ( -0.2500000000000000000, 0.1000000000000000056, -0.7510000000000000009 ) ) ;
#6485 = CARTESIAN_POINT ( 'NONE',  ( -0.2543681662763894735, 0.5400000000000000355, -0.4606402030172099815 ) ) ;
#6487 = ADVANCED_FACE ( 'NONE', ( #7554 ), #1091, .F. ) ;
#6486 = DIRECTION ( 'NONE',  ( -1.000000000000000000, 0.000000000000000000, 0.000000000000000000 ) ) ;
#6488 = FACE_OUTER_BOUND ( 'NONE', #1708, .T. ) ;
#6489 = CARTESIAN_POINT ( 'NONE',  ( -0.7500000000000000000, 0.2000000000000000111, -0.2000000000000000111 ) ) ;
#6490 = LINE ( 'NONE', #6439, #5051 ) ;
#6491 = CARTESIAN_POINT ( 'NONE',  ( -0.008990384615384679548, 0.5410000000000000364, -0.5326923076923080203 ) ) ;
#6492 = PRODUCT ( 'SHT40-AD1B-R2', 'SHT40-AD1B-R2', '', ( #3674 ) ) ;
#6493 = CARTESIAN_POINT ( 'NONE',  ( -0.1231946788732229958, 0.5400000000000000355, -0.4050205448594890179 ) ) ;
#6494 = ORIENTED_EDGE ( 'NONE', *, *, #7812, .T. ) ;
#6495 = ORIENTED_EDGE ( 'NONE', *, *, #2104, .F. ) ;
#6496 = ORIENTED_EDGE ( 'NONE', *, *, #5143, .T. ) ;
#6497 = DIRECTION ( 'NONE',  ( -1.000000000000000000, 0.000000000000000000, 0.000000000000000000 ) ) ;
#6498 = ADVANCED_FACE ( 'NONE', ( #425 ), #7590, .T. ) ;
#6499 = CARTESIAN_POINT ( 'NONE',  ( -0.1898084831511794857, 0.5410000000000000364, -0.4268895520985514502 ) ) ;
#6500 = CARTESIAN_POINT ( 'NONE',  ( -0.2267019234665330063, 0.5410000000000000364, -0.6109604903296570466 ) ) ;
#6501 = ORIENTED_EDGE ( 'NONE', *, *, #7972, .F. ) ;
#6502 = ORIENTED_EDGE ( 'NONE', *, *, #6849, .F. ) ;
#6503 = CARTESIAN_POINT ( 'NONE',  ( -0.1994800594162440266, 0.5400000000000000355, -0.5107571780568739284 ) ) ;
#6504 = COLOUR_RGB ( '',0.2509803921568627416, 0.2509803921568627416, 0.2509803921568627416 ) ;
#6505 = LINE ( 'NONE', #5013, #8108 ) ;
#6506 = LINE ( 'NONE', #4488, #5266 ) ;
#6507 = AXIS2_PLACEMENT_3D ( 'NONE', #2194, #6060, #4822 ) ;
#6508 = FILL_AREA_STYLE ('',( #3198 ) ) ;
#6509 = ORIENTED_EDGE ( 'NONE', *, *, #6069, .F. ) ;
#6510 = CARTESIAN_POINT ( 'NONE',  ( -0.1236583329622904098, 0.5410000000000000364, -0.6178482995793400656 ) ) ;
#6511 = STYLED_ITEM ( 'NONE', ( #4938 ), #3897 ) ;
#6512 = CARTESIAN_POINT ( 'NONE',  ( 0.1000000000000000056, 0.5400000000000000355, 0.7500000000000000000 ) ) ;
#6513 = AXIS2_PLACEMENT_3D ( 'NONE', #8279, #3696, #6237 ) ;
#6514 = DIRECTION ( 'NONE',  ( -1.000000000000000000, 0.000000000000000000, 0.000000000000000000 ) ) ;
#6515 = PRESENTATION_STYLE_ASSIGNMENT (( #5688 ) ) ;
#6516 = EDGE_CURVE ( 'NONE', #6223, #1893, #7633, .T. ) ;
#6517 = CARTESIAN_POINT ( 'NONE',  ( 0.000000000000000000, 0.4299999999999999933, 0.2000000000000000111 ) ) ;
#6518 = CARTESIAN_POINT ( 'NONE',  ( -0.1114976020724380013, 0.5400000000000000355, -0.5135780753055130265 ) ) ;
#6519 = VERTEX_POINT ( 'NONE', #7817 ) ;
#6520 = FACE_OUTER_BOUND ( 'NONE', #7928, .T. ) ;
#6521 = FILL_AREA_STYLE ('',( #2005 ) ) ;
#6522 = VECTOR ( 'NONE', #4293, 1000.000000000000000 ) ;
#6523 = ORIENTED_EDGE ( 'NONE', *, *, #7748, .T. ) ;
#6524 = ORIENTED_EDGE ( 'NONE', *, *, #47, .T. ) ;
#6525 = CARTESIAN_POINT ( 'NONE',  ( -0.1496832858921079978, 0.5400000000000000355, -0.4243237265406230030 ) ) ;
#6526 =( LENGTH_UNIT ( ) NAMED_UNIT ( * ) SI_UNIT ( .MILLI., .METRE. ) );
#6527 = SURFACE_STYLE_FILL_AREA ( #3886 ) ;
#6528 = PRESENTATION_LAYER_ASSIGNMENT (  '', '', ( #5831 ) ) ;
#6529 = CARTESIAN_POINT ( 'NONE',  ( 0.2901730769230769780, 0.5410000000000000364, -0.6221153846153850697 ) ) ;
#6530 = FILL_AREA_STYLE_COLOUR ( '', #5000 ) ;
#6531 =( LENGTH_UNIT ( ) NAMED_UNIT ( * ) SI_UNIT ( .MILLI., .METRE. ) );
#6532 = UNCERTAINTY_MEASURE_WITH_UNIT (LENGTH_MEASURE( 1.000000000000000082E-05 ), #5658, 'distance_accuracy_value', 'NONE');
#6533 = CARTESIAN_POINT ( 'NONE',  ( 0.4110312500000000147, 0.5400000000000000355, -0.5049729567307689182 ) ) ;
#6534 = PLANE ( 'NONE',  #3613 ) ;
#6535 = ORIENTED_EDGE ( 'NONE', *, *, #7066, .T. ) ;
#6536 = VERTEX_POINT ( 'NONE', #2609 ) ;
#6537 = LINE ( 'NONE', #1576, #1532 ) ;
#6538 = UNCERTAINTY_MEASURE_WITH_UNIT (LENGTH_MEASURE( 1.000000000000000082E-05 ), #309, 'distance_accuracy_value', 'NONE');
#6539 = SURFACE_STYLE_USAGE ( .BOTH. , #2547 ) ;
#6540 = LINE ( 'NONE', #579, #5418 ) ;
#6541 = VECTOR ( 'NONE', #3847, 1000.000000000000000 ) ;
#6542 = ADVANCED_FACE ( 'NONE', ( #6563 ), #1791, .T. ) ;
#6543 = CARTESIAN_POINT ( 'NONE',  ( -0.2472454237555125056, 0.5410000000000000364, -0.5746032610398930096 ) ) ;
#6544 = VERTEX_POINT ( 'NONE', #7903 ) ;
#6545 = VERTEX_POINT ( 'NONE', #6478 ) ;
#6546 = PLANE ( 'NONE',  #8361 ) ;
#6547 = ADVANCED_FACE ( 'NONE', ( #6520 ), #438, .T. ) ;
#6548 = CARTESIAN_POINT ( 'NONE',  ( -0.2193208346437695022, 0.5400000000000000355, -0.6161236334027589967 ) ) ;
#6549 = ADVANCED_FACE ( 'NONE', ( #7116 ), #6560, .T. ) ;
#6550 = DIRECTION ( 'NONE',  ( 1.000000000000000000, 0.000000000000000000, 1.355252715606881923E-15 ) ) ;
#6551 = EDGE_CURVE ( 'NONE', #8471, #6938, #2496, .T. ) ;
#6552 = CARTESIAN_POINT ( 'NONE',  ( -0.1530424384314569841, 0.5400000000000000355, -0.6005498295629649874 ) ) ;
#6553 = ADVANCED_FACE ( 'NONE', ( #4954 ), #4301, .T. ) ;
#6554 =( GEOMETRIC_REPRESENTATION_CONTEXT ( 3 ) GLOBAL_UNCERTAINTY_ASSIGNED_CONTEXT ( ( #6705 ) ) GLOBAL_UNIT_ASSIGNED_CONTEXT ( ( #7956, #4721, #4066 ) ) REPRESENTATION_CONTEXT ( 'NONE', 'WORKASPACE' ) );
#6555 = ORIENTED_EDGE ( 'NONE', *, *, #5747, .T. ) ;
#6556 = CARTESIAN_POINT ( 'NONE',  ( -0.5125000000000000666, 0.5410000000000000364, -0.6250000000000000000 ) ) ;
#6557 = VECTOR ( 'NONE', #3046, 1000.000000000000000 ) ;
#6558 = CARTESIAN_POINT ( 'NONE',  ( 0.7500000000000000000, 1.277032961426900037, 0.5999999999999999778 ) ) ;
#6559 = VECTOR ( 'NONE', #5076, 1000.000000000000000 ) ;
#6560 = B_SPLINE_SURFACE_WITH_KNOTS ( 'NONE', 3, 1, ( 
 ( #6916, #3432 ),
 ( #7434, #6107 ),
 ( #184, #6220 ),
 ( #228, #2881 ),
 ( #7391, #2796 ),
 ( #5444, #978 ),
 ( #938, #7479 ),
 ( #2163, #1509 ),
 ( #5489, #8182 ),
 ( #4122, #847 ),
 ( #8139, #3558 ),
 ( #271, #2279 ),
 ( #3597, #1192 ),
 ( #3809, #6493 ),
 ( #4998, #487 ),
 ( #8355, #7693 ),
 ( #6962, #5134 ),
 ( #530, #3767 ),
 ( #5838, #1847 ) ),
 .UNSPECIFIED., .F., .F., .F.,
 ( 4, 1, 1, 1, 1, 1, 1, 1, 1, 1, 1, 1, 1, 1, 1, 1, 4 ),
 ( 2, 2 ),
 ( 0.000000000000000000, 0.07553837340051890170, 0.1498854916411914151, 0.2258141755194069955, 0.3038001418451710123, 0.3435599316799964886, 0.3831447373253785149, 0.4227841908135854809, 0.4627069812006890381, 0.5033781343516959828, 0.5448507755346719827, 0.5871273664961490502, 0.6305003314922320579, 0.7191107335206790019, 0.8094579908807919555, 0.9025214665478270559, 1.000000000000000000 ),
 ( 0.000000000000000000, 1.000000000000000000 ),
 .UNSPECIFIED. ) ;
#6561 = DIRECTION ( 'NONE',  ( 0.3690140269754864644, 0.000000000000000000, 0.9294238257626790123 ) ) ;
#6562 = ORIENTED_EDGE ( 'NONE', *, *, #2626, .F. ) ;
#6563 = FACE_OUTER_BOUND ( 'NONE', #8447, .T. ) ;
#6564 = FILL_AREA_STYLE ('',( #4538 ) ) ;
#6565 = ORIENTED_EDGE ( 'NONE', *, *, #2463, .T. ) ;
#6566 = CARTESIAN_POINT ( 'NONE',  ( -0.2267916516456014997, 0.5400000000000000355, -0.4148870160340669688 ) ) ;
#6567 = ORIENTED_EDGE ( 'NONE', *, *, #332, .T. ) ;
#6568 = MECHANICAL_DESIGN_GEOMETRIC_PRESENTATION_REPRESENTATION (  '', ( #882 ), #6272 ) ;
#6569 = CARTESIAN_POINT ( 'NONE',  ( -0.1570213710590435130, 0.5400000000000000355, -0.4232131154259125005 ) ) ;
#6570 = CARTESIAN_POINT ( 'NONE',  ( -0.2346164057186235219, 0.5400000000000000355, -0.4220427080481040094 ) ) ;
#6571 = DIRECTION ( 'NONE',  ( -0.9294238257626791233, 0.000000000000000000, -0.3690140269754865199 ) ) ;
#6572 = DIRECTION ( 'NONE',  ( 0.000000000000000000, -1.000000000000000000, 0.000000000000000000 ) ) ;
#6573 = DIRECTION ( 'NONE',  ( 9.293161478447180018E-16, 0.000000000000000000, 1.000000000000000000 ) ) ;
#6574 = VECTOR ( 'NONE', #3759, 1000.000000000000000 ) ;
#6575 = CARTESIAN_POINT ( 'NONE',  ( 0.2500000000000000000, 0.2000000000000000111, 0.7510000000000000009 ) ) ;
#6576 = B_SPLINE_CURVE_WITH_KNOTS ( 'NONE', 3,
 ( #2287, #1605, #8145, #4307, #6231, #6270, #6971, #8105, #4796, #4962, #4264 ),
 .UNSPECIFIED., .F., .F.,
 ( 4, 1, 1, 1, 1, 1, 1, 1, 4 ),
 ( 0.000000000000000000, 0.1419274239950749916, 0.2739636370800179743, 0.3996588405541390276, 0.5209194864154180760, 0.6393681521598019168, 0.7576513546296330670, 0.8765561448324120652, 1.000000000000000000 ),
 .UNSPECIFIED. ) ;
#6577 = ORIENTED_EDGE ( 'NONE', *, *, #5530, .T. ) ;
#6578 = COLOUR_RGB ( '',0.2509803921568627416, 0.2509803921568627416, 0.2509803921568627416 ) ;
#6579 = EDGE_LOOP ( 'NONE', ( #2914, #885, #451, #1500, #6555, #2265, #2207, #4397, #3012, #5322, #4359, #1580 ) ) ;
#6580 = COLOUR_RGB ( '',0.2509803921568627416, 0.2509803921568627416, 0.2509803921568627416 ) ;
#6581 = SURFACE_SIDE_STYLE ('',( #6063 ) ) ;
#6582 = CARTESIAN_POINT ( 'NONE',  ( -0.2093517634908864944, 0.5410000000000000364, -0.6210195216060540035 ) ) ;
#6583 = EDGE_CURVE ( 'NONE', #1654, #6269, #3641, .T. ) ;
#6584 = VERTEX_POINT ( 'NONE', #5660 ) ;
#6585 = EDGE_LOOP ( 'NONE', ( #7340, #6725, #4222, #5267 ) ) ;
#6586 = DIRECTION ( 'NONE',  ( 0.000000000000000000, 0.000000000000000000, 1.000000000000000000 ) ) ;
#6587 =( GEOMETRIC_REPRESENTATION_CONTEXT ( 3 ) GLOBAL_UNCERTAINTY_ASSIGNED_CONTEXT ( ( #5938 ) ) GLOBAL_UNIT_ASSIGNED_CONTEXT ( ( #6531, #7916, #7087 ) ) REPRESENTATION_CONTEXT ( 'NONE', 'WORKASPACE' ) );
#6588 = CARTESIAN_POINT ( 'NONE',  ( 0.5500000000000000444, 0.2000000000000000111, -0.5000000000000000000 ) ) ;
#6589 = CARTESIAN_POINT ( 'NONE',  ( -0.008990384615384679548, 0.5400000000000000355, -0.5326923076923080203 ) ) ;
#6590 = EDGE_CURVE ( 'NONE', #7745, #7381, #8308, .T. ) ;
#6591 = CARTESIAN_POINT ( 'NONE',  ( -0.1120000000000000023, 0.5400000000000000355, -0.4623347355769230060 ) ) ;
#6592 = VERTEX_POINT ( 'NONE', #2371 ) ;
#6593 = CARTESIAN_POINT ( 'NONE',  ( 0.7500000000000000000, 0.000000000000000000, -0.5999999999999999778 ) ) ;
#6594 = CARTESIAN_POINT ( 'NONE',  ( 0.000000000000000000, 0.3800000000000000044, 1.626303258728255172E-16 ) ) ;
#6595 = LINE ( 'NONE', #5283, #6600 ) ;
#6596 = LINE ( 'NONE', #5629, #1942 ) ;
#6597 = ADVANCED_FACE ( 'NONE', ( #7782 ), #1718, .T. ) ;
#6598 = ORIENTED_EDGE ( 'NONE', *, *, #101, .T. ) ;
#6599 = CYLINDRICAL_SURFACE ( 'NONE', #4689, 0.09999999999999999167 ) ;
#6600 = VECTOR ( 'NONE', #7940, 1000.000000000000000 ) ;
#6601 =( GEOMETRIC_REPRESENTATION_CONTEXT ( 3 ) GLOBAL_UNCERTAINTY_ASSIGNED_CONTEXT ( ( #1071 ) ) GLOBAL_UNIT_ASSIGNED_CONTEXT ( ( #2596, #5317, #6706 ) ) REPRESENTATION_CONTEXT ( 'NONE', 'WORKASPACE' ) );
#6602 = CARTESIAN_POINT ( 'NONE',  ( -0.2381206978354410142, 0.5410000000000000364, -0.4260698738638079575 ) ) ;
#6603 = ORIENTED_EDGE ( 'NONE', *, *, #2671, .T. ) ;
#6604 = CARTESIAN_POINT ( 'NONE',  ( -0.09567463449824469002, 0.5410000000000000364, -0.4264712903185655102 ) ) ;
#6605 = SURFACE_STYLE_FILL_AREA ( #3332 ) ;
#6606 = CIRCLE ( 'NONE', #2456, 0.09999999999999999167 ) ;
#6607 = CARTESIAN_POINT ( 'NONE',  ( -0.2187307692307695062, 0.5400000000000000355, -0.5683443509615390132 ) ) ;
#6608 = DIRECTION ( 'NONE',  ( 1.000000000000000000, 0.000000000000000000, 0.000000000000000000 ) ) ;
#6609 =( NAMED_UNIT ( * ) SI_UNIT ( $, .STERADIAN. ) SOLID_ANGLE_UNIT ( ) );
#6610 = EDGE_LOOP ( 'NONE', ( #7394, #968, #1894, #2487 ) ) ;
#6611 = UNCERTAINTY_MEASURE_WITH_UNIT (LENGTH_MEASURE( 1.000000000000000082E-05 ), #7838, 'distance_accuracy_value', 'NONE');
#6612 = ORIENTED_EDGE ( 'NONE', *, *, #4001, .T. ) ;
#6613 =( LENGTH_UNIT ( ) NAMED_UNIT ( * ) SI_UNIT ( .MILLI., .METRE. ) );
#6614 = DIRECTION ( 'NONE',  ( 0.000000000000000000, -1.000000000000000000, 0.000000000000000000 ) ) ;
#6615 = LINE ( 'NONE', #2710, #6374 ) ;
#6616 = CARTESIAN_POINT ( 'NONE',  ( -0.2193208346437695022, 0.5410000000000000364, -0.6161236334027589967 ) ) ;
#6617 = ORIENTED_EDGE ( 'NONE', *, *, #3130, .T. ) ;
#6618 = ORIENTED_EDGE ( 'NONE', *, *, #1034, .F. ) ;
#6619 = CARTESIAN_POINT ( 'NONE',  ( -0.2093517634908864944, 0.5400000000000000355, -0.6210195216060540035 ) ) ;
#6620 = UNCERTAINTY_MEASURE_WITH_UNIT (LENGTH_MEASURE( 1.000000000000000082E-05 ), #5514, 'distance_accuracy_value', 'NONE');
#6621 = PLANE ( 'NONE',  #7013 ) ;
#6622 = DIRECTION ( 'NONE',  ( 0.000000000000000000, -1.000000000000000000, 0.000000000000000000 ) ) ;
#6623 = DIRECTION ( 'NONE',  ( 0.000000000000000000, -1.000000000000000000, 0.000000000000000000 ) ) ;
#6624 = CARTESIAN_POINT ( 'NONE',  ( 0.5743924278846159748, 0.5410000000000000364, -0.5569411057692310596 ) ) ;
#6625 = EDGE_LOOP ( 'NONE', ( #983, #118, #1728, #2715 ) ) ;
#6626 = CARTESIAN_POINT ( 'NONE',  ( -0.1378215526205733843, 0.5410000000000000364, -0.6235853544584469832 ) ) ;
#6627 = AXIS2_PLACEMENT_3D ( 'NONE', #1384, #1432, #8059 ) ;
#6628 = CARTESIAN_POINT ( 'NONE',  ( -0.4500000000000000111, 1.277032961426900037, 0.5000000000000000000 ) ) ;
#6629 = ORIENTED_EDGE ( 'NONE', *, *, #3555, .T. ) ;
#6630 = FACE_OUTER_BOUND ( 'NONE', #3082, .T. ) ;
#6631 = PRESENTATION_LAYER_ASSIGNMENT (  '', '', ( #1797 ) ) ;
#6632 = SURFACE_SIDE_STYLE ('',( #4100 ) ) ;
#6633 = CARTESIAN_POINT ( 'NONE',  ( -0.1775772456929095022, 0.5410000000000000364, -0.3976516140232365104 ) ) ;
#6634 = ADVANCED_FACE ( 'NONE', ( #397 ), #1060, .F. ) ;
#6635 = ORIENTED_EDGE ( 'NONE', *, *, #5202, .F. ) ;
#6636 = LINE ( 'NONE', #6084, #3901 ) ;
#6637 = CARTESIAN_POINT ( 'NONE',  ( -0.2553514487933605248, 0.5400000000000000355, -0.4662442895176519553 ) ) ;
#6638 = SURFACE_STYLE_USAGE ( .BOTH. , #1920 ) ;
#6639 = EDGE_CURVE ( 'NONE', #7422, #5561, #2413, .T. ) ;
#6640 = COLOUR_RGB ( '',0.2000000000000000111, 0.2000000000000000111, 0.2000000000000000111 ) ;
#6641 = EDGE_CURVE ( 'NONE', #410, #400, #3052, .T. ) ;
#6642 = CARTESIAN_POINT ( 'NONE',  ( -0.2474822730653149783, 0.5400000000000000355, -0.5637549344553269837 ) ) ;
#6643 =( GEOMETRIC_REPRESENTATION_CONTEXT ( 3 ) GLOBAL_UNCERTAINTY_ASSIGNED_CONTEXT ( ( #2745 ) ) GLOBAL_UNIT_ASSIGNED_CONTEXT ( ( #1220, #2001, #3833 ) ) REPRESENTATION_CONTEXT ( 'NONE', 'WORKASPACE' ) );
#6644 = CARTESIAN_POINT ( 'NONE',  ( 0.5500000000000000444, 0.2000000000000000111, -0.2999999999999999889 ) ) ;
#6645 = UNCERTAINTY_MEASURE_WITH_UNIT (LENGTH_MEASURE( 1.000000000000000082E-05 ), #8048, 'distance_accuracy_value', 'NONE');
#6646 = CARTESIAN_POINT ( 'NONE',  ( 2.449293598294704997E-17, 0.4299999999999999933, -0.2000000000000000111 ) ) ;
#6647 = B_SPLINE_CURVE_WITH_KNOTS ( 'NONE', 3,
 ( #6963, #8356, #6444, #1020, #1719 ),
 .UNSPECIFIED., .F., .F.,
 ( 4, 1, 4 ),
 ( 0.000000000000000000, 0.5173049221652320506, 1.000000000000000000 ),
 .UNSPECIFIED. ) ;
#6648 = VECTOR ( 'NONE', #7848, 1000.000000000000000 ) ;
#6649 = ADVANCED_FACE ( 'NONE', ( #5044 ), #1760, .T. ) ;
#6650 = AXIS2_PLACEMENT_3D ( 'NONE', #1042, #7620, #3532 ) ;
#6651 = VERTEX_POINT ( 'NONE', #2621 ) ;
#6652 = ORIENTED_EDGE ( 'NONE', *, *, #6330, .T. ) ;
#6653 =( LENGTH_UNIT ( ) NAMED_UNIT ( * ) SI_UNIT ( .MILLI., .METRE. ) );
#6654 = DIRECTION ( 'NONE',  ( 1.000000000000000000, 0.000000000000000000, 0.000000000000000000 ) ) ;
#6655 =( NAMED_UNIT ( * ) PLANE_ANGLE_UNIT ( ) SI_UNIT ( $, .RADIAN. ) );
#6656 = CARTESIAN_POINT ( 'NONE',  ( -0.1879810059838704916, 0.5410000000000000364, -0.5072036577308559613 ) ) ;
#6657 = CARTESIAN_POINT ( 'NONE',  ( -0.2004087033397164985, 0.5410000000000000364, -0.5424123526977900900 ) ) ;
#6658 = ORIENTED_EDGE ( 'NONE', *, *, #5571, .F. ) ;
#6659 = ORIENTED_EDGE ( 'NONE', *, *, #1075, .T. ) ;
#6660 = SURFACE_STYLE_FILL_AREA ( #8537 ) ;
#6661 = PLANE ( 'NONE',  #5493 ) ;
#6662 = UNCERTAINTY_MEASURE_WITH_UNIT (LENGTH_MEASURE( 1.000000000000000082E-05 ), #1495, 'distance_accuracy_value', 'NONE');
#6663 = CARTESIAN_POINT ( 'NONE',  ( -0.1004626796708148057, 0.5400000000000000355, -0.5052481018604029206 ) ) ;
#6664 = FACE_OUTER_BOUND ( 'NONE', #5536, .T. ) ;
#6665 = UNCERTAINTY_MEASURE_WITH_UNIT (LENGTH_MEASURE( 1.000000000000000082E-05 ), #4546, 'distance_accuracy_value', 'NONE');
#6666 = ORIENTED_EDGE ( 'NONE', *, *, #6483, .F. ) ;
#6667 = CARTESIAN_POINT ( 'NONE',  ( -0.08915624975863839508, 0.5410000000000000364, -0.5647190601633129692 ) ) ;
#6668 = AXIS2_PLACEMENT_3D ( 'NONE', #1100, #3635, #2409 ) ;
#6669 = LINE ( 'NONE', #5458, #2344 ) ;
#6670 = SURFACE_SIDE_STYLE ('',( #67 ) ) ;
#6671 = DIRECTION ( 'NONE',  ( -1.000000000000000000, 0.000000000000000000, 0.000000000000000000 ) ) ;
#6672 = FILL_AREA_STYLE ('',( #7450 ) ) ;
#6673 = ORIENTED_EDGE ( 'NONE', *, *, #7508, .F. ) ;
#6674 = CARTESIAN_POINT ( 'NONE',  ( -0.5500000000000000444, 0.2000000000000000111, -0.5000000000000000000 ) ) ;
#6675 = VERTEX_POINT ( 'NONE', #3265 ) ;
#6676 = EDGE_CURVE ( 'NONE', #7098, #6545, #8572, .T. ) ;
#6677 = CARTESIAN_POINT ( 'NONE',  ( -0.08546277673925339879, 0.5410000000000000364, -0.4464863899578680462 ) ) ;
#6678 =( LENGTH_UNIT ( ) NAMED_UNIT ( * ) SI_UNIT ( .MILLI., .METRE. ) );
#6679 = CARTESIAN_POINT ( 'NONE',  ( -0.1815033908249945038, 0.5400000000000000355, -0.6013494939426570207 ) ) ;
#6680 = VECTOR ( 'NONE', #384, 1000.000000000000000 ) ;
#6681 = SURFACE_STYLE_USAGE ( .BOTH. , #2736 ) ;
#6682 = FILL_AREA_STYLE_COLOUR ( '', #6578 ) ;
#6683 =( NAMED_UNIT ( * ) SI_UNIT ( $, .STERADIAN. ) SOLID_ANGLE_UNIT ( ) );
#6684 = DIRECTION ( 'NONE',  ( -1.000000000000000000, 0.000000000000000000, 0.000000000000000000 ) ) ;
#6685 =( NAMED_UNIT ( * ) PLANE_ANGLE_UNIT ( ) SI_UNIT ( $, .RADIAN. ) );
#6686 = VECTOR ( 'NONE', #5466, 1000.000000000000000 ) ;
#6687 = MECHANICAL_DESIGN_GEOMETRIC_PRESENTATION_REPRESENTATION (  '', ( #5580 ), #3622 ) ;
#6688 = EDGE_CURVE ( 'NONE', #3359, #176, #7918, .T. ) ;
#6689 = VERTEX_POINT ( 'NONE', #2019 ) ;
#6690 = ADVANCED_FACE ( 'NONE', ( #7832 ), #6534, .T. ) ;
#6691 = ORIENTED_EDGE ( 'NONE', *, *, #864, .F. ) ;
#6692 = CARTESIAN_POINT ( 'NONE',  ( -0.1179910630197699983, 0.5400000000000000355, -0.5631486295770469219 ) ) ;
#6693 = CARTESIAN_POINT ( 'NONE',  ( -0.1390218283118430098, 0.5410000000000000364, -0.5249815371515710316 ) ) ;
#6694 = VECTOR ( 'NONE', #7950, 1000.000000000000000 ) ;
#6695 = SURFACE_STYLE_USAGE ( .BOTH. , #5351 ) ;
#6696 = SURFACE_STYLE_USAGE ( .BOTH. , #712 ) ;
#6697 = FACE_OUTER_BOUND ( 'NONE', #7805, .T. ) ;
#6698 = ADVANCED_FACE ( 'NONE', ( #2663 ), #7873, .F. ) ;
#6699 = DIRECTION ( 'NONE',  ( 0.000000000000000000, 0.000000000000000000, 1.000000000000000000 ) ) ;
#6700 = STYLED_ITEM ( 'NONE', ( #4453 ), #5736 ) ;
#6701 = CARTESIAN_POINT ( 'NONE',  ( -0.1177692307692307927, 0.5410000000000000364, -0.5615384615384619860 ) ) ;
#6702 = VECTOR ( 'NONE', #648, 1000.000000000000000 ) ;
#6703 = VERTEX_POINT ( 'NONE', #3220 ) ;
#6704 = ORIENTED_EDGE ( 'NONE', *, *, #8070, .T. ) ;
#6705 = UNCERTAINTY_MEASURE_WITH_UNIT (LENGTH_MEASURE( 1.000000000000000082E-05 ), #7956, 'distance_accuracy_value', 'NONE');
#6706 =( NAMED_UNIT ( * ) SI_UNIT ( $, .STERADIAN. ) SOLID_ANGLE_UNIT ( ) );
#6707 = MECHANICAL_DESIGN_GEOMETRIC_PRESENTATION_REPRESENTATION (  '', ( #5043 ), #7823 ) ;
#6708 = CARTESIAN_POINT ( 'NONE',  ( -0.08517151809122520956, 0.5410000000000000364, -0.4807761518022330427 ) ) ;
#6709 = AXIS2_PLACEMENT_3D ( 'NONE', #2027, #1252, #6786 ) ;
#6710 = AXIS2_PLACEMENT_3D ( 'NONE', #5719, #1624, #7103 ) ;
#6711 = CARTESIAN_POINT ( 'NONE',  ( 0.5760750700618231246, 0.5410000000000000364, -0.5603158150181259956 ) ) ;
#6712 = UNCERTAINTY_MEASURE_WITH_UNIT (LENGTH_MEASURE( 1.000000000000000082E-05 ), #7996, 'distance_accuracy_value', 'NONE');
#6713 = AXIS2_PLACEMENT_3D ( 'NONE', #7974, #4783, #11 ) ;
#6714 = EDGE_LOOP ( 'NONE', ( #5421, #4557, #627, #4988 ) ) ;
#6715 = CARTESIAN_POINT ( 'NONE',  ( 0.1632500000000000062, 0.5410000000000000364, -0.4548076923076930234 ) ) ;
#6716 = SURFACE_SIDE_STYLE ('',( #4095 ) ) ;
#6717 = CARTESIAN_POINT ( 'NONE',  ( 0.7500000000000000000, 0.000000000000000000, -0.5999999999999999778 ) ) ;
#6718 = SURFACE_STYLE_USAGE ( .BOTH. , #6670 ) ;
#6719 = COLOUR_RGB ( '',0.2000000000000000111, 0.2000000000000000111, 0.2000000000000000111 ) ;
#6720 = DIRECTION ( 'NONE',  ( -0.6105131545468627241, 0.000000000000000000, 0.7920061162170647373 ) ) ;
#6721 = DIRECTION ( 'NONE',  ( 0.000000000000000000, 0.000000000000000000, -1.000000000000000000 ) ) ;
#6722 = CARTESIAN_POINT ( 'NONE',  ( -0.1000000000000000056, 0.2000000000000000111, 0.7510000000000000009 ) ) ;
#6723 = ORIENTED_EDGE ( 'NONE', *, *, #3015, .F. ) ;
#6724 = CARTESIAN_POINT ( 'NONE',  ( -0.2500000000000000000, 0.2000000000000000111, -0.7510000000000000009 ) ) ;
#6725 = ORIENTED_EDGE ( 'NONE', *, *, #4554, .F. ) ;
#6726 = CARTESIAN_POINT ( 'NONE',  ( -0.2104374999999999996, 0.5400000000000000355, -0.5484675480769229949 ) ) ;
#6727 = COLOUR_RGB ( '',0.2509803921568627416, 0.2509803921568627416, 0.2509803921568627416 ) ;
#6728 = CARTESIAN_POINT ( 'NONE',  ( -0.1696923076923075313, 0.5410000000000000364, -0.6019230769230770051 ) ) ;
#6729 = CARTESIAN_POINT ( 'NONE',  ( -0.2158789537356580190, 0.5410000000000000364, -0.5812795952483249540 ) ) ;
#6730 = FILL_AREA_STYLE_COLOUR ( '', #3165 ) ;
#6731 = FACE_OUTER_BOUND ( 'NONE', #7257, .T. ) ;
#6732 = CARTESIAN_POINT ( 'NONE',  ( -0.2168389221960179969, 0.5400000000000000355, -0.5572890989889220936 ) ) ;
#6733 = DIRECTION ( 'NONE',  ( -0.000000000000000000, 1.000000000000000000, 0.000000000000000000 ) ) ;
#6734 = EDGE_CURVE ( 'NONE', #7520, #8471, #6969, .T. ) ;
#6735 = DIRECTION ( 'NONE',  ( 0.000000000000000000, 0.000000000000000000, -1.000000000000000000 ) ) ;
#6736 = ADVANCED_FACE ( 'NONE', ( #4200 ), #7421, .T. ) ;
#6737 = FILL_AREA_STYLE_COLOUR ( '', #1568 ) ;
#6738 = ORIENTED_EDGE ( 'NONE', *, *, #4251, .T. ) ;
#6739 = PLANE ( 'NONE',  #6140 ) ;
#6740 = ORIENTED_EDGE ( 'NONE', *, *, #766, .T. ) ;
#6741 = CARTESIAN_POINT ( 'NONE',  ( -0.1132535278818087993, 0.5400000000000000355, -0.4717602611902819709 ) ) ;
#6742 = AXIS2_PLACEMENT_3D ( 'NONE', #4561, #4519, #631 ) ;
#6743 =( LENGTH_UNIT ( ) NAMED_UNIT ( * ) SI_UNIT ( .MILLI., .METRE. ) );
#6744 = UNCERTAINTY_MEASURE_WITH_UNIT (LENGTH_MEASURE( 1.000000000000000082E-05 ), #2678, 'distance_accuracy_value', 'NONE');
#6745 =( NAMED_UNIT ( * ) PLANE_ANGLE_UNIT ( ) SI_UNIT ( $, .RADIAN. ) );
#6746 = LINE ( 'NONE', #1593, #2422 ) ;
#6747 = DIRECTION ( 'NONE',  ( -1.000000000000000000, 0.000000000000000000, 0.000000000000000000 ) ) ;
#6748 = LINE ( 'NONE', #6222, #7274 ) ;
#6749 = ORIENTED_EDGE ( 'NONE', *, *, #6200, .F. ) ;
#6750 = ORIENTED_EDGE ( 'NONE', *, *, #4170, .T. ) ;
#6751 = EDGE_CURVE ( 'NONE', #6884, #6012, #4111, .T. ) ;
#6752 = CARTESIAN_POINT ( 'NONE',  ( -0.1114976020724380013, 0.5410000000000000364, -0.5135780753055130265 ) ) ;
#6753 = EDGE_CURVE ( 'NONE', #1417, #5357, #2107, .T. ) ;
#6754 = CARTESIAN_POINT ( 'NONE',  ( 0.5899423076923079323, 0.5410000000000000364, -0.5990384615384619638 ) ) ;
#6755 = EDGE_CURVE ( 'NONE', #1729, #8579, #4901, .T. ) ;
#6756 = ORIENTED_EDGE ( 'NONE', *, *, #8548, .F. ) ;
#6757 = FILL_AREA_STYLE_COLOUR ( '', #323 ) ;
#6758 = FACE_OUTER_BOUND ( 'NONE', #2675, .T. ) ;
#6759 = DIRECTION ( 'NONE',  ( 1.000000000000000000, 0.000000000000000000, 0.000000000000000000 ) ) ;
#6760 = LINE ( 'NONE', #70, #895 ) ;
#6761 = DIRECTION ( 'NONE',  ( 0.000000000000000000, -1.000000000000000000, 0.000000000000000000 ) ) ;
#6762 = VERTEX_POINT ( 'NONE', #6132 ) ;
#6763 = LINE ( 'NONE', #2780, #4601 ) ;
#6764 = CARTESIAN_POINT ( 'NONE',  ( -0.1954771889819814923, 0.5400000000000000355, -0.5404469375901030936 ) ) ;
#6765 = DIRECTION ( 'NONE',  ( 0.000000000000000000, -1.000000000000000000, 0.000000000000000000 ) ) ;
#6766 = CARTESIAN_POINT ( 'NONE',  ( -0.1917412986526955132, 0.5410000000000000364, -0.5995388920768269791 ) ) ;
#6767 = LINE ( 'NONE', #3416, #7888 ) ;
#6768 = PRESENTATION_LAYER_ASSIGNMENT (  '', '', ( #4269 ) ) ;
#6769 = FILL_AREA_STYLE ('',( #8160 ) ) ;
#6770 = AXIS2_PLACEMENT_3D ( 'NONE', #81, #7417, #5138 ) ;
#6771 = CARTESIAN_POINT ( 'NONE',  ( 0.4500000000000000111, 0.000000000000000000, 0.2999999999999999889 ) ) ;
#6772 = DIRECTION ( 'NONE',  ( 0.5633649967577178952, 0.000000000000000000, 0.8262081338429055899 ) ) ;
#6773 = DIRECTION ( 'NONE',  ( 0.9379254195245930736, 0.000000000000000000, 0.3468370040950304878 ) ) ;
#6774 = ORIENTED_EDGE ( 'NONE', *, *, #4663, .F. ) ;
#6775 = AXIS2_PLACEMENT_3D ( 'NONE', #8137, #180, #754 ) ;
#6776 =( NAMED_UNIT ( * ) PLANE_ANGLE_UNIT ( ) SI_UNIT ( $, .RADIAN. ) );
#6777 = ORIENTED_EDGE ( 'NONE', *, *, #1245, .F. ) ;
#6778 = STYLED_ITEM ( 'NONE', ( #3831 ), #3924 ) ;
#6779 = CARTESIAN_POINT ( 'NONE',  ( -0.5500000000000000444, 0.2000000000000000111, 0.5999999999999999778 ) ) ;
#6780 =( GEOMETRIC_REPRESENTATION_CONTEXT ( 3 ) GLOBAL_UNCERTAINTY_ASSIGNED_CONTEXT ( ( #4032 ) ) GLOBAL_UNIT_ASSIGNED_CONTEXT ( ( #1859, #6412, #8414 ) ) REPRESENTATION_CONTEXT ( 'NONE', 'WORKASPACE' ) );
#6781 = PRESENTATION_LAYER_ASSIGNMENT (  '', '', ( #1391 ) ) ;
#6782 = CARTESIAN_POINT ( 'NONE',  ( -0.1954771889819814923, 0.5410000000000000364, -0.5404469375901030936 ) ) ;
#6783 =( GEOMETRIC_REPRESENTATION_CONTEXT ( 3 ) GLOBAL_UNCERTAINTY_ASSIGNED_CONTEXT ( ( #3987 ) ) GLOBAL_UNIT_ASSIGNED_CONTEXT ( ( #4868, #4212, #4785 ) ) REPRESENTATION_CONTEXT ( 'NONE', 'WORKASPACE' ) );
#6784 = CARTESIAN_POINT ( 'NONE',  ( -0.2354818921885034888, 0.5400000000000000355, -0.5322811249625269969 ) ) ;
#6785 = PRESENTATION_LAYER_ASSIGNMENT (  '', '', ( #1396 ) ) ;
#6786 = DIRECTION ( 'NONE',  ( 0.000000000000000000, 0.000000000000000000, -1.000000000000000000 ) ) ;
#6787 = VECTOR ( 'NONE', #7335, 1000.000000000000000 ) ;
#6788 = LINE ( 'NONE', #5086, #8533 ) ;
#6789 = PRESENTATION_LAYER_ASSIGNMENT (  '', '', ( #556 ) ) ;
#6790 = EDGE_LOOP ( 'NONE', ( #3244, #1917, #4860, #6407 ) ) ;
#6791 = ORIENTED_EDGE ( 'NONE', *, *, #4455, .T. ) ;
#6792 = CARTESIAN_POINT ( 'NONE',  ( 0.7500000000000000000, 0.2000000000000000111, 0.5999999999999999778 ) ) ;
#6793 = FILL_AREA_STYLE ('',( #4835 ) ) ;
#6794 = DIRECTION ( 'NONE',  ( 0.000000000000000000, -1.000000000000000000, 0.000000000000000000 ) ) ;
#6795 = VECTOR ( 'NONE', #7319, 1000.000000000000000 ) ;
#6796 = LINE ( 'NONE', #7441, #6114 ) ;
#6797 = UNCERTAINTY_MEASURE_WITH_UNIT (LENGTH_MEASURE( 1.000000000000000082E-05 ), #6117, 'distance_accuracy_value', 'NONE');
#6798 = ADVANCED_FACE ( 'NONE', ( #6821 ), #884, .T. ) ;
#6799 = VERTEX_POINT ( 'NONE', #7118 ) ;
#6800 = DIRECTION ( 'NONE',  ( 0.000000000000000000, -1.000000000000000000, 0.000000000000000000 ) ) ;
#6801 = EDGE_CURVE ( 'NONE', #2380, #2068, #3756, .T. ) ;
#6802 = FILL_AREA_STYLE ('',( #5502 ) ) ;
#6803 = DIRECTION ( 'NONE',  ( 0.000000000000000000, 0.000000000000000000, 1.000000000000000000 ) ) ;
#6804 =( NAMED_UNIT ( * ) SI_UNIT ( $, .STERADIAN. ) SOLID_ANGLE_UNIT ( ) );
#6805 = DIRECTION ( 'NONE',  ( -0.3467852268551960826, 0.000000000000000000, -0.9379445646918532775 ) ) ;
#6806 = ADVANCED_FACE ( 'NONE', ( #3038 ), #6948, .T. ) ;
#6807 = CARTESIAN_POINT ( 'NONE',  ( -0.1676386227501815152, 0.5410000000000000364, -0.4231644323304805111 ) ) ;
#6808 = AXIS2_PLACEMENT_3D ( 'NONE', #6103, #1505, #263 ) ;
#6809 = CARTESIAN_POINT ( 'NONE',  ( 0.2500000000000000000, 0.1000000000000000056, -0.7500000000000000000 ) ) ;
#6810 = VERTEX_POINT ( 'NONE', #302 ) ;
#6811 = CARTESIAN_POINT ( 'NONE',  ( -0.2553514487933605248, 0.5410000000000000364, -0.4662442895176519553 ) ) ;
#6812 = CARTESIAN_POINT ( 'NONE',  ( -0.2096423390354364980, 0.5400000000000000355, -0.5477991257055959684 ) ) ;
#6813 = LINE ( 'NONE', #7453, #3037 ) ;
#6814 = CARTESIAN_POINT ( 'NONE',  ( -0.2357595065235190135, 0.5410000000000000364, -0.6015066696900249754 ) ) ;
#6815 = VECTOR ( 'NONE', #8406, 1000.000000000000000 ) ;
#6816 = MECHANICAL_DESIGN_GEOMETRIC_PRESENTATION_REPRESENTATION (  '', ( #7791 ), #2536 ) ;
#6817 = PRESENTATION_STYLE_ASSIGNMENT (( #7374 ) ) ;
#6818 = PRESENTATION_STYLE_ASSIGNMENT (( #1701 ) ) ;
#6819 = DIRECTION ( 'NONE',  ( 0.5625888511709958850, 0.000000000000000000, 0.8267368290684158350 ) ) ;
#6820 = SURFACE_STYLE_USAGE ( .BOTH. , #4154 ) ;
#6821 = FACE_OUTER_BOUND ( 'NONE', #4922, .T. ) ;
#6822 = ORIENTED_EDGE ( 'NONE', *, *, #539, .T. ) ;
#6823 = ORIENTED_EDGE ( 'NONE', *, *, #864, .T. ) ;
#6824 = LINE ( 'NONE', #1550, #680 ) ;
#6825 = CARTESIAN_POINT ( 'NONE',  ( -0.2078653365166404920, 0.5410000000000000364, -0.5463053548964109662 ) ) ;
#6826 = PLANE ( 'NONE',  #3020 ) ;
#6827 = VECTOR ( 'NONE', #913, 1000.000000000000000 ) ;
#6828 = SURFACE_SIDE_STYLE ('',( #4824 ) ) ;
#6829 = COLOUR_RGB ( '',0.2000000000000000111, 0.2000000000000000111, 0.2000000000000000111 ) ;
#6830 = DIRECTION ( 'NONE',  ( -1.000000000000000000, 0.000000000000000000, -2.710505431213760099E-16 ) ) ;
#6831 = LINE ( 'NONE', #272, #1891 ) ;
#6832 = ORIENTED_EDGE ( 'NONE', *, *, #5362, .T. ) ;
#6833 = ORIENTED_EDGE ( 'NONE', *, *, #3811, .T. ) ;
#6834 = COLOUR_RGB ( '',0.2000000000000000111, 0.2000000000000000111, 0.2000000000000000111 ) ;
#6835 = CARTESIAN_POINT ( 'NONE',  ( 0.4110312500000000147, 0.5410000000000000364, -0.5049729567307689182 ) ) ;
#6836 = LINE ( 'NONE', #6922, #2175 ) ;
#6837 = CARTESIAN_POINT ( 'NONE',  ( 0.1000000000000000056, 0.2000000000000000111, 0.7500000000000000000 ) ) ;
#6838 = VECTOR ( 'NONE', #83, 1000.000000000000000 ) ;
#6839 = EDGE_CURVE ( 'NONE', #7920, #1836, #3751, .T. ) ;
#6840 = PRESENTATION_LAYER_ASSIGNMENT (  '', '', ( #457 ) ) ;
#6841 = CARTESIAN_POINT ( 'NONE',  ( 0.6049963942307700071, 0.5400000000000000355, -0.6250000000000000000 ) ) ;
#6842 = ORIENTED_EDGE ( 'NONE', *, *, #34, .T. ) ;
#6843 = CARTESIAN_POINT ( 'NONE',  ( -0.4500000000000000111, 0.2000000000000000111, -0.5000000000000000000 ) ) ;
#6844 = PLANE ( 'NONE',  #4753 ) ;
#6845 = VECTOR ( 'NONE', #7031, 1000.000000000000000 ) ;
#6846 = LINE ( 'NONE', #5546, #4370 ) ;
#6847 = STYLED_ITEM ( 'NONE', ( #4866 ), #8456 ) ;
#6848 = LINE ( 'NONE', #2979, #5738 ) ;
#6849 = EDGE_CURVE ( 'NONE', #4019, #6519, #5575, .T. ) ;
#6850 =( GEOMETRIC_REPRESENTATION_CONTEXT ( 3 ) GLOBAL_UNCERTAINTY_ASSIGNED_CONTEXT ( ( #7224 ) ) GLOBAL_UNIT_ASSIGNED_CONTEXT ( ( #435, #3000, #3636 ) ) REPRESENTATION_CONTEXT ( 'NONE', 'WORKASPACE' ) );
#6851 = CARTESIAN_POINT ( 'NONE',  ( -0.2038399638926839952, 0.5400000000000000355, -0.5944434054260658851 ) ) ;
#6852 = ORIENTED_EDGE ( 'NONE', *, *, #111, .T. ) ;
#6853 = LINE ( 'NONE', #6724, #7244 ) ;
#6854 = DIRECTION ( 'NONE',  ( 1.000000000000000000, 0.000000000000000000, -1.445602896647339903E-16 ) ) ;
#6855 = LINE ( 'NONE', #827, #698 ) ;
#6856 = MECHANICAL_DESIGN_GEOMETRIC_PRESENTATION_REPRESENTATION (  '', ( #7266 ), #8387 ) ;
#6857 = CARTESIAN_POINT ( 'NONE',  ( -0.1757424616978175147, 0.5400000000000000355, -0.6018780867281089408 ) ) ;
#6858 =( NAMED_UNIT ( * ) SI_UNIT ( $, .STERADIAN. ) SOLID_ANGLE_UNIT ( ) );
#6859 = VECTOR ( 'NONE', #8037, 1000.000000000000000 ) ;
#6860 = PRESENTATION_STYLE_ASSIGNMENT (( #4982 ) ) ;
#6861 = DIRECTION ( 'NONE',  ( 0.000000000000000000, -1.000000000000000000, 0.000000000000000000 ) ) ;
#6862 = VERTEX_POINT ( 'NONE', #4945 ) ;
#6863 = FILL_AREA_STYLE ('',( #6946 ) ) ;
#6864 = PRESENTATION_STYLE_ASSIGNMENT (( #6820 ) ) ;
#6865 = VECTOR ( 'NONE', #1061, 1000.000000000000000 ) ;
#6866 = PRESENTATION_STYLE_ASSIGNMENT (( #8039 ) ) ;
#6867 = ORIENTED_EDGE ( 'NONE', *, *, #5525, .T. ) ;
#6868 = ORIENTED_EDGE ( 'NONE', *, *, #4997, .F. ) ;
#6869 = DIRECTION ( 'NONE',  ( 1.000000000000000000, 0.000000000000000000, -1.355252715606881923E-15 ) ) ;
#6870 = CARTESIAN_POINT ( 'NONE',  ( -0.1897352764187309748, 0.5400000000000000355, -0.5384870862549410164 ) ) ;
#6871 = SURFACE_SIDE_STYLE ('',( #2317 ) ) ;
#6872 = DIRECTION ( 'NONE',  ( 0.000000000000000000, -1.000000000000000000, 0.000000000000000000 ) ) ;
#6873 = LINE ( 'NONE', #7477, #8176 ) ;
#6874 =( LENGTH_UNIT ( ) NAMED_UNIT ( * ) SI_UNIT ( .MILLI., .METRE. ) );
#6875 = FACE_OUTER_BOUND ( 'NONE', #5762, .T. ) ;
#6876 = ORIENTED_EDGE ( 'NONE', *, *, #7812, .F. ) ;
#6877 = ORIENTED_EDGE ( 'NONE', *, *, #2367, .T. ) ;
#6878 = CARTESIAN_POINT ( 'NONE',  ( -0.2000000000000000111, 0.2000000000000000111, -0.5000000000000000000 ) ) ;
#6879 = AXIS2_PLACEMENT_3D ( 'NONE', #1310, #5243, #3284 ) ;
#6880 = ORIENTED_EDGE ( 'NONE', *, *, #214, .T. ) ;
#6881 = DIRECTION ( 'NONE',  ( 0.000000000000000000, -1.000000000000000000, 0.000000000000000000 ) ) ;
#6882 = DIRECTION ( 'NONE',  ( 1.000000000000000000, 0.000000000000000000, 0.000000000000000000 ) ) ;
#6883 = VERTEX_POINT ( 'NONE', #2952 ) ;
#6884 = VERTEX_POINT ( 'NONE', #5603 ) ;
#6885 = FILL_AREA_STYLE_COLOUR ( '', #6829 ) ;
#6886 = DIRECTION ( 'NONE',  ( 0.000000000000000000, -1.000000000000000000, 0.000000000000000000 ) ) ;
#6887 = SURFACE_STYLE_FILL_AREA ( #4225 ) ;
#6888 = DIRECTION ( 'NONE',  ( -0.5600739035159482127, 0.000000000000000000, -0.8284426489506732105 ) ) ;
#6889 = LINE ( 'NONE', #4931, #7757 ) ;
#6890 = DIRECTION ( 'NONE',  ( 1.000000000000000000, 0.000000000000000000, 0.000000000000000000 ) ) ;
#6891 = ORIENTED_EDGE ( 'NONE', *, *, #3092, .T. ) ;
#6892 = CARTESIAN_POINT ( 'NONE',  ( -0.5125000000000000666, 0.5410000000000000364, -0.5125000000000000666 ) ) ;
#6893 =( LENGTH_UNIT ( ) NAMED_UNIT ( * ) SI_UNIT ( .MILLI., .METRE. ) );
#6894 = DIRECTION ( 'NONE',  ( 0.000000000000000000, -1.000000000000000000, 0.000000000000000000 ) ) ;
#6895 = CARTESIAN_POINT ( 'NONE',  ( -0.1365192307692308094, 0.5410000000000000364, -0.4927133413461540212 ) ) ;
#6896 = FILL_AREA_STYLE_COLOUR ( '', #6640 ) ;
#6897 = PRESENTATION_STYLE_ASSIGNMENT (( #507 ) ) ;
#6898 =( NAMED_UNIT ( * ) SI_UNIT ( $, .STERADIAN. ) SOLID_ANGLE_UNIT ( ) );
#6899 = VERTEX_POINT ( 'NONE', #2995 ) ;
#6900 = EDGE_CURVE ( 'NONE', #6938, #2781, #759, .T. ) ;
#6901 = ORIENTED_EDGE ( 'NONE', *, *, #1516, .F. ) ;
#6902 = LINE ( 'NONE', #4861, #4461 ) ;
#6903 = EDGE_CURVE ( 'NONE', #6482, #4655, #1707, .T. ) ;
#6904 = DIRECTION ( 'NONE',  ( 0.000000000000000000, 1.000000000000000000, 0.000000000000000000 ) ) ;
#6905 = VECTOR ( 'NONE', #4529, 1000.000000000000227 ) ;
#6906 = EDGE_CURVE ( 'NONE', #2779, #4114, #3081, .T. ) ;
#6907 = CARTESIAN_POINT ( 'NONE',  ( -0.1175153977246259918, 0.5400000000000000355, -0.4800205172258990016 ) ) ;
#6908 = AXIS2_PLACEMENT_3D ( 'NONE', #743, #1449, #704 ) ;
#6909 = CARTESIAN_POINT ( 'NONE',  ( -0.2300183423902394941, 0.5410000000000000364, -0.5267966007727570288 ) ) ;
#6910 = DIRECTION ( 'NONE',  ( 0.5838933725623909332, 0.000000000000000000, -0.8118303575733769595 ) ) ;
#6911 = EDGE_CURVE ( 'NONE', #2068, #5367, #5825, .T. ) ;
#6912 = DIRECTION ( 'NONE',  ( 0.000000000000000000, -1.000000000000000000, 0.000000000000000000 ) ) ;
#6913 = DIRECTION ( 'NONE',  ( 0.000000000000000000, 0.000000000000000000, -1.000000000000000000 ) ) ;
#6914 = COLOUR_RGB ( '',0.2000000000000000111, 0.2000000000000000111, 0.2000000000000000111 ) ;
#6915 = LINE ( 'NONE', #4300, #2767 ) ;
#6916 = CARTESIAN_POINT ( 'NONE',  ( -0.08315384615384618927, 0.5410000000000000364, -0.4638671875000000000 ) ) ;
#6917 = AXIS2_PLACEMENT_3D ( 'NONE', #5381, #7170, #3855 ) ;
#6918 = EDGE_LOOP ( 'NONE', ( #6042, #7902, #8232, #4829 ) ) ;
#6919 = ORIENTED_EDGE ( 'NONE', *, *, #6849, .T. ) ;
#6920 =( GEOMETRIC_REPRESENTATION_CONTEXT ( 3 ) GLOBAL_UNCERTAINTY_ASSIGNED_CONTEXT ( ( #8584 ) ) GLOBAL_UNIT_ASSIGNED_CONTEXT ( ( #7532, #2977, #4967 ) ) REPRESENTATION_CONTEXT ( 'NONE', 'WORKASPACE' ) );
#6921 = DIRECTION ( 'NONE',  ( 0.000000000000000000, 0.000000000000000000, 1.000000000000000000 ) ) ;
#6922 = CARTESIAN_POINT ( 'NONE',  ( 0.1323557692307691935, 0.5410000000000000364, -0.6250000000000000000 ) ) ;
#6923 = MECHANICAL_DESIGN_GEOMETRIC_PRESENTATION_REPRESENTATION (  '', ( #7063 ), #6228 ) ;
#6924 = MECHANICAL_DESIGN_GEOMETRIC_PRESENTATION_REPRESENTATION (  '', ( #540 ), #2631 ) ;
#6925 = DIRECTION ( 'NONE',  ( -1.000000000000000000, 0.000000000000000000, 0.000000000000000000 ) ) ;
#6926 = MECHANICAL_DESIGN_GEOMETRIC_PRESENTATION_REPRESENTATION (  '', ( #688 ), #6643 ) ;
#6927 = ORIENTED_EDGE ( 'NONE', *, *, #3253, .F. ) ;
#6928 = VECTOR ( 'NONE', #1012, 1000.000000000000000 ) ;
#6929 =( LENGTH_UNIT ( ) NAMED_UNIT ( * ) SI_UNIT ( .MILLI., .METRE. ) );
#6930 = FILL_AREA_STYLE_COLOUR ( '', #5952 ) ;
#6931 = VERTEX_POINT ( 'NONE', #2696 ) ;
#6932 = EDGE_LOOP ( 'NONE', ( #5572, #6749, #610, #5672 ) ) ;
#6933 = CARTESIAN_POINT ( 'NONE',  ( -0.1120000000000000023, 0.5410000000000000364, -0.4623347355769230060 ) ) ;
#6934 = MECHANICAL_DESIGN_GEOMETRIC_PRESENTATION_REPRESENTATION (  '', ( #5831 ), #8044 ) ;
#6935 =( NAMED_UNIT ( * ) PLANE_ANGLE_UNIT ( ) SI_UNIT ( $, .RADIAN. ) );
#6936 = CARTESIAN_POINT ( 'NONE',  ( -0.2070178453515454930, 0.5400000000000000355, -0.5921490457062749124 ) ) ;
#6937 =( NAMED_UNIT ( * ) SI_UNIT ( $, .STERADIAN. ) SOLID_ANGLE_UNIT ( ) );
#6938 = VERTEX_POINT ( 'NONE', #7158 ) ;
#6939 = LINE ( 'NONE', #7622, #2546 ) ;
#6940 =( NAMED_UNIT ( * ) SI_UNIT ( $, .STERADIAN. ) SOLID_ANGLE_UNIT ( ) );
#6941 = SURFACE_SIDE_STYLE ('',( #4281 ) ) ;
#6942 = SURFACE_STYLE_USAGE ( .BOTH. , #4149 ) ;
#6943 = CARTESIAN_POINT ( 'NONE',  ( -0.2023737831809220011, 0.5410000000000000364, -0.4023660764247705135 ) ) ;
#6944 = STYLED_ITEM ( 'NONE', ( #7516 ), #2931 ) ;
#6945 = ORIENTED_EDGE ( 'NONE', *, *, #37, .T. ) ;
#6946 = FILL_AREA_STYLE_COLOUR ( '', #1977 ) ;
#6947 = EDGE_CURVE ( 'NONE', #6931, #8322, #2656, .T. ) ;
#6948 = PLANE ( 'NONE',  #7510 ) ;
#6949 = ORIENTED_EDGE ( 'NONE', *, *, #1250, .F. ) ;
#6950 = CARTESIAN_POINT ( 'NONE',  ( 0.5515408653846159970, 0.5400000000000000355, -0.4951923076923079314 ) ) ;
#6951 = FILL_AREA_STYLE ('',( #1672 ) ) ;
#6952 = COLOUR_RGB ( '',0.6470588235294117974, 0.5176470588235293491, 0.000000000000000000 ) ;
#6953 = CARTESIAN_POINT ( 'NONE',  ( -0.2168389221960179969, 0.5410000000000000364, -0.5572890989889220936 ) ) ;
#6954 = CARTESIAN_POINT ( 'NONE',  ( 0.4500000000000000111, 0.2000000000000000111, -0.5000000000000000000 ) ) ;
#6955 =( LENGTH_UNIT ( ) NAMED_UNIT ( * ) SI_UNIT ( .MILLI., .METRE. ) );
#6956 = CYLINDRICAL_SURFACE ( 'NONE', #855, 0.09999999999999999167 ) ;
#6957 = SURFACE_SIDE_STYLE ('',( #5081 ) ) ;
#6958 = SURFACE_SIDE_STYLE ('',( #1018 ) ) ;
#6959 = EDGE_CURVE ( 'NONE', #2996, #869, #7290, .T. ) ;
#6960 = MECHANICAL_DESIGN_GEOMETRIC_PRESENTATION_REPRESENTATION (  '', ( #1563 ), #3071 ) ;
#6961 = CARTESIAN_POINT ( 'NONE',  ( -0.03783653846153854639, 0.5410000000000000364, -0.4000000000000000222 ) ) ;
#6962 = CARTESIAN_POINT ( 'NONE',  ( -0.1523096143662940050, 0.5410000000000000364, -0.3973880466060190075 ) ) ;
#6963 = CARTESIAN_POINT ( 'NONE',  ( 0.4110312500000000147, 0.5400000000000000355, -0.5049729567307689182 ) ) ;
#6964 = ORIENTED_EDGE ( 'NONE', *, *, #1603, .F. ) ;
#6965 = VERTEX_POINT ( 'NONE', #3327 ) ;
#6966 = SURFACE_STYLE_FILL_AREA ( #442 ) ;
#6967 = PRESENTATION_LAYER_ASSIGNMENT (  '', '', ( #1010 ) ) ;
#6968 = SURFACE_SIDE_STYLE ('',( #1685 ) ) ;
#6969 = B_SPLINE_CURVE_WITH_KNOTS ( 'NONE', 3,
 ( #5886, #1286, #8521, #2583, #215, #174, #8207, #795, #5434, #4155, #2788, #6209, #3547, #2187, #967 ),
 .UNSPECIFIED., .F., .F.,
 ( 4, 1, 1, 1, 1, 1, 1, 1, 1, 1, 1, 1, 4 ),
 ( 0.000000000000000000, 0.07338587427918910611, 0.1445835380508522228, 0.2124062622424859881, 0.2781737899504679867, 0.3415557326636879942, 0.4034401355450240034, 0.4632591559625579558, 0.5227310342867920179, 0.6391126249863120501, 0.7560054734569380264, 0.8755205732616079262, 1.000000000000000000 ),
 .UNSPECIFIED. ) ;
#6970 =( LENGTH_UNIT ( ) NAMED_UNIT ( * ) SI_UNIT ( .MILLI., .METRE. ) );
#6971 = CARTESIAN_POINT ( 'NONE',  ( -0.2433583681278239930, 0.5410000000000000364, -0.5447473141306150568 ) ) ;
#6972 =( NAMED_UNIT ( * ) SI_UNIT ( $, .STERADIAN. ) SOLID_ANGLE_UNIT ( ) );
#6973 = CARTESIAN_POINT ( 'NONE',  ( -0.2000000000000000111, 0.000000000000000000, 0.5000000000000000000 ) ) ;
#6974 = PRESENTATION_LAYER_ASSIGNMENT (  '', '', ( #6008 ) ) ;
#6975 = PRESENTATION_LAYER_ASSIGNMENT (  '', '', ( #6416 ) ) ;
#6976 = ORIENTED_EDGE ( 'NONE', *, *, #1922, .F. ) ;
#6977 = ORIENTED_EDGE ( 'NONE', *, *, #4547, .T. ) ;
#6978 = FACE_OUTER_BOUND ( 'NONE', #1479, .T. ) ;
#6979 = CARTESIAN_POINT ( 'NONE',  ( -0.2150566302270160157, 0.5400000000000000355, -0.5170679936182940306 ) ) ;
#6980 = VECTOR ( 'NONE', #5169, 1000.000000000000000 ) ;
#6981 = CARTESIAN_POINT ( 'NONE',  ( -0.5500000000000000444, 0.2000000000000000111, 0.5000000000000000000 ) ) ;
#6982 = CARTESIAN_POINT ( 'NONE',  ( -0.1898084831511794857, 0.5410000000000000364, -0.4268895520985514502 ) ) ;
#6983 = CARTESIAN_POINT ( 'NONE',  ( 0.6012909414260501073, 0.5400000000000000355, -0.5682149546660969497 ) ) ;
#6984 = ORIENTED_EDGE ( 'NONE', *, *, #4251, .F. ) ;
#6985 = LINE ( 'NONE', #5684, #1155 ) ;
#6986 = DIRECTION ( 'NONE',  ( -0.3468370040950334854, 0.000000000000000000, -0.9379254195245919634 ) ) ;
#6987 = VECTOR ( 'NONE', #7188, 1000.000000000000000 ) ;
#6988 = PLANE ( 'NONE',  #7341 ) ;
#6989 = FILL_AREA_STYLE ('',( #3980 ) ) ;
#6990 = FILL_AREA_STYLE_COLOUR ( '', #2364 ) ;
#6991 = ORIENTED_EDGE ( 'NONE', *, *, #1238, .F. ) ;
#6992 = DIRECTION ( 'NONE',  ( 0.000000000000000000, -1.000000000000000000, 0.000000000000000000 ) ) ;
#6993 = CARTESIAN_POINT ( 'NONE',  ( -0.1017323918903911967, 0.5400000000000000355, -0.4194634174815725092 ) ) ;
#6994 = ORIENTED_EDGE ( 'NONE', *, *, #6839, .F. ) ;
#6995 = ORIENTED_EDGE ( 'NONE', *, *, #1725, .F. ) ;
#6996 = DIRECTION ( 'NONE',  ( 9.293161478447180018E-16, 0.000000000000000000, 1.000000000000000000 ) ) ;
#6997 =( GEOMETRIC_REPRESENTATION_CONTEXT ( 3 ) GLOBAL_UNCERTAINTY_ASSIGNED_CONTEXT ( ( #5039 ) ) GLOBAL_UNIT_ASSIGNED_CONTEXT ( ( #707, #2662, #7209 ) ) REPRESENTATION_CONTEXT ( 'NONE', 'WORKASPACE' ) );
#6998 = ADVANCED_FACE ( 'NONE', ( #5919 ), #7101, .T. ) ;
#6999 = VECTOR ( 'NONE', #7162, 1000.000000000000000 ) ;
#7000 = DIRECTION ( 'NONE',  ( 0.000000000000000000, 0.000000000000000000, 1.000000000000000000 ) ) ;
#7001 = LINE ( 'NONE', #8350, #5755 ) ;
#7002 = PRESENTATION_STYLE_ASSIGNMENT (( #975 ) ) ;
#7003 = EDGE_CURVE ( 'NONE', #5225, #3778, #2731, .T. ) ;
#7004 = DIRECTION ( 'NONE',  ( 0.000000000000000000, -1.000000000000000000, 0.000000000000000000 ) ) ;
#7005 = ORIENTED_EDGE ( 'NONE', *, *, #2418, .F. ) ;
#7006 = ORIENTED_EDGE ( 'NONE', *, *, #4563, .T. ) ;
#7007 = STYLED_ITEM ( 'NONE', ( #6271 ), #1299 ) ;
#7008 = SURFACE_SIDE_STYLE ('',( #443 ) ) ;
#7009 = EDGE_CURVE ( 'NONE', #203, #4290, #4760, .T. ) ;
#7010 = FILL_AREA_STYLE ('',( #2549 ) ) ;
#7011 = CARTESIAN_POINT ( 'NONE',  ( -0.1676386227501815152, 0.5410000000000000364, -0.4231644323304805111 ) ) ;
#7012 = STYLED_ITEM ( 'NONE', ( #7983 ), #1615 ) ;
#7013 = AXIS2_PLACEMENT_3D ( 'NONE', #591, #7226, #6028 ) ;
#7014 = EDGE_CURVE ( 'NONE', #2139, #555, #2180, .T. ) ;
#7015 = LINE ( 'NONE', #4437, #2581 ) ;
#7016 = ORIENTED_EDGE ( 'NONE', *, *, #3966, .T. ) ;
#7017 = VERTEX_POINT ( 'NONE', #1572 ) ;
#7018 = FILL_AREA_STYLE ('',( #454 ) ) ;
#7019 = EDGE_CURVE ( 'NONE', #6418, #2779, #75, .T. ) ;
#7020 = CARTESIAN_POINT ( 'NONE',  ( -0.1994800594162440266, 0.5410000000000000364, -0.5107571780568739284 ) ) ;
#7021 = FACE_OUTER_BOUND ( 'NONE', #3988, .T. ) ;
#7022 = DIRECTION ( 'NONE',  ( 1.000000000000000000, 0.000000000000000000, 0.000000000000000000 ) ) ;
#7023 = CARTESIAN_POINT ( 'NONE',  ( 0.5904540142382349588, 0.5410000000000000364, -0.5976565768673119949 ) ) ;
#7024 = VERTEX_POINT ( 'NONE', #7452 ) ;
#7025 = SURFACE_SIDE_STYLE ('',( #3023 ) ) ;
#7026 = PLANE ( 'NONE',  #3489 ) ;
#7027 = CARTESIAN_POINT ( 'NONE',  ( 0.5743924278846159748, 0.5400000000000000355, -0.5569411057692310596 ) ) ;
#7028 = FACE_OUTER_BOUND ( 'NONE', #522, .T. ) ;
#7029 = CARTESIAN_POINT ( 'NONE',  ( -0.5125000000000000666, 0.5410000000000000364, -0.5125000000000000666 ) ) ;
#7030 = B_SPLINE_SURFACE_WITH_KNOTS ( 'NONE', 3, 1, ( 
 ( #4206, #6302 ),
 ( #1676, #7642 ),
 ( #4296, #2957 ),
 ( #5655, #7515 ),
 ( #8347, #1713 ),
 ( #2276, #1590 ),
 ( #4335, #4909 ),
 ( #1056, #3681 ),
 ( #6347, #391 ),
 ( #5700, #4384 ),
 ( #7039, #1799 ),
 ( #7164, #5172 ),
 ( #1233, #4426 ),
 ( #5833, #7125 ),
 ( #433, #4465 ) ),
 .UNSPECIFIED., .F., .F., .F.,
 ( 4, 1, 1, 1, 1, 1, 1, 1, 1, 1, 1, 1, 4 ),
 ( 2, 2 ),
 ( 0.000000000000000000, 0.1064867511987897947, 0.2071202954922194972, 0.3031905990350244884, 0.3961960368495939799, 0.4844883122665999964, 0.5667181480057800202, 0.6450417943492439132, 0.7209397263984730353, 0.7944785551007599311, 0.8646024331627029103, 0.9327817306265739905, 1.000000000000000000 ),
 ( 0.000000000000000000, 1.000000000000000000 ),
 .UNSPECIFIED. ) ;
#7031 = DIRECTION ( 'NONE',  ( -0.3467852268551960826, 0.000000000000000000, -0.9379445646918532775 ) ) ;
#7032 = ORIENTED_EDGE ( 'NONE', *, *, #4442, .T. ) ;
#7033 = LINE ( 'NONE', #8253, #2394 ) ;
#7034 = CARTESIAN_POINT ( 'NONE',  ( 0.5500000000000000444, 0.2000000000000000111, 0.2999999999999999889 ) ) ;
#7035 = EDGE_LOOP ( 'NONE', ( #5403, #8099 ) ) ;
#7036 = DIRECTION ( 'NONE',  ( -1.000000000000000000, 0.000000000000000000, 1.445602896647340100E-15 ) ) ;
#7037 = PLANE ( 'NONE',  #6325 ) ;
#7038 =( LENGTH_UNIT ( ) NAMED_UNIT ( * ) SI_UNIT ( .MILLI., .METRE. ) );
#7039 = CARTESIAN_POINT ( 'NONE',  ( -0.1153044864761903904, 0.5410000000000000364, -0.4476472522354940087 ) ) ;
#7040 = CARTESIAN_POINT ( 'NONE',  ( -0.2098905085349820065, 0.5400000000000000355, -0.4380496549953230567 ) ) ;
#7041 = CARTESIAN_POINT ( 'NONE',  ( -0.1120000000000000023, 0.5410000000000000364, -0.4623347355769230060 ) ) ;
#7042 = UNCERTAINTY_MEASURE_WITH_UNIT (LENGTH_MEASURE( 1.000000000000000082E-05 ), #5851, 'distance_accuracy_value', 'NONE');
#7043 =( NAMED_UNIT ( * ) SI_UNIT ( $, .STERADIAN. ) SOLID_ANGLE_UNIT ( ) );
#7044 = FILL_AREA_STYLE ('',( #4390 ) ) ;
#7045 = VERTEX_POINT ( 'NONE', #7326 ) ;
#7046 = EDGE_LOOP ( 'NONE', ( #8612, #5018, #1106, #1313 ) ) ;
#7047 = CARTESIAN_POINT ( 'NONE',  ( 0.4209503825546474509, 0.5410000000000000364, -0.5188077577960640285 ) ) ;
#7048 = SURFACE_SIDE_STYLE ('',( #5139 ) ) ;
#7049 = CARTESIAN_POINT ( 'NONE',  ( 0.2000000000000000111, 1.277032961426900037, 0.5000000000000000000 ) ) ;
#7050 = AXIS2_PLACEMENT_3D ( 'NONE', #6015, #2669, #4732 ) ;
#7051 =( NAMED_UNIT ( * ) PLANE_ANGLE_UNIT ( ) SI_UNIT ( $, .RADIAN. ) );
#7052 = VECTOR ( 'NONE', #6486, 1000.000000000000000 ) ;
#7053 = UNCERTAINTY_MEASURE_WITH_UNIT (LENGTH_MEASURE( 1.000000000000000082E-05 ), #4742, 'distance_accuracy_value', 'NONE');
#7054 = VERTEX_POINT ( 'NONE', #4191 ) ;
#7055 = EDGE_LOOP ( 'NONE', ( #8478, #1307, #4215, #475 ) ) ;
#7056 = CARTESIAN_POINT ( 'NONE',  ( 0.3944897836538460156, 0.5410000000000000364, -0.4820312499999999667 ) ) ;
#7057 = CARTESIAN_POINT ( 'NONE',  ( -0.1184248417655657942, 0.5410000000000000364, -0.5662972099597489706 ) ) ;
#7058 = PRESENTATION_STYLE_ASSIGNMENT (( #7704 ) ) ;
#7059 = CARTESIAN_POINT ( 'NONE',  ( 0.6378990384615390585, 0.5410000000000000364, -0.4692307692307690625 ) ) ;
#7060 = EDGE_CURVE ( 'NONE', #5561, #5292, #3536, .T. ) ;
#7061 = CARTESIAN_POINT ( 'NONE',  ( 0.2642115384615384976, 0.5410000000000000364, -0.4836538461538459899 ) ) ;
#7062 = CIRCLE ( 'NONE', #8313, 0.1000000000000000472 ) ;
#7063 = STYLED_ITEM ( 'NONE', ( #269 ), #4654 ) ;
#7064 = CARTESIAN_POINT ( 'NONE',  ( -0.1224468609685260001, 0.5400000000000000355, -0.5790742697570379072 ) ) ;
#7065 = AXIS2_PLACEMENT_3D ( 'NONE', #6032, #1993, #6116 ) ;
#7066 = EDGE_CURVE ( 'NONE', #7348, #4056, #3899, .T. ) ;
#7067 = SURFACE_SIDE_STYLE ('',( #8495 ) ) ;
#7068 = ORIENTED_EDGE ( 'NONE', *, *, #7599, .T. ) ;
#7069 = VECTOR ( 'NONE', #2482, 1000.000000000000000 ) ;
#7070 = FACE_OUTER_BOUND ( 'NONE', #1668, .T. ) ;
#7071 = LINE ( 'NONE', #7027, #4005 ) ;
#7072 = PLANE ( 'NONE',  #259 ) ;
#7073 = ADVANCED_FACE ( 'NONE', ( #1442 ), #8026, .T. ) ;
#7074 = SURFACE_SIDE_STYLE ('',( #4412 ) ) ;
#7075 = CARTESIAN_POINT ( 'NONE',  ( -0.1905810265405794846, 0.5410000000000000364, -0.3993813341357519975 ) ) ;
#7076 = EDGE_CURVE ( 'NONE', #5167, #2991, #6853, .T. ) ;
#7077 = EDGE_LOOP ( 'NONE', ( #4432, #4608, #6075, #7284 ) ) ;
#7078 = CARTESIAN_POINT ( 'NONE',  ( 0.4045983348097549892, 0.5400000000000000355, -0.5144465487130349679 ) ) ;
#7079 = DIRECTION ( 'NONE',  ( -1.000000000000000000, 0.000000000000000000, 0.000000000000000000 ) ) ;
#7080 = ORIENTED_EDGE ( 'NONE', *, *, #448, .T. ) ;
#7081 = DIRECTION ( 'NONE',  ( 0.000000000000000000, -1.000000000000000000, 0.000000000000000000 ) ) ;
#7082 = ORIENTED_EDGE ( 'NONE', *, *, #2928, .T. ) ;
#7083 =( LENGTH_UNIT ( ) NAMED_UNIT ( * ) SI_UNIT ( .MILLI., .METRE. ) );
#7084 = CARTESIAN_POINT ( 'NONE',  ( -0.7500000000000000000, 0.5400000000000000355, -0.7500000000000000000 ) ) ;
#7085 = LINE ( 'NONE', #3260, #4834 ) ;
#7086 = CARTESIAN_POINT ( 'NONE',  ( -0.2000000000000000111, 0.2000000000000000111, 0.5000000000000000000 ) ) ;
#7087 =( NAMED_UNIT ( * ) SI_UNIT ( $, .STERADIAN. ) SOLID_ANGLE_UNIT ( ) );
#7088 = DIRECTION ( 'NONE',  ( 0.000000000000000000, -1.000000000000000000, 0.000000000000000000 ) ) ;
#7089 = FACE_OUTER_BOUND ( 'NONE', #2925, .T. ) ;
#7090 = MECHANICAL_DESIGN_GEOMETRIC_PRESENTATION_REPRESENTATION (  '', ( #5845 ), #2111 ) ;
#7091 = EDGE_LOOP ( 'NONE', ( #478, #4344, #2360, #1295 ) ) ;
#7092 = ORIENTED_EDGE ( 'NONE', *, *, #848, .F. ) ;
#7093 = FILL_AREA_STYLE_COLOUR ( '', #3704 ) ;
#7094 = DIRECTION ( 'NONE',  ( 0.000000000000000000, 0.000000000000000000, -1.000000000000000000 ) ) ;
#7095 = SURFACE_STYLE_FILL_AREA ( #7697 ) ;
#7096 = DIRECTION ( 'NONE',  ( 1.000000000000000000, 0.000000000000000000, 0.000000000000000000 ) ) ;
#7097 = ORIENTED_EDGE ( 'NONE', *, *, #1409, .F. ) ;
#7098 = VERTEX_POINT ( 'NONE', #3411 ) ;
#7099 = LINE ( 'NONE', #2470, #5302 ) ;
#7100 = VECTOR ( 'NONE', #3383, 1000.000000000000000 ) ;
#7101 = B_SPLINE_SURFACE_WITH_KNOTS ( 'NONE', 3, 1, ( 
 ( #8560, #2007 ),
 ( #2049, #2534 ),
 ( #1276, #564 ),
 ( #6633, #614 ),
 ( #5333, #7989 ),
 ( #3288, #1182 ),
 ( #6481, #521 ),
 ( #3166, #1880 ),
 ( #3838, #4499 ),
 ( #2574, #1225 ),
 ( #1966, #3211 ),
 ( #5875, #8510 ),
 ( #5213, #6566 ),
 ( #3254, #4585 ),
 ( #7242, #1318 ),
 ( #6602, #2221 ),
 ( #2861, #6082 ),
 ( #3456, #1402 ),
 ( #8119, #6127 ),
 ( #8200, #6163 ),
 ( #163, #2256 ),
 ( #8156, #5422 ),
 ( #244, #2814 ),
 ( #6811, #4102 ),
 ( #6199, #4853 ),
 ( #4018, #737 ),
 ( #8069, #2094 ) ),
 .UNSPECIFIED., .F., .F., .F.,
 ( 4, 1, 1, 1, 1, 1, 1, 1, 1, 1, 1, 1, 1, 1, 1, 1, 1, 1, 1, 1, 1, 1, 1, 1, 4 ),
 ( 2, 2 ),
 ( 0.000000000000000000, 0.05199564215804430151, 0.1021380340656902058, 0.1501827220153360010, 0.1966013327728065030, 0.2412178248027904981, 0.2841079219105859810, 0.3257237703793450234, 0.3660408151597255300, 0.4055685105248190148, 0.4440747855081845219, 0.4824877317722389702, 0.5205139699452090429, 0.5586552483025769567, 0.5971066514732660258, 0.6358370881222780158, 0.6753113315422100138, 0.7150122487180079478, 0.7545452853026879403, 0.7942488615265570484, 0.8344295135974729716, 0.8746193604760259532, 0.9155380981681490171, 0.9573753259170180163, 1.000000000000000000 ),
 ( 0.000000000000000000, 1.000000000000000000 ),
 .UNSPECIFIED. ) ;
#7102 = CARTESIAN_POINT ( 'NONE',  ( -0.2104374999999999996, 0.5410000000000000364, -0.5484675480769229949 ) ) ;
#7104 = EDGE_CURVE ( 'NONE', #52, #2924, #6763, .T. ) ;
#7103 = DIRECTION ( 'NONE',  ( 0.000000000000000000, 1.000000000000000000, 0.000000000000000000 ) ) ;
#7105 = VECTOR ( 'NONE', #8602, 1000.000000000000000 ) ;
#7106 = DIRECTION ( 'NONE',  ( 0.000000000000000000, 0.000000000000000000, 1.000000000000000000 ) ) ;
#7107 = VECTOR ( 'NONE', #1773, 1000.000000000000000 ) ;
#7108 =( LENGTH_UNIT ( ) NAMED_UNIT ( * ) SI_UNIT ( .MILLI., .METRE. ) );
#7109 = ORIENTED_EDGE ( 'NONE', *, *, #5198, .T. ) ;
#7110 = CARTESIAN_POINT ( 'NONE',  ( -0.1378215526205733843, 0.5400000000000000355, -0.6235853544584469832 ) ) ;
#7111 = CARTESIAN_POINT ( 'NONE',  ( 0.6634999999999999787, 0.5400000000000000355, -0.4000000000000000222 ) ) ;
#7112 = DIRECTION ( 'NONE',  ( 0.000000000000000000, 0.000000000000000000, -1.000000000000000000 ) ) ;
#7113 = CARTESIAN_POINT ( 'NONE',  ( -0.7500000000000000000, 0.000000000000000000, 0.7500000000000000000 ) ) ;
#7114 = EDGE_LOOP ( 'NONE', ( #7211, #3062, #7436, #3212 ) ) ;
#7115 = COLOUR_RGB ( '',0.6470588235294117974, 0.5176470588235293491, 0.000000000000000000 ) ;
#7116 = FACE_OUTER_BOUND ( 'NONE', #5516, .T. ) ;
#7117 = ORIENTED_EDGE ( 'NONE', *, *, #4554, .T. ) ;
#7118 = CARTESIAN_POINT ( 'NONE',  ( 0.4504242788461539915, 0.5400000000000000355, -0.4000000000000000222 ) ) ;
#7119 = EDGE_LOOP ( 'NONE', ( #21, #4984, #6994, #1976 ) ) ;
#7120 = CARTESIAN_POINT ( 'NONE',  ( -0.1696923076923075313, 0.5400000000000000355, -0.6019230769230770051 ) ) ;
#7121 = CARTESIAN_POINT ( 'NONE',  ( -0.2267916516456014997, 0.5400000000000000355, -0.4148870160340669688 ) ) ;
#7122 = CARTESIAN_POINT ( 'NONE',  ( -0.5500000000000000444, 0.2000000000000000111, -0.2999999999999999889 ) ) ;
#7123 = EDGE_CURVE ( 'NONE', #4788, #7422, #7378, .T. ) ;
#7124 = MECHANICAL_DESIGN_GEOMETRIC_PRESENTATION_REPRESENTATION (  '', ( #3363 ), #4342 ) ;
#7125 = CARTESIAN_POINT ( 'NONE',  ( -0.1120670742004826054, 0.5400000000000000355, -0.4606907867066820095 ) ) ;
#7126 = DIRECTION ( 'NONE',  ( 0.000000000000000000, 0.000000000000000000, 1.000000000000000000 ) ) ;
#7127 = CARTESIAN_POINT ( 'NONE',  ( 0.5794301673768039729, 0.5400000000000000355, -0.5670448023769210089 ) ) ;
#7128 = UNCERTAINTY_MEASURE_WITH_UNIT (LENGTH_MEASURE( 1.000000000000000082E-05 ), #2748, 'distance_accuracy_value', 'NONE');
#7129 = VECTOR ( 'NONE', #2886, 1000.000000000000000 ) ;
#7130 = PRESENTATION_STYLE_ASSIGNMENT (( #8353 ) ) ;
#7131 = AXIS2_PLACEMENT_3D ( 'NONE', #5486, #1551, #3960 ) ;
#7132 = VERTEX_POINT ( 'NONE', #1490 ) ;
#7133 = AXIS2_PLACEMENT_3D ( 'NONE', #2827, #1455, #6093 ) ;
#7134 = VERTEX_POINT ( 'NONE', #826 ) ;
#7135 = VERTEX_POINT ( 'NONE', #204 ) ;
#7136 = DIRECTION ( 'NONE',  ( -0.5635235757706971160, 0.000000000000000000, -0.8260999815703952143 ) ) ;
#7137 = SURFACE_STYLE_FILL_AREA ( #7010 ) ;
#7138 = CARTESIAN_POINT ( 'NONE',  ( -0.2039667476521309919, 0.5400000000000000355, -0.4337251017949175225 ) ) ;
#7139 = CARTESIAN_POINT ( 'NONE',  ( -0.1897352764187309748, 0.5410000000000000364, -0.5384870862549410164 ) ) ;
#7140 = UNCERTAINTY_MEASURE_WITH_UNIT (LENGTH_MEASURE( 1.000000000000000082E-05 ), #4767, 'distance_accuracy_value', 'NONE');
#7141 = EDGE_CURVE ( 'NONE', #6883, #8199, #5507, .T. ) ;
#7142 =( GEOMETRIC_REPRESENTATION_CONTEXT ( 3 ) GLOBAL_UNCERTAINTY_ASSIGNED_CONTEXT ( ( #5144 ) ) GLOBAL_UNIT_ASSIGNED_CONTEXT ( ( #399, #2455, #1151 ) ) REPRESENTATION_CONTEXT ( 'NONE', 'WORKASPACE' ) );
#7143 = VERTEX_POINT ( 'NONE', #7543 ) ;
#7144 = ORIENTED_EDGE ( 'NONE', *, *, #1414, .T. ) ;
#7145 = DIRECTION ( 'NONE',  ( 1.000000000000000000, 0.000000000000000000, 0.000000000000000000 ) ) ;
#7146 =( GEOMETRIC_REPRESENTATION_CONTEXT ( 3 ) GLOBAL_UNCERTAINTY_ASSIGNED_CONTEXT ( ( #6364 ) ) GLOBAL_UNIT_ASSIGNED_CONTEXT ( ( #2845, #7569, #1475 ) ) REPRESENTATION_CONTEXT ( 'NONE', 'WORKASPACE' ) );
#7147 = CARTESIAN_POINT ( 'NONE',  ( -0.1203834134615383855, 0.5410000000000000364, -0.5182692307692310374 ) ) ;
#7148 = PRESENTATION_STYLE_ASSIGNMENT (( #5238 ) ) ;
#7149 = VERTEX_POINT ( 'NONE', #419 ) ;
#7150 =( NAMED_UNIT ( * ) SI_UNIT ( $, .STERADIAN. ) SOLID_ANGLE_UNIT ( ) );
#7151 =( NAMED_UNIT ( * ) SI_UNIT ( $, .STERADIAN. ) SOLID_ANGLE_UNIT ( ) );
#7152 = PRESENTATION_STYLE_ASSIGNMENT (( #7898 ) ) ;
#7153 = DIRECTION ( 'NONE',  ( 1.000000000000000000, 0.000000000000000000, -2.710505431213760099E-16 ) ) ;
#7154 = LINE ( 'NONE', #1745, #6845 ) ;
#7155 = DIRECTION ( 'NONE',  ( 0.000000000000000000, -1.000000000000000000, 0.000000000000000000 ) ) ;
#7156 = ORIENTED_EDGE ( 'NONE', *, *, #1873, .F. ) ;
#7157 =( NAMED_UNIT ( * ) SI_UNIT ( $, .STERADIAN. ) SOLID_ANGLE_UNIT ( ) );
#7158 = CARTESIAN_POINT ( 'NONE',  ( -0.08315384615384618927, 0.5400000000000000355, -0.4638671875000000000 ) ) ;
#7159 = ORIENTED_EDGE ( 'NONE', *, *, #3967, .T. ) ;
#7160 = PLANE ( 'NONE',  #3766 ) ;
#7161 = LINE ( 'NONE', #1228, #4970 ) ;
#7162 = DIRECTION ( 'NONE',  ( 0.000000000000000000, 0.000000000000000000, -1.000000000000000000 ) ) ;
#7163 = EDGE_CURVE ( 'NONE', #143, #1805, #2340, .T. ) ;
#7164 = CARTESIAN_POINT ( 'NONE',  ( -0.1133886877017684092, 0.5410000000000000364, -0.4524699031995320087 ) ) ;
#7165 = PRESENTATION_STYLE_ASSIGNMENT (( #2055 ) ) ;
#7166 = CARTESIAN_POINT ( 'NONE',  ( 0.4500000000000000111, 0.2000000000000000111, -0.2999999999999999889 ) ) ;
#7167 = ORIENTED_EDGE ( 'NONE', *, *, #6360, .T. ) ;
#7168 = EDGE_CURVE ( 'NONE', #3812, #3167, #4977, .T. ) ;
#7169 = VERTEX_POINT ( 'NONE', #2940 ) ;
#7170 = DIRECTION ( 'NONE',  ( 0.000000000000000000, 0.000000000000000000, 1.000000000000000000 ) ) ;
#7171 = LINE ( 'NONE', #1248, #7784 ) ;
#7172 = FILL_AREA_STYLE_COLOUR ( '', #1999 ) ;
#7173 = CARTESIAN_POINT ( 'NONE',  ( -0.1972595760692220090, 0.5400000000000000355, -0.4299035404304354935 ) ) ;
#7174 = CARTESIAN_POINT ( 'NONE',  ( -0.1241789747610194256, 0.5410000000000000364, -0.5199197848171429603 ) ) ;
#7175 = ORIENTED_EDGE ( 'NONE', *, *, #4515, .T. ) ;
#7176 = ORIENTED_EDGE ( 'NONE', *, *, #1780, .T. ) ;
#7177 = CARTESIAN_POINT ( 'NONE',  ( -0.2500000000000000000, 0.2000000000000000111, -0.7510000000000000009 ) ) ;
#7178 = CARTESIAN_POINT ( 'NONE',  ( -0.1917896074732469980, 0.5400000000000000355, -0.6261913929388329692 ) ) ;
#7179 = STYLED_ITEM ( 'NONE', ( #7148 ), #5041 ) ;
#7180 = LINE ( 'NONE', #1341, #6315 ) ;
#7181 = CARTESIAN_POINT ( 'NONE',  ( -0.2000000000000000111, 1.277032961426900037, -0.5000000000000000000 ) ) ;
#7182 = STYLED_ITEM ( 'NONE', ( #8002 ), #709 ) ;
#7183 = CARTESIAN_POINT ( 'NONE',  ( -0.1193739557274629964, 0.5400000000000000355, -0.5708751792676950432 ) ) ;
#7184 = SURFACE_STYLE_FILL_AREA ( #1826 ) ;
#7185 = VERTEX_POINT ( 'NONE', #4406 ) ;
#7186 = FILL_AREA_STYLE_COLOUR ( '', #18 ) ;
#7187 = VECTOR ( 'NONE', #4236, 1000.000000000000000 ) ;
#7188 = DIRECTION ( 'NONE',  ( 1.000000000000000000, 0.000000000000000000, -5.421010862427520198E-16 ) ) ;
#7189 = SURFACE_STYLE_FILL_AREA ( #8464 ) ;
#7190 = VECTOR ( 'NONE', #6561, 1000.000000000000227 ) ;
#7191 = COLOUR_RGB ( '',0.6470588235294117974, 0.5176470588235293491, 0.000000000000000000 ) ;
#7192 = VECTOR ( 'NONE', #4567, 1000.000000000000000 ) ;
#7193 = COLOUR_RGB ( '',0.2509803921568627416, 0.2509803921568627416, 0.2509803921568627416 ) ;
#7194 = LINE ( 'NONE', #1312, #402 ) ;
#7195 = ORIENTED_EDGE ( 'NONE', *, *, #3031, .F. ) ;
#7196 =( GEOMETRIC_REPRESENTATION_CONTEXT ( 3 ) GLOBAL_UNCERTAINTY_ASSIGNED_CONTEXT ( ( #2062 ) ) GLOBAL_UNIT_ASSIGNED_CONTEXT ( ( #1746, #4941, #6338 ) ) REPRESENTATION_CONTEXT ( 'NONE', 'WORKASPACE' ) );
#7197 = SURFACE_STYLE_USAGE ( .BOTH. , #1916 ) ;
#7198 = VECTOR ( 'NONE', #467, 1000.000000000000000 ) ;
#7199 = ORIENTED_EDGE ( 'NONE', *, *, #8231, .F. ) ;
#7200 =( NAMED_UNIT ( * ) SI_UNIT ( $, .STERADIAN. ) SOLID_ANGLE_UNIT ( ) );
#7201 = ORIENTED_EDGE ( 'NONE', *, *, #5908, .F. ) ;
#7202 = CARTESIAN_POINT ( 'NONE',  ( 0.5500000000000000444, 0.2000000000000000111, -0.2999999999999999889 ) ) ;
#7203 = DIRECTION ( 'NONE',  ( 0.000000000000000000, -1.000000000000000000, 0.000000000000000000 ) ) ;
#7204 = AXIS2_PLACEMENT_3D ( 'NONE', #7493, #3486, #4751 ) ;
#7205 = CARTESIAN_POINT ( 'NONE',  ( 0.5836483211399450255, 0.5400000000000000355, -0.5774867826133679438 ) ) ;
#7206 = FILL_AREA_STYLE ('',( #8432 ) ) ;
#7207 = SURFACE_STYLE_USAGE ( .BOTH. , #1234 ) ;
#7208 = DIRECTION ( 'NONE',  ( 0.000000000000000000, -1.000000000000000000, 0.000000000000000000 ) ) ;
#7209 =( NAMED_UNIT ( * ) SI_UNIT ( $, .STERADIAN. ) SOLID_ANGLE_UNIT ( ) );
#7210 = CARTESIAN_POINT ( 'NONE',  ( 0.5748882211538459686, 0.5410000000000000364, -0.6250000000000000000 ) ) ;
#7211 = ORIENTED_EDGE ( 'NONE', *, *, #4786, .F. ) ;
#7212 = ORIENTED_EDGE ( 'NONE', *, *, #7779, .F. ) ;
#7213 = UNCERTAINTY_MEASURE_WITH_UNIT (LENGTH_MEASURE( 1.000000000000000082E-05 ), #5080, 'distance_accuracy_value', 'NONE');
#7214 = PRESENTATION_STYLE_ASSIGNMENT (( #6539 ) ) ;
#7215 = SURFACE_STYLE_USAGE ( .BOTH. , #8004 ) ;
#7216 = EDGE_CURVE ( 'NONE', #7132, #501, #1125, .T. ) ;
#7217 = PRESENTATION_STYLE_ASSIGNMENT (( #4564 ) ) ;
#7218 = LINE ( 'NONE', #671, #8594 ) ;
#7219 = CARTESIAN_POINT ( 'NONE',  ( -0.2104374999999999996, 0.5410000000000000364, -0.5484675480769229949 ) ) ;
#7220 = VERTEX_POINT ( 'NONE', #1697 ) ;
#7221 = ORIENTED_EDGE ( 'NONE', *, *, #6384, .F. ) ;
#7222 = SURFACE_STYLE_FILL_AREA ( #8488 ) ;
#7223 = DIRECTION ( 'NONE',  ( 0.000000000000000000, 0.000000000000000000, 1.000000000000000000 ) ) ;
#7224 = UNCERTAINTY_MEASURE_WITH_UNIT (LENGTH_MEASURE( 1.000000000000000082E-05 ), #435, 'distance_accuracy_value', 'NONE');
#7225 = ADVANCED_FACE ( 'NONE', ( #7581 ), #1619, .T. ) ;
#7226 = DIRECTION ( 'NONE',  ( -1.000000000000000000, 0.000000000000000000, 0.000000000000000000 ) ) ;
#7227 = CARTESIAN_POINT ( 'NONE',  ( -0.08350096065851139726, 0.5410000000000000364, -0.4724718610560239562 ) ) ;
#7228 = EDGE_CURVE ( 'NONE', #1790, #7256, #8286, .T. ) ;
#7229 = CARTESIAN_POINT ( 'NONE',  ( 0.1035096153846152001, 0.5400000000000000355, -0.6250000000000000000 ) ) ;
#7230 = CARTESIAN_POINT ( 'NONE',  ( -0.2000000000000000111, 0.2000000000000000111, 0.5000000000000000000 ) ) ;
#7231 = VERTEX_POINT ( 'NONE', #6419 ) ;
#7232 = CARTESIAN_POINT ( 'NONE',  ( -0.1022123672375030018, 0.5400000000000000355, -0.6002879499601400104 ) ) ;
#7233 = LINE ( 'NONE', #5990, #6987 ) ;
#7234 = CARTESIAN_POINT ( 'NONE',  ( 0.1000000000000000056, 0.2000000000000000111, 0.7510000000000000009 ) ) ;
#7235 = DIRECTION ( 'NONE',  ( 0.000000000000000000, -1.000000000000000000, 0.000000000000000000 ) ) ;
#7236 = FILL_AREA_STYLE_COLOUR ( '', #2712 ) ;
#7237 = VECTOR ( 'NONE', #7088, 1000.000000000000000 ) ;
#7238 = CARTESIAN_POINT ( 'NONE',  ( -0.1188419476726431945, 0.5400000000000000355, -0.5175205786878439573 ) ) ;
#7239 = ORIENTED_EDGE ( 'NONE', *, *, #330, .F. ) ;
#7240 = SURFACE_SIDE_STYLE ('',( #4584 ) ) ;
#7241 = DIRECTION ( 'NONE',  ( 0.000000000000000000, -1.000000000000000000, 0.000000000000000000 ) ) ;
#7242 = CARTESIAN_POINT ( 'NONE',  ( -0.2346164057186235219, 0.5410000000000000364, -0.4220427080481040094 ) ) ;
#7243 = EDGE_LOOP ( 'NONE', ( #5859, #718, #6876, #1184 ) ) ;
#7244 = VECTOR ( 'NONE', #784, 1000.000000000000000 ) ;
#7245 = CARTESIAN_POINT ( 'NONE',  ( -0.1213319745702904073, 0.5400000000000000355, -0.4385130903525224499 ) ) ;
#7246 = EDGE_CURVE ( 'NONE', #1337, #7149, #6939, .T. ) ;
#7247 = VECTOR ( 'NONE', #8329, 1000.000000000000000 ) ;
#7248 = CARTESIAN_POINT ( 'NONE',  ( -0.2529887950782470085, 0.5400000000000000355, -0.4551998543883949977 ) ) ;
#7249 =( LENGTH_UNIT ( ) NAMED_UNIT ( * ) SI_UNIT ( .MILLI., .METRE. ) );
#7250 = AXIS2_PLACEMENT_3D ( 'NONE', #1497, #2147, #5472 ) ;
#7251 = SURFACE_STYLE_FILL_AREA ( #7206 ) ;
#7252 = CARTESIAN_POINT ( 'NONE',  ( -0.4500000000000000111, 0.2000000000000000111, -0.5000000000000000000 ) ) ;
#7253 = CARTESIAN_POINT ( 'NONE',  ( 0.5743924278846159748, 0.5400000000000000355, -0.5569411057692310596 ) ) ;
#7254 = CYLINDRICAL_SURFACE ( 'NONE', #4353, 0.1000000000000000472 ) ;
#7255 = CARTESIAN_POINT ( 'NONE',  ( 0.2901730769230769780, 0.5400000000000000355, -0.4548076923076930234 ) ) ;
#7256 = VERTEX_POINT ( 'NONE', #998 ) ;
#7257 = EDGE_LOOP ( 'NONE', ( #5798, #5447, #4500, #1763 ) ) ;
#7258 =( GEOMETRIC_REPRESENTATION_CONTEXT ( 3 ) GLOBAL_UNCERTAINTY_ASSIGNED_CONTEXT ( ( #436 ) ) GLOBAL_UNIT_ASSIGNED_CONTEXT ( ( #2161, #4078, #3516 ) ) REPRESENTATION_CONTEXT ( 'NONE', 'WORKASPACE' ) );
#7259 = VECTOR ( 'NONE', #2936, 1000.000000000000000 ) ;
#7260 =( LENGTH_UNIT ( ) NAMED_UNIT ( * ) SI_UNIT ( .MILLI., .METRE. ) );
#7261 = LINE ( 'NONE', #5310, #1111 ) ;
#7262 = PRESENTATION_LAYER_ASSIGNMENT (  '', '', ( #8112 ) ) ;
#7263 = DIRECTION ( 'NONE',  ( -0.5839294741932820054, 0.000000000000000000, 0.8118043909516362566 ) ) ;
#7264 = ORIENTED_EDGE ( 'NONE', *, *, #6069, .T. ) ;
#7265 = ORIENTED_EDGE ( 'NONE', *, *, #3982, .F. ) ;
#7266 = STYLED_ITEM ( 'NONE', ( #3154 ), #2461 ) ;
#7267 = COLOUR_RGB ( '',0.2509803921568627416, 0.2509803921568627416, 0.2509803921568627416 ) ;
#7268 = SURFACE_STYLE_USAGE ( .BOTH. , #5315 ) ;
#7269 = CARTESIAN_POINT ( 'NONE',  ( -0.08811131269113729736, 0.5400000000000000355, -0.4885013738298790709 ) ) ;
#7270 = FILL_AREA_STYLE ('',( #2877 ) ) ;
#7271 = EDGE_CURVE ( 'NONE', #637, #501, #6379, .T. ) ;
#7272 = SURFACE_SIDE_STYLE ('',( #8057 ) ) ;
#7273 = UNCERTAINTY_MEASURE_WITH_UNIT (LENGTH_MEASURE( 1.000000000000000082E-05 ), #1731, 'distance_accuracy_value', 'NONE');
#7274 = VECTOR ( 'NONE', #5490, 1000.000000000000000 ) ;
#7275 = DIRECTION ( 'NONE',  ( 0.000000000000000000, -1.000000000000000000, 0.000000000000000000 ) ) ;
#7276 = EDGE_CURVE ( 'NONE', #7882, #5849, #6985, .T. ) ;
#7277 = ORIENTED_EDGE ( 'NONE', *, *, #6200, .T. ) ;
#7278 = FACE_OUTER_BOUND ( 'NONE', #1386, .T. ) ;
#7279 = DIRECTION ( 'NONE',  ( 0.000000000000000000, -1.000000000000000000, 0.000000000000000000 ) ) ;
#7280 = CARTESIAN_POINT ( 'NONE',  ( -0.2000000000000000111, 1.277032961426900037, 0.5000000000000000000 ) ) ;
#7281 = VECTOR ( 'NONE', #3867, 1000.000000000000000 ) ;
#7282 = ADVANCED_FACE ( 'NONE', ( #3665 ), #5068, .T. ) ;
#7283 = LINE ( 'NONE', #7113, #5823 ) ;
#7284 = ORIENTED_EDGE ( 'NONE', *, *, #7322, .T. ) ;
#7285 = DIRECTION ( 'NONE',  ( 0.000000000000000000, 0.000000000000000000, 1.000000000000000000 ) ) ;
#7286 = CARTESIAN_POINT ( 'NONE',  ( -0.1757424616978175147, 0.5410000000000000364, -0.6018780867281089408 ) ) ;
#7287 = AXIS2_PLACEMENT_3D ( 'NONE', #3699, #7752, #3783 ) ;
#7288 = MECHANICAL_DESIGN_GEOMETRIC_PRESENTATION_REPRESENTATION (  '', ( #6186 ), #7146 ) ;
#7289 = EDGE_LOOP ( 'NONE', ( #5146, #6177, #2283, #3385 ) ) ;
#7290 = LINE ( 'NONE', #7820, #4177 ) ;
#7291 = ORIENTED_EDGE ( 'NONE', *, *, #3338, .T. ) ;
#7292 = CARTESIAN_POINT ( 'NONE',  ( -0.7500000000000000000, 0.000000000000000000, -0.2000000000000000111 ) ) ;
#7293 = CARTESIAN_POINT ( 'NONE',  ( -0.2078383212856109996, 0.5400000000000000355, -0.4042374784279229583 ) ) ;
#7294 =( NAMED_UNIT ( * ) SI_UNIT ( $, .STERADIAN. ) SOLID_ANGLE_UNIT ( ) );
#7295 = VECTOR ( 'NONE', #421, 1000.000000000000000 ) ;
#7296 = CARTESIAN_POINT ( 'NONE',  ( 0.000000000000000000, 0.3800000000000000044, 1.626303258728255172E-16 ) ) ;
#7297 = CARTESIAN_POINT ( 'NONE',  ( -0.7500000000000000000, 0.2000000000000000111, 0.2000000000000000111 ) ) ;
#7298 = DIRECTION ( 'NONE',  ( 1.000000000000000000, 0.000000000000000000, -1.445602896647339903E-16 ) ) ;
#7299 =( NAMED_UNIT ( * ) SI_UNIT ( $, .STERADIAN. ) SOLID_ANGLE_UNIT ( ) );
#7300 = DIRECTION ( 'NONE',  ( 0.000000000000000000, 0.000000000000000000, -1.000000000000000000 ) ) ;
#7301 = ORIENTED_EDGE ( 'NONE', *, *, #3130, .F. ) ;
#7302 = UNCERTAINTY_MEASURE_WITH_UNIT (LENGTH_MEASURE( 1.000000000000000082E-05 ), #6329, 'distance_accuracy_value', 'NONE');
#7303 = ORIENTED_EDGE ( 'NONE', *, *, #2154, .F. ) ;
#7304 = DIRECTION ( 'NONE',  ( -0.5842149830377210140, 0.000000000000000000, 0.8115989487389909662 ) ) ;
#7305 = CARTESIAN_POINT ( 'NONE',  ( -0.2000000000000000111, 0.2000000000000000111, 0.5000000000000000000 ) ) ;
#7306 = CARTESIAN_POINT ( 'NONE',  ( 0.1000000000000000056, 0.2000000000000000111, 0.7510000000000000009 ) ) ;
#7307 = CARTESIAN_POINT ( 'NONE',  ( -0.2357595065235190135, 0.5410000000000000364, -0.6015066696900249754 ) ) ;
#7308 = ORIENTED_EDGE ( 'NONE', *, *, #7322, .F. ) ;
#7309 = ORIENTED_EDGE ( 'NONE', *, *, #4043, .T. ) ;
#7310 = UNCERTAINTY_MEASURE_WITH_UNIT (LENGTH_MEASURE( 1.000000000000000082E-05 ), #1046, 'distance_accuracy_value', 'NONE');
#7311 = PRESENTATION_STYLE_ASSIGNMENT (( #2760 ) ) ;
#7312 =( LENGTH_UNIT ( ) NAMED_UNIT ( * ) SI_UNIT ( .MILLI., .METRE. ) );
#7313 = EDGE_CURVE ( 'NONE', #2240, #400, #3139, .T. ) ;
#7314 = CARTESIAN_POINT ( 'NONE',  ( 0.5500000000000000444, 0.000000000000000000, -0.5000000000000000000 ) ) ;
#7315 = FILL_AREA_STYLE ('',( #7402 ) ) ;
#7316 = VERTEX_POINT ( 'NONE', #6593 ) ;
#7317 = DIRECTION ( 'NONE',  ( 0.000000000000000000, 0.000000000000000000, 1.000000000000000000 ) ) ;
#7318 = VECTOR ( 'NONE', #3156, 1000.000000000000000 ) ;
#7319 = DIRECTION ( 'NONE',  ( -1.000000000000000000, 0.000000000000000000, 0.000000000000000000 ) ) ;
#7320 = ADVANCED_FACE ( 'NONE', ( #7278 ), #4388, .T. ) ;
#7321 = VECTOR ( 'NONE', #1033, 1000.000000000000000 ) ;
#7322 = EDGE_CURVE ( 'NONE', #1805, #5920, #7491, .T. ) ;
#7323 = CARTESIAN_POINT ( 'NONE',  ( -0.5500000000000000444, 0.000000000000000000, 0.2999999999999999889 ) ) ;
#7324 = LINE ( 'NONE', #697, #3834 ) ;
#7325 = VERTEX_POINT ( 'NONE', #6154 ) ;
#7326 = CARTESIAN_POINT ( 'NONE',  ( 0.6283437499999999787, 0.5410000000000000364, -0.4951923076923079314 ) ) ;
#7327 = VERTEX_POINT ( 'NONE', #5368 ) ;
#7328 = VECTOR ( 'NONE', #1460, 1000.000000000000000 ) ;
#7329 = PLANE ( 'NONE',  #3230 ) ;
#7330 = SURFACE_STYLE_FILL_AREA ( #6085 ) ;
#7331 = MECHANICAL_DESIGN_GEOMETRIC_PRESENTATION_REPRESENTATION (  '', ( #3175 ), #404 ) ;
#7332 = FACE_OUTER_BOUND ( 'NONE', #3436, .T. ) ;
#7333 = MECHANICAL_DESIGN_GEOMETRIC_PRESENTATION_REPRESENTATION (  '', ( #8591 ), #5535 ) ;
#7334 = FACE_OUTER_BOUND ( 'NONE', #3999, .T. ) ;
#7335 = DIRECTION ( 'NONE',  ( 0.000000000000000000, 0.000000000000000000, -1.000000000000000000 ) ) ;
#7336 = CARTESIAN_POINT ( 'NONE',  ( 0.4266712740384614455, 0.5410000000000000364, -0.4820312499999999667 ) ) ;
#7337 = CARTESIAN_POINT ( 'NONE',  ( 0.2699807692307689688, 0.5410000000000000364, -0.6221153846153850697 ) ) ;
#7338 = MECHANICAL_DESIGN_GEOMETRIC_PRESENTATION_REPRESENTATION (  '', ( #1396 ), #8458 ) ;
#7339 = VERTEX_POINT ( 'NONE', #103 ) ;
#7340 = ORIENTED_EDGE ( 'NONE', *, *, #7636, .F. ) ;
#7341 = AXIS2_PLACEMENT_3D ( 'NONE', #4371, #7713, #246 ) ;
#7342 = DIRECTION ( 'NONE',  ( 0.000000000000000000, 0.000000000000000000, -1.000000000000000000 ) ) ;
#7343 = UNCERTAINTY_MEASURE_WITH_UNIT (LENGTH_MEASURE( 1.000000000000000082E-05 ), #2518, 'distance_accuracy_value', 'NONE');
#7344 = FILL_AREA_STYLE ('',( #2709 ) ) ;
#7345 = PRESENTATION_STYLE_ASSIGNMENT (( #5186 ) ) ;
#7346 = CARTESIAN_POINT ( 'NONE',  ( 0.5904540142382349588, 0.5410000000000000364, -0.5976565768673119949 ) ) ;
#7347 = CARTESIAN_POINT ( 'NONE',  ( -0.1208132449475146086, 0.5410000000000000364, -0.5751034358404409907 ) ) ;
#7348 = VERTEX_POINT ( 'NONE', #6843 ) ;
#7349 = VERTEX_POINT ( 'NONE', #2769 ) ;
#7350 = EDGE_CURVE ( 'NONE', #39, #5079, #2850, .T. ) ;
#7351 = CARTESIAN_POINT ( 'NONE',  ( -0.2267019234665330063, 0.5400000000000000355, -0.6109604903296570466 ) ) ;
#7352 =( NAMED_UNIT ( * ) SI_UNIT ( $, .STERADIAN. ) SOLID_ANGLE_UNIT ( ) );
#7353 = UNCERTAINTY_MEASURE_WITH_UNIT (LENGTH_MEASURE( 1.000000000000000082E-05 ), #5023, 'distance_accuracy_value', 'NONE');
#7354 = CARTESIAN_POINT ( 'NONE',  ( -0.09143285827451838599, 0.5410000000000000364, -0.4945065783212149180 ) ) ;
#7355 = VECTOR ( 'NONE', #7126, 1000.000000000000000 ) ;
#7356 = SURFACE_STYLE_USAGE ( .BOTH. , #7272 ) ;
#7357 = CARTESIAN_POINT ( 'NONE',  ( -0.7500000000000000000, 0.2000000000000000111, -0.2000000000000000111 ) ) ;
#7358 = EDGE_LOOP ( 'NONE', ( #1195, #5615, #7176, #6190 ) ) ;
#7359 = PLANE ( 'NONE',  #4324 ) ;
#7360 = PRESENTATION_STYLE_ASSIGNMENT (( #7982 ) ) ;
#7361 = ADVANCED_FACE ( 'NONE', ( #728 ), #4179, .T. ) ;
#7362 = CARTESIAN_POINT ( 'NONE',  ( 0.2642115384615384976, 0.5410000000000000364, -0.5717698317307690070 ) ) ;
#7363 = ADVANCED_FACE ( 'NONE', ( #2725 ), #7359, .F. ) ;
#7364 = CARTESIAN_POINT ( 'NONE',  ( -0.7500000000000000000, 1.277032961426900037, -0.2000000000000000111 ) ) ;
#7365 = CARTESIAN_POINT ( 'NONE',  ( -0.2000000000000000111, 0.2000000000000000111, -0.1749999999999999889 ) ) ;
#7366 = EDGE_LOOP ( 'NONE', ( #5290, #4694, #6134, #2789 ) ) ;
#7367 = DIRECTION ( 'NONE',  ( 0.000000000000000000, -1.000000000000000000, 0.000000000000000000 ) ) ;
#7368 = ORIENTED_EDGE ( 'NONE', *, *, #580, .T. ) ;
#7369 = CARTESIAN_POINT ( 'NONE',  ( -0.008990384615384679548, 0.5410000000000000364, -0.6250000000000000000 ) ) ;
#7370 = CARTESIAN_POINT ( 'NONE',  ( 0.6062133413461540110, 0.5400000000000000355, -0.5550480769230770051 ) ) ;
#7371 = CARTESIAN_POINT ( 'NONE',  ( -0.2070178453515454930, 0.5400000000000000355, -0.5921490457062749124 ) ) ;
#7372 = STYLED_ITEM ( 'NONE', ( #2542 ), #6690 ) ;
#7373 = SURFACE_STYLE_USAGE ( .BOTH. , #4765 ) ;
#7374 = SURFACE_STYLE_USAGE ( .BOTH. , #3460 ) ;
#7375 = CARTESIAN_POINT ( 'NONE',  ( -0.2184280353437294819, 0.5400000000000000355, -0.5626564252809389544 ) ) ;
#7376 = LINE ( 'NONE', #6771, #3721 ) ;
#7377 = DIRECTION ( 'NONE',  ( -1.000000000000000000, 0.000000000000000000, 0.000000000000000000 ) ) ;
#7378 = CIRCLE ( 'NONE', #8083, 0.09999999999999999167 ) ;
#7379 = COLOUR_RGB ( '',0.2509803921568627416, 0.2509803921568627416, 0.2509803921568627416 ) ;
#7380 = CARTESIAN_POINT ( 'NONE',  ( 0.1035096153846152001, 0.5400000000000000355, -0.5067307692307689848 ) ) ;
#7381 = VERTEX_POINT ( 'NONE', #2332 ) ;
#7382 =( NAMED_UNIT ( * ) SI_UNIT ( $, .STERADIAN. ) SOLID_ANGLE_UNIT ( ) );
#7383 = ADVANCED_FACE ( 'NONE', ( #5583 ), #7574, .T. ) ;
#7384 = ORIENTED_EDGE ( 'NONE', *, *, #4997, .T. ) ;
#7385 = CARTESIAN_POINT ( 'NONE',  ( -0.1696923076923075313, 0.5410000000000000364, -0.6019230769230770051 ) ) ;
#7386 = PRESENTATION_STYLE_ASSIGNMENT (( #890 ) ) ;
#7387 = PRESENTATION_LAYER_ASSIGNMENT (  '', '', ( #173 ) ) ;
#7388 = DIRECTION ( 'NONE',  ( 2.710505431213760099E-16, 0.000000000000000000, 1.000000000000000000 ) ) ;
#7389 = B_SPLINE_CURVE_WITH_KNOTS ( 'NONE', 3,
 ( #241, #8283, #5589, #336, #8327, #2295, #1693, #866, #1737, #2217, #3662, #7537, #6196, #5679, #4973, #6242, #3019, #2336, #2386 ),
 .UNSPECIFIED., .F., .F.,
 ( 4, 1, 1, 1, 1, 1, 1, 1, 1, 1, 1, 1, 1, 1, 1, 1, 4 ),
 ( 0.000000000000000000, 0.09962150616395801239, 0.1938967328192360007, 0.2837998562611225295, 0.3701727454138420415, 0.4123101010032899638, 0.4530934880386510155, 0.4930774056832900043, 0.5325119669761479990, 0.5711492613812039210, 0.6097187445698670771, 0.6481957371232249798, 0.6868104410209480148, 0.7639654307906359465, 0.8408749920078290030, 0.9191369643646190024, 1.000000000000000000 ),
 .UNSPECIFIED. ) ;
#7390 = CARTESIAN_POINT ( 'NONE',  ( 0.5899423076923079323, 0.5410000000000000364, -0.5990384615384619638 ) ) ;
#7391 = CARTESIAN_POINT ( 'NONE',  ( -0.08857062481628411033, 0.5410000000000000364, -0.4381447206664055294 ) ) ;
#7392 = CARTESIAN_POINT ( 'NONE',  ( -0.1437216212486727984, 0.5410000000000000364, -0.5979917022299210405 ) ) ;
#7393 = VERTEX_POINT ( 'NONE', #990 ) ;
#7394 = ORIENTED_EDGE ( 'NONE', *, *, #78, .F. ) ;
#7395 = UNCERTAINTY_MEASURE_WITH_UNIT (LENGTH_MEASURE( 1.000000000000000082E-05 ), #311, 'distance_accuracy_value', 'NONE');
#7396 = CARTESIAN_POINT ( 'NONE',  ( 0.2500000000000000000, 0.2000000000000000111, 0.7510000000000000009 ) ) ;
#7397 = VECTOR ( 'NONE', #3364, 1000.000000000000000 ) ;
#7398 = CARTESIAN_POINT ( 'NONE',  ( -0.1075130535440374097, 0.5410000000000000364, -0.5109335040086719903 ) ) ;
#7399 = MECHANICAL_DESIGN_GEOMETRIC_PRESENTATION_REPRESENTATION (  '', ( #4758 ), #6997 ) ;
#7400 = SURFACE_SIDE_STYLE ('',( #6072 ) ) ;
#7401 = CIRCLE ( 'NONE', #5468, 0.1000000000000000472 ) ;
#7402 = FILL_AREA_STYLE_COLOUR ( '', #7604 ) ;
#7403 = VECTOR ( 'NONE', #6573, 1000.000000000000000 ) ;
#7404 = ORIENTED_EDGE ( 'NONE', *, *, #7060, .F. ) ;
#7405 = CARTESIAN_POINT ( 'NONE',  ( -0.1154038437409409951, 0.5410000000000000364, -0.6129875956786839941 ) ) ;
#7406 = PRESENTATION_STYLE_ASSIGNMENT (( #2851 ) ) ;
#7407 = PLANE ( 'NONE',  #7204 ) ;
#7408 = CARTESIAN_POINT ( 'NONE',  ( 0.2500000000000000000, 0.2000000000000000111, 0.7510000000000000009 ) ) ;
#7409 =( GEOMETRIC_REPRESENTATION_CONTEXT ( 3 ) GLOBAL_UNCERTAINTY_ASSIGNED_CONTEXT ( ( #447 ) ) GLOBAL_UNIT_ASSIGNED_CONTEXT ( ( #3296, #5340, #1971 ) ) REPRESENTATION_CONTEXT ( 'NONE', 'WORKASPACE' ) );
#7410 = PLANE ( 'NONE',  #3365 ) ;
#7411 = DIRECTION ( 'NONE',  ( 0.000000000000000000, 1.000000000000000000, 0.000000000000000000 ) ) ;
#7412 = CARTESIAN_POINT ( 'NONE',  ( 0.2000000000000000111, 0.000000000000000000, 0.5000000000000000000 ) ) ;
#7413 = ORIENTED_EDGE ( 'NONE', *, *, #2615, .T. ) ;
#7414 = DIRECTION ( 'NONE',  ( 0.000000000000000000, 0.000000000000000000, -1.000000000000000000 ) ) ;
#7415 = ORIENTED_EDGE ( 'NONE', *, *, #3345, .F. ) ;
#7416 = CARTESIAN_POINT ( 'NONE',  ( -0.2187307692307695062, 0.5410000000000000364, -0.5683443509615390132 ) ) ;
#7417 = DIRECTION ( 'NONE',  ( -1.000000000000000000, 0.000000000000000000, 0.000000000000000000 ) ) ;
#7418 =( NAMED_UNIT ( * ) SI_UNIT ( $, .STERADIAN. ) SOLID_ANGLE_UNIT ( ) );
#7419 = DIRECTION ( 'NONE',  ( 1.000000000000000000, 0.000000000000000000, 1.224646799147353947E-16 ) ) ;
#7420 = VECTOR ( 'NONE', #7145, 1000.000000000000000 ) ;
#7421 = PLANE ( 'NONE',  #6410 ) ;
#7422 = VERTEX_POINT ( 'NONE', #6320 ) ;
#7423 = DIRECTION ( 'NONE',  ( -0.8284426489506732105, 0.000000000000000000, 0.5600739035159482127 ) ) ;
#7424 = ORIENTED_EDGE ( 'NONE', *, *, #1825, .F. ) ;
#7425 = CARTESIAN_POINT ( 'NONE',  ( -0.7500000000000000000, 0.2000000000000000111, 0.5999999999999999778 ) ) ;
#7426 =( GEOMETRIC_REPRESENTATION_CONTEXT ( 3 ) GLOBAL_UNCERTAINTY_ASSIGNED_CONTEXT ( ( #60 ) ) GLOBAL_UNIT_ASSIGNED_CONTEXT ( ( #3259, #7993, #3171 ) ) REPRESENTATION_CONTEXT ( 'NONE', 'WORKASPACE' ) );
#7427 = MECHANICAL_DESIGN_GEOMETRIC_PRESENTATION_REPRESENTATION (  '', ( #1898 ), #5632 ) ;
#7428 = SURFACE_STYLE_FILL_AREA ( #8093 ) ;
#7429 = CARTESIAN_POINT ( 'NONE',  ( -0.7500000000000000000, 0.2000000000000000111, 0.5999999999999999778 ) ) ;
#7430 = CARTESIAN_POINT ( 'NONE',  ( -0.2161616586538460116, 0.5400000000000000355, -0.5176382211538460565 ) ) ;
#7431 = EDGE_CURVE ( 'NONE', #1065, #7327, #7615, .T. ) ;
#7432 = ADVANCED_FACE ( 'NONE', ( #6978 ), #1037, .F. ) ;
#7433 = DIRECTION ( 'NONE',  ( 1.000000000000000000, 0.000000000000000000, -1.355252715606881923E-15 ) ) ;
#7434 = CARTESIAN_POINT ( 'NONE',  ( -0.08327515217368899880, 0.5410000000000000364, -0.4609273436261840384 ) ) ;
#7435 = DIRECTION ( 'NONE',  ( 0.3690140269754864644, 0.000000000000000000, -0.9294238257626790123 ) ) ;
#7436 = ORIENTED_EDGE ( 'NONE', *, *, #8263, .T. ) ;
#7437 = ORIENTED_EDGE ( 'NONE', *, *, #2086, .F. ) ;
#7438 = EDGE_CURVE ( 'NONE', #5413, #4788, #8323, .T. ) ;
#7439 = DIRECTION ( 'NONE',  ( 0.000000000000000000, -1.000000000000000000, 0.000000000000000000 ) ) ;
#7440 = CARTESIAN_POINT ( 'NONE',  ( -0.4500000000000000111, 0.000000000000000000, -0.5000000000000000000 ) ) ;
#7441 = CARTESIAN_POINT ( 'NONE',  ( 0.4500000000000000111, 1.277032961426900037, 0.2999999999999999889 ) ) ;
#7442 = CARTESIAN_POINT ( 'NONE',  ( 0.5890251490847639992, 0.5410000000000000364, -0.5954050832808689409 ) ) ;
#7443 = EDGE_LOOP ( 'NONE', ( #2743, #2469, #86, #219 ) ) ;
#7444 = CARTESIAN_POINT ( 'NONE',  ( -0.1082569494533511950, 0.5410000000000000364, -0.6071147841117320310 ) ) ;
#7445 = FILL_AREA_STYLE_COLOUR ( '', #3915 ) ;
#7446 = CARTESIAN_POINT ( 'NONE',  ( -0.1570213710590435130, 0.5410000000000000364, -0.4232131154259125005 ) ) ;
#7447 = CARTESIAN_POINT ( 'NONE',  ( -0.1505234116970489977, 0.5400000000000000355, -0.4972979717602619698 ) ) ;
#7448 =( NAMED_UNIT ( * ) SI_UNIT ( $, .STERADIAN. ) SOLID_ANGLE_UNIT ( ) );
#7449 = MECHANICAL_DESIGN_GEOMETRIC_PRESENTATION_REPRESENTATION (  '', ( #1240 ), #2337 ) ;
#7450 = FILL_AREA_STYLE_COLOUR ( '', #104 ) ;
#7451 = ORIENTED_EDGE ( 'NONE', *, *, #7019, .F. ) ;
#7452 = CARTESIAN_POINT ( 'NONE',  ( 0.7500000000000000000, 0.000000000000000000, 0.5999999999999999778 ) ) ;
#7453 = CARTESIAN_POINT ( 'NONE',  ( -0.2000000000000000111, 1.277032961426900037, 0.5000000000000000000 ) ) ;
#7454 = LINE ( 'NONE', #1537, #4507 ) ;
#7455 = PRESENTATION_STYLE_ASSIGNMENT (( #8203 ) ) ;
#7456 = COLOUR_RGB ( '',0.2509803921568627416, 0.2509803921568627416, 0.2509803921568627416 ) ;
#7457 = CARTESIAN_POINT ( 'NONE',  ( 0.4110312500000000147, 0.5410000000000000364, -0.5049729567307689182 ) ) ;
#7458 = DIRECTION ( 'NONE',  ( 0.000000000000000000, -1.000000000000000000, 0.000000000000000000 ) ) ;
#7459 = MECHANICAL_DESIGN_GEOMETRIC_PRESENTATION_REPRESENTATION (  '', ( #5249 ), #1662 ) ;
#7460 = PRESENTATION_STYLE_ASSIGNMENT (( #8080 ) ) ;
#7461 = SURFACE_SIDE_STYLE ('',( #212 ) ) ;
#7462 =( GEOMETRIC_REPRESENTATION_CONTEXT ( 3 ) GLOBAL_UNCERTAINTY_ASSIGNED_CONTEXT ( ( #8058 ) ) GLOBAL_UNIT_ASSIGNED_CONTEXT ( ( #6613, #4030, #7703 ) ) REPRESENTATION_CONTEXT ( 'NONE', 'WORKASPACE' ) );
#7463 = EDGE_LOOP ( 'NONE', ( #6509, #6212, #3779, #7413 ) ) ;
#7464 = VECTOR ( 'NONE', #4508, 1000.000000000000000 ) ;
#7465 = SURFACE_STYLE_USAGE ( .BOTH. , #2153 ) ;
#7466 = ORIENTED_EDGE ( 'NONE', *, *, #7905, .T. ) ;
#7467 =( GEOMETRIC_REPRESENTATION_CONTEXT ( 3 ) GLOBAL_UNCERTAINTY_ASSIGNED_CONTEXT ( ( #57 ) ) GLOBAL_UNIT_ASSIGNED_CONTEXT ( ( #2261, #875, #1660 ) ) REPRESENTATION_CONTEXT ( 'NONE', 'WORKASPACE' ) );
#7468 = CARTESIAN_POINT ( 'NONE',  ( 0.7500000000000000000, 0.2000000000000000111, -0.5999999999999999778 ) ) ;
#7469 = AXIS2_PLACEMENT_3D ( 'NONE', #4325, #2440, #8333 ) ;
#7470 = EDGE_CURVE ( 'NONE', #3281, #6703, #1610, .T. ) ;
#7471 = FILL_AREA_STYLE ('',( #4821 ) ) ;
#7472 = FACE_OUTER_BOUND ( 'NONE', #2555, .T. ) ;
#7473 = PRESENTATION_STYLE_ASSIGNMENT (( #2235 ) ) ;
#7474 = PRESENTATION_LAYER_ASSIGNMENT (  '', '', ( #3993 ) ) ;
#7475 = VECTOR ( 'NONE', #7022, 1000.000000000000000 ) ;
#7476 = CARTESIAN_POINT ( 'NONE',  ( 0.4228401442307689884, 0.5400000000000000355, -0.5214693509615390132 ) ) ;
#7477 = CARTESIAN_POINT ( 'NONE',  ( 0.7500000000000000000, 0.000000000000000000, 0.2000000000000000111 ) ) ;
#7478 =( GEOMETRIC_REPRESENTATION_CONTEXT ( 3 ) GLOBAL_UNCERTAINTY_ASSIGNED_CONTEXT ( ( #6059 ) ) GLOBAL_UNIT_ASSIGNED_CONTEXT ( ( #3890, #4858, #6091 ) ) REPRESENTATION_CONTEXT ( 'NONE', 'WORKASPACE' ) );
#7479 = CARTESIAN_POINT ( 'NONE',  ( -0.09567463449824469002, 0.5400000000000000355, -0.4264712903185655102 ) ) ;
#7480 = PLANE ( 'NONE',  #6175 ) ;
#7481 = MECHANICAL_DESIGN_GEOMETRIC_PRESENTATION_REPRESENTATION (  '', ( #556 ), #1263 ) ;
#7482 = EDGE_LOOP ( 'NONE', ( #4071, #3435, #717, #3744 ) ) ;
#7483 = EDGE_LOOP ( 'NONE', ( #7862, #4158, #8041, #6617 ) ) ;
#7484 = EDGE_CURVE ( 'NONE', #4246, #2608, #411, .T. ) ;
#7485 = SURFACE_STYLE_USAGE ( .BOTH. , #4838 ) ;
#7486 = ORIENTED_EDGE ( 'NONE', *, *, #295, .T. ) ;
#7487 = FILL_AREA_STYLE_COLOUR ( '', #553 ) ;
#7488 = UNCERTAINTY_MEASURE_WITH_UNIT (LENGTH_MEASURE( 1.000000000000000082E-05 ), #2063, 'distance_accuracy_value', 'NONE');
#7489 =( NAMED_UNIT ( * ) SI_UNIT ( $, .STERADIAN. ) SOLID_ANGLE_UNIT ( ) );
#7490 = ORIENTED_EDGE ( 'NONE', *, *, #1498, .T. ) ;
#7491 = LINE ( 'NONE', #6715, #5579 ) ;
#7492 = EDGE_CURVE ( 'NONE', #8118, #490, #4399, .T. ) ;
#7493 = CARTESIAN_POINT ( 'NONE',  ( -0.008990384615384679548, 0.5410000000000000364, -0.5067307692307689848 ) ) ;
#7494 =( LENGTH_UNIT ( ) NAMED_UNIT ( * ) SI_UNIT ( .MILLI., .METRE. ) );
#7495 = CARTESIAN_POINT ( 'NONE',  ( -0.1815033908249945038, 0.5400000000000000355, -0.6013494939426570207 ) ) ;
#7496 = STYLED_ITEM ( 'NONE', ( #7165 ), #3138 ) ;
#7497 = EDGE_LOOP ( 'NONE', ( #5650, #6991, #4673, #4799 ) ) ;
#7498 = CARTESIAN_POINT ( 'NONE',  ( 0.7500000000000000000, 0.2000000000000000111, 0.2000000000000000111 ) ) ;
#7499 = SURFACE_STYLE_USAGE ( .BOTH. , #4233 ) ;
#7500 = FACE_OUTER_BOUND ( 'NONE', #1721, .T. ) ;
#7501 = CARTESIAN_POINT ( 'NONE',  ( -0.2093517634908864944, 0.5410000000000000364, -0.6210195216060540035 ) ) ;
#7502 = PRESENTATION_LAYER_ASSIGNMENT (  '', '', ( #8345 ) ) ;
#7503 = CARTESIAN_POINT ( 'NONE',  ( 0.5500000000000000444, 0.2000000000000000111, -0.5000000000000000000 ) ) ;
#7504 = PLANE ( 'NONE',  #2559 ) ;
#7505 = DIRECTION ( 'NONE',  ( -0.000000000000000000, 1.000000000000000000, 0.000000000000000000 ) ) ;
#7506 = ORIENTED_EDGE ( 'NONE', *, *, #2566, .F. ) ;
#7507 =( NAMED_UNIT ( * ) PLANE_ANGLE_UNIT ( ) SI_UNIT ( $, .RADIAN. ) );
#7508 = EDGE_CURVE ( 'NONE', #3522, #5887, #1902, .T. ) ;
#7509 = ORIENTED_EDGE ( 'NONE', *, *, #1502, .F. ) ;
#7510 = AXIS2_PLACEMENT_3D ( 'NONE', #1139, #1837, #1050 ) ;
#7511 = FILL_AREA_STYLE_COLOUR ( '', #7379 ) ;
#7512 = EDGE_LOOP ( 'NONE', ( #4007, #1549, #3473, #5280 ) ) ;
#7513 = CARTESIAN_POINT ( 'NONE',  ( 0.000000000000000000, 0.5400000000000000355, 1.626303258728255172E-16 ) ) ;
#7514 = CARTESIAN_POINT ( 'NONE',  ( -0.1522397635574639918, 0.5410000000000000364, -0.5286129935125689627 ) ) ;
#7515 = CARTESIAN_POINT ( 'NONE',  ( -0.1496832858921079978, 0.5400000000000000355, -0.4243237265406230030 ) ) ;
#7516 = PRESENTATION_STYLE_ASSIGNMENT (( #8094 ) ) ;
#7517 = VECTOR ( 'NONE', #5191, 1000.000000000000000 ) ;
#7518 = CARTESIAN_POINT ( 'NONE',  ( -0.03783653846153854639, 0.5410000000000000364, -0.4000000000000000222 ) ) ;
#7519 = VERTEX_POINT ( 'NONE', #452 ) ;
#7520 = VERTEX_POINT ( 'NONE', #7843 ) ;
#7521 = AXIS2_PLACEMENT_3D ( 'NONE', #2171, #2042, #7317 ) ;
#7522 = VECTOR ( 'NONE', #165, 1000.000000000000000 ) ;
#7523 = CARTESIAN_POINT ( 'NONE',  ( 0.000000000000000000, 0.4299999999999999933, 1.626303258728255172E-16 ) ) ;
#7524 = FILL_AREA_STYLE_COLOUR ( '', #6053 ) ;
#7525 = DIRECTION ( 'NONE',  ( 0.000000000000000000, 0.000000000000000000, 1.000000000000000000 ) ) ;
#7526 = PRESENTATION_LAYER_ASSIGNMENT (  '', '', ( #7671 ) ) ;
#7527 = PRESENTATION_LAYER_ASSIGNMENT (  '', '', ( #612 ) ) ;
#7528 = SURFACE_STYLE_USAGE ( .BOTH. , #8275 ) ;
#7529 = ORIENTED_EDGE ( 'NONE', *, *, #3380, .F. ) ;
#7530 = DIRECTION ( 'NONE',  ( 2.710505431213765029E-16, 0.000000000000000000, 1.000000000000000000 ) ) ;
#7531 = COLOUR_RGB ( '',0.2509803921568627416, 0.2509803921568627416, 0.2509803921568627416 ) ;
#7532 =( LENGTH_UNIT ( ) NAMED_UNIT ( * ) SI_UNIT ( .MILLI., .METRE. ) );
#7533 = CARTESIAN_POINT ( 'NONE',  ( 0.1632500000000000062, 0.5410000000000000364, -0.4836538461538459899 ) ) ;
#7534 = PRESENTATION_LAYER_ASSIGNMENT (  '', '', ( #2695 ) ) ;
#7535 = EDGE_CURVE ( 'NONE', #53, #144, #3780, .T. ) ;
#7536 = PRESENTATION_STYLE_ASSIGNMENT (( #4804 ) ) ;
#7537 = CARTESIAN_POINT ( 'NONE',  ( -0.1051100560860577932, 0.5410000000000000364, -0.6038100792800740191 ) ) ;
#7538 = EDGE_CURVE ( 'NONE', #2067, #5008, #8412, .T. ) ;
#7539 = EDGE_CURVE ( 'NONE', #8390, #3735, #4727, .T. ) ;
#7540 = DIRECTION ( 'NONE',  ( 0.000000000000000000, 0.000000000000000000, -1.000000000000000000 ) ) ;
#7541 = VECTOR ( 'NONE', #1974, 1000.000000000000000 ) ;
#7542 = ORIENTED_EDGE ( 'NONE', *, *, #1835, .T. ) ;
#7543 = CARTESIAN_POINT ( 'NONE',  ( 0.4500000000000000111, 0.000000000000000000, 0.2999999999999999889 ) ) ;
#7544 = CARTESIAN_POINT ( 'NONE',  ( -0.7500000000000000000, 0.5400000000000000355, -0.7500000000000000000 ) ) ;
#7545 = LINE ( 'NONE', #2987, #981 ) ;
#7546 = CIRCLE ( 'NONE', #903, 0.2000000000000000111 ) ;
#7547 = CARTESIAN_POINT ( 'NONE',  ( -0.2186302385117845082, 0.5400000000000000355, -0.5717287091131409982 ) ) ;
#7548 = FILL_AREA_STYLE_COLOUR ( '', #2497 ) ;
#7549 = EDGE_CURVE ( 'NONE', #5167, #2924, #2109, .T. ) ;
#7550 = VECTOR ( 'NONE', #36, 1000.000000000000000 ) ;
#7551 = CARTESIAN_POINT ( 'NONE',  ( -0.5125000000000000666, 0.5410000000000000364, -0.5125000000000000666 ) ) ;
#7552 = CARTESIAN_POINT ( 'NONE',  ( 0.7500000000000000000, 0.2000000000000000111, 0.2000000000000000111 ) ) ;
#7553 = VERTEX_POINT ( 'NONE', #6055 ) ;
#7554 = FACE_OUTER_BOUND ( 'NONE', #7573, .T. ) ;
#7555 =( LENGTH_UNIT ( ) NAMED_UNIT ( * ) SI_UNIT ( .MILLI., .METRE. ) );
#7556 = VERTEX_POINT ( 'NONE', #2516 ) ;
#7557 = DIRECTION ( 'NONE',  ( 0.000000000000000000, 0.000000000000000000, -1.000000000000000000 ) ) ;
#7558 = DIRECTION ( 'NONE',  ( 0.000000000000000000, -1.000000000000000000, 0.000000000000000000 ) ) ;
#7559 = CARTESIAN_POINT ( 'NONE',  ( -0.1696923076923075313, 0.5400000000000000355, -0.6019230769230770051 ) ) ;
#7560 = CARTESIAN_POINT ( 'NONE',  ( -0.1598434475654600118, 0.5410000000000000364, -0.5305463636133269656 ) ) ;
#7561 = CIRCLE ( 'NONE', #3799, 0.1124999999999999750 ) ;
#7562 = DIRECTION ( 'NONE',  ( -0.000000000000000000, 1.000000000000000000, 0.000000000000000000 ) ) ;
#7563 = CARTESIAN_POINT ( 'NONE',  ( -0.4500000000000000111, 0.000000000000000000, 0.5000000000000000000 ) ) ;
#7564 = FILL_AREA_STYLE_COLOUR ( '', #42 ) ;
#7565 = CARTESIAN_POINT ( 'NONE',  ( -0.2000000000000000111, 0.2000000000000000111, -0.2500000000000000000 ) ) ;
#7566 = ORIENTED_EDGE ( 'NONE', *, *, #5270, .F. ) ;
#7567 = ORIENTED_EDGE ( 'NONE', *, *, #4291, .T. ) ;
#7568 = CARTESIAN_POINT ( 'NONE',  ( 0.4500000000000000111, 0.000000000000000000, -0.5000000000000000000 ) ) ;
#7569 =( NAMED_UNIT ( * ) PLANE_ANGLE_UNIT ( ) SI_UNIT ( $, .RADIAN. ) );
#7570 = FACE_OUTER_BOUND ( 'NONE', #7580, .T. ) ;
#7571 = CARTESIAN_POINT ( 'NONE',  ( 0.5419855769230770282, 0.5400000000000000355, -0.4692307692307690625 ) ) ;
#7572 = VERTEX_POINT ( 'NONE', #3107 ) ;
#7573 = EDGE_LOOP ( 'NONE', ( #7175, #3188, #8244, #8487 ) ) ;
#7574 = PLANE ( 'NONE',  #3354 ) ;
#7575 = B_SPLINE_SURFACE_WITH_KNOTS ( 'NONE', 3, 1, ( 
 ( #4842, #1157 ),
 ( #3732, #3774 ),
 ( #4354, #5054 ),
 ( #8363, #3861 ),
 ( #445, #6405 ),
 ( #7699, #6453 ),
 ( #4522, #5713 ),
 ( #2551, #1852 ),
 ( #1767, #7138 ),
 ( #7792, #7173 ),
 ( #6499, #8319 ),
 ( #1253, #3184 ),
 ( #3058, #583 ),
 ( #7011, #2377 ),
 ( #2421, #1069 ) ),
 .UNSPECIFIED., .F., .F., .F.,
 ( 4, 1, 1, 1, 1, 1, 1, 1, 1, 1, 1, 1, 4 ),
 ( 2, 2 ),
 ( 0.000000000000000000, 0.09258405613722300864, 0.1779089771466169922, 0.2571497767112270183, 0.3310484894708830006, 0.4028717590578285157, 0.4772266214890830138, 0.5551466485633470560, 0.6386917438525029356, 0.7256184146555529901, 0.8136803073338539916, 0.9048999782917559465, 1.000000000000000000 ),
 ( 0.000000000000000000, 1.000000000000000000 ),
 .UNSPECIFIED. ) ;
#7576 = ADVANCED_FACE ( 'NONE', ( #1297 ), #6546, .F. ) ;
#7577 = FILL_AREA_STYLE_COLOUR ( '', #6580 ) ;
#7578 = CARTESIAN_POINT ( 'NONE',  ( -0.2219524653104274770, 0.5410000000000000364, -0.4548157051232600279 ) ) ;
#7579 = SURFACE_STYLE_USAGE ( .BOTH. , #4932 ) ;
#7580 = EDGE_LOOP ( 'NONE', ( #3474, #3653, #1022, #1267 ) ) ;
#7581 = FACE_OUTER_BOUND ( 'NONE', #2899, .T. ) ;
#7582 = DIRECTION ( 'NONE',  ( -9.293161478447180018E-16, 0.000000000000000000, -1.000000000000000000 ) ) ;
#7583 = CARTESIAN_POINT ( 'NONE',  ( -0.5500000000000000444, 0.2000000000000000111, 0.2000000000000000111 ) ) ;
#7584 = FILL_AREA_STYLE_COLOUR ( '', #8416 ) ;
#7585 = PLANE ( 'NONE',  #5819 ) ;
#7586 = EDGE_CURVE ( 'NONE', #5778, #7393, #8042, .T. ) ;
#7587 =( LENGTH_UNIT ( ) NAMED_UNIT ( * ) SI_UNIT ( .MILLI., .METRE. ) );
#7588 = CARTESIAN_POINT ( 'NONE',  ( -0.2543681662763894735, 0.5410000000000000364, -0.4606402030172099815 ) ) ;
#7589 = ORIENTED_EDGE ( 'NONE', *, *, #7651, .F. ) ;
#7590 = PLANE ( 'NONE',  #4027 ) ;
#7591 = SURFACE_STYLE_FILL_AREA ( #8426 ) ;
#7592 = ORIENTED_EDGE ( 'NONE', *, *, #7808, .F. ) ;
#7593 = CARTESIAN_POINT ( 'NONE',  ( -0.7500000000000000000, 0.2000000000000000111, 0.7500000000000000000 ) ) ;
#7594 = CARTESIAN_POINT ( 'NONE',  ( 0.3161346153846155138, 0.5400000000000000355, -0.4548076923076930234 ) ) ;
#7595 = VECTOR ( 'NONE', #1399, 1000.000000000000000 ) ;
#7596 = SURFACE_STYLE_USAGE ( .BOTH. , #8300 ) ;
#7597 = EDGE_CURVE ( 'NONE', #646, #1703, #7796, .T. ) ;
#7598 = CARTESIAN_POINT ( 'NONE',  ( -0.2433583681278239930, 0.5400000000000000355, -0.5447473141306150568 ) ) ;
#7599 = EDGE_CURVE ( 'NONE', #2544, #3879, #7099, .T. ) ;
#7600 =( NAMED_UNIT ( * ) PLANE_ANGLE_UNIT ( ) SI_UNIT ( $, .RADIAN. ) );
#7601 = CARTESIAN_POINT ( 'NONE',  ( 0.3705564903846155222, 0.5410000000000000364, -0.5644230769230770273 ) ) ;
#7602 = CARTESIAN_POINT ( 'NONE',  ( -0.5500000000000000444, 0.000000000000000000, -0.2999999999999999889 ) ) ;
#7603 = CARTESIAN_POINT ( 'NONE',  ( -0.1635174278846155127, 0.5410000000000000364, -0.3971153846153844813 ) ) ;
#7604 = COLOUR_RGB ( '',0.2000000000000000111, 0.2000000000000000111, 0.2000000000000000111 ) ;
#7605 = LINE ( 'NONE', #4256, #257 ) ;
#7606 = LINE ( 'NONE', #4341, #6865 ) ;
#7607 = ORIENTED_EDGE ( 'NONE', *, *, #8189, .T. ) ;
#7608 = ORIENTED_EDGE ( 'NONE', *, *, #4172, .F. ) ;
#7609 = FILL_AREA_STYLE ('',( #4959 ) ) ;
#7610 = AXIS2_PLACEMENT_3D ( 'NONE', #937, #6218, #5443 ) ;
#7611 = PRESENTATION_STYLE_ASSIGNMENT (( #4616 ) ) ;
#7612 = AXIS2_PLACEMENT_3D ( 'NONE', #3034, #2397, #1789 ) ;
#7613 = VERTEX_POINT ( 'NONE', #3911 ) ;
#7614 = ORIENTED_EDGE ( 'NONE', *, *, #8566, .F. ) ;
#7615 = LINE ( 'NONE', #366, #4597 ) ;
#7616 = AXIS2_PLACEMENT_3D ( 'NONE', #986, #3479, #2169 ) ;
#7617 = CARTESIAN_POINT ( 'NONE',  ( -0.1120705675905113996, 0.5400000000000000355, -0.4639624906089450107 ) ) ;
#7618 = CARTESIAN_POINT ( 'NONE',  ( 0.6378990384615390585, 0.5410000000000000364, -0.4692307692307690625 ) ) ;
#7619 = CARTESIAN_POINT ( 'NONE',  ( -0.1423319247487211947, 0.5410000000000000364, -0.4947625529702540659 ) ) ;
#7620 = DIRECTION ( 'NONE',  ( 0.000000000000000000, 0.000000000000000000, 1.000000000000000000 ) ) ;
#7621 = ORIENTED_EDGE ( 'NONE', *, *, #4986, .F. ) ;
#7622 = CARTESIAN_POINT ( 'NONE',  ( 0.4101748798076924607, 0.5410000000000000364, -0.4590895432692309597 ) ) ;
#7623 = EDGE_CURVE ( 'NONE', #3309, #7920, #5095, .T. ) ;
#7624 = DIRECTION ( 'NONE',  ( 0.000000000000000000, -1.000000000000000000, 0.000000000000000000 ) ) ;
#7625 = DIRECTION ( 'NONE',  ( 0.000000000000000000, 0.000000000000000000, 1.000000000000000000 ) ) ;
#7626 = ADVANCED_FACE ( 'NONE', ( #7747 ), #4571, .T. ) ;
#7627 = FACE_OUTER_BOUND ( 'NONE', #1090, .T. ) ;
#7628 = ADVANCED_FACE ( 'NONE', ( #4904 ), #6739, .T. ) ;
#7629 = CARTESIAN_POINT ( 'NONE',  ( -0.2469873920404594969, 0.5410000000000000364, -0.4397684847617845394 ) ) ;
#7630 = VECTOR ( 'NONE', #4650, 1000.000000000000000 ) ;
#7631 = B_SPLINE_CURVE_WITH_KNOTS ( 'NONE', 3,
 ( #6607, #2054, #7375, #6732, #1410, #33, #172 ),
 .UNSPECIFIED., .F., .F.,
 ( 4, 1, 1, 1, 4 ),
 ( 0.000000000000000000, 0.2616684853410600198, 0.5077030364459990119, 0.7518529499271839889, 1.000000000000000000 ),
 .UNSPECIFIED. ) ;
#7632 = VERTEX_POINT ( 'NONE', #2830 ) ;
#7633 = LINE ( 'NONE', #4327, #8065 ) ;
#7634 = DIRECTION ( 'NONE',  ( 0.000000000000000000, 0.000000000000000000, 1.000000000000000000 ) ) ;
#7635 = EDGE_LOOP ( 'NONE', ( #2141, #6635, #463, #8009 ) ) ;
#7636 = EDGE_CURVE ( 'NONE', #4114, #7381, #6902, .T. ) ;
#7637 = CARTESIAN_POINT ( 'NONE',  ( -0.7500000000000000000, 0.2000000000000000111, 0.5999999999999999778 ) ) ;
#7638 = AXIS2_PLACEMENT_3D ( 'NONE', #537, #2509, #3183 ) ;
#7639 = SURFACE_STYLE_FILL_AREA ( #3720 ) ;
#7640 = CARTESIAN_POINT ( 'NONE',  ( 0.000000000000000000, 0.3800000000000000044, 0.1499999999999999944 ) ) ;
#7641 = ADVANCED_FACE ( 'NONE', ( #4947 ), #8089, .F. ) ;
#7642 = CARTESIAN_POINT ( 'NONE',  ( -0.1620856204829140002, 0.5400000000000000355, -0.4231231678310990452 ) ) ;
#7643 = CARTESIAN_POINT ( 'NONE',  ( -0.2263226290615174829, 0.5400000000000000355, -0.4695595345647760044 ) ) ;
#7644 = DIRECTION ( 'NONE',  ( 0.000000000000000000, 0.000000000000000000, 1.000000000000000000 ) ) ;
#7645 = CARTESIAN_POINT ( 'NONE',  ( -0.1203834134615383855, 0.5400000000000000355, -0.5182692307692310374 ) ) ;
#7646 = COLOUR_RGB ( '',0.2000000000000000111, 0.2000000000000000111, 0.2000000000000000111 ) ;
#7647 = B_SPLINE_SURFACE_WITH_KNOTS ( 'NONE', 3, 1, ( 
 ( #6835, #1025 ),
 ( #2417, #1154 ),
 ( #1642, #4958 ),
 ( #7047, #4346 ),
 ( #6450, #2459 ) ),
 .UNSPECIFIED., .F., .F., .F.,
 ( 4, 1, 4 ),
 ( 2, 2 ),
 ( 0.000000000000000000, 0.5173049221652320506, 1.000000000000000000 ),
 ( 0.000000000000000000, 1.000000000000000000 ),
 .UNSPECIFIED. ) ;
#7648 = ADVANCED_FACE ( 'NONE', ( #134 ), #2790, .F. ) ;
#7649 = DIRECTION ( 'NONE',  ( 0.000000000000000000, -1.000000000000000000, 0.000000000000000000 ) ) ;
#7650 = LINE ( 'NONE', #357, #2024 ) ;
#7651 = EDGE_CURVE ( 'NONE', #533, #2991, #7772, .T. ) ;
#7652 = ORIENTED_EDGE ( 'NONE', *, *, #3446, .T. ) ;
#7653 = ORIENTED_EDGE ( 'NONE', *, *, #5462, .F. ) ;
#7654 = EDGE_CURVE ( 'NONE', #39, #1226, #5032, .T. ) ;
#7655 =( GEOMETRIC_REPRESENTATION_CONTEXT ( 3 ) GLOBAL_UNCERTAINTY_ASSIGNED_CONTEXT ( ( #7042 ) ) GLOBAL_UNIT_ASSIGNED_CONTEXT ( ( #5851, #2742, #7382 ) ) REPRESENTATION_CONTEXT ( 'NONE', 'WORKASPACE' ) );
#7656 = DIRECTION ( 'NONE',  ( 0.000000000000000000, 1.000000000000000000, 0.000000000000000000 ) ) ;
#7657 = PRESENTATION_STYLE_ASSIGNMENT (( #7740 ) ) ;
#7658 = CARTESIAN_POINT ( 'NONE',  ( 0.4500000000000000111, 0.000000000000000000, 0.5000000000000000000 ) ) ;
#7659 = AXIS2_PLACEMENT_3D ( 'NONE', #6041, #7367, #2900 ) ;
#7660 = UNCERTAINTY_MEASURE_WITH_UNIT (LENGTH_MEASURE( 1.000000000000000082E-05 ), #2649, 'distance_accuracy_value', 'NONE');
#7661 = VECTOR ( 'NONE', #7530, 1000.000000000000000 ) ;
#7662 = ORIENTED_EDGE ( 'NONE', *, *, #7549, .F. ) ;
#7663 = ORIENTED_EDGE ( 'NONE', *, *, #7076, .F. ) ;
#7664 = CARTESIAN_POINT ( 'NONE',  ( 0.1962878605769229901, 0.5410000000000000364, -0.4836538461538459899 ) ) ;
#7665 = CARTESIAN_POINT ( 'NONE',  ( -0.1304682632838120027, 0.5410000000000000364, -0.4901530326385409864 ) ) ;
#7666 = PLANE ( 'NONE',  #1534 ) ;
#7667 = CARTESIAN_POINT ( 'NONE',  ( -0.2044128039268084951, 0.5410000000000000364, -0.5124955095275449679 ) ) ;
#7668 = DIRECTION ( 'NONE',  ( 0.000000000000000000, -1.000000000000000000, 0.000000000000000000 ) ) ;
#7669 = CARTESIAN_POINT ( 'NONE',  ( 0.3354903846153844960, 0.5400000000000000355, -0.4000000000000000222 ) ) ;
#7670 = DIRECTION ( 'NONE',  ( 1.000000000000000000, 0.000000000000000000, 0.000000000000000000 ) ) ;
#7671 = STYLED_ITEM ( 'NONE', ( #5384 ), #5636 ) ;
#7672 = EDGE_LOOP ( 'NONE', ( #8043, #6852, #6318, #8535, #74, #1683, #3005, #7264, #6629, #615, #2832, #2110, #5895, #5158, #5876, #3300 ) ) ;
#7673 = CARTESIAN_POINT ( 'NONE',  ( 0.2642115384615384976, 0.5410000000000000364, -0.4548076923076930234 ) ) ;
#7674 = DIRECTION ( 'NONE',  ( 1.000000000000000000, 0.000000000000000000, 0.000000000000000000 ) ) ;
#7675 = STYLED_ITEM ( 'NONE', ( #4704 ), #8291 ) ;
#7676 =( NAMED_UNIT ( * ) SI_UNIT ( $, .STERADIAN. ) SOLID_ANGLE_UNIT ( ) );
#7677 = MECHANICAL_DESIGN_GEOMETRIC_PRESENTATION_REPRESENTATION (  '', ( #4197 ), #5185 ) ;
#7678 =( NAMED_UNIT ( * ) PLANE_ANGLE_UNIT ( ) SI_UNIT ( $, .RADIAN. ) );
#7679 = DIRECTION ( 'NONE',  ( -1.000000000000000000, 0.000000000000000000, -7.228014483236700500E-16 ) ) ;
#7680 = ORIENTED_EDGE ( 'NONE', *, *, #470, .F. ) ;
#7681 = FACE_OUTER_BOUND ( 'NONE', #5723, .T. ) ;
#7682 = MECHANICAL_DESIGN_GEOMETRIC_PRESENTATION_REPRESENTATION (  '', ( #6847 ), #7258 ) ;
#7683 = CARTESIAN_POINT ( 'NONE',  ( 0.5500000000000000444, 0.2000000000000000111, 0.5000000000000000000 ) ) ;
#7684 = MECHANICAL_DESIGN_GEOMETRIC_PRESENTATION_REPRESENTATION (  '', ( #3248 ), #2158 ) ;
#7685 = ORIENTED_EDGE ( 'NONE', *, *, #4818, .F. ) ;
#7686 = DIRECTION ( 'NONE',  ( 0.000000000000000000, 0.000000000000000000, 1.000000000000000000 ) ) ;
#7687 = AXIS2_PLACEMENT_3D ( 'NONE', #2921, #4386, #394 ) ;
#7688 = FACE_OUTER_BOUND ( 'NONE', #4621, .T. ) ;
#7689 = PRESENTATION_STYLE_ASSIGNMENT (( #8346 ) ) ;
#7690 = CARTESIAN_POINT ( 'NONE',  ( 0.2500000000000000000, 0.2000000000000000111, 0.7500000000000000000 ) ) ;
#7691 = PRESENTATION_STYLE_ASSIGNMENT (( #353 ) ) ;
#7692 = FILL_AREA_STYLE ('',( #1149 ) ) ;
#7693 = CARTESIAN_POINT ( 'NONE',  ( -0.1415000908464834062, 0.5400000000000000355, -0.3991410944377735137 ) ) ;
#7694 = ORIENTED_EDGE ( 'NONE', *, *, #8548, .T. ) ;
#7695 = ORIENTED_EDGE ( 'NONE', *, *, #5100, .F. ) ;
#7696 = DIRECTION ( 'NONE',  ( 0.000000000000000000, 0.000000000000000000, -1.000000000000000000 ) ) ;
#7697 = FILL_AREA_STYLE ('',( #4396 ) ) ;
#7698 = ADVANCED_FACE ( 'NONE', ( #4331 ), #3717, .F. ) ;
#7699 = CARTESIAN_POINT ( 'NONE',  ( -0.2188388206029990013, 0.5410000000000000364, -0.4485430269208459664 ) ) ;
#7700 = VERTEX_POINT ( 'NONE', #6950 ) ;
#7701 = VERTEX_POINT ( 'NONE', #5783 ) ;
#7702 = CARTESIAN_POINT ( 'NONE',  ( -0.4500000000000000111, 1.277032961426900037, -0.5000000000000000000 ) ) ;
#7703 =( NAMED_UNIT ( * ) SI_UNIT ( $, .STERADIAN. ) SOLID_ANGLE_UNIT ( ) );
#7704 = SURFACE_STYLE_USAGE ( .BOTH. , #1209 ) ;
#7705 = CARTESIAN_POINT ( 'NONE',  ( -0.2127011622994650075, 0.5410000000000000364, -0.5158525021080420103 ) ) ;
#7706 = SURFACE_STYLE_FILL_AREA ( #6462 ) ;
#7707 = SURFACE_STYLE_FILL_AREA ( #5064 ) ;
#7708 = DIRECTION ( 'NONE',  ( 0.000000000000000000, -1.000000000000000000, 0.000000000000000000 ) ) ;
#7709 = LINE ( 'NONE', #1782, #7318 ) ;
#7710 = ORIENTED_EDGE ( 'NONE', *, *, #8566, .T. ) ;
#7711 = SURFACE_SIDE_STYLE ('',( #1740 ) ) ;
#7712 = CARTESIAN_POINT ( 'NONE',  ( 0.7500000000000000000, 0.2000000000000000111, -0.2000000000000000111 ) ) ;
#7713 = DIRECTION ( 'NONE',  ( 1.000000000000000000, 0.000000000000000000, 0.000000000000000000 ) ) ;
#7714 = CARTESIAN_POINT ( 'NONE',  ( -0.1120705675905113996, 0.5410000000000000364, -0.4639624906089450107 ) ) ;
#7715 = LINE ( 'NONE', #8332, #4968 ) ;
#7716 = FILL_AREA_STYLE_COLOUR ( '', #8376 ) ;
#7717 = CARTESIAN_POINT ( 'NONE',  ( -0.2346164057186235219, 0.5410000000000000364, -0.4220427080481040094 ) ) ;
#7718 = ORIENTED_EDGE ( 'NONE', *, *, #2964, .T. ) ;
#7719 = FILL_AREA_STYLE_COLOUR ( '', #8354 ) ;
#7720 = ORIENTED_EDGE ( 'NONE', *, *, #867, .T. ) ;
#7721 = CARTESIAN_POINT ( 'NONE',  ( -0.4500000000000000111, 0.2000000000000000111, 0.5000000000000000000 ) ) ;
#7722 = ORIENTED_EDGE ( 'NONE', *, *, #489, .T. ) ;
#7723 = PRESENTATION_STYLE_ASSIGNMENT (( #7596 ) ) ;
#7724 = CARTESIAN_POINT ( 'NONE',  ( -0.2500000000000000000, 0.2000000000000000111, 0.7510000000000000009 ) ) ;
#7725 =( NAMED_UNIT ( * ) PLANE_ANGLE_UNIT ( ) SI_UNIT ( $, .RADIAN. ) );
#7726 = SURFACE_STYLE_USAGE ( .BOTH. , #3724 ) ;
#7727 = UNCERTAINTY_MEASURE_WITH_UNIT (LENGTH_MEASURE( 1.000000000000000082E-05 ), #4888, 'distance_accuracy_value', 'NONE');
#7728 = LINE ( 'NONE', #1059, #8238 ) ;
#7729 = PRESENTATION_STYLE_ASSIGNMENT (( #1103 ) ) ;
#7730 = DIRECTION ( 'NONE',  ( 0.000000000000000000, 0.000000000000000000, 1.000000000000000000 ) ) ;
#7731 = VECTOR ( 'NONE', #4805, 1000.000000000000000 ) ;
#7732 = ORIENTED_EDGE ( 'NONE', *, *, #2615, .F. ) ;
#7733 = VERTEX_POINT ( 'NONE', #1094 ) ;
#7734 = EDGE_CURVE ( 'NONE', #5446, #2664, #4292, .T. ) ;
#7735 = DIRECTION ( 'NONE',  ( 0.000000000000000000, -1.000000000000000000, 0.000000000000000000 ) ) ;
#7736 =( NAMED_UNIT ( * ) PLANE_ANGLE_UNIT ( ) SI_UNIT ( $, .RADIAN. ) );
#7737 = LINE ( 'NONE', #4435, #6815 ) ;
#7738 =( GEOMETRIC_REPRESENTATION_CONTEXT ( 3 ) GLOBAL_UNCERTAINTY_ASSIGNED_CONTEXT ( ( #2209 ) ) GLOBAL_UNIT_ASSIGNED_CONTEXT ( ( #8146, #5483, #1463 ) ) REPRESENTATION_CONTEXT ( 'NONE', 'WORKASPACE' ) );
#7739 = MECHANICAL_DESIGN_GEOMETRIC_PRESENTATION_REPRESENTATION (  '', ( #1797 ), #5955 ) ;
#7740 = SURFACE_STYLE_USAGE ( .BOTH. , #5005 ) ;
#7741 = LINE ( 'NONE', #3692, #5063 ) ;
#7742 = B_SPLINE_CURVE_WITH_KNOTS ( 'NONE', 3,
 ( #6000, #3885, #8564, #3330, #4636, #5923, #567, #2011, #7293, #1360, #4588, #2659, #7121, #660, #6570, #3214, #28, #3842, #4462, #8605, #5829, #7248, #6485, #6637, #1321, #3169, #2614 ),
 .UNSPECIFIED., .F., .F.,
 ( 4, 1, 1, 1, 1, 1, 1, 1, 1, 1, 1, 1, 1, 1, 1, 1, 1, 1, 1, 1, 1, 1, 1, 1, 4 ),
 ( 0.000000000000000000, 0.05199564215804430151, 0.1021380340656902058, 0.1501827220153360010, 0.1966013327728065030, 0.2412178248027904981, 0.2841079219105859810, 0.3257237703793450234, 0.3660408151597255300, 0.4055685105248190148, 0.4440747855081845219, 0.4824877317722389702, 0.5205139699452090429, 0.5586552483025769567, 0.5971066514732660258, 0.6358370881222780158, 0.6753113315422100138, 0.7150122487180079478, 0.7545452853026879403, 0.7942488615265570484, 0.8344295135974729716, 0.8746193604760259532, 0.9155380981681490171, 0.9573753259170180163, 1.000000000000000000 ),
 .UNSPECIFIED. ) ;
#7743 = COLOUR_RGB ( '',0.2000000000000000111, 0.2000000000000000111, 0.2000000000000000111 ) ;
#7744 = UNCERTAINTY_MEASURE_WITH_UNIT (LENGTH_MEASURE( 1.000000000000000082E-05 ), #5006, 'distance_accuracy_value', 'NONE');
#7745 = VERTEX_POINT ( 'NONE', #3801 ) ;
#7746 = ORIENTED_EDGE ( 'NONE', *, *, #1502, .T. ) ;
#7747 = FACE_OUTER_BOUND ( 'NONE', #4586, .T. ) ;
#7748 = EDGE_CURVE ( 'NONE', #4490, #4817, #1011, .T. ) ;
#7749 = CARTESIAN_POINT ( 'NONE',  ( -0.1208132449475146086, 0.5400000000000000355, -0.5751034358404409907 ) ) ;
#7750 =( NAMED_UNIT ( * ) PLANE_ANGLE_UNIT ( ) SI_UNIT ( $, .RADIAN. ) );
#7751 = PRESENTATION_LAYER_ASSIGNMENT (  '', '', ( #540 ) ) ;
#7752 = DIRECTION ( 'NONE',  ( 0.000000000000000000, 1.000000000000000000, 0.000000000000000000 ) ) ;
#7753 = COLOUR_RGB ( '',0.2000000000000000111, 0.2000000000000000111, 0.2000000000000000111 ) ;
#7754 = SURFACE_SIDE_STYLE ('',( #592 ) ) ;
#7755 = STYLED_ITEM ( 'NONE', ( #856 ), #5104 ) ;
#7756 = CARTESIAN_POINT ( 'NONE',  ( -0.1325198502182746152, 0.5400000000000000355, -0.5917752038747878807 ) ) ;
#7757 = VECTOR ( 'NONE', #2980, 1000.000000000000000 ) ;
#7758 = CARTESIAN_POINT ( 'NONE',  ( -0.2500000000000000000, 0.1000000000000000056, 0.7500000000000000000 ) ) ;
#7759 = EDGE_CURVE ( 'NONE', #3167, #6931, #476, .T. ) ;
#7760 = VERTEX_POINT ( 'NONE', #5695 ) ;
#7761 = MECHANICAL_DESIGN_GEOMETRIC_PRESENTATION_REPRESENTATION (  '', ( #4424 ), #5127 ) ;
#7762 = CARTESIAN_POINT ( 'NONE',  ( -0.09505467409137041690, 0.5400000000000000355, -0.5886305017196289402 ) ) ;
#7763 =( GEOMETRIC_REPRESENTATION_CONTEXT ( 3 ) GLOBAL_UNCERTAINTY_ASSIGNED_CONTEXT ( ( #150 ) ) GLOBAL_UNIT_ASSIGNED_CONTEXT ( ( #6678, #1406, #1447 ) ) REPRESENTATION_CONTEXT ( 'NONE', 'WORKASPACE' ) );
#7764 = LINE ( 'NONE', #5594, #7247 ) ;
#7765 = PRESENTATION_STYLE_ASSIGNMENT (( #2648 ) ) ;
#7766 = PLANE ( 'NONE',  #7852 ) ;
#7767 = SURFACE_SIDE_STYLE ('',( #2393 ) ) ;
#7768 = ORIENTED_EDGE ( 'NONE', *, *, #2667, .T. ) ;
#7769 = CARTESIAN_POINT ( 'NONE',  ( 0.4110312500000000147, 0.5400000000000000355, -0.5049729567307689182 ) ) ;
#7770 =( NAMED_UNIT ( * ) SI_UNIT ( $, .STERADIAN. ) SOLID_ANGLE_UNIT ( ) );
#7771 = ORIENTED_EDGE ( 'NONE', *, *, #1027, .T. ) ;
#7772 = LINE ( 'NONE', #6484, #319 ) ;
#7773 = SURFACE_SIDE_STYLE ('',( #7910 ) ) ;
#7774 =( NAMED_UNIT ( * ) SI_UNIT ( $, .STERADIAN. ) SOLID_ANGLE_UNIT ( ) );
#7775 = VECTOR ( 'NONE', #5520, 1000.000000000000000 ) ;
#7776 = CARTESIAN_POINT ( 'NONE',  ( -0.2235334721631460075, 0.5410000000000000364, -0.5218270182528670365 ) ) ;
#7777 = CARTESIAN_POINT ( 'NONE',  ( 0.5969852375703309511, 0.5400000000000000355, -0.5799978300006619625 ) ) ;
#7778 = CARTESIAN_POINT ( 'NONE',  ( -0.1676386227501815152, 0.5400000000000000355, -0.4231644323304805111 ) ) ;
#7779 = EDGE_CURVE ( 'NONE', #3097, #7700, #1750, .T. ) ;
#7780 = DIRECTION ( 'NONE',  ( 0.000000000000000000, 0.000000000000000000, -1.000000000000000000 ) ) ;
#7781 = PRESENTATION_STYLE_ASSIGNMENT (( #3137 ) ) ;
#7782 = FACE_OUTER_BOUND ( 'NONE', #7119, .T. ) ;
#7783 = ORIENTED_EDGE ( 'NONE', *, *, #6264, .T. ) ;
#7784 = VECTOR ( 'NONE', #3858, 1000.000000000000000 ) ;
#7785 = ORIENTED_EDGE ( 'NONE', *, *, #2234, .F. ) ;
#7786 = VERTEX_POINT ( 'NONE', #7120 ) ;
#7787 =( NAMED_UNIT ( * ) PLANE_ANGLE_UNIT ( ) SI_UNIT ( $, .RADIAN. ) );
#7788 =( NAMED_UNIT ( * ) SI_UNIT ( $, .STERADIAN. ) SOLID_ANGLE_UNIT ( ) );
#7789 = SURFACE_STYLE_USAGE ( .BOTH. , #496 ) ;
#7790 = ADVANCED_FACE ( 'NONE', ( #1185 ), #3677, .F. ) ;
#7791 = STYLED_ITEM ( 'NONE', ( #8506 ), #6547 ) ;
#7792 = CARTESIAN_POINT ( 'NONE',  ( -0.1972595760692220090, 0.5410000000000000364, -0.4299035404304354935 ) ) ;
#7793 = SURFACE_STYLE_FILL_AREA ( #5142 ) ;
#7794 = ORIENTED_EDGE ( 'NONE', *, *, #4618, .F. ) ;
#7795 = VERTEX_POINT ( 'NONE', #7721 ) ;
#7796 = LINE ( 'NONE', #588, #444 ) ;
#7797 = AXIS2_PLACEMENT_3D ( 'NONE', #7337, #7300, #3984 ) ;
#7798 = FILL_AREA_STYLE_COLOUR ( '', #5111 ) ;
#7799 = LINE ( 'NONE', #3822, #4787 ) ;
#7800 =( NAMED_UNIT ( * ) SI_UNIT ( $, .STERADIAN. ) SOLID_ANGLE_UNIT ( ) );
#7801 = CARTESIAN_POINT ( 'NONE',  ( 0.3676718749999999813, 0.5410000000000000364, -0.4000000000000000222 ) ) ;
#7802 = STYLED_ITEM ( 'NONE', ( #7861 ), #6998 ) ;
#7803 = CARTESIAN_POINT ( 'NONE',  ( -0.1358870565522899976, 0.5400000000000000355, -0.5941673548277890404 ) ) ;
#7804 = LINE ( 'NONE', #3242, #5945 ) ;
#7805 = EDGE_LOOP ( 'NONE', ( #4684, #8573, #6598, #1772, #6577 ) ) ;
#7806 = CARTESIAN_POINT ( 'NONE',  ( -0.1117264113697670064, 0.5400000000000000355, -0.6101347824485049420 ) ) ;
#7807 = LINE ( 'NONE', #2602, #6152 ) ;
#7808 = EDGE_CURVE ( 'NONE', #1226, #7632, #1793, .T. ) ;
#7809 = CARTESIAN_POINT ( 'NONE',  ( 0.5515408653846159970, 0.5410000000000000364, -0.4951923076923079314 ) ) ;
#7810 = CARTESIAN_POINT ( 'NONE',  ( -0.7500000000000000000, 0.1000000000000000056, -0.7500000000000000000 ) ) ;
#7811 = MECHANICAL_DESIGN_GEOMETRIC_PRESENTATION_REPRESENTATION (  '', ( #1583 ), #4328 ) ;
#7812 = EDGE_CURVE ( 'NONE', #4814, #1501, #1141, .T. ) ;
#7813 = CARTESIAN_POINT ( 'NONE',  ( 0.2642115384615384976, 0.5400000000000000355, -0.4000000000000000222 ) ) ;
#7814 = ADVANCED_FACE ( 'NONE', ( #3257 ), #7329, .T. ) ;
#7815 = ORIENTED_EDGE ( 'NONE', *, *, #4920, .F. ) ;
#7816 = AXIS2_PLACEMENT_3D ( 'NONE', #6291, #5024, #2307 ) ;
#7817 = CARTESIAN_POINT ( 'NONE',  ( 0.5500000000000000444, 0.2000000000000000111, 0.5999999999999999778 ) ) ;
#7818 = STYLED_ITEM ( 'NONE', ( #7406 ), #8280 ) ;
#7819 = ORIENTED_EDGE ( 'NONE', *, *, #4986, .T. ) ;
#7820 = CARTESIAN_POINT ( 'NONE',  ( -0.4500000000000000111, 0.000000000000000000, 0.2999999999999999889 ) ) ;
#7821 = VERTEX_POINT ( 'NONE', #2577 ) ;
#7822 = CARTESIAN_POINT ( 'NONE',  ( -0.1017323918903911967, 0.5410000000000000364, -0.4194634174815725092 ) ) ;
#7823 =( GEOMETRIC_REPRESENTATION_CONTEXT ( 3 ) GLOBAL_UNCERTAINTY_ASSIGNED_CONTEXT ( ( #5316 ) ) GLOBAL_UNIT_ASSIGNED_CONTEXT ( ( #8151, #6241, #2810 ) ) REPRESENTATION_CONTEXT ( 'NONE', 'WORKASPACE' ) );
#7824 = DIRECTION ( 'NONE',  ( -0.3690140269754865199, 0.000000000000000000, 0.9294238257626791233 ) ) ;
#7825 = PRESENTATION_LAYER_ASSIGNMENT (  '', '', ( #5893 ) ) ;
#7826 = CARTESIAN_POINT ( 'NONE',  ( 0.5949866783970739759, 0.5400000000000000355, -0.5852845402872259850 ) ) ;
#7827 = FACE_OUTER_BOUND ( 'NONE', #7243, .T. ) ;
#7828 = CARTESIAN_POINT ( 'NONE',  ( 0.5836483211399450255, 0.5410000000000000364, -0.5774867826133679438 ) ) ;
#7829 = UNCERTAINTY_MEASURE_WITH_UNIT (LENGTH_MEASURE( 1.000000000000000082E-05 ), #6893, 'distance_accuracy_value', 'NONE');
#7830 = DIRECTION ( 'NONE',  ( 0.000000000000000000, 1.000000000000000000, 0.000000000000000000 ) ) ;
#7831 = VECTOR ( 'NONE', #5236, 1000.000000000000000 ) ;
#7832 = FACE_OUTER_BOUND ( 'NONE', #5970, .T. ) ;
#7833 = ORIENTED_EDGE ( 'NONE', *, *, #3632, .T. ) ;
#7834 = ORIENTED_EDGE ( 'NONE', *, *, #7163, .F. ) ;
#7835 = STYLED_ITEM ( 'NONE', ( #2785 ), #2407 ) ;
#7836 = DIRECTION ( 'NONE',  ( 0.000000000000000000, 1.000000000000000000, 0.000000000000000000 ) ) ;
#7837 = SURFACE_SIDE_STYLE ('',( #7137 ) ) ;
#7838 =( LENGTH_UNIT ( ) NAMED_UNIT ( * ) SI_UNIT ( .MILLI., .METRE. ) );
#7839 = CARTESIAN_POINT ( 'NONE',  ( -0.1598434475654600118, 0.5410000000000000364, -0.5305463636133269656 ) ) ;
#7840 = COLOUR_RGB ( '',0.2000000000000000111, 0.2000000000000000111, 0.2000000000000000111 ) ;
#7841 = ORIENTED_EDGE ( 'NONE', *, *, #6330, .F. ) ;
#7842 = ORIENTED_EDGE ( 'NONE', *, *, #7535, .F. ) ;
#7843 = CARTESIAN_POINT ( 'NONE',  ( -0.1203834134615383855, 0.5410000000000000364, -0.5182692307692310374 ) ) ;
#7844 = CARTESIAN_POINT ( 'NONE',  ( -0.2151825633105679814, 0.5400000000000000355, -0.6182964261535379702 ) ) ;
#7845 =( LENGTH_UNIT ( ) NAMED_UNIT ( * ) SI_UNIT ( .MILLI., .METRE. ) );
#7846 =( GEOMETRIC_REPRESENTATION_CONTEXT ( 3 ) GLOBAL_UNCERTAINTY_ASSIGNED_CONTEXT ( ( #2466 ) ) GLOBAL_UNIT_ASSIGNED_CONTEXT ( ( #8580, #3958, #7352 ) ) REPRESENTATION_CONTEXT ( 'NONE', 'WORKASPACE' ) );
#7847 = CARTESIAN_POINT ( 'NONE',  ( -0.2158789537356580190, 0.5400000000000000355, -0.5812795952483249540 ) ) ;
#7848 = DIRECTION ( 'NONE',  ( -0.6105131545468627241, 0.000000000000000000, 0.7920061162170647373 ) ) ;
#7849 = ORIENTED_EDGE ( 'NONE', *, *, #1499, .F. ) ;
#7850 = CARTESIAN_POINT ( 'NONE',  ( -0.1592974008295974797, 0.5400000000000000355, -0.6276161381440069631 ) ) ;
#7851 = FILL_AREA_STYLE_COLOUR ( '', #8224 ) ;
#7852 = AXIS2_PLACEMENT_3D ( 'NONE', #6335, #3076, #4235 ) ;
#7853 = DIRECTION ( 'NONE',  ( 1.000000000000000000, 0.000000000000000000, -5.421010862427520198E-16 ) ) ;
#7854 = AXIS2_PLACEMENT_3D ( 'NONE', #2629, #6614, #7342 ) ;
#7855 = EDGE_CURVE ( 'NONE', #4290, #3607, #1405, .T. ) ;
#7856 = LINE ( 'NONE', #3204, #5206 ) ;
#7857 = DIRECTION ( 'NONE',  ( 2.710505431213760099E-16, 0.000000000000000000, 1.000000000000000000 ) ) ;
#7858 = CARTESIAN_POINT ( 'NONE',  ( -0.09465713397009070662, 0.5400000000000000355, -0.4989704618446508810 ) ) ;
#7859 = VERTEX_POINT ( 'NONE', #3329 ) ;
#7860 = DIRECTION ( 'NONE',  ( 0.000000000000000000, -1.000000000000000000, 0.000000000000000000 ) ) ;
#7861 = PRESENTATION_STYLE_ASSIGNMENT (( #3936 ) ) ;
#7862 = ORIENTED_EDGE ( 'NONE', *, *, #4537, .T. ) ;
#7863 = CARTESIAN_POINT ( 'NONE',  ( -0.1179751981033844016, 0.5400000000000000355, -0.4429788978428945145 ) ) ;
#7864 = CARTESIAN_POINT ( 'NONE',  ( -0.7500000000000000000, 0.000000000000000000, 0.5999999999999999778 ) ) ;
#7865 = EDGE_CURVE ( 'NONE', #8471, #8509, #1377, .T. ) ;
#7866 = FILL_AREA_STYLE ('',( #4423 ) ) ;
#7867 = CARTESIAN_POINT ( 'NONE',  ( 0.5899423076923079323, 0.5400000000000000355, -0.5990384615384619638 ) ) ;
#7868 = CARTESIAN_POINT ( 'NONE',  ( 0.000000000000000000, 0.2000000000000000111, 0.000000000000000000 ) ) ;
#7869 = CARTESIAN_POINT ( 'NONE',  ( -0.2000000000000000111, 0.000000000000000000, -0.1749999999999999889 ) ) ;
#7870 = CARTESIAN_POINT ( 'NONE',  ( 0.5794301673768039729, 0.5410000000000000364, -0.5670448023769210089 ) ) ;
#7871 = CARTESIAN_POINT ( 'NONE',  ( -0.008990384615384679548, 0.5410000000000000364, -0.5067307692307689848 ) ) ;
#7872 = B_SPLINE_SURFACE_WITH_KNOTS ( 'NONE', 3, 1, ( 
 ( #430, #4993 ),
 ( #2997, #8431 ),
 ( #4383, #1840 ),
 ( #6953, #4464 ),
 ( #3679, #5608 ),
 ( #6434, #1752 ),
 ( #8259, #6345 ) ),
 .UNSPECIFIED., .F., .F., .F.,
 ( 4, 1, 1, 1, 4 ),
 ( 2, 2 ),
 ( 0.000000000000000000, 0.2616684853410600198, 0.5077030364459990119, 0.7518529499271839889, 1.000000000000000000 ),
 ( 0.000000000000000000, 1.000000000000000000 ),
 .UNSPECIFIED. ) ;
#7873 = PLANE ( 'NONE',  #726 ) ;
#7874 = EDGE_LOOP ( 'NONE', ( #4747, #8141, #3157, #6524 ) ) ;
#7875 = ADVANCED_FACE ( 'NONE', ( #739 ), #7909, .T. ) ;
#7876 = VERTEX_POINT ( 'NONE', #2698 ) ;
#7877 = ADVANCED_FACE ( 'NONE', ( #4501 ), #7160, .F. ) ;
#7878 = DIRECTION ( 'NONE',  ( 0.000000000000000000, 0.000000000000000000, -1.000000000000000000 ) ) ;
#7879 = SURFACE_STYLE_FILL_AREA ( #5230 ) ;
#7880 = CARTESIAN_POINT ( 'NONE',  ( 0.6053778432908010210, 0.5410000000000000364, -0.5573339148863599712 ) ) ;
#7881 = CARTESIAN_POINT ( 'NONE',  ( -0.2454160027391934507, 0.5410000000000000364, -0.5827468965645959953 ) ) ;
#7882 = VERTEX_POINT ( 'NONE', #1227 ) ;
#7883 = VERTEX_POINT ( 'NONE', #77 ) ;
#7884 = FILL_AREA_STYLE ('',( #1817 ) ) ;
#7885 = CARTESIAN_POINT ( 'NONE',  ( 0.1035096153846152001, 0.5410000000000000364, -0.4000000000000000222 ) ) ;
#7886 = COLOUR_RGB ( '',0.2000000000000000111, 0.2000000000000000111, 0.2000000000000000111 ) ;
#7887 = CARTESIAN_POINT ( 'NONE',  ( -0.7500000000000000000, 0.2000000000000000111, -0.7500000000000000000 ) ) ;
#7888 = VECTOR ( 'NONE', #5181, 1000.000000000000000 ) ;
#7889 = DIRECTION ( 'NONE',  ( 0.000000000000000000, -1.000000000000000000, 0.000000000000000000 ) ) ;
#7890 = EDGE_CURVE ( 'NONE', #923, #5033, #4463, .T. ) ;
#7891 = PRESENTATION_LAYER_ASSIGNMENT (  '', '', ( #3030 ) ) ;
#7892 = LINE ( 'NONE', #7230, #8153 ) ;
#7893 = ORIENTED_EDGE ( 'NONE', *, *, #6903, .F. ) ;
#7894 = CARTESIAN_POINT ( 'NONE',  ( -0.1669383611330584882, 0.5400000000000000355, -0.6277934929140909226 ) ) ;
#7895 = MECHANICAL_DESIGN_GEOMETRIC_PRESENTATION_REPRESENTATION (  '', ( #6778 ), #398 ) ;
#7896 = CARTESIAN_POINT ( 'NONE',  ( -0.1646893028846155016, 0.5410000000000000364, -0.4230769230769230171 ) ) ;
#7897 = STYLED_ITEM ( 'NONE', ( #4714 ), #268 ) ;
#7898 = SURFACE_STYLE_USAGE ( .BOTH. , #605 ) ;
#7899 = DIRECTION ( 'NONE',  ( 1.000000000000000000, 0.000000000000000000, 0.000000000000000000 ) ) ;
#7900 = COLOUR_RGB ( '',0.6470588235294117974, 0.5176470588235293491, 0.000000000000000000 ) ;
#7901 = CIRCLE ( 'NONE', #8178, 0.1124999999999999750 ) ;
#7902 = ORIENTED_EDGE ( 'NONE', *, *, #448, .F. ) ;
#7903 = CARTESIAN_POINT ( 'NONE',  ( 0.7500000000000000000, 0.2000000000000000111, 0.5999999999999999778 ) ) ;
#7904 = MECHANICAL_DESIGN_GEOMETRIC_PRESENTATION_REPRESENTATION (  '', ( #832 ), #7478 ) ;
#7905 = EDGE_CURVE ( 'NONE', #7733, #3664, #6279, .T. ) ;
#7906 = DIRECTION ( 'NONE',  ( 0.000000000000000000, 0.000000000000000000, -1.000000000000000000 ) ) ;
#7907 = DIRECTION ( 'NONE',  ( 1.000000000000000000, 0.000000000000000000, 0.000000000000000000 ) ) ;
#7908 = VERTEX_POINT ( 'NONE', #7292 ) ;
#7909 = CYLINDRICAL_SURFACE ( 'NONE', #607, 0.09999999999999999167 ) ;
#7910 = SURFACE_STYLE_FILL_AREA ( #3939 ) ;
#7911 = CARTESIAN_POINT ( 'NONE',  ( -0.7500000000000000000, 0.000000000000000000, 0.2000000000000000111 ) ) ;
#7912 =( GEOMETRIC_REPRESENTATION_CONTEXT ( 3 ) GLOBAL_UNCERTAINTY_ASSIGNED_CONTEXT ( ( #5453 ) ) GLOBAL_UNIT_ASSIGNED_CONTEXT ( ( #2852, #1389, #8150 ) ) REPRESENTATION_CONTEXT ( 'NONE', 'WORKASPACE' ) );
#7913 = CARTESIAN_POINT ( 'NONE',  ( 0.5871937645863040123, 0.5400000000000000355, -0.5881499448966689414 ) ) ;
#7914 =( LENGTH_UNIT ( ) NAMED_UNIT ( * ) SI_UNIT ( .MILLI., .METRE. ) );
#7915 = LINE ( 'NONE', #7252, #6787 ) ;
#7916 =( NAMED_UNIT ( * ) PLANE_ANGLE_UNIT ( ) SI_UNIT ( $, .RADIAN. ) );
#7917 = CARTESIAN_POINT ( 'NONE',  ( 0.3979152644230770086, 0.5410000000000000364, -0.5242187500000000666 ) ) ;
#7918 = LINE ( 'NONE', #8477, #1980 ) ;
#7919 = ORIENTED_EDGE ( 'NONE', *, *, #8398, .T. ) ;
#7920 = VERTEX_POINT ( 'NONE', #5293 ) ;
#7921 = UNCERTAINTY_MEASURE_WITH_UNIT (LENGTH_MEASURE( 1.000000000000000082E-05 ), #572, 'distance_accuracy_value', 'NONE');
#7922 = EDGE_CURVE ( 'NONE', #7632, #7185, #6636, .T. ) ;
#7923 = CARTESIAN_POINT ( 'NONE',  ( 0.4537596153846150115, 0.5400000000000000355, -0.5644230769230770273 ) ) ;
#7924 = ADVANCED_FACE ( 'NONE', ( #2257 ), #2181, .F. ) ;
#7925 =( GEOMETRIC_REPRESENTATION_CONTEXT ( 3 ) GLOBAL_UNCERTAINTY_ASSIGNED_CONTEXT ( ( #7213 ) ) GLOBAL_UNIT_ASSIGNED_CONTEXT ( ( #5080, #1800, #3134 ) ) REPRESENTATION_CONTEXT ( 'NONE', 'WORKASPACE' ) );
#7926 = DIRECTION ( 'NONE',  ( 2.710505431213760099E-16, 0.000000000000000000, 1.000000000000000000 ) ) ;
#7927 = CARTESIAN_POINT ( 'NONE',  ( -0.2015853668246364860, 0.5410000000000000364, -0.6237821767038059795 ) ) ;
#7928 = EDGE_LOOP ( 'NONE', ( #1181, #7614, #4084, #4137 ) ) ;
#7929 = VERTEX_POINT ( 'NONE', #3576 ) ;
#7930 =( NAMED_UNIT ( * ) SI_UNIT ( $, .STERADIAN. ) SOLID_ANGLE_UNIT ( ) );
#7931 = UNCERTAINTY_MEASURE_WITH_UNIT (LENGTH_MEASURE( 1.000000000000000082E-05 ), #6423, 'distance_accuracy_value', 'NONE');
#7932 = AXIS2_PLACEMENT_3D ( 'NONE', #383, #8295, #1005 ) ;
#7933 = LINE ( 'NONE', #2070, #2450 ) ;
#7934 = SURFACE_SIDE_STYLE ('',( #5277 ) ) ;
#7935 = CARTESIAN_POINT ( 'NONE',  ( 0.1323557692307691935, 0.5410000000000000364, -0.6250000000000000000 ) ) ;
#7936 = CARTESIAN_POINT ( 'NONE',  ( -0.7500000000000000000, 0.1000000000000000056, 0.7500000000000000000 ) ) ;
#7937 = COLOUR_RGB ( '',0.2509803921568627416, 0.2509803921568627416, 0.2509803921568627416 ) ;
#7938 = VERTEX_POINT ( 'NONE', #4103 ) ;
#7939 = CARTESIAN_POINT ( 'NONE',  ( 0.5500000000000000444, 1.277032961426900037, -0.5999999999999999778 ) ) ;
#7940 = DIRECTION ( 'NONE',  ( 0.000000000000000000, -1.000000000000000000, 0.000000000000000000 ) ) ;
#7941 = PRESENTATION_LAYER_ASSIGNMENT (  '', '', ( #882 ) ) ;
#7942 = VECTOR ( 'NONE', #1730, 1000.000000000000000 ) ;
#7943 = FACE_OUTER_BOUND ( 'NONE', #2841, .T. ) ;
#7944 = SURFACE_SIDE_STYLE ('',( #5285 ) ) ;
#7945 = ORIENTED_EDGE ( 'NONE', *, *, #2976, .F. ) ;
#7946 = ORIENTED_EDGE ( 'NONE', *, *, #5912, .T. ) ;
#7947 = FILL_AREA_STYLE_COLOUR ( '', #4739 ) ;
#7948 = ORIENTED_EDGE ( 'NONE', *, *, #1725, .T. ) ;
#7949 = PRESENTATION_LAYER_ASSIGNMENT (  '', '', ( #3090 ) ) ;
#7950 = DIRECTION ( 'NONE',  ( 1.000000000000000000, 0.000000000000000000, 0.000000000000000000 ) ) ;
#7951 = VECTOR ( 'NONE', #2491, 1000.000000000000000 ) ;
#7952 = CARTESIAN_POINT ( 'NONE',  ( 0.4859411057692309965, 0.5410000000000000364, -0.5644230769230770273 ) ) ;
#7953 = CARTESIAN_POINT ( 'NONE',  ( 0.1000000000000000056, 0.2000000000000000111, -0.7510000000000000009 ) ) ;
#7954 = MECHANICAL_DESIGN_GEOMETRIC_PRESENTATION_REPRESENTATION (  '', ( #7671 ), #5035 ) ;
#7955 = SURFACE_STYLE_FILL_AREA ( #662 ) ;
#7956 =( LENGTH_UNIT ( ) NAMED_UNIT ( * ) SI_UNIT ( .MILLI., .METRE. ) );
#7957 = AXIS2_PLACEMENT_3D ( 'NONE', #65, #5370, #2172 ) ;
#7958 = DIRECTION ( 'NONE',  ( 0.000000000000000000, -1.000000000000000000, 0.000000000000000000 ) ) ;
#7959 = ORIENTED_EDGE ( 'NONE', *, *, #814, .T. ) ;
#7960 = ORIENTED_EDGE ( 'NONE', *, *, #8610, .F. ) ;
#7961 =( GEOMETRIC_REPRESENTATION_CONTEXT ( 3 ) GLOBAL_UNCERTAINTY_ASSIGNED_CONTEXT ( ( #5744 ) ) GLOBAL_UNIT_ASSIGNED_CONTEXT ( ( #3093, #3637, #395 ) ) REPRESENTATION_CONTEXT ( 'NONE', 'WORKASPACE' ) );
#7962 = CARTESIAN_POINT ( 'NONE',  ( -0.1646893028846155016, 0.5410000000000000364, -0.4230769230769230171 ) ) ;
#7963 = SURFACE_SIDE_STYLE ('',( #2550 ) ) ;
#7964 = CARTESIAN_POINT ( 'NONE',  ( -0.2088078927923819883, 0.5410000000000000364, -0.5142298871531919557 ) ) ;
#7965 = EDGE_CURVE ( 'NONE', #2401, #637, #2782, .T. ) ;
#7966 = CARTESIAN_POINT ( 'NONE',  ( -0.1954771889819814923, 0.5410000000000000364, -0.5404469375901030936 ) ) ;
#7967 = ORIENTED_EDGE ( 'NONE', *, *, #3027, .T. ) ;
#7968 = VERTEX_POINT ( 'NONE', #8157 ) ;
#7969 = STYLED_ITEM ( 'NONE', ( #7611 ), #2604 ) ;
#7970 = AXIS2_PLACEMENT_3D ( 'NONE', #4553, #7208, #6735 ) ;
#7971 = EDGE_CURVE ( 'NONE', #1082, #3412, #4146, .T. ) ;
#7972 = EDGE_CURVE ( 'NONE', #727, #4242, #4713, .T. ) ;
#7973 = UNCERTAINTY_MEASURE_WITH_UNIT (LENGTH_MEASURE( 1.000000000000000082E-05 ), #3119, 'distance_accuracy_value', 'NONE');
#7974 = CARTESIAN_POINT ( 'NONE',  ( 0.5500000000000000444, 1.277032961426900037, 0.5000000000000000000 ) ) ;
#7975 =( LENGTH_UNIT ( ) NAMED_UNIT ( * ) SI_UNIT ( .MILLI., .METRE. ) );
#7976 = VECTOR ( 'NONE', #3392, 1000.000000000000000 ) ;
#7977 = CARTESIAN_POINT ( 'NONE',  ( 0.6634999999999999787, 0.5410000000000000364, -0.4000000000000000222 ) ) ;
#7978 = EDGE_LOOP ( 'NONE', ( #283, #1907, #1598, #1688 ) ) ;
#7979 = CARTESIAN_POINT ( 'NONE',  ( -0.1117264113697670064, 0.5410000000000000364, -0.6101347824485049420 ) ) ;
#7980 = EDGE_CURVE ( 'NONE', #2600, #203, #6201, .T. ) ;
#7981 =( LENGTH_UNIT ( ) NAMED_UNIT ( * ) SI_UNIT ( .MILLI., .METRE. ) );
#7982 = SURFACE_STYLE_USAGE ( .BOTH. , #776 ) ;
#7983 = PRESENTATION_STYLE_ASSIGNMENT (( #6718 ) ) ;
#7984 = EDGE_CURVE ( 'NONE', #7908, #2188, #8121, .T. ) ;
#7985 = VECTOR ( 'NONE', #7899, 1000.000000000000000 ) ;
#7986 = DIRECTION ( 'NONE',  ( 0.000000000000000000, 0.000000000000000000, -1.000000000000000000 ) ) ;
#7987 = CARTESIAN_POINT ( 'NONE',  ( -0.2121657819441065129, 0.5410000000000000364, -0.5869602018381729902 ) ) ;
#7988 = STYLED_ITEM ( 'NONE', ( #661 ), #932 ) ;
#7989 = CARTESIAN_POINT ( 'NONE',  ( -0.1842288140415795084, 0.5400000000000000355, -0.3983521540580525211 ) ) ;
#7990 = ORIENTED_EDGE ( 'NONE', *, *, #1705, .F. ) ;
#7991 = CARTESIAN_POINT ( 'NONE',  ( 0.7500000000000000000, 0.2000000000000000111, 0.5999999999999999778 ) ) ;
#7992 = DIRECTION ( 'NONE',  ( 0.000000000000000000, 1.000000000000000000, 0.000000000000000000 ) ) ;
#7993 =( NAMED_UNIT ( * ) PLANE_ANGLE_UNIT ( ) SI_UNIT ( $, .RADIAN. ) );
#7994 = DIRECTION ( 'NONE',  ( -0.8118303575733769595, 0.000000000000000000, -0.5838933725623909332 ) ) ;
#7995 =( GEOMETRIC_REPRESENTATION_CONTEXT ( 3 ) GLOBAL_UNCERTAINTY_ASSIGNED_CONTEXT ( ( #2765 ) ) GLOBAL_UNIT_ASSIGNED_CONTEXT ( ( #515, #8553, #2605 ) ) REPRESENTATION_CONTEXT ( 'NONE', 'WORKASPACE' ) );
#7996 =( LENGTH_UNIT ( ) NAMED_UNIT ( * ) SI_UNIT ( .MILLI., .METRE. ) );
#7997 = DIRECTION ( 'NONE',  ( -1.000000000000000000, 0.000000000000000000, 2.710505431213760099E-16 ) ) ;
#7998 = FILL_AREA_STYLE ('',( #746 ) ) ;
#7999 = DIRECTION ( 'NONE',  ( -2.710505431213760099E-16, 0.000000000000000000, -1.000000000000000000 ) ) ;
#8000 = ORIENTED_EDGE ( 'NONE', *, *, #6432, .T. ) ;
#8001 = ORIENTED_EDGE ( 'NONE', *, *, #1625, .F. ) ;
#8002 = PRESENTATION_STYLE_ASSIGNMENT (( #8449 ) ) ;
#8003 = PLANE ( 'NONE',  #6742 ) ;
#8004 = SURFACE_SIDE_STYLE ('',( #5931 ) ) ;
#8005 =( NAMED_UNIT ( * ) PLANE_ANGLE_UNIT ( ) SI_UNIT ( $, .RADIAN. ) );
#8006 = CARTESIAN_POINT ( 'NONE',  ( -0.1613350114867450058, 0.5410000000000000364, -0.5002101141957380204 ) ) ;
#8007 = CARTESIAN_POINT ( 'NONE',  ( -0.1708641826923079921, 0.5410000000000000364, -0.6278846153846159295 ) ) ;
#8008 = EDGE_CURVE ( 'NONE', #4112, #4393, #959, .T. ) ;
#8009 = ORIENTED_EDGE ( 'NONE', *, *, #5971, .T. ) ;
#8010 = ORIENTED_EDGE ( 'NONE', *, *, #6590, .F. ) ;
#8011 = UNCERTAINTY_MEASURE_WITH_UNIT (LENGTH_MEASURE( 1.000000000000000082E-05 ), #1357, 'distance_accuracy_value', 'NONE');
#8012 = EDGE_CURVE ( 'NONE', #7556, #1193, #5424, .T. ) ;
#8013 = FACE_OUTER_BOUND ( 'NONE', #657, .T. ) ;
#8014 = PRESENTATION_STYLE_ASSIGNMENT (( #723 ) ) ;
#8015 = PRESENTATION_STYLE_ASSIGNMENT (( #5365 ) ) ;
#8016 = ORIENTED_EDGE ( 'NONE', *, *, #5747, .F. ) ;
#8017 = CARTESIAN_POINT ( 'NONE',  ( -0.08961509512637330643, 0.5400000000000000355, -0.5709779493779300052 ) ) ;
#8018 = CARTESIAN_POINT ( 'NONE',  ( -0.1213319745702904073, 0.5410000000000000364, -0.4385130903525224499 ) ) ;
#8019 = VECTOR ( 'NONE', #1722, 1000.000000000000000 ) ;
#8020 = LINE ( 'NONE', #7362, #1458 ) ;
#8021 = DIRECTION ( 'NONE',  ( -1.000000000000000000, 0.000000000000000000, 0.000000000000000000 ) ) ;
#8022 = EDGE_CURVE ( 'NONE', #4656, #8469, #4476, .T. ) ;
#8023 = STYLED_ITEM ( 'NONE', ( #7455 ), #3848 ) ;
#8024 = CARTESIAN_POINT ( 'NONE',  ( -0.2097606266717375045, 0.5410000000000000364, -0.5896016162010389028 ) ) ;
#8025 = VERTEX_POINT ( 'NONE', #8287 ) ;
#8026 = CYLINDRICAL_SURFACE ( 'NONE', #7659, 0.1000000000000000472 ) ;
#8027 = ORIENTED_EDGE ( 'NONE', *, *, #5299, .T. ) ;
#8028 = STYLED_ITEM ( 'NONE', ( #4096 ), #602 ) ;
#8029 = FILL_AREA_STYLE_COLOUR ( '', #2951 ) ;
#8030 = DIRECTION ( 'NONE',  ( 0.000000000000000000, 0.000000000000000000, -1.000000000000000000 ) ) ;
#8031 = CARTESIAN_POINT ( 'NONE',  ( -0.1961995304303104926, 0.5410000000000000364, -0.5981401989413089870 ) ) ;
#8032 = AXIS2_PLACEMENT_3D ( 'NONE', #894, #6260, #3557 ) ;
#8033 = FILL_AREA_STYLE_COLOUR ( '', #389 ) ;
#8034 = FACE_OUTER_BOUND ( 'NONE', #2480, .T. ) ;
#8035 = SURFACE_SIDE_STYLE ('',( #8127 ) ) ;
#8036 = PLANE ( 'NONE',  #1398 ) ;
#8037 = DIRECTION ( 'NONE',  ( 0.000000000000000000, -1.000000000000000000, 0.000000000000000000 ) ) ;
#8038 = DIRECTION ( 'NONE',  ( 0.000000000000000000, -1.000000000000000000, 0.000000000000000000 ) ) ;
#8039 = SURFACE_STYLE_USAGE ( .BOTH. , #4773 ) ;
#8040 = STYLED_ITEM ( 'NONE', ( #945 ), #4400 ) ;
#8041 = ORIENTED_EDGE ( 'NONE', *, *, #761, .F. ) ;
#8042 = LINE ( 'NONE', #5764, #7517 ) ;
#8043 = ORIENTED_EDGE ( 'NONE', *, *, #6900, .T. ) ;
#8044 =( GEOMETRIC_REPRESENTATION_CONTEXT ( 3 ) GLOBAL_UNCERTAINTY_ASSIGNED_CONTEXT ( ( #5364 ) ) GLOBAL_UNIT_ASSIGNED_CONTEXT ( ( #4450, #4532, #7151 ) ) REPRESENTATION_CONTEXT ( 'NONE', 'WORKASPACE' ) );
#8045 = LINE ( 'NONE', #799, #4964 ) ;
#8046 =( NAMED_UNIT ( * ) PLANE_ANGLE_UNIT ( ) SI_UNIT ( $, .RADIAN. ) );
#8047 = UNCERTAINTY_MEASURE_WITH_UNIT (LENGTH_MEASURE( 1.000000000000000082E-05 ), #6026, 'distance_accuracy_value', 'NONE');
#8048 =( LENGTH_UNIT ( ) NAMED_UNIT ( * ) SI_UNIT ( .MILLI., .METRE. ) );
#8049 = LINE ( 'NONE', #2026, #7630 ) ;
#8050 =( NAMED_UNIT ( * ) SI_UNIT ( $, .STERADIAN. ) SOLID_ANGLE_UNIT ( ) );
#8051 = CARTESIAN_POINT ( 'NONE',  ( 0.5500000000000000444, 0.000000000000000000, 0.2000000000000000111 ) ) ;
#8052 = CARTESIAN_POINT ( 'NONE',  ( -0.1268085095572016319, 0.5410000000000000364, -0.5860358954617030935 ) ) ;
#8053 = ORIENTED_EDGE ( 'NONE', *, *, #594, .F. ) ;
#8054 = VERTEX_POINT ( 'NONE', #3746 ) ;
#8055 = SURFACE_STYLE_FILL_AREA ( #5531 ) ;
#8056 = CARTESIAN_POINT ( 'NONE',  ( -0.1188419476726431945, 0.5410000000000000364, -0.5175205786878439573 ) ) ;
#8057 = SURFACE_STYLE_FILL_AREA ( #3317 ) ;
#8058 = UNCERTAINTY_MEASURE_WITH_UNIT (LENGTH_MEASURE( 1.000000000000000082E-05 ), #6613, 'distance_accuracy_value', 'NONE');
#8059 = DIRECTION ( 'NONE',  ( 1.000000000000000000, 0.000000000000000000, 0.000000000000000000 ) ) ;
#8060 = ORIENTED_EDGE ( 'NONE', *, *, #4663, .T. ) ;
#8061 = CARTESIAN_POINT ( 'NONE',  ( -0.1154038437409409951, 0.5400000000000000355, -0.6129875956786839941 ) ) ;
#8062 = DIRECTION ( 'NONE',  ( 2.710505431213765029E-16, 0.000000000000000000, 1.000000000000000000 ) ) ;
#8063 = FILL_AREA_STYLE ('',( #5415 ) ) ;
#8064 = CARTESIAN_POINT ( 'NONE',  ( -0.2000000000000000111, 0.000000000000000000, -0.5000000000000000000 ) ) ;
#8065 = VECTOR ( 'NONE', #1048, 1000.000000000000000 ) ;
#8066 = DIRECTION ( 'NONE',  ( -1.224646799147353947E-16, 0.000000000000000000, -1.000000000000000000 ) ) ;
#8067 = CARTESIAN_POINT ( 'NONE',  ( -0.2000000000000000111, 0.2000000000000000111, -0.5000000000000000000 ) ) ;
#8068 = ORIENTED_EDGE ( 'NONE', *, *, #7734, .F. ) ;
#8069 = CARTESIAN_POINT ( 'NONE',  ( -0.2562307692307694840, 0.5410000000000000364, -0.4778846153846149636 ) ) ;
#8070 = EDGE_CURVE ( 'NONE', #4056, #1153, #7764, .T. ) ;
#8071 = PRESENTATION_LAYER_ASSIGNMENT (  '', '', ( #1628 ) ) ;
#8072 = ORIENTED_EDGE ( 'NONE', *, *, #470, .T. ) ;
#8073 = CARTESIAN_POINT ( 'NONE',  ( -0.2078653365166404920, 0.5400000000000000355, -0.5463053548964109662 ) ) ;
#8074 = DIRECTION ( 'NONE',  ( 0.000000000000000000, 0.000000000000000000, -1.000000000000000000 ) ) ;
#8075 = CARTESIAN_POINT ( 'NONE',  ( -0.2424477250215344992, 0.5410000000000000364, -0.5905840272957399995 ) ) ;
#8076 =( GEOMETRIC_REPRESENTATION_CONTEXT ( 3 ) GLOBAL_UNCERTAINTY_ASSIGNED_CONTEXT ( ( #4612 ) ) GLOBAL_UNIT_ASSIGNED_CONTEXT ( ( #4513, #1975, #5224 ) ) REPRESENTATION_CONTEXT ( 'NONE', 'WORKASPACE' ) );
#8077 = PRESENTATION_STYLE_ASSIGNMENT (( #4061 ) ) ;
#8078 = EDGE_CURVE ( 'NONE', #2653, #543, #4321, .T. ) ;
#8079 = ADVANCED_FACE ( 'NONE', ( #7070 ), #7026, .T. ) ;
#8080 = SURFACE_STYLE_USAGE ( .BOTH. , #1543 ) ;
#8081 = CARTESIAN_POINT ( 'NONE',  ( 0.000000000000000000, 0.4400000000000000022, -0.2999999999999999889 ) ) ;
#8082 = SURFACE_SIDE_STYLE ('',( #130 ) ) ;
#8083 = AXIS2_PLACEMENT_3D ( 'NONE', #3496, #2140, #7414 ) ;
#8084 = ADVANCED_FACE ( 'NONE', ( #1084 ), #5773, .F. ) ;
#8085 = STYLED_ITEM ( 'NONE', ( #4223 ), #7383 ) ;
#8086 = FILL_AREA_STYLE ('',( #6737 ) ) ;
#8087 = ORIENTED_EDGE ( 'NONE', *, *, #56, .T. ) ;
#8088 = EDGE_CURVE ( 'NONE', #4456, #382, #5109, .T. ) ;
#8089 = PLANE ( 'NONE',  #732 ) ;
#8090 = VERTEX_POINT ( 'NONE', #8378 ) ;
#8091 = CARTESIAN_POINT ( 'NONE',  ( -0.1122086335333041945, 0.5400000000000000355, -0.4671472037542199751 ) ) ;
#8092 = CARTESIAN_POINT ( 'NONE',  ( -0.1241789747610194256, 0.5400000000000000355, -0.5199197848171429603 ) ) ;
#8093 = FILL_AREA_STYLE ('',( #4075 ) ) ;
#8094 = SURFACE_STYLE_USAGE ( .BOTH. , #5484 ) ;
#8095 = LINE ( 'NONE', #2923, #4411 ) ;
#8096 =( GEOMETRIC_REPRESENTATION_CONTEXT ( 3 ) GLOBAL_UNCERTAINTY_ASSIGNED_CONTEXT ( ( #745 ) ) GLOBAL_UNIT_ASSIGNED_CONTEXT ( ( #7914, #7725, #1842 ) ) REPRESENTATION_CONTEXT ( 'NONE', 'WORKASPACE' ) );
#8097 = CARTESIAN_POINT ( 'NONE',  ( -0.1184248417655657942, 0.5410000000000000364, -0.5662972099597489706 ) ) ;
#8098 = COLOUR_RGB ( '',0.2509803921568627416, 0.2509803921568627416, 0.2509803921568627416 ) ;
#8099 = ORIENTED_EDGE ( 'NONE', *, *, #3080, .T. ) ;
#8100 = ORIENTED_EDGE ( 'NONE', *, *, #6583, .F. ) ;
#8101 = CARTESIAN_POINT ( 'NONE',  ( 0.1323557692307691935, 0.5400000000000000355, -0.6250000000000000000 ) ) ;
#8102 = SURFACE_SIDE_STYLE ('',( #277 ) ) ;
#8103 =( GEOMETRIC_REPRESENTATION_CONTEXT ( 3 ) GLOBAL_UNCERTAINTY_ASSIGNED_CONTEXT ( ( #8 ) ) GLOBAL_UNIT_ASSIGNED_CONTEXT ( ( #4013, #5950, #2134 ) ) REPRESENTATION_CONTEXT ( 'NONE', 'WORKASPACE' ) );
#8104 = CARTESIAN_POINT ( 'NONE',  ( 0.5500000000000000444, 0.000000000000000000, 0.2999999999999999889 ) ) ;
#8105 = CARTESIAN_POINT ( 'NONE',  ( -0.2458049292215744863, 0.5410000000000000364, -0.5515865636327930144 ) ) ;
#8106 = VECTOR ( 'NONE', #2800, 1000.000000000000000 ) ;
#8107 = CARTESIAN_POINT ( 'NONE',  ( 0.1632500000000000062, 0.5410000000000000364, -0.4836538461538459899 ) ) ;
#8108 = VECTOR ( 'NONE', #7668, 1000.000000000000000 ) ;
#8109 = EDGE_LOOP ( 'NONE', ( #275, #7308, #5094, #2647 ) ) ;
#8110 =( LENGTH_UNIT ( ) NAMED_UNIT ( * ) SI_UNIT ( .MILLI., .METRE. ) );
#8111 = FACE_OUTER_BOUND ( 'NONE', #1358, .T. ) ;
#8112 = STYLED_ITEM ( 'NONE', ( #6208 ), #8607 ) ;
#8113 = CARTESIAN_POINT ( 'NONE',  ( -0.1306239951292466062, 0.5410000000000000364, -0.4311245226758659843 ) ) ;
#8114 = MECHANICAL_DESIGN_GEOMETRIC_PRESENTATION_REPRESENTATION (  '', ( #2971 ), #8526 ) ;
#8115 =( NAMED_UNIT ( * ) SI_UNIT ( $, .STERADIAN. ) SOLID_ANGLE_UNIT ( ) );
#8116 = PRESENTATION_STYLE_ASSIGNMENT (( #160 ) ) ;
#8117 = CARTESIAN_POINT ( 'NONE',  ( 0.7500000000000000000, 0.000000000000000000, -0.2000000000000000111 ) ) ;
#8118 = VERTEX_POINT ( 'NONE', #2301 ) ;
#8119 = CARTESIAN_POINT ( 'NONE',  ( -0.2469873920404594969, 0.5410000000000000364, -0.4397684847617845394 ) ) ;
#8120 = ADVANCED_FACE ( 'NONE', ( #3666 ), #1174, .F. ) ;
#8121 = LINE ( 'NONE', #2733, #6422 ) ;
#8122 = MECHANICAL_DESIGN_GEOMETRIC_PRESENTATION_REPRESENTATION (  '', ( #5910 ), #7142 ) ;
#8123 = CARTESIAN_POINT ( 'NONE',  ( -0.4500000000000000111, 0.2000000000000000111, 0.2999999999999999889 ) ) ;
#8124 = CARTESIAN_POINT ( 'NONE',  ( -0.1717519166966499922, 0.5410000000000000364, -0.6019077612450660641 ) ) ;
#8125 = FILL_AREA_STYLE ('',( #3670 ) ) ;
#8126 = DIRECTION ( 'NONE',  ( 0.000000000000000000, -1.000000000000000000, 0.000000000000000000 ) ) ;
#8127 = SURFACE_STYLE_FILL_AREA ( #791 ) ;
#8128 = DIRECTION ( 'NONE',  ( 2.710505431213765029E-16, 0.000000000000000000, 1.000000000000000000 ) ) ;
#8129 = DIRECTION ( 'NONE',  ( -1.000000000000000000, 0.000000000000000000, 0.000000000000000000 ) ) ;
#8130 = STYLED_ITEM ( 'NONE', ( #3814 ), #2089 ) ;
#8131 = EDGE_LOOP ( 'NONE', ( #940, #5121, #805, #8192 ) ) ;
#8132 = EDGE_CURVE ( 'NONE', #2059, #8199, #3792, .T. ) ;
#8133 =( LENGTH_UNIT ( ) NAMED_UNIT ( * ) SI_UNIT ( .MILLI., .METRE. ) );
#8134 = EDGE_LOOP ( 'NONE', ( #1815, #708, #8256, #7589 ) ) ;
#8135 = FACE_OUTER_BOUND ( 'NONE', #8436, .T. ) ;
#8136 = CARTESIAN_POINT ( 'NONE',  ( -0.1203834134615383855, 0.5410000000000000364, -0.5182692307692310374 ) ) ;
#8137 = CARTESIAN_POINT ( 'NONE',  ( -0.7500000000000000000, 0.5400000000000000355, 0.7500000000000000000 ) ) ;
#8138 = EDGE_CURVE ( 'NONE', #7220, #3267, #420, .T. ) ;
#8139 = CARTESIAN_POINT ( 'NONE',  ( -0.1088663097242328071, 0.5410000000000000364, -0.4133012978328154396 ) ) ;
#8140 = CARTESIAN_POINT ( 'NONE',  ( -0.008990384615384679548, 0.5410000000000000364, -0.5067307692307689848 ) ) ;
#8141 = ORIENTED_EDGE ( 'NONE', *, *, #1936, .F. ) ;
#8142 = ORIENTED_EDGE ( 'NONE', *, *, #3967, .F. ) ;
#8143 = CARTESIAN_POINT ( 'NONE',  ( 0.1000000000000000056, 0.2000000000000000111, -0.7510000000000000009 ) ) ;
#8144 = DIRECTION ( 'NONE',  ( 0.000000000000000000, 0.000000000000000000, 1.000000000000000000 ) ) ;
#8145 = CARTESIAN_POINT ( 'NONE',  ( -0.2235334721631460075, 0.5410000000000000364, -0.5218270182528670365 ) ) ;
#8146 =( LENGTH_UNIT ( ) NAMED_UNIT ( * ) SI_UNIT ( .MILLI., .METRE. ) );
#8147 = EDGE_LOOP ( 'NONE', ( #5735, #5455, #6977, #7277 ) ) ;
#8148 = FILL_AREA_STYLE_COLOUR ( '', #595 ) ;
#8149 = DIRECTION ( 'NONE',  ( 1.000000000000000000, 0.000000000000000000, 0.000000000000000000 ) ) ;
#8150 =( NAMED_UNIT ( * ) SI_UNIT ( $, .STERADIAN. ) SOLID_ANGLE_UNIT ( ) );
#8151 =( LENGTH_UNIT ( ) NAMED_UNIT ( * ) SI_UNIT ( .MILLI., .METRE. ) );
#8152 = CARTESIAN_POINT ( 'NONE',  ( 0.4500000000000000111, 0.2000000000000000111, -0.5000000000000000000 ) ) ;
#8153 = VECTOR ( 'NONE', #1214, 1000.000000000000000 ) ;
#8154 = CARTESIAN_POINT ( 'NONE',  ( -0.1696923076923075313, 0.5410000000000000364, -0.6019230769230770051 ) ) ;
#8155 = ORIENTED_EDGE ( 'NONE', *, *, #1867, .F. ) ;
#8156 = CARTESIAN_POINT ( 'NONE',  ( -0.2529887950782470085, 0.5410000000000000364, -0.4551998543883949977 ) ) ;
#8157 = CARTESIAN_POINT ( 'NONE',  ( -0.7500000000000000000, 0.2000000000000000111, -0.5999999999999999778 ) ) ;
#8158 =( LENGTH_UNIT ( ) NAMED_UNIT ( * ) SI_UNIT ( .MILLI., .METRE. ) );
#8159 = AXIS2_PLACEMENT_3D ( 'NONE', #1560, #4176, #2289 ) ;
#8160 = FILL_AREA_STYLE_COLOUR ( '', #6719 ) ;
#8161 =( NAMED_UNIT ( * ) SI_UNIT ( $, .STERADIAN. ) SOLID_ANGLE_UNIT ( ) );
#8162 = VECTOR ( 'NONE', #5450, 1000.000000000000000 ) ;
#8163 = FILL_AREA_STYLE_COLOUR ( '', #1541 ) ;
#8164 = SURFACE_STYLE_USAGE ( .BOTH. , #924 ) ;
#8165 = SURFACE_STYLE_USAGE ( .BOTH. , #8082 ) ;
#8166 = COLOUR_RGB ( '',0.2000000000000000111, 0.2000000000000000111, 0.2000000000000000111 ) ;
#8167 =( NAMED_UNIT ( * ) PLANE_ANGLE_UNIT ( ) SI_UNIT ( $, .RADIAN. ) );
#8168 = EDGE_LOOP ( 'NONE', ( #912, #4914, #2576, #6740 ) ) ;
#8169 = CIRCLE ( 'NONE', #7610, 0.09999999999999999167 ) ;
#8170 = VERTEX_POINT ( 'NONE', #4935 ) ;
#8171 = EDGE_CURVE ( 'NONE', #8556, #4266, #2684, .T. ) ;
#8172 = CARTESIAN_POINT ( 'NONE',  ( -0.1582643876758645096, 0.5410000000000000364, -0.6013805549039309417 ) ) ;
#8173 = COLOUR_RGB ( '',0.2509803921568627416, 0.2509803921568627416, 0.2509803921568627416 ) ;
#8174 = VECTOR ( 'NONE', #7203, 1000.000000000000000 ) ;
#8175 = FILL_AREA_STYLE_COLOUR ( '', #7886 ) ;
#8176 = VECTOR ( 'NONE', #6830, 1000.000000000000000 ) ;
#8177 = CARTESIAN_POINT ( 'NONE',  ( -0.2186773715399140117, 0.5400000000000000355, -0.5190676944884379251 ) ) ;
#8178 = AXIS2_PLACEMENT_3D ( 'NONE', #1439, #4052, #6721 ) ;
#8179 = SURFACE_SIDE_STYLE ('',( #141 ) ) ;
#8180 = LINE ( 'NONE', #2795, #1669 ) ;
#8181 = CIRCLE ( 'NONE', #2907, 0.07499999999999998335 ) ;
#8182 = CARTESIAN_POINT ( 'NONE',  ( -0.1017323918903911967, 0.5400000000000000355, -0.4194634174815725092 ) ) ;
#8183 = DIRECTION ( 'NONE',  ( 0.000000000000000000, 0.000000000000000000, -1.000000000000000000 ) ) ;
#8184 = ORIENTED_EDGE ( 'NONE', *, *, #7597, .F. ) ;
#8185 = ORIENTED_EDGE ( 'NONE', *, *, #8012, .T. ) ;
#8186 = EDGE_CURVE ( 'NONE', #3654, #2653, #3074, .T. ) ;
#8187 = ADVANCED_FACE ( 'NONE', ( #1126 ), #5946, .T. ) ;
#8188 = CARTESIAN_POINT ( 'NONE',  ( 0.6634999999999999787, 0.5410000000000000364, -0.4000000000000000222 ) ) ;
#8189 = EDGE_CURVE ( 'NONE', #6223, #7968, #4578, .T. ) ;
#8190 = CARTESIAN_POINT ( 'NONE',  ( 0.5500000000000000444, 0.2000000000000000111, -0.2000000000000000111 ) ) ;
#8191 =( NAMED_UNIT ( * ) PLANE_ANGLE_UNIT ( ) SI_UNIT ( $, .RADIAN. ) );
#8192 = ORIENTED_EDGE ( 'NONE', *, *, #218, .F. ) ;
#8193 = DIRECTION ( 'NONE',  ( 0.000000000000000000, -1.000000000000000000, 0.000000000000000000 ) ) ;
#8194 = DIRECTION ( 'NONE',  ( 1.000000000000000000, 0.000000000000000000, 0.000000000000000000 ) ) ;
#8195 = FILL_AREA_STYLE ('',( #2935 ) ) ;
#8196 = LINE ( 'NONE', #2176, #7259 ) ;
#8197 = DIRECTION ( 'NONE',  ( -1.000000000000000000, 0.000000000000000000, 0.000000000000000000 ) ) ;
#8198 = MECHANICAL_DESIGN_GEOMETRIC_PRESENTATION_REPRESENTATION (  '', ( #3066 ), #3598 ) ;
#8199 = VERTEX_POINT ( 'NONE', #2527 ) ;
#8200 = CARTESIAN_POINT ( 'NONE',  ( -0.2493603903452935311, 0.5410000000000000364, -0.4447346158456240151 ) ) ;
#8201 = DIRECTION ( 'NONE',  ( 1.000000000000000000, 0.000000000000000000, 0.000000000000000000 ) ) ;
#8202 = CARTESIAN_POINT ( 'NONE',  ( 0.2500000000000000000, 0.1000000000000000056, 0.7500000000000000000 ) ) ;
#8203 = SURFACE_STYLE_USAGE ( .BOTH. , #6336 ) ;
#8204 = SURFACE_SIDE_STYLE ('',( #380 ) ) ;
#8205 = DIRECTION ( 'NONE',  ( 1.000000000000000000, 0.000000000000000000, 0.000000000000000000 ) ) ;
#8206 = EDGE_LOOP ( 'NONE', ( #4946, #6036, #8438, #2884 ) ) ;
#8207 = CARTESIAN_POINT ( 'NONE',  ( -0.1004626796708148057, 0.5410000000000000364, -0.5052481018604029206 ) ) ;
#8208 = ORIENTED_EDGE ( 'NONE', *, *, #5828, .T. ) ;
#8209 = PRESENTATION_LAYER_ASSIGNMENT (  '', '', ( #2803 ) ) ;
#8210 =( NAMED_UNIT ( * ) SI_UNIT ( $, .STERADIAN. ) SOLID_ANGLE_UNIT ( ) );
#8211 = EDGE_LOOP ( 'NONE', ( #3096, #4541, #5905, #2813 ) ) ;
#8212 = CARTESIAN_POINT ( 'NONE',  ( -0.1437216212486727984, 0.5400000000000000355, -0.5979917022299210405 ) ) ;
#8213 = CARTESIAN_POINT ( 'NONE',  ( -0.1334142987868144059, 0.5400000000000000355, -0.5232275771166750022 ) ) ;
#8214 = LINE ( 'NONE', #8302, #1661 ) ;
#8215 = CARTESIAN_POINT ( 'NONE',  ( 0.3944897836538460156, 0.5400000000000000355, -0.4820312499999999667 ) ) ;
#8216 = FILL_AREA_STYLE_COLOUR ( '', #900 ) ;
#8217 =( GEOMETRIC_REPRESENTATION_CONTEXT ( 3 ) GLOBAL_UNCERTAINTY_ASSIGNED_CONTEXT ( ( #1148 ) ) GLOBAL_UNIT_ASSIGNED_CONTEXT ( ( #3609, #4310, #2382 ) ) REPRESENTATION_CONTEXT ( 'NONE', 'WORKASPACE' ) );
#8218 = CARTESIAN_POINT ( 'NONE',  ( -0.7500000000000000000, 0.2000000000000000111, -0.2000000000000000111 ) ) ;
#8219 = DIRECTION ( 'NONE',  ( -1.000000000000000000, 0.000000000000000000, 0.000000000000000000 ) ) ;
#8220 = SURFACE_STYLE_FILL_AREA ( #229 ) ;
#8221 = VERTEX_POINT ( 'NONE', #3320 ) ;
#8222 = ORIENTED_EDGE ( 'NONE', *, *, #4943, .T. ) ;
#8223 = EDGE_CURVE ( 'NONE', #7135, #7024, #7233, .T. ) ;
#8224 = COLOUR_RGB ( '',0.2000000000000000111, 0.2000000000000000111, 0.2000000000000000111 ) ;
#8225 = SURFACE_STYLE_FILL_AREA ( #4217 ) ;
#8226 = DIRECTION ( 'NONE',  ( 0.000000000000000000, 0.000000000000000000, 1.000000000000000000 ) ) ;
#8227 = CARTESIAN_POINT ( 'NONE',  ( -0.7500000000000000000, 0.2000000000000000111, -0.5999999999999999778 ) ) ;
#8228 = MECHANICAL_DESIGN_GEOMETRIC_PRESENTATION_REPRESENTATION (  '', ( #1166 ), #2146 ) ;
#8229 = PRESENTATION_LAYER_ASSIGNMENT (  '', '', ( #7818 ) ) ;
#8230 = CARTESIAN_POINT ( 'NONE',  ( 0.5419855769230770282, 0.5410000000000000364, -0.4692307692307690625 ) ) ;
#8231 = EDGE_CURVE ( 'NONE', #6862, #7701, #2564, .T. ) ;
#8232 = ORIENTED_EDGE ( 'NONE', *, *, #867, .F. ) ;
#8233 = ORIENTED_EDGE ( 'NONE', *, *, #158, .F. ) ;
#8234 = EDGE_CURVE ( 'NONE', #4600, #3819, #7807, .T. ) ;
#8235 = AXIS2_PLACEMENT_3D ( 'NONE', #6280, #4316, #865 ) ;
#8236 = CARTESIAN_POINT ( 'NONE',  ( -0.1132535278818087993, 0.5400000000000000355, -0.4717602611902819709 ) ) ;
#8237 = CARTESIAN_POINT ( 'NONE',  ( 0.1035096153846152001, 0.5400000000000000355, -0.5067307692307689848 ) ) ;
#8238 = VECTOR ( 'NONE', #3726, 1000.000000000000000 ) ;
#8239 = AXIS2_PLACEMENT_3D ( 'NONE', #2823, #5471, #8126 ) ;
#8240 = PRESENTATION_LAYER_ASSIGNMENT (  '', '', ( #8520 ) ) ;
#8241 = CARTESIAN_POINT ( 'NONE',  ( -0.2147975821190085122, 0.5410000000000000364, -0.4430090090227209454 ) ) ;
#8242 = CARTESIAN_POINT ( 'NONE',  ( 0.5915268981111719837, 0.5400000000000000355, -0.5947592096365510450 ) ) ;
#8243 = ADVANCED_FACE ( 'NONE', ( #1216 ), #5324, .F. ) ;
#8244 = ORIENTED_EDGE ( 'NONE', *, *, #4670, .F. ) ;
#8245 =( NAMED_UNIT ( * ) SI_UNIT ( $, .STERADIAN. ) SOLID_ANGLE_UNIT ( ) );
#8246 =( NAMED_UNIT ( * ) SI_UNIT ( $, .STERADIAN. ) SOLID_ANGLE_UNIT ( ) );
#8247 = FILL_AREA_STYLE ('',( #5595 ) ) ;
#8248 = PRESENTATION_LAYER_ASSIGNMENT (  '', '', ( #2288 ) ) ;
#8249 = PLANE ( 'NONE',  #2044 ) ;
#8250 = SURFACE_STYLE_USAGE ( .BOTH. , #2945 ) ;
#8251 = DIRECTION ( 'NONE',  ( -1.000000000000000000, 0.000000000000000000, 1.445602896647339903E-16 ) ) ;
#8252 = VERTEX_POINT ( 'NONE', #6556 ) ;
#8253 = CARTESIAN_POINT ( 'NONE',  ( -0.1365192307692308094, 0.5410000000000000364, -0.4927133413461540212 ) ) ;
#8254 = PRESENTATION_LAYER_ASSIGNMENT (  '', '', ( #3389 ) ) ;
#8255 = CARTESIAN_POINT ( 'NONE',  ( -0.08857062481628411033, 0.5400000000000000355, -0.4381447206664055294 ) ) ;
#8256 = ORIENTED_EDGE ( 'NONE', *, *, #3593, .F. ) ;
#8257 = SURFACE_SIDE_STYLE ('',( #2229 ) ) ;
#8258 = CARTESIAN_POINT ( 'NONE',  ( -0.5125000000000000666, 0.5410000000000000364, -0.4000000000000000222 ) ) ;
#8259 = CARTESIAN_POINT ( 'NONE',  ( -0.2104374999999999996, 0.5410000000000000364, -0.5484675480769229949 ) ) ;
#8260 = AXIS2_PLACEMENT_3D ( 'NONE', #5766, #548, #2475 ) ;
#8261 = FILL_AREA_STYLE ('',( #3512 ) ) ;
#8262 = DIRECTION ( 'NONE',  ( 0.000000000000000000, 0.000000000000000000, 1.000000000000000000 ) ) ;
#8263 = EDGE_CURVE ( 'NONE', #1082, #5778, #3245, .T. ) ;
#8264 = FILL_AREA_STYLE_COLOUR ( '', #7267 ) ;
#8265 = DIRECTION ( 'NONE',  ( 0.000000000000000000, 0.000000000000000000, -1.000000000000000000 ) ) ;
#8266 = FILL_AREA_STYLE ('',( #2839 ) ) ;
#8267 = AXIS2_PLACEMENT_3D ( 'NONE', #3976, #1407, #29 ) ;
#8268 = EDGE_LOOP ( 'NONE', ( #2741, #3187, #1331, #8522, #532, #4419 ) ) ;
#8269 = VERTEX_POINT ( 'NONE', #3283 ) ;
#8270 = CARTESIAN_POINT ( 'NONE',  ( 0.4537596153846150115, 0.5400000000000000355, -0.5644230769230770273 ) ) ;
#8271 = FACE_OUTER_BOUND ( 'NONE', #575, .T. ) ;
#8272 = FACE_OUTER_BOUND ( 'NONE', #6714, .T. ) ;
#8273 = EDGE_CURVE ( 'NONE', #7325, #4019, #2807, .T. ) ;
#8274 = DIRECTION ( 'NONE',  ( 0.000000000000000000, 0.000000000000000000, -1.000000000000000000 ) ) ;
#8275 = SURFACE_SIDE_STYLE ('',( #5625 ) ) ;
#8276 = ORIENTED_EDGE ( 'NONE', *, *, #6466, .F. ) ;
#8277 = ORIENTED_EDGE ( 'NONE', *, *, #758, .F. ) ;
#8278 = DIRECTION ( 'NONE',  ( 0.000000000000000000, 1.000000000000000000, 0.000000000000000000 ) ) ;
#8279 = CARTESIAN_POINT ( 'NONE',  ( -0.5500000000000000444, 1.277032961426900037, -0.5000000000000000000 ) ) ;
#8280 = ADVANCED_FACE ( 'NONE', ( #5414 ), #6844, .T. ) ;
#8281 = CARTESIAN_POINT ( 'NONE',  ( -0.1391831292545381848, 0.5410000000000000364, -0.4937609328647989404 ) ) ;
#8282 = CARTESIAN_POINT ( 'NONE',  ( 0.1632500000000000062, 0.5400000000000000355, -0.4548076923076930234 ) ) ;
#8283 = CARTESIAN_POINT ( 'NONE',  ( -0.1669383611330584882, 0.5410000000000000364, -0.6277934929140909226 ) ) ;
#8284 = CARTESIAN_POINT ( 'NONE',  ( 0.5904540142382349588, 0.5400000000000000355, -0.5976565768673119949 ) ) ;
#8285 = ORIENTED_EDGE ( 'NONE', *, *, #1674, .F. ) ;
#8286 = LINE ( 'NONE', #4369, #1992 ) ;
#8287 = CARTESIAN_POINT ( 'NONE',  ( -0.2161616586538460116, 0.5410000000000000364, -0.5176382211538460565 ) ) ;
#8288 = CARTESIAN_POINT ( 'NONE',  ( -0.4500000000000000111, 0.000000000000000000, -0.5000000000000000000 ) ) ;
#8289 = CARTESIAN_POINT ( 'NONE',  ( -0.1251712639228992063, 0.5410000000000000364, -0.4870872442154009496 ) ) ;
#8290 = CARTESIAN_POINT ( 'NONE',  ( 0.4859411057692309965, 0.5410000000000000364, -0.5644230769230770273 ) ) ;
#8291 = ADVANCED_FACE ( 'NONE', ( #6155 ), #729, .T. ) ;
#8292 = CARTESIAN_POINT ( 'NONE',  ( -0.2130017127440134994, 0.5410000000000000364, -0.4064605409989049956 ) ) ;
#8293 = ADVANCED_FACE ( 'NONE', ( #8111 ), #8373, .T. ) ;
#8294 = ORIENTED_EDGE ( 'NONE', *, *, #4815, .F. ) ;
#8295 = DIRECTION ( 'NONE',  ( 0.8117785380248441207, 0.000000000000000000, 0.5839654143887690330 ) ) ;
#8296 = CARTESIAN_POINT ( 'NONE',  ( -0.08315384615384618927, 0.5400000000000000355, -0.4638671875000000000 ) ) ;
#8297 = ORIENTED_EDGE ( 'NONE', *, *, #4874, .F. ) ;
#8298 = CARTESIAN_POINT ( 'NONE',  ( -0.2000000000000000111, 0.000000000000000000, 0.5000000000000000000 ) ) ;
#8299 = CARTESIAN_POINT ( 'NONE',  ( -0.1000000000000000056, 0.2000000000000000111, -0.7500000000000000000 ) ) ;
#8300 = SURFACE_SIDE_STYLE ('',( #7639 ) ) ;
#8301 = CARTESIAN_POINT ( 'NONE',  ( 0.3676718749999999813, 0.5410000000000000364, -0.4000000000000000222 ) ) ;
#8302 = CARTESIAN_POINT ( 'NONE',  ( -0.7500000000000000000, 0.1000000000000000056, -0.7500000000000000000 ) ) ;
#8303 = CARTESIAN_POINT ( 'NONE',  ( -0.7500000000000000000, 1.277032961426900037, 0.5999999999999999778 ) ) ;
#8304 = AXIS2_PLACEMENT_3D ( 'NONE', #7513, #3802, #1711 ) ;
#8305 = CARTESIAN_POINT ( 'NONE',  ( 0.5743924278846159748, 0.5410000000000000364, -0.5569411057692310596 ) ) ;
#8306 = VECTOR ( 'NONE', #2025, 1000.000000000000000 ) ;
#8307 = SURFACE_STYLE_USAGE ( .BOTH. , #3639 ) ;
#8308 = LINE ( 'NONE', #8435, #7237 ) ;
#8309 = STYLED_ITEM ( 'NONE', ( #5510 ), #3859 ) ;
#8310 = FILL_AREA_STYLE_COLOUR ( '', #7840 ) ;
#8311 = EDGE_LOOP ( 'NONE', ( #5465, #5189, #2697, #5435 ) ) ;
#8312 = ORIENTED_EDGE ( 'NONE', *, *, #78, .T. ) ;
#8313 = AXIS2_PLACEMENT_3D ( 'NONE', #4249, #6904, #6392 ) ;
#8314 = FACE_OUTER_BOUND ( 'NONE', #6585, .T. ) ;
#8315 = FACE_OUTER_BOUND ( 'NONE', #5707, .T. ) ;
#8316 = VECTOR ( 'NONE', #7860, 1000.000000000000000 ) ;
#8317 = AXIS2_PLACEMENT_3D ( 'NONE', #7314, #59, #2722 ) ;
#8318 = COLOUR_RGB ( '',0.2509803921568627416, 0.2509803921568627416, 0.2509803921568627416 ) ;
#8319 = CARTESIAN_POINT ( 'NONE',  ( -0.1898084831511794857, 0.5400000000000000355, -0.4268895520985514502 ) ) ;
#8320 = CARTESIAN_POINT ( 'NONE',  ( 0.7500000000000000000, 0.2000000000000000111, -0.2000000000000000111 ) ) ;
#8321 = ORIENTED_EDGE ( 'NONE', *, *, #5534, .T. ) ;
#8322 = VERTEX_POINT ( 'NONE', #2082 ) ;
#8323 = LINE ( 'NONE', #5009, #7661 ) ;
#8324 = FILL_AREA_STYLE_COLOUR ( '', #8166 ) ;
#8325 = MECHANICAL_DESIGN_GEOMETRIC_PRESENTATION_REPRESENTATION (  '', ( #1959 ), #7912 ) ;
#8326 = CYLINDRICAL_SURFACE ( 'NONE', #8260, 0.07499999999999998335 ) ;
#8327 = CARTESIAN_POINT ( 'NONE',  ( -0.1378215526205733843, 0.5410000000000000364, -0.6235853544584469832 ) ) ;
#8328 = ORIENTED_EDGE ( 'NONE', *, *, #3708, .F. ) ;
#8329 = DIRECTION ( 'NONE',  ( 0.000000000000000000, -1.000000000000000000, 0.000000000000000000 ) ) ;
#8330 = CARTESIAN_POINT ( 'NONE',  ( 0.5899423076923079323, 0.5400000000000000355, -0.5990384615384619638 ) ) ;
#8331 = LINE ( 'NONE', #4373, #7295 ) ;
#8332 = CARTESIAN_POINT ( 'NONE',  ( -0.7500000000000000000, 0.1000000000000000056, 0.7500000000000000000 ) ) ;
#8333 = DIRECTION ( 'NONE',  ( 0.000000000000000000, 0.000000000000000000, 1.000000000000000000 ) ) ;
#8334 = CIRCLE ( 'NONE', #6668, 0.1124999999999999750 ) ;
#8335 = ORIENTED_EDGE ( 'NONE', *, *, #7246, .F. ) ;
#8336 = LINE ( 'NONE', #3544, #1002 ) ;
#8337 = CARTESIAN_POINT ( 'NONE',  ( -0.09567463449824469002, 0.5400000000000000355, -0.4264712903185655102 ) ) ;
#8338 = ORIENTED_EDGE ( 'NONE', *, *, #1119, .F. ) ;
#8339 = CARTESIAN_POINT ( 'NONE',  ( -0.5500000000000000444, 1.277032961426900037, 0.2999999999999999889 ) ) ;
#8340 = ADVANCED_FACE ( 'NONE', ( #8530 ), #4521, .T. ) ;
#8341 = DIRECTION ( 'NONE',  ( 0.000000000000000000, 0.000000000000000000, -1.000000000000000000 ) ) ;
#8342 = COLOUR_RGB ( '',0.2000000000000000111, 0.2000000000000000111, 0.2000000000000000111 ) ;
#8343 = ADVANCED_FACE ( 'NONE', ( #6697 ), #5309, .F. ) ;
#8344 = DIRECTION ( 'NONE',  ( -1.000000000000000000, 0.000000000000000000, 0.000000000000000000 ) ) ;
#8345 = STYLED_ITEM ( 'NONE', ( #2912 ), #6498 ) ;
#8346 = SURFACE_STYLE_USAGE ( .BOTH. , #6301 ) ;
#8347 = CARTESIAN_POINT ( 'NONE',  ( -0.1427688479722765968, 0.5410000000000000364, -0.4258837717872879791 ) ) ;
#8348 = CARTESIAN_POINT ( 'NONE',  ( -0.5500000000000000444, 0.2000000000000000111, -0.2999999999999999889 ) ) ;
#8349 = EDGE_CURVE ( 'NONE', #8427, #7017, #2922, .T. ) ;
#8350 = CARTESIAN_POINT ( 'NONE',  ( 0.4859411057692309965, 0.5400000000000000355, -0.5644230769230770273 ) ) ;
#8351 = UNCERTAINTY_MEASURE_WITH_UNIT (LENGTH_MEASURE( 1.000000000000000082E-05 ), #7981, 'distance_accuracy_value', 'NONE');
#8352 = EDGE_CURVE ( 'NONE', #1021, #5446, #2198, .T. ) ;
#8353 = SURFACE_STYLE_USAGE ( .BOTH. , #4299 ) ;
#8354 = COLOUR_RGB ( '',0.2509803921568627416, 0.2509803921568627416, 0.2509803921568627416 ) ;
#8355 = CARTESIAN_POINT ( 'NONE',  ( -0.1415000908464834062, 0.5410000000000000364, -0.3991410944377735137 ) ) ;
#8356 = CARTESIAN_POINT ( 'NONE',  ( 0.4130782717179554697, 0.5400000000000000355, -0.5078098142941659399 ) ) ;
#8357 = ORIENTED_EDGE ( 'NONE', *, *, #8186, .T. ) ;
#8358 = ORIENTED_EDGE ( 'NONE', *, *, #6483, .T. ) ;
#8359 = SURFACE_STYLE_FILL_AREA ( #3772 ) ;
#8360 =( LENGTH_UNIT ( ) NAMED_UNIT ( * ) SI_UNIT ( .MILLI., .METRE. ) );
#8361 = AXIS2_PLACEMENT_3D ( 'NONE', #3151, #5147, #1946 ) ;
#8362 = DIRECTION ( 'NONE',  ( -1.000000000000000000, 0.000000000000000000, 1.355252715606880049E-16 ) ) ;
#8363 = CARTESIAN_POINT ( 'NONE',  ( -0.2243975293856924902, 0.5410000000000000364, -0.4618045386322089940 ) ) ;
#8364 = FILL_AREA_STYLE ('',( #3147 ) ) ;
#8365 = AXIS2_PLACEMENT_3D ( 'NONE', #6674, #4710, #3370 ) ;
#8366 = UNCERTAINTY_MEASURE_WITH_UNIT (LENGTH_MEASURE( 1.000000000000000082E-05 ), #4161, 'distance_accuracy_value', 'NONE');
#8367 = AXIS2_PLACEMENT_3D ( 'NONE', #1670, #4989, #428 ) ;
#8368 = VERTEX_POINT ( 'NONE', #267 ) ;
#8369 = ORIENTED_EDGE ( 'NONE', *, *, #1499, .T. ) ;
#8370 = CARTESIAN_POINT ( 'NONE',  ( -0.1677034652731130004, 0.5410000000000000364, -0.5018848954094270454 ) ) ;
#8371 = VECTOR ( 'NONE', #299, 1000.000000000000227 ) ;
#8372 = DIRECTION ( 'NONE',  ( 0.000000000000000000, -1.000000000000000000, 0.000000000000000000 ) ) ;
#8373 = TOROIDAL_SURFACE ( 'NONE', #5732, 0.2999999999999999889, 0.1000000000000000056 ) ;
#8374 =( NAMED_UNIT ( * ) SI_UNIT ( $, .STERADIAN. ) SOLID_ANGLE_UNIT ( ) );
#8375 = DIRECTION ( 'NONE',  ( 1.000000000000000000, 0.000000000000000000, -1.445602896647339903E-16 ) ) ;
#8376 = COLOUR_RGB ( '',0.2000000000000000111, 0.2000000000000000111, 0.2000000000000000111 ) ;
#8377 = VERTEX_POINT ( 'NONE', #6105 ) ;
#8378 = CARTESIAN_POINT ( 'NONE',  ( -0.7500000000000000000, 0.2000000000000000111, -0.2000000000000000111 ) ) ;
#8379 = SURFACE_STYLE_FILL_AREA ( #6288 ) ;
#8380 = CARTESIAN_POINT ( 'NONE',  ( -0.1175153977246259918, 0.5410000000000000364, -0.4800205172258990016 ) ) ;
#8381 =( NAMED_UNIT ( * ) PLANE_ANGLE_UNIT ( ) SI_UNIT ( $, .RADIAN. ) );
#8382 = CARTESIAN_POINT ( 'NONE',  ( 0.2642115384615384976, 0.5410000000000000364, -0.5717698317307690070 ) ) ;
#8383 = ORIENTED_EDGE ( 'NONE', *, *, #6219, .T. ) ;
#8384 = FILL_AREA_STYLE ('',( #7719 ) ) ;
#8385 =( GEOMETRIC_REPRESENTATION_CONTEXT ( 3 ) GLOBAL_UNCERTAINTY_ASSIGNED_CONTEXT ( ( #528 ) ) GLOBAL_UNIT_ASSIGNED_CONTEXT ( ( #748, #6685, #6174 ) ) REPRESENTATION_CONTEXT ( 'NONE', 'WORKASPACE' ) );
#8386 = EDGE_CURVE ( 'NONE', #798, #4439, #6062, .T. ) ;
#8387 =( GEOMETRIC_REPRESENTATION_CONTEXT ( 3 ) GLOBAL_UNCERTAINTY_ASSIGNED_CONTEXT ( ( #3817 ) ) GLOBAL_UNIT_ASSIGNED_CONTEXT ( ( #5062, #5555, #7800 ) ) REPRESENTATION_CONTEXT ( 'NONE', 'WORKASPACE' ) );
#8388 = EDGE_LOOP ( 'NONE', ( #1521, #1963, #944, #5067 ) ) ;
#8389 = CARTESIAN_POINT ( 'NONE',  ( -0.2500000000000000000, 0.2000000000000000111, 0.7510000000000000009 ) ) ;
#8390 = VERTEX_POINT ( 'NONE', #7476 ) ;
#8391 = DIRECTION ( 'NONE',  ( 0.000000000000000000, 1.000000000000000000, 0.000000000000000000 ) ) ;
#8392 =( NAMED_UNIT ( * ) SI_UNIT ( $, .STERADIAN. ) SOLID_ANGLE_UNIT ( ) );
#8393 = SURFACE_SIDE_STYLE ('',( #7251 ) ) ;
#8394 = FILL_AREA_STYLE_COLOUR ( '', #5706 ) ;
#8395 = LINE ( 'NONE', #8305, #626 ) ;
#8396 = PRESENTATION_LAYER_ASSIGNMENT (  '', '', ( #5617 ) ) ;
#8397 = FACE_OUTER_BOUND ( 'NONE', #5, .T. ) ;
#8398 = EDGE_CURVE ( 'NONE', #1337, #5980, #6746, .T. ) ;
#8399 = CARTESIAN_POINT ( 'NONE',  ( -0.08892307692307700739, 0.5410000000000000364, -0.5615384615384619860 ) ) ;
#8400 = LINE ( 'NONE', #5661, #4074 ) ;
#8401 = ORIENTED_EDGE ( 'NONE', *, *, #2297, .F. ) ;
#8402 = ORIENTED_EDGE ( 'NONE', *, *, #536, .F. ) ;
#8403 = COLOUR_RGB ( '',0.6470588235294117974, 0.5176470588235293491, 0.000000000000000000 ) ;
#8404 = LINE ( 'NONE', #1067, #1656 ) ;
#8405 = CARTESIAN_POINT ( 'NONE',  ( 0.1035096153846152001, 0.5410000000000000364, -0.4000000000000000222 ) ) ;
#8406 = DIRECTION ( 'NONE',  ( 0.000000000000000000, -1.000000000000000000, 0.000000000000000000 ) ) ;
#8407 = CARTESIAN_POINT ( 'NONE',  ( -0.1423319247487211947, 0.5400000000000000355, -0.4947625529702540659 ) ) ;
#8408 = MECHANICAL_DESIGN_GEOMETRIC_PRESENTATION_REPRESENTATION (  '', ( #3132 ), #7995 ) ;
#8409 = PLANE ( 'NONE',  #5336 ) ;
#8410 = EDGE_LOOP ( 'NONE', ( #7967, #5088, #2584, #8402 ) ) ;
#8411 = VERTEX_POINT ( 'NONE', #2879 ) ;
#8412 = LINE ( 'NONE', #8536, #19 ) ;
#8413 = LINE ( 'NONE', #2472, #2763 ) ;
#8414 =( NAMED_UNIT ( * ) SI_UNIT ( $, .STERADIAN. ) SOLID_ANGLE_UNIT ( ) );
#8415 = CARTESIAN_POINT ( 'NONE',  ( -0.2187307692307695062, 0.5410000000000000364, -0.5683443509615390132 ) ) ;
#8416 = COLOUR_RGB ( '',0.6470588235294117974, 0.5176470588235293491, 0.000000000000000000 ) ;
#8417 = CARTESIAN_POINT ( 'NONE',  ( 0.1000000000000000056, 0.2000000000000000111, 0.7510000000000000009 ) ) ;
#8418 = DIRECTION ( 'NONE',  ( 2.710505431213765029E-16, 0.000000000000000000, 1.000000000000000000 ) ) ;
#8419 = ORIENTED_EDGE ( 'NONE', *, *, #4784, .F. ) ;
#8420 = SURFACE_STYLE_USAGE ( .BOTH. , #2481 ) ;
#8421 = CARTESIAN_POINT ( 'NONE',  ( -0.1000000000000000056, 0.1000000000000000056, -0.7510000000000000009 ) ) ;
#8422 = FACE_OUTER_BOUND ( 'NONE', #2255, .T. ) ;
#8423 =( NAMED_UNIT ( * ) SI_UNIT ( $, .STERADIAN. ) SOLID_ANGLE_UNIT ( ) );
#8424 = LINE ( 'NONE', #2308, #1951 ) ;
#8425 = ORIENTED_EDGE ( 'NONE', *, *, #1023, .F. ) ;
#8426 = FILL_AREA_STYLE ('',( #5781 ) ) ;
#8427 = VERTEX_POINT ( 'NONE', #4734 ) ;
#8428 = B_SPLINE_CURVE_WITH_KNOTS ( 'NONE', 3,
 ( #5015, #4318, #6328, #7495, #4228, #288, #4271, #1569, #6851, #6936, #994, #3614, #3787, #7847, #1213, #1905, #6375, #8493, #3155 ),
 .UNSPECIFIED., .F., .F.,
 ( 4, 1, 1, 1, 1, 1, 1, 1, 1, 1, 1, 1, 1, 1, 1, 1, 4 ),
 ( 0.000000000000000000, 0.09259083467514050980, 0.1793971048328795170, 0.2599509377347619665, 0.3347048696520185107, 0.4048003192398595407, 0.4699258369586039596, 0.5313573245724990679, 0.5898771355290300944, 0.6458284645049230388, 0.6994166009501400216, 0.7502368069511339277, 0.8001871430640540295, 0.8498763051487080444, 0.8992567071038830573, 0.9485769764691510675, 1.000000000000000000 ),
 .UNSPECIFIED. ) ;
#8429 = CARTESIAN_POINT ( 'NONE',  ( 0.7500000000000000000, 0.000000000000000000, -0.2000000000000000111 ) ) ;
#8430 = EDGE_CURVE ( 'NONE', #7968, #8090, #5570, .T. ) ;
#8431 = CARTESIAN_POINT ( 'NONE',  ( -0.2186278073775684838, 0.5400000000000000355, -0.5664098487666590076 ) ) ;
#8432 = FILL_AREA_STYLE_COLOUR ( '', #3709 ) ;
#8433 = CARTESIAN_POINT ( 'NONE',  ( 0.5836483211399450255, 0.5400000000000000355, -0.5774867826133679438 ) ) ;
#8434 = UNCERTAINTY_MEASURE_WITH_UNIT (LENGTH_MEASURE( 1.000000000000000082E-05 ), #3905, 'distance_accuracy_value', 'NONE');
#8435 = CARTESIAN_POINT ( 'NONE',  ( -0.03783653846153854639, 0.5410000000000000364, -0.6250000000000000000 ) ) ;
#8436 = EDGE_LOOP ( 'NONE', ( #7368, #1296, #6309, #1804 ) ) ;
#8437 = VERTEX_POINT ( 'NONE', #91 ) ;
#8438 = ORIENTED_EDGE ( 'NONE', *, *, #3903, .T. ) ;
#8439 = PRESENTATION_STYLE_ASSIGNMENT (( #5004 ) ) ;
#8440 = CARTESIAN_POINT ( 'NONE',  ( 0.7500000000000000000, 0.000000000000000000, -0.5999999999999999778 ) ) ;
#8441 = MECHANICAL_DESIGN_GEOMETRIC_PRESENTATION_REPRESENTATION (  '', ( #1930 ), #1096 ) ;
#8442 = CARTESIAN_POINT ( 'NONE',  ( -0.1879810059838704916, 0.5400000000000000355, -0.5072036577308559613 ) ) ;
#8443 = ADVANCED_FACE ( 'NONE', ( #846 ), #4211, .T. ) ;
#8444 = CARTESIAN_POINT ( 'NONE',  ( 0.000000000000000000, 0.5400000000000000355, 0.000000000000000000 ) ) ;
#8445 = UNCERTAINTY_MEASURE_WITH_UNIT (LENGTH_MEASURE( 1.000000000000000082E-05 ), #185, 'distance_accuracy_value', 'NONE');
#8446 = ORIENTED_EDGE ( 'NONE', *, *, #1403, .F. ) ;
#8447 = EDGE_LOOP ( 'NONE', ( #6822, #1152, #2127, #1256 ) ) ;
#8448 = SURFACE_SIDE_STYLE ('',( #1163 ) ) ;
#8449 = SURFACE_STYLE_USAGE ( .BOTH. , #4646 ) ;
#8450 = SURFACE_STYLE_USAGE ( .BOTH. , #3065 ) ;
#8451 = MECHANICAL_DESIGN_GEOMETRIC_PRESENTATION_REPRESENTATION (  '', ( #8309 ), #3033 ) ;
#8452 = CARTESIAN_POINT ( 'NONE',  ( -0.2142172176120230032, 0.5410000000000000364, -0.5524434557812660795 ) ) ;
#8453 = AXIS2_PLACEMENT_3D ( 'NONE', #7885, #8490, #7223 ) ;
#8454 = CLOSED_SHELL ( 'NONE', ( #5795, #7814, #6487, #7875, #370, #4723, #818, #8084 ) ) ;
#8455 = DIRECTION ( 'NONE',  ( 1.000000000000000000, 0.000000000000000000, -9.293161478447180018E-16 ) ) ;
#8456 = ADVANCED_FACE ( 'NONE', ( #2237 ), #1552, .T. ) ;
#8457 = DIRECTION ( 'NONE',  ( 5.421010862427530059E-16, 0.000000000000000000, 1.000000000000000000 ) ) ;
#8458 =( GEOMETRIC_REPRESENTATION_CONTEXT ( 3 ) GLOBAL_UNCERTAINTY_ASSIGNED_CONTEXT ( ( #5982 ) ) GLOBAL_UNIT_ASSIGNED_CONTEXT ( ( #7975, #4092, #1305 ) ) REPRESENTATION_CONTEXT ( 'NONE', 'WORKASPACE' ) );
#8459 = CARTESIAN_POINT ( 'NONE',  ( 0.4500000000000000111, 1.277032961426900037, -0.5000000000000000000 ) ) ;
#8460 = ORIENTED_EDGE ( 'NONE', *, *, #6433, .T. ) ;
#8461 = CARTESIAN_POINT ( 'NONE',  ( -0.1296895464892571792, 0.5400000000000000355, -0.6207036992356020910 ) ) ;
#8462 = VECTOR ( 'NONE', #8201, 1000.000000000000000 ) ;
#8463 = SURFACE_STYLE_FILL_AREA ( #3925 ) ;
#8464 = FILL_AREA_STYLE ('',( #6471 ) ) ;
#8465 = SURFACE_STYLE_FILL_AREA ( #5815 ) ;
#8466 = FILL_AREA_STYLE ('',( #3876 ) ) ;
#8467 = SURFACE_STYLE_FILL_AREA ( #5818 ) ;
#8468 = CARTESIAN_POINT ( 'NONE',  ( -0.09737977750331940074, 0.5400000000000000355, -0.5022151683148109447 ) ) ;
#8469 = VERTEX_POINT ( 'NONE', #7645 ) ;
#8470 = CARTESIAN_POINT ( 'NONE',  ( 0.3979152644230770086, 0.5400000000000000355, -0.5242187500000000666 ) ) ;
#8471 = VERTEX_POINT ( 'NONE', #5082 ) ;
#8472 = AXIS2_PLACEMENT_3D ( 'NONE', #2747, #5229, #4520 ) ;
#8473 = CARTESIAN_POINT ( 'NONE',  ( -0.2475769230769230000, 0.5410000000000000364, -0.5662710336538460121 ) ) ;
#8474 = DIRECTION ( 'NONE',  ( 0.3690140269754864644, 0.000000000000000000, -0.9294238257626790123 ) ) ;
#8475 = PLANE ( 'NONE',  #3313 ) ;
#8476 = SURFACE_SIDE_STYLE ('',( #1364 ) ) ;
#8477 = CARTESIAN_POINT ( 'NONE',  ( -0.2187307692307695062, 0.5410000000000000364, -0.5683443509615390132 ) ) ;
#8478 = ORIENTED_EDGE ( 'NONE', *, *, #8022, .F. ) ;
#8479 =( GEOMETRIC_REPRESENTATION_CONTEXT ( 3 ) GLOBAL_UNCERTAINTY_ASSIGNED_CONTEXT ( ( #5227 ) ) GLOBAL_UNIT_ASSIGNED_CONTEXT ( ( #278, #943, #1068 ) ) REPRESENTATION_CONTEXT ( 'NONE', 'WORKASPACE' ) );
#8480 = ORIENTED_EDGE ( 'NONE', *, *, #1671, .F. ) ;
#8481 = SURFACE_SIDE_STYLE ('',( #1368 ) ) ;
#8482 = CARTESIAN_POINT ( 'NONE',  ( -0.1635174278846155127, 0.5400000000000000355, -0.3971153846153844813 ) ) ;
#8483 = DIRECTION ( 'NONE',  ( -1.000000000000000000, 0.000000000000000000, -7.228014483236700500E-16 ) ) ;
#8484 = CARTESIAN_POINT ( 'NONE',  ( -0.2357595065235190135, 0.5400000000000000355, -0.6015066696900249754 ) ) ;
#8485 = EDGE_CURVE ( 'NONE', #5116, #6096, #7728, .T. ) ;
#8486 = ORIENTED_EDGE ( 'NONE', *, *, #2716, .T. ) ;
#8487 = ORIENTED_EDGE ( 'NONE', *, *, #6079, .T. ) ;
#8488 = FILL_AREA_STYLE ('',( #6458 ) ) ;
#8489 = B_SPLINE_SURFACE_WITH_KNOTS ( 'NONE', 3, 1, ( 
 ( #43, #4117 ),
 ( #2919, #2233 ),
 ( #6825, #800 ),
 ( #5567, #1589 ),
 ( #2193, #3552 ),
 ( #6782, #3511 ),
 ( #222, #6870 ),
 ( #2744, #4908 ),
 ( #843, #2834 ),
 ( #1634, #6136 ),
 ( #7560, #6215 ),
 ( #7514, #6102 ),
 ( #933, #2274 ),
 ( #6693, #178 ),
 ( #4864, #8213 ),
 ( #3388, #262 ),
 ( #5439, #8092 ),
 ( #89, #4205 ),
 ( #8136, #2874 ) ),
 .UNSPECIFIED., .F., .F., .F.,
 ( 4, 1, 1, 1, 1, 1, 1, 1, 1, 1, 1, 1, 1, 1, 1, 1, 4 ),
 ( 2, 2 ),
 ( 0.000000000000000000, 0.03260048671764465000, 0.07285461635181719742, 0.1205915290385926042, 0.1761051441913480120, 0.2395814457218810034, 0.3112829218115664709, 0.3911430656288260033, 0.4796850229660070131, 0.5686855189139620181, 0.6510425802283560381, 0.7263059815257489893, 0.7946159132536430025, 0.8560058850110009443, 0.9109683376116760600, 0.9589475948667579575, 1.000000000000000000 ),
 ( 0.000000000000000000, 1.000000000000000000 ),
 .UNSPECIFIED. ) ;
#8490 = DIRECTION ( 'NONE',  ( -1.000000000000000000, 0.000000000000000000, 0.000000000000000000 ) ) ;
#8491 = CARTESIAN_POINT ( 'NONE',  ( -0.2000000000000000111, 0.2000000000000000111, 0.5000000000000000000 ) ) ;
#8492 = FILL_AREA_STYLE_COLOUR ( '', #5050 ) ;
#8493 = CARTESIAN_POINT ( 'NONE',  ( -0.2186967959201885081, 0.5400000000000000355, -0.5694880595887380492 ) ) ;
#8494 = ADVANCED_FACE ( 'NONE', ( #5040, #3594 ), #6441, .F. ) ;
#8495 = SURFACE_STYLE_FILL_AREA ( #6508 ) ;
#8496 = ORIENTED_EDGE ( 'NONE', *, *, #3585, .F. ) ;
#8497 = CARTESIAN_POINT ( 'NONE',  ( -0.1236583329622904098, 0.5400000000000000355, -0.6178482995793400656 ) ) ;
#8498 = DIRECTION ( 'NONE',  ( 0.000000000000000000, 1.000000000000000000, 0.000000000000000000 ) ) ;
#8499 = CARTESIAN_POINT ( 'NONE',  ( -0.5500000000000000444, 1.277032961426900037, -0.2000000000000000111 ) ) ;
#8500 = DIRECTION ( 'NONE',  ( 0.000000000000000000, -1.000000000000000000, 0.000000000000000000 ) ) ;
#8501 = CARTESIAN_POINT ( 'NONE',  ( 0.2901730769230769780, 0.5410000000000000364, -0.4000000000000000222 ) ) ;
#8502 =( NAMED_UNIT ( * ) SI_UNIT ( $, .STERADIAN. ) SOLID_ANGLE_UNIT ( ) );
#8503 = SURFACE_STYLE_USAGE ( .BOTH. , #7944 ) ;
#8504 = ADVANCED_FACE ( 'NONE', ( #2494 ), #1716, .F. ) ;
#8505 = ORIENTED_EDGE ( 'NONE', *, *, #7984, .F. ) ;
#8506 = PRESENTATION_STYLE_ASSIGNMENT (( #1878 ) ) ;
#8507 = PLANE ( 'NONE',  #1947 ) ;
#8508 = MECHANICAL_DESIGN_GEOMETRIC_PRESENTATION_REPRESENTATION (  '', ( #457 ), #1032 ) ;
#8509 = VERTEX_POINT ( 'NONE', #7603 ) ;
#8510 = CARTESIAN_POINT ( 'NONE',  ( -0.2224555244684760236, 0.5400000000000000355, -0.4118016804108795004 ) ) ;
#8511 = ORIENTED_EDGE ( 'NONE', *, *, #2243, .T. ) ;
#8512 = CARTESIAN_POINT ( 'NONE',  ( -0.1231946788732229958, 0.5410000000000000364, -0.4050205448594890179 ) ) ;
#8513 =( NAMED_UNIT ( * ) PLANE_ANGLE_UNIT ( ) SI_UNIT ( $, .RADIAN. ) );
#8514 =( GEOMETRIC_REPRESENTATION_CONTEXT ( 3 ) GLOBAL_UNCERTAINTY_ASSIGNED_CONTEXT ( ( #1427 ) ) GLOBAL_UNIT_ASSIGNED_CONTEXT ( ( #3017, #458, #8374 ) ) REPRESENTATION_CONTEXT ( 'NONE', 'WORKASPACE' ) );
#8515 = FACE_OUTER_BOUND ( 'NONE', #3769, .T. ) ;
#8516 = SURFACE_STYLE_USAGE ( .BOTH. , #8393 ) ;
#8517 = SURFACE_SIDE_STYLE ('',( #7955 ) ) ;
#8518 = DIRECTION ( 'NONE',  ( 0.000000000000000000, -1.000000000000000000, 0.000000000000000000 ) ) ;
#8519 = UNCERTAINTY_MEASURE_WITH_UNIT (LENGTH_MEASURE( 1.000000000000000082E-05 ), #5928, 'distance_accuracy_value', 'NONE');
#8520 = STYLED_ITEM ( 'NONE', ( #3943 ), #6268 ) ;
#8521 = CARTESIAN_POINT ( 'NONE',  ( -0.1158049793223726032, 0.5410000000000000364, -0.5160455977360030033 ) ) ;
#8522 = ORIENTED_EDGE ( 'NONE', *, *, #4890, .T. ) ;
#8523 = COLOUR_RGB ( '',0.2509803921568627416, 0.2509803921568627416, 0.2509803921568627416 ) ;
#8524 = ORIENTED_EDGE ( 'NONE', *, *, #4930, .F. ) ;
#8525 = UNCERTAINTY_MEASURE_WITH_UNIT (LENGTH_MEASURE( 1.000000000000000082E-05 ), #801, 'distance_accuracy_value', 'NONE');
#8526 =( GEOMETRIC_REPRESENTATION_CONTEXT ( 3 ) GLOBAL_UNCERTAINTY_ASSIGNED_CONTEXT ( ( #3733 ) ) GLOBAL_UNIT_ASSIGNED_CONTEXT ( ( #7249, #5171, #5882 ) ) REPRESENTATION_CONTEXT ( 'NONE', 'WORKASPACE' ) );
#8527 = FILL_AREA_STYLE_COLOUR ( '', #6326 ) ;
#8528 = ADVANCED_FACE ( 'NONE', ( #8397 ), #3684, .T. ) ;
#8529 =( NAMED_UNIT ( * ) SI_UNIT ( $, .STERADIAN. ) SOLID_ANGLE_UNIT ( ) );
#8530 = FACE_OUTER_BOUND ( 'NONE', #7512, .T. ) ;
#8531 = CARTESIAN_POINT ( 'NONE',  ( -0.1556111954799055119, 0.5410000000000000364, -0.4986760786176410165 ) ) ;
#8532 = LINE ( 'NONE', #4606, #344 ) ;
#8533 = VECTOR ( 'NONE', #980, 1000.000000000000000 ) ;
#8534 = ORIENTED_EDGE ( 'NONE', *, *, #2467, .F. ) ;
#8535 = ORIENTED_EDGE ( 'NONE', *, *, #3042, .T. ) ;
#8536 = CARTESIAN_POINT ( 'NONE',  ( 0.2000000000000000111, 0.000000000000000000, 0.5000000000000000000 ) ) ;
#8537 = FILL_AREA_STYLE ('',( #5900 ) ) ;
#8538 = SURFACE_SIDE_STYLE ('',( #1950 ) ) ;
#8540 = ADVANCED_FACE ( 'NONE', ( #3337 ), #5837, .F. ) ;
#8539 = CARTESIAN_POINT ( 'NONE',  ( -0.1114976020724380013, 0.5400000000000000355, -0.5135780753055130265 ) ) ;
#8541 = VECTOR ( 'NONE', #6461, 1000.000000000000000 ) ;
#8542 = VECTOR ( 'NONE', #3602, 1000.000000000000114 ) ;
#8543 =( LENGTH_UNIT ( ) NAMED_UNIT ( * ) SI_UNIT ( .MILLI., .METRE. ) );
#8544 = DIRECTION ( 'NONE',  ( -1.000000000000000000, 0.000000000000000000, 0.000000000000000000 ) ) ;
#8545 = EDGE_CURVE ( 'NONE', #5002, #5849, #5630, .T. ) ;
#8546 = VERTEX_POINT ( 'NONE', #5301 ) ;
#8547 = CARTESIAN_POINT ( 'NONE',  ( -0.1708641826923079921, 0.5400000000000000355, -0.6278846153846159295 ) ) ;
#8548 = EDGE_CURVE ( 'NONE', #1471, #8579, #574, .T. ) ;
#8549 = CARTESIAN_POINT ( 'NONE',  ( 0.2901730769230769780, 0.5410000000000000364, -0.4836538461538459899 ) ) ;
#8550 = PRESENTATION_LAYER_ASSIGNMENT (  '', '', ( #3400 ) ) ;
#8551 = DIRECTION ( 'NONE',  ( -1.000000000000000000, 0.000000000000000000, 2.710505431213760099E-16 ) ) ;
#8552 = STYLED_ITEM ( 'NONE', ( #7214 ), #2197 ) ;
#8553 =( NAMED_UNIT ( * ) PLANE_ANGLE_UNIT ( ) SI_UNIT ( $, .RADIAN. ) );
#8554 = CARTESIAN_POINT ( 'NONE',  ( 0.4500000000000000111, 1.277032961426900037, -0.2999999999999999889 ) ) ;
#8555 = CARTESIAN_POINT ( 'NONE',  ( -0.1203834134615383855, 0.5400000000000000355, -0.5182692307692310374 ) ) ;
#8556 = VERTEX_POINT ( 'NONE', #1285 ) ;
#8557 = SURFACE_STYLE_FILL_AREA ( #8384 ) ;
#8558 = CARTESIAN_POINT ( 'NONE',  ( 0.4500000000000000111, 0.000000000000000000, 0.5000000000000000000 ) ) ;
#8559 = ORIENTED_EDGE ( 'NONE', *, *, #431, .T. ) ;
#8560 = CARTESIAN_POINT ( 'NONE',  ( -0.1635174278846155127, 0.5410000000000000364, -0.3971153846153844813 ) ) ;
#8561 = EDGE_CURVE ( 'NONE', #4576, #2059, #5263, .T. ) ;
#8562 = ORIENTED_EDGE ( 'NONE', *, *, #8386, .F. ) ;
#8563 = CARTESIAN_POINT ( 'NONE',  ( -0.08327515217368899880, 0.5410000000000000364, -0.4609273436261840384 ) ) ;
#8564 = CARTESIAN_POINT ( 'NONE',  ( -0.1706457404752509954, 0.5400000000000000355, -0.3971766855526644990 ) ) ;
#8565 = CARTESIAN_POINT ( 'NONE',  ( -0.1696923076923080032, 0.5410000000000000364, -0.6019230769230770051 ) ) ;
#8566 = EDGE_CURVE ( 'NONE', #8574, #5002, #3264, .T. ) ;
#8567 = CARTESIAN_POINT ( 'NONE',  ( 0.5760750700618231246, 0.5400000000000000355, -0.5603158150181259956 ) ) ;
#8568 = CARTESIAN_POINT ( 'NONE',  ( 0.6062133413461540110, 0.5400000000000000355, -0.5550480769230770051 ) ) ;
#8569 = DIRECTION ( 'NONE',  ( 0.000000000000000000, -1.000000000000000000, 0.000000000000000000 ) ) ;
#8570 = CARTESIAN_POINT ( 'NONE',  ( 0.5760750700618231246, 0.5410000000000000364, -0.5603158150181259956 ) ) ;
#8571 = ADVANCED_FACE ( 'NONE', ( #4595 ), #7254, .F. ) ;
#8572 = LINE ( 'NONE', #7255, #7100 ) ;
#8573 = ORIENTED_EDGE ( 'NONE', *, *, #372, .T. ) ;
#8574 = VERTEX_POINT ( 'NONE', #1413 ) ;
#8575 =( NAMED_UNIT ( * ) PLANE_ANGLE_UNIT ( ) SI_UNIT ( $, .RADIAN. ) );
#8576 = VECTOR ( 'NONE', #6890, 1000.000000000000000 ) ;
#8577 = CARTESIAN_POINT ( 'NONE',  ( 0.5990443331763370960, 0.5410000000000000364, -0.5742874261868879948 ) ) ;
#8578 = ORIENTED_EDGE ( 'NONE', *, *, #6109, .T. ) ;
#8579 = VERTEX_POINT ( 'NONE', #4859 ) ;
#8580 =( LENGTH_UNIT ( ) NAMED_UNIT ( * ) SI_UNIT ( .MILLI., .METRE. ) );
#8581 = FILL_AREA_STYLE_COLOUR ( '', #5753 ) ;
#8582 = STYLED_ITEM ( 'NONE', ( #5975 ), #724 ) ;
#8583 = CARTESIAN_POINT ( 'NONE',  ( -0.4500000000000000111, 0.000000000000000000, -0.5000000000000000000 ) ) ;
#8584 = UNCERTAINTY_MEASURE_WITH_UNIT (LENGTH_MEASURE( 1.000000000000000082E-05 ), #7532, 'distance_accuracy_value', 'NONE');
#8585 = VECTOR ( 'NONE', #1190, 1000.000000000000000 ) ;
#8586 = LINE ( 'NONE', #5412, #242 ) ;
#8587 = EDGE_LOOP ( 'NONE', ( #2230, #4790, #8233, #3947 ) ) ;
#8588 =( NAMED_UNIT ( * ) SI_UNIT ( $, .STERADIAN. ) SOLID_ANGLE_UNIT ( ) );
#8589 = CIRCLE ( 'NONE', #5963, 0.07499999999999998335 ) ;
#8590 = SURFACE_STYLE_FILL_AREA ( #5862 ) ;
#8591 = STYLED_ITEM ( 'NONE', ( #2637 ), #3550 ) ;
#8592 = FACE_OUTER_BOUND ( 'NONE', #3308, .T. ) ;
#8593 = DIRECTION ( 'NONE',  ( 0.000000000000000000, -1.000000000000000000, 0.000000000000000000 ) ) ;
#8594 = VECTOR ( 'NONE', #1468, 1000.000000000000000 ) ;
#8595 = CIRCLE ( 'NONE', #3580, 0.09999999999999999167 ) ;
#8596 = DIRECTION ( 'NONE',  ( 1.000000000000000000, 0.000000000000000000, -1.445602896647339903E-16 ) ) ;
#8597 = ORIENTED_EDGE ( 'NONE', *, *, #2086, .T. ) ;
#8598 = CARTESIAN_POINT ( 'NONE',  ( 0.6943293269230770282, 0.5410000000000000364, -0.4000000000000000222 ) ) ;
#8599 = PRESENTATION_LAYER_ASSIGNMENT (  '', '', ( #4424 ) ) ;
#8600 =( LENGTH_UNIT ( ) NAMED_UNIT ( * ) SI_UNIT ( .MILLI., .METRE. ) );
#8601 = AXIS2_PLACEMENT_3D ( 'NONE', #4763, #4194, #8074 ) ;
#8602 = DIRECTION ( 'NONE',  ( 1.000000000000000000, 0.000000000000000000, 0.000000000000000000 ) ) ;
#8603 = EDGE_LOOP ( 'NONE', ( #6494, #4644, #5239, #4398 ) ) ;
#8604 = DIRECTION ( 'NONE',  ( 1.000000000000000000, 0.000000000000000000, 0.000000000000000000 ) ) ;
#8605 = CARTESIAN_POINT ( 'NONE',  ( -0.2493603903452935311, 0.5400000000000000355, -0.4447346158456240151 ) ) ;
#8606 = DIRECTION ( 'NONE',  ( 0.000000000000000000, 1.000000000000000000, 0.000000000000000000 ) ) ;
#8607 = ADVANCED_FACE ( 'NONE', ( #4772 ), #3382, .T. ) ;
#8608 = CARTESIAN_POINT ( 'NONE',  ( 0.7500000000000000000, 0.2000000000000000111, -0.5999999999999999778 ) ) ;
#8609 = FILL_AREA_STYLE ('',( #1329 ) ) ;
#8610 = EDGE_CURVE ( 'NONE', #501, #1729, #2106, .T. ) ;
#8611 = DIRECTION ( 'NONE',  ( 0.000000000000000000, -1.000000000000000000, 0.000000000000000000 ) ) ;
#8612 = ORIENTED_EDGE ( 'NONE', *, *, #3446, .F. ) ;
#8613 = EDGE_CURVE ( 'NONE', #6234, #4456, #881, .T. ) ;
#8614 = UNCERTAINTY_MEASURE_WITH_UNIT (LENGTH_MEASURE( 1.000000000000000082E-05 ), #8600, 'distance_accuracy_value', 'NONE');
#8615 = ORIENTED_EDGE ( 'NONE', *, *, #5085, .F. ) ;
#8616 = SURFACE_STYLE_FILL_AREA ( #4483 ) ;
#8617 = EDGE_CURVE ( 'NONE', #8252, #3177, #3784, .T. ) ;
#8618 =( LENGTH_UNIT ( ) NAMED_UNIT ( * ) SI_UNIT ( .MILLI., .METRE. ) );
ENDSEC;
END-ISO-10303-21;
