ISO-10303-21;
HEADER;
FILE_DESCRIPTION(('FreeCAD Model'),'2;1');
FILE_NAME('Open CASCADE Shape Model','2026-07-30T11:22:20',(''),(''),
  'Open CASCADE STEP processor 7.8','FreeCAD','Unknown');
FILE_SCHEMA(('AUTOMOTIVE_DESIGN { 1 0 10303 214 1 1 1 1 }'));
ENDSEC;
DATA;
#1 = APPLICATION_PROTOCOL_DEFINITION('international standard',
  'automotive_design',2000,#2);
#2 = APPLICATION_CONTEXT(
  'core data for automotive mechanical design processes');
#3 = SHAPE_DEFINITION_REPRESENTATION(#4,#10);
#4 = PRODUCT_DEFINITION_SHAPE('','',#5);
#5 = PRODUCT_DEFINITION('design','',#6,#9);
#6 = PRODUCT_DEFINITION_FORMATION('','',#7);
#7 = PRODUCT('oled_module_rea016080a','oled_module_rea016080a','',(#8));
#8 = PRODUCT_CONTEXT('',#2,'mechanical');
#9 = PRODUCT_DEFINITION_CONTEXT('part definition',#2,'design');
#10 = SHAPE_REPRESENTATION('',(#11,#15,#19,#23),#27);
#11 = AXIS2_PLACEMENT_3D('',#12,#13,#14);
#12 = CARTESIAN_POINT('',(0.,0.,0.));
#13 = DIRECTION('',(0.,0.,1.));
#14 = DIRECTION('',(1.,0.,-0.));
#15 = AXIS2_PLACEMENT_3D('',#16,#17,#18);
#16 = CARTESIAN_POINT('',(0.,0.,0.));
#17 = DIRECTION('',(0.,0.,1.));
#18 = DIRECTION('',(1.,0.,0.));
#19 = AXIS2_PLACEMENT_3D('',#20,#21,#22);
#20 = CARTESIAN_POINT('',(0.,0.,1.1));
#21 = DIRECTION('',(0.,0.,1.));
#22 = DIRECTION('',(1.,0.,0.));
#23 = AXIS2_PLACEMENT_3D('',#24,#25,#26);
#24 = CARTESIAN_POINT('',(-24.75,-7.6,-5.E-02));
#25 = DIRECTION('',(0.,-1.224646799147E-16,-1.));
#26 = DIRECTION('',(1.,0.,0.));
#27 = ( GEOMETRIC_REPRESENTATION_CONTEXT(3) 
GLOBAL_UNCERTAINTY_ASSIGNED_CONTEXT((#31)) GLOBAL_UNIT_ASSIGNED_CONTEXT(
(#28,#29,#30)) REPRESENTATION_CONTEXT('Context #1',
  '3D Context with UNIT and UNCERTAINTY') );
#28 = ( LENGTH_UNIT() NAMED_UNIT(*) SI_UNIT(.MILLI.,.METRE.) );
#29 = ( NAMED_UNIT(*) PLANE_ANGLE_UNIT() SI_UNIT($,.RADIAN.) );
#30 = ( NAMED_UNIT(*) SI_UNIT($,.STERADIAN.) SOLID_ANGLE_UNIT() );
#31 = UNCERTAINTY_MEASURE_WITH_UNIT(LENGTH_MEASURE(5.E-07),#28,
  'distance_accuracy_value','confusion accuracy');
#32 = PRODUCT_RELATED_PRODUCT_CATEGORY('part',$,(#7));
#33 = SHAPE_DEFINITION_REPRESENTATION(#34,#40);
#34 = PRODUCT_DEFINITION_SHAPE('','',#35);
#35 = PRODUCT_DEFINITION('design','',#36,#39);
#36 = PRODUCT_DEFINITION_FORMATION('','',#37);
#37 = PRODUCT('pcb','pcb','',(#38));
#38 = PRODUCT_CONTEXT('',#2,'mechanical');
#39 = PRODUCT_DEFINITION_CONTEXT('part definition',#2,'design');
#40 = ADVANCED_BREP_SHAPE_REPRESENTATION('',(#11,#41),#674);
#41 = MANIFOLD_SOLID_BREP('',#42);
#42 = CLOSED_SHELL('',(#43,#83,#114,#145,#293,#441,#458,#475,#492,#509,
    #521,#538,#555,#572,#589,#606,#623,#640,#657));
#43 = ADVANCED_FACE('',(#44),#78,.T.);
#44 = FACE_BOUND('',#45,.T.);
#45 = EDGE_LOOP('',(#46,#56,#64,#72));
#46 = ORIENTED_EDGE('',*,*,#47,.T.);
#47 = EDGE_CURVE('',#48,#50,#52,.T.);
#48 = VERTEX_POINT('',#49);
#49 = CARTESIAN_POINT('',(-26.75,11.5,0.));
#50 = VERTEX_POINT('',#51);
#51 = CARTESIAN_POINT('',(-26.75,11.5,1.));
#52 = LINE('',#53,#54);
#53 = CARTESIAN_POINT('',(-26.75,11.5,0.));
#54 = VECTOR('',#55,1.);
#55 = DIRECTION('',(0.,0.,1.));
#56 = ORIENTED_EDGE('',*,*,#57,.T.);
#57 = EDGE_CURVE('',#50,#58,#60,.T.);
#58 = VERTEX_POINT('',#59);
#59 = CARTESIAN_POINT('',(26.75,11.5,1.));
#60 = LINE('',#61,#62);
#61 = CARTESIAN_POINT('',(-26.75,11.5,1.));
#62 = VECTOR('',#63,1.);
#63 = DIRECTION('',(1.,0.,0.));
#64 = ORIENTED_EDGE('',*,*,#65,.F.);
#65 = EDGE_CURVE('',#66,#58,#68,.T.);
#66 = VERTEX_POINT('',#67);
#67 = CARTESIAN_POINT('',(26.75,11.5,0.));
#68 = LINE('',#69,#70);
#69 = CARTESIAN_POINT('',(26.75,11.5,0.));
#70 = VECTOR('',#71,1.);
#71 = DIRECTION('',(0.,0.,1.));
#72 = ORIENTED_EDGE('',*,*,#73,.F.);
#73 = EDGE_CURVE('',#48,#66,#74,.T.);
#74 = LINE('',#75,#76);
#75 = CARTESIAN_POINT('',(-26.75,11.5,0.));
#76 = VECTOR('',#77,1.);
#77 = DIRECTION('',(1.,0.,0.));
#78 = PLANE('',#79);
#79 = AXIS2_PLACEMENT_3D('',#80,#81,#82);
#80 = CARTESIAN_POINT('',(-26.75,11.5,0.));
#81 = DIRECTION('',(0.,1.,0.));
#82 = DIRECTION('',(1.,0.,0.));
#83 = ADVANCED_FACE('',(#84),#109,.T.);
#84 = FACE_BOUND('',#85,.T.);
#85 = EDGE_LOOP('',(#86,#96,#102,#103));
#86 = ORIENTED_EDGE('',*,*,#87,.T.);
#87 = EDGE_CURVE('',#88,#90,#92,.T.);
#88 = VERTEX_POINT('',#89);
#89 = CARTESIAN_POINT('',(-26.75,-11.5,0.));
#90 = VERTEX_POINT('',#91);
#91 = CARTESIAN_POINT('',(-26.75,-11.5,1.));
#92 = LINE('',#93,#94);
#93 = CARTESIAN_POINT('',(-26.75,-11.5,0.));
#94 = VECTOR('',#95,1.);
#95 = DIRECTION('',(0.,0.,1.));
#96 = ORIENTED_EDGE('',*,*,#97,.T.);
#97 = EDGE_CURVE('',#90,#50,#98,.T.);
#98 = LINE('',#99,#100);
#99 = CARTESIAN_POINT('',(-26.75,-11.5,1.));
#100 = VECTOR('',#101,1.);
#101 = DIRECTION('',(0.,1.,0.));
#102 = ORIENTED_EDGE('',*,*,#47,.F.);
#103 = ORIENTED_EDGE('',*,*,#104,.F.);
#104 = EDGE_CURVE('',#88,#48,#105,.T.);
#105 = LINE('',#106,#107);
#106 = CARTESIAN_POINT('',(-26.75,-11.5,0.));
#107 = VECTOR('',#108,1.);
#108 = DIRECTION('',(0.,1.,0.));
#109 = PLANE('',#110);
#110 = AXIS2_PLACEMENT_3D('',#111,#112,#113);
#111 = CARTESIAN_POINT('',(-26.75,-11.5,0.));
#112 = DIRECTION('',(-1.,0.,0.));
#113 = DIRECTION('',(0.,1.,0.));
#114 = ADVANCED_FACE('',(#115),#140,.T.);
#115 = FACE_BOUND('',#116,.T.);
#116 = EDGE_LOOP('',(#117,#118,#126,#134));
#117 = ORIENTED_EDGE('',*,*,#65,.T.);
#118 = ORIENTED_EDGE('',*,*,#119,.T.);
#119 = EDGE_CURVE('',#58,#120,#122,.T.);
#120 = VERTEX_POINT('',#121);
#121 = CARTESIAN_POINT('',(26.75,7.,1.));
#122 = LINE('',#123,#124);
#123 = CARTESIAN_POINT('',(26.75,11.5,1.));
#124 = VECTOR('',#125,1.);
#125 = DIRECTION('',(-7.894919286223E-16,-1.,0.));
#126 = ORIENTED_EDGE('',*,*,#127,.F.);
#127 = EDGE_CURVE('',#128,#120,#130,.T.);
#128 = VERTEX_POINT('',#129);
#129 = CARTESIAN_POINT('',(26.75,7.,0.));
#130 = LINE('',#131,#132);
#131 = CARTESIAN_POINT('',(26.75,7.,0.));
#132 = VECTOR('',#133,1.);
#133 = DIRECTION('',(0.,0.,1.));
#134 = ORIENTED_EDGE('',*,*,#135,.F.);
#135 = EDGE_CURVE('',#66,#128,#136,.T.);
#136 = LINE('',#137,#138);
#137 = CARTESIAN_POINT('',(26.75,11.5,0.));
#138 = VECTOR('',#139,1.);
#139 = DIRECTION('',(-7.894919286223E-16,-1.,0.));
#140 = PLANE('',#141);
#141 = AXIS2_PLACEMENT_3D('',#142,#143,#144);
#142 = CARTESIAN_POINT('',(26.75,11.5,0.));
#143 = DIRECTION('',(1.,-7.894919286223E-16,0.));
#144 = DIRECTION('',(-7.894919286223E-16,-1.,0.));
#145 = ADVANCED_FACE('',(#146,#189,#200,#211,#222,#233,#244,#255,#266,
    #277),#288,.F.);
#146 = FACE_BOUND('',#147,.F.);
#147 = EDGE_LOOP('',(#148,#149,#150,#158,#166,#174,#182,#188));
#148 = ORIENTED_EDGE('',*,*,#73,.F.);
#149 = ORIENTED_EDGE('',*,*,#104,.F.);
#150 = ORIENTED_EDGE('',*,*,#151,.F.);
#151 = EDGE_CURVE('',#152,#88,#154,.T.);
#152 = VERTEX_POINT('',#153);
#153 = CARTESIAN_POINT('',(26.75,-11.5,0.));
#154 = LINE('',#155,#156);
#155 = CARTESIAN_POINT('',(26.75,-11.5,0.));
#156 = VECTOR('',#157,1.);
#157 = DIRECTION('',(-1.,0.,0.));
#158 = ORIENTED_EDGE('',*,*,#159,.F.);
#159 = EDGE_CURVE('',#160,#152,#162,.T.);
#160 = VERTEX_POINT('',#161);
#161 = CARTESIAN_POINT('',(26.75,-7.,0.));
#162 = LINE('',#163,#164);
#163 = CARTESIAN_POINT('',(26.75,-7.,0.));
#164 = VECTOR('',#165,1.);
#165 = DIRECTION('',(-7.894919286223E-16,-1.,0.));
#166 = ORIENTED_EDGE('',*,*,#167,.F.);
#167 = EDGE_CURVE('',#168,#160,#170,.T.);
#168 = VERTEX_POINT('',#169);
#169 = CARTESIAN_POINT('',(22.75,-7.,0.));
#170 = LINE('',#171,#172);
#171 = CARTESIAN_POINT('',(22.75,-7.,0.));
#172 = VECTOR('',#173,1.);
#173 = DIRECTION('',(1.,0.,0.));
#174 = ORIENTED_EDGE('',*,*,#175,.F.);
#175 = EDGE_CURVE('',#176,#168,#178,.T.);
#176 = VERTEX_POINT('',#177);
#177 = CARTESIAN_POINT('',(22.75,7.,0.));
#178 = LINE('',#179,#180);
#179 = CARTESIAN_POINT('',(22.75,7.,0.));
#180 = VECTOR('',#181,1.);
#181 = DIRECTION('',(0.,-1.,0.));
#182 = ORIENTED_EDGE('',*,*,#183,.F.);
#183 = EDGE_CURVE('',#128,#176,#184,.T.);
#184 = LINE('',#185,#186);
#185 = CARTESIAN_POINT('',(26.75,7.,0.));
#186 = VECTOR('',#187,1.);
#187 = DIRECTION('',(-1.,0.,0.));
#188 = ORIENTED_EDGE('',*,*,#135,.F.);
#189 = FACE_BOUND('',#190,.F.);
#190 = EDGE_LOOP('',(#191));
#191 = ORIENTED_EDGE('',*,*,#192,.F.);
#192 = EDGE_CURVE('',#193,#193,#195,.T.);
#193 = VERTEX_POINT('',#194);
#194 = CARTESIAN_POINT('',(-24.25,-7.62,0.));
#195 = CIRCLE('',#196,0.5);
#196 = AXIS2_PLACEMENT_3D('',#197,#198,#199);
#197 = CARTESIAN_POINT('',(-24.75,-7.62,0.));
#198 = DIRECTION('',(0.,0.,1.));
#199 = DIRECTION('',(1.,0.,0.));
#200 = FACE_BOUND('',#201,.F.);
#201 = EDGE_LOOP('',(#202));
#202 = ORIENTED_EDGE('',*,*,#203,.F.);
#203 = EDGE_CURVE('',#204,#204,#206,.T.);
#204 = VERTEX_POINT('',#205);
#205 = CARTESIAN_POINT('',(-24.25,-5.08,0.));
#206 = CIRCLE('',#207,0.5);
#207 = AXIS2_PLACEMENT_3D('',#208,#209,#210);
#208 = CARTESIAN_POINT('',(-24.75,-5.08,0.));
#209 = DIRECTION('',(0.,0.,1.));
#210 = DIRECTION('',(1.,0.,0.));
#211 = FACE_BOUND('',#212,.F.);
#212 = EDGE_LOOP('',(#213));
#213 = ORIENTED_EDGE('',*,*,#214,.F.);
#214 = EDGE_CURVE('',#215,#215,#217,.T.);
#215 = VERTEX_POINT('',#216);
#216 = CARTESIAN_POINT('',(-24.25,-2.54,0.));
#217 = CIRCLE('',#218,0.5);
#218 = AXIS2_PLACEMENT_3D('',#219,#220,#221);
#219 = CARTESIAN_POINT('',(-24.75,-2.54,0.));
#220 = DIRECTION('',(0.,0.,1.));
#221 = DIRECTION('',(1.,0.,0.));
#222 = FACE_BOUND('',#223,.F.);
#223 = EDGE_LOOP('',(#224));
#224 = ORIENTED_EDGE('',*,*,#225,.F.);
#225 = EDGE_CURVE('',#226,#226,#228,.T.);
#226 = VERTEX_POINT('',#227);
#227 = CARTESIAN_POINT('',(25.75,-9.5,0.));
#228 = CIRCLE('',#229,1.);
#229 = AXIS2_PLACEMENT_3D('',#230,#231,#232);
#230 = CARTESIAN_POINT('',(24.75,-9.5,0.));
#231 = DIRECTION('',(0.,0.,1.));
#232 = DIRECTION('',(1.,0.,0.));
#233 = FACE_BOUND('',#234,.F.);
#234 = EDGE_LOOP('',(#235));
#235 = ORIENTED_EDGE('',*,*,#236,.F.);
#236 = EDGE_CURVE('',#237,#237,#239,.T.);
#237 = VERTEX_POINT('',#238);
#238 = CARTESIAN_POINT('',(-24.25,0.,0.));
#239 = CIRCLE('',#240,0.5);
#240 = AXIS2_PLACEMENT_3D('',#241,#242,#243);
#241 = CARTESIAN_POINT('',(-24.75,0.,0.));
#242 = DIRECTION('',(0.,0.,1.));
#243 = DIRECTION('',(1.,0.,0.));
#244 = FACE_BOUND('',#245,.F.);
#245 = EDGE_LOOP('',(#246));
#246 = ORIENTED_EDGE('',*,*,#247,.F.);
#247 = EDGE_CURVE('',#248,#248,#250,.T.);
#248 = VERTEX_POINT('',#249);
#249 = CARTESIAN_POINT('',(-24.25,2.54,0.));
#250 = CIRCLE('',#251,0.5);
#251 = AXIS2_PLACEMENT_3D('',#252,#253,#254);
#252 = CARTESIAN_POINT('',(-24.75,2.54,0.));
#253 = DIRECTION('',(0.,0.,1.));
#254 = DIRECTION('',(1.,0.,0.));
#255 = FACE_BOUND('',#256,.F.);
#256 = EDGE_LOOP('',(#257));
#257 = ORIENTED_EDGE('',*,*,#258,.F.);
#258 = EDGE_CURVE('',#259,#259,#261,.T.);
#259 = VERTEX_POINT('',#260);
#260 = CARTESIAN_POINT('',(-24.25,5.08,0.));
#261 = CIRCLE('',#262,0.5);
#262 = AXIS2_PLACEMENT_3D('',#263,#264,#265);
#263 = CARTESIAN_POINT('',(-24.75,5.08,0.));
#264 = DIRECTION('',(0.,0.,1.));
#265 = DIRECTION('',(1.,0.,0.));
#266 = FACE_BOUND('',#267,.F.);
#267 = EDGE_LOOP('',(#268));
#268 = ORIENTED_EDGE('',*,*,#269,.F.);
#269 = EDGE_CURVE('',#270,#270,#272,.T.);
#270 = VERTEX_POINT('',#271);
#271 = CARTESIAN_POINT('',(-24.25,7.62,0.));
#272 = CIRCLE('',#273,0.5);
#273 = AXIS2_PLACEMENT_3D('',#274,#275,#276);
#274 = CARTESIAN_POINT('',(-24.75,7.62,0.));
#275 = DIRECTION('',(0.,0.,1.));
#276 = DIRECTION('',(1.,0.,0.));
#277 = FACE_BOUND('',#278,.F.);
#278 = EDGE_LOOP('',(#279));
#279 = ORIENTED_EDGE('',*,*,#280,.F.);
#280 = EDGE_CURVE('',#281,#281,#283,.T.);
#281 = VERTEX_POINT('',#282);
#282 = CARTESIAN_POINT('',(25.75,9.5,0.));
#283 = CIRCLE('',#284,1.);
#284 = AXIS2_PLACEMENT_3D('',#285,#286,#287);
#285 = CARTESIAN_POINT('',(24.75,9.5,0.));
#286 = DIRECTION('',(0.,0.,1.));
#287 = DIRECTION('',(1.,0.,0.));
#288 = PLANE('',#289);
#289 = AXIS2_PLACEMENT_3D('',#290,#291,#292);
#290 = CARTESIAN_POINT('',(2.32921510265,6.218564506741E-17,0.));
#291 = DIRECTION('',(0.,0.,1.));
#292 = DIRECTION('',(1.,0.,0.));
#293 = ADVANCED_FACE('',(#294,#337,#348,#359,#370,#381,#392,#403,#414,
    #425),#436,.T.);
#294 = FACE_BOUND('',#295,.T.);
#295 = EDGE_LOOP('',(#296,#297,#298,#306,#314,#322,#330,#336));
#296 = ORIENTED_EDGE('',*,*,#57,.F.);
#297 = ORIENTED_EDGE('',*,*,#97,.F.);
#298 = ORIENTED_EDGE('',*,*,#299,.F.);
#299 = EDGE_CURVE('',#300,#90,#302,.T.);
#300 = VERTEX_POINT('',#301);
#301 = CARTESIAN_POINT('',(26.75,-11.5,1.));
#302 = LINE('',#303,#304);
#303 = CARTESIAN_POINT('',(26.75,-11.5,1.));
#304 = VECTOR('',#305,1.);
#305 = DIRECTION('',(-1.,0.,0.));
#306 = ORIENTED_EDGE('',*,*,#307,.F.);
#307 = EDGE_CURVE('',#308,#300,#310,.T.);
#308 = VERTEX_POINT('',#309);
#309 = CARTESIAN_POINT('',(26.75,-7.,1.));
#310 = LINE('',#311,#312);
#311 = CARTESIAN_POINT('',(26.75,-7.,1.));
#312 = VECTOR('',#313,1.);
#313 = DIRECTION('',(-7.894919286223E-16,-1.,0.));
#314 = ORIENTED_EDGE('',*,*,#315,.F.);
#315 = EDGE_CURVE('',#316,#308,#318,.T.);
#316 = VERTEX_POINT('',#317);
#317 = CARTESIAN_POINT('',(22.75,-7.,1.));
#318 = LINE('',#319,#320);
#319 = CARTESIAN_POINT('',(22.75,-7.,1.));
#320 = VECTOR('',#321,1.);
#321 = DIRECTION('',(1.,0.,0.));
#322 = ORIENTED_EDGE('',*,*,#323,.F.);
#323 = EDGE_CURVE('',#324,#316,#326,.T.);
#324 = VERTEX_POINT('',#325);
#325 = CARTESIAN_POINT('',(22.75,7.,1.));
#326 = LINE('',#327,#328);
#327 = CARTESIAN_POINT('',(22.75,7.,1.));
#328 = VECTOR('',#329,1.);
#329 = DIRECTION('',(0.,-1.,0.));
#330 = ORIENTED_EDGE('',*,*,#331,.F.);
#331 = EDGE_CURVE('',#120,#324,#332,.T.);
#332 = LINE('',#333,#334);
#333 = CARTESIAN_POINT('',(26.75,7.,1.));
#334 = VECTOR('',#335,1.);
#335 = DIRECTION('',(-1.,0.,0.));
#336 = ORIENTED_EDGE('',*,*,#119,.F.);
#337 = FACE_BOUND('',#338,.T.);
#338 = EDGE_LOOP('',(#339));
#339 = ORIENTED_EDGE('',*,*,#340,.T.);
#340 = EDGE_CURVE('',#341,#341,#343,.T.);
#341 = VERTEX_POINT('',#342);
#342 = CARTESIAN_POINT('',(-24.25,-7.62,1.));
#343 = CIRCLE('',#344,0.5);
#344 = AXIS2_PLACEMENT_3D('',#345,#346,#347);
#345 = CARTESIAN_POINT('',(-24.75,-7.62,1.));
#346 = DIRECTION('',(0.,0.,-1.));
#347 = DIRECTION('',(1.,0.,0.));
#348 = FACE_BOUND('',#349,.T.);
#349 = EDGE_LOOP('',(#350));
#350 = ORIENTED_EDGE('',*,*,#351,.T.);
#351 = EDGE_CURVE('',#352,#352,#354,.T.);
#352 = VERTEX_POINT('',#353);
#353 = CARTESIAN_POINT('',(-24.25,-5.08,1.));
#354 = CIRCLE('',#355,0.5);
#355 = AXIS2_PLACEMENT_3D('',#356,#357,#358);
#356 = CARTESIAN_POINT('',(-24.75,-5.08,1.));
#357 = DIRECTION('',(0.,0.,-1.));
#358 = DIRECTION('',(1.,0.,0.));
#359 = FACE_BOUND('',#360,.T.);
#360 = EDGE_LOOP('',(#361));
#361 = ORIENTED_EDGE('',*,*,#362,.T.);
#362 = EDGE_CURVE('',#363,#363,#365,.T.);
#363 = VERTEX_POINT('',#364);
#364 = CARTESIAN_POINT('',(-24.25,-2.54,1.));
#365 = CIRCLE('',#366,0.5);
#366 = AXIS2_PLACEMENT_3D('',#367,#368,#369);
#367 = CARTESIAN_POINT('',(-24.75,-2.54,1.));
#368 = DIRECTION('',(0.,0.,-1.));
#369 = DIRECTION('',(1.,0.,0.));
#370 = FACE_BOUND('',#371,.T.);
#371 = EDGE_LOOP('',(#372));
#372 = ORIENTED_EDGE('',*,*,#373,.F.);
#373 = EDGE_CURVE('',#374,#374,#376,.T.);
#374 = VERTEX_POINT('',#375);
#375 = CARTESIAN_POINT('',(25.75,-9.5,1.));
#376 = CIRCLE('',#377,1.);
#377 = AXIS2_PLACEMENT_3D('',#378,#379,#380);
#378 = CARTESIAN_POINT('',(24.75,-9.5,1.));
#379 = DIRECTION('',(0.,0.,1.));
#380 = DIRECTION('',(1.,0.,0.));
#381 = FACE_BOUND('',#382,.T.);
#382 = EDGE_LOOP('',(#383));
#383 = ORIENTED_EDGE('',*,*,#384,.T.);
#384 = EDGE_CURVE('',#385,#385,#387,.T.);
#385 = VERTEX_POINT('',#386);
#386 = CARTESIAN_POINT('',(-24.25,0.,1.));
#387 = CIRCLE('',#388,0.5);
#388 = AXIS2_PLACEMENT_3D('',#389,#390,#391);
#389 = CARTESIAN_POINT('',(-24.75,0.,1.));
#390 = DIRECTION('',(0.,0.,-1.));
#391 = DIRECTION('',(1.,0.,0.));
#392 = FACE_BOUND('',#393,.T.);
#393 = EDGE_LOOP('',(#394));
#394 = ORIENTED_EDGE('',*,*,#395,.T.);
#395 = EDGE_CURVE('',#396,#396,#398,.T.);
#396 = VERTEX_POINT('',#397);
#397 = CARTESIAN_POINT('',(-24.25,2.54,1.));
#398 = CIRCLE('',#399,0.5);
#399 = AXIS2_PLACEMENT_3D('',#400,#401,#402);
#400 = CARTESIAN_POINT('',(-24.75,2.54,1.));
#401 = DIRECTION('',(0.,0.,-1.));
#402 = DIRECTION('',(1.,0.,0.));
#403 = FACE_BOUND('',#404,.T.);
#404 = EDGE_LOOP('',(#405));
#405 = ORIENTED_EDGE('',*,*,#406,.T.);
#406 = EDGE_CURVE('',#407,#407,#409,.T.);
#407 = VERTEX_POINT('',#408);
#408 = CARTESIAN_POINT('',(-24.25,5.08,1.));
#409 = CIRCLE('',#410,0.5);
#410 = AXIS2_PLACEMENT_3D('',#411,#412,#413);
#411 = CARTESIAN_POINT('',(-24.75,5.08,1.));
#412 = DIRECTION('',(0.,0.,-1.));
#413 = DIRECTION('',(1.,0.,0.));
#414 = FACE_BOUND('',#415,.T.);
#415 = EDGE_LOOP('',(#416));
#416 = ORIENTED_EDGE('',*,*,#417,.T.);
#417 = EDGE_CURVE('',#418,#418,#420,.T.);
#418 = VERTEX_POINT('',#419);
#419 = CARTESIAN_POINT('',(-24.25,7.62,1.));
#420 = CIRCLE('',#421,0.5);
#421 = AXIS2_PLACEMENT_3D('',#422,#423,#424);
#422 = CARTESIAN_POINT('',(-24.75,7.62,1.));
#423 = DIRECTION('',(0.,0.,-1.));
#424 = DIRECTION('',(1.,0.,0.));
#425 = FACE_BOUND('',#426,.T.);
#426 = EDGE_LOOP('',(#427));
#427 = ORIENTED_EDGE('',*,*,#428,.F.);
#428 = EDGE_CURVE('',#429,#429,#431,.T.);
#429 = VERTEX_POINT('',#430);
#430 = CARTESIAN_POINT('',(25.75,9.5,1.));
#431 = CIRCLE('',#432,1.);
#432 = AXIS2_PLACEMENT_3D('',#433,#434,#435);
#433 = CARTESIAN_POINT('',(24.75,9.5,1.));
#434 = DIRECTION('',(0.,0.,1.));
#435 = DIRECTION('',(1.,0.,0.));
#436 = PLANE('',#437);
#437 = AXIS2_PLACEMENT_3D('',#438,#439,#440);
#438 = CARTESIAN_POINT('',(2.32921510265,6.218564506741E-17,1.));
#439 = DIRECTION('',(0.,0.,1.));
#440 = DIRECTION('',(1.,0.,0.));
#441 = ADVANCED_FACE('',(#442),#453,.T.);
#442 = FACE_BOUND('',#443,.T.);
#443 = EDGE_LOOP('',(#444,#450,#451,#452));
#444 = ORIENTED_EDGE('',*,*,#445,.T.);
#445 = EDGE_CURVE('',#152,#300,#446,.T.);
#446 = LINE('',#447,#448);
#447 = CARTESIAN_POINT('',(26.75,-11.5,0.));
#448 = VECTOR('',#449,1.);
#449 = DIRECTION('',(0.,0.,1.));
#450 = ORIENTED_EDGE('',*,*,#299,.T.);
#451 = ORIENTED_EDGE('',*,*,#87,.F.);
#452 = ORIENTED_EDGE('',*,*,#151,.F.);
#453 = PLANE('',#454);
#454 = AXIS2_PLACEMENT_3D('',#455,#456,#457);
#455 = CARTESIAN_POINT('',(26.75,-11.5,0.));
#456 = DIRECTION('',(0.,-1.,0.));
#457 = DIRECTION('',(-1.,0.,0.));
#458 = ADVANCED_FACE('',(#459),#470,.T.);
#459 = FACE_BOUND('',#460,.T.);
#460 = EDGE_LOOP('',(#461,#462,#463,#469));
#461 = ORIENTED_EDGE('',*,*,#127,.T.);
#462 = ORIENTED_EDGE('',*,*,#331,.T.);
#463 = ORIENTED_EDGE('',*,*,#464,.F.);
#464 = EDGE_CURVE('',#176,#324,#465,.T.);
#465 = LINE('',#466,#467);
#466 = CARTESIAN_POINT('',(22.75,7.,0.));
#467 = VECTOR('',#468,1.);
#468 = DIRECTION('',(0.,0.,1.));
#469 = ORIENTED_EDGE('',*,*,#183,.F.);
#470 = PLANE('',#471);
#471 = AXIS2_PLACEMENT_3D('',#472,#473,#474);
#472 = CARTESIAN_POINT('',(26.75,7.,0.));
#473 = DIRECTION('',(0.,-1.,0.));
#474 = DIRECTION('',(-1.,0.,0.));
#475 = ADVANCED_FACE('',(#476),#487,.T.);
#476 = FACE_BOUND('',#477,.T.);
#477 = EDGE_LOOP('',(#478,#484,#485,#486));
#478 = ORIENTED_EDGE('',*,*,#479,.T.);
#479 = EDGE_CURVE('',#160,#308,#480,.T.);
#480 = LINE('',#481,#482);
#481 = CARTESIAN_POINT('',(26.75,-7.,0.));
#482 = VECTOR('',#483,1.);
#483 = DIRECTION('',(0.,0.,1.));
#484 = ORIENTED_EDGE('',*,*,#307,.T.);
#485 = ORIENTED_EDGE('',*,*,#445,.F.);
#486 = ORIENTED_EDGE('',*,*,#159,.F.);
#487 = PLANE('',#488);
#488 = AXIS2_PLACEMENT_3D('',#489,#490,#491);
#489 = CARTESIAN_POINT('',(26.75,-7.,0.));
#490 = DIRECTION('',(1.,-7.894919286223E-16,0.));
#491 = DIRECTION('',(-7.894919286223E-16,-1.,0.));
#492 = ADVANCED_FACE('',(#493),#504,.T.);
#493 = FACE_BOUND('',#494,.T.);
#494 = EDGE_LOOP('',(#495,#496,#497,#503));
#495 = ORIENTED_EDGE('',*,*,#464,.T.);
#496 = ORIENTED_EDGE('',*,*,#323,.T.);
#497 = ORIENTED_EDGE('',*,*,#498,.F.);
#498 = EDGE_CURVE('',#168,#316,#499,.T.);
#499 = LINE('',#500,#501);
#500 = CARTESIAN_POINT('',(22.75,-7.,0.));
#501 = VECTOR('',#502,1.);
#502 = DIRECTION('',(0.,0.,1.));
#503 = ORIENTED_EDGE('',*,*,#175,.F.);
#504 = PLANE('',#505);
#505 = AXIS2_PLACEMENT_3D('',#506,#507,#508);
#506 = CARTESIAN_POINT('',(22.75,7.,0.));
#507 = DIRECTION('',(1.,0.,0.));
#508 = DIRECTION('',(0.,-1.,0.));
#509 = ADVANCED_FACE('',(#510),#516,.T.);
#510 = FACE_BOUND('',#511,.T.);
#511 = EDGE_LOOP('',(#512,#513,#514,#515));
#512 = ORIENTED_EDGE('',*,*,#498,.T.);
#513 = ORIENTED_EDGE('',*,*,#315,.T.);
#514 = ORIENTED_EDGE('',*,*,#479,.F.);
#515 = ORIENTED_EDGE('',*,*,#167,.F.);
#516 = PLANE('',#517);
#517 = AXIS2_PLACEMENT_3D('',#518,#519,#520);
#518 = CARTESIAN_POINT('',(22.75,-7.,0.));
#519 = DIRECTION('',(0.,1.,0.));
#520 = DIRECTION('',(1.,0.,0.));
#521 = ADVANCED_FACE('',(#522),#533,.F.);
#522 = FACE_BOUND('',#523,.T.);
#523 = EDGE_LOOP('',(#524,#525,#531,#532));
#524 = ORIENTED_EDGE('',*,*,#192,.F.);
#525 = ORIENTED_EDGE('',*,*,#526,.T.);
#526 = EDGE_CURVE('',#193,#341,#527,.T.);
#527 = LINE('',#528,#529);
#528 = CARTESIAN_POINT('',(-24.25,-7.62,0.));
#529 = VECTOR('',#530,1.);
#530 = DIRECTION('',(0.,0.,1.));
#531 = ORIENTED_EDGE('',*,*,#340,.F.);
#532 = ORIENTED_EDGE('',*,*,#526,.F.);
#533 = CYLINDRICAL_SURFACE('',#534,0.5);
#534 = AXIS2_PLACEMENT_3D('',#535,#536,#537);
#535 = CARTESIAN_POINT('',(-24.75,-7.62,0.));
#536 = DIRECTION('',(-0.,-0.,-1.));
#537 = DIRECTION('',(1.,0.,0.));
#538 = ADVANCED_FACE('',(#539),#550,.F.);
#539 = FACE_BOUND('',#540,.T.);
#540 = EDGE_LOOP('',(#541,#542,#548,#549));
#541 = ORIENTED_EDGE('',*,*,#203,.F.);
#542 = ORIENTED_EDGE('',*,*,#543,.T.);
#543 = EDGE_CURVE('',#204,#352,#544,.T.);
#544 = LINE('',#545,#546);
#545 = CARTESIAN_POINT('',(-24.25,-5.08,0.));
#546 = VECTOR('',#547,1.);
#547 = DIRECTION('',(0.,0.,1.));
#548 = ORIENTED_EDGE('',*,*,#351,.F.);
#549 = ORIENTED_EDGE('',*,*,#543,.F.);
#550 = CYLINDRICAL_SURFACE('',#551,0.5);
#551 = AXIS2_PLACEMENT_3D('',#552,#553,#554);
#552 = CARTESIAN_POINT('',(-24.75,-5.08,0.));
#553 = DIRECTION('',(-0.,-0.,-1.));
#554 = DIRECTION('',(1.,0.,0.));
#555 = ADVANCED_FACE('',(#556),#567,.F.);
#556 = FACE_BOUND('',#557,.T.);
#557 = EDGE_LOOP('',(#558,#559,#565,#566));
#558 = ORIENTED_EDGE('',*,*,#214,.F.);
#559 = ORIENTED_EDGE('',*,*,#560,.T.);
#560 = EDGE_CURVE('',#215,#363,#561,.T.);
#561 = LINE('',#562,#563);
#562 = CARTESIAN_POINT('',(-24.25,-2.54,0.));
#563 = VECTOR('',#564,1.);
#564 = DIRECTION('',(0.,0.,1.));
#565 = ORIENTED_EDGE('',*,*,#362,.F.);
#566 = ORIENTED_EDGE('',*,*,#560,.F.);
#567 = CYLINDRICAL_SURFACE('',#568,0.5);
#568 = AXIS2_PLACEMENT_3D('',#569,#570,#571);
#569 = CARTESIAN_POINT('',(-24.75,-2.54,0.));
#570 = DIRECTION('',(-0.,-0.,-1.));
#571 = DIRECTION('',(1.,0.,0.));
#572 = ADVANCED_FACE('',(#573),#584,.F.);
#573 = FACE_BOUND('',#574,.T.);
#574 = EDGE_LOOP('',(#575,#581,#582,#583));
#575 = ORIENTED_EDGE('',*,*,#576,.T.);
#576 = EDGE_CURVE('',#226,#374,#577,.T.);
#577 = LINE('',#578,#579);
#578 = CARTESIAN_POINT('',(25.75,-9.5,0.));
#579 = VECTOR('',#580,1.);
#580 = DIRECTION('',(0.,0.,1.));
#581 = ORIENTED_EDGE('',*,*,#373,.T.);
#582 = ORIENTED_EDGE('',*,*,#576,.F.);
#583 = ORIENTED_EDGE('',*,*,#225,.F.);
#584 = CYLINDRICAL_SURFACE('',#585,1.);
#585 = AXIS2_PLACEMENT_3D('',#586,#587,#588);
#586 = CARTESIAN_POINT('',(24.75,-9.5,0.));
#587 = DIRECTION('',(-0.,-0.,-1.));
#588 = DIRECTION('',(1.,0.,0.));
#589 = ADVANCED_FACE('',(#590),#601,.F.);
#590 = FACE_BOUND('',#591,.T.);
#591 = EDGE_LOOP('',(#592,#593,#599,#600));
#592 = ORIENTED_EDGE('',*,*,#236,.F.);
#593 = ORIENTED_EDGE('',*,*,#594,.T.);
#594 = EDGE_CURVE('',#237,#385,#595,.T.);
#595 = LINE('',#596,#597);
#596 = CARTESIAN_POINT('',(-24.25,0.,0.));
#597 = VECTOR('',#598,1.);
#598 = DIRECTION('',(0.,0.,1.));
#599 = ORIENTED_EDGE('',*,*,#384,.F.);
#600 = ORIENTED_EDGE('',*,*,#594,.F.);
#601 = CYLINDRICAL_SURFACE('',#602,0.5);
#602 = AXIS2_PLACEMENT_3D('',#603,#604,#605);
#603 = CARTESIAN_POINT('',(-24.75,0.,0.));
#604 = DIRECTION('',(-0.,-0.,-1.));
#605 = DIRECTION('',(1.,0.,0.));
#606 = ADVANCED_FACE('',(#607),#618,.F.);
#607 = FACE_BOUND('',#608,.T.);
#608 = EDGE_LOOP('',(#609,#610,#616,#617));
#609 = ORIENTED_EDGE('',*,*,#247,.F.);
#610 = ORIENTED_EDGE('',*,*,#611,.T.);
#611 = EDGE_CURVE('',#248,#396,#612,.T.);
#612 = LINE('',#613,#614);
#613 = CARTESIAN_POINT('',(-24.25,2.54,0.));
#614 = VECTOR('',#615,1.);
#615 = DIRECTION('',(0.,0.,1.));
#616 = ORIENTED_EDGE('',*,*,#395,.F.);
#617 = ORIENTED_EDGE('',*,*,#611,.F.);
#618 = CYLINDRICAL_SURFACE('',#619,0.5);
#619 = AXIS2_PLACEMENT_3D('',#620,#621,#622);
#620 = CARTESIAN_POINT('',(-24.75,2.54,0.));
#621 = DIRECTION('',(-0.,-0.,-1.));
#622 = DIRECTION('',(1.,0.,0.));
#623 = ADVANCED_FACE('',(#624),#635,.F.);
#624 = FACE_BOUND('',#625,.T.);
#625 = EDGE_LOOP('',(#626,#627,#633,#634));
#626 = ORIENTED_EDGE('',*,*,#258,.F.);
#627 = ORIENTED_EDGE('',*,*,#628,.T.);
#628 = EDGE_CURVE('',#259,#407,#629,.T.);
#629 = LINE('',#630,#631);
#630 = CARTESIAN_POINT('',(-24.25,5.08,0.));
#631 = VECTOR('',#632,1.);
#632 = DIRECTION('',(0.,0.,1.));
#633 = ORIENTED_EDGE('',*,*,#406,.F.);
#634 = ORIENTED_EDGE('',*,*,#628,.F.);
#635 = CYLINDRICAL_SURFACE('',#636,0.5);
#636 = AXIS2_PLACEMENT_3D('',#637,#638,#639);
#637 = CARTESIAN_POINT('',(-24.75,5.08,0.));
#638 = DIRECTION('',(-0.,-0.,-1.));
#639 = DIRECTION('',(1.,0.,0.));
#640 = ADVANCED_FACE('',(#641),#652,.F.);
#641 = FACE_BOUND('',#642,.T.);
#642 = EDGE_LOOP('',(#643,#644,#650,#651));
#643 = ORIENTED_EDGE('',*,*,#269,.F.);
#644 = ORIENTED_EDGE('',*,*,#645,.T.);
#645 = EDGE_CURVE('',#270,#418,#646,.T.);
#646 = LINE('',#647,#648);
#647 = CARTESIAN_POINT('',(-24.25,7.62,0.));
#648 = VECTOR('',#649,1.);
#649 = DIRECTION('',(0.,0.,1.));
#650 = ORIENTED_EDGE('',*,*,#417,.F.);
#651 = ORIENTED_EDGE('',*,*,#645,.F.);
#652 = CYLINDRICAL_SURFACE('',#653,0.5);
#653 = AXIS2_PLACEMENT_3D('',#654,#655,#656);
#654 = CARTESIAN_POINT('',(-24.75,7.62,0.));
#655 = DIRECTION('',(-0.,-0.,-1.));
#656 = DIRECTION('',(1.,0.,0.));
#657 = ADVANCED_FACE('',(#658),#669,.F.);
#658 = FACE_BOUND('',#659,.T.);
#659 = EDGE_LOOP('',(#660,#666,#667,#668));
#660 = ORIENTED_EDGE('',*,*,#661,.T.);
#661 = EDGE_CURVE('',#281,#429,#662,.T.);
#662 = LINE('',#663,#664);
#663 = CARTESIAN_POINT('',(25.75,9.5,0.));
#664 = VECTOR('',#665,1.);
#665 = DIRECTION('',(0.,0.,1.));
#666 = ORIENTED_EDGE('',*,*,#428,.T.);
#667 = ORIENTED_EDGE('',*,*,#661,.F.);
#668 = ORIENTED_EDGE('',*,*,#280,.F.);
#669 = CYLINDRICAL_SURFACE('',#670,1.);
#670 = AXIS2_PLACEMENT_3D('',#671,#672,#673);
#671 = CARTESIAN_POINT('',(24.75,9.5,0.));
#672 = DIRECTION('',(-0.,-0.,-1.));
#673 = DIRECTION('',(1.,0.,0.));
#674 = ( GEOMETRIC_REPRESENTATION_CONTEXT(3) 
GLOBAL_UNCERTAINTY_ASSIGNED_CONTEXT((#678)) GLOBAL_UNIT_ASSIGNED_CONTEXT
((#675,#676,#677)) REPRESENTATION_CONTEXT('Context #1',
  '3D Context with UNIT and UNCERTAINTY') );
#675 = ( LENGTH_UNIT() NAMED_UNIT(*) SI_UNIT(.MILLI.,.METRE.) );
#676 = ( NAMED_UNIT(*) PLANE_ANGLE_UNIT() SI_UNIT($,.RADIAN.) );
#677 = ( NAMED_UNIT(*) SI_UNIT($,.STERADIAN.) SOLID_ANGLE_UNIT() );
#678 = UNCERTAINTY_MEASURE_WITH_UNIT(LENGTH_MEASURE(1.E-07),#675,
  'distance_accuracy_value','confusion accuracy');
#679 = CONTEXT_DEPENDENT_SHAPE_REPRESENTATION(#680,#682);
#680 = ( REPRESENTATION_RELATIONSHIP('','',#40,#10) 
REPRESENTATION_RELATIONSHIP_WITH_TRANSFORMATION(#681) 
SHAPE_REPRESENTATION_RELATIONSHIP() );
#681 = ITEM_DEFINED_TRANSFORMATION('','',#11,#15);
#682 = PRODUCT_DEFINITION_SHAPE('Placement','Placement of an item',#683
  );
#683 = NEXT_ASSEMBLY_USAGE_OCCURRENCE('4','pcb','',#5,#35,$);
#684 = PRODUCT_RELATED_PRODUCT_CATEGORY('part',$,(#37));
#685 = SHAPE_DEFINITION_REPRESENTATION(#686,#692);
#686 = PRODUCT_DEFINITION_SHAPE('','',#687);
#687 = PRODUCT_DEFINITION('design','',#688,#691);
#688 = PRODUCT_DEFINITION_FORMATION('','',#689);
#689 = PRODUCT('panel','panel','',(#690));
#690 = PRODUCT_CONTEXT('',#2,'mechanical');
#691 = PRODUCT_DEFINITION_CONTEXT('part definition',#2,'design');
#692 = ADVANCED_BREP_SHAPE_REPRESENTATION('',(#11,#693),#985);
#693 = MANIFOLD_SOLID_BREP('',#694);
#694 = CLOSED_SHELL('',(#695,#735,#766,#797,#814,#865,#877,#908,#932,
    #956,#973));
#695 = ADVANCED_FACE('',(#696),#730,.F.);
#696 = FACE_BOUND('',#697,.F.);
#697 = EDGE_LOOP('',(#698,#708,#716,#724));
#698 = ORIENTED_EDGE('',*,*,#699,.T.);
#699 = EDGE_CURVE('',#700,#702,#704,.T.);
#700 = VERTEX_POINT('',#701);
#701 = CARTESIAN_POINT('',(-21.85,11.25,0.));
#702 = VERTEX_POINT('',#703);
#703 = CARTESIAN_POINT('',(-21.85,11.25,1.56));
#704 = LINE('',#705,#706);
#705 = CARTESIAN_POINT('',(-21.85,11.25,0.));
#706 = VECTOR('',#707,1.);
#707 = DIRECTION('',(0.,0.,1.));
#708 = ORIENTED_EDGE('',*,*,#709,.T.);
#709 = EDGE_CURVE('',#702,#710,#712,.T.);
#710 = VERTEX_POINT('',#711);
#711 = CARTESIAN_POINT('',(-21.85,-11.25,1.56));
#712 = LINE('',#713,#714);
#713 = CARTESIAN_POINT('',(-21.85,11.25,1.56));
#714 = VECTOR('',#715,1.);
#715 = DIRECTION('',(0.,-1.,0.));
#716 = ORIENTED_EDGE('',*,*,#717,.F.);
#717 = EDGE_CURVE('',#718,#710,#720,.T.);
#718 = VERTEX_POINT('',#719);
#719 = CARTESIAN_POINT('',(-21.85,-11.25,0.));
#720 = LINE('',#721,#722);
#721 = CARTESIAN_POINT('',(-21.85,-11.25,0.));
#722 = VECTOR('',#723,1.);
#723 = DIRECTION('',(0.,0.,1.));
#724 = ORIENTED_EDGE('',*,*,#725,.F.);
#725 = EDGE_CURVE('',#700,#718,#726,.T.);
#726 = LINE('',#727,#728);
#727 = CARTESIAN_POINT('',(-21.85,11.25,0.));
#728 = VECTOR('',#729,1.);
#729 = DIRECTION('',(0.,-1.,0.));
#730 = PLANE('',#731);
#731 = AXIS2_PLACEMENT_3D('',#732,#733,#734);
#732 = CARTESIAN_POINT('',(-21.85,11.25,0.));
#733 = DIRECTION('',(1.,0.,0.));
#734 = DIRECTION('',(0.,-1.,0.));
#735 = ADVANCED_FACE('',(#736),#761,.F.);
#736 = FACE_BOUND('',#737,.F.);
#737 = EDGE_LOOP('',(#738,#748,#754,#755));
#738 = ORIENTED_EDGE('',*,*,#739,.T.);
#739 = EDGE_CURVE('',#740,#742,#744,.T.);
#740 = VERTEX_POINT('',#741);
#741 = CARTESIAN_POINT('',(21.65,11.25,0.));
#742 = VERTEX_POINT('',#743);
#743 = CARTESIAN_POINT('',(21.65,11.25,1.56));
#744 = LINE('',#745,#746);
#745 = CARTESIAN_POINT('',(21.65,11.25,0.));
#746 = VECTOR('',#747,1.);
#747 = DIRECTION('',(0.,0.,1.));
#748 = ORIENTED_EDGE('',*,*,#749,.T.);
#749 = EDGE_CURVE('',#742,#702,#750,.T.);
#750 = LINE('',#751,#752);
#751 = CARTESIAN_POINT('',(21.65,11.25,1.56));
#752 = VECTOR('',#753,1.);
#753 = DIRECTION('',(-1.,0.,0.));
#754 = ORIENTED_EDGE('',*,*,#699,.F.);
#755 = ORIENTED_EDGE('',*,*,#756,.F.);
#756 = EDGE_CURVE('',#740,#700,#757,.T.);
#757 = LINE('',#758,#759);
#758 = CARTESIAN_POINT('',(21.65,11.25,0.));
#759 = VECTOR('',#760,1.);
#760 = DIRECTION('',(-1.,0.,0.));
#761 = PLANE('',#762);
#762 = AXIS2_PLACEMENT_3D('',#763,#764,#765);
#763 = CARTESIAN_POINT('',(21.65,11.25,0.));
#764 = DIRECTION('',(0.,-1.,0.));
#765 = DIRECTION('',(-1.,0.,0.));
#766 = ADVANCED_FACE('',(#767),#792,.F.);
#767 = FACE_BOUND('',#768,.F.);
#768 = EDGE_LOOP('',(#769,#770,#778,#786));
#769 = ORIENTED_EDGE('',*,*,#717,.T.);
#770 = ORIENTED_EDGE('',*,*,#771,.T.);
#771 = EDGE_CURVE('',#710,#772,#774,.T.);
#772 = VERTEX_POINT('',#773);
#773 = CARTESIAN_POINT('',(21.65,-11.25,1.56));
#774 = LINE('',#775,#776);
#775 = CARTESIAN_POINT('',(-21.85,-11.25,1.56));
#776 = VECTOR('',#777,1.);
#777 = DIRECTION('',(1.,0.,0.));
#778 = ORIENTED_EDGE('',*,*,#779,.F.);
#779 = EDGE_CURVE('',#780,#772,#782,.T.);
#780 = VERTEX_POINT('',#781);
#781 = CARTESIAN_POINT('',(21.65,-11.25,0.));
#782 = LINE('',#783,#784);
#783 = CARTESIAN_POINT('',(21.65,-11.25,0.));
#784 = VECTOR('',#785,1.);
#785 = DIRECTION('',(0.,0.,1.));
#786 = ORIENTED_EDGE('',*,*,#787,.F.);
#787 = EDGE_CURVE('',#718,#780,#788,.T.);
#788 = LINE('',#789,#790);
#789 = CARTESIAN_POINT('',(-21.85,-11.25,0.));
#790 = VECTOR('',#791,1.);
#791 = DIRECTION('',(1.,0.,0.));
#792 = PLANE('',#793);
#793 = AXIS2_PLACEMENT_3D('',#794,#795,#796);
#794 = CARTESIAN_POINT('',(-21.85,-11.25,0.));
#795 = DIRECTION('',(0.,1.,0.));
#796 = DIRECTION('',(1.,0.,0.));
#797 = ADVANCED_FACE('',(#798),#809,.F.);
#798 = FACE_BOUND('',#799,.F.);
#799 = EDGE_LOOP('',(#800,#801,#802,#808));
#800 = ORIENTED_EDGE('',*,*,#725,.T.);
#801 = ORIENTED_EDGE('',*,*,#787,.T.);
#802 = ORIENTED_EDGE('',*,*,#803,.T.);
#803 = EDGE_CURVE('',#780,#740,#804,.T.);
#804 = LINE('',#805,#806);
#805 = CARTESIAN_POINT('',(21.65,-11.25,0.));
#806 = VECTOR('',#807,1.);
#807 = DIRECTION('',(0.,1.,0.));
#808 = ORIENTED_EDGE('',*,*,#756,.T.);
#809 = PLANE('',#810);
#810 = AXIS2_PLACEMENT_3D('',#811,#812,#813);
#811 = CARTESIAN_POINT('',(-9.999999999999E-02,0.,0.));
#812 = DIRECTION('',(0.,0.,1.));
#813 = DIRECTION('',(1.,0.,0.));
#814 = ADVANCED_FACE('',(#815,#826),#860,.T.);
#815 = FACE_BOUND('',#816,.T.);
#816 = EDGE_LOOP('',(#817,#818,#819,#825));
#817 = ORIENTED_EDGE('',*,*,#709,.T.);
#818 = ORIENTED_EDGE('',*,*,#771,.T.);
#819 = ORIENTED_EDGE('',*,*,#820,.T.);
#820 = EDGE_CURVE('',#772,#742,#821,.T.);
#821 = LINE('',#822,#823);
#822 = CARTESIAN_POINT('',(21.65,-11.25,1.56));
#823 = VECTOR('',#824,1.);
#824 = DIRECTION('',(0.,1.,0.));
#825 = ORIENTED_EDGE('',*,*,#749,.T.);
#826 = FACE_BOUND('',#827,.T.);
#827 = EDGE_LOOP('',(#828,#838,#846,#854));
#828 = ORIENTED_EDGE('',*,*,#829,.F.);
#829 = EDGE_CURVE('',#830,#832,#834,.T.);
#830 = VERTEX_POINT('',#831);
#831 = CARTESIAN_POINT('',(-19.35,8.75,1.56));
#832 = VERTEX_POINT('',#833);
#833 = CARTESIAN_POINT('',(-19.35,-8.75,1.56));
#834 = LINE('',#835,#836);
#835 = CARTESIAN_POINT('',(-19.35,4.375,1.56));
#836 = VECTOR('',#837,1.);
#837 = DIRECTION('',(0.,-1.,0.));
#838 = ORIENTED_EDGE('',*,*,#839,.F.);
#839 = EDGE_CURVE('',#840,#830,#842,.T.);
#840 = VERTEX_POINT('',#841);
#841 = CARTESIAN_POINT('',(15.67,8.75,1.56));
#842 = LINE('',#843,#844);
#843 = CARTESIAN_POINT('',(7.785,8.75,1.56));
#844 = VECTOR('',#845,1.);
#845 = DIRECTION('',(-1.,0.,0.));
#846 = ORIENTED_EDGE('',*,*,#847,.F.);
#847 = EDGE_CURVE('',#848,#840,#850,.T.);
#848 = VERTEX_POINT('',#849);
#849 = CARTESIAN_POINT('',(15.67,-8.75,1.56));
#850 = LINE('',#851,#852);
#851 = CARTESIAN_POINT('',(15.67,-4.375,1.56));
#852 = VECTOR('',#853,1.);
#853 = DIRECTION('',(0.,1.,0.));
#854 = ORIENTED_EDGE('',*,*,#855,.F.);
#855 = EDGE_CURVE('',#832,#848,#856,.T.);
#856 = LINE('',#857,#858);
#857 = CARTESIAN_POINT('',(-9.725,-8.75,1.56));
#858 = VECTOR('',#859,1.);
#859 = DIRECTION('',(1.,0.,0.));
#860 = PLANE('',#861);
#861 = AXIS2_PLACEMENT_3D('',#862,#863,#864);
#862 = CARTESIAN_POINT('',(-9.999999999999E-02,0.,1.56));
#863 = DIRECTION('',(0.,0.,1.));
#864 = DIRECTION('',(1.,0.,0.));
#865 = ADVANCED_FACE('',(#866),#872,.F.);
#866 = FACE_BOUND('',#867,.F.);
#867 = EDGE_LOOP('',(#868,#869,#870,#871));
#868 = ORIENTED_EDGE('',*,*,#779,.T.);
#869 = ORIENTED_EDGE('',*,*,#820,.T.);
#870 = ORIENTED_EDGE('',*,*,#739,.F.);
#871 = ORIENTED_EDGE('',*,*,#803,.F.);
#872 = PLANE('',#873);
#873 = AXIS2_PLACEMENT_3D('',#874,#875,#876);
#874 = CARTESIAN_POINT('',(21.65,-11.25,0.));
#875 = DIRECTION('',(-1.,0.,0.));
#876 = DIRECTION('',(0.,1.,0.));
#877 = ADVANCED_FACE('',(#878),#903,.F.);
#878 = FACE_BOUND('',#879,.F.);
#879 = EDGE_LOOP('',(#880,#881,#889,#897));
#880 = ORIENTED_EDGE('',*,*,#829,.F.);
#881 = ORIENTED_EDGE('',*,*,#882,.T.);
#882 = EDGE_CURVE('',#830,#883,#885,.T.);
#883 = VERTEX_POINT('',#884);
#884 = CARTESIAN_POINT('',(-19.35,8.75,1.4));
#885 = LINE('',#886,#887);
#886 = CARTESIAN_POINT('',(-19.35,8.75,2.));
#887 = VECTOR('',#888,1.);
#888 = DIRECTION('',(-0.,-0.,-1.));
#889 = ORIENTED_EDGE('',*,*,#890,.T.);
#890 = EDGE_CURVE('',#883,#891,#893,.T.);
#891 = VERTEX_POINT('',#892);
#892 = CARTESIAN_POINT('',(-19.35,-8.75,1.4));
#893 = LINE('',#894,#895);
#894 = CARTESIAN_POINT('',(-19.35,8.75,1.4));
#895 = VECTOR('',#896,1.);
#896 = DIRECTION('',(0.,-1.,0.));
#897 = ORIENTED_EDGE('',*,*,#898,.F.);
#898 = EDGE_CURVE('',#832,#891,#899,.T.);
#899 = LINE('',#900,#901);
#900 = CARTESIAN_POINT('',(-19.35,-8.75,2.));
#901 = VECTOR('',#902,1.);
#902 = DIRECTION('',(-0.,-0.,-1.));
#903 = PLANE('',#904);
#904 = AXIS2_PLACEMENT_3D('',#905,#906,#907);
#905 = CARTESIAN_POINT('',(-19.35,8.75,2.));
#906 = DIRECTION('',(-1.,0.,0.));
#907 = DIRECTION('',(0.,-1.,0.));
#908 = ADVANCED_FACE('',(#909),#927,.F.);
#909 = FACE_BOUND('',#910,.F.);
#910 = EDGE_LOOP('',(#911,#912,#913,#921));
#911 = ORIENTED_EDGE('',*,*,#855,.F.);
#912 = ORIENTED_EDGE('',*,*,#898,.T.);
#913 = ORIENTED_EDGE('',*,*,#914,.T.);
#914 = EDGE_CURVE('',#891,#915,#917,.T.);
#915 = VERTEX_POINT('',#916);
#916 = CARTESIAN_POINT('',(15.67,-8.75,1.4));
#917 = LINE('',#918,#919);
#918 = CARTESIAN_POINT('',(-19.35,-8.75,1.4));
#919 = VECTOR('',#920,1.);
#920 = DIRECTION('',(1.,0.,0.));
#921 = ORIENTED_EDGE('',*,*,#922,.F.);
#922 = EDGE_CURVE('',#848,#915,#923,.T.);
#923 = LINE('',#924,#925);
#924 = CARTESIAN_POINT('',(15.67,-8.75,2.));
#925 = VECTOR('',#926,1.);
#926 = DIRECTION('',(-0.,-0.,-1.));
#927 = PLANE('',#928);
#928 = AXIS2_PLACEMENT_3D('',#929,#930,#931);
#929 = CARTESIAN_POINT('',(-19.35,-8.75,2.));
#930 = DIRECTION('',(0.,-1.,0.));
#931 = DIRECTION('',(1.,0.,0.));
#932 = ADVANCED_FACE('',(#933),#951,.F.);
#933 = FACE_BOUND('',#934,.F.);
#934 = EDGE_LOOP('',(#935,#936,#937,#945));
#935 = ORIENTED_EDGE('',*,*,#847,.F.);
#936 = ORIENTED_EDGE('',*,*,#922,.T.);
#937 = ORIENTED_EDGE('',*,*,#938,.T.);
#938 = EDGE_CURVE('',#915,#939,#941,.T.);
#939 = VERTEX_POINT('',#940);
#940 = CARTESIAN_POINT('',(15.67,8.75,1.4));
#941 = LINE('',#942,#943);
#942 = CARTESIAN_POINT('',(15.67,-8.75,1.4));
#943 = VECTOR('',#944,1.);
#944 = DIRECTION('',(0.,1.,0.));
#945 = ORIENTED_EDGE('',*,*,#946,.F.);
#946 = EDGE_CURVE('',#840,#939,#947,.T.);
#947 = LINE('',#948,#949);
#948 = CARTESIAN_POINT('',(15.67,8.75,2.));
#949 = VECTOR('',#950,1.);
#950 = DIRECTION('',(-0.,-0.,-1.));
#951 = PLANE('',#952);
#952 = AXIS2_PLACEMENT_3D('',#953,#954,#955);
#953 = CARTESIAN_POINT('',(15.67,-8.75,2.));
#954 = DIRECTION('',(1.,0.,0.));
#955 = DIRECTION('',(0.,1.,0.));
#956 = ADVANCED_FACE('',(#957),#968,.F.);
#957 = FACE_BOUND('',#958,.F.);
#958 = EDGE_LOOP('',(#959,#960,#961,#967));
#959 = ORIENTED_EDGE('',*,*,#839,.F.);
#960 = ORIENTED_EDGE('',*,*,#946,.T.);
#961 = ORIENTED_EDGE('',*,*,#962,.T.);
#962 = EDGE_CURVE('',#939,#883,#963,.T.);
#963 = LINE('',#964,#965);
#964 = CARTESIAN_POINT('',(15.67,8.75,1.4));
#965 = VECTOR('',#966,1.);
#966 = DIRECTION('',(-1.,0.,0.));
#967 = ORIENTED_EDGE('',*,*,#882,.F.);
#968 = PLANE('',#969);
#969 = AXIS2_PLACEMENT_3D('',#970,#971,#972);
#970 = CARTESIAN_POINT('',(15.67,8.75,2.));
#971 = DIRECTION('',(0.,1.,0.));
#972 = DIRECTION('',(-1.,0.,0.));
#973 = ADVANCED_FACE('',(#974),#980,.T.);
#974 = FACE_BOUND('',#975,.T.);
#975 = EDGE_LOOP('',(#976,#977,#978,#979));
#976 = ORIENTED_EDGE('',*,*,#890,.T.);
#977 = ORIENTED_EDGE('',*,*,#914,.T.);
#978 = ORIENTED_EDGE('',*,*,#938,.T.);
#979 = ORIENTED_EDGE('',*,*,#962,.T.);
#980 = PLANE('',#981);
#981 = AXIS2_PLACEMENT_3D('',#982,#983,#984);
#982 = CARTESIAN_POINT('',(-1.84,0.,1.4));
#983 = DIRECTION('',(0.,0.,1.));
#984 = DIRECTION('',(1.,0.,0.));
#985 = ( GEOMETRIC_REPRESENTATION_CONTEXT(3) 
GLOBAL_UNCERTAINTY_ASSIGNED_CONTEXT((#989)) GLOBAL_UNIT_ASSIGNED_CONTEXT
((#986,#987,#988)) REPRESENTATION_CONTEXT('Context #1',
  '3D Context with UNIT and UNCERTAINTY') );
#986 = ( LENGTH_UNIT() NAMED_UNIT(*) SI_UNIT(.MILLI.,.METRE.) );
#987 = ( NAMED_UNIT(*) PLANE_ANGLE_UNIT() SI_UNIT($,.RADIAN.) );
#988 = ( NAMED_UNIT(*) SI_UNIT($,.STERADIAN.) SOLID_ANGLE_UNIT() );
#989 = UNCERTAINTY_MEASURE_WITH_UNIT(LENGTH_MEASURE(5.E-06),#986,
  'distance_accuracy_value','confusion accuracy');
#990 = CONTEXT_DEPENDENT_SHAPE_REPRESENTATION(#991,#993);
#991 = ( REPRESENTATION_RELATIONSHIP('','',#692,#10) 
REPRESENTATION_RELATIONSHIP_WITH_TRANSFORMATION(#992) 
SHAPE_REPRESENTATION_RELATIONSHIP() );
#992 = ITEM_DEFINED_TRANSFORMATION('','',#11,#19);
#993 = PRODUCT_DEFINITION_SHAPE('Placement','Placement of an item',#994
  );
#994 = NEXT_ASSEMBLY_USAGE_OCCURRENCE('5','panel','',#5,#687,$);
#995 = PRODUCT_RELATED_PRODUCT_CATEGORY('part',$,(#689));
#996 = SHAPE_DEFINITION_REPRESENTATION(#997,#1003);
#997 = PRODUCT_DEFINITION_SHAPE('','',#998);
#998 = PRODUCT_DEFINITION('design','',#999,#1002);
#999 = PRODUCT_DEFINITION_FORMATION('','',#1000);
#1000 = PRODUCT('PinHeader_1x07_P254mm_Vertical',
  'PinHeader_1x07_P254mm_Vertical','',(#1001));
#1001 = PRODUCT_CONTEXT('',#2,'mechanical');
#1002 = PRODUCT_DEFINITION_CONTEXT('part definition',#2,'design');
#1003 = ADVANCED_BREP_SHAPE_REPRESENTATION('',(#11,#1004),#5806);
#1004 = MANIFOLD_SOLID_BREP('',#1005);
#1005 = CLOSED_SHELL('',(#1006,#1046,#1077,#1108,#1683,#2258,#2275,#2292
    ,#2309,#2326,#2343,#2360,#2377,#2394,#2411,#2428,#2445,#2462,#2479,
    #2496,#2513,#2530,#2547,#2564,#2581,#2598,#2615,#2632,#2649,#2666,
    #2683,#2700,#2717,#2734,#2751,#2768,#2785,#2802,#2819,#2836,#2853,
    #2870,#2887,#2904,#2921,#2938,#2950,#2981,#3005,#3029,#3046,#3077,
    #3101,#3125,#3142,#3173,#3197,#3221,#3238,#3269,#3293,#3317,#3334,
    #3365,#3389,#3413,#3430,#3461,#3485,#3509,#3526,#3557,#3581,#3605,
    #3622,#3653,#3677,#3701,#3718,#3749,#3773,#3797,#3814,#3845,#3869,
    #3893,#3910,#3941,#3965,#3989,#4006,#4037,#4061,#4085,#4102,#4133,
    #4157,#4181,#4198,#4229,#4253,#4277,#4294,#4325,#4349,#4373,#4390,
    #4421,#4445,#4469,#4486,#4517,#4541,#4565,#4582,#4613,#4637,#4661,
    #4678,#4709,#4733,#4757,#4774,#4805,#4829,#4853,#4870,#4901,#4925,
    #4949,#4966,#4997,#5021,#5045,#5062,#5093,#5117,#5141,#5158,#5189,
    #5213,#5237,#5254,#5285,#5309,#5333,#5350,#5381,#5405,#5429,#5446,
    #5477,#5501,#5525,#5542,#5573,#5597,#5621,#5638,#5650,#5662,#5674,
    #5686,#5698,#5710,#5722,#5734,#5746,#5758,#5770,#5782,#5794));
#1006 = ADVANCED_FACE('',(#1007),#1041,.F.);
#1007 = FACE_BOUND('',#1008,.F.);
#1008 = EDGE_LOOP('',(#1009,#1019,#1027,#1035));
#1009 = ORIENTED_EDGE('',*,*,#1010,.T.);
#1010 = EDGE_CURVE('',#1011,#1013,#1015,.T.);
#1011 = VERTEX_POINT('',#1012);
#1012 = CARTESIAN_POINT('',(-1.016,1.27,0.));
#1013 = VERTEX_POINT('',#1014);
#1014 = CARTESIAN_POINT('',(-1.016,1.27,2.54));
#1015 = LINE('',#1016,#1017);
#1016 = CARTESIAN_POINT('',(-1.016,1.27,0.));
#1017 = VECTOR('',#1018,1.);
#1018 = DIRECTION('',(0.,0.,1.));
#1019 = ORIENTED_EDGE('',*,*,#1020,.T.);
#1020 = EDGE_CURVE('',#1013,#1021,#1023,.T.);
#1021 = VERTEX_POINT('',#1022);
#1022 = CARTESIAN_POINT('',(-1.27,1.016,2.54));
#1023 = LINE('',#1024,#1025);
#1024 = CARTESIAN_POINT('',(-1.016,1.27,2.54));
#1025 = VECTOR('',#1026,1.);
#1026 = DIRECTION('',(-0.707106781187,-0.707106781187,0.));
#1027 = ORIENTED_EDGE('',*,*,#1028,.F.);
#1028 = EDGE_CURVE('',#1029,#1021,#1031,.T.);
#1029 = VERTEX_POINT('',#1030);
#1030 = CARTESIAN_POINT('',(-1.27,1.016,0.));
#1031 = LINE('',#1032,#1033);
#1032 = CARTESIAN_POINT('',(-1.27,1.016,0.));
#1033 = VECTOR('',#1034,1.);
#1034 = DIRECTION('',(0.,0.,1.));
#1035 = ORIENTED_EDGE('',*,*,#1036,.F.);
#1036 = EDGE_CURVE('',#1011,#1029,#1037,.T.);
#1037 = LINE('',#1038,#1039);
#1038 = CARTESIAN_POINT('',(-1.016,1.27,0.));
#1039 = VECTOR('',#1040,1.);
#1040 = DIRECTION('',(-0.707106781187,-0.707106781187,0.));
#1041 = PLANE('',#1042);
#1042 = AXIS2_PLACEMENT_3D('',#1043,#1044,#1045);
#1043 = CARTESIAN_POINT('',(-1.016,1.27,0.));
#1044 = DIRECTION('',(0.707106781187,-0.707106781187,0.));
#1045 = DIRECTION('',(-0.707106781187,-0.707106781187,0.));
#1046 = ADVANCED_FACE('',(#1047),#1072,.F.);
#1047 = FACE_BOUND('',#1048,.F.);
#1048 = EDGE_LOOP('',(#1049,#1059,#1065,#1066));
#1049 = ORIENTED_EDGE('',*,*,#1050,.T.);
#1050 = EDGE_CURVE('',#1051,#1053,#1055,.T.);
#1051 = VERTEX_POINT('',#1052);
#1052 = CARTESIAN_POINT('',(1.016,1.27,0.));
#1053 = VERTEX_POINT('',#1054);
#1054 = CARTESIAN_POINT('',(1.016,1.27,2.54));
#1055 = LINE('',#1056,#1057);
#1056 = CARTESIAN_POINT('',(1.016,1.27,0.));
#1057 = VECTOR('',#1058,1.);
#1058 = DIRECTION('',(0.,0.,1.));
#1059 = ORIENTED_EDGE('',*,*,#1060,.T.);
#1060 = EDGE_CURVE('',#1053,#1013,#1061,.T.);
#1061 = LINE('',#1062,#1063);
#1062 = CARTESIAN_POINT('',(1.016,1.27,2.54));
#1063 = VECTOR('',#1064,1.);
#1064 = DIRECTION('',(-1.,0.,0.));
#1065 = ORIENTED_EDGE('',*,*,#1010,.F.);
#1066 = ORIENTED_EDGE('',*,*,#1067,.F.);
#1067 = EDGE_CURVE('',#1051,#1011,#1068,.T.);
#1068 = LINE('',#1069,#1070);
#1069 = CARTESIAN_POINT('',(1.016,1.27,0.));
#1070 = VECTOR('',#1071,1.);
#1071 = DIRECTION('',(-1.,0.,0.));
#1072 = PLANE('',#1073);
#1073 = AXIS2_PLACEMENT_3D('',#1074,#1075,#1076);
#1074 = CARTESIAN_POINT('',(1.016,1.27,0.));
#1075 = DIRECTION('',(0.,-1.,0.));
#1076 = DIRECTION('',(-1.,0.,0.));
#1077 = ADVANCED_FACE('',(#1078),#1103,.F.);
#1078 = FACE_BOUND('',#1079,.F.);
#1079 = EDGE_LOOP('',(#1080,#1081,#1089,#1097));
#1080 = ORIENTED_EDGE('',*,*,#1028,.T.);
#1081 = ORIENTED_EDGE('',*,*,#1082,.T.);
#1082 = EDGE_CURVE('',#1021,#1083,#1085,.T.);
#1083 = VERTEX_POINT('',#1084);
#1084 = CARTESIAN_POINT('',(-1.27,-1.016,2.54));
#1085 = LINE('',#1086,#1087);
#1086 = CARTESIAN_POINT('',(-1.27,1.016,2.54));
#1087 = VECTOR('',#1088,1.);
#1088 = DIRECTION('',(0.,-1.,0.));
#1089 = ORIENTED_EDGE('',*,*,#1090,.F.);
#1090 = EDGE_CURVE('',#1091,#1083,#1093,.T.);
#1091 = VERTEX_POINT('',#1092);
#1092 = CARTESIAN_POINT('',(-1.27,-1.016,0.));
#1093 = LINE('',#1094,#1095);
#1094 = CARTESIAN_POINT('',(-1.27,-1.016,0.));
#1095 = VECTOR('',#1096,1.);
#1096 = DIRECTION('',(0.,0.,1.));
#1097 = ORIENTED_EDGE('',*,*,#1098,.F.);
#1098 = EDGE_CURVE('',#1029,#1091,#1099,.T.);
#1099 = LINE('',#1100,#1101);
#1100 = CARTESIAN_POINT('',(-1.27,1.016,0.));
#1101 = VECTOR('',#1102,1.);
#1102 = DIRECTION('',(0.,-1.,0.));
#1103 = PLANE('',#1104);
#1104 = AXIS2_PLACEMENT_3D('',#1105,#1106,#1107);
#1105 = CARTESIAN_POINT('',(-1.27,1.016,0.));
#1106 = DIRECTION('',(1.,0.,0.));
#1107 = DIRECTION('',(0.,-1.,0.));
#1108 = ADVANCED_FACE('',(#1109,#1440,#1474,#1508,#1542,#1576,#1610,
    #1644),#1678,.F.);
#1109 = FACE_BOUND('',#1110,.F.);
#1110 = EDGE_LOOP('',(#1111,#1112,#1113,#1121,#1129,#1137,#1145,#1153,
    #1161,#1169,#1177,#1185,#1193,#1201,#1209,#1217,#1225,#1233,#1241,
    #1249,#1257,#1265,#1273,#1281,#1289,#1297,#1305,#1313,#1321,#1329,
    #1337,#1345,#1353,#1361,#1369,#1377,#1385,#1393,#1401,#1409,#1417,
    #1425,#1433,#1439));
#1111 = ORIENTED_EDGE('',*,*,#1036,.T.);
#1112 = ORIENTED_EDGE('',*,*,#1098,.T.);
#1113 = ORIENTED_EDGE('',*,*,#1114,.T.);
#1114 = EDGE_CURVE('',#1091,#1115,#1117,.T.);
#1115 = VERTEX_POINT('',#1116);
#1116 = CARTESIAN_POINT('',(-1.016,-1.27,0.));
#1117 = LINE('',#1118,#1119);
#1118 = CARTESIAN_POINT('',(-1.27,-1.016,0.));
#1119 = VECTOR('',#1120,1.);
#1120 = DIRECTION('',(0.707106781187,-0.707106781187,0.));
#1121 = ORIENTED_EDGE('',*,*,#1122,.T.);
#1122 = EDGE_CURVE('',#1115,#1123,#1125,.T.);
#1123 = VERTEX_POINT('',#1124);
#1124 = CARTESIAN_POINT('',(-1.27,-1.524,0.));
#1125 = LINE('',#1126,#1127);
#1126 = CARTESIAN_POINT('',(-1.016,-1.27,0.));
#1127 = VECTOR('',#1128,1.);
#1128 = DIRECTION('',(-0.707106781187,-0.707106781187,0.));
#1129 = ORIENTED_EDGE('',*,*,#1130,.T.);
#1130 = EDGE_CURVE('',#1123,#1131,#1133,.T.);
#1131 = VERTEX_POINT('',#1132);
#1132 = CARTESIAN_POINT('',(-1.27,-3.556,0.));
#1133 = LINE('',#1134,#1135);
#1134 = CARTESIAN_POINT('',(-1.27,-1.524,0.));
#1135 = VECTOR('',#1136,1.);
#1136 = DIRECTION('',(0.,-1.,0.));
#1137 = ORIENTED_EDGE('',*,*,#1138,.T.);
#1138 = EDGE_CURVE('',#1131,#1139,#1141,.T.);
#1139 = VERTEX_POINT('',#1140);
#1140 = CARTESIAN_POINT('',(-1.016,-3.81,0.));
#1141 = LINE('',#1142,#1143);
#1142 = CARTESIAN_POINT('',(-1.27,-3.556,0.));
#1143 = VECTOR('',#1144,1.);
#1144 = DIRECTION('',(0.707106781187,-0.707106781187,0.));
#1145 = ORIENTED_EDGE('',*,*,#1146,.T.);
#1146 = EDGE_CURVE('',#1139,#1147,#1149,.T.);
#1147 = VERTEX_POINT('',#1148);
#1148 = CARTESIAN_POINT('',(-1.27,-4.064,0.));
#1149 = LINE('',#1150,#1151);
#1150 = CARTESIAN_POINT('',(-1.016,-3.81,0.));
#1151 = VECTOR('',#1152,1.);
#1152 = DIRECTION('',(-0.707106781187,-0.707106781187,0.));
#1153 = ORIENTED_EDGE('',*,*,#1154,.T.);
#1154 = EDGE_CURVE('',#1147,#1155,#1157,.T.);
#1155 = VERTEX_POINT('',#1156);
#1156 = CARTESIAN_POINT('',(-1.27,-6.096,0.));
#1157 = LINE('',#1158,#1159);
#1158 = CARTESIAN_POINT('',(-1.27,-4.064,0.));
#1159 = VECTOR('',#1160,1.);
#1160 = DIRECTION('',(0.,-1.,0.));
#1161 = ORIENTED_EDGE('',*,*,#1162,.T.);
#1162 = EDGE_CURVE('',#1155,#1163,#1165,.T.);
#1163 = VERTEX_POINT('',#1164);
#1164 = CARTESIAN_POINT('',(-1.016,-6.35,0.));
#1165 = LINE('',#1166,#1167);
#1166 = CARTESIAN_POINT('',(-1.27,-6.096,0.));
#1167 = VECTOR('',#1168,1.);
#1168 = DIRECTION('',(0.707106781187,-0.707106781187,0.));
#1169 = ORIENTED_EDGE('',*,*,#1170,.T.);
#1170 = EDGE_CURVE('',#1163,#1171,#1173,.T.);
#1171 = VERTEX_POINT('',#1172);
#1172 = CARTESIAN_POINT('',(-1.27,-6.604,0.));
#1173 = LINE('',#1174,#1175);
#1174 = CARTESIAN_POINT('',(-1.016,-6.35,0.));
#1175 = VECTOR('',#1176,1.);
#1176 = DIRECTION('',(-0.707106781187,-0.707106781187,0.));
#1177 = ORIENTED_EDGE('',*,*,#1178,.T.);
#1178 = EDGE_CURVE('',#1171,#1179,#1181,.T.);
#1179 = VERTEX_POINT('',#1180);
#1180 = CARTESIAN_POINT('',(-1.27,-8.636,0.));
#1181 = LINE('',#1182,#1183);
#1182 = CARTESIAN_POINT('',(-1.27,-6.604,0.));
#1183 = VECTOR('',#1184,1.);
#1184 = DIRECTION('',(0.,-1.,0.));
#1185 = ORIENTED_EDGE('',*,*,#1186,.T.);
#1186 = EDGE_CURVE('',#1179,#1187,#1189,.T.);
#1187 = VERTEX_POINT('',#1188);
#1188 = CARTESIAN_POINT('',(-1.016,-8.89,0.));
#1189 = LINE('',#1190,#1191);
#1190 = CARTESIAN_POINT('',(-1.27,-8.636,0.));
#1191 = VECTOR('',#1192,1.);
#1192 = DIRECTION('',(0.707106781187,-0.707106781187,0.));
#1193 = ORIENTED_EDGE('',*,*,#1194,.T.);
#1194 = EDGE_CURVE('',#1187,#1195,#1197,.T.);
#1195 = VERTEX_POINT('',#1196);
#1196 = CARTESIAN_POINT('',(-1.27,-9.144,0.));
#1197 = LINE('',#1198,#1199);
#1198 = CARTESIAN_POINT('',(-1.016,-8.89,0.));
#1199 = VECTOR('',#1200,1.);
#1200 = DIRECTION('',(-0.707106781187,-0.707106781187,0.));
#1201 = ORIENTED_EDGE('',*,*,#1202,.T.);
#1202 = EDGE_CURVE('',#1195,#1203,#1205,.T.);
#1203 = VERTEX_POINT('',#1204);
#1204 = CARTESIAN_POINT('',(-1.27,-11.176,0.));
#1205 = LINE('',#1206,#1207);
#1206 = CARTESIAN_POINT('',(-1.27,-9.144,0.));
#1207 = VECTOR('',#1208,1.);
#1208 = DIRECTION('',(0.,-1.,0.));
#1209 = ORIENTED_EDGE('',*,*,#1210,.T.);
#1210 = EDGE_CURVE('',#1203,#1211,#1213,.T.);
#1211 = VERTEX_POINT('',#1212);
#1212 = CARTESIAN_POINT('',(-1.016,-11.43,0.));
#1213 = LINE('',#1214,#1215);
#1214 = CARTESIAN_POINT('',(-1.27,-11.176,0.));
#1215 = VECTOR('',#1216,1.);
#1216 = DIRECTION('',(0.707106781187,-0.707106781187,0.));
#1217 = ORIENTED_EDGE('',*,*,#1218,.T.);
#1218 = EDGE_CURVE('',#1211,#1219,#1221,.T.);
#1219 = VERTEX_POINT('',#1220);
#1220 = CARTESIAN_POINT('',(-1.27,-11.684,0.));
#1221 = LINE('',#1222,#1223);
#1222 = CARTESIAN_POINT('',(-1.016,-11.43,0.));
#1223 = VECTOR('',#1224,1.);
#1224 = DIRECTION('',(-0.707106781187,-0.707106781187,0.));
#1225 = ORIENTED_EDGE('',*,*,#1226,.T.);
#1226 = EDGE_CURVE('',#1219,#1227,#1229,.T.);
#1227 = VERTEX_POINT('',#1228);
#1228 = CARTESIAN_POINT('',(-1.27,-13.716,0.));
#1229 = LINE('',#1230,#1231);
#1230 = CARTESIAN_POINT('',(-1.27,-11.684,0.));
#1231 = VECTOR('',#1232,1.);
#1232 = DIRECTION('',(0.,-1.,0.));
#1233 = ORIENTED_EDGE('',*,*,#1234,.T.);
#1234 = EDGE_CURVE('',#1227,#1235,#1237,.T.);
#1235 = VERTEX_POINT('',#1236);
#1236 = CARTESIAN_POINT('',(-1.016,-13.97,0.));
#1237 = LINE('',#1238,#1239);
#1238 = CARTESIAN_POINT('',(-1.27,-13.716,0.));
#1239 = VECTOR('',#1240,1.);
#1240 = DIRECTION('',(0.707106781187,-0.707106781187,0.));
#1241 = ORIENTED_EDGE('',*,*,#1242,.T.);
#1242 = EDGE_CURVE('',#1235,#1243,#1245,.T.);
#1243 = VERTEX_POINT('',#1244);
#1244 = CARTESIAN_POINT('',(-1.27,-14.224,0.));
#1245 = LINE('',#1246,#1247);
#1246 = CARTESIAN_POINT('',(-1.016,-13.97,0.));
#1247 = VECTOR('',#1248,1.);
#1248 = DIRECTION('',(-0.707106781187,-0.707106781187,0.));
#1249 = ORIENTED_EDGE('',*,*,#1250,.T.);
#1250 = EDGE_CURVE('',#1243,#1251,#1253,.T.);
#1251 = VERTEX_POINT('',#1252);
#1252 = CARTESIAN_POINT('',(-1.27,-16.256,0.));
#1253 = LINE('',#1254,#1255);
#1254 = CARTESIAN_POINT('',(-1.27,-14.224,0.));
#1255 = VECTOR('',#1256,1.);
#1256 = DIRECTION('',(0.,-1.,0.));
#1257 = ORIENTED_EDGE('',*,*,#1258,.T.);
#1258 = EDGE_CURVE('',#1251,#1259,#1261,.T.);
#1259 = VERTEX_POINT('',#1260);
#1260 = CARTESIAN_POINT('',(-1.016,-16.51,0.));
#1261 = LINE('',#1262,#1263);
#1262 = CARTESIAN_POINT('',(-1.27,-16.256,0.));
#1263 = VECTOR('',#1264,1.);
#1264 = DIRECTION('',(0.707106781187,-0.707106781187,0.));
#1265 = ORIENTED_EDGE('',*,*,#1266,.T.);
#1266 = EDGE_CURVE('',#1259,#1267,#1269,.T.);
#1267 = VERTEX_POINT('',#1268);
#1268 = CARTESIAN_POINT('',(1.016,-16.51,0.));
#1269 = LINE('',#1270,#1271);
#1270 = CARTESIAN_POINT('',(-1.016,-16.51,0.));
#1271 = VECTOR('',#1272,1.);
#1272 = DIRECTION('',(1.,0.,0.));
#1273 = ORIENTED_EDGE('',*,*,#1274,.T.);
#1274 = EDGE_CURVE('',#1267,#1275,#1277,.T.);
#1275 = VERTEX_POINT('',#1276);
#1276 = CARTESIAN_POINT('',(1.27,-16.256,0.));
#1277 = LINE('',#1278,#1279);
#1278 = CARTESIAN_POINT('',(1.016,-16.51,0.));
#1279 = VECTOR('',#1280,1.);
#1280 = DIRECTION('',(0.707106781187,0.707106781187,0.));
#1281 = ORIENTED_EDGE('',*,*,#1282,.T.);
#1282 = EDGE_CURVE('',#1275,#1283,#1285,.T.);
#1283 = VERTEX_POINT('',#1284);
#1284 = CARTESIAN_POINT('',(1.27,-14.224,0.));
#1285 = LINE('',#1286,#1287);
#1286 = CARTESIAN_POINT('',(1.27,-16.256,0.));
#1287 = VECTOR('',#1288,1.);
#1288 = DIRECTION('',(0.,1.,0.));
#1289 = ORIENTED_EDGE('',*,*,#1290,.T.);
#1290 = EDGE_CURVE('',#1283,#1291,#1293,.T.);
#1291 = VERTEX_POINT('',#1292);
#1292 = CARTESIAN_POINT('',(1.016,-13.97,0.));
#1293 = LINE('',#1294,#1295);
#1294 = CARTESIAN_POINT('',(1.27,-14.224,0.));
#1295 = VECTOR('',#1296,1.);
#1296 = DIRECTION('',(-0.707106781187,0.707106781187,0.));
#1297 = ORIENTED_EDGE('',*,*,#1298,.T.);
#1298 = EDGE_CURVE('',#1291,#1299,#1301,.T.);
#1299 = VERTEX_POINT('',#1300);
#1300 = CARTESIAN_POINT('',(1.27,-13.716,0.));
#1301 = LINE('',#1302,#1303);
#1302 = CARTESIAN_POINT('',(1.016,-13.97,0.));
#1303 = VECTOR('',#1304,1.);
#1304 = DIRECTION('',(0.707106781187,0.707106781187,0.));
#1305 = ORIENTED_EDGE('',*,*,#1306,.T.);
#1306 = EDGE_CURVE('',#1299,#1307,#1309,.T.);
#1307 = VERTEX_POINT('',#1308);
#1308 = CARTESIAN_POINT('',(1.27,-11.684,0.));
#1309 = LINE('',#1310,#1311);
#1310 = CARTESIAN_POINT('',(1.27,-13.716,0.));
#1311 = VECTOR('',#1312,1.);
#1312 = DIRECTION('',(0.,1.,0.));
#1313 = ORIENTED_EDGE('',*,*,#1314,.T.);
#1314 = EDGE_CURVE('',#1307,#1315,#1317,.T.);
#1315 = VERTEX_POINT('',#1316);
#1316 = CARTESIAN_POINT('',(1.016,-11.43,0.));
#1317 = LINE('',#1318,#1319);
#1318 = CARTESIAN_POINT('',(1.27,-11.684,0.));
#1319 = VECTOR('',#1320,1.);
#1320 = DIRECTION('',(-0.707106781187,0.707106781187,0.));
#1321 = ORIENTED_EDGE('',*,*,#1322,.T.);
#1322 = EDGE_CURVE('',#1315,#1323,#1325,.T.);
#1323 = VERTEX_POINT('',#1324);
#1324 = CARTESIAN_POINT('',(1.27,-11.176,0.));
#1325 = LINE('',#1326,#1327);
#1326 = CARTESIAN_POINT('',(1.016,-11.43,0.));
#1327 = VECTOR('',#1328,1.);
#1328 = DIRECTION('',(0.707106781187,0.707106781187,0.));
#1329 = ORIENTED_EDGE('',*,*,#1330,.T.);
#1330 = EDGE_CURVE('',#1323,#1331,#1333,.T.);
#1331 = VERTEX_POINT('',#1332);
#1332 = CARTESIAN_POINT('',(1.27,-9.144,0.));
#1333 = LINE('',#1334,#1335);
#1334 = CARTESIAN_POINT('',(1.27,-11.176,0.));
#1335 = VECTOR('',#1336,1.);
#1336 = DIRECTION('',(0.,1.,0.));
#1337 = ORIENTED_EDGE('',*,*,#1338,.T.);
#1338 = EDGE_CURVE('',#1331,#1339,#1341,.T.);
#1339 = VERTEX_POINT('',#1340);
#1340 = CARTESIAN_POINT('',(1.016,-8.89,0.));
#1341 = LINE('',#1342,#1343);
#1342 = CARTESIAN_POINT('',(1.27,-9.144,0.));
#1343 = VECTOR('',#1344,1.);
#1344 = DIRECTION('',(-0.707106781187,0.707106781187,0.));
#1345 = ORIENTED_EDGE('',*,*,#1346,.T.);
#1346 = EDGE_CURVE('',#1339,#1347,#1349,.T.);
#1347 = VERTEX_POINT('',#1348);
#1348 = CARTESIAN_POINT('',(1.27,-8.636,0.));
#1349 = LINE('',#1350,#1351);
#1350 = CARTESIAN_POINT('',(1.016,-8.89,0.));
#1351 = VECTOR('',#1352,1.);
#1352 = DIRECTION('',(0.707106781187,0.707106781187,0.));
#1353 = ORIENTED_EDGE('',*,*,#1354,.T.);
#1354 = EDGE_CURVE('',#1347,#1355,#1357,.T.);
#1355 = VERTEX_POINT('',#1356);
#1356 = CARTESIAN_POINT('',(1.27,-6.604,0.));
#1357 = LINE('',#1358,#1359);
#1358 = CARTESIAN_POINT('',(1.27,-8.636,0.));
#1359 = VECTOR('',#1360,1.);
#1360 = DIRECTION('',(0.,1.,0.));
#1361 = ORIENTED_EDGE('',*,*,#1362,.T.);
#1362 = EDGE_CURVE('',#1355,#1363,#1365,.T.);
#1363 = VERTEX_POINT('',#1364);
#1364 = CARTESIAN_POINT('',(1.016,-6.35,0.));
#1365 = LINE('',#1366,#1367);
#1366 = CARTESIAN_POINT('',(1.27,-6.604,0.));
#1367 = VECTOR('',#1368,1.);
#1368 = DIRECTION('',(-0.707106781187,0.707106781187,0.));
#1369 = ORIENTED_EDGE('',*,*,#1370,.T.);
#1370 = EDGE_CURVE('',#1363,#1371,#1373,.T.);
#1371 = VERTEX_POINT('',#1372);
#1372 = CARTESIAN_POINT('',(1.27,-6.096,0.));
#1373 = LINE('',#1374,#1375);
#1374 = CARTESIAN_POINT('',(1.016,-6.35,0.));
#1375 = VECTOR('',#1376,1.);
#1376 = DIRECTION('',(0.707106781187,0.707106781187,0.));
#1377 = ORIENTED_EDGE('',*,*,#1378,.T.);
#1378 = EDGE_CURVE('',#1371,#1379,#1381,.T.);
#1379 = VERTEX_POINT('',#1380);
#1380 = CARTESIAN_POINT('',(1.27,-4.064,0.));
#1381 = LINE('',#1382,#1383);
#1382 = CARTESIAN_POINT('',(1.27,-6.096,0.));
#1383 = VECTOR('',#1384,1.);
#1384 = DIRECTION('',(0.,1.,0.));
#1385 = ORIENTED_EDGE('',*,*,#1386,.T.);
#1386 = EDGE_CURVE('',#1379,#1387,#1389,.T.);
#1387 = VERTEX_POINT('',#1388);
#1388 = CARTESIAN_POINT('',(1.016,-3.81,0.));
#1389 = LINE('',#1390,#1391);
#1390 = CARTESIAN_POINT('',(1.27,-4.064,0.));
#1391 = VECTOR('',#1392,1.);
#1392 = DIRECTION('',(-0.707106781187,0.707106781187,0.));
#1393 = ORIENTED_EDGE('',*,*,#1394,.T.);
#1394 = EDGE_CURVE('',#1387,#1395,#1397,.T.);
#1395 = VERTEX_POINT('',#1396);
#1396 = CARTESIAN_POINT('',(1.27,-3.556,0.));
#1397 = LINE('',#1398,#1399);
#1398 = CARTESIAN_POINT('',(1.016,-3.81,0.));
#1399 = VECTOR('',#1400,1.);
#1400 = DIRECTION('',(0.707106781187,0.707106781187,0.));
#1401 = ORIENTED_EDGE('',*,*,#1402,.T.);
#1402 = EDGE_CURVE('',#1395,#1403,#1405,.T.);
#1403 = VERTEX_POINT('',#1404);
#1404 = CARTESIAN_POINT('',(1.27,-1.524,0.));
#1405 = LINE('',#1406,#1407);
#1406 = CARTESIAN_POINT('',(1.27,-3.556,0.));
#1407 = VECTOR('',#1408,1.);
#1408 = DIRECTION('',(0.,1.,0.));
#1409 = ORIENTED_EDGE('',*,*,#1410,.T.);
#1410 = EDGE_CURVE('',#1403,#1411,#1413,.T.);
#1411 = VERTEX_POINT('',#1412);
#1412 = CARTESIAN_POINT('',(1.016,-1.27,0.));
#1413 = LINE('',#1414,#1415);
#1414 = CARTESIAN_POINT('',(1.27,-1.524,0.));
#1415 = VECTOR('',#1416,1.);
#1416 = DIRECTION('',(-0.707106781187,0.707106781187,0.));
#1417 = ORIENTED_EDGE('',*,*,#1418,.T.);
#1418 = EDGE_CURVE('',#1411,#1419,#1421,.T.);
#1419 = VERTEX_POINT('',#1420);
#1420 = CARTESIAN_POINT('',(1.27,-1.016,0.));
#1421 = LINE('',#1422,#1423);
#1422 = CARTESIAN_POINT('',(1.016,-1.27,0.));
#1423 = VECTOR('',#1424,1.);
#1424 = DIRECTION('',(0.707106781187,0.707106781187,0.));
#1425 = ORIENTED_EDGE('',*,*,#1426,.T.);
#1426 = EDGE_CURVE('',#1419,#1427,#1429,.T.);
#1427 = VERTEX_POINT('',#1428);
#1428 = CARTESIAN_POINT('',(1.27,1.016,0.));
#1429 = LINE('',#1430,#1431);
#1430 = CARTESIAN_POINT('',(1.27,-1.016,0.));
#1431 = VECTOR('',#1432,1.);
#1432 = DIRECTION('',(0.,1.,0.));
#1433 = ORIENTED_EDGE('',*,*,#1434,.T.);
#1434 = EDGE_CURVE('',#1427,#1051,#1435,.T.);
#1435 = LINE('',#1436,#1437);
#1436 = CARTESIAN_POINT('',(1.27,1.016,0.));
#1437 = VECTOR('',#1438,1.);
#1438 = DIRECTION('',(-0.707106781187,0.707106781187,0.));
#1439 = ORIENTED_EDGE('',*,*,#1067,.T.);
#1440 = FACE_BOUND('',#1441,.F.);
#1441 = EDGE_LOOP('',(#1442,#1452,#1460,#1468));
#1442 = ORIENTED_EDGE('',*,*,#1443,.F.);
#1443 = EDGE_CURVE('',#1444,#1446,#1448,.T.);
#1444 = VERTEX_POINT('',#1445);
#1445 = CARTESIAN_POINT('',(0.32,-12.38,0.));
#1446 = VERTEX_POINT('',#1447);
#1447 = CARTESIAN_POINT('',(-0.32,-12.38,0.));
#1448 = LINE('',#1449,#1450);
#1449 = CARTESIAN_POINT('',(-0.16,-12.38,0.));
#1450 = VECTOR('',#1451,1.);
#1451 = DIRECTION('',(-1.,0.,0.));
#1452 = ORIENTED_EDGE('',*,*,#1453,.F.);
#1453 = EDGE_CURVE('',#1454,#1444,#1456,.T.);
#1454 = VERTEX_POINT('',#1455);
#1455 = CARTESIAN_POINT('',(0.32,-13.02,0.));
#1456 = LINE('',#1457,#1458);
#1457 = CARTESIAN_POINT('',(0.32,-10.32,0.));
#1458 = VECTOR('',#1459,1.);
#1459 = DIRECTION('',(0.,1.,0.));
#1460 = ORIENTED_EDGE('',*,*,#1461,.T.);
#1461 = EDGE_CURVE('',#1454,#1462,#1464,.T.);
#1462 = VERTEX_POINT('',#1463);
#1463 = CARTESIAN_POINT('',(-0.32,-13.02,0.));
#1464 = LINE('',#1465,#1466);
#1465 = CARTESIAN_POINT('',(-0.16,-13.02,0.));
#1466 = VECTOR('',#1467,1.);
#1467 = DIRECTION('',(-1.,0.,0.));
#1468 = ORIENTED_EDGE('',*,*,#1469,.T.);
#1469 = EDGE_CURVE('',#1462,#1446,#1470,.T.);
#1470 = LINE('',#1471,#1472);
#1471 = CARTESIAN_POINT('',(-0.32,-10.32,0.));
#1472 = VECTOR('',#1473,1.);
#1473 = DIRECTION('',(0.,1.,0.));
#1474 = FACE_BOUND('',#1475,.F.);
#1475 = EDGE_LOOP('',(#1476,#1486,#1494,#1502));
#1476 = ORIENTED_EDGE('',*,*,#1477,.F.);
#1477 = EDGE_CURVE('',#1478,#1480,#1482,.T.);
#1478 = VERTEX_POINT('',#1479);
#1479 = CARTESIAN_POINT('',(0.32,-15.56,0.));
#1480 = VERTEX_POINT('',#1481);
#1481 = CARTESIAN_POINT('',(0.32,-14.92,0.));
#1482 = LINE('',#1483,#1484);
#1483 = CARTESIAN_POINT('',(0.32,-11.59,0.));
#1484 = VECTOR('',#1485,1.);
#1485 = DIRECTION('',(0.,1.,0.));
#1486 = ORIENTED_EDGE('',*,*,#1487,.T.);
#1487 = EDGE_CURVE('',#1478,#1488,#1490,.T.);
#1488 = VERTEX_POINT('',#1489);
#1489 = CARTESIAN_POINT('',(-0.32,-15.56,0.));
#1490 = LINE('',#1491,#1492);
#1491 = CARTESIAN_POINT('',(-0.16,-15.56,0.));
#1492 = VECTOR('',#1493,1.);
#1493 = DIRECTION('',(-1.,0.,0.));
#1494 = ORIENTED_EDGE('',*,*,#1495,.T.);
#1495 = EDGE_CURVE('',#1488,#1496,#1498,.T.);
#1496 = VERTEX_POINT('',#1497);
#1497 = CARTESIAN_POINT('',(-0.32,-14.92,0.));
#1498 = LINE('',#1499,#1500);
#1499 = CARTESIAN_POINT('',(-0.32,-11.59,0.));
#1500 = VECTOR('',#1501,1.);
#1501 = DIRECTION('',(0.,1.,0.));
#1502 = ORIENTED_EDGE('',*,*,#1503,.F.);
#1503 = EDGE_CURVE('',#1480,#1496,#1504,.T.);
#1504 = LINE('',#1505,#1506);
#1505 = CARTESIAN_POINT('',(-0.16,-14.92,0.));
#1506 = VECTOR('',#1507,1.);
#1507 = DIRECTION('',(-1.,0.,0.));
#1508 = FACE_BOUND('',#1509,.F.);
#1509 = EDGE_LOOP('',(#1510,#1520,#1528,#1536));
#1510 = ORIENTED_EDGE('',*,*,#1511,.F.);
#1511 = EDGE_CURVE('',#1512,#1514,#1516,.T.);
#1512 = VERTEX_POINT('',#1513);
#1513 = CARTESIAN_POINT('',(0.32,-9.84,0.));
#1514 = VERTEX_POINT('',#1515);
#1515 = CARTESIAN_POINT('',(-0.32,-9.84,0.));
#1516 = LINE('',#1517,#1518);
#1517 = CARTESIAN_POINT('',(-0.16,-9.84,0.));
#1518 = VECTOR('',#1519,1.);
#1519 = DIRECTION('',(-1.,0.,0.));
#1520 = ORIENTED_EDGE('',*,*,#1521,.F.);
#1521 = EDGE_CURVE('',#1522,#1512,#1524,.T.);
#1522 = VERTEX_POINT('',#1523);
#1523 = CARTESIAN_POINT('',(0.32,-10.48,0.));
#1524 = LINE('',#1525,#1526);
#1525 = CARTESIAN_POINT('',(0.32,-9.05,0.));
#1526 = VECTOR('',#1527,1.);
#1527 = DIRECTION('',(0.,1.,0.));
#1528 = ORIENTED_EDGE('',*,*,#1529,.T.);
#1529 = EDGE_CURVE('',#1522,#1530,#1532,.T.);
#1530 = VERTEX_POINT('',#1531);
#1531 = CARTESIAN_POINT('',(-0.32,-10.48,0.));
#1532 = LINE('',#1533,#1534);
#1533 = CARTESIAN_POINT('',(-0.16,-10.48,0.));
#1534 = VECTOR('',#1535,1.);
#1535 = DIRECTION('',(-1.,0.,0.));
#1536 = ORIENTED_EDGE('',*,*,#1537,.T.);
#1537 = EDGE_CURVE('',#1530,#1514,#1538,.T.);
#1538 = LINE('',#1539,#1540);
#1539 = CARTESIAN_POINT('',(-0.32,-9.05,0.));
#1540 = VECTOR('',#1541,1.);
#1541 = DIRECTION('',(0.,1.,0.));
#1542 = FACE_BOUND('',#1543,.F.);
#1543 = EDGE_LOOP('',(#1544,#1554,#1562,#1570));
#1544 = ORIENTED_EDGE('',*,*,#1545,.F.);
#1545 = EDGE_CURVE('',#1546,#1548,#1550,.T.);
#1546 = VERTEX_POINT('',#1547);
#1547 = CARTESIAN_POINT('',(0.32,-2.86,0.));
#1548 = VERTEX_POINT('',#1549);
#1549 = CARTESIAN_POINT('',(0.32,-2.22,0.));
#1550 = LINE('',#1551,#1552);
#1551 = CARTESIAN_POINT('',(0.32,-5.24,0.));
#1552 = VECTOR('',#1553,1.);
#1553 = DIRECTION('',(0.,1.,0.));
#1554 = ORIENTED_EDGE('',*,*,#1555,.T.);
#1555 = EDGE_CURVE('',#1546,#1556,#1558,.T.);
#1556 = VERTEX_POINT('',#1557);
#1557 = CARTESIAN_POINT('',(-0.32,-2.86,0.));
#1558 = LINE('',#1559,#1560);
#1559 = CARTESIAN_POINT('',(-0.16,-2.86,0.));
#1560 = VECTOR('',#1561,1.);
#1561 = DIRECTION('',(-1.,0.,0.));
#1562 = ORIENTED_EDGE('',*,*,#1563,.T.);
#1563 = EDGE_CURVE('',#1556,#1564,#1566,.T.);
#1564 = VERTEX_POINT('',#1565);
#1565 = CARTESIAN_POINT('',(-0.32,-2.22,0.));
#1566 = LINE('',#1567,#1568);
#1567 = CARTESIAN_POINT('',(-0.32,-5.24,0.));
#1568 = VECTOR('',#1569,1.);
#1569 = DIRECTION('',(0.,1.,0.));
#1570 = ORIENTED_EDGE('',*,*,#1571,.F.);
#1571 = EDGE_CURVE('',#1548,#1564,#1572,.T.);
#1572 = LINE('',#1573,#1574);
#1573 = CARTESIAN_POINT('',(-0.16,-2.22,0.));
#1574 = VECTOR('',#1575,1.);
#1575 = DIRECTION('',(-1.,0.,0.));
#1576 = FACE_BOUND('',#1577,.F.);
#1577 = EDGE_LOOP('',(#1578,#1588,#1596,#1604));
#1578 = ORIENTED_EDGE('',*,*,#1579,.T.);
#1579 = EDGE_CURVE('',#1580,#1582,#1584,.T.);
#1580 = VERTEX_POINT('',#1581);
#1581 = CARTESIAN_POINT('',(0.32,-5.4,0.));
#1582 = VERTEX_POINT('',#1583);
#1583 = CARTESIAN_POINT('',(-0.32,-5.4,0.));
#1584 = LINE('',#1585,#1586);
#1585 = CARTESIAN_POINT('',(-0.16,-5.4,0.));
#1586 = VECTOR('',#1587,1.);
#1587 = DIRECTION('',(-1.,0.,0.));
#1588 = ORIENTED_EDGE('',*,*,#1589,.T.);
#1589 = EDGE_CURVE('',#1582,#1590,#1592,.T.);
#1590 = VERTEX_POINT('',#1591);
#1591 = CARTESIAN_POINT('',(-0.32,-4.76,0.));
#1592 = LINE('',#1593,#1594);
#1593 = CARTESIAN_POINT('',(-0.32,-6.51,0.));
#1594 = VECTOR('',#1595,1.);
#1595 = DIRECTION('',(0.,1.,0.));
#1596 = ORIENTED_EDGE('',*,*,#1597,.F.);
#1597 = EDGE_CURVE('',#1598,#1590,#1600,.T.);
#1598 = VERTEX_POINT('',#1599);
#1599 = CARTESIAN_POINT('',(0.32,-4.76,0.));
#1600 = LINE('',#1601,#1602);
#1601 = CARTESIAN_POINT('',(-0.16,-4.76,0.));
#1602 = VECTOR('',#1603,1.);
#1603 = DIRECTION('',(-1.,0.,0.));
#1604 = ORIENTED_EDGE('',*,*,#1605,.F.);
#1605 = EDGE_CURVE('',#1580,#1598,#1606,.T.);
#1606 = LINE('',#1607,#1608);
#1607 = CARTESIAN_POINT('',(0.32,-6.51,0.));
#1608 = VECTOR('',#1609,1.);
#1609 = DIRECTION('',(0.,1.,0.));
#1610 = FACE_BOUND('',#1611,.F.);
#1611 = EDGE_LOOP('',(#1612,#1622,#1630,#1638));
#1612 = ORIENTED_EDGE('',*,*,#1613,.F.);
#1613 = EDGE_CURVE('',#1614,#1616,#1618,.T.);
#1614 = VERTEX_POINT('',#1615);
#1615 = CARTESIAN_POINT('',(0.32,-7.94,0.));
#1616 = VERTEX_POINT('',#1617);
#1617 = CARTESIAN_POINT('',(0.32,-7.3,0.));
#1618 = LINE('',#1619,#1620);
#1619 = CARTESIAN_POINT('',(0.32,-7.78,0.));
#1620 = VECTOR('',#1621,1.);
#1621 = DIRECTION('',(0.,1.,0.));
#1622 = ORIENTED_EDGE('',*,*,#1623,.T.);
#1623 = EDGE_CURVE('',#1614,#1624,#1626,.T.);
#1624 = VERTEX_POINT('',#1625);
#1625 = CARTESIAN_POINT('',(-0.32,-7.94,0.));
#1626 = LINE('',#1627,#1628);
#1627 = CARTESIAN_POINT('',(-0.16,-7.94,0.));
#1628 = VECTOR('',#1629,1.);
#1629 = DIRECTION('',(-1.,0.,0.));
#1630 = ORIENTED_EDGE('',*,*,#1631,.T.);
#1631 = EDGE_CURVE('',#1624,#1632,#1634,.T.);
#1632 = VERTEX_POINT('',#1633);
#1633 = CARTESIAN_POINT('',(-0.32,-7.3,0.));
#1634 = LINE('',#1635,#1636);
#1635 = CARTESIAN_POINT('',(-0.32,-7.78,0.));
#1636 = VECTOR('',#1637,1.);
#1637 = DIRECTION('',(0.,1.,0.));
#1638 = ORIENTED_EDGE('',*,*,#1639,.F.);
#1639 = EDGE_CURVE('',#1616,#1632,#1640,.T.);
#1640 = LINE('',#1641,#1642);
#1641 = CARTESIAN_POINT('',(-0.16,-7.3,0.));
#1642 = VECTOR('',#1643,1.);
#1643 = DIRECTION('',(-1.,0.,0.));
#1644 = FACE_BOUND('',#1645,.F.);
#1645 = EDGE_LOOP('',(#1646,#1656,#1664,#1672));
#1646 = ORIENTED_EDGE('',*,*,#1647,.T.);
#1647 = EDGE_CURVE('',#1648,#1650,#1652,.T.);
#1648 = VERTEX_POINT('',#1649);
#1649 = CARTESIAN_POINT('',(0.32,-0.32,0.));
#1650 = VERTEX_POINT('',#1651);
#1651 = CARTESIAN_POINT('',(-0.32,-0.32,0.));
#1652 = LINE('',#1653,#1654);
#1653 = CARTESIAN_POINT('',(-0.16,-0.32,0.));
#1654 = VECTOR('',#1655,1.);
#1655 = DIRECTION('',(-1.,0.,0.));
#1656 = ORIENTED_EDGE('',*,*,#1657,.T.);
#1657 = EDGE_CURVE('',#1650,#1658,#1660,.T.);
#1658 = VERTEX_POINT('',#1659);
#1659 = CARTESIAN_POINT('',(-0.32,0.32,0.));
#1660 = LINE('',#1661,#1662);
#1661 = CARTESIAN_POINT('',(-0.32,-3.97,0.));
#1662 = VECTOR('',#1663,1.);
#1663 = DIRECTION('',(0.,1.,0.));
#1664 = ORIENTED_EDGE('',*,*,#1665,.F.);
#1665 = EDGE_CURVE('',#1666,#1658,#1668,.T.);
#1666 = VERTEX_POINT('',#1667);
#1667 = CARTESIAN_POINT('',(0.32,0.32,0.));
#1668 = LINE('',#1669,#1670);
#1669 = CARTESIAN_POINT('',(-0.16,0.32,0.));
#1670 = VECTOR('',#1671,1.);
#1671 = DIRECTION('',(-1.,0.,0.));
#1672 = ORIENTED_EDGE('',*,*,#1673,.F.);
#1673 = EDGE_CURVE('',#1648,#1666,#1674,.T.);
#1674 = LINE('',#1675,#1676);
#1675 = CARTESIAN_POINT('',(0.32,-3.97,0.));
#1676 = VECTOR('',#1677,1.);
#1677 = DIRECTION('',(0.,1.,0.));
#1678 = PLANE('',#1679);
#1679 = AXIS2_PLACEMENT_3D('',#1680,#1681,#1682);
#1680 = CARTESIAN_POINT('',(-1.56480052915E-17,-7.62,0.));
#1681 = DIRECTION('',(0.,0.,1.));
#1682 = DIRECTION('',(1.,0.,-0.));
#1683 = ADVANCED_FACE('',(#1684,#2015,#2049,#2083,#2117,#2151,#2185,
    #2219),#2253,.T.);
#1684 = FACE_BOUND('',#1685,.T.);
#1685 = EDGE_LOOP('',(#1686,#1687,#1688,#1696,#1704,#1712,#1720,#1728,
    #1736,#1744,#1752,#1760,#1768,#1776,#1784,#1792,#1800,#1808,#1816,
    #1824,#1832,#1840,#1848,#1856,#1864,#1872,#1880,#1888,#1896,#1904,
    #1912,#1920,#1928,#1936,#1944,#1952,#1960,#1968,#1976,#1984,#1992,
    #2000,#2008,#2014));
#1686 = ORIENTED_EDGE('',*,*,#1020,.T.);
#1687 = ORIENTED_EDGE('',*,*,#1082,.T.);
#1688 = ORIENTED_EDGE('',*,*,#1689,.T.);
#1689 = EDGE_CURVE('',#1083,#1690,#1692,.T.);
#1690 = VERTEX_POINT('',#1691);
#1691 = CARTESIAN_POINT('',(-1.016,-1.27,2.54));
#1692 = LINE('',#1693,#1694);
#1693 = CARTESIAN_POINT('',(-1.27,-1.016,2.54));
#1694 = VECTOR('',#1695,1.);
#1695 = DIRECTION('',(0.707106781187,-0.707106781187,0.));
#1696 = ORIENTED_EDGE('',*,*,#1697,.T.);
#1697 = EDGE_CURVE('',#1690,#1698,#1700,.T.);
#1698 = VERTEX_POINT('',#1699);
#1699 = CARTESIAN_POINT('',(-1.27,-1.524,2.54));
#1700 = LINE('',#1701,#1702);
#1701 = CARTESIAN_POINT('',(-1.016,-1.27,2.54));
#1702 = VECTOR('',#1703,1.);
#1703 = DIRECTION('',(-0.707106781187,-0.707106781187,0.));
#1704 = ORIENTED_EDGE('',*,*,#1705,.T.);
#1705 = EDGE_CURVE('',#1698,#1706,#1708,.T.);
#1706 = VERTEX_POINT('',#1707);
#1707 = CARTESIAN_POINT('',(-1.27,-3.556,2.54));
#1708 = LINE('',#1709,#1710);
#1709 = CARTESIAN_POINT('',(-1.27,-1.524,2.54));
#1710 = VECTOR('',#1711,1.);
#1711 = DIRECTION('',(0.,-1.,0.));
#1712 = ORIENTED_EDGE('',*,*,#1713,.T.);
#1713 = EDGE_CURVE('',#1706,#1714,#1716,.T.);
#1714 = VERTEX_POINT('',#1715);
#1715 = CARTESIAN_POINT('',(-1.016,-3.81,2.54));
#1716 = LINE('',#1717,#1718);
#1717 = CARTESIAN_POINT('',(-1.27,-3.556,2.54));
#1718 = VECTOR('',#1719,1.);
#1719 = DIRECTION('',(0.707106781187,-0.707106781187,0.));
#1720 = ORIENTED_EDGE('',*,*,#1721,.T.);
#1721 = EDGE_CURVE('',#1714,#1722,#1724,.T.);
#1722 = VERTEX_POINT('',#1723);
#1723 = CARTESIAN_POINT('',(-1.27,-4.064,2.54));
#1724 = LINE('',#1725,#1726);
#1725 = CARTESIAN_POINT('',(-1.016,-3.81,2.54));
#1726 = VECTOR('',#1727,1.);
#1727 = DIRECTION('',(-0.707106781187,-0.707106781187,0.));
#1728 = ORIENTED_EDGE('',*,*,#1729,.T.);
#1729 = EDGE_CURVE('',#1722,#1730,#1732,.T.);
#1730 = VERTEX_POINT('',#1731);
#1731 = CARTESIAN_POINT('',(-1.27,-6.096,2.54));
#1732 = LINE('',#1733,#1734);
#1733 = CARTESIAN_POINT('',(-1.27,-4.064,2.54));
#1734 = VECTOR('',#1735,1.);
#1735 = DIRECTION('',(0.,-1.,0.));
#1736 = ORIENTED_EDGE('',*,*,#1737,.T.);
#1737 = EDGE_CURVE('',#1730,#1738,#1740,.T.);
#1738 = VERTEX_POINT('',#1739);
#1739 = CARTESIAN_POINT('',(-1.016,-6.35,2.54));
#1740 = LINE('',#1741,#1742);
#1741 = CARTESIAN_POINT('',(-1.27,-6.096,2.54));
#1742 = VECTOR('',#1743,1.);
#1743 = DIRECTION('',(0.707106781187,-0.707106781187,0.));
#1744 = ORIENTED_EDGE('',*,*,#1745,.T.);
#1745 = EDGE_CURVE('',#1738,#1746,#1748,.T.);
#1746 = VERTEX_POINT('',#1747);
#1747 = CARTESIAN_POINT('',(-1.27,-6.604,2.54));
#1748 = LINE('',#1749,#1750);
#1749 = CARTESIAN_POINT('',(-1.016,-6.35,2.54));
#1750 = VECTOR('',#1751,1.);
#1751 = DIRECTION('',(-0.707106781187,-0.707106781187,0.));
#1752 = ORIENTED_EDGE('',*,*,#1753,.T.);
#1753 = EDGE_CURVE('',#1746,#1754,#1756,.T.);
#1754 = VERTEX_POINT('',#1755);
#1755 = CARTESIAN_POINT('',(-1.27,-8.636,2.54));
#1756 = LINE('',#1757,#1758);
#1757 = CARTESIAN_POINT('',(-1.27,-6.604,2.54));
#1758 = VECTOR('',#1759,1.);
#1759 = DIRECTION('',(0.,-1.,0.));
#1760 = ORIENTED_EDGE('',*,*,#1761,.T.);
#1761 = EDGE_CURVE('',#1754,#1762,#1764,.T.);
#1762 = VERTEX_POINT('',#1763);
#1763 = CARTESIAN_POINT('',(-1.016,-8.89,2.54));
#1764 = LINE('',#1765,#1766);
#1765 = CARTESIAN_POINT('',(-1.27,-8.636,2.54));
#1766 = VECTOR('',#1767,1.);
#1767 = DIRECTION('',(0.707106781187,-0.707106781187,0.));
#1768 = ORIENTED_EDGE('',*,*,#1769,.T.);
#1769 = EDGE_CURVE('',#1762,#1770,#1772,.T.);
#1770 = VERTEX_POINT('',#1771);
#1771 = CARTESIAN_POINT('',(-1.27,-9.144,2.54));
#1772 = LINE('',#1773,#1774);
#1773 = CARTESIAN_POINT('',(-1.016,-8.89,2.54));
#1774 = VECTOR('',#1775,1.);
#1775 = DIRECTION('',(-0.707106781187,-0.707106781187,0.));
#1776 = ORIENTED_EDGE('',*,*,#1777,.T.);
#1777 = EDGE_CURVE('',#1770,#1778,#1780,.T.);
#1778 = VERTEX_POINT('',#1779);
#1779 = CARTESIAN_POINT('',(-1.27,-11.176,2.54));
#1780 = LINE('',#1781,#1782);
#1781 = CARTESIAN_POINT('',(-1.27,-9.144,2.54));
#1782 = VECTOR('',#1783,1.);
#1783 = DIRECTION('',(0.,-1.,0.));
#1784 = ORIENTED_EDGE('',*,*,#1785,.T.);
#1785 = EDGE_CURVE('',#1778,#1786,#1788,.T.);
#1786 = VERTEX_POINT('',#1787);
#1787 = CARTESIAN_POINT('',(-1.016,-11.43,2.54));
#1788 = LINE('',#1789,#1790);
#1789 = CARTESIAN_POINT('',(-1.27,-11.176,2.54));
#1790 = VECTOR('',#1791,1.);
#1791 = DIRECTION('',(0.707106781187,-0.707106781187,0.));
#1792 = ORIENTED_EDGE('',*,*,#1793,.T.);
#1793 = EDGE_CURVE('',#1786,#1794,#1796,.T.);
#1794 = VERTEX_POINT('',#1795);
#1795 = CARTESIAN_POINT('',(-1.27,-11.684,2.54));
#1796 = LINE('',#1797,#1798);
#1797 = CARTESIAN_POINT('',(-1.016,-11.43,2.54));
#1798 = VECTOR('',#1799,1.);
#1799 = DIRECTION('',(-0.707106781187,-0.707106781187,0.));
#1800 = ORIENTED_EDGE('',*,*,#1801,.T.);
#1801 = EDGE_CURVE('',#1794,#1802,#1804,.T.);
#1802 = VERTEX_POINT('',#1803);
#1803 = CARTESIAN_POINT('',(-1.27,-13.716,2.54));
#1804 = LINE('',#1805,#1806);
#1805 = CARTESIAN_POINT('',(-1.27,-11.684,2.54));
#1806 = VECTOR('',#1807,1.);
#1807 = DIRECTION('',(0.,-1.,0.));
#1808 = ORIENTED_EDGE('',*,*,#1809,.T.);
#1809 = EDGE_CURVE('',#1802,#1810,#1812,.T.);
#1810 = VERTEX_POINT('',#1811);
#1811 = CARTESIAN_POINT('',(-1.016,-13.97,2.54));
#1812 = LINE('',#1813,#1814);
#1813 = CARTESIAN_POINT('',(-1.27,-13.716,2.54));
#1814 = VECTOR('',#1815,1.);
#1815 = DIRECTION('',(0.707106781187,-0.707106781187,0.));
#1816 = ORIENTED_EDGE('',*,*,#1817,.T.);
#1817 = EDGE_CURVE('',#1810,#1818,#1820,.T.);
#1818 = VERTEX_POINT('',#1819);
#1819 = CARTESIAN_POINT('',(-1.27,-14.224,2.54));
#1820 = LINE('',#1821,#1822);
#1821 = CARTESIAN_POINT('',(-1.016,-13.97,2.54));
#1822 = VECTOR('',#1823,1.);
#1823 = DIRECTION('',(-0.707106781187,-0.707106781187,0.));
#1824 = ORIENTED_EDGE('',*,*,#1825,.T.);
#1825 = EDGE_CURVE('',#1818,#1826,#1828,.T.);
#1826 = VERTEX_POINT('',#1827);
#1827 = CARTESIAN_POINT('',(-1.27,-16.256,2.54));
#1828 = LINE('',#1829,#1830);
#1829 = CARTESIAN_POINT('',(-1.27,-14.224,2.54));
#1830 = VECTOR('',#1831,1.);
#1831 = DIRECTION('',(0.,-1.,0.));
#1832 = ORIENTED_EDGE('',*,*,#1833,.T.);
#1833 = EDGE_CURVE('',#1826,#1834,#1836,.T.);
#1834 = VERTEX_POINT('',#1835);
#1835 = CARTESIAN_POINT('',(-1.016,-16.51,2.54));
#1836 = LINE('',#1837,#1838);
#1837 = CARTESIAN_POINT('',(-1.27,-16.256,2.54));
#1838 = VECTOR('',#1839,1.);
#1839 = DIRECTION('',(0.707106781187,-0.707106781187,0.));
#1840 = ORIENTED_EDGE('',*,*,#1841,.T.);
#1841 = EDGE_CURVE('',#1834,#1842,#1844,.T.);
#1842 = VERTEX_POINT('',#1843);
#1843 = CARTESIAN_POINT('',(1.016,-16.51,2.54));
#1844 = LINE('',#1845,#1846);
#1845 = CARTESIAN_POINT('',(-1.016,-16.51,2.54));
#1846 = VECTOR('',#1847,1.);
#1847 = DIRECTION('',(1.,0.,0.));
#1848 = ORIENTED_EDGE('',*,*,#1849,.T.);
#1849 = EDGE_CURVE('',#1842,#1850,#1852,.T.);
#1850 = VERTEX_POINT('',#1851);
#1851 = CARTESIAN_POINT('',(1.27,-16.256,2.54));
#1852 = LINE('',#1853,#1854);
#1853 = CARTESIAN_POINT('',(1.016,-16.51,2.54));
#1854 = VECTOR('',#1855,1.);
#1855 = DIRECTION('',(0.707106781187,0.707106781187,0.));
#1856 = ORIENTED_EDGE('',*,*,#1857,.T.);
#1857 = EDGE_CURVE('',#1850,#1858,#1860,.T.);
#1858 = VERTEX_POINT('',#1859);
#1859 = CARTESIAN_POINT('',(1.27,-14.224,2.54));
#1860 = LINE('',#1861,#1862);
#1861 = CARTESIAN_POINT('',(1.27,-16.256,2.54));
#1862 = VECTOR('',#1863,1.);
#1863 = DIRECTION('',(0.,1.,0.));
#1864 = ORIENTED_EDGE('',*,*,#1865,.T.);
#1865 = EDGE_CURVE('',#1858,#1866,#1868,.T.);
#1866 = VERTEX_POINT('',#1867);
#1867 = CARTESIAN_POINT('',(1.016,-13.97,2.54));
#1868 = LINE('',#1869,#1870);
#1869 = CARTESIAN_POINT('',(1.27,-14.224,2.54));
#1870 = VECTOR('',#1871,1.);
#1871 = DIRECTION('',(-0.707106781187,0.707106781187,0.));
#1872 = ORIENTED_EDGE('',*,*,#1873,.T.);
#1873 = EDGE_CURVE('',#1866,#1874,#1876,.T.);
#1874 = VERTEX_POINT('',#1875);
#1875 = CARTESIAN_POINT('',(1.27,-13.716,2.54));
#1876 = LINE('',#1877,#1878);
#1877 = CARTESIAN_POINT('',(1.016,-13.97,2.54));
#1878 = VECTOR('',#1879,1.);
#1879 = DIRECTION('',(0.707106781187,0.707106781187,0.));
#1880 = ORIENTED_EDGE('',*,*,#1881,.T.);
#1881 = EDGE_CURVE('',#1874,#1882,#1884,.T.);
#1882 = VERTEX_POINT('',#1883);
#1883 = CARTESIAN_POINT('',(1.27,-11.684,2.54));
#1884 = LINE('',#1885,#1886);
#1885 = CARTESIAN_POINT('',(1.27,-13.716,2.54));
#1886 = VECTOR('',#1887,1.);
#1887 = DIRECTION('',(0.,1.,0.));
#1888 = ORIENTED_EDGE('',*,*,#1889,.T.);
#1889 = EDGE_CURVE('',#1882,#1890,#1892,.T.);
#1890 = VERTEX_POINT('',#1891);
#1891 = CARTESIAN_POINT('',(1.016,-11.43,2.54));
#1892 = LINE('',#1893,#1894);
#1893 = CARTESIAN_POINT('',(1.27,-11.684,2.54));
#1894 = VECTOR('',#1895,1.);
#1895 = DIRECTION('',(-0.707106781187,0.707106781187,0.));
#1896 = ORIENTED_EDGE('',*,*,#1897,.T.);
#1897 = EDGE_CURVE('',#1890,#1898,#1900,.T.);
#1898 = VERTEX_POINT('',#1899);
#1899 = CARTESIAN_POINT('',(1.27,-11.176,2.54));
#1900 = LINE('',#1901,#1902);
#1901 = CARTESIAN_POINT('',(1.016,-11.43,2.54));
#1902 = VECTOR('',#1903,1.);
#1903 = DIRECTION('',(0.707106781187,0.707106781187,0.));
#1904 = ORIENTED_EDGE('',*,*,#1905,.T.);
#1905 = EDGE_CURVE('',#1898,#1906,#1908,.T.);
#1906 = VERTEX_POINT('',#1907);
#1907 = CARTESIAN_POINT('',(1.27,-9.144,2.54));
#1908 = LINE('',#1909,#1910);
#1909 = CARTESIAN_POINT('',(1.27,-11.176,2.54));
#1910 = VECTOR('',#1911,1.);
#1911 = DIRECTION('',(0.,1.,0.));
#1912 = ORIENTED_EDGE('',*,*,#1913,.T.);
#1913 = EDGE_CURVE('',#1906,#1914,#1916,.T.);
#1914 = VERTEX_POINT('',#1915);
#1915 = CARTESIAN_POINT('',(1.016,-8.89,2.54));
#1916 = LINE('',#1917,#1918);
#1917 = CARTESIAN_POINT('',(1.27,-9.144,2.54));
#1918 = VECTOR('',#1919,1.);
#1919 = DIRECTION('',(-0.707106781187,0.707106781187,0.));
#1920 = ORIENTED_EDGE('',*,*,#1921,.T.);
#1921 = EDGE_CURVE('',#1914,#1922,#1924,.T.);
#1922 = VERTEX_POINT('',#1923);
#1923 = CARTESIAN_POINT('',(1.27,-8.636,2.54));
#1924 = LINE('',#1925,#1926);
#1925 = CARTESIAN_POINT('',(1.016,-8.89,2.54));
#1926 = VECTOR('',#1927,1.);
#1927 = DIRECTION('',(0.707106781187,0.707106781187,0.));
#1928 = ORIENTED_EDGE('',*,*,#1929,.T.);
#1929 = EDGE_CURVE('',#1922,#1930,#1932,.T.);
#1930 = VERTEX_POINT('',#1931);
#1931 = CARTESIAN_POINT('',(1.27,-6.604,2.54));
#1932 = LINE('',#1933,#1934);
#1933 = CARTESIAN_POINT('',(1.27,-8.636,2.54));
#1934 = VECTOR('',#1935,1.);
#1935 = DIRECTION('',(0.,1.,0.));
#1936 = ORIENTED_EDGE('',*,*,#1937,.T.);
#1937 = EDGE_CURVE('',#1930,#1938,#1940,.T.);
#1938 = VERTEX_POINT('',#1939);
#1939 = CARTESIAN_POINT('',(1.016,-6.35,2.54));
#1940 = LINE('',#1941,#1942);
#1941 = CARTESIAN_POINT('',(1.27,-6.604,2.54));
#1942 = VECTOR('',#1943,1.);
#1943 = DIRECTION('',(-0.707106781187,0.707106781187,0.));
#1944 = ORIENTED_EDGE('',*,*,#1945,.T.);
#1945 = EDGE_CURVE('',#1938,#1946,#1948,.T.);
#1946 = VERTEX_POINT('',#1947);
#1947 = CARTESIAN_POINT('',(1.27,-6.096,2.54));
#1948 = LINE('',#1949,#1950);
#1949 = CARTESIAN_POINT('',(1.016,-6.35,2.54));
#1950 = VECTOR('',#1951,1.);
#1951 = DIRECTION('',(0.707106781187,0.707106781187,0.));
#1952 = ORIENTED_EDGE('',*,*,#1953,.T.);
#1953 = EDGE_CURVE('',#1946,#1954,#1956,.T.);
#1954 = VERTEX_POINT('',#1955);
#1955 = CARTESIAN_POINT('',(1.27,-4.064,2.54));
#1956 = LINE('',#1957,#1958);
#1957 = CARTESIAN_POINT('',(1.27,-6.096,2.54));
#1958 = VECTOR('',#1959,1.);
#1959 = DIRECTION('',(0.,1.,0.));
#1960 = ORIENTED_EDGE('',*,*,#1961,.T.);
#1961 = EDGE_CURVE('',#1954,#1962,#1964,.T.);
#1962 = VERTEX_POINT('',#1963);
#1963 = CARTESIAN_POINT('',(1.016,-3.81,2.54));
#1964 = LINE('',#1965,#1966);
#1965 = CARTESIAN_POINT('',(1.27,-4.064,2.54));
#1966 = VECTOR('',#1967,1.);
#1967 = DIRECTION('',(-0.707106781187,0.707106781187,0.));
#1968 = ORIENTED_EDGE('',*,*,#1969,.T.);
#1969 = EDGE_CURVE('',#1962,#1970,#1972,.T.);
#1970 = VERTEX_POINT('',#1971);
#1971 = CARTESIAN_POINT('',(1.27,-3.556,2.54));
#1972 = LINE('',#1973,#1974);
#1973 = CARTESIAN_POINT('',(1.016,-3.81,2.54));
#1974 = VECTOR('',#1975,1.);
#1975 = DIRECTION('',(0.707106781187,0.707106781187,0.));
#1976 = ORIENTED_EDGE('',*,*,#1977,.T.);
#1977 = EDGE_CURVE('',#1970,#1978,#1980,.T.);
#1978 = VERTEX_POINT('',#1979);
#1979 = CARTESIAN_POINT('',(1.27,-1.524,2.54));
#1980 = LINE('',#1981,#1982);
#1981 = CARTESIAN_POINT('',(1.27,-3.556,2.54));
#1982 = VECTOR('',#1983,1.);
#1983 = DIRECTION('',(0.,1.,0.));
#1984 = ORIENTED_EDGE('',*,*,#1985,.T.);
#1985 = EDGE_CURVE('',#1978,#1986,#1988,.T.);
#1986 = VERTEX_POINT('',#1987);
#1987 = CARTESIAN_POINT('',(1.016,-1.27,2.54));
#1988 = LINE('',#1989,#1990);
#1989 = CARTESIAN_POINT('',(1.27,-1.524,2.54));
#1990 = VECTOR('',#1991,1.);
#1991 = DIRECTION('',(-0.707106781187,0.707106781187,0.));
#1992 = ORIENTED_EDGE('',*,*,#1993,.T.);
#1993 = EDGE_CURVE('',#1986,#1994,#1996,.T.);
#1994 = VERTEX_POINT('',#1995);
#1995 = CARTESIAN_POINT('',(1.27,-1.016,2.54));
#1996 = LINE('',#1997,#1998);
#1997 = CARTESIAN_POINT('',(1.016,-1.27,2.54));
#1998 = VECTOR('',#1999,1.);
#1999 = DIRECTION('',(0.707106781187,0.707106781187,0.));
#2000 = ORIENTED_EDGE('',*,*,#2001,.T.);
#2001 = EDGE_CURVE('',#1994,#2002,#2004,.T.);
#2002 = VERTEX_POINT('',#2003);
#2003 = CARTESIAN_POINT('',(1.27,1.016,2.54));
#2004 = LINE('',#2005,#2006);
#2005 = CARTESIAN_POINT('',(1.27,-1.016,2.54));
#2006 = VECTOR('',#2007,1.);
#2007 = DIRECTION('',(0.,1.,0.));
#2008 = ORIENTED_EDGE('',*,*,#2009,.T.);
#2009 = EDGE_CURVE('',#2002,#1053,#2010,.T.);
#2010 = LINE('',#2011,#2012);
#2011 = CARTESIAN_POINT('',(1.27,1.016,2.54));
#2012 = VECTOR('',#2013,1.);
#2013 = DIRECTION('',(-0.707106781187,0.707106781187,0.));
#2014 = ORIENTED_EDGE('',*,*,#1060,.T.);
#2015 = FACE_BOUND('',#2016,.T.);
#2016 = EDGE_LOOP('',(#2017,#2027,#2035,#2043));
#2017 = ORIENTED_EDGE('',*,*,#2018,.F.);
#2018 = EDGE_CURVE('',#2019,#2021,#2023,.T.);
#2019 = VERTEX_POINT('',#2020);
#2020 = CARTESIAN_POINT('',(0.32,-12.38,2.54));
#2021 = VERTEX_POINT('',#2022);
#2022 = CARTESIAN_POINT('',(-0.32,-12.38,2.54));
#2023 = LINE('',#2024,#2025);
#2024 = CARTESIAN_POINT('',(-0.16,-12.38,2.54));
#2025 = VECTOR('',#2026,1.);
#2026 = DIRECTION('',(-1.,0.,0.));
#2027 = ORIENTED_EDGE('',*,*,#2028,.F.);
#2028 = EDGE_CURVE('',#2029,#2019,#2031,.T.);
#2029 = VERTEX_POINT('',#2030);
#2030 = CARTESIAN_POINT('',(0.32,-13.02,2.54));
#2031 = LINE('',#2032,#2033);
#2032 = CARTESIAN_POINT('',(0.32,-10.32,2.54));
#2033 = VECTOR('',#2034,1.);
#2034 = DIRECTION('',(0.,1.,0.));
#2035 = ORIENTED_EDGE('',*,*,#2036,.T.);
#2036 = EDGE_CURVE('',#2029,#2037,#2039,.T.);
#2037 = VERTEX_POINT('',#2038);
#2038 = CARTESIAN_POINT('',(-0.32,-13.02,2.54));
#2039 = LINE('',#2040,#2041);
#2040 = CARTESIAN_POINT('',(-0.16,-13.02,2.54));
#2041 = VECTOR('',#2042,1.);
#2042 = DIRECTION('',(-1.,0.,0.));
#2043 = ORIENTED_EDGE('',*,*,#2044,.T.);
#2044 = EDGE_CURVE('',#2037,#2021,#2045,.T.);
#2045 = LINE('',#2046,#2047);
#2046 = CARTESIAN_POINT('',(-0.32,-10.32,2.54));
#2047 = VECTOR('',#2048,1.);
#2048 = DIRECTION('',(0.,1.,0.));
#2049 = FACE_BOUND('',#2050,.T.);
#2050 = EDGE_LOOP('',(#2051,#2061,#2069,#2077));
#2051 = ORIENTED_EDGE('',*,*,#2052,.F.);
#2052 = EDGE_CURVE('',#2053,#2055,#2057,.T.);
#2053 = VERTEX_POINT('',#2054);
#2054 = CARTESIAN_POINT('',(0.32,-15.56,2.54));
#2055 = VERTEX_POINT('',#2056);
#2056 = CARTESIAN_POINT('',(0.32,-14.92,2.54));
#2057 = LINE('',#2058,#2059);
#2058 = CARTESIAN_POINT('',(0.32,-11.59,2.54));
#2059 = VECTOR('',#2060,1.);
#2060 = DIRECTION('',(0.,1.,0.));
#2061 = ORIENTED_EDGE('',*,*,#2062,.T.);
#2062 = EDGE_CURVE('',#2053,#2063,#2065,.T.);
#2063 = VERTEX_POINT('',#2064);
#2064 = CARTESIAN_POINT('',(-0.32,-15.56,2.54));
#2065 = LINE('',#2066,#2067);
#2066 = CARTESIAN_POINT('',(-0.16,-15.56,2.54));
#2067 = VECTOR('',#2068,1.);
#2068 = DIRECTION('',(-1.,0.,0.));
#2069 = ORIENTED_EDGE('',*,*,#2070,.T.);
#2070 = EDGE_CURVE('',#2063,#2071,#2073,.T.);
#2071 = VERTEX_POINT('',#2072);
#2072 = CARTESIAN_POINT('',(-0.32,-14.92,2.54));
#2073 = LINE('',#2074,#2075);
#2074 = CARTESIAN_POINT('',(-0.32,-11.59,2.54));
#2075 = VECTOR('',#2076,1.);
#2076 = DIRECTION('',(0.,1.,0.));
#2077 = ORIENTED_EDGE('',*,*,#2078,.F.);
#2078 = EDGE_CURVE('',#2055,#2071,#2079,.T.);
#2079 = LINE('',#2080,#2081);
#2080 = CARTESIAN_POINT('',(-0.16,-14.92,2.54));
#2081 = VECTOR('',#2082,1.);
#2082 = DIRECTION('',(-1.,0.,0.));
#2083 = FACE_BOUND('',#2084,.T.);
#2084 = EDGE_LOOP('',(#2085,#2095,#2103,#2111));
#2085 = ORIENTED_EDGE('',*,*,#2086,.F.);
#2086 = EDGE_CURVE('',#2087,#2089,#2091,.T.);
#2087 = VERTEX_POINT('',#2088);
#2088 = CARTESIAN_POINT('',(0.32,-9.84,2.54));
#2089 = VERTEX_POINT('',#2090);
#2090 = CARTESIAN_POINT('',(-0.32,-9.84,2.54));
#2091 = LINE('',#2092,#2093);
#2092 = CARTESIAN_POINT('',(-0.16,-9.84,2.54));
#2093 = VECTOR('',#2094,1.);
#2094 = DIRECTION('',(-1.,0.,0.));
#2095 = ORIENTED_EDGE('',*,*,#2096,.F.);
#2096 = EDGE_CURVE('',#2097,#2087,#2099,.T.);
#2097 = VERTEX_POINT('',#2098);
#2098 = CARTESIAN_POINT('',(0.32,-10.48,2.54));
#2099 = LINE('',#2100,#2101);
#2100 = CARTESIAN_POINT('',(0.32,-9.05,2.54));
#2101 = VECTOR('',#2102,1.);
#2102 = DIRECTION('',(0.,1.,0.));
#2103 = ORIENTED_EDGE('',*,*,#2104,.T.);
#2104 = EDGE_CURVE('',#2097,#2105,#2107,.T.);
#2105 = VERTEX_POINT('',#2106);
#2106 = CARTESIAN_POINT('',(-0.32,-10.48,2.54));
#2107 = LINE('',#2108,#2109);
#2108 = CARTESIAN_POINT('',(-0.16,-10.48,2.54));
#2109 = VECTOR('',#2110,1.);
#2110 = DIRECTION('',(-1.,0.,0.));
#2111 = ORIENTED_EDGE('',*,*,#2112,.T.);
#2112 = EDGE_CURVE('',#2105,#2089,#2113,.T.);
#2113 = LINE('',#2114,#2115);
#2114 = CARTESIAN_POINT('',(-0.32,-9.05,2.54));
#2115 = VECTOR('',#2116,1.);
#2116 = DIRECTION('',(0.,1.,0.));
#2117 = FACE_BOUND('',#2118,.T.);
#2118 = EDGE_LOOP('',(#2119,#2129,#2137,#2145));
#2119 = ORIENTED_EDGE('',*,*,#2120,.F.);
#2120 = EDGE_CURVE('',#2121,#2123,#2125,.T.);
#2121 = VERTEX_POINT('',#2122);
#2122 = CARTESIAN_POINT('',(0.32,-2.86,2.54));
#2123 = VERTEX_POINT('',#2124);
#2124 = CARTESIAN_POINT('',(0.32,-2.22,2.54));
#2125 = LINE('',#2126,#2127);
#2126 = CARTESIAN_POINT('',(0.32,-5.24,2.54));
#2127 = VECTOR('',#2128,1.);
#2128 = DIRECTION('',(0.,1.,0.));
#2129 = ORIENTED_EDGE('',*,*,#2130,.T.);
#2130 = EDGE_CURVE('',#2121,#2131,#2133,.T.);
#2131 = VERTEX_POINT('',#2132);
#2132 = CARTESIAN_POINT('',(-0.32,-2.86,2.54));
#2133 = LINE('',#2134,#2135);
#2134 = CARTESIAN_POINT('',(-0.16,-2.86,2.54));
#2135 = VECTOR('',#2136,1.);
#2136 = DIRECTION('',(-1.,0.,0.));
#2137 = ORIENTED_EDGE('',*,*,#2138,.T.);
#2138 = EDGE_CURVE('',#2131,#2139,#2141,.T.);
#2139 = VERTEX_POINT('',#2140);
#2140 = CARTESIAN_POINT('',(-0.32,-2.22,2.54));
#2141 = LINE('',#2142,#2143);
#2142 = CARTESIAN_POINT('',(-0.32,-5.24,2.54));
#2143 = VECTOR('',#2144,1.);
#2144 = DIRECTION('',(0.,1.,0.));
#2145 = ORIENTED_EDGE('',*,*,#2146,.F.);
#2146 = EDGE_CURVE('',#2123,#2139,#2147,.T.);
#2147 = LINE('',#2148,#2149);
#2148 = CARTESIAN_POINT('',(-0.16,-2.22,2.54));
#2149 = VECTOR('',#2150,1.);
#2150 = DIRECTION('',(-1.,0.,0.));
#2151 = FACE_BOUND('',#2152,.T.);
#2152 = EDGE_LOOP('',(#2153,#2163,#2171,#2179));
#2153 = ORIENTED_EDGE('',*,*,#2154,.T.);
#2154 = EDGE_CURVE('',#2155,#2157,#2159,.T.);
#2155 = VERTEX_POINT('',#2156);
#2156 = CARTESIAN_POINT('',(0.32,-5.4,2.54));
#2157 = VERTEX_POINT('',#2158);
#2158 = CARTESIAN_POINT('',(-0.32,-5.4,2.54));
#2159 = LINE('',#2160,#2161);
#2160 = CARTESIAN_POINT('',(-0.16,-5.4,2.54));
#2161 = VECTOR('',#2162,1.);
#2162 = DIRECTION('',(-1.,0.,0.));
#2163 = ORIENTED_EDGE('',*,*,#2164,.T.);
#2164 = EDGE_CURVE('',#2157,#2165,#2167,.T.);
#2165 = VERTEX_POINT('',#2166);
#2166 = CARTESIAN_POINT('',(-0.32,-4.76,2.54));
#2167 = LINE('',#2168,#2169);
#2168 = CARTESIAN_POINT('',(-0.32,-6.51,2.54));
#2169 = VECTOR('',#2170,1.);
#2170 = DIRECTION('',(0.,1.,0.));
#2171 = ORIENTED_EDGE('',*,*,#2172,.F.);
#2172 = EDGE_CURVE('',#2173,#2165,#2175,.T.);
#2173 = VERTEX_POINT('',#2174);
#2174 = CARTESIAN_POINT('',(0.32,-4.76,2.54));
#2175 = LINE('',#2176,#2177);
#2176 = CARTESIAN_POINT('',(-0.16,-4.76,2.54));
#2177 = VECTOR('',#2178,1.);
#2178 = DIRECTION('',(-1.,0.,0.));
#2179 = ORIENTED_EDGE('',*,*,#2180,.F.);
#2180 = EDGE_CURVE('',#2155,#2173,#2181,.T.);
#2181 = LINE('',#2182,#2183);
#2182 = CARTESIAN_POINT('',(0.32,-6.51,2.54));
#2183 = VECTOR('',#2184,1.);
#2184 = DIRECTION('',(0.,1.,0.));
#2185 = FACE_BOUND('',#2186,.T.);
#2186 = EDGE_LOOP('',(#2187,#2197,#2205,#2213));
#2187 = ORIENTED_EDGE('',*,*,#2188,.F.);
#2188 = EDGE_CURVE('',#2189,#2191,#2193,.T.);
#2189 = VERTEX_POINT('',#2190);
#2190 = CARTESIAN_POINT('',(0.32,-7.94,2.54));
#2191 = VERTEX_POINT('',#2192);
#2192 = CARTESIAN_POINT('',(0.32,-7.3,2.54));
#2193 = LINE('',#2194,#2195);
#2194 = CARTESIAN_POINT('',(0.32,-7.78,2.54));
#2195 = VECTOR('',#2196,1.);
#2196 = DIRECTION('',(0.,1.,0.));
#2197 = ORIENTED_EDGE('',*,*,#2198,.T.);
#2198 = EDGE_CURVE('',#2189,#2199,#2201,.T.);
#2199 = VERTEX_POINT('',#2200);
#2200 = CARTESIAN_POINT('',(-0.32,-7.94,2.54));
#2201 = LINE('',#2202,#2203);
#2202 = CARTESIAN_POINT('',(-0.16,-7.94,2.54));
#2203 = VECTOR('',#2204,1.);
#2204 = DIRECTION('',(-1.,0.,0.));
#2205 = ORIENTED_EDGE('',*,*,#2206,.T.);
#2206 = EDGE_CURVE('',#2199,#2207,#2209,.T.);
#2207 = VERTEX_POINT('',#2208);
#2208 = CARTESIAN_POINT('',(-0.32,-7.3,2.54));
#2209 = LINE('',#2210,#2211);
#2210 = CARTESIAN_POINT('',(-0.32,-7.78,2.54));
#2211 = VECTOR('',#2212,1.);
#2212 = DIRECTION('',(0.,1.,0.));
#2213 = ORIENTED_EDGE('',*,*,#2214,.F.);
#2214 = EDGE_CURVE('',#2191,#2207,#2215,.T.);
#2215 = LINE('',#2216,#2217);
#2216 = CARTESIAN_POINT('',(-0.16,-7.3,2.54));
#2217 = VECTOR('',#2218,1.);
#2218 = DIRECTION('',(-1.,0.,0.));
#2219 = FACE_BOUND('',#2220,.T.);
#2220 = EDGE_LOOP('',(#2221,#2231,#2239,#2247));
#2221 = ORIENTED_EDGE('',*,*,#2222,.T.);
#2222 = EDGE_CURVE('',#2223,#2225,#2227,.T.);
#2223 = VERTEX_POINT('',#2224);
#2224 = CARTESIAN_POINT('',(0.32,-0.32,2.54));
#2225 = VERTEX_POINT('',#2226);
#2226 = CARTESIAN_POINT('',(-0.32,-0.32,2.54));
#2227 = LINE('',#2228,#2229);
#2228 = CARTESIAN_POINT('',(-0.16,-0.32,2.54));
#2229 = VECTOR('',#2230,1.);
#2230 = DIRECTION('',(-1.,0.,0.));
#2231 = ORIENTED_EDGE('',*,*,#2232,.T.);
#2232 = EDGE_CURVE('',#2225,#2233,#2235,.T.);
#2233 = VERTEX_POINT('',#2234);
#2234 = CARTESIAN_POINT('',(-0.32,0.32,2.54));
#2235 = LINE('',#2236,#2237);
#2236 = CARTESIAN_POINT('',(-0.32,-3.97,2.54));
#2237 = VECTOR('',#2238,1.);
#2238 = DIRECTION('',(0.,1.,0.));
#2239 = ORIENTED_EDGE('',*,*,#2240,.F.);
#2240 = EDGE_CURVE('',#2241,#2233,#2243,.T.);
#2241 = VERTEX_POINT('',#2242);
#2242 = CARTESIAN_POINT('',(0.32,0.32,2.54));
#2243 = LINE('',#2244,#2245);
#2244 = CARTESIAN_POINT('',(-0.16,0.32,2.54));
#2245 = VECTOR('',#2246,1.);
#2246 = DIRECTION('',(-1.,0.,0.));
#2247 = ORIENTED_EDGE('',*,*,#2248,.F.);
#2248 = EDGE_CURVE('',#2223,#2241,#2249,.T.);
#2249 = LINE('',#2250,#2251);
#2250 = CARTESIAN_POINT('',(0.32,-3.97,2.54));
#2251 = VECTOR('',#2252,1.);
#2252 = DIRECTION('',(0.,1.,0.));
#2253 = PLANE('',#2254);
#2254 = AXIS2_PLACEMENT_3D('',#2255,#2256,#2257);
#2255 = CARTESIAN_POINT('',(-1.56480052915E-17,-7.62,2.54));
#2256 = DIRECTION('',(0.,0.,1.));
#2257 = DIRECTION('',(1.,0.,-0.));
#2258 = ADVANCED_FACE('',(#2259),#2270,.F.);
#2259 = FACE_BOUND('',#2260,.F.);
#2260 = EDGE_LOOP('',(#2261,#2267,#2268,#2269));
#2261 = ORIENTED_EDGE('',*,*,#2262,.T.);
#2262 = EDGE_CURVE('',#1427,#2002,#2263,.T.);
#2263 = LINE('',#2264,#2265);
#2264 = CARTESIAN_POINT('',(1.27,1.016,0.));
#2265 = VECTOR('',#2266,1.);
#2266 = DIRECTION('',(0.,0.,1.));
#2267 = ORIENTED_EDGE('',*,*,#2009,.T.);
#2268 = ORIENTED_EDGE('',*,*,#1050,.F.);
#2269 = ORIENTED_EDGE('',*,*,#1434,.F.);
#2270 = PLANE('',#2271);
#2271 = AXIS2_PLACEMENT_3D('',#2272,#2273,#2274);
#2272 = CARTESIAN_POINT('',(1.27,1.016,0.));
#2273 = DIRECTION('',(-0.707106781187,-0.707106781187,0.));
#2274 = DIRECTION('',(-0.707106781187,0.707106781187,0.));
#2275 = ADVANCED_FACE('',(#2276),#2287,.F.);
#2276 = FACE_BOUND('',#2277,.F.);
#2277 = EDGE_LOOP('',(#2278,#2279,#2280,#2286));
#2278 = ORIENTED_EDGE('',*,*,#1090,.T.);
#2279 = ORIENTED_EDGE('',*,*,#1689,.T.);
#2280 = ORIENTED_EDGE('',*,*,#2281,.F.);
#2281 = EDGE_CURVE('',#1115,#1690,#2282,.T.);
#2282 = LINE('',#2283,#2284);
#2283 = CARTESIAN_POINT('',(-1.016,-1.27,0.));
#2284 = VECTOR('',#2285,1.);
#2285 = DIRECTION('',(0.,0.,1.));
#2286 = ORIENTED_EDGE('',*,*,#1114,.F.);
#2287 = PLANE('',#2288);
#2288 = AXIS2_PLACEMENT_3D('',#2289,#2290,#2291);
#2289 = CARTESIAN_POINT('',(-1.27,-1.016,0.));
#2290 = DIRECTION('',(0.707106781187,0.707106781187,0.));
#2291 = DIRECTION('',(0.707106781187,-0.707106781187,0.));
#2292 = ADVANCED_FACE('',(#2293),#2304,.F.);
#2293 = FACE_BOUND('',#2294,.F.);
#2294 = EDGE_LOOP('',(#2295,#2301,#2302,#2303));
#2295 = ORIENTED_EDGE('',*,*,#2296,.T.);
#2296 = EDGE_CURVE('',#1419,#1994,#2297,.T.);
#2297 = LINE('',#2298,#2299);
#2298 = CARTESIAN_POINT('',(1.27,-1.016,0.));
#2299 = VECTOR('',#2300,1.);
#2300 = DIRECTION('',(0.,0.,1.));
#2301 = ORIENTED_EDGE('',*,*,#2001,.T.);
#2302 = ORIENTED_EDGE('',*,*,#2262,.F.);
#2303 = ORIENTED_EDGE('',*,*,#1426,.F.);
#2304 = PLANE('',#2305);
#2305 = AXIS2_PLACEMENT_3D('',#2306,#2307,#2308);
#2306 = CARTESIAN_POINT('',(1.27,-1.016,0.));
#2307 = DIRECTION('',(-1.,0.,0.));
#2308 = DIRECTION('',(0.,1.,0.));
#2309 = ADVANCED_FACE('',(#2310),#2321,.F.);
#2310 = FACE_BOUND('',#2311,.F.);
#2311 = EDGE_LOOP('',(#2312,#2313,#2314,#2320));
#2312 = ORIENTED_EDGE('',*,*,#2281,.T.);
#2313 = ORIENTED_EDGE('',*,*,#1697,.T.);
#2314 = ORIENTED_EDGE('',*,*,#2315,.F.);
#2315 = EDGE_CURVE('',#1123,#1698,#2316,.T.);
#2316 = LINE('',#2317,#2318);
#2317 = CARTESIAN_POINT('',(-1.27,-1.524,0.));
#2318 = VECTOR('',#2319,1.);
#2319 = DIRECTION('',(0.,0.,1.));
#2320 = ORIENTED_EDGE('',*,*,#1122,.F.);
#2321 = PLANE('',#2322);
#2322 = AXIS2_PLACEMENT_3D('',#2323,#2324,#2325);
#2323 = CARTESIAN_POINT('',(-1.016,-1.27,0.));
#2324 = DIRECTION('',(0.707106781187,-0.707106781187,0.));
#2325 = DIRECTION('',(-0.707106781187,-0.707106781187,0.));
#2326 = ADVANCED_FACE('',(#2327),#2338,.F.);
#2327 = FACE_BOUND('',#2328,.F.);
#2328 = EDGE_LOOP('',(#2329,#2335,#2336,#2337));
#2329 = ORIENTED_EDGE('',*,*,#2330,.T.);
#2330 = EDGE_CURVE('',#1411,#1986,#2331,.T.);
#2331 = LINE('',#2332,#2333);
#2332 = CARTESIAN_POINT('',(1.016,-1.27,0.));
#2333 = VECTOR('',#2334,1.);
#2334 = DIRECTION('',(0.,0.,1.));
#2335 = ORIENTED_EDGE('',*,*,#1993,.T.);
#2336 = ORIENTED_EDGE('',*,*,#2296,.F.);
#2337 = ORIENTED_EDGE('',*,*,#1418,.F.);
#2338 = PLANE('',#2339);
#2339 = AXIS2_PLACEMENT_3D('',#2340,#2341,#2342);
#2340 = CARTESIAN_POINT('',(1.016,-1.27,0.));
#2341 = DIRECTION('',(-0.707106781187,0.707106781187,0.));
#2342 = DIRECTION('',(0.707106781187,0.707106781187,0.));
#2343 = ADVANCED_FACE('',(#2344),#2355,.F.);
#2344 = FACE_BOUND('',#2345,.F.);
#2345 = EDGE_LOOP('',(#2346,#2347,#2348,#2354));
#2346 = ORIENTED_EDGE('',*,*,#2315,.T.);
#2347 = ORIENTED_EDGE('',*,*,#1705,.T.);
#2348 = ORIENTED_EDGE('',*,*,#2349,.F.);
#2349 = EDGE_CURVE('',#1131,#1706,#2350,.T.);
#2350 = LINE('',#2351,#2352);
#2351 = CARTESIAN_POINT('',(-1.27,-3.556,0.));
#2352 = VECTOR('',#2353,1.);
#2353 = DIRECTION('',(0.,0.,1.));
#2354 = ORIENTED_EDGE('',*,*,#1130,.F.);
#2355 = PLANE('',#2356);
#2356 = AXIS2_PLACEMENT_3D('',#2357,#2358,#2359);
#2357 = CARTESIAN_POINT('',(-1.27,-1.524,0.));
#2358 = DIRECTION('',(1.,0.,0.));
#2359 = DIRECTION('',(0.,-1.,0.));
#2360 = ADVANCED_FACE('',(#2361),#2372,.F.);
#2361 = FACE_BOUND('',#2362,.F.);
#2362 = EDGE_LOOP('',(#2363,#2369,#2370,#2371));
#2363 = ORIENTED_EDGE('',*,*,#2364,.T.);
#2364 = EDGE_CURVE('',#1403,#1978,#2365,.T.);
#2365 = LINE('',#2366,#2367);
#2366 = CARTESIAN_POINT('',(1.27,-1.524,0.));
#2367 = VECTOR('',#2368,1.);
#2368 = DIRECTION('',(0.,0.,1.));
#2369 = ORIENTED_EDGE('',*,*,#1985,.T.);
#2370 = ORIENTED_EDGE('',*,*,#2330,.F.);
#2371 = ORIENTED_EDGE('',*,*,#1410,.F.);
#2372 = PLANE('',#2373);
#2373 = AXIS2_PLACEMENT_3D('',#2374,#2375,#2376);
#2374 = CARTESIAN_POINT('',(1.27,-1.524,0.));
#2375 = DIRECTION('',(-0.707106781187,-0.707106781187,0.));
#2376 = DIRECTION('',(-0.707106781187,0.707106781187,0.));
#2377 = ADVANCED_FACE('',(#2378),#2389,.F.);
#2378 = FACE_BOUND('',#2379,.F.);
#2379 = EDGE_LOOP('',(#2380,#2381,#2382,#2388));
#2380 = ORIENTED_EDGE('',*,*,#2349,.T.);
#2381 = ORIENTED_EDGE('',*,*,#1713,.T.);
#2382 = ORIENTED_EDGE('',*,*,#2383,.F.);
#2383 = EDGE_CURVE('',#1139,#1714,#2384,.T.);
#2384 = LINE('',#2385,#2386);
#2385 = CARTESIAN_POINT('',(-1.016,-3.81,0.));
#2386 = VECTOR('',#2387,1.);
#2387 = DIRECTION('',(0.,0.,1.));
#2388 = ORIENTED_EDGE('',*,*,#1138,.F.);
#2389 = PLANE('',#2390);
#2390 = AXIS2_PLACEMENT_3D('',#2391,#2392,#2393);
#2391 = CARTESIAN_POINT('',(-1.27,-3.556,0.));
#2392 = DIRECTION('',(0.707106781187,0.707106781187,0.));
#2393 = DIRECTION('',(0.707106781187,-0.707106781187,0.));
#2394 = ADVANCED_FACE('',(#2395),#2406,.F.);
#2395 = FACE_BOUND('',#2396,.F.);
#2396 = EDGE_LOOP('',(#2397,#2403,#2404,#2405));
#2397 = ORIENTED_EDGE('',*,*,#2398,.T.);
#2398 = EDGE_CURVE('',#1395,#1970,#2399,.T.);
#2399 = LINE('',#2400,#2401);
#2400 = CARTESIAN_POINT('',(1.27,-3.556,0.));
#2401 = VECTOR('',#2402,1.);
#2402 = DIRECTION('',(0.,0.,1.));
#2403 = ORIENTED_EDGE('',*,*,#1977,.T.);
#2404 = ORIENTED_EDGE('',*,*,#2364,.F.);
#2405 = ORIENTED_EDGE('',*,*,#1402,.F.);
#2406 = PLANE('',#2407);
#2407 = AXIS2_PLACEMENT_3D('',#2408,#2409,#2410);
#2408 = CARTESIAN_POINT('',(1.27,-3.556,0.));
#2409 = DIRECTION('',(-1.,0.,0.));
#2410 = DIRECTION('',(0.,1.,0.));
#2411 = ADVANCED_FACE('',(#2412),#2423,.F.);
#2412 = FACE_BOUND('',#2413,.F.);
#2413 = EDGE_LOOP('',(#2414,#2415,#2416,#2422));
#2414 = ORIENTED_EDGE('',*,*,#2383,.T.);
#2415 = ORIENTED_EDGE('',*,*,#1721,.T.);
#2416 = ORIENTED_EDGE('',*,*,#2417,.F.);
#2417 = EDGE_CURVE('',#1147,#1722,#2418,.T.);
#2418 = LINE('',#2419,#2420);
#2419 = CARTESIAN_POINT('',(-1.27,-4.064,0.));
#2420 = VECTOR('',#2421,1.);
#2421 = DIRECTION('',(0.,0.,1.));
#2422 = ORIENTED_EDGE('',*,*,#1146,.F.);
#2423 = PLANE('',#2424);
#2424 = AXIS2_PLACEMENT_3D('',#2425,#2426,#2427);
#2425 = CARTESIAN_POINT('',(-1.016,-3.81,0.));
#2426 = DIRECTION('',(0.707106781187,-0.707106781187,0.));
#2427 = DIRECTION('',(-0.707106781187,-0.707106781187,0.));
#2428 = ADVANCED_FACE('',(#2429),#2440,.F.);
#2429 = FACE_BOUND('',#2430,.F.);
#2430 = EDGE_LOOP('',(#2431,#2437,#2438,#2439));
#2431 = ORIENTED_EDGE('',*,*,#2432,.T.);
#2432 = EDGE_CURVE('',#1387,#1962,#2433,.T.);
#2433 = LINE('',#2434,#2435);
#2434 = CARTESIAN_POINT('',(1.016,-3.81,0.));
#2435 = VECTOR('',#2436,1.);
#2436 = DIRECTION('',(0.,0.,1.));
#2437 = ORIENTED_EDGE('',*,*,#1969,.T.);
#2438 = ORIENTED_EDGE('',*,*,#2398,.F.);
#2439 = ORIENTED_EDGE('',*,*,#1394,.F.);
#2440 = PLANE('',#2441);
#2441 = AXIS2_PLACEMENT_3D('',#2442,#2443,#2444);
#2442 = CARTESIAN_POINT('',(1.016,-3.81,0.));
#2443 = DIRECTION('',(-0.707106781187,0.707106781187,0.));
#2444 = DIRECTION('',(0.707106781187,0.707106781187,0.));
#2445 = ADVANCED_FACE('',(#2446),#2457,.F.);
#2446 = FACE_BOUND('',#2447,.F.);
#2447 = EDGE_LOOP('',(#2448,#2449,#2450,#2456));
#2448 = ORIENTED_EDGE('',*,*,#2417,.T.);
#2449 = ORIENTED_EDGE('',*,*,#1729,.T.);
#2450 = ORIENTED_EDGE('',*,*,#2451,.F.);
#2451 = EDGE_CURVE('',#1155,#1730,#2452,.T.);
#2452 = LINE('',#2453,#2454);
#2453 = CARTESIAN_POINT('',(-1.27,-6.096,0.));
#2454 = VECTOR('',#2455,1.);
#2455 = DIRECTION('',(0.,0.,1.));
#2456 = ORIENTED_EDGE('',*,*,#1154,.F.);
#2457 = PLANE('',#2458);
#2458 = AXIS2_PLACEMENT_3D('',#2459,#2460,#2461);
#2459 = CARTESIAN_POINT('',(-1.27,-4.064,0.));
#2460 = DIRECTION('',(1.,0.,0.));
#2461 = DIRECTION('',(0.,-1.,0.));
#2462 = ADVANCED_FACE('',(#2463),#2474,.F.);
#2463 = FACE_BOUND('',#2464,.F.);
#2464 = EDGE_LOOP('',(#2465,#2471,#2472,#2473));
#2465 = ORIENTED_EDGE('',*,*,#2466,.T.);
#2466 = EDGE_CURVE('',#1379,#1954,#2467,.T.);
#2467 = LINE('',#2468,#2469);
#2468 = CARTESIAN_POINT('',(1.27,-4.064,0.));
#2469 = VECTOR('',#2470,1.);
#2470 = DIRECTION('',(0.,0.,1.));
#2471 = ORIENTED_EDGE('',*,*,#1961,.T.);
#2472 = ORIENTED_EDGE('',*,*,#2432,.F.);
#2473 = ORIENTED_EDGE('',*,*,#1386,.F.);
#2474 = PLANE('',#2475);
#2475 = AXIS2_PLACEMENT_3D('',#2476,#2477,#2478);
#2476 = CARTESIAN_POINT('',(1.27,-4.064,0.));
#2477 = DIRECTION('',(-0.707106781187,-0.707106781187,0.));
#2478 = DIRECTION('',(-0.707106781187,0.707106781187,0.));
#2479 = ADVANCED_FACE('',(#2480),#2491,.F.);
#2480 = FACE_BOUND('',#2481,.F.);
#2481 = EDGE_LOOP('',(#2482,#2483,#2484,#2490));
#2482 = ORIENTED_EDGE('',*,*,#2451,.T.);
#2483 = ORIENTED_EDGE('',*,*,#1737,.T.);
#2484 = ORIENTED_EDGE('',*,*,#2485,.F.);
#2485 = EDGE_CURVE('',#1163,#1738,#2486,.T.);
#2486 = LINE('',#2487,#2488);
#2487 = CARTESIAN_POINT('',(-1.016,-6.35,0.));
#2488 = VECTOR('',#2489,1.);
#2489 = DIRECTION('',(0.,0.,1.));
#2490 = ORIENTED_EDGE('',*,*,#1162,.F.);
#2491 = PLANE('',#2492);
#2492 = AXIS2_PLACEMENT_3D('',#2493,#2494,#2495);
#2493 = CARTESIAN_POINT('',(-1.27,-6.096,0.));
#2494 = DIRECTION('',(0.707106781187,0.707106781187,0.));
#2495 = DIRECTION('',(0.707106781187,-0.707106781187,0.));
#2496 = ADVANCED_FACE('',(#2497),#2508,.F.);
#2497 = FACE_BOUND('',#2498,.F.);
#2498 = EDGE_LOOP('',(#2499,#2505,#2506,#2507));
#2499 = ORIENTED_EDGE('',*,*,#2500,.T.);
#2500 = EDGE_CURVE('',#1371,#1946,#2501,.T.);
#2501 = LINE('',#2502,#2503);
#2502 = CARTESIAN_POINT('',(1.27,-6.096,0.));
#2503 = VECTOR('',#2504,1.);
#2504 = DIRECTION('',(0.,0.,1.));
#2505 = ORIENTED_EDGE('',*,*,#1953,.T.);
#2506 = ORIENTED_EDGE('',*,*,#2466,.F.);
#2507 = ORIENTED_EDGE('',*,*,#1378,.F.);
#2508 = PLANE('',#2509);
#2509 = AXIS2_PLACEMENT_3D('',#2510,#2511,#2512);
#2510 = CARTESIAN_POINT('',(1.27,-6.096,0.));
#2511 = DIRECTION('',(-1.,0.,0.));
#2512 = DIRECTION('',(0.,1.,0.));
#2513 = ADVANCED_FACE('',(#2514),#2525,.F.);
#2514 = FACE_BOUND('',#2515,.F.);
#2515 = EDGE_LOOP('',(#2516,#2517,#2518,#2524));
#2516 = ORIENTED_EDGE('',*,*,#2485,.T.);
#2517 = ORIENTED_EDGE('',*,*,#1745,.T.);
#2518 = ORIENTED_EDGE('',*,*,#2519,.F.);
#2519 = EDGE_CURVE('',#1171,#1746,#2520,.T.);
#2520 = LINE('',#2521,#2522);
#2521 = CARTESIAN_POINT('',(-1.27,-6.604,0.));
#2522 = VECTOR('',#2523,1.);
#2523 = DIRECTION('',(0.,0.,1.));
#2524 = ORIENTED_EDGE('',*,*,#1170,.F.);
#2525 = PLANE('',#2526);
#2526 = AXIS2_PLACEMENT_3D('',#2527,#2528,#2529);
#2527 = CARTESIAN_POINT('',(-1.016,-6.35,0.));
#2528 = DIRECTION('',(0.707106781187,-0.707106781187,0.));
#2529 = DIRECTION('',(-0.707106781187,-0.707106781187,0.));
#2530 = ADVANCED_FACE('',(#2531),#2542,.F.);
#2531 = FACE_BOUND('',#2532,.F.);
#2532 = EDGE_LOOP('',(#2533,#2539,#2540,#2541));
#2533 = ORIENTED_EDGE('',*,*,#2534,.T.);
#2534 = EDGE_CURVE('',#1363,#1938,#2535,.T.);
#2535 = LINE('',#2536,#2537);
#2536 = CARTESIAN_POINT('',(1.016,-6.35,0.));
#2537 = VECTOR('',#2538,1.);
#2538 = DIRECTION('',(0.,0.,1.));
#2539 = ORIENTED_EDGE('',*,*,#1945,.T.);
#2540 = ORIENTED_EDGE('',*,*,#2500,.F.);
#2541 = ORIENTED_EDGE('',*,*,#1370,.F.);
#2542 = PLANE('',#2543);
#2543 = AXIS2_PLACEMENT_3D('',#2544,#2545,#2546);
#2544 = CARTESIAN_POINT('',(1.016,-6.35,0.));
#2545 = DIRECTION('',(-0.707106781187,0.707106781187,0.));
#2546 = DIRECTION('',(0.707106781187,0.707106781187,0.));
#2547 = ADVANCED_FACE('',(#2548),#2559,.F.);
#2548 = FACE_BOUND('',#2549,.F.);
#2549 = EDGE_LOOP('',(#2550,#2551,#2552,#2558));
#2550 = ORIENTED_EDGE('',*,*,#2519,.T.);
#2551 = ORIENTED_EDGE('',*,*,#1753,.T.);
#2552 = ORIENTED_EDGE('',*,*,#2553,.F.);
#2553 = EDGE_CURVE('',#1179,#1754,#2554,.T.);
#2554 = LINE('',#2555,#2556);
#2555 = CARTESIAN_POINT('',(-1.27,-8.636,0.));
#2556 = VECTOR('',#2557,1.);
#2557 = DIRECTION('',(0.,0.,1.));
#2558 = ORIENTED_EDGE('',*,*,#1178,.F.);
#2559 = PLANE('',#2560);
#2560 = AXIS2_PLACEMENT_3D('',#2561,#2562,#2563);
#2561 = CARTESIAN_POINT('',(-1.27,-6.604,0.));
#2562 = DIRECTION('',(1.,0.,0.));
#2563 = DIRECTION('',(0.,-1.,0.));
#2564 = ADVANCED_FACE('',(#2565),#2576,.F.);
#2565 = FACE_BOUND('',#2566,.F.);
#2566 = EDGE_LOOP('',(#2567,#2573,#2574,#2575));
#2567 = ORIENTED_EDGE('',*,*,#2568,.T.);
#2568 = EDGE_CURVE('',#1355,#1930,#2569,.T.);
#2569 = LINE('',#2570,#2571);
#2570 = CARTESIAN_POINT('',(1.27,-6.604,0.));
#2571 = VECTOR('',#2572,1.);
#2572 = DIRECTION('',(0.,0.,1.));
#2573 = ORIENTED_EDGE('',*,*,#1937,.T.);
#2574 = ORIENTED_EDGE('',*,*,#2534,.F.);
#2575 = ORIENTED_EDGE('',*,*,#1362,.F.);
#2576 = PLANE('',#2577);
#2577 = AXIS2_PLACEMENT_3D('',#2578,#2579,#2580);
#2578 = CARTESIAN_POINT('',(1.27,-6.604,0.));
#2579 = DIRECTION('',(-0.707106781187,-0.707106781187,0.));
#2580 = DIRECTION('',(-0.707106781187,0.707106781187,0.));
#2581 = ADVANCED_FACE('',(#2582),#2593,.F.);
#2582 = FACE_BOUND('',#2583,.F.);
#2583 = EDGE_LOOP('',(#2584,#2585,#2586,#2592));
#2584 = ORIENTED_EDGE('',*,*,#2553,.T.);
#2585 = ORIENTED_EDGE('',*,*,#1761,.T.);
#2586 = ORIENTED_EDGE('',*,*,#2587,.F.);
#2587 = EDGE_CURVE('',#1187,#1762,#2588,.T.);
#2588 = LINE('',#2589,#2590);
#2589 = CARTESIAN_POINT('',(-1.016,-8.89,0.));
#2590 = VECTOR('',#2591,1.);
#2591 = DIRECTION('',(0.,0.,1.));
#2592 = ORIENTED_EDGE('',*,*,#1186,.F.);
#2593 = PLANE('',#2594);
#2594 = AXIS2_PLACEMENT_3D('',#2595,#2596,#2597);
#2595 = CARTESIAN_POINT('',(-1.27,-8.636,0.));
#2596 = DIRECTION('',(0.707106781187,0.707106781187,0.));
#2597 = DIRECTION('',(0.707106781187,-0.707106781187,0.));
#2598 = ADVANCED_FACE('',(#2599),#2610,.F.);
#2599 = FACE_BOUND('',#2600,.F.);
#2600 = EDGE_LOOP('',(#2601,#2607,#2608,#2609));
#2601 = ORIENTED_EDGE('',*,*,#2602,.T.);
#2602 = EDGE_CURVE('',#1347,#1922,#2603,.T.);
#2603 = LINE('',#2604,#2605);
#2604 = CARTESIAN_POINT('',(1.27,-8.636,0.));
#2605 = VECTOR('',#2606,1.);
#2606 = DIRECTION('',(0.,0.,1.));
#2607 = ORIENTED_EDGE('',*,*,#1929,.T.);
#2608 = ORIENTED_EDGE('',*,*,#2568,.F.);
#2609 = ORIENTED_EDGE('',*,*,#1354,.F.);
#2610 = PLANE('',#2611);
#2611 = AXIS2_PLACEMENT_3D('',#2612,#2613,#2614);
#2612 = CARTESIAN_POINT('',(1.27,-8.636,0.));
#2613 = DIRECTION('',(-1.,0.,0.));
#2614 = DIRECTION('',(0.,1.,0.));
#2615 = ADVANCED_FACE('',(#2616),#2627,.F.);
#2616 = FACE_BOUND('',#2617,.F.);
#2617 = EDGE_LOOP('',(#2618,#2619,#2620,#2626));
#2618 = ORIENTED_EDGE('',*,*,#2587,.T.);
#2619 = ORIENTED_EDGE('',*,*,#1769,.T.);
#2620 = ORIENTED_EDGE('',*,*,#2621,.F.);
#2621 = EDGE_CURVE('',#1195,#1770,#2622,.T.);
#2622 = LINE('',#2623,#2624);
#2623 = CARTESIAN_POINT('',(-1.27,-9.144,0.));
#2624 = VECTOR('',#2625,1.);
#2625 = DIRECTION('',(0.,0.,1.));
#2626 = ORIENTED_EDGE('',*,*,#1194,.F.);
#2627 = PLANE('',#2628);
#2628 = AXIS2_PLACEMENT_3D('',#2629,#2630,#2631);
#2629 = CARTESIAN_POINT('',(-1.016,-8.89,0.));
#2630 = DIRECTION('',(0.707106781187,-0.707106781187,0.));
#2631 = DIRECTION('',(-0.707106781187,-0.707106781187,0.));
#2632 = ADVANCED_FACE('',(#2633),#2644,.F.);
#2633 = FACE_BOUND('',#2634,.F.);
#2634 = EDGE_LOOP('',(#2635,#2641,#2642,#2643));
#2635 = ORIENTED_EDGE('',*,*,#2636,.T.);
#2636 = EDGE_CURVE('',#1339,#1914,#2637,.T.);
#2637 = LINE('',#2638,#2639);
#2638 = CARTESIAN_POINT('',(1.016,-8.89,0.));
#2639 = VECTOR('',#2640,1.);
#2640 = DIRECTION('',(0.,0.,1.));
#2641 = ORIENTED_EDGE('',*,*,#1921,.T.);
#2642 = ORIENTED_EDGE('',*,*,#2602,.F.);
#2643 = ORIENTED_EDGE('',*,*,#1346,.F.);
#2644 = PLANE('',#2645);
#2645 = AXIS2_PLACEMENT_3D('',#2646,#2647,#2648);
#2646 = CARTESIAN_POINT('',(1.016,-8.89,0.));
#2647 = DIRECTION('',(-0.707106781187,0.707106781187,0.));
#2648 = DIRECTION('',(0.707106781187,0.707106781187,0.));
#2649 = ADVANCED_FACE('',(#2650),#2661,.F.);
#2650 = FACE_BOUND('',#2651,.F.);
#2651 = EDGE_LOOP('',(#2652,#2653,#2654,#2660));
#2652 = ORIENTED_EDGE('',*,*,#2621,.T.);
#2653 = ORIENTED_EDGE('',*,*,#1777,.T.);
#2654 = ORIENTED_EDGE('',*,*,#2655,.F.);
#2655 = EDGE_CURVE('',#1203,#1778,#2656,.T.);
#2656 = LINE('',#2657,#2658);
#2657 = CARTESIAN_POINT('',(-1.27,-11.176,0.));
#2658 = VECTOR('',#2659,1.);
#2659 = DIRECTION('',(0.,0.,1.));
#2660 = ORIENTED_EDGE('',*,*,#1202,.F.);
#2661 = PLANE('',#2662);
#2662 = AXIS2_PLACEMENT_3D('',#2663,#2664,#2665);
#2663 = CARTESIAN_POINT('',(-1.27,-9.144,0.));
#2664 = DIRECTION('',(1.,0.,0.));
#2665 = DIRECTION('',(0.,-1.,0.));
#2666 = ADVANCED_FACE('',(#2667),#2678,.F.);
#2667 = FACE_BOUND('',#2668,.F.);
#2668 = EDGE_LOOP('',(#2669,#2675,#2676,#2677));
#2669 = ORIENTED_EDGE('',*,*,#2670,.T.);
#2670 = EDGE_CURVE('',#1331,#1906,#2671,.T.);
#2671 = LINE('',#2672,#2673);
#2672 = CARTESIAN_POINT('',(1.27,-9.144,0.));
#2673 = VECTOR('',#2674,1.);
#2674 = DIRECTION('',(0.,0.,1.));
#2675 = ORIENTED_EDGE('',*,*,#1913,.T.);
#2676 = ORIENTED_EDGE('',*,*,#2636,.F.);
#2677 = ORIENTED_EDGE('',*,*,#1338,.F.);
#2678 = PLANE('',#2679);
#2679 = AXIS2_PLACEMENT_3D('',#2680,#2681,#2682);
#2680 = CARTESIAN_POINT('',(1.27,-9.144,0.));
#2681 = DIRECTION('',(-0.707106781187,-0.707106781187,0.));
#2682 = DIRECTION('',(-0.707106781187,0.707106781187,0.));
#2683 = ADVANCED_FACE('',(#2684),#2695,.F.);
#2684 = FACE_BOUND('',#2685,.F.);
#2685 = EDGE_LOOP('',(#2686,#2687,#2688,#2694));
#2686 = ORIENTED_EDGE('',*,*,#2655,.T.);
#2687 = ORIENTED_EDGE('',*,*,#1785,.T.);
#2688 = ORIENTED_EDGE('',*,*,#2689,.F.);
#2689 = EDGE_CURVE('',#1211,#1786,#2690,.T.);
#2690 = LINE('',#2691,#2692);
#2691 = CARTESIAN_POINT('',(-1.016,-11.43,0.));
#2692 = VECTOR('',#2693,1.);
#2693 = DIRECTION('',(0.,0.,1.));
#2694 = ORIENTED_EDGE('',*,*,#1210,.F.);
#2695 = PLANE('',#2696);
#2696 = AXIS2_PLACEMENT_3D('',#2697,#2698,#2699);
#2697 = CARTESIAN_POINT('',(-1.27,-11.176,0.));
#2698 = DIRECTION('',(0.707106781187,0.707106781187,0.));
#2699 = DIRECTION('',(0.707106781187,-0.707106781187,0.));
#2700 = ADVANCED_FACE('',(#2701),#2712,.F.);
#2701 = FACE_BOUND('',#2702,.F.);
#2702 = EDGE_LOOP('',(#2703,#2709,#2710,#2711));
#2703 = ORIENTED_EDGE('',*,*,#2704,.T.);
#2704 = EDGE_CURVE('',#1323,#1898,#2705,.T.);
#2705 = LINE('',#2706,#2707);
#2706 = CARTESIAN_POINT('',(1.27,-11.176,0.));
#2707 = VECTOR('',#2708,1.);
#2708 = DIRECTION('',(0.,0.,1.));
#2709 = ORIENTED_EDGE('',*,*,#1905,.T.);
#2710 = ORIENTED_EDGE('',*,*,#2670,.F.);
#2711 = ORIENTED_EDGE('',*,*,#1330,.F.);
#2712 = PLANE('',#2713);
#2713 = AXIS2_PLACEMENT_3D('',#2714,#2715,#2716);
#2714 = CARTESIAN_POINT('',(1.27,-11.176,0.));
#2715 = DIRECTION('',(-1.,0.,0.));
#2716 = DIRECTION('',(0.,1.,0.));
#2717 = ADVANCED_FACE('',(#2718),#2729,.F.);
#2718 = FACE_BOUND('',#2719,.F.);
#2719 = EDGE_LOOP('',(#2720,#2721,#2722,#2728));
#2720 = ORIENTED_EDGE('',*,*,#2689,.T.);
#2721 = ORIENTED_EDGE('',*,*,#1793,.T.);
#2722 = ORIENTED_EDGE('',*,*,#2723,.F.);
#2723 = EDGE_CURVE('',#1219,#1794,#2724,.T.);
#2724 = LINE('',#2725,#2726);
#2725 = CARTESIAN_POINT('',(-1.27,-11.684,0.));
#2726 = VECTOR('',#2727,1.);
#2727 = DIRECTION('',(0.,0.,1.));
#2728 = ORIENTED_EDGE('',*,*,#1218,.F.);
#2729 = PLANE('',#2730);
#2730 = AXIS2_PLACEMENT_3D('',#2731,#2732,#2733);
#2731 = CARTESIAN_POINT('',(-1.016,-11.43,0.));
#2732 = DIRECTION('',(0.707106781187,-0.707106781187,0.));
#2733 = DIRECTION('',(-0.707106781187,-0.707106781187,0.));
#2734 = ADVANCED_FACE('',(#2735),#2746,.F.);
#2735 = FACE_BOUND('',#2736,.F.);
#2736 = EDGE_LOOP('',(#2737,#2743,#2744,#2745));
#2737 = ORIENTED_EDGE('',*,*,#2738,.T.);
#2738 = EDGE_CURVE('',#1315,#1890,#2739,.T.);
#2739 = LINE('',#2740,#2741);
#2740 = CARTESIAN_POINT('',(1.016,-11.43,0.));
#2741 = VECTOR('',#2742,1.);
#2742 = DIRECTION('',(0.,0.,1.));
#2743 = ORIENTED_EDGE('',*,*,#1897,.T.);
#2744 = ORIENTED_EDGE('',*,*,#2704,.F.);
#2745 = ORIENTED_EDGE('',*,*,#1322,.F.);
#2746 = PLANE('',#2747);
#2747 = AXIS2_PLACEMENT_3D('',#2748,#2749,#2750);
#2748 = CARTESIAN_POINT('',(1.016,-11.43,0.));
#2749 = DIRECTION('',(-0.707106781187,0.707106781187,0.));
#2750 = DIRECTION('',(0.707106781187,0.707106781187,0.));
#2751 = ADVANCED_FACE('',(#2752),#2763,.F.);
#2752 = FACE_BOUND('',#2753,.F.);
#2753 = EDGE_LOOP('',(#2754,#2755,#2756,#2762));
#2754 = ORIENTED_EDGE('',*,*,#2723,.T.);
#2755 = ORIENTED_EDGE('',*,*,#1801,.T.);
#2756 = ORIENTED_EDGE('',*,*,#2757,.F.);
#2757 = EDGE_CURVE('',#1227,#1802,#2758,.T.);
#2758 = LINE('',#2759,#2760);
#2759 = CARTESIAN_POINT('',(-1.27,-13.716,0.));
#2760 = VECTOR('',#2761,1.);
#2761 = DIRECTION('',(0.,0.,1.));
#2762 = ORIENTED_EDGE('',*,*,#1226,.F.);
#2763 = PLANE('',#2764);
#2764 = AXIS2_PLACEMENT_3D('',#2765,#2766,#2767);
#2765 = CARTESIAN_POINT('',(-1.27,-11.684,0.));
#2766 = DIRECTION('',(1.,0.,0.));
#2767 = DIRECTION('',(0.,-1.,0.));
#2768 = ADVANCED_FACE('',(#2769),#2780,.F.);
#2769 = FACE_BOUND('',#2770,.F.);
#2770 = EDGE_LOOP('',(#2771,#2777,#2778,#2779));
#2771 = ORIENTED_EDGE('',*,*,#2772,.T.);
#2772 = EDGE_CURVE('',#1307,#1882,#2773,.T.);
#2773 = LINE('',#2774,#2775);
#2774 = CARTESIAN_POINT('',(1.27,-11.684,0.));
#2775 = VECTOR('',#2776,1.);
#2776 = DIRECTION('',(0.,0.,1.));
#2777 = ORIENTED_EDGE('',*,*,#1889,.T.);
#2778 = ORIENTED_EDGE('',*,*,#2738,.F.);
#2779 = ORIENTED_EDGE('',*,*,#1314,.F.);
#2780 = PLANE('',#2781);
#2781 = AXIS2_PLACEMENT_3D('',#2782,#2783,#2784);
#2782 = CARTESIAN_POINT('',(1.27,-11.684,0.));
#2783 = DIRECTION('',(-0.707106781187,-0.707106781187,0.));
#2784 = DIRECTION('',(-0.707106781187,0.707106781187,0.));
#2785 = ADVANCED_FACE('',(#2786),#2797,.F.);
#2786 = FACE_BOUND('',#2787,.F.);
#2787 = EDGE_LOOP('',(#2788,#2789,#2790,#2796));
#2788 = ORIENTED_EDGE('',*,*,#2757,.T.);
#2789 = ORIENTED_EDGE('',*,*,#1809,.T.);
#2790 = ORIENTED_EDGE('',*,*,#2791,.F.);
#2791 = EDGE_CURVE('',#1235,#1810,#2792,.T.);
#2792 = LINE('',#2793,#2794);
#2793 = CARTESIAN_POINT('',(-1.016,-13.97,0.));
#2794 = VECTOR('',#2795,1.);
#2795 = DIRECTION('',(0.,0.,1.));
#2796 = ORIENTED_EDGE('',*,*,#1234,.F.);
#2797 = PLANE('',#2798);
#2798 = AXIS2_PLACEMENT_3D('',#2799,#2800,#2801);
#2799 = CARTESIAN_POINT('',(-1.27,-13.716,0.));
#2800 = DIRECTION('',(0.707106781187,0.707106781187,0.));
#2801 = DIRECTION('',(0.707106781187,-0.707106781187,0.));
#2802 = ADVANCED_FACE('',(#2803),#2814,.F.);
#2803 = FACE_BOUND('',#2804,.F.);
#2804 = EDGE_LOOP('',(#2805,#2811,#2812,#2813));
#2805 = ORIENTED_EDGE('',*,*,#2806,.T.);
#2806 = EDGE_CURVE('',#1299,#1874,#2807,.T.);
#2807 = LINE('',#2808,#2809);
#2808 = CARTESIAN_POINT('',(1.27,-13.716,0.));
#2809 = VECTOR('',#2810,1.);
#2810 = DIRECTION('',(0.,0.,1.));
#2811 = ORIENTED_EDGE('',*,*,#1881,.T.);
#2812 = ORIENTED_EDGE('',*,*,#2772,.F.);
#2813 = ORIENTED_EDGE('',*,*,#1306,.F.);
#2814 = PLANE('',#2815);
#2815 = AXIS2_PLACEMENT_3D('',#2816,#2817,#2818);
#2816 = CARTESIAN_POINT('',(1.27,-13.716,0.));
#2817 = DIRECTION('',(-1.,0.,0.));
#2818 = DIRECTION('',(0.,1.,0.));
#2819 = ADVANCED_FACE('',(#2820),#2831,.F.);
#2820 = FACE_BOUND('',#2821,.F.);
#2821 = EDGE_LOOP('',(#2822,#2823,#2824,#2830));
#2822 = ORIENTED_EDGE('',*,*,#2791,.T.);
#2823 = ORIENTED_EDGE('',*,*,#1817,.T.);
#2824 = ORIENTED_EDGE('',*,*,#2825,.F.);
#2825 = EDGE_CURVE('',#1243,#1818,#2826,.T.);
#2826 = LINE('',#2827,#2828);
#2827 = CARTESIAN_POINT('',(-1.27,-14.224,0.));
#2828 = VECTOR('',#2829,1.);
#2829 = DIRECTION('',(0.,0.,1.));
#2830 = ORIENTED_EDGE('',*,*,#1242,.F.);
#2831 = PLANE('',#2832);
#2832 = AXIS2_PLACEMENT_3D('',#2833,#2834,#2835);
#2833 = CARTESIAN_POINT('',(-1.016,-13.97,0.));
#2834 = DIRECTION('',(0.707106781187,-0.707106781187,0.));
#2835 = DIRECTION('',(-0.707106781187,-0.707106781187,0.));
#2836 = ADVANCED_FACE('',(#2837),#2848,.F.);
#2837 = FACE_BOUND('',#2838,.F.);
#2838 = EDGE_LOOP('',(#2839,#2845,#2846,#2847));
#2839 = ORIENTED_EDGE('',*,*,#2840,.T.);
#2840 = EDGE_CURVE('',#1291,#1866,#2841,.T.);
#2841 = LINE('',#2842,#2843);
#2842 = CARTESIAN_POINT('',(1.016,-13.97,0.));
#2843 = VECTOR('',#2844,1.);
#2844 = DIRECTION('',(0.,0.,1.));
#2845 = ORIENTED_EDGE('',*,*,#1873,.T.);
#2846 = ORIENTED_EDGE('',*,*,#2806,.F.);
#2847 = ORIENTED_EDGE('',*,*,#1298,.F.);
#2848 = PLANE('',#2849);
#2849 = AXIS2_PLACEMENT_3D('',#2850,#2851,#2852);
#2850 = CARTESIAN_POINT('',(1.016,-13.97,0.));
#2851 = DIRECTION('',(-0.707106781187,0.707106781187,0.));
#2852 = DIRECTION('',(0.707106781187,0.707106781187,0.));
#2853 = ADVANCED_FACE('',(#2854),#2865,.F.);
#2854 = FACE_BOUND('',#2855,.F.);
#2855 = EDGE_LOOP('',(#2856,#2857,#2858,#2864));
#2856 = ORIENTED_EDGE('',*,*,#2825,.T.);
#2857 = ORIENTED_EDGE('',*,*,#1825,.T.);
#2858 = ORIENTED_EDGE('',*,*,#2859,.F.);
#2859 = EDGE_CURVE('',#1251,#1826,#2860,.T.);
#2860 = LINE('',#2861,#2862);
#2861 = CARTESIAN_POINT('',(-1.27,-16.256,0.));
#2862 = VECTOR('',#2863,1.);
#2863 = DIRECTION('',(0.,0.,1.));
#2864 = ORIENTED_EDGE('',*,*,#1250,.F.);
#2865 = PLANE('',#2866);
#2866 = AXIS2_PLACEMENT_3D('',#2867,#2868,#2869);
#2867 = CARTESIAN_POINT('',(-1.27,-14.224,0.));
#2868 = DIRECTION('',(1.,0.,0.));
#2869 = DIRECTION('',(0.,-1.,0.));
#2870 = ADVANCED_FACE('',(#2871),#2882,.F.);
#2871 = FACE_BOUND('',#2872,.F.);
#2872 = EDGE_LOOP('',(#2873,#2879,#2880,#2881));
#2873 = ORIENTED_EDGE('',*,*,#2874,.T.);
#2874 = EDGE_CURVE('',#1283,#1858,#2875,.T.);
#2875 = LINE('',#2876,#2877);
#2876 = CARTESIAN_POINT('',(1.27,-14.224,0.));
#2877 = VECTOR('',#2878,1.);
#2878 = DIRECTION('',(0.,0.,1.));
#2879 = ORIENTED_EDGE('',*,*,#1865,.T.);
#2880 = ORIENTED_EDGE('',*,*,#2840,.F.);
#2881 = ORIENTED_EDGE('',*,*,#1290,.F.);
#2882 = PLANE('',#2883);
#2883 = AXIS2_PLACEMENT_3D('',#2884,#2885,#2886);
#2884 = CARTESIAN_POINT('',(1.27,-14.224,0.));
#2885 = DIRECTION('',(-0.707106781187,-0.707106781187,0.));
#2886 = DIRECTION('',(-0.707106781187,0.707106781187,0.));
#2887 = ADVANCED_FACE('',(#2888),#2899,.F.);
#2888 = FACE_BOUND('',#2889,.F.);
#2889 = EDGE_LOOP('',(#2890,#2891,#2892,#2898));
#2890 = ORIENTED_EDGE('',*,*,#2859,.T.);
#2891 = ORIENTED_EDGE('',*,*,#1833,.T.);
#2892 = ORIENTED_EDGE('',*,*,#2893,.F.);
#2893 = EDGE_CURVE('',#1259,#1834,#2894,.T.);
#2894 = LINE('',#2895,#2896);
#2895 = CARTESIAN_POINT('',(-1.016,-16.51,0.));
#2896 = VECTOR('',#2897,1.);
#2897 = DIRECTION('',(0.,0.,1.));
#2898 = ORIENTED_EDGE('',*,*,#1258,.F.);
#2899 = PLANE('',#2900);
#2900 = AXIS2_PLACEMENT_3D('',#2901,#2902,#2903);
#2901 = CARTESIAN_POINT('',(-1.27,-16.256,0.));
#2902 = DIRECTION('',(0.707106781187,0.707106781187,0.));
#2903 = DIRECTION('',(0.707106781187,-0.707106781187,0.));
#2904 = ADVANCED_FACE('',(#2905),#2916,.F.);
#2905 = FACE_BOUND('',#2906,.F.);
#2906 = EDGE_LOOP('',(#2907,#2913,#2914,#2915));
#2907 = ORIENTED_EDGE('',*,*,#2908,.T.);
#2908 = EDGE_CURVE('',#1275,#1850,#2909,.T.);
#2909 = LINE('',#2910,#2911);
#2910 = CARTESIAN_POINT('',(1.27,-16.256,0.));
#2911 = VECTOR('',#2912,1.);
#2912 = DIRECTION('',(0.,0.,1.));
#2913 = ORIENTED_EDGE('',*,*,#1857,.T.);
#2914 = ORIENTED_EDGE('',*,*,#2874,.F.);
#2915 = ORIENTED_EDGE('',*,*,#1282,.F.);
#2916 = PLANE('',#2917);
#2917 = AXIS2_PLACEMENT_3D('',#2918,#2919,#2920);
#2918 = CARTESIAN_POINT('',(1.27,-16.256,0.));
#2919 = DIRECTION('',(-1.,0.,0.));
#2920 = DIRECTION('',(0.,1.,0.));
#2921 = ADVANCED_FACE('',(#2922),#2933,.F.);
#2922 = FACE_BOUND('',#2923,.F.);
#2923 = EDGE_LOOP('',(#2924,#2925,#2926,#2932));
#2924 = ORIENTED_EDGE('',*,*,#2893,.T.);
#2925 = ORIENTED_EDGE('',*,*,#1841,.T.);
#2926 = ORIENTED_EDGE('',*,*,#2927,.F.);
#2927 = EDGE_CURVE('',#1267,#1842,#2928,.T.);
#2928 = LINE('',#2929,#2930);
#2929 = CARTESIAN_POINT('',(1.016,-16.51,0.));
#2930 = VECTOR('',#2931,1.);
#2931 = DIRECTION('',(0.,0.,1.));
#2932 = ORIENTED_EDGE('',*,*,#1266,.F.);
#2933 = PLANE('',#2934);
#2934 = AXIS2_PLACEMENT_3D('',#2935,#2936,#2937);
#2935 = CARTESIAN_POINT('',(-1.016,-16.51,0.));
#2936 = DIRECTION('',(0.,1.,0.));
#2937 = DIRECTION('',(1.,0.,0.));
#2938 = ADVANCED_FACE('',(#2939),#2945,.F.);
#2939 = FACE_BOUND('',#2940,.F.);
#2940 = EDGE_LOOP('',(#2941,#2942,#2943,#2944));
#2941 = ORIENTED_EDGE('',*,*,#2927,.T.);
#2942 = ORIENTED_EDGE('',*,*,#1849,.T.);
#2943 = ORIENTED_EDGE('',*,*,#2908,.F.);
#2944 = ORIENTED_EDGE('',*,*,#1274,.F.);
#2945 = PLANE('',#2946);
#2946 = AXIS2_PLACEMENT_3D('',#2947,#2948,#2949);
#2947 = CARTESIAN_POINT('',(1.016,-16.51,0.));
#2948 = DIRECTION('',(-0.707106781187,0.707106781187,0.));
#2949 = DIRECTION('',(0.707106781187,0.707106781187,0.));
#2950 = ADVANCED_FACE('',(#2951),#2976,.T.);
#2951 = FACE_BOUND('',#2952,.T.);
#2952 = EDGE_LOOP('',(#2953,#2961,#2969,#2975));
#2953 = ORIENTED_EDGE('',*,*,#2954,.F.);
#2954 = EDGE_CURVE('',#2955,#1444,#2957,.T.);
#2955 = VERTEX_POINT('',#2956);
#2956 = CARTESIAN_POINT('',(0.32,-12.38,-2.84));
#2957 = LINE('',#2958,#2959);
#2958 = CARTESIAN_POINT('',(0.32,-12.38,-3.));
#2959 = VECTOR('',#2960,1.);
#2960 = DIRECTION('',(0.,0.,1.));
#2961 = ORIENTED_EDGE('',*,*,#2962,.F.);
#2962 = EDGE_CURVE('',#2963,#2955,#2965,.T.);
#2963 = VERTEX_POINT('',#2964);
#2964 = CARTESIAN_POINT('',(-0.32,-12.38,-2.84));
#2965 = LINE('',#2966,#2967);
#2966 = CARTESIAN_POINT('',(-0.32,-12.38,-2.84));
#2967 = VECTOR('',#2968,1.);
#2968 = DIRECTION('',(1.,0.,0.));
#2969 = ORIENTED_EDGE('',*,*,#2970,.T.);
#2970 = EDGE_CURVE('',#2963,#1446,#2971,.T.);
#2971 = LINE('',#2972,#2973);
#2972 = CARTESIAN_POINT('',(-0.32,-12.38,-3.));
#2973 = VECTOR('',#2974,1.);
#2974 = DIRECTION('',(0.,0.,1.));
#2975 = ORIENTED_EDGE('',*,*,#1443,.F.);
#2976 = PLANE('',#2977);
#2977 = AXIS2_PLACEMENT_3D('',#2978,#2979,#2980);
#2978 = CARTESIAN_POINT('',(-0.32,-12.38,-3.));
#2979 = DIRECTION('',(0.,1.,0.));
#2980 = DIRECTION('',(0.,-0.,1.));
#2981 = ADVANCED_FACE('',(#2982),#3000,.F.);
#2982 = FACE_BOUND('',#2983,.F.);
#2983 = EDGE_LOOP('',(#2984,#2992,#2998,#2999));
#2984 = ORIENTED_EDGE('',*,*,#2985,.F.);
#2985 = EDGE_CURVE('',#2986,#1462,#2988,.T.);
#2986 = VERTEX_POINT('',#2987);
#2987 = CARTESIAN_POINT('',(-0.32,-13.02,-2.84));
#2988 = LINE('',#2989,#2990);
#2989 = CARTESIAN_POINT('',(-0.32,-13.02,-3.));
#2990 = VECTOR('',#2991,1.);
#2991 = DIRECTION('',(0.,0.,1.));
#2992 = ORIENTED_EDGE('',*,*,#2993,.T.);
#2993 = EDGE_CURVE('',#2986,#2963,#2994,.T.);
#2994 = LINE('',#2995,#2996);
#2995 = CARTESIAN_POINT('',(-0.32,-13.02,-2.84));
#2996 = VECTOR('',#2997,1.);
#2997 = DIRECTION('',(0.,1.,0.));
#2998 = ORIENTED_EDGE('',*,*,#2970,.T.);
#2999 = ORIENTED_EDGE('',*,*,#1469,.F.);
#3000 = PLANE('',#3001);
#3001 = AXIS2_PLACEMENT_3D('',#3002,#3003,#3004);
#3002 = CARTESIAN_POINT('',(-0.32,-13.02,-3.));
#3003 = DIRECTION('',(1.,0.,0.));
#3004 = DIRECTION('',(0.,0.,1.));
#3005 = ADVANCED_FACE('',(#3006),#3024,.F.);
#3006 = FACE_BOUND('',#3007,.F.);
#3007 = EDGE_LOOP('',(#3008,#3016,#3022,#3023));
#3008 = ORIENTED_EDGE('',*,*,#3009,.F.);
#3009 = EDGE_CURVE('',#3010,#1454,#3012,.T.);
#3010 = VERTEX_POINT('',#3011);
#3011 = CARTESIAN_POINT('',(0.32,-13.02,-2.84));
#3012 = LINE('',#3013,#3014);
#3013 = CARTESIAN_POINT('',(0.32,-13.02,-3.));
#3014 = VECTOR('',#3015,1.);
#3015 = DIRECTION('',(0.,0.,1.));
#3016 = ORIENTED_EDGE('',*,*,#3017,.F.);
#3017 = EDGE_CURVE('',#2986,#3010,#3018,.T.);
#3018 = LINE('',#3019,#3020);
#3019 = CARTESIAN_POINT('',(-0.32,-13.02,-2.84));
#3020 = VECTOR('',#3021,1.);
#3021 = DIRECTION('',(1.,0.,0.));
#3022 = ORIENTED_EDGE('',*,*,#2985,.T.);
#3023 = ORIENTED_EDGE('',*,*,#1461,.F.);
#3024 = PLANE('',#3025);
#3025 = AXIS2_PLACEMENT_3D('',#3026,#3027,#3028);
#3026 = CARTESIAN_POINT('',(-0.32,-13.02,-3.));
#3027 = DIRECTION('',(0.,1.,0.));
#3028 = DIRECTION('',(0.,-0.,1.));
#3029 = ADVANCED_FACE('',(#3030),#3041,.T.);
#3030 = FACE_BOUND('',#3031,.T.);
#3031 = EDGE_LOOP('',(#3032,#3033,#3039,#3040));
#3032 = ORIENTED_EDGE('',*,*,#3009,.F.);
#3033 = ORIENTED_EDGE('',*,*,#3034,.T.);
#3034 = EDGE_CURVE('',#3010,#2955,#3035,.T.);
#3035 = LINE('',#3036,#3037);
#3036 = CARTESIAN_POINT('',(0.32,-13.02,-2.84));
#3037 = VECTOR('',#3038,1.);
#3038 = DIRECTION('',(0.,1.,0.));
#3039 = ORIENTED_EDGE('',*,*,#2954,.T.);
#3040 = ORIENTED_EDGE('',*,*,#1453,.F.);
#3041 = PLANE('',#3042);
#3042 = AXIS2_PLACEMENT_3D('',#3043,#3044,#3045);
#3043 = CARTESIAN_POINT('',(0.32,-13.02,-3.));
#3044 = DIRECTION('',(1.,0.,0.));
#3045 = DIRECTION('',(0.,0.,1.));
#3046 = ADVANCED_FACE('',(#3047),#3072,.T.);
#3047 = FACE_BOUND('',#3048,.T.);
#3048 = EDGE_LOOP('',(#3049,#3057,#3065,#3071));
#3049 = ORIENTED_EDGE('',*,*,#3050,.F.);
#3050 = EDGE_CURVE('',#3051,#1478,#3053,.T.);
#3051 = VERTEX_POINT('',#3052);
#3052 = CARTESIAN_POINT('',(0.32,-15.56,-2.84));
#3053 = LINE('',#3054,#3055);
#3054 = CARTESIAN_POINT('',(0.32,-15.56,-3.));
#3055 = VECTOR('',#3056,1.);
#3056 = DIRECTION('',(0.,0.,1.));
#3057 = ORIENTED_EDGE('',*,*,#3058,.T.);
#3058 = EDGE_CURVE('',#3051,#3059,#3061,.T.);
#3059 = VERTEX_POINT('',#3060);
#3060 = CARTESIAN_POINT('',(0.32,-14.92,-2.84));
#3061 = LINE('',#3062,#3063);
#3062 = CARTESIAN_POINT('',(0.32,-15.56,-2.84));
#3063 = VECTOR('',#3064,1.);
#3064 = DIRECTION('',(0.,1.,0.));
#3065 = ORIENTED_EDGE('',*,*,#3066,.T.);
#3066 = EDGE_CURVE('',#3059,#1480,#3067,.T.);
#3067 = LINE('',#3068,#3069);
#3068 = CARTESIAN_POINT('',(0.32,-14.92,-3.));
#3069 = VECTOR('',#3070,1.);
#3070 = DIRECTION('',(0.,0.,1.));
#3071 = ORIENTED_EDGE('',*,*,#1477,.F.);
#3072 = PLANE('',#3073);
#3073 = AXIS2_PLACEMENT_3D('',#3074,#3075,#3076);
#3074 = CARTESIAN_POINT('',(0.32,-15.56,-3.));
#3075 = DIRECTION('',(1.,0.,0.));
#3076 = DIRECTION('',(0.,0.,1.));
#3077 = ADVANCED_FACE('',(#3078),#3096,.T.);
#3078 = FACE_BOUND('',#3079,.T.);
#3079 = EDGE_LOOP('',(#3080,#3081,#3089,#3095));
#3080 = ORIENTED_EDGE('',*,*,#3066,.F.);
#3081 = ORIENTED_EDGE('',*,*,#3082,.F.);
#3082 = EDGE_CURVE('',#3083,#3059,#3085,.T.);
#3083 = VERTEX_POINT('',#3084);
#3084 = CARTESIAN_POINT('',(-0.32,-14.92,-2.84));
#3085 = LINE('',#3086,#3087);
#3086 = CARTESIAN_POINT('',(-0.32,-14.92,-2.84));
#3087 = VECTOR('',#3088,1.);
#3088 = DIRECTION('',(1.,0.,0.));
#3089 = ORIENTED_EDGE('',*,*,#3090,.T.);
#3090 = EDGE_CURVE('',#3083,#1496,#3091,.T.);
#3091 = LINE('',#3092,#3093);
#3092 = CARTESIAN_POINT('',(-0.32,-14.92,-3.));
#3093 = VECTOR('',#3094,1.);
#3094 = DIRECTION('',(0.,0.,1.));
#3095 = ORIENTED_EDGE('',*,*,#1503,.F.);
#3096 = PLANE('',#3097);
#3097 = AXIS2_PLACEMENT_3D('',#3098,#3099,#3100);
#3098 = CARTESIAN_POINT('',(-0.32,-14.92,-3.));
#3099 = DIRECTION('',(0.,1.,0.));
#3100 = DIRECTION('',(0.,-0.,1.));
#3101 = ADVANCED_FACE('',(#3102),#3120,.F.);
#3102 = FACE_BOUND('',#3103,.F.);
#3103 = EDGE_LOOP('',(#3104,#3112,#3118,#3119));
#3104 = ORIENTED_EDGE('',*,*,#3105,.F.);
#3105 = EDGE_CURVE('',#3106,#1488,#3108,.T.);
#3106 = VERTEX_POINT('',#3107);
#3107 = CARTESIAN_POINT('',(-0.32,-15.56,-2.84));
#3108 = LINE('',#3109,#3110);
#3109 = CARTESIAN_POINT('',(-0.32,-15.56,-3.));
#3110 = VECTOR('',#3111,1.);
#3111 = DIRECTION('',(0.,0.,1.));
#3112 = ORIENTED_EDGE('',*,*,#3113,.T.);
#3113 = EDGE_CURVE('',#3106,#3083,#3114,.T.);
#3114 = LINE('',#3115,#3116);
#3115 = CARTESIAN_POINT('',(-0.32,-15.56,-2.84));
#3116 = VECTOR('',#3117,1.);
#3117 = DIRECTION('',(0.,1.,0.));
#3118 = ORIENTED_EDGE('',*,*,#3090,.T.);
#3119 = ORIENTED_EDGE('',*,*,#1495,.F.);
#3120 = PLANE('',#3121);
#3121 = AXIS2_PLACEMENT_3D('',#3122,#3123,#3124);
#3122 = CARTESIAN_POINT('',(-0.32,-15.56,-3.));
#3123 = DIRECTION('',(1.,0.,0.));
#3124 = DIRECTION('',(0.,0.,1.));
#3125 = ADVANCED_FACE('',(#3126),#3137,.F.);
#3126 = FACE_BOUND('',#3127,.F.);
#3127 = EDGE_LOOP('',(#3128,#3129,#3135,#3136));
#3128 = ORIENTED_EDGE('',*,*,#3050,.F.);
#3129 = ORIENTED_EDGE('',*,*,#3130,.F.);
#3130 = EDGE_CURVE('',#3106,#3051,#3131,.T.);
#3131 = LINE('',#3132,#3133);
#3132 = CARTESIAN_POINT('',(-0.32,-15.56,-2.84));
#3133 = VECTOR('',#3134,1.);
#3134 = DIRECTION('',(1.,0.,0.));
#3135 = ORIENTED_EDGE('',*,*,#3105,.T.);
#3136 = ORIENTED_EDGE('',*,*,#1487,.F.);
#3137 = PLANE('',#3138);
#3138 = AXIS2_PLACEMENT_3D('',#3139,#3140,#3141);
#3139 = CARTESIAN_POINT('',(-0.32,-15.56,-3.));
#3140 = DIRECTION('',(0.,1.,0.));
#3141 = DIRECTION('',(0.,-0.,1.));
#3142 = ADVANCED_FACE('',(#3143),#3168,.T.);
#3143 = FACE_BOUND('',#3144,.T.);
#3144 = EDGE_LOOP('',(#3145,#3153,#3161,#3167));
#3145 = ORIENTED_EDGE('',*,*,#3146,.F.);
#3146 = EDGE_CURVE('',#3147,#1512,#3149,.T.);
#3147 = VERTEX_POINT('',#3148);
#3148 = CARTESIAN_POINT('',(0.32,-9.84,-2.84));
#3149 = LINE('',#3150,#3151);
#3150 = CARTESIAN_POINT('',(0.32,-9.84,-3.));
#3151 = VECTOR('',#3152,1.);
#3152 = DIRECTION('',(0.,0.,1.));
#3153 = ORIENTED_EDGE('',*,*,#3154,.F.);
#3154 = EDGE_CURVE('',#3155,#3147,#3157,.T.);
#3155 = VERTEX_POINT('',#3156);
#3156 = CARTESIAN_POINT('',(-0.32,-9.84,-2.84));
#3157 = LINE('',#3158,#3159);
#3158 = CARTESIAN_POINT('',(-0.32,-9.84,-2.84));
#3159 = VECTOR('',#3160,1.);
#3160 = DIRECTION('',(1.,0.,0.));
#3161 = ORIENTED_EDGE('',*,*,#3162,.T.);
#3162 = EDGE_CURVE('',#3155,#1514,#3163,.T.);
#3163 = LINE('',#3164,#3165);
#3164 = CARTESIAN_POINT('',(-0.32,-9.84,-3.));
#3165 = VECTOR('',#3166,1.);
#3166 = DIRECTION('',(0.,0.,1.));
#3167 = ORIENTED_EDGE('',*,*,#1511,.F.);
#3168 = PLANE('',#3169);
#3169 = AXIS2_PLACEMENT_3D('',#3170,#3171,#3172);
#3170 = CARTESIAN_POINT('',(-0.32,-9.84,-3.));
#3171 = DIRECTION('',(0.,1.,0.));
#3172 = DIRECTION('',(0.,-0.,1.));
#3173 = ADVANCED_FACE('',(#3174),#3192,.F.);
#3174 = FACE_BOUND('',#3175,.F.);
#3175 = EDGE_LOOP('',(#3176,#3184,#3190,#3191));
#3176 = ORIENTED_EDGE('',*,*,#3177,.F.);
#3177 = EDGE_CURVE('',#3178,#1530,#3180,.T.);
#3178 = VERTEX_POINT('',#3179);
#3179 = CARTESIAN_POINT('',(-0.32,-10.48,-2.84));
#3180 = LINE('',#3181,#3182);
#3181 = CARTESIAN_POINT('',(-0.32,-10.48,-3.));
#3182 = VECTOR('',#3183,1.);
#3183 = DIRECTION('',(0.,0.,1.));
#3184 = ORIENTED_EDGE('',*,*,#3185,.T.);
#3185 = EDGE_CURVE('',#3178,#3155,#3186,.T.);
#3186 = LINE('',#3187,#3188);
#3187 = CARTESIAN_POINT('',(-0.32,-10.48,-2.84));
#3188 = VECTOR('',#3189,1.);
#3189 = DIRECTION('',(0.,1.,0.));
#3190 = ORIENTED_EDGE('',*,*,#3162,.T.);
#3191 = ORIENTED_EDGE('',*,*,#1537,.F.);
#3192 = PLANE('',#3193);
#3193 = AXIS2_PLACEMENT_3D('',#3194,#3195,#3196);
#3194 = CARTESIAN_POINT('',(-0.32,-10.48,-3.));
#3195 = DIRECTION('',(1.,0.,0.));
#3196 = DIRECTION('',(0.,0.,1.));
#3197 = ADVANCED_FACE('',(#3198),#3216,.F.);
#3198 = FACE_BOUND('',#3199,.F.);
#3199 = EDGE_LOOP('',(#3200,#3208,#3214,#3215));
#3200 = ORIENTED_EDGE('',*,*,#3201,.F.);
#3201 = EDGE_CURVE('',#3202,#1522,#3204,.T.);
#3202 = VERTEX_POINT('',#3203);
#3203 = CARTESIAN_POINT('',(0.32,-10.48,-2.84));
#3204 = LINE('',#3205,#3206);
#3205 = CARTESIAN_POINT('',(0.32,-10.48,-3.));
#3206 = VECTOR('',#3207,1.);
#3207 = DIRECTION('',(0.,0.,1.));
#3208 = ORIENTED_EDGE('',*,*,#3209,.F.);
#3209 = EDGE_CURVE('',#3178,#3202,#3210,.T.);
#3210 = LINE('',#3211,#3212);
#3211 = CARTESIAN_POINT('',(-0.32,-10.48,-2.84));
#3212 = VECTOR('',#3213,1.);
#3213 = DIRECTION('',(1.,0.,0.));
#3214 = ORIENTED_EDGE('',*,*,#3177,.T.);
#3215 = ORIENTED_EDGE('',*,*,#1529,.F.);
#3216 = PLANE('',#3217);
#3217 = AXIS2_PLACEMENT_3D('',#3218,#3219,#3220);
#3218 = CARTESIAN_POINT('',(-0.32,-10.48,-3.));
#3219 = DIRECTION('',(0.,1.,0.));
#3220 = DIRECTION('',(0.,-0.,1.));
#3221 = ADVANCED_FACE('',(#3222),#3233,.T.);
#3222 = FACE_BOUND('',#3223,.T.);
#3223 = EDGE_LOOP('',(#3224,#3225,#3231,#3232));
#3224 = ORIENTED_EDGE('',*,*,#3201,.F.);
#3225 = ORIENTED_EDGE('',*,*,#3226,.T.);
#3226 = EDGE_CURVE('',#3202,#3147,#3227,.T.);
#3227 = LINE('',#3228,#3229);
#3228 = CARTESIAN_POINT('',(0.32,-10.48,-2.84));
#3229 = VECTOR('',#3230,1.);
#3230 = DIRECTION('',(0.,1.,0.));
#3231 = ORIENTED_EDGE('',*,*,#3146,.T.);
#3232 = ORIENTED_EDGE('',*,*,#1521,.F.);
#3233 = PLANE('',#3234);
#3234 = AXIS2_PLACEMENT_3D('',#3235,#3236,#3237);
#3235 = CARTESIAN_POINT('',(0.32,-10.48,-3.));
#3236 = DIRECTION('',(1.,0.,0.));
#3237 = DIRECTION('',(0.,0.,1.));
#3238 = ADVANCED_FACE('',(#3239),#3264,.T.);
#3239 = FACE_BOUND('',#3240,.T.);
#3240 = EDGE_LOOP('',(#3241,#3249,#3257,#3263));
#3241 = ORIENTED_EDGE('',*,*,#3242,.F.);
#3242 = EDGE_CURVE('',#3243,#1546,#3245,.T.);
#3243 = VERTEX_POINT('',#3244);
#3244 = CARTESIAN_POINT('',(0.32,-2.86,-2.84));
#3245 = LINE('',#3246,#3247);
#3246 = CARTESIAN_POINT('',(0.32,-2.86,-3.));
#3247 = VECTOR('',#3248,1.);
#3248 = DIRECTION('',(0.,0.,1.));
#3249 = ORIENTED_EDGE('',*,*,#3250,.T.);
#3250 = EDGE_CURVE('',#3243,#3251,#3253,.T.);
#3251 = VERTEX_POINT('',#3252);
#3252 = CARTESIAN_POINT('',(0.32,-2.22,-2.84));
#3253 = LINE('',#3254,#3255);
#3254 = CARTESIAN_POINT('',(0.32,-2.86,-2.84));
#3255 = VECTOR('',#3256,1.);
#3256 = DIRECTION('',(0.,1.,0.));
#3257 = ORIENTED_EDGE('',*,*,#3258,.T.);
#3258 = EDGE_CURVE('',#3251,#1548,#3259,.T.);
#3259 = LINE('',#3260,#3261);
#3260 = CARTESIAN_POINT('',(0.32,-2.22,-3.));
#3261 = VECTOR('',#3262,1.);
#3262 = DIRECTION('',(0.,0.,1.));
#3263 = ORIENTED_EDGE('',*,*,#1545,.F.);
#3264 = PLANE('',#3265);
#3265 = AXIS2_PLACEMENT_3D('',#3266,#3267,#3268);
#3266 = CARTESIAN_POINT('',(0.32,-2.86,-3.));
#3267 = DIRECTION('',(1.,0.,0.));
#3268 = DIRECTION('',(0.,0.,1.));
#3269 = ADVANCED_FACE('',(#3270),#3288,.T.);
#3270 = FACE_BOUND('',#3271,.T.);
#3271 = EDGE_LOOP('',(#3272,#3273,#3281,#3287));
#3272 = ORIENTED_EDGE('',*,*,#3258,.F.);
#3273 = ORIENTED_EDGE('',*,*,#3274,.F.);
#3274 = EDGE_CURVE('',#3275,#3251,#3277,.T.);
#3275 = VERTEX_POINT('',#3276);
#3276 = CARTESIAN_POINT('',(-0.32,-2.22,-2.84));
#3277 = LINE('',#3278,#3279);
#3278 = CARTESIAN_POINT('',(-0.32,-2.22,-2.84));
#3279 = VECTOR('',#3280,1.);
#3280 = DIRECTION('',(1.,0.,0.));
#3281 = ORIENTED_EDGE('',*,*,#3282,.T.);
#3282 = EDGE_CURVE('',#3275,#1564,#3283,.T.);
#3283 = LINE('',#3284,#3285);
#3284 = CARTESIAN_POINT('',(-0.32,-2.22,-3.));
#3285 = VECTOR('',#3286,1.);
#3286 = DIRECTION('',(0.,0.,1.));
#3287 = ORIENTED_EDGE('',*,*,#1571,.F.);
#3288 = PLANE('',#3289);
#3289 = AXIS2_PLACEMENT_3D('',#3290,#3291,#3292);
#3290 = CARTESIAN_POINT('',(-0.32,-2.22,-3.));
#3291 = DIRECTION('',(0.,1.,0.));
#3292 = DIRECTION('',(0.,-0.,1.));
#3293 = ADVANCED_FACE('',(#3294),#3312,.F.);
#3294 = FACE_BOUND('',#3295,.F.);
#3295 = EDGE_LOOP('',(#3296,#3304,#3310,#3311));
#3296 = ORIENTED_EDGE('',*,*,#3297,.F.);
#3297 = EDGE_CURVE('',#3298,#1556,#3300,.T.);
#3298 = VERTEX_POINT('',#3299);
#3299 = CARTESIAN_POINT('',(-0.32,-2.86,-2.84));
#3300 = LINE('',#3301,#3302);
#3301 = CARTESIAN_POINT('',(-0.32,-2.86,-3.));
#3302 = VECTOR('',#3303,1.);
#3303 = DIRECTION('',(0.,0.,1.));
#3304 = ORIENTED_EDGE('',*,*,#3305,.T.);
#3305 = EDGE_CURVE('',#3298,#3275,#3306,.T.);
#3306 = LINE('',#3307,#3308);
#3307 = CARTESIAN_POINT('',(-0.32,-2.86,-2.84));
#3308 = VECTOR('',#3309,1.);
#3309 = DIRECTION('',(0.,1.,0.));
#3310 = ORIENTED_EDGE('',*,*,#3282,.T.);
#3311 = ORIENTED_EDGE('',*,*,#1563,.F.);
#3312 = PLANE('',#3313);
#3313 = AXIS2_PLACEMENT_3D('',#3314,#3315,#3316);
#3314 = CARTESIAN_POINT('',(-0.32,-2.86,-3.));
#3315 = DIRECTION('',(1.,0.,0.));
#3316 = DIRECTION('',(0.,0.,1.));
#3317 = ADVANCED_FACE('',(#3318),#3329,.F.);
#3318 = FACE_BOUND('',#3319,.F.);
#3319 = EDGE_LOOP('',(#3320,#3321,#3327,#3328));
#3320 = ORIENTED_EDGE('',*,*,#3242,.F.);
#3321 = ORIENTED_EDGE('',*,*,#3322,.F.);
#3322 = EDGE_CURVE('',#3298,#3243,#3323,.T.);
#3323 = LINE('',#3324,#3325);
#3324 = CARTESIAN_POINT('',(-0.32,-2.86,-2.84));
#3325 = VECTOR('',#3326,1.);
#3326 = DIRECTION('',(1.,0.,0.));
#3327 = ORIENTED_EDGE('',*,*,#3297,.T.);
#3328 = ORIENTED_EDGE('',*,*,#1555,.F.);
#3329 = PLANE('',#3330);
#3330 = AXIS2_PLACEMENT_3D('',#3331,#3332,#3333);
#3331 = CARTESIAN_POINT('',(-0.32,-2.86,-3.));
#3332 = DIRECTION('',(0.,1.,0.));
#3333 = DIRECTION('',(0.,-0.,1.));
#3334 = ADVANCED_FACE('',(#3335),#3360,.F.);
#3335 = FACE_BOUND('',#3336,.F.);
#3336 = EDGE_LOOP('',(#3337,#3345,#3353,#3359));
#3337 = ORIENTED_EDGE('',*,*,#3338,.F.);
#3338 = EDGE_CURVE('',#3339,#1580,#3341,.T.);
#3339 = VERTEX_POINT('',#3340);
#3340 = CARTESIAN_POINT('',(0.32,-5.4,-2.84));
#3341 = LINE('',#3342,#3343);
#3342 = CARTESIAN_POINT('',(0.32,-5.4,-3.));
#3343 = VECTOR('',#3344,1.);
#3344 = DIRECTION('',(0.,0.,1.));
#3345 = ORIENTED_EDGE('',*,*,#3346,.F.);
#3346 = EDGE_CURVE('',#3347,#3339,#3349,.T.);
#3347 = VERTEX_POINT('',#3348);
#3348 = CARTESIAN_POINT('',(-0.32,-5.4,-2.84));
#3349 = LINE('',#3350,#3351);
#3350 = CARTESIAN_POINT('',(-0.32,-5.4,-2.84));
#3351 = VECTOR('',#3352,1.);
#3352 = DIRECTION('',(1.,0.,0.));
#3353 = ORIENTED_EDGE('',*,*,#3354,.T.);
#3354 = EDGE_CURVE('',#3347,#1582,#3355,.T.);
#3355 = LINE('',#3356,#3357);
#3356 = CARTESIAN_POINT('',(-0.32,-5.4,-3.));
#3357 = VECTOR('',#3358,1.);
#3358 = DIRECTION('',(0.,0.,1.));
#3359 = ORIENTED_EDGE('',*,*,#1579,.F.);
#3360 = PLANE('',#3361);
#3361 = AXIS2_PLACEMENT_3D('',#3362,#3363,#3364);
#3362 = CARTESIAN_POINT('',(-0.32,-5.4,-3.));
#3363 = DIRECTION('',(0.,1.,0.));
#3364 = DIRECTION('',(0.,-0.,1.));
#3365 = ADVANCED_FACE('',(#3366),#3384,.T.);
#3366 = FACE_BOUND('',#3367,.T.);
#3367 = EDGE_LOOP('',(#3368,#3369,#3377,#3383));
#3368 = ORIENTED_EDGE('',*,*,#3338,.F.);
#3369 = ORIENTED_EDGE('',*,*,#3370,.T.);
#3370 = EDGE_CURVE('',#3339,#3371,#3373,.T.);
#3371 = VERTEX_POINT('',#3372);
#3372 = CARTESIAN_POINT('',(0.32,-4.76,-2.84));
#3373 = LINE('',#3374,#3375);
#3374 = CARTESIAN_POINT('',(0.32,-5.4,-2.84));
#3375 = VECTOR('',#3376,1.);
#3376 = DIRECTION('',(0.,1.,0.));
#3377 = ORIENTED_EDGE('',*,*,#3378,.T.);
#3378 = EDGE_CURVE('',#3371,#1598,#3379,.T.);
#3379 = LINE('',#3380,#3381);
#3380 = CARTESIAN_POINT('',(0.32,-4.76,-3.));
#3381 = VECTOR('',#3382,1.);
#3382 = DIRECTION('',(0.,0.,1.));
#3383 = ORIENTED_EDGE('',*,*,#1605,.F.);
#3384 = PLANE('',#3385);
#3385 = AXIS2_PLACEMENT_3D('',#3386,#3387,#3388);
#3386 = CARTESIAN_POINT('',(0.32,-5.4,-3.));
#3387 = DIRECTION('',(1.,0.,0.));
#3388 = DIRECTION('',(0.,0.,1.));
#3389 = ADVANCED_FACE('',(#3390),#3408,.T.);
#3390 = FACE_BOUND('',#3391,.T.);
#3391 = EDGE_LOOP('',(#3392,#3393,#3401,#3407));
#3392 = ORIENTED_EDGE('',*,*,#3378,.F.);
#3393 = ORIENTED_EDGE('',*,*,#3394,.F.);
#3394 = EDGE_CURVE('',#3395,#3371,#3397,.T.);
#3395 = VERTEX_POINT('',#3396);
#3396 = CARTESIAN_POINT('',(-0.32,-4.76,-2.84));
#3397 = LINE('',#3398,#3399);
#3398 = CARTESIAN_POINT('',(-0.32,-4.76,-2.84));
#3399 = VECTOR('',#3400,1.);
#3400 = DIRECTION('',(1.,0.,0.));
#3401 = ORIENTED_EDGE('',*,*,#3402,.T.);
#3402 = EDGE_CURVE('',#3395,#1590,#3403,.T.);
#3403 = LINE('',#3404,#3405);
#3404 = CARTESIAN_POINT('',(-0.32,-4.76,-3.));
#3405 = VECTOR('',#3406,1.);
#3406 = DIRECTION('',(0.,0.,1.));
#3407 = ORIENTED_EDGE('',*,*,#1597,.F.);
#3408 = PLANE('',#3409);
#3409 = AXIS2_PLACEMENT_3D('',#3410,#3411,#3412);
#3410 = CARTESIAN_POINT('',(-0.32,-4.76,-3.));
#3411 = DIRECTION('',(0.,1.,0.));
#3412 = DIRECTION('',(0.,-0.,1.));
#3413 = ADVANCED_FACE('',(#3414),#3425,.F.);
#3414 = FACE_BOUND('',#3415,.F.);
#3415 = EDGE_LOOP('',(#3416,#3417,#3423,#3424));
#3416 = ORIENTED_EDGE('',*,*,#3354,.F.);
#3417 = ORIENTED_EDGE('',*,*,#3418,.T.);
#3418 = EDGE_CURVE('',#3347,#3395,#3419,.T.);
#3419 = LINE('',#3420,#3421);
#3420 = CARTESIAN_POINT('',(-0.32,-5.4,-2.84));
#3421 = VECTOR('',#3422,1.);
#3422 = DIRECTION('',(0.,1.,0.));
#3423 = ORIENTED_EDGE('',*,*,#3402,.T.);
#3424 = ORIENTED_EDGE('',*,*,#1589,.F.);
#3425 = PLANE('',#3426);
#3426 = AXIS2_PLACEMENT_3D('',#3427,#3428,#3429);
#3427 = CARTESIAN_POINT('',(-0.32,-5.4,-3.));
#3428 = DIRECTION('',(1.,0.,0.));
#3429 = DIRECTION('',(0.,0.,1.));
#3430 = ADVANCED_FACE('',(#3431),#3456,.T.);
#3431 = FACE_BOUND('',#3432,.T.);
#3432 = EDGE_LOOP('',(#3433,#3441,#3449,#3455));
#3433 = ORIENTED_EDGE('',*,*,#3434,.F.);
#3434 = EDGE_CURVE('',#3435,#1614,#3437,.T.);
#3435 = VERTEX_POINT('',#3436);
#3436 = CARTESIAN_POINT('',(0.32,-7.94,-2.84));
#3437 = LINE('',#3438,#3439);
#3438 = CARTESIAN_POINT('',(0.32,-7.94,-3.));
#3439 = VECTOR('',#3440,1.);
#3440 = DIRECTION('',(0.,0.,1.));
#3441 = ORIENTED_EDGE('',*,*,#3442,.T.);
#3442 = EDGE_CURVE('',#3435,#3443,#3445,.T.);
#3443 = VERTEX_POINT('',#3444);
#3444 = CARTESIAN_POINT('',(0.32,-7.3,-2.84));
#3445 = LINE('',#3446,#3447);
#3446 = CARTESIAN_POINT('',(0.32,-7.94,-2.84));
#3447 = VECTOR('',#3448,1.);
#3448 = DIRECTION('',(0.,1.,0.));
#3449 = ORIENTED_EDGE('',*,*,#3450,.T.);
#3450 = EDGE_CURVE('',#3443,#1616,#3451,.T.);
#3451 = LINE('',#3452,#3453);
#3452 = CARTESIAN_POINT('',(0.32,-7.3,-3.));
#3453 = VECTOR('',#3454,1.);
#3454 = DIRECTION('',(0.,0.,1.));
#3455 = ORIENTED_EDGE('',*,*,#1613,.F.);
#3456 = PLANE('',#3457);
#3457 = AXIS2_PLACEMENT_3D('',#3458,#3459,#3460);
#3458 = CARTESIAN_POINT('',(0.32,-7.94,-3.));
#3459 = DIRECTION('',(1.,0.,0.));
#3460 = DIRECTION('',(0.,0.,1.));
#3461 = ADVANCED_FACE('',(#3462),#3480,.T.);
#3462 = FACE_BOUND('',#3463,.T.);
#3463 = EDGE_LOOP('',(#3464,#3465,#3473,#3479));
#3464 = ORIENTED_EDGE('',*,*,#3450,.F.);
#3465 = ORIENTED_EDGE('',*,*,#3466,.F.);
#3466 = EDGE_CURVE('',#3467,#3443,#3469,.T.);
#3467 = VERTEX_POINT('',#3468);
#3468 = CARTESIAN_POINT('',(-0.32,-7.3,-2.84));
#3469 = LINE('',#3470,#3471);
#3470 = CARTESIAN_POINT('',(-0.32,-7.3,-2.84));
#3471 = VECTOR('',#3472,1.);
#3472 = DIRECTION('',(1.,0.,0.));
#3473 = ORIENTED_EDGE('',*,*,#3474,.T.);
#3474 = EDGE_CURVE('',#3467,#1632,#3475,.T.);
#3475 = LINE('',#3476,#3477);
#3476 = CARTESIAN_POINT('',(-0.32,-7.3,-3.));
#3477 = VECTOR('',#3478,1.);
#3478 = DIRECTION('',(0.,0.,1.));
#3479 = ORIENTED_EDGE('',*,*,#1639,.F.);
#3480 = PLANE('',#3481);
#3481 = AXIS2_PLACEMENT_3D('',#3482,#3483,#3484);
#3482 = CARTESIAN_POINT('',(-0.32,-7.3,-3.));
#3483 = DIRECTION('',(0.,1.,0.));
#3484 = DIRECTION('',(0.,-0.,1.));
#3485 = ADVANCED_FACE('',(#3486),#3504,.F.);
#3486 = FACE_BOUND('',#3487,.F.);
#3487 = EDGE_LOOP('',(#3488,#3496,#3502,#3503));
#3488 = ORIENTED_EDGE('',*,*,#3489,.F.);
#3489 = EDGE_CURVE('',#3490,#1624,#3492,.T.);
#3490 = VERTEX_POINT('',#3491);
#3491 = CARTESIAN_POINT('',(-0.32,-7.94,-2.84));
#3492 = LINE('',#3493,#3494);
#3493 = CARTESIAN_POINT('',(-0.32,-7.94,-3.));
#3494 = VECTOR('',#3495,1.);
#3495 = DIRECTION('',(0.,0.,1.));
#3496 = ORIENTED_EDGE('',*,*,#3497,.T.);
#3497 = EDGE_CURVE('',#3490,#3467,#3498,.T.);
#3498 = LINE('',#3499,#3500);
#3499 = CARTESIAN_POINT('',(-0.32,-7.94,-2.84));
#3500 = VECTOR('',#3501,1.);
#3501 = DIRECTION('',(0.,1.,0.));
#3502 = ORIENTED_EDGE('',*,*,#3474,.T.);
#3503 = ORIENTED_EDGE('',*,*,#1631,.F.);
#3504 = PLANE('',#3505);
#3505 = AXIS2_PLACEMENT_3D('',#3506,#3507,#3508);
#3506 = CARTESIAN_POINT('',(-0.32,-7.94,-3.));
#3507 = DIRECTION('',(1.,0.,0.));
#3508 = DIRECTION('',(0.,0.,1.));
#3509 = ADVANCED_FACE('',(#3510),#3521,.F.);
#3510 = FACE_BOUND('',#3511,.F.);
#3511 = EDGE_LOOP('',(#3512,#3513,#3519,#3520));
#3512 = ORIENTED_EDGE('',*,*,#3434,.F.);
#3513 = ORIENTED_EDGE('',*,*,#3514,.F.);
#3514 = EDGE_CURVE('',#3490,#3435,#3515,.T.);
#3515 = LINE('',#3516,#3517);
#3516 = CARTESIAN_POINT('',(-0.32,-7.94,-2.84));
#3517 = VECTOR('',#3518,1.);
#3518 = DIRECTION('',(1.,0.,0.));
#3519 = ORIENTED_EDGE('',*,*,#3489,.T.);
#3520 = ORIENTED_EDGE('',*,*,#1623,.F.);
#3521 = PLANE('',#3522);
#3522 = AXIS2_PLACEMENT_3D('',#3523,#3524,#3525);
#3523 = CARTESIAN_POINT('',(-0.32,-7.94,-3.));
#3524 = DIRECTION('',(0.,1.,0.));
#3525 = DIRECTION('',(0.,-0.,1.));
#3526 = ADVANCED_FACE('',(#3527),#3552,.F.);
#3527 = FACE_BOUND('',#3528,.F.);
#3528 = EDGE_LOOP('',(#3529,#3537,#3545,#3551));
#3529 = ORIENTED_EDGE('',*,*,#3530,.F.);
#3530 = EDGE_CURVE('',#3531,#1648,#3533,.T.);
#3531 = VERTEX_POINT('',#3532);
#3532 = CARTESIAN_POINT('',(0.32,-0.32,-2.84));
#3533 = LINE('',#3534,#3535);
#3534 = CARTESIAN_POINT('',(0.32,-0.32,-3.));
#3535 = VECTOR('',#3536,1.);
#3536 = DIRECTION('',(0.,0.,1.));
#3537 = ORIENTED_EDGE('',*,*,#3538,.F.);
#3538 = EDGE_CURVE('',#3539,#3531,#3541,.T.);
#3539 = VERTEX_POINT('',#3540);
#3540 = CARTESIAN_POINT('',(-0.32,-0.32,-2.84));
#3541 = LINE('',#3542,#3543);
#3542 = CARTESIAN_POINT('',(-0.32,-0.32,-2.84));
#3543 = VECTOR('',#3544,1.);
#3544 = DIRECTION('',(1.,0.,0.));
#3545 = ORIENTED_EDGE('',*,*,#3546,.T.);
#3546 = EDGE_CURVE('',#3539,#1650,#3547,.T.);
#3547 = LINE('',#3548,#3549);
#3548 = CARTESIAN_POINT('',(-0.32,-0.32,-3.));
#3549 = VECTOR('',#3550,1.);
#3550 = DIRECTION('',(0.,0.,1.));
#3551 = ORIENTED_EDGE('',*,*,#1647,.F.);
#3552 = PLANE('',#3553);
#3553 = AXIS2_PLACEMENT_3D('',#3554,#3555,#3556);
#3554 = CARTESIAN_POINT('',(-0.32,-0.32,-3.));
#3555 = DIRECTION('',(0.,1.,0.));
#3556 = DIRECTION('',(0.,-0.,1.));
#3557 = ADVANCED_FACE('',(#3558),#3576,.T.);
#3558 = FACE_BOUND('',#3559,.T.);
#3559 = EDGE_LOOP('',(#3560,#3561,#3569,#3575));
#3560 = ORIENTED_EDGE('',*,*,#3530,.F.);
#3561 = ORIENTED_EDGE('',*,*,#3562,.T.);
#3562 = EDGE_CURVE('',#3531,#3563,#3565,.T.);
#3563 = VERTEX_POINT('',#3564);
#3564 = CARTESIAN_POINT('',(0.32,0.32,-2.84));
#3565 = LINE('',#3566,#3567);
#3566 = CARTESIAN_POINT('',(0.32,-0.32,-2.84));
#3567 = VECTOR('',#3568,1.);
#3568 = DIRECTION('',(0.,1.,0.));
#3569 = ORIENTED_EDGE('',*,*,#3570,.T.);
#3570 = EDGE_CURVE('',#3563,#1666,#3571,.T.);
#3571 = LINE('',#3572,#3573);
#3572 = CARTESIAN_POINT('',(0.32,0.32,-3.));
#3573 = VECTOR('',#3574,1.);
#3574 = DIRECTION('',(0.,0.,1.));
#3575 = ORIENTED_EDGE('',*,*,#1673,.F.);
#3576 = PLANE('',#3577);
#3577 = AXIS2_PLACEMENT_3D('',#3578,#3579,#3580);
#3578 = CARTESIAN_POINT('',(0.32,-0.32,-3.));
#3579 = DIRECTION('',(1.,0.,0.));
#3580 = DIRECTION('',(0.,0.,1.));
#3581 = ADVANCED_FACE('',(#3582),#3600,.T.);
#3582 = FACE_BOUND('',#3583,.T.);
#3583 = EDGE_LOOP('',(#3584,#3585,#3593,#3599));
#3584 = ORIENTED_EDGE('',*,*,#3570,.F.);
#3585 = ORIENTED_EDGE('',*,*,#3586,.F.);
#3586 = EDGE_CURVE('',#3587,#3563,#3589,.T.);
#3587 = VERTEX_POINT('',#3588);
#3588 = CARTESIAN_POINT('',(-0.32,0.32,-2.84));
#3589 = LINE('',#3590,#3591);
#3590 = CARTESIAN_POINT('',(-0.32,0.32,-2.84));
#3591 = VECTOR('',#3592,1.);
#3592 = DIRECTION('',(1.,0.,0.));
#3593 = ORIENTED_EDGE('',*,*,#3594,.T.);
#3594 = EDGE_CURVE('',#3587,#1658,#3595,.T.);
#3595 = LINE('',#3596,#3597);
#3596 = CARTESIAN_POINT('',(-0.32,0.32,-3.));
#3597 = VECTOR('',#3598,1.);
#3598 = DIRECTION('',(0.,0.,1.));
#3599 = ORIENTED_EDGE('',*,*,#1665,.F.);
#3600 = PLANE('',#3601);
#3601 = AXIS2_PLACEMENT_3D('',#3602,#3603,#3604);
#3602 = CARTESIAN_POINT('',(-0.32,0.32,-3.));
#3603 = DIRECTION('',(0.,1.,0.));
#3604 = DIRECTION('',(0.,-0.,1.));
#3605 = ADVANCED_FACE('',(#3606),#3617,.F.);
#3606 = FACE_BOUND('',#3607,.F.);
#3607 = EDGE_LOOP('',(#3608,#3609,#3615,#3616));
#3608 = ORIENTED_EDGE('',*,*,#3546,.F.);
#3609 = ORIENTED_EDGE('',*,*,#3610,.T.);
#3610 = EDGE_CURVE('',#3539,#3587,#3611,.T.);
#3611 = LINE('',#3612,#3613);
#3612 = CARTESIAN_POINT('',(-0.32,-0.32,-2.84));
#3613 = VECTOR('',#3614,1.);
#3614 = DIRECTION('',(0.,1.,0.));
#3615 = ORIENTED_EDGE('',*,*,#3594,.T.);
#3616 = ORIENTED_EDGE('',*,*,#1657,.F.);
#3617 = PLANE('',#3618);
#3618 = AXIS2_PLACEMENT_3D('',#3619,#3620,#3621);
#3619 = CARTESIAN_POINT('',(-0.32,-0.32,-3.));
#3620 = DIRECTION('',(1.,0.,0.));
#3621 = DIRECTION('',(0.,0.,1.));
#3622 = ADVANCED_FACE('',(#3623),#3648,.T.);
#3623 = FACE_BOUND('',#3624,.T.);
#3624 = EDGE_LOOP('',(#3625,#3633,#3634,#3642));
#3625 = ORIENTED_EDGE('',*,*,#3626,.F.);
#3626 = EDGE_CURVE('',#2019,#3627,#3629,.T.);
#3627 = VERTEX_POINT('',#3628);
#3628 = CARTESIAN_POINT('',(0.32,-12.38,8.38));
#3629 = LINE('',#3630,#3631);
#3630 = CARTESIAN_POINT('',(0.32,-12.38,-3.));
#3631 = VECTOR('',#3632,1.);
#3632 = DIRECTION('',(0.,0.,1.));
#3633 = ORIENTED_EDGE('',*,*,#2018,.T.);
#3634 = ORIENTED_EDGE('',*,*,#3635,.T.);
#3635 = EDGE_CURVE('',#2021,#3636,#3638,.T.);
#3636 = VERTEX_POINT('',#3637);
#3637 = CARTESIAN_POINT('',(-0.32,-12.38,8.38));
#3638 = LINE('',#3639,#3640);
#3639 = CARTESIAN_POINT('',(-0.32,-12.38,-3.));
#3640 = VECTOR('',#3641,1.);
#3641 = DIRECTION('',(0.,0.,1.));
#3642 = ORIENTED_EDGE('',*,*,#3643,.T.);
#3643 = EDGE_CURVE('',#3636,#3627,#3644,.T.);
#3644 = LINE('',#3645,#3646);
#3645 = CARTESIAN_POINT('',(-0.32,-12.38,8.38));
#3646 = VECTOR('',#3647,1.);
#3647 = DIRECTION('',(1.,0.,0.));
#3648 = PLANE('',#3649);
#3649 = AXIS2_PLACEMENT_3D('',#3650,#3651,#3652);
#3650 = CARTESIAN_POINT('',(-0.32,-12.38,-3.));
#3651 = DIRECTION('',(0.,1.,0.));
#3652 = DIRECTION('',(0.,-0.,1.));
#3653 = ADVANCED_FACE('',(#3654),#3672,.F.);
#3654 = FACE_BOUND('',#3655,.F.);
#3655 = EDGE_LOOP('',(#3656,#3664,#3665,#3666));
#3656 = ORIENTED_EDGE('',*,*,#3657,.F.);
#3657 = EDGE_CURVE('',#2037,#3658,#3660,.T.);
#3658 = VERTEX_POINT('',#3659);
#3659 = CARTESIAN_POINT('',(-0.32,-13.02,8.38));
#3660 = LINE('',#3661,#3662);
#3661 = CARTESIAN_POINT('',(-0.32,-13.02,-3.));
#3662 = VECTOR('',#3663,1.);
#3663 = DIRECTION('',(0.,0.,1.));
#3664 = ORIENTED_EDGE('',*,*,#2044,.T.);
#3665 = ORIENTED_EDGE('',*,*,#3635,.T.);
#3666 = ORIENTED_EDGE('',*,*,#3667,.F.);
#3667 = EDGE_CURVE('',#3658,#3636,#3668,.T.);
#3668 = LINE('',#3669,#3670);
#3669 = CARTESIAN_POINT('',(-0.32,-13.02,8.38));
#3670 = VECTOR('',#3671,1.);
#3671 = DIRECTION('',(0.,1.,0.));
#3672 = PLANE('',#3673);
#3673 = AXIS2_PLACEMENT_3D('',#3674,#3675,#3676);
#3674 = CARTESIAN_POINT('',(-0.32,-13.02,-3.));
#3675 = DIRECTION('',(1.,0.,0.));
#3676 = DIRECTION('',(0.,0.,1.));
#3677 = ADVANCED_FACE('',(#3678),#3696,.F.);
#3678 = FACE_BOUND('',#3679,.F.);
#3679 = EDGE_LOOP('',(#3680,#3688,#3689,#3690));
#3680 = ORIENTED_EDGE('',*,*,#3681,.F.);
#3681 = EDGE_CURVE('',#2029,#3682,#3684,.T.);
#3682 = VERTEX_POINT('',#3683);
#3683 = CARTESIAN_POINT('',(0.32,-13.02,8.38));
#3684 = LINE('',#3685,#3686);
#3685 = CARTESIAN_POINT('',(0.32,-13.02,-3.));
#3686 = VECTOR('',#3687,1.);
#3687 = DIRECTION('',(0.,0.,1.));
#3688 = ORIENTED_EDGE('',*,*,#2036,.T.);
#3689 = ORIENTED_EDGE('',*,*,#3657,.T.);
#3690 = ORIENTED_EDGE('',*,*,#3691,.T.);
#3691 = EDGE_CURVE('',#3658,#3682,#3692,.T.);
#3692 = LINE('',#3693,#3694);
#3693 = CARTESIAN_POINT('',(-0.32,-13.02,8.38));
#3694 = VECTOR('',#3695,1.);
#3695 = DIRECTION('',(1.,0.,0.));
#3696 = PLANE('',#3697);
#3697 = AXIS2_PLACEMENT_3D('',#3698,#3699,#3700);
#3698 = CARTESIAN_POINT('',(-0.32,-13.02,-3.));
#3699 = DIRECTION('',(0.,1.,0.));
#3700 = DIRECTION('',(0.,-0.,1.));
#3701 = ADVANCED_FACE('',(#3702),#3713,.T.);
#3702 = FACE_BOUND('',#3703,.T.);
#3703 = EDGE_LOOP('',(#3704,#3705,#3706,#3707));
#3704 = ORIENTED_EDGE('',*,*,#3681,.F.);
#3705 = ORIENTED_EDGE('',*,*,#2028,.T.);
#3706 = ORIENTED_EDGE('',*,*,#3626,.T.);
#3707 = ORIENTED_EDGE('',*,*,#3708,.F.);
#3708 = EDGE_CURVE('',#3682,#3627,#3709,.T.);
#3709 = LINE('',#3710,#3711);
#3710 = CARTESIAN_POINT('',(0.32,-13.02,8.38));
#3711 = VECTOR('',#3712,1.);
#3712 = DIRECTION('',(0.,1.,0.));
#3713 = PLANE('',#3714);
#3714 = AXIS2_PLACEMENT_3D('',#3715,#3716,#3717);
#3715 = CARTESIAN_POINT('',(0.32,-13.02,-3.));
#3716 = DIRECTION('',(1.,0.,0.));
#3717 = DIRECTION('',(0.,0.,1.));
#3718 = ADVANCED_FACE('',(#3719),#3744,.T.);
#3719 = FACE_BOUND('',#3720,.T.);
#3720 = EDGE_LOOP('',(#3721,#3729,#3730,#3738));
#3721 = ORIENTED_EDGE('',*,*,#3722,.F.);
#3722 = EDGE_CURVE('',#2053,#3723,#3725,.T.);
#3723 = VERTEX_POINT('',#3724);
#3724 = CARTESIAN_POINT('',(0.32,-15.56,8.38));
#3725 = LINE('',#3726,#3727);
#3726 = CARTESIAN_POINT('',(0.32,-15.56,-3.));
#3727 = VECTOR('',#3728,1.);
#3728 = DIRECTION('',(0.,0.,1.));
#3729 = ORIENTED_EDGE('',*,*,#2052,.T.);
#3730 = ORIENTED_EDGE('',*,*,#3731,.T.);
#3731 = EDGE_CURVE('',#2055,#3732,#3734,.T.);
#3732 = VERTEX_POINT('',#3733);
#3733 = CARTESIAN_POINT('',(0.32,-14.92,8.38));
#3734 = LINE('',#3735,#3736);
#3735 = CARTESIAN_POINT('',(0.32,-14.92,-3.));
#3736 = VECTOR('',#3737,1.);
#3737 = DIRECTION('',(0.,0.,1.));
#3738 = ORIENTED_EDGE('',*,*,#3739,.F.);
#3739 = EDGE_CURVE('',#3723,#3732,#3740,.T.);
#3740 = LINE('',#3741,#3742);
#3741 = CARTESIAN_POINT('',(0.32,-15.56,8.38));
#3742 = VECTOR('',#3743,1.);
#3743 = DIRECTION('',(0.,1.,0.));
#3744 = PLANE('',#3745);
#3745 = AXIS2_PLACEMENT_3D('',#3746,#3747,#3748);
#3746 = CARTESIAN_POINT('',(0.32,-15.56,-3.));
#3747 = DIRECTION('',(1.,0.,0.));
#3748 = DIRECTION('',(0.,0.,1.));
#3749 = ADVANCED_FACE('',(#3750),#3768,.T.);
#3750 = FACE_BOUND('',#3751,.T.);
#3751 = EDGE_LOOP('',(#3752,#3753,#3754,#3762));
#3752 = ORIENTED_EDGE('',*,*,#3731,.F.);
#3753 = ORIENTED_EDGE('',*,*,#2078,.T.);
#3754 = ORIENTED_EDGE('',*,*,#3755,.T.);
#3755 = EDGE_CURVE('',#2071,#3756,#3758,.T.);
#3756 = VERTEX_POINT('',#3757);
#3757 = CARTESIAN_POINT('',(-0.32,-14.92,8.38));
#3758 = LINE('',#3759,#3760);
#3759 = CARTESIAN_POINT('',(-0.32,-14.92,-3.));
#3760 = VECTOR('',#3761,1.);
#3761 = DIRECTION('',(0.,0.,1.));
#3762 = ORIENTED_EDGE('',*,*,#3763,.T.);
#3763 = EDGE_CURVE('',#3756,#3732,#3764,.T.);
#3764 = LINE('',#3765,#3766);
#3765 = CARTESIAN_POINT('',(-0.32,-14.92,8.38));
#3766 = VECTOR('',#3767,1.);
#3767 = DIRECTION('',(1.,0.,0.));
#3768 = PLANE('',#3769);
#3769 = AXIS2_PLACEMENT_3D('',#3770,#3771,#3772);
#3770 = CARTESIAN_POINT('',(-0.32,-14.92,-3.));
#3771 = DIRECTION('',(0.,1.,0.));
#3772 = DIRECTION('',(0.,-0.,1.));
#3773 = ADVANCED_FACE('',(#3774),#3792,.F.);
#3774 = FACE_BOUND('',#3775,.F.);
#3775 = EDGE_LOOP('',(#3776,#3784,#3785,#3786));
#3776 = ORIENTED_EDGE('',*,*,#3777,.F.);
#3777 = EDGE_CURVE('',#2063,#3778,#3780,.T.);
#3778 = VERTEX_POINT('',#3779);
#3779 = CARTESIAN_POINT('',(-0.32,-15.56,8.38));
#3780 = LINE('',#3781,#3782);
#3781 = CARTESIAN_POINT('',(-0.32,-15.56,-3.));
#3782 = VECTOR('',#3783,1.);
#3783 = DIRECTION('',(0.,0.,1.));
#3784 = ORIENTED_EDGE('',*,*,#2070,.T.);
#3785 = ORIENTED_EDGE('',*,*,#3755,.T.);
#3786 = ORIENTED_EDGE('',*,*,#3787,.F.);
#3787 = EDGE_CURVE('',#3778,#3756,#3788,.T.);
#3788 = LINE('',#3789,#3790);
#3789 = CARTESIAN_POINT('',(-0.32,-15.56,8.38));
#3790 = VECTOR('',#3791,1.);
#3791 = DIRECTION('',(0.,1.,0.));
#3792 = PLANE('',#3793);
#3793 = AXIS2_PLACEMENT_3D('',#3794,#3795,#3796);
#3794 = CARTESIAN_POINT('',(-0.32,-15.56,-3.));
#3795 = DIRECTION('',(1.,0.,0.));
#3796 = DIRECTION('',(0.,0.,1.));
#3797 = ADVANCED_FACE('',(#3798),#3809,.F.);
#3798 = FACE_BOUND('',#3799,.F.);
#3799 = EDGE_LOOP('',(#3800,#3801,#3802,#3803));
#3800 = ORIENTED_EDGE('',*,*,#3722,.F.);
#3801 = ORIENTED_EDGE('',*,*,#2062,.T.);
#3802 = ORIENTED_EDGE('',*,*,#3777,.T.);
#3803 = ORIENTED_EDGE('',*,*,#3804,.T.);
#3804 = EDGE_CURVE('',#3778,#3723,#3805,.T.);
#3805 = LINE('',#3806,#3807);
#3806 = CARTESIAN_POINT('',(-0.32,-15.56,8.38));
#3807 = VECTOR('',#3808,1.);
#3808 = DIRECTION('',(1.,0.,0.));
#3809 = PLANE('',#3810);
#3810 = AXIS2_PLACEMENT_3D('',#3811,#3812,#3813);
#3811 = CARTESIAN_POINT('',(-0.32,-15.56,-3.));
#3812 = DIRECTION('',(0.,1.,0.));
#3813 = DIRECTION('',(0.,-0.,1.));
#3814 = ADVANCED_FACE('',(#3815),#3840,.T.);
#3815 = FACE_BOUND('',#3816,.T.);
#3816 = EDGE_LOOP('',(#3817,#3825,#3826,#3834));
#3817 = ORIENTED_EDGE('',*,*,#3818,.F.);
#3818 = EDGE_CURVE('',#2087,#3819,#3821,.T.);
#3819 = VERTEX_POINT('',#3820);
#3820 = CARTESIAN_POINT('',(0.32,-9.84,8.38));
#3821 = LINE('',#3822,#3823);
#3822 = CARTESIAN_POINT('',(0.32,-9.84,-3.));
#3823 = VECTOR('',#3824,1.);
#3824 = DIRECTION('',(0.,0.,1.));
#3825 = ORIENTED_EDGE('',*,*,#2086,.T.);
#3826 = ORIENTED_EDGE('',*,*,#3827,.T.);
#3827 = EDGE_CURVE('',#2089,#3828,#3830,.T.);
#3828 = VERTEX_POINT('',#3829);
#3829 = CARTESIAN_POINT('',(-0.32,-9.84,8.38));
#3830 = LINE('',#3831,#3832);
#3831 = CARTESIAN_POINT('',(-0.32,-9.84,-3.));
#3832 = VECTOR('',#3833,1.);
#3833 = DIRECTION('',(0.,0.,1.));
#3834 = ORIENTED_EDGE('',*,*,#3835,.T.);
#3835 = EDGE_CURVE('',#3828,#3819,#3836,.T.);
#3836 = LINE('',#3837,#3838);
#3837 = CARTESIAN_POINT('',(-0.32,-9.84,8.38));
#3838 = VECTOR('',#3839,1.);
#3839 = DIRECTION('',(1.,0.,0.));
#3840 = PLANE('',#3841);
#3841 = AXIS2_PLACEMENT_3D('',#3842,#3843,#3844);
#3842 = CARTESIAN_POINT('',(-0.32,-9.84,-3.));
#3843 = DIRECTION('',(0.,1.,0.));
#3844 = DIRECTION('',(0.,-0.,1.));
#3845 = ADVANCED_FACE('',(#3846),#3864,.F.);
#3846 = FACE_BOUND('',#3847,.F.);
#3847 = EDGE_LOOP('',(#3848,#3856,#3857,#3858));
#3848 = ORIENTED_EDGE('',*,*,#3849,.F.);
#3849 = EDGE_CURVE('',#2105,#3850,#3852,.T.);
#3850 = VERTEX_POINT('',#3851);
#3851 = CARTESIAN_POINT('',(-0.32,-10.48,8.38));
#3852 = LINE('',#3853,#3854);
#3853 = CARTESIAN_POINT('',(-0.32,-10.48,-3.));
#3854 = VECTOR('',#3855,1.);
#3855 = DIRECTION('',(0.,0.,1.));
#3856 = ORIENTED_EDGE('',*,*,#2112,.T.);
#3857 = ORIENTED_EDGE('',*,*,#3827,.T.);
#3858 = ORIENTED_EDGE('',*,*,#3859,.F.);
#3859 = EDGE_CURVE('',#3850,#3828,#3860,.T.);
#3860 = LINE('',#3861,#3862);
#3861 = CARTESIAN_POINT('',(-0.32,-10.48,8.38));
#3862 = VECTOR('',#3863,1.);
#3863 = DIRECTION('',(0.,1.,0.));
#3864 = PLANE('',#3865);
#3865 = AXIS2_PLACEMENT_3D('',#3866,#3867,#3868);
#3866 = CARTESIAN_POINT('',(-0.32,-10.48,-3.));
#3867 = DIRECTION('',(1.,0.,0.));
#3868 = DIRECTION('',(0.,0.,1.));
#3869 = ADVANCED_FACE('',(#3870),#3888,.F.);
#3870 = FACE_BOUND('',#3871,.F.);
#3871 = EDGE_LOOP('',(#3872,#3880,#3881,#3882));
#3872 = ORIENTED_EDGE('',*,*,#3873,.F.);
#3873 = EDGE_CURVE('',#2097,#3874,#3876,.T.);
#3874 = VERTEX_POINT('',#3875);
#3875 = CARTESIAN_POINT('',(0.32,-10.48,8.38));
#3876 = LINE('',#3877,#3878);
#3877 = CARTESIAN_POINT('',(0.32,-10.48,-3.));
#3878 = VECTOR('',#3879,1.);
#3879 = DIRECTION('',(0.,0.,1.));
#3880 = ORIENTED_EDGE('',*,*,#2104,.T.);
#3881 = ORIENTED_EDGE('',*,*,#3849,.T.);
#3882 = ORIENTED_EDGE('',*,*,#3883,.T.);
#3883 = EDGE_CURVE('',#3850,#3874,#3884,.T.);
#3884 = LINE('',#3885,#3886);
#3885 = CARTESIAN_POINT('',(-0.32,-10.48,8.38));
#3886 = VECTOR('',#3887,1.);
#3887 = DIRECTION('',(1.,0.,0.));
#3888 = PLANE('',#3889);
#3889 = AXIS2_PLACEMENT_3D('',#3890,#3891,#3892);
#3890 = CARTESIAN_POINT('',(-0.32,-10.48,-3.));
#3891 = DIRECTION('',(0.,1.,0.));
#3892 = DIRECTION('',(0.,-0.,1.));
#3893 = ADVANCED_FACE('',(#3894),#3905,.T.);
#3894 = FACE_BOUND('',#3895,.T.);
#3895 = EDGE_LOOP('',(#3896,#3897,#3898,#3899));
#3896 = ORIENTED_EDGE('',*,*,#3873,.F.);
#3897 = ORIENTED_EDGE('',*,*,#2096,.T.);
#3898 = ORIENTED_EDGE('',*,*,#3818,.T.);
#3899 = ORIENTED_EDGE('',*,*,#3900,.F.);
#3900 = EDGE_CURVE('',#3874,#3819,#3901,.T.);
#3901 = LINE('',#3902,#3903);
#3902 = CARTESIAN_POINT('',(0.32,-10.48,8.38));
#3903 = VECTOR('',#3904,1.);
#3904 = DIRECTION('',(0.,1.,0.));
#3905 = PLANE('',#3906);
#3906 = AXIS2_PLACEMENT_3D('',#3907,#3908,#3909);
#3907 = CARTESIAN_POINT('',(0.32,-10.48,-3.));
#3908 = DIRECTION('',(1.,0.,0.));
#3909 = DIRECTION('',(0.,0.,1.));
#3910 = ADVANCED_FACE('',(#3911),#3936,.T.);
#3911 = FACE_BOUND('',#3912,.T.);
#3912 = EDGE_LOOP('',(#3913,#3921,#3922,#3930));
#3913 = ORIENTED_EDGE('',*,*,#3914,.F.);
#3914 = EDGE_CURVE('',#2121,#3915,#3917,.T.);
#3915 = VERTEX_POINT('',#3916);
#3916 = CARTESIAN_POINT('',(0.32,-2.86,8.38));
#3917 = LINE('',#3918,#3919);
#3918 = CARTESIAN_POINT('',(0.32,-2.86,-3.));
#3919 = VECTOR('',#3920,1.);
#3920 = DIRECTION('',(0.,0.,1.));
#3921 = ORIENTED_EDGE('',*,*,#2120,.T.);
#3922 = ORIENTED_EDGE('',*,*,#3923,.T.);
#3923 = EDGE_CURVE('',#2123,#3924,#3926,.T.);
#3924 = VERTEX_POINT('',#3925);
#3925 = CARTESIAN_POINT('',(0.32,-2.22,8.38));
#3926 = LINE('',#3927,#3928);
#3927 = CARTESIAN_POINT('',(0.32,-2.22,-3.));
#3928 = VECTOR('',#3929,1.);
#3929 = DIRECTION('',(0.,0.,1.));
#3930 = ORIENTED_EDGE('',*,*,#3931,.F.);
#3931 = EDGE_CURVE('',#3915,#3924,#3932,.T.);
#3932 = LINE('',#3933,#3934);
#3933 = CARTESIAN_POINT('',(0.32,-2.86,8.38));
#3934 = VECTOR('',#3935,1.);
#3935 = DIRECTION('',(0.,1.,0.));
#3936 = PLANE('',#3937);
#3937 = AXIS2_PLACEMENT_3D('',#3938,#3939,#3940);
#3938 = CARTESIAN_POINT('',(0.32,-2.86,-3.));
#3939 = DIRECTION('',(1.,0.,0.));
#3940 = DIRECTION('',(0.,0.,1.));
#3941 = ADVANCED_FACE('',(#3942),#3960,.T.);
#3942 = FACE_BOUND('',#3943,.T.);
#3943 = EDGE_LOOP('',(#3944,#3945,#3946,#3954));
#3944 = ORIENTED_EDGE('',*,*,#3923,.F.);
#3945 = ORIENTED_EDGE('',*,*,#2146,.T.);
#3946 = ORIENTED_EDGE('',*,*,#3947,.T.);
#3947 = EDGE_CURVE('',#2139,#3948,#3950,.T.);
#3948 = VERTEX_POINT('',#3949);
#3949 = CARTESIAN_POINT('',(-0.32,-2.22,8.38));
#3950 = LINE('',#3951,#3952);
#3951 = CARTESIAN_POINT('',(-0.32,-2.22,-3.));
#3952 = VECTOR('',#3953,1.);
#3953 = DIRECTION('',(0.,0.,1.));
#3954 = ORIENTED_EDGE('',*,*,#3955,.T.);
#3955 = EDGE_CURVE('',#3948,#3924,#3956,.T.);
#3956 = LINE('',#3957,#3958);
#3957 = CARTESIAN_POINT('',(-0.32,-2.22,8.38));
#3958 = VECTOR('',#3959,1.);
#3959 = DIRECTION('',(1.,0.,0.));
#3960 = PLANE('',#3961);
#3961 = AXIS2_PLACEMENT_3D('',#3962,#3963,#3964);
#3962 = CARTESIAN_POINT('',(-0.32,-2.22,-3.));
#3963 = DIRECTION('',(0.,1.,0.));
#3964 = DIRECTION('',(0.,-0.,1.));
#3965 = ADVANCED_FACE('',(#3966),#3984,.F.);
#3966 = FACE_BOUND('',#3967,.F.);
#3967 = EDGE_LOOP('',(#3968,#3976,#3977,#3978));
#3968 = ORIENTED_EDGE('',*,*,#3969,.F.);
#3969 = EDGE_CURVE('',#2131,#3970,#3972,.T.);
#3970 = VERTEX_POINT('',#3971);
#3971 = CARTESIAN_POINT('',(-0.32,-2.86,8.38));
#3972 = LINE('',#3973,#3974);
#3973 = CARTESIAN_POINT('',(-0.32,-2.86,-3.));
#3974 = VECTOR('',#3975,1.);
#3975 = DIRECTION('',(0.,0.,1.));
#3976 = ORIENTED_EDGE('',*,*,#2138,.T.);
#3977 = ORIENTED_EDGE('',*,*,#3947,.T.);
#3978 = ORIENTED_EDGE('',*,*,#3979,.F.);
#3979 = EDGE_CURVE('',#3970,#3948,#3980,.T.);
#3980 = LINE('',#3981,#3982);
#3981 = CARTESIAN_POINT('',(-0.32,-2.86,8.38));
#3982 = VECTOR('',#3983,1.);
#3983 = DIRECTION('',(0.,1.,0.));
#3984 = PLANE('',#3985);
#3985 = AXIS2_PLACEMENT_3D('',#3986,#3987,#3988);
#3986 = CARTESIAN_POINT('',(-0.32,-2.86,-3.));
#3987 = DIRECTION('',(1.,0.,0.));
#3988 = DIRECTION('',(0.,0.,1.));
#3989 = ADVANCED_FACE('',(#3990),#4001,.F.);
#3990 = FACE_BOUND('',#3991,.F.);
#3991 = EDGE_LOOP('',(#3992,#3993,#3994,#3995));
#3992 = ORIENTED_EDGE('',*,*,#3914,.F.);
#3993 = ORIENTED_EDGE('',*,*,#2130,.T.);
#3994 = ORIENTED_EDGE('',*,*,#3969,.T.);
#3995 = ORIENTED_EDGE('',*,*,#3996,.T.);
#3996 = EDGE_CURVE('',#3970,#3915,#3997,.T.);
#3997 = LINE('',#3998,#3999);
#3998 = CARTESIAN_POINT('',(-0.32,-2.86,8.38));
#3999 = VECTOR('',#4000,1.);
#4000 = DIRECTION('',(1.,0.,0.));
#4001 = PLANE('',#4002);
#4002 = AXIS2_PLACEMENT_3D('',#4003,#4004,#4005);
#4003 = CARTESIAN_POINT('',(-0.32,-2.86,-3.));
#4004 = DIRECTION('',(0.,1.,0.));
#4005 = DIRECTION('',(0.,-0.,1.));
#4006 = ADVANCED_FACE('',(#4007),#4032,.F.);
#4007 = FACE_BOUND('',#4008,.F.);
#4008 = EDGE_LOOP('',(#4009,#4017,#4018,#4026));
#4009 = ORIENTED_EDGE('',*,*,#4010,.F.);
#4010 = EDGE_CURVE('',#2155,#4011,#4013,.T.);
#4011 = VERTEX_POINT('',#4012);
#4012 = CARTESIAN_POINT('',(0.32,-5.4,8.38));
#4013 = LINE('',#4014,#4015);
#4014 = CARTESIAN_POINT('',(0.32,-5.4,-3.));
#4015 = VECTOR('',#4016,1.);
#4016 = DIRECTION('',(0.,0.,1.));
#4017 = ORIENTED_EDGE('',*,*,#2154,.T.);
#4018 = ORIENTED_EDGE('',*,*,#4019,.T.);
#4019 = EDGE_CURVE('',#2157,#4020,#4022,.T.);
#4020 = VERTEX_POINT('',#4021);
#4021 = CARTESIAN_POINT('',(-0.32,-5.4,8.38));
#4022 = LINE('',#4023,#4024);
#4023 = CARTESIAN_POINT('',(-0.32,-5.4,-3.));
#4024 = VECTOR('',#4025,1.);
#4025 = DIRECTION('',(0.,0.,1.));
#4026 = ORIENTED_EDGE('',*,*,#4027,.T.);
#4027 = EDGE_CURVE('',#4020,#4011,#4028,.T.);
#4028 = LINE('',#4029,#4030);
#4029 = CARTESIAN_POINT('',(-0.32,-5.4,8.38));
#4030 = VECTOR('',#4031,1.);
#4031 = DIRECTION('',(1.,0.,0.));
#4032 = PLANE('',#4033);
#4033 = AXIS2_PLACEMENT_3D('',#4034,#4035,#4036);
#4034 = CARTESIAN_POINT('',(-0.32,-5.4,-3.));
#4035 = DIRECTION('',(0.,1.,0.));
#4036 = DIRECTION('',(0.,-0.,1.));
#4037 = ADVANCED_FACE('',(#4038),#4056,.T.);
#4038 = FACE_BOUND('',#4039,.T.);
#4039 = EDGE_LOOP('',(#4040,#4041,#4042,#4050));
#4040 = ORIENTED_EDGE('',*,*,#4010,.F.);
#4041 = ORIENTED_EDGE('',*,*,#2180,.T.);
#4042 = ORIENTED_EDGE('',*,*,#4043,.T.);
#4043 = EDGE_CURVE('',#2173,#4044,#4046,.T.);
#4044 = VERTEX_POINT('',#4045);
#4045 = CARTESIAN_POINT('',(0.32,-4.76,8.38));
#4046 = LINE('',#4047,#4048);
#4047 = CARTESIAN_POINT('',(0.32,-4.76,-3.));
#4048 = VECTOR('',#4049,1.);
#4049 = DIRECTION('',(0.,0.,1.));
#4050 = ORIENTED_EDGE('',*,*,#4051,.F.);
#4051 = EDGE_CURVE('',#4011,#4044,#4052,.T.);
#4052 = LINE('',#4053,#4054);
#4053 = CARTESIAN_POINT('',(0.32,-5.4,8.38));
#4054 = VECTOR('',#4055,1.);
#4055 = DIRECTION('',(0.,1.,0.));
#4056 = PLANE('',#4057);
#4057 = AXIS2_PLACEMENT_3D('',#4058,#4059,#4060);
#4058 = CARTESIAN_POINT('',(0.32,-5.4,-3.));
#4059 = DIRECTION('',(1.,0.,0.));
#4060 = DIRECTION('',(0.,0.,1.));
#4061 = ADVANCED_FACE('',(#4062),#4080,.T.);
#4062 = FACE_BOUND('',#4063,.T.);
#4063 = EDGE_LOOP('',(#4064,#4065,#4066,#4074));
#4064 = ORIENTED_EDGE('',*,*,#4043,.F.);
#4065 = ORIENTED_EDGE('',*,*,#2172,.T.);
#4066 = ORIENTED_EDGE('',*,*,#4067,.T.);
#4067 = EDGE_CURVE('',#2165,#4068,#4070,.T.);
#4068 = VERTEX_POINT('',#4069);
#4069 = CARTESIAN_POINT('',(-0.32,-4.76,8.38));
#4070 = LINE('',#4071,#4072);
#4071 = CARTESIAN_POINT('',(-0.32,-4.76,-3.));
#4072 = VECTOR('',#4073,1.);
#4073 = DIRECTION('',(0.,0.,1.));
#4074 = ORIENTED_EDGE('',*,*,#4075,.T.);
#4075 = EDGE_CURVE('',#4068,#4044,#4076,.T.);
#4076 = LINE('',#4077,#4078);
#4077 = CARTESIAN_POINT('',(-0.32,-4.76,8.38));
#4078 = VECTOR('',#4079,1.);
#4079 = DIRECTION('',(1.,0.,0.));
#4080 = PLANE('',#4081);
#4081 = AXIS2_PLACEMENT_3D('',#4082,#4083,#4084);
#4082 = CARTESIAN_POINT('',(-0.32,-4.76,-3.));
#4083 = DIRECTION('',(0.,1.,0.));
#4084 = DIRECTION('',(0.,-0.,1.));
#4085 = ADVANCED_FACE('',(#4086),#4097,.F.);
#4086 = FACE_BOUND('',#4087,.F.);
#4087 = EDGE_LOOP('',(#4088,#4089,#4090,#4091));
#4088 = ORIENTED_EDGE('',*,*,#4019,.F.);
#4089 = ORIENTED_EDGE('',*,*,#2164,.T.);
#4090 = ORIENTED_EDGE('',*,*,#4067,.T.);
#4091 = ORIENTED_EDGE('',*,*,#4092,.F.);
#4092 = EDGE_CURVE('',#4020,#4068,#4093,.T.);
#4093 = LINE('',#4094,#4095);
#4094 = CARTESIAN_POINT('',(-0.32,-5.4,8.38));
#4095 = VECTOR('',#4096,1.);
#4096 = DIRECTION('',(0.,1.,0.));
#4097 = PLANE('',#4098);
#4098 = AXIS2_PLACEMENT_3D('',#4099,#4100,#4101);
#4099 = CARTESIAN_POINT('',(-0.32,-5.4,-3.));
#4100 = DIRECTION('',(1.,0.,0.));
#4101 = DIRECTION('',(0.,0.,1.));
#4102 = ADVANCED_FACE('',(#4103),#4128,.T.);
#4103 = FACE_BOUND('',#4104,.T.);
#4104 = EDGE_LOOP('',(#4105,#4113,#4114,#4122));
#4105 = ORIENTED_EDGE('',*,*,#4106,.F.);
#4106 = EDGE_CURVE('',#2189,#4107,#4109,.T.);
#4107 = VERTEX_POINT('',#4108);
#4108 = CARTESIAN_POINT('',(0.32,-7.94,8.38));
#4109 = LINE('',#4110,#4111);
#4110 = CARTESIAN_POINT('',(0.32,-7.94,-3.));
#4111 = VECTOR('',#4112,1.);
#4112 = DIRECTION('',(0.,0.,1.));
#4113 = ORIENTED_EDGE('',*,*,#2188,.T.);
#4114 = ORIENTED_EDGE('',*,*,#4115,.T.);
#4115 = EDGE_CURVE('',#2191,#4116,#4118,.T.);
#4116 = VERTEX_POINT('',#4117);
#4117 = CARTESIAN_POINT('',(0.32,-7.3,8.38));
#4118 = LINE('',#4119,#4120);
#4119 = CARTESIAN_POINT('',(0.32,-7.3,-3.));
#4120 = VECTOR('',#4121,1.);
#4121 = DIRECTION('',(0.,0.,1.));
#4122 = ORIENTED_EDGE('',*,*,#4123,.F.);
#4123 = EDGE_CURVE('',#4107,#4116,#4124,.T.);
#4124 = LINE('',#4125,#4126);
#4125 = CARTESIAN_POINT('',(0.32,-7.94,8.38));
#4126 = VECTOR('',#4127,1.);
#4127 = DIRECTION('',(0.,1.,0.));
#4128 = PLANE('',#4129);
#4129 = AXIS2_PLACEMENT_3D('',#4130,#4131,#4132);
#4130 = CARTESIAN_POINT('',(0.32,-7.94,-3.));
#4131 = DIRECTION('',(1.,0.,0.));
#4132 = DIRECTION('',(0.,0.,1.));
#4133 = ADVANCED_FACE('',(#4134),#4152,.T.);
#4134 = FACE_BOUND('',#4135,.T.);
#4135 = EDGE_LOOP('',(#4136,#4137,#4138,#4146));
#4136 = ORIENTED_EDGE('',*,*,#4115,.F.);
#4137 = ORIENTED_EDGE('',*,*,#2214,.T.);
#4138 = ORIENTED_EDGE('',*,*,#4139,.T.);
#4139 = EDGE_CURVE('',#2207,#4140,#4142,.T.);
#4140 = VERTEX_POINT('',#4141);
#4141 = CARTESIAN_POINT('',(-0.32,-7.3,8.38));
#4142 = LINE('',#4143,#4144);
#4143 = CARTESIAN_POINT('',(-0.32,-7.3,-3.));
#4144 = VECTOR('',#4145,1.);
#4145 = DIRECTION('',(0.,0.,1.));
#4146 = ORIENTED_EDGE('',*,*,#4147,.T.);
#4147 = EDGE_CURVE('',#4140,#4116,#4148,.T.);
#4148 = LINE('',#4149,#4150);
#4149 = CARTESIAN_POINT('',(-0.32,-7.3,8.38));
#4150 = VECTOR('',#4151,1.);
#4151 = DIRECTION('',(1.,0.,0.));
#4152 = PLANE('',#4153);
#4153 = AXIS2_PLACEMENT_3D('',#4154,#4155,#4156);
#4154 = CARTESIAN_POINT('',(-0.32,-7.3,-3.));
#4155 = DIRECTION('',(0.,1.,0.));
#4156 = DIRECTION('',(0.,-0.,1.));
#4157 = ADVANCED_FACE('',(#4158),#4176,.F.);
#4158 = FACE_BOUND('',#4159,.F.);
#4159 = EDGE_LOOP('',(#4160,#4168,#4169,#4170));
#4160 = ORIENTED_EDGE('',*,*,#4161,.F.);
#4161 = EDGE_CURVE('',#2199,#4162,#4164,.T.);
#4162 = VERTEX_POINT('',#4163);
#4163 = CARTESIAN_POINT('',(-0.32,-7.94,8.38));
#4164 = LINE('',#4165,#4166);
#4165 = CARTESIAN_POINT('',(-0.32,-7.94,-3.));
#4166 = VECTOR('',#4167,1.);
#4167 = DIRECTION('',(0.,0.,1.));
#4168 = ORIENTED_EDGE('',*,*,#2206,.T.);
#4169 = ORIENTED_EDGE('',*,*,#4139,.T.);
#4170 = ORIENTED_EDGE('',*,*,#4171,.F.);
#4171 = EDGE_CURVE('',#4162,#4140,#4172,.T.);
#4172 = LINE('',#4173,#4174);
#4173 = CARTESIAN_POINT('',(-0.32,-7.94,8.38));
#4174 = VECTOR('',#4175,1.);
#4175 = DIRECTION('',(0.,1.,0.));
#4176 = PLANE('',#4177);
#4177 = AXIS2_PLACEMENT_3D('',#4178,#4179,#4180);
#4178 = CARTESIAN_POINT('',(-0.32,-7.94,-3.));
#4179 = DIRECTION('',(1.,0.,0.));
#4180 = DIRECTION('',(0.,0.,1.));
#4181 = ADVANCED_FACE('',(#4182),#4193,.F.);
#4182 = FACE_BOUND('',#4183,.F.);
#4183 = EDGE_LOOP('',(#4184,#4185,#4186,#4187));
#4184 = ORIENTED_EDGE('',*,*,#4106,.F.);
#4185 = ORIENTED_EDGE('',*,*,#2198,.T.);
#4186 = ORIENTED_EDGE('',*,*,#4161,.T.);
#4187 = ORIENTED_EDGE('',*,*,#4188,.T.);
#4188 = EDGE_CURVE('',#4162,#4107,#4189,.T.);
#4189 = LINE('',#4190,#4191);
#4190 = CARTESIAN_POINT('',(-0.32,-7.94,8.38));
#4191 = VECTOR('',#4192,1.);
#4192 = DIRECTION('',(1.,0.,0.));
#4193 = PLANE('',#4194);
#4194 = AXIS2_PLACEMENT_3D('',#4195,#4196,#4197);
#4195 = CARTESIAN_POINT('',(-0.32,-7.94,-3.));
#4196 = DIRECTION('',(0.,1.,0.));
#4197 = DIRECTION('',(0.,-0.,1.));
#4198 = ADVANCED_FACE('',(#4199),#4224,.F.);
#4199 = FACE_BOUND('',#4200,.F.);
#4200 = EDGE_LOOP('',(#4201,#4209,#4210,#4218));
#4201 = ORIENTED_EDGE('',*,*,#4202,.F.);
#4202 = EDGE_CURVE('',#2223,#4203,#4205,.T.);
#4203 = VERTEX_POINT('',#4204);
#4204 = CARTESIAN_POINT('',(0.32,-0.32,8.38));
#4205 = LINE('',#4206,#4207);
#4206 = CARTESIAN_POINT('',(0.32,-0.32,-3.));
#4207 = VECTOR('',#4208,1.);
#4208 = DIRECTION('',(0.,0.,1.));
#4209 = ORIENTED_EDGE('',*,*,#2222,.T.);
#4210 = ORIENTED_EDGE('',*,*,#4211,.T.);
#4211 = EDGE_CURVE('',#2225,#4212,#4214,.T.);
#4212 = VERTEX_POINT('',#4213);
#4213 = CARTESIAN_POINT('',(-0.32,-0.32,8.38));
#4214 = LINE('',#4215,#4216);
#4215 = CARTESIAN_POINT('',(-0.32,-0.32,-3.));
#4216 = VECTOR('',#4217,1.);
#4217 = DIRECTION('',(0.,0.,1.));
#4218 = ORIENTED_EDGE('',*,*,#4219,.T.);
#4219 = EDGE_CURVE('',#4212,#4203,#4220,.T.);
#4220 = LINE('',#4221,#4222);
#4221 = CARTESIAN_POINT('',(-0.32,-0.32,8.38));
#4222 = VECTOR('',#4223,1.);
#4223 = DIRECTION('',(1.,0.,0.));
#4224 = PLANE('',#4225);
#4225 = AXIS2_PLACEMENT_3D('',#4226,#4227,#4228);
#4226 = CARTESIAN_POINT('',(-0.32,-0.32,-3.));
#4227 = DIRECTION('',(0.,1.,0.));
#4228 = DIRECTION('',(0.,-0.,1.));
#4229 = ADVANCED_FACE('',(#4230),#4248,.T.);
#4230 = FACE_BOUND('',#4231,.T.);
#4231 = EDGE_LOOP('',(#4232,#4233,#4234,#4242));
#4232 = ORIENTED_EDGE('',*,*,#4202,.F.);
#4233 = ORIENTED_EDGE('',*,*,#2248,.T.);
#4234 = ORIENTED_EDGE('',*,*,#4235,.T.);
#4235 = EDGE_CURVE('',#2241,#4236,#4238,.T.);
#4236 = VERTEX_POINT('',#4237);
#4237 = CARTESIAN_POINT('',(0.32,0.32,8.38));
#4238 = LINE('',#4239,#4240);
#4239 = CARTESIAN_POINT('',(0.32,0.32,-3.));
#4240 = VECTOR('',#4241,1.);
#4241 = DIRECTION('',(0.,0.,1.));
#4242 = ORIENTED_EDGE('',*,*,#4243,.F.);
#4243 = EDGE_CURVE('',#4203,#4236,#4244,.T.);
#4244 = LINE('',#4245,#4246);
#4245 = CARTESIAN_POINT('',(0.32,-0.32,8.38));
#4246 = VECTOR('',#4247,1.);
#4247 = DIRECTION('',(0.,1.,0.));
#4248 = PLANE('',#4249);
#4249 = AXIS2_PLACEMENT_3D('',#4250,#4251,#4252);
#4250 = CARTESIAN_POINT('',(0.32,-0.32,-3.));
#4251 = DIRECTION('',(1.,0.,0.));
#4252 = DIRECTION('',(0.,0.,1.));
#4253 = ADVANCED_FACE('',(#4254),#4272,.T.);
#4254 = FACE_BOUND('',#4255,.T.);
#4255 = EDGE_LOOP('',(#4256,#4257,#4258,#4266));
#4256 = ORIENTED_EDGE('',*,*,#4235,.F.);
#4257 = ORIENTED_EDGE('',*,*,#2240,.T.);
#4258 = ORIENTED_EDGE('',*,*,#4259,.T.);
#4259 = EDGE_CURVE('',#2233,#4260,#4262,.T.);
#4260 = VERTEX_POINT('',#4261);
#4261 = CARTESIAN_POINT('',(-0.32,0.32,8.38));
#4262 = LINE('',#4263,#4264);
#4263 = CARTESIAN_POINT('',(-0.32,0.32,-3.));
#4264 = VECTOR('',#4265,1.);
#4265 = DIRECTION('',(0.,0.,1.));
#4266 = ORIENTED_EDGE('',*,*,#4267,.T.);
#4267 = EDGE_CURVE('',#4260,#4236,#4268,.T.);
#4268 = LINE('',#4269,#4270);
#4269 = CARTESIAN_POINT('',(-0.32,0.32,8.38));
#4270 = VECTOR('',#4271,1.);
#4271 = DIRECTION('',(1.,0.,0.));
#4272 = PLANE('',#4273);
#4273 = AXIS2_PLACEMENT_3D('',#4274,#4275,#4276);
#4274 = CARTESIAN_POINT('',(-0.32,0.32,-3.));
#4275 = DIRECTION('',(0.,1.,0.));
#4276 = DIRECTION('',(0.,-0.,1.));
#4277 = ADVANCED_FACE('',(#4278),#4289,.F.);
#4278 = FACE_BOUND('',#4279,.F.);
#4279 = EDGE_LOOP('',(#4280,#4281,#4282,#4283));
#4280 = ORIENTED_EDGE('',*,*,#4211,.F.);
#4281 = ORIENTED_EDGE('',*,*,#2232,.T.);
#4282 = ORIENTED_EDGE('',*,*,#4259,.T.);
#4283 = ORIENTED_EDGE('',*,*,#4284,.F.);
#4284 = EDGE_CURVE('',#4212,#4260,#4285,.T.);
#4285 = LINE('',#4286,#4287);
#4286 = CARTESIAN_POINT('',(-0.32,-0.32,8.38));
#4287 = VECTOR('',#4288,1.);
#4288 = DIRECTION('',(0.,1.,0.));
#4289 = PLANE('',#4290);
#4290 = AXIS2_PLACEMENT_3D('',#4291,#4292,#4293);
#4291 = CARTESIAN_POINT('',(-0.32,-0.32,-3.));
#4292 = DIRECTION('',(1.,0.,0.));
#4293 = DIRECTION('',(0.,0.,1.));
#4294 = ADVANCED_FACE('',(#4295),#4320,.F.);
#4295 = FACE_BOUND('',#4296,.T.);
#4296 = EDGE_LOOP('',(#4297,#4305,#4306,#4314));
#4297 = ORIENTED_EDGE('',*,*,#4298,.F.);
#4298 = EDGE_CURVE('',#2963,#4299,#4301,.T.);
#4299 = VERTEX_POINT('',#4300);
#4300 = CARTESIAN_POINT('',(-0.16,-12.54,-3.));
#4301 = LINE('',#4302,#4303);
#4302 = CARTESIAN_POINT('',(-0.16,-12.54,-3.));
#4303 = VECTOR('',#4304,1.);
#4304 = DIRECTION('',(0.57735026919,-0.57735026919,-0.57735026919));
#4305 = ORIENTED_EDGE('',*,*,#2962,.T.);
#4306 = ORIENTED_EDGE('',*,*,#4307,.T.);
#4307 = EDGE_CURVE('',#2955,#4308,#4310,.T.);
#4308 = VERTEX_POINT('',#4309);
#4309 = CARTESIAN_POINT('',(0.16,-12.54,-3.));
#4310 = LINE('',#4311,#4312);
#4311 = CARTESIAN_POINT('',(5.333333333333E-02,-12.64666666666,
    -3.106666666667));
#4312 = VECTOR('',#4313,1.);
#4313 = DIRECTION('',(-0.57735026919,-0.57735026919,-0.57735026919));
#4314 = ORIENTED_EDGE('',*,*,#4315,.F.);
#4315 = EDGE_CURVE('',#4299,#4308,#4316,.T.);
#4316 = LINE('',#4317,#4318);
#4317 = CARTESIAN_POINT('',(-0.32,-12.54,-3.));
#4318 = VECTOR('',#4319,1.);
#4319 = DIRECTION('',(1.,0.,0.));
#4320 = PLANE('',#4321);
#4321 = AXIS2_PLACEMENT_3D('',#4322,#4323,#4324);
#4322 = CARTESIAN_POINT('',(-0.32,-12.46,-2.92));
#4323 = DIRECTION('',(-1.735167508357E-18,-0.707106781187,0.707106781187
    ));
#4324 = DIRECTION('',(-1.,1.226948711654E-18,-1.226948711654E-18));
#4325 = ADVANCED_FACE('',(#4326),#4344,.T.);
#4326 = FACE_BOUND('',#4327,.T.);
#4327 = EDGE_LOOP('',(#4328,#4336,#4337,#4338));
#4328 = ORIENTED_EDGE('',*,*,#4329,.F.);
#4329 = EDGE_CURVE('',#2986,#4330,#4332,.T.);
#4330 = VERTEX_POINT('',#4331);
#4331 = CARTESIAN_POINT('',(-0.16,-12.86,-3.));
#4332 = LINE('',#4333,#4334);
#4333 = CARTESIAN_POINT('',(-0.266666666667,-12.96666666666,
    -2.893333333333));
#4334 = VECTOR('',#4335,1.);
#4335 = DIRECTION('',(0.57735026919,0.57735026919,-0.57735026919));
#4336 = ORIENTED_EDGE('',*,*,#2993,.T.);
#4337 = ORIENTED_EDGE('',*,*,#4298,.T.);
#4338 = ORIENTED_EDGE('',*,*,#4339,.F.);
#4339 = EDGE_CURVE('',#4330,#4299,#4340,.T.);
#4340 = LINE('',#4341,#4342);
#4341 = CARTESIAN_POINT('',(-0.16,-13.02,-3.));
#4342 = VECTOR('',#4343,1.);
#4343 = DIRECTION('',(0.,1.,0.));
#4344 = PLANE('',#4345);
#4345 = AXIS2_PLACEMENT_3D('',#4346,#4347,#4348);
#4346 = CARTESIAN_POINT('',(-0.24,-13.02,-2.92));
#4347 = DIRECTION('',(-0.707106781187,-1.735167508357E-18,
    -0.707106781187));
#4348 = DIRECTION('',(-1.226948711654E-18,1.,-1.226948711654E-18));
#4349 = ADVANCED_FACE('',(#4350),#4368,.T.);
#4350 = FACE_BOUND('',#4351,.F.);
#4351 = EDGE_LOOP('',(#4352,#4353,#4354,#4362));
#4352 = ORIENTED_EDGE('',*,*,#4329,.F.);
#4353 = ORIENTED_EDGE('',*,*,#3017,.T.);
#4354 = ORIENTED_EDGE('',*,*,#4355,.T.);
#4355 = EDGE_CURVE('',#3010,#4356,#4358,.T.);
#4356 = VERTEX_POINT('',#4357);
#4357 = CARTESIAN_POINT('',(0.16,-12.86,-3.));
#4358 = LINE('',#4359,#4360);
#4359 = CARTESIAN_POINT('',(0.16,-12.86,-3.));
#4360 = VECTOR('',#4361,1.);
#4361 = DIRECTION('',(-0.57735026919,0.57735026919,-0.57735026919));
#4362 = ORIENTED_EDGE('',*,*,#4363,.F.);
#4363 = EDGE_CURVE('',#4330,#4356,#4364,.T.);
#4364 = LINE('',#4365,#4366);
#4365 = CARTESIAN_POINT('',(-0.32,-12.86,-3.));
#4366 = VECTOR('',#4367,1.);
#4367 = DIRECTION('',(1.,0.,0.));
#4368 = PLANE('',#4369);
#4369 = AXIS2_PLACEMENT_3D('',#4370,#4371,#4372);
#4370 = CARTESIAN_POINT('',(-0.32,-12.94,-2.92));
#4371 = DIRECTION('',(1.735167508357E-18,-0.707106781187,-0.707106781187
    ));
#4372 = DIRECTION('',(-1.,-1.226948711654E-18,-1.226948711654E-18));
#4373 = ADVANCED_FACE('',(#4374),#4385,.F.);
#4374 = FACE_BOUND('',#4375,.F.);
#4375 = EDGE_LOOP('',(#4376,#4377,#4378,#4379));
#4376 = ORIENTED_EDGE('',*,*,#4355,.F.);
#4377 = ORIENTED_EDGE('',*,*,#3034,.T.);
#4378 = ORIENTED_EDGE('',*,*,#4307,.T.);
#4379 = ORIENTED_EDGE('',*,*,#4380,.F.);
#4380 = EDGE_CURVE('',#4356,#4308,#4381,.T.);
#4381 = LINE('',#4382,#4383);
#4382 = CARTESIAN_POINT('',(0.16,-13.02,-3.));
#4383 = VECTOR('',#4384,1.);
#4384 = DIRECTION('',(0.,1.,0.));
#4385 = PLANE('',#4386);
#4386 = AXIS2_PLACEMENT_3D('',#4387,#4388,#4389);
#4387 = CARTESIAN_POINT('',(0.24,-13.02,-2.92));
#4388 = DIRECTION('',(-0.707106781187,1.735167508357E-18,0.707106781187)
  );
#4389 = DIRECTION('',(1.226948711654E-18,1.,-1.226948711654E-18));
#4390 = ADVANCED_FACE('',(#4391),#4416,.F.);
#4391 = FACE_BOUND('',#4392,.F.);
#4392 = EDGE_LOOP('',(#4393,#4401,#4402,#4410));
#4393 = ORIENTED_EDGE('',*,*,#4394,.F.);
#4394 = EDGE_CURVE('',#3051,#4395,#4397,.T.);
#4395 = VERTEX_POINT('',#4396);
#4396 = CARTESIAN_POINT('',(0.16,-15.4,-3.));
#4397 = LINE('',#4398,#4399);
#4398 = CARTESIAN_POINT('',(0.16,-15.4,-3.));
#4399 = VECTOR('',#4400,1.);
#4400 = DIRECTION('',(-0.57735026919,0.57735026919,-0.57735026919));
#4401 = ORIENTED_EDGE('',*,*,#3058,.T.);
#4402 = ORIENTED_EDGE('',*,*,#4403,.T.);
#4403 = EDGE_CURVE('',#3059,#4404,#4406,.T.);
#4404 = VERTEX_POINT('',#4405);
#4405 = CARTESIAN_POINT('',(0.16,-15.08,-3.));
#4406 = LINE('',#4407,#4408);
#4407 = CARTESIAN_POINT('',(5.333333333333E-02,-15.18666666666,
    -3.106666666667));
#4408 = VECTOR('',#4409,1.);
#4409 = DIRECTION('',(-0.57735026919,-0.57735026919,-0.57735026919));
#4410 = ORIENTED_EDGE('',*,*,#4411,.F.);
#4411 = EDGE_CURVE('',#4395,#4404,#4412,.T.);
#4412 = LINE('',#4413,#4414);
#4413 = CARTESIAN_POINT('',(0.16,-15.56,-3.));
#4414 = VECTOR('',#4415,1.);
#4415 = DIRECTION('',(0.,1.,0.));
#4416 = PLANE('',#4417);
#4417 = AXIS2_PLACEMENT_3D('',#4418,#4419,#4420);
#4418 = CARTESIAN_POINT('',(0.24,-15.56,-2.92));
#4419 = DIRECTION('',(-0.707106781187,1.735167508357E-18,0.707106781187)
  );
#4420 = DIRECTION('',(1.226948711654E-18,1.,-1.226948711654E-18));
#4421 = ADVANCED_FACE('',(#4422),#4440,.F.);
#4422 = FACE_BOUND('',#4423,.T.);
#4423 = EDGE_LOOP('',(#4424,#4432,#4433,#4434));
#4424 = ORIENTED_EDGE('',*,*,#4425,.F.);
#4425 = EDGE_CURVE('',#3083,#4426,#4428,.T.);
#4426 = VERTEX_POINT('',#4427);
#4427 = CARTESIAN_POINT('',(-0.16,-15.08,-3.));
#4428 = LINE('',#4429,#4430);
#4429 = CARTESIAN_POINT('',(-0.16,-15.08,-3.));
#4430 = VECTOR('',#4431,1.);
#4431 = DIRECTION('',(0.57735026919,-0.57735026919,-0.57735026919));
#4432 = ORIENTED_EDGE('',*,*,#3082,.T.);
#4433 = ORIENTED_EDGE('',*,*,#4403,.T.);
#4434 = ORIENTED_EDGE('',*,*,#4435,.F.);
#4435 = EDGE_CURVE('',#4426,#4404,#4436,.T.);
#4436 = LINE('',#4437,#4438);
#4437 = CARTESIAN_POINT('',(-0.32,-15.08,-3.));
#4438 = VECTOR('',#4439,1.);
#4439 = DIRECTION('',(1.,0.,0.));
#4440 = PLANE('',#4441);
#4441 = AXIS2_PLACEMENT_3D('',#4442,#4443,#4444);
#4442 = CARTESIAN_POINT('',(-0.32,-15.,-2.92));
#4443 = DIRECTION('',(-1.735167508357E-18,-0.707106781187,0.707106781187
    ));
#4444 = DIRECTION('',(-1.,1.226948711654E-18,-1.226948711654E-18));
#4445 = ADVANCED_FACE('',(#4446),#4464,.T.);
#4446 = FACE_BOUND('',#4447,.T.);
#4447 = EDGE_LOOP('',(#4448,#4456,#4457,#4458));
#4448 = ORIENTED_EDGE('',*,*,#4449,.F.);
#4449 = EDGE_CURVE('',#3106,#4450,#4452,.T.);
#4450 = VERTEX_POINT('',#4451);
#4451 = CARTESIAN_POINT('',(-0.16,-15.4,-3.));
#4452 = LINE('',#4453,#4454);
#4453 = CARTESIAN_POINT('',(-0.266666666667,-15.50666666666,
    -2.893333333333));
#4454 = VECTOR('',#4455,1.);
#4455 = DIRECTION('',(0.57735026919,0.57735026919,-0.57735026919));
#4456 = ORIENTED_EDGE('',*,*,#3113,.T.);
#4457 = ORIENTED_EDGE('',*,*,#4425,.T.);
#4458 = ORIENTED_EDGE('',*,*,#4459,.F.);
#4459 = EDGE_CURVE('',#4450,#4426,#4460,.T.);
#4460 = LINE('',#4461,#4462);
#4461 = CARTESIAN_POINT('',(-0.16,-15.56,-3.));
#4462 = VECTOR('',#4463,1.);
#4463 = DIRECTION('',(0.,1.,0.));
#4464 = PLANE('',#4465);
#4465 = AXIS2_PLACEMENT_3D('',#4466,#4467,#4468);
#4466 = CARTESIAN_POINT('',(-0.24,-15.56,-2.92));
#4467 = DIRECTION('',(-0.707106781187,-1.735167508357E-18,
    -0.707106781187));
#4468 = DIRECTION('',(-1.226948711654E-18,1.,-1.226948711654E-18));
#4469 = ADVANCED_FACE('',(#4470),#4481,.T.);
#4470 = FACE_BOUND('',#4471,.F.);
#4471 = EDGE_LOOP('',(#4472,#4473,#4474,#4475));
#4472 = ORIENTED_EDGE('',*,*,#4449,.F.);
#4473 = ORIENTED_EDGE('',*,*,#3130,.T.);
#4474 = ORIENTED_EDGE('',*,*,#4394,.T.);
#4475 = ORIENTED_EDGE('',*,*,#4476,.F.);
#4476 = EDGE_CURVE('',#4450,#4395,#4477,.T.);
#4477 = LINE('',#4478,#4479);
#4478 = CARTESIAN_POINT('',(-0.32,-15.4,-3.));
#4479 = VECTOR('',#4480,1.);
#4480 = DIRECTION('',(1.,0.,0.));
#4481 = PLANE('',#4482);
#4482 = AXIS2_PLACEMENT_3D('',#4483,#4484,#4485);
#4483 = CARTESIAN_POINT('',(-0.32,-15.48,-2.92));
#4484 = DIRECTION('',(1.735167508357E-18,-0.707106781187,-0.707106781187
    ));
#4485 = DIRECTION('',(-1.,-1.226948711654E-18,-1.226948711654E-18));
#4486 = ADVANCED_FACE('',(#4487),#4512,.F.);
#4487 = FACE_BOUND('',#4488,.T.);
#4488 = EDGE_LOOP('',(#4489,#4497,#4498,#4506));
#4489 = ORIENTED_EDGE('',*,*,#4490,.F.);
#4490 = EDGE_CURVE('',#3155,#4491,#4493,.T.);
#4491 = VERTEX_POINT('',#4492);
#4492 = CARTESIAN_POINT('',(-0.16,-10.,-3.));
#4493 = LINE('',#4494,#4495);
#4494 = CARTESIAN_POINT('',(-0.16,-10.,-3.));
#4495 = VECTOR('',#4496,1.);
#4496 = DIRECTION('',(0.57735026919,-0.57735026919,-0.57735026919));
#4497 = ORIENTED_EDGE('',*,*,#3154,.T.);
#4498 = ORIENTED_EDGE('',*,*,#4499,.T.);
#4499 = EDGE_CURVE('',#3147,#4500,#4502,.T.);
#4500 = VERTEX_POINT('',#4501);
#4501 = CARTESIAN_POINT('',(0.16,-10.,-3.));
#4502 = LINE('',#4503,#4504);
#4503 = CARTESIAN_POINT('',(5.333333333333E-02,-10.10666666666,
    -3.106666666667));
#4504 = VECTOR('',#4505,1.);
#4505 = DIRECTION('',(-0.57735026919,-0.57735026919,-0.57735026919));
#4506 = ORIENTED_EDGE('',*,*,#4507,.F.);
#4507 = EDGE_CURVE('',#4491,#4500,#4508,.T.);
#4508 = LINE('',#4509,#4510);
#4509 = CARTESIAN_POINT('',(-0.32,-10.,-3.));
#4510 = VECTOR('',#4511,1.);
#4511 = DIRECTION('',(1.,0.,0.));
#4512 = PLANE('',#4513);
#4513 = AXIS2_PLACEMENT_3D('',#4514,#4515,#4516);
#4514 = CARTESIAN_POINT('',(-0.32,-9.92,-2.92));
#4515 = DIRECTION('',(-1.735167508357E-18,-0.707106781187,0.707106781187
    ));
#4516 = DIRECTION('',(-1.,1.226948711654E-18,-1.226948711654E-18));
#4517 = ADVANCED_FACE('',(#4518),#4536,.T.);
#4518 = FACE_BOUND('',#4519,.T.);
#4519 = EDGE_LOOP('',(#4520,#4528,#4529,#4530));
#4520 = ORIENTED_EDGE('',*,*,#4521,.F.);
#4521 = EDGE_CURVE('',#3178,#4522,#4524,.T.);
#4522 = VERTEX_POINT('',#4523);
#4523 = CARTESIAN_POINT('',(-0.16,-10.32,-3.));
#4524 = LINE('',#4525,#4526);
#4525 = CARTESIAN_POINT('',(-0.266666666667,-10.42666666666,
    -2.893333333333));
#4526 = VECTOR('',#4527,1.);
#4527 = DIRECTION('',(0.57735026919,0.57735026919,-0.57735026919));
#4528 = ORIENTED_EDGE('',*,*,#3185,.T.);
#4529 = ORIENTED_EDGE('',*,*,#4490,.T.);
#4530 = ORIENTED_EDGE('',*,*,#4531,.F.);
#4531 = EDGE_CURVE('',#4522,#4491,#4532,.T.);
#4532 = LINE('',#4533,#4534);
#4533 = CARTESIAN_POINT('',(-0.16,-10.48,-3.));
#4534 = VECTOR('',#4535,1.);
#4535 = DIRECTION('',(0.,1.,0.));
#4536 = PLANE('',#4537);
#4537 = AXIS2_PLACEMENT_3D('',#4538,#4539,#4540);
#4538 = CARTESIAN_POINT('',(-0.24,-10.48,-2.92));
#4539 = DIRECTION('',(-0.707106781187,-1.735167508357E-18,
    -0.707106781187));
#4540 = DIRECTION('',(-1.226948711654E-18,1.,-1.226948711654E-18));
#4541 = ADVANCED_FACE('',(#4542),#4560,.T.);
#4542 = FACE_BOUND('',#4543,.F.);
#4543 = EDGE_LOOP('',(#4544,#4545,#4546,#4554));
#4544 = ORIENTED_EDGE('',*,*,#4521,.F.);
#4545 = ORIENTED_EDGE('',*,*,#3209,.T.);
#4546 = ORIENTED_EDGE('',*,*,#4547,.T.);
#4547 = EDGE_CURVE('',#3202,#4548,#4550,.T.);
#4548 = VERTEX_POINT('',#4549);
#4549 = CARTESIAN_POINT('',(0.16,-10.32,-3.));
#4550 = LINE('',#4551,#4552);
#4551 = CARTESIAN_POINT('',(0.16,-10.32,-3.));
#4552 = VECTOR('',#4553,1.);
#4553 = DIRECTION('',(-0.57735026919,0.57735026919,-0.57735026919));
#4554 = ORIENTED_EDGE('',*,*,#4555,.F.);
#4555 = EDGE_CURVE('',#4522,#4548,#4556,.T.);
#4556 = LINE('',#4557,#4558);
#4557 = CARTESIAN_POINT('',(-0.32,-10.32,-3.));
#4558 = VECTOR('',#4559,1.);
#4559 = DIRECTION('',(1.,0.,0.));
#4560 = PLANE('',#4561);
#4561 = AXIS2_PLACEMENT_3D('',#4562,#4563,#4564);
#4562 = CARTESIAN_POINT('',(-0.32,-10.4,-2.92));
#4563 = DIRECTION('',(1.735167508357E-18,-0.707106781187,-0.707106781187
    ));
#4564 = DIRECTION('',(-1.,-1.226948711654E-18,-1.226948711654E-18));
#4565 = ADVANCED_FACE('',(#4566),#4577,.F.);
#4566 = FACE_BOUND('',#4567,.F.);
#4567 = EDGE_LOOP('',(#4568,#4569,#4570,#4571));
#4568 = ORIENTED_EDGE('',*,*,#4547,.F.);
#4569 = ORIENTED_EDGE('',*,*,#3226,.T.);
#4570 = ORIENTED_EDGE('',*,*,#4499,.T.);
#4571 = ORIENTED_EDGE('',*,*,#4572,.F.);
#4572 = EDGE_CURVE('',#4548,#4500,#4573,.T.);
#4573 = LINE('',#4574,#4575);
#4574 = CARTESIAN_POINT('',(0.16,-10.48,-3.));
#4575 = VECTOR('',#4576,1.);
#4576 = DIRECTION('',(0.,1.,0.));
#4577 = PLANE('',#4578);
#4578 = AXIS2_PLACEMENT_3D('',#4579,#4580,#4581);
#4579 = CARTESIAN_POINT('',(0.24,-10.48,-2.92));
#4580 = DIRECTION('',(-0.707106781187,1.735167508357E-18,0.707106781187)
  );
#4581 = DIRECTION('',(1.226948711654E-18,1.,-1.226948711654E-18));
#4582 = ADVANCED_FACE('',(#4583),#4608,.F.);
#4583 = FACE_BOUND('',#4584,.F.);
#4584 = EDGE_LOOP('',(#4585,#4593,#4594,#4602));
#4585 = ORIENTED_EDGE('',*,*,#4586,.F.);
#4586 = EDGE_CURVE('',#3243,#4587,#4589,.T.);
#4587 = VERTEX_POINT('',#4588);
#4588 = CARTESIAN_POINT('',(0.16,-2.7,-3.));
#4589 = LINE('',#4590,#4591);
#4590 = CARTESIAN_POINT('',(0.16,-2.7,-3.));
#4591 = VECTOR('',#4592,1.);
#4592 = DIRECTION('',(-0.57735026919,0.57735026919,-0.57735026919));
#4593 = ORIENTED_EDGE('',*,*,#3250,.T.);
#4594 = ORIENTED_EDGE('',*,*,#4595,.T.);
#4595 = EDGE_CURVE('',#3251,#4596,#4598,.T.);
#4596 = VERTEX_POINT('',#4597);
#4597 = CARTESIAN_POINT('',(0.16,-2.38,-3.));
#4598 = LINE('',#4599,#4600);
#4599 = CARTESIAN_POINT('',(5.333333333333E-02,-2.486666666667,
    -3.106666666667));
#4600 = VECTOR('',#4601,1.);
#4601 = DIRECTION('',(-0.57735026919,-0.57735026919,-0.57735026919));
#4602 = ORIENTED_EDGE('',*,*,#4603,.F.);
#4603 = EDGE_CURVE('',#4587,#4596,#4604,.T.);
#4604 = LINE('',#4605,#4606);
#4605 = CARTESIAN_POINT('',(0.16,-2.86,-3.));
#4606 = VECTOR('',#4607,1.);
#4607 = DIRECTION('',(0.,1.,0.));
#4608 = PLANE('',#4609);
#4609 = AXIS2_PLACEMENT_3D('',#4610,#4611,#4612);
#4610 = CARTESIAN_POINT('',(0.24,-2.86,-2.92));
#4611 = DIRECTION('',(-0.707106781187,1.735167508357E-18,0.707106781187)
  );
#4612 = DIRECTION('',(1.226948711654E-18,1.,-1.226948711654E-18));
#4613 = ADVANCED_FACE('',(#4614),#4632,.F.);
#4614 = FACE_BOUND('',#4615,.T.);
#4615 = EDGE_LOOP('',(#4616,#4624,#4625,#4626));
#4616 = ORIENTED_EDGE('',*,*,#4617,.F.);
#4617 = EDGE_CURVE('',#3275,#4618,#4620,.T.);
#4618 = VERTEX_POINT('',#4619);
#4619 = CARTESIAN_POINT('',(-0.16,-2.38,-3.));
#4620 = LINE('',#4621,#4622);
#4621 = CARTESIAN_POINT('',(-0.16,-2.38,-3.));
#4622 = VECTOR('',#4623,1.);
#4623 = DIRECTION('',(0.57735026919,-0.57735026919,-0.57735026919));
#4624 = ORIENTED_EDGE('',*,*,#3274,.T.);
#4625 = ORIENTED_EDGE('',*,*,#4595,.T.);
#4626 = ORIENTED_EDGE('',*,*,#4627,.F.);
#4627 = EDGE_CURVE('',#4618,#4596,#4628,.T.);
#4628 = LINE('',#4629,#4630);
#4629 = CARTESIAN_POINT('',(-0.32,-2.38,-3.));
#4630 = VECTOR('',#4631,1.);
#4631 = DIRECTION('',(1.,0.,0.));
#4632 = PLANE('',#4633);
#4633 = AXIS2_PLACEMENT_3D('',#4634,#4635,#4636);
#4634 = CARTESIAN_POINT('',(-0.32,-2.3,-2.92));
#4635 = DIRECTION('',(-1.735167508357E-18,-0.707106781187,0.707106781187
    ));
#4636 = DIRECTION('',(-1.,1.226948711654E-18,-1.226948711654E-18));
#4637 = ADVANCED_FACE('',(#4638),#4656,.T.);
#4638 = FACE_BOUND('',#4639,.T.);
#4639 = EDGE_LOOP('',(#4640,#4648,#4649,#4650));
#4640 = ORIENTED_EDGE('',*,*,#4641,.F.);
#4641 = EDGE_CURVE('',#3298,#4642,#4644,.T.);
#4642 = VERTEX_POINT('',#4643);
#4643 = CARTESIAN_POINT('',(-0.16,-2.7,-3.));
#4644 = LINE('',#4645,#4646);
#4645 = CARTESIAN_POINT('',(-0.266666666667,-2.806666666667,
    -2.893333333333));
#4646 = VECTOR('',#4647,1.);
#4647 = DIRECTION('',(0.57735026919,0.57735026919,-0.57735026919));
#4648 = ORIENTED_EDGE('',*,*,#3305,.T.);
#4649 = ORIENTED_EDGE('',*,*,#4617,.T.);
#4650 = ORIENTED_EDGE('',*,*,#4651,.F.);
#4651 = EDGE_CURVE('',#4642,#4618,#4652,.T.);
#4652 = LINE('',#4653,#4654);
#4653 = CARTESIAN_POINT('',(-0.16,-2.86,-3.));
#4654 = VECTOR('',#4655,1.);
#4655 = DIRECTION('',(0.,1.,0.));
#4656 = PLANE('',#4657);
#4657 = AXIS2_PLACEMENT_3D('',#4658,#4659,#4660);
#4658 = CARTESIAN_POINT('',(-0.24,-2.86,-2.92));
#4659 = DIRECTION('',(-0.707106781187,-1.735167508357E-18,
    -0.707106781187));
#4660 = DIRECTION('',(-1.226948711654E-18,1.,-1.226948711654E-18));
#4661 = ADVANCED_FACE('',(#4662),#4673,.T.);
#4662 = FACE_BOUND('',#4663,.F.);
#4663 = EDGE_LOOP('',(#4664,#4665,#4666,#4667));
#4664 = ORIENTED_EDGE('',*,*,#4641,.F.);
#4665 = ORIENTED_EDGE('',*,*,#3322,.T.);
#4666 = ORIENTED_EDGE('',*,*,#4586,.T.);
#4667 = ORIENTED_EDGE('',*,*,#4668,.F.);
#4668 = EDGE_CURVE('',#4642,#4587,#4669,.T.);
#4669 = LINE('',#4670,#4671);
#4670 = CARTESIAN_POINT('',(-0.32,-2.7,-3.));
#4671 = VECTOR('',#4672,1.);
#4672 = DIRECTION('',(1.,0.,0.));
#4673 = PLANE('',#4674);
#4674 = AXIS2_PLACEMENT_3D('',#4675,#4676,#4677);
#4675 = CARTESIAN_POINT('',(-0.32,-2.78,-2.92));
#4676 = DIRECTION('',(1.735167508357E-18,-0.707106781187,-0.707106781187
    ));
#4677 = DIRECTION('',(-1.,-1.226948711654E-18,-1.226948711654E-18));
#4678 = ADVANCED_FACE('',(#4679),#4704,.T.);
#4679 = FACE_BOUND('',#4680,.F.);
#4680 = EDGE_LOOP('',(#4681,#4689,#4690,#4698));
#4681 = ORIENTED_EDGE('',*,*,#4682,.F.);
#4682 = EDGE_CURVE('',#3347,#4683,#4685,.T.);
#4683 = VERTEX_POINT('',#4684);
#4684 = CARTESIAN_POINT('',(-0.16,-5.24,-3.));
#4685 = LINE('',#4686,#4687);
#4686 = CARTESIAN_POINT('',(-0.266666666667,-5.346666666667,
    -2.893333333333));
#4687 = VECTOR('',#4688,1.);
#4688 = DIRECTION('',(0.57735026919,0.57735026919,-0.57735026919));
#4689 = ORIENTED_EDGE('',*,*,#3346,.T.);
#4690 = ORIENTED_EDGE('',*,*,#4691,.T.);
#4691 = EDGE_CURVE('',#3339,#4692,#4694,.T.);
#4692 = VERTEX_POINT('',#4693);
#4693 = CARTESIAN_POINT('',(0.16,-5.24,-3.));
#4694 = LINE('',#4695,#4696);
#4695 = CARTESIAN_POINT('',(0.16,-5.24,-3.));
#4696 = VECTOR('',#4697,1.);
#4697 = DIRECTION('',(-0.57735026919,0.57735026919,-0.57735026919));
#4698 = ORIENTED_EDGE('',*,*,#4699,.F.);
#4699 = EDGE_CURVE('',#4683,#4692,#4700,.T.);
#4700 = LINE('',#4701,#4702);
#4701 = CARTESIAN_POINT('',(-0.32,-5.24,-3.));
#4702 = VECTOR('',#4703,1.);
#4703 = DIRECTION('',(1.,0.,0.));
#4704 = PLANE('',#4705);
#4705 = AXIS2_PLACEMENT_3D('',#4706,#4707,#4708);
#4706 = CARTESIAN_POINT('',(-0.32,-5.32,-2.92));
#4707 = DIRECTION('',(1.735167508357E-18,-0.707106781187,-0.707106781187
    ));
#4708 = DIRECTION('',(-1.,-1.226948711654E-18,-1.226948711654E-18));
#4709 = ADVANCED_FACE('',(#4710),#4728,.F.);
#4710 = FACE_BOUND('',#4711,.F.);
#4711 = EDGE_LOOP('',(#4712,#4713,#4714,#4722));
#4712 = ORIENTED_EDGE('',*,*,#4691,.F.);
#4713 = ORIENTED_EDGE('',*,*,#3370,.T.);
#4714 = ORIENTED_EDGE('',*,*,#4715,.T.);
#4715 = EDGE_CURVE('',#3371,#4716,#4718,.T.);
#4716 = VERTEX_POINT('',#4717);
#4717 = CARTESIAN_POINT('',(0.16,-4.92,-3.));
#4718 = LINE('',#4719,#4720);
#4719 = CARTESIAN_POINT('',(5.333333333333E-02,-5.026666666667,
    -3.106666666667));
#4720 = VECTOR('',#4721,1.);
#4721 = DIRECTION('',(-0.57735026919,-0.57735026919,-0.57735026919));
#4722 = ORIENTED_EDGE('',*,*,#4723,.F.);
#4723 = EDGE_CURVE('',#4692,#4716,#4724,.T.);
#4724 = LINE('',#4725,#4726);
#4725 = CARTESIAN_POINT('',(0.16,-5.4,-3.));
#4726 = VECTOR('',#4727,1.);
#4727 = DIRECTION('',(0.,1.,0.));
#4728 = PLANE('',#4729);
#4729 = AXIS2_PLACEMENT_3D('',#4730,#4731,#4732);
#4730 = CARTESIAN_POINT('',(0.24,-5.4,-2.92));
#4731 = DIRECTION('',(-0.707106781187,1.735167508357E-18,0.707106781187)
  );
#4732 = DIRECTION('',(1.226948711654E-18,1.,-1.226948711654E-18));
#4733 = ADVANCED_FACE('',(#4734),#4752,.F.);
#4734 = FACE_BOUND('',#4735,.T.);
#4735 = EDGE_LOOP('',(#4736,#4744,#4745,#4746));
#4736 = ORIENTED_EDGE('',*,*,#4737,.F.);
#4737 = EDGE_CURVE('',#3395,#4738,#4740,.T.);
#4738 = VERTEX_POINT('',#4739);
#4739 = CARTESIAN_POINT('',(-0.16,-4.92,-3.));
#4740 = LINE('',#4741,#4742);
#4741 = CARTESIAN_POINT('',(-0.16,-4.92,-3.));
#4742 = VECTOR('',#4743,1.);
#4743 = DIRECTION('',(0.57735026919,-0.57735026919,-0.57735026919));
#4744 = ORIENTED_EDGE('',*,*,#3394,.T.);
#4745 = ORIENTED_EDGE('',*,*,#4715,.T.);
#4746 = ORIENTED_EDGE('',*,*,#4747,.F.);
#4747 = EDGE_CURVE('',#4738,#4716,#4748,.T.);
#4748 = LINE('',#4749,#4750);
#4749 = CARTESIAN_POINT('',(-0.32,-4.92,-3.));
#4750 = VECTOR('',#4751,1.);
#4751 = DIRECTION('',(1.,0.,0.));
#4752 = PLANE('',#4753);
#4753 = AXIS2_PLACEMENT_3D('',#4754,#4755,#4756);
#4754 = CARTESIAN_POINT('',(-0.32,-4.84,-2.92));
#4755 = DIRECTION('',(-1.735167508357E-18,-0.707106781187,0.707106781187
    ));
#4756 = DIRECTION('',(-1.,1.226948711654E-18,-1.226948711654E-18));
#4757 = ADVANCED_FACE('',(#4758),#4769,.T.);
#4758 = FACE_BOUND('',#4759,.T.);
#4759 = EDGE_LOOP('',(#4760,#4761,#4762,#4763));
#4760 = ORIENTED_EDGE('',*,*,#4682,.F.);
#4761 = ORIENTED_EDGE('',*,*,#3418,.T.);
#4762 = ORIENTED_EDGE('',*,*,#4737,.T.);
#4763 = ORIENTED_EDGE('',*,*,#4764,.F.);
#4764 = EDGE_CURVE('',#4683,#4738,#4765,.T.);
#4765 = LINE('',#4766,#4767);
#4766 = CARTESIAN_POINT('',(-0.16,-5.4,-3.));
#4767 = VECTOR('',#4768,1.);
#4768 = DIRECTION('',(0.,1.,0.));
#4769 = PLANE('',#4770);
#4770 = AXIS2_PLACEMENT_3D('',#4771,#4772,#4773);
#4771 = CARTESIAN_POINT('',(-0.24,-5.4,-2.92));
#4772 = DIRECTION('',(-0.707106781187,-1.735167508357E-18,
    -0.707106781187));
#4773 = DIRECTION('',(-1.226948711654E-18,1.,-1.226948711654E-18));
#4774 = ADVANCED_FACE('',(#4775),#4800,.F.);
#4775 = FACE_BOUND('',#4776,.F.);
#4776 = EDGE_LOOP('',(#4777,#4785,#4786,#4794));
#4777 = ORIENTED_EDGE('',*,*,#4778,.F.);
#4778 = EDGE_CURVE('',#3435,#4779,#4781,.T.);
#4779 = VERTEX_POINT('',#4780);
#4780 = CARTESIAN_POINT('',(0.16,-7.78,-3.));
#4781 = LINE('',#4782,#4783);
#4782 = CARTESIAN_POINT('',(0.16,-7.78,-3.));
#4783 = VECTOR('',#4784,1.);
#4784 = DIRECTION('',(-0.57735026919,0.57735026919,-0.57735026919));
#4785 = ORIENTED_EDGE('',*,*,#3442,.T.);
#4786 = ORIENTED_EDGE('',*,*,#4787,.T.);
#4787 = EDGE_CURVE('',#3443,#4788,#4790,.T.);
#4788 = VERTEX_POINT('',#4789);
#4789 = CARTESIAN_POINT('',(0.16,-7.46,-3.));
#4790 = LINE('',#4791,#4792);
#4791 = CARTESIAN_POINT('',(5.333333333333E-02,-7.566666666667,
    -3.106666666667));
#4792 = VECTOR('',#4793,1.);
#4793 = DIRECTION('',(-0.57735026919,-0.57735026919,-0.57735026919));
#4794 = ORIENTED_EDGE('',*,*,#4795,.F.);
#4795 = EDGE_CURVE('',#4779,#4788,#4796,.T.);
#4796 = LINE('',#4797,#4798);
#4797 = CARTESIAN_POINT('',(0.16,-7.94,-3.));
#4798 = VECTOR('',#4799,1.);
#4799 = DIRECTION('',(0.,1.,0.));
#4800 = PLANE('',#4801);
#4801 = AXIS2_PLACEMENT_3D('',#4802,#4803,#4804);
#4802 = CARTESIAN_POINT('',(0.24,-7.94,-2.92));
#4803 = DIRECTION('',(-0.707106781187,1.735167508357E-18,0.707106781187)
  );
#4804 = DIRECTION('',(1.226948711654E-18,1.,-1.226948711654E-18));
#4805 = ADVANCED_FACE('',(#4806),#4824,.F.);
#4806 = FACE_BOUND('',#4807,.T.);
#4807 = EDGE_LOOP('',(#4808,#4816,#4817,#4818));
#4808 = ORIENTED_EDGE('',*,*,#4809,.F.);
#4809 = EDGE_CURVE('',#3467,#4810,#4812,.T.);
#4810 = VERTEX_POINT('',#4811);
#4811 = CARTESIAN_POINT('',(-0.16,-7.46,-3.));
#4812 = LINE('',#4813,#4814);
#4813 = CARTESIAN_POINT('',(-0.16,-7.46,-3.));
#4814 = VECTOR('',#4815,1.);
#4815 = DIRECTION('',(0.57735026919,-0.57735026919,-0.57735026919));
#4816 = ORIENTED_EDGE('',*,*,#3466,.T.);
#4817 = ORIENTED_EDGE('',*,*,#4787,.T.);
#4818 = ORIENTED_EDGE('',*,*,#4819,.F.);
#4819 = EDGE_CURVE('',#4810,#4788,#4820,.T.);
#4820 = LINE('',#4821,#4822);
#4821 = CARTESIAN_POINT('',(-0.32,-7.46,-3.));
#4822 = VECTOR('',#4823,1.);
#4823 = DIRECTION('',(1.,0.,0.));
#4824 = PLANE('',#4825);
#4825 = AXIS2_PLACEMENT_3D('',#4826,#4827,#4828);
#4826 = CARTESIAN_POINT('',(-0.32,-7.38,-2.92));
#4827 = DIRECTION('',(-1.735167508357E-18,-0.707106781187,0.707106781187
    ));
#4828 = DIRECTION('',(-1.,1.226948711654E-18,-1.226948711654E-18));
#4829 = ADVANCED_FACE('',(#4830),#4848,.T.);
#4830 = FACE_BOUND('',#4831,.T.);
#4831 = EDGE_LOOP('',(#4832,#4840,#4841,#4842));
#4832 = ORIENTED_EDGE('',*,*,#4833,.F.);
#4833 = EDGE_CURVE('',#3490,#4834,#4836,.T.);
#4834 = VERTEX_POINT('',#4835);
#4835 = CARTESIAN_POINT('',(-0.16,-7.78,-3.));
#4836 = LINE('',#4837,#4838);
#4837 = CARTESIAN_POINT('',(-0.266666666667,-7.886666666667,
    -2.893333333333));
#4838 = VECTOR('',#4839,1.);
#4839 = DIRECTION('',(0.57735026919,0.57735026919,-0.57735026919));
#4840 = ORIENTED_EDGE('',*,*,#3497,.T.);
#4841 = ORIENTED_EDGE('',*,*,#4809,.T.);
#4842 = ORIENTED_EDGE('',*,*,#4843,.F.);
#4843 = EDGE_CURVE('',#4834,#4810,#4844,.T.);
#4844 = LINE('',#4845,#4846);
#4845 = CARTESIAN_POINT('',(-0.16,-7.94,-3.));
#4846 = VECTOR('',#4847,1.);
#4847 = DIRECTION('',(0.,1.,0.));
#4848 = PLANE('',#4849);
#4849 = AXIS2_PLACEMENT_3D('',#4850,#4851,#4852);
#4850 = CARTESIAN_POINT('',(-0.24,-7.94,-2.92));
#4851 = DIRECTION('',(-0.707106781187,-1.735167508357E-18,
    -0.707106781187));
#4852 = DIRECTION('',(-1.226948711654E-18,1.,-1.226948711654E-18));
#4853 = ADVANCED_FACE('',(#4854),#4865,.T.);
#4854 = FACE_BOUND('',#4855,.F.);
#4855 = EDGE_LOOP('',(#4856,#4857,#4858,#4859));
#4856 = ORIENTED_EDGE('',*,*,#4833,.F.);
#4857 = ORIENTED_EDGE('',*,*,#3514,.T.);
#4858 = ORIENTED_EDGE('',*,*,#4778,.T.);
#4859 = ORIENTED_EDGE('',*,*,#4860,.F.);
#4860 = EDGE_CURVE('',#4834,#4779,#4861,.T.);
#4861 = LINE('',#4862,#4863);
#4862 = CARTESIAN_POINT('',(-0.32,-7.78,-3.));
#4863 = VECTOR('',#4864,1.);
#4864 = DIRECTION('',(1.,0.,0.));
#4865 = PLANE('',#4866);
#4866 = AXIS2_PLACEMENT_3D('',#4867,#4868,#4869);
#4867 = CARTESIAN_POINT('',(-0.32,-7.86,-2.92));
#4868 = DIRECTION('',(1.735167508357E-18,-0.707106781187,-0.707106781187
    ));
#4869 = DIRECTION('',(-1.,-1.226948711654E-18,-1.226948711654E-18));
#4870 = ADVANCED_FACE('',(#4871),#4896,.T.);
#4871 = FACE_BOUND('',#4872,.F.);
#4872 = EDGE_LOOP('',(#4873,#4881,#4882,#4890));
#4873 = ORIENTED_EDGE('',*,*,#4874,.F.);
#4874 = EDGE_CURVE('',#3539,#4875,#4877,.T.);
#4875 = VERTEX_POINT('',#4876);
#4876 = CARTESIAN_POINT('',(-0.16,-0.16,-3.));
#4877 = LINE('',#4878,#4879);
#4878 = CARTESIAN_POINT('',(-0.266666666667,-0.266666666667,
    -2.893333333333));
#4879 = VECTOR('',#4880,1.);
#4880 = DIRECTION('',(0.57735026919,0.57735026919,-0.57735026919));
#4881 = ORIENTED_EDGE('',*,*,#3538,.T.);
#4882 = ORIENTED_EDGE('',*,*,#4883,.T.);
#4883 = EDGE_CURVE('',#3531,#4884,#4886,.T.);
#4884 = VERTEX_POINT('',#4885);
#4885 = CARTESIAN_POINT('',(0.16,-0.16,-3.));
#4886 = LINE('',#4887,#4888);
#4887 = CARTESIAN_POINT('',(0.16,-0.16,-3.));
#4888 = VECTOR('',#4889,1.);
#4889 = DIRECTION('',(-0.57735026919,0.57735026919,-0.57735026919));
#4890 = ORIENTED_EDGE('',*,*,#4891,.F.);
#4891 = EDGE_CURVE('',#4875,#4884,#4892,.T.);
#4892 = LINE('',#4893,#4894);
#4893 = CARTESIAN_POINT('',(-0.32,-0.16,-3.));
#4894 = VECTOR('',#4895,1.);
#4895 = DIRECTION('',(1.,0.,0.));
#4896 = PLANE('',#4897);
#4897 = AXIS2_PLACEMENT_3D('',#4898,#4899,#4900);
#4898 = CARTESIAN_POINT('',(-0.32,-0.24,-2.92));
#4899 = DIRECTION('',(1.735167508357E-18,-0.707106781187,-0.707106781187
    ));
#4900 = DIRECTION('',(-1.,-1.226948711654E-18,-1.226948711654E-18));
#4901 = ADVANCED_FACE('',(#4902),#4920,.F.);
#4902 = FACE_BOUND('',#4903,.F.);
#4903 = EDGE_LOOP('',(#4904,#4905,#4906,#4914));
#4904 = ORIENTED_EDGE('',*,*,#4883,.F.);
#4905 = ORIENTED_EDGE('',*,*,#3562,.T.);
#4906 = ORIENTED_EDGE('',*,*,#4907,.T.);
#4907 = EDGE_CURVE('',#3563,#4908,#4910,.T.);
#4908 = VERTEX_POINT('',#4909);
#4909 = CARTESIAN_POINT('',(0.16,0.16,-3.));
#4910 = LINE('',#4911,#4912);
#4911 = CARTESIAN_POINT('',(5.333333333333E-02,5.333333333333E-02,
    -3.106666666667));
#4912 = VECTOR('',#4913,1.);
#4913 = DIRECTION('',(-0.57735026919,-0.57735026919,-0.57735026919));
#4914 = ORIENTED_EDGE('',*,*,#4915,.F.);
#4915 = EDGE_CURVE('',#4884,#4908,#4916,.T.);
#4916 = LINE('',#4917,#4918);
#4917 = CARTESIAN_POINT('',(0.16,-0.32,-3.));
#4918 = VECTOR('',#4919,1.);
#4919 = DIRECTION('',(0.,1.,0.));
#4920 = PLANE('',#4921);
#4921 = AXIS2_PLACEMENT_3D('',#4922,#4923,#4924);
#4922 = CARTESIAN_POINT('',(0.24,-0.32,-2.92));
#4923 = DIRECTION('',(-0.707106781187,1.735167508357E-18,0.707106781187)
  );
#4924 = DIRECTION('',(1.226948711654E-18,1.,-1.226948711654E-18));
#4925 = ADVANCED_FACE('',(#4926),#4944,.F.);
#4926 = FACE_BOUND('',#4927,.T.);
#4927 = EDGE_LOOP('',(#4928,#4936,#4937,#4938));
#4928 = ORIENTED_EDGE('',*,*,#4929,.F.);
#4929 = EDGE_CURVE('',#3587,#4930,#4932,.T.);
#4930 = VERTEX_POINT('',#4931);
#4931 = CARTESIAN_POINT('',(-0.16,0.16,-3.));
#4932 = LINE('',#4933,#4934);
#4933 = CARTESIAN_POINT('',(-0.16,0.16,-3.));
#4934 = VECTOR('',#4935,1.);
#4935 = DIRECTION('',(0.57735026919,-0.57735026919,-0.57735026919));
#4936 = ORIENTED_EDGE('',*,*,#3586,.T.);
#4937 = ORIENTED_EDGE('',*,*,#4907,.T.);
#4938 = ORIENTED_EDGE('',*,*,#4939,.F.);
#4939 = EDGE_CURVE('',#4930,#4908,#4940,.T.);
#4940 = LINE('',#4941,#4942);
#4941 = CARTESIAN_POINT('',(-0.32,0.16,-3.));
#4942 = VECTOR('',#4943,1.);
#4943 = DIRECTION('',(1.,0.,0.));
#4944 = PLANE('',#4945);
#4945 = AXIS2_PLACEMENT_3D('',#4946,#4947,#4948);
#4946 = CARTESIAN_POINT('',(-0.32,0.24,-2.92));
#4947 = DIRECTION('',(-1.735167508357E-18,-0.707106781187,0.707106781187
    ));
#4948 = DIRECTION('',(-1.,1.226948711654E-18,-1.226948711654E-18));
#4949 = ADVANCED_FACE('',(#4950),#4961,.T.);
#4950 = FACE_BOUND('',#4951,.T.);
#4951 = EDGE_LOOP('',(#4952,#4953,#4954,#4955));
#4952 = ORIENTED_EDGE('',*,*,#4874,.F.);
#4953 = ORIENTED_EDGE('',*,*,#3610,.T.);
#4954 = ORIENTED_EDGE('',*,*,#4929,.T.);
#4955 = ORIENTED_EDGE('',*,*,#4956,.F.);
#4956 = EDGE_CURVE('',#4875,#4930,#4957,.T.);
#4957 = LINE('',#4958,#4959);
#4958 = CARTESIAN_POINT('',(-0.16,-0.32,-3.));
#4959 = VECTOR('',#4960,1.);
#4960 = DIRECTION('',(0.,1.,0.));
#4961 = PLANE('',#4962);
#4962 = AXIS2_PLACEMENT_3D('',#4963,#4964,#4965);
#4963 = CARTESIAN_POINT('',(-0.24,-0.32,-2.92));
#4964 = DIRECTION('',(-0.707106781187,-1.735167508357E-18,
    -0.707106781187));
#4965 = DIRECTION('',(-1.226948711654E-18,1.,-1.226948711654E-18));
#4966 = ADVANCED_FACE('',(#4967),#4992,.T.);
#4967 = FACE_BOUND('',#4968,.F.);
#4968 = EDGE_LOOP('',(#4969,#4977,#4978,#4986));
#4969 = ORIENTED_EDGE('',*,*,#4970,.F.);
#4970 = EDGE_CURVE('',#3636,#4971,#4973,.T.);
#4971 = VERTEX_POINT('',#4972);
#4972 = CARTESIAN_POINT('',(-0.16,-12.54,8.54));
#4973 = LINE('',#4974,#4975);
#4974 = CARTESIAN_POINT('',(-0.16,-12.54,8.54));
#4975 = VECTOR('',#4976,1.);
#4976 = DIRECTION('',(0.57735026919,-0.57735026919,0.57735026919));
#4977 = ORIENTED_EDGE('',*,*,#3643,.T.);
#4978 = ORIENTED_EDGE('',*,*,#4979,.T.);
#4979 = EDGE_CURVE('',#3627,#4980,#4982,.T.);
#4980 = VERTEX_POINT('',#4981);
#4981 = CARTESIAN_POINT('',(0.16,-12.54,8.54));
#4982 = LINE('',#4983,#4984);
#4983 = CARTESIAN_POINT('',(5.333333333333E-02,-12.64666666666,
    8.646666666667));
#4984 = VECTOR('',#4985,1.);
#4985 = DIRECTION('',(-0.57735026919,-0.57735026919,0.57735026919));
#4986 = ORIENTED_EDGE('',*,*,#4987,.F.);
#4987 = EDGE_CURVE('',#4971,#4980,#4988,.T.);
#4988 = LINE('',#4989,#4990);
#4989 = CARTESIAN_POINT('',(-0.32,-12.54,8.54));
#4990 = VECTOR('',#4991,1.);
#4991 = DIRECTION('',(1.,0.,0.));
#4992 = PLANE('',#4993);
#4993 = AXIS2_PLACEMENT_3D('',#4994,#4995,#4996);
#4994 = CARTESIAN_POINT('',(-0.32,-12.46,8.46));
#4995 = DIRECTION('',(1.735167508357E-18,0.707106781187,0.707106781187)
  );
#4996 = DIRECTION('',(-1.,1.226948711654E-18,1.226948711654E-18));
#4997 = ADVANCED_FACE('',(#4998),#5016,.F.);
#4998 = FACE_BOUND('',#4999,.F.);
#4999 = EDGE_LOOP('',(#5000,#5008,#5009,#5010));
#5000 = ORIENTED_EDGE('',*,*,#5001,.F.);
#5001 = EDGE_CURVE('',#3658,#5002,#5004,.T.);
#5002 = VERTEX_POINT('',#5003);
#5003 = CARTESIAN_POINT('',(-0.16,-12.86,8.54));
#5004 = LINE('',#5005,#5006);
#5005 = CARTESIAN_POINT('',(-0.266666666667,-12.96666666666,
    8.433333333333));
#5006 = VECTOR('',#5007,1.);
#5007 = DIRECTION('',(0.57735026919,0.57735026919,0.57735026919));
#5008 = ORIENTED_EDGE('',*,*,#3667,.T.);
#5009 = ORIENTED_EDGE('',*,*,#4970,.T.);
#5010 = ORIENTED_EDGE('',*,*,#5011,.F.);
#5011 = EDGE_CURVE('',#5002,#4971,#5012,.T.);
#5012 = LINE('',#5013,#5014);
#5013 = CARTESIAN_POINT('',(-0.16,-13.02,8.54));
#5014 = VECTOR('',#5015,1.);
#5015 = DIRECTION('',(0.,1.,0.));
#5016 = PLANE('',#5017);
#5017 = AXIS2_PLACEMENT_3D('',#5018,#5019,#5020);
#5018 = CARTESIAN_POINT('',(-0.24,-13.02,8.46));
#5019 = DIRECTION('',(0.707106781187,1.735167508357E-18,-0.707106781187)
  );
#5020 = DIRECTION('',(-1.226948711654E-18,1.,1.226948711654E-18));
#5021 = ADVANCED_FACE('',(#5022),#5040,.F.);
#5022 = FACE_BOUND('',#5023,.T.);
#5023 = EDGE_LOOP('',(#5024,#5025,#5026,#5034));
#5024 = ORIENTED_EDGE('',*,*,#5001,.F.);
#5025 = ORIENTED_EDGE('',*,*,#3691,.T.);
#5026 = ORIENTED_EDGE('',*,*,#5027,.T.);
#5027 = EDGE_CURVE('',#3682,#5028,#5030,.T.);
#5028 = VERTEX_POINT('',#5029);
#5029 = CARTESIAN_POINT('',(0.16,-12.86,8.54));
#5030 = LINE('',#5031,#5032);
#5031 = CARTESIAN_POINT('',(0.16,-12.86,8.54));
#5032 = VECTOR('',#5033,1.);
#5033 = DIRECTION('',(-0.57735026919,0.57735026919,0.57735026919));
#5034 = ORIENTED_EDGE('',*,*,#5035,.F.);
#5035 = EDGE_CURVE('',#5002,#5028,#5036,.T.);
#5036 = LINE('',#5037,#5038);
#5037 = CARTESIAN_POINT('',(-0.32,-12.86,8.54));
#5038 = VECTOR('',#5039,1.);
#5039 = DIRECTION('',(1.,0.,0.));
#5040 = PLANE('',#5041);
#5041 = AXIS2_PLACEMENT_3D('',#5042,#5043,#5044);
#5042 = CARTESIAN_POINT('',(-0.32,-12.94,8.46));
#5043 = DIRECTION('',(-1.735167508357E-18,0.707106781187,-0.707106781187
    ));
#5044 = DIRECTION('',(-1.,-1.226948711654E-18,1.226948711654E-18));
#5045 = ADVANCED_FACE('',(#5046),#5057,.T.);
#5046 = FACE_BOUND('',#5047,.T.);
#5047 = EDGE_LOOP('',(#5048,#5049,#5050,#5051));
#5048 = ORIENTED_EDGE('',*,*,#5027,.F.);
#5049 = ORIENTED_EDGE('',*,*,#3708,.T.);
#5050 = ORIENTED_EDGE('',*,*,#4979,.T.);
#5051 = ORIENTED_EDGE('',*,*,#5052,.F.);
#5052 = EDGE_CURVE('',#5028,#4980,#5053,.T.);
#5053 = LINE('',#5054,#5055);
#5054 = CARTESIAN_POINT('',(0.16,-13.02,8.54));
#5055 = VECTOR('',#5056,1.);
#5056 = DIRECTION('',(0.,1.,0.));
#5057 = PLANE('',#5058);
#5058 = AXIS2_PLACEMENT_3D('',#5059,#5060,#5061);
#5059 = CARTESIAN_POINT('',(0.24,-13.02,8.46));
#5060 = DIRECTION('',(0.707106781187,-1.735167508357E-18,0.707106781187)
  );
#5061 = DIRECTION('',(1.226948711654E-18,1.,1.226948711654E-18));
#5062 = ADVANCED_FACE('',(#5063),#5088,.T.);
#5063 = FACE_BOUND('',#5064,.T.);
#5064 = EDGE_LOOP('',(#5065,#5073,#5074,#5082));
#5065 = ORIENTED_EDGE('',*,*,#5066,.F.);
#5066 = EDGE_CURVE('',#3723,#5067,#5069,.T.);
#5067 = VERTEX_POINT('',#5068);
#5068 = CARTESIAN_POINT('',(0.16,-15.4,8.54));
#5069 = LINE('',#5070,#5071);
#5070 = CARTESIAN_POINT('',(0.16,-15.4,8.54));
#5071 = VECTOR('',#5072,1.);
#5072 = DIRECTION('',(-0.57735026919,0.57735026919,0.57735026919));
#5073 = ORIENTED_EDGE('',*,*,#3739,.T.);
#5074 = ORIENTED_EDGE('',*,*,#5075,.T.);
#5075 = EDGE_CURVE('',#3732,#5076,#5078,.T.);
#5076 = VERTEX_POINT('',#5077);
#5077 = CARTESIAN_POINT('',(0.16,-15.08,8.54));
#5078 = LINE('',#5079,#5080);
#5079 = CARTESIAN_POINT('',(5.333333333333E-02,-15.18666666666,
    8.646666666667));
#5080 = VECTOR('',#5081,1.);
#5081 = DIRECTION('',(-0.57735026919,-0.57735026919,0.57735026919));
#5082 = ORIENTED_EDGE('',*,*,#5083,.F.);
#5083 = EDGE_CURVE('',#5067,#5076,#5084,.T.);
#5084 = LINE('',#5085,#5086);
#5085 = CARTESIAN_POINT('',(0.16,-15.56,8.54));
#5086 = VECTOR('',#5087,1.);
#5087 = DIRECTION('',(0.,1.,0.));
#5088 = PLANE('',#5089);
#5089 = AXIS2_PLACEMENT_3D('',#5090,#5091,#5092);
#5090 = CARTESIAN_POINT('',(0.24,-15.56,8.46));
#5091 = DIRECTION('',(0.707106781187,-1.735167508357E-18,0.707106781187)
  );
#5092 = DIRECTION('',(1.226948711654E-18,1.,1.226948711654E-18));
#5093 = ADVANCED_FACE('',(#5094),#5112,.T.);
#5094 = FACE_BOUND('',#5095,.F.);
#5095 = EDGE_LOOP('',(#5096,#5104,#5105,#5106));
#5096 = ORIENTED_EDGE('',*,*,#5097,.F.);
#5097 = EDGE_CURVE('',#3756,#5098,#5100,.T.);
#5098 = VERTEX_POINT('',#5099);
#5099 = CARTESIAN_POINT('',(-0.16,-15.08,8.54));
#5100 = LINE('',#5101,#5102);
#5101 = CARTESIAN_POINT('',(-0.16,-15.08,8.54));
#5102 = VECTOR('',#5103,1.);
#5103 = DIRECTION('',(0.57735026919,-0.57735026919,0.57735026919));
#5104 = ORIENTED_EDGE('',*,*,#3763,.T.);
#5105 = ORIENTED_EDGE('',*,*,#5075,.T.);
#5106 = ORIENTED_EDGE('',*,*,#5107,.F.);
#5107 = EDGE_CURVE('',#5098,#5076,#5108,.T.);
#5108 = LINE('',#5109,#5110);
#5109 = CARTESIAN_POINT('',(-0.32,-15.08,8.54));
#5110 = VECTOR('',#5111,1.);
#5111 = DIRECTION('',(1.,0.,0.));
#5112 = PLANE('',#5113);
#5113 = AXIS2_PLACEMENT_3D('',#5114,#5115,#5116);
#5114 = CARTESIAN_POINT('',(-0.32,-15.,8.46));
#5115 = DIRECTION('',(1.735167508357E-18,0.707106781187,0.707106781187)
  );
#5116 = DIRECTION('',(-1.,1.226948711654E-18,1.226948711654E-18));
#5117 = ADVANCED_FACE('',(#5118),#5136,.F.);
#5118 = FACE_BOUND('',#5119,.F.);
#5119 = EDGE_LOOP('',(#5120,#5128,#5129,#5130));
#5120 = ORIENTED_EDGE('',*,*,#5121,.F.);
#5121 = EDGE_CURVE('',#3778,#5122,#5124,.T.);
#5122 = VERTEX_POINT('',#5123);
#5123 = CARTESIAN_POINT('',(-0.16,-15.4,8.54));
#5124 = LINE('',#5125,#5126);
#5125 = CARTESIAN_POINT('',(-0.266666666667,-15.50666666666,
    8.433333333333));
#5126 = VECTOR('',#5127,1.);
#5127 = DIRECTION('',(0.57735026919,0.57735026919,0.57735026919));
#5128 = ORIENTED_EDGE('',*,*,#3787,.T.);
#5129 = ORIENTED_EDGE('',*,*,#5097,.T.);
#5130 = ORIENTED_EDGE('',*,*,#5131,.F.);
#5131 = EDGE_CURVE('',#5122,#5098,#5132,.T.);
#5132 = LINE('',#5133,#5134);
#5133 = CARTESIAN_POINT('',(-0.16,-15.56,8.54));
#5134 = VECTOR('',#5135,1.);
#5135 = DIRECTION('',(0.,1.,0.));
#5136 = PLANE('',#5137);
#5137 = AXIS2_PLACEMENT_3D('',#5138,#5139,#5140);
#5138 = CARTESIAN_POINT('',(-0.24,-15.56,8.46));
#5139 = DIRECTION('',(0.707106781187,1.735167508357E-18,-0.707106781187)
  );
#5140 = DIRECTION('',(-1.226948711654E-18,1.,1.226948711654E-18));
#5141 = ADVANCED_FACE('',(#5142),#5153,.F.);
#5142 = FACE_BOUND('',#5143,.T.);
#5143 = EDGE_LOOP('',(#5144,#5145,#5146,#5147));
#5144 = ORIENTED_EDGE('',*,*,#5121,.F.);
#5145 = ORIENTED_EDGE('',*,*,#3804,.T.);
#5146 = ORIENTED_EDGE('',*,*,#5066,.T.);
#5147 = ORIENTED_EDGE('',*,*,#5148,.F.);
#5148 = EDGE_CURVE('',#5122,#5067,#5149,.T.);
#5149 = LINE('',#5150,#5151);
#5150 = CARTESIAN_POINT('',(-0.32,-15.4,8.54));
#5151 = VECTOR('',#5152,1.);
#5152 = DIRECTION('',(1.,0.,0.));
#5153 = PLANE('',#5154);
#5154 = AXIS2_PLACEMENT_3D('',#5155,#5156,#5157);
#5155 = CARTESIAN_POINT('',(-0.32,-15.48,8.46));
#5156 = DIRECTION('',(-1.735167508357E-18,0.707106781187,-0.707106781187
    ));
#5157 = DIRECTION('',(-1.,-1.226948711654E-18,1.226948711654E-18));
#5158 = ADVANCED_FACE('',(#5159),#5184,.T.);
#5159 = FACE_BOUND('',#5160,.F.);
#5160 = EDGE_LOOP('',(#5161,#5169,#5170,#5178));
#5161 = ORIENTED_EDGE('',*,*,#5162,.F.);
#5162 = EDGE_CURVE('',#3828,#5163,#5165,.T.);
#5163 = VERTEX_POINT('',#5164);
#5164 = CARTESIAN_POINT('',(-0.16,-10.,8.54));
#5165 = LINE('',#5166,#5167);
#5166 = CARTESIAN_POINT('',(-0.16,-10.,8.54));
#5167 = VECTOR('',#5168,1.);
#5168 = DIRECTION('',(0.57735026919,-0.57735026919,0.57735026919));
#5169 = ORIENTED_EDGE('',*,*,#3835,.T.);
#5170 = ORIENTED_EDGE('',*,*,#5171,.T.);
#5171 = EDGE_CURVE('',#3819,#5172,#5174,.T.);
#5172 = VERTEX_POINT('',#5173);
#5173 = CARTESIAN_POINT('',(0.16,-10.,8.54));
#5174 = LINE('',#5175,#5176);
#5175 = CARTESIAN_POINT('',(5.333333333333E-02,-10.10666666666,
    8.646666666667));
#5176 = VECTOR('',#5177,1.);
#5177 = DIRECTION('',(-0.57735026919,-0.57735026919,0.57735026919));
#5178 = ORIENTED_EDGE('',*,*,#5179,.F.);
#5179 = EDGE_CURVE('',#5163,#5172,#5180,.T.);
#5180 = LINE('',#5181,#5182);
#5181 = CARTESIAN_POINT('',(-0.32,-10.,8.54));
#5182 = VECTOR('',#5183,1.);
#5183 = DIRECTION('',(1.,0.,0.));
#5184 = PLANE('',#5185);
#5185 = AXIS2_PLACEMENT_3D('',#5186,#5187,#5188);
#5186 = CARTESIAN_POINT('',(-0.32,-9.92,8.46));
#5187 = DIRECTION('',(1.735167508357E-18,0.707106781187,0.707106781187)
  );
#5188 = DIRECTION('',(-1.,1.226948711654E-18,1.226948711654E-18));
#5189 = ADVANCED_FACE('',(#5190),#5208,.F.);
#5190 = FACE_BOUND('',#5191,.F.);
#5191 = EDGE_LOOP('',(#5192,#5200,#5201,#5202));
#5192 = ORIENTED_EDGE('',*,*,#5193,.F.);
#5193 = EDGE_CURVE('',#3850,#5194,#5196,.T.);
#5194 = VERTEX_POINT('',#5195);
#5195 = CARTESIAN_POINT('',(-0.16,-10.32,8.54));
#5196 = LINE('',#5197,#5198);
#5197 = CARTESIAN_POINT('',(-0.266666666667,-10.42666666666,
    8.433333333333));
#5198 = VECTOR('',#5199,1.);
#5199 = DIRECTION('',(0.57735026919,0.57735026919,0.57735026919));
#5200 = ORIENTED_EDGE('',*,*,#3859,.T.);
#5201 = ORIENTED_EDGE('',*,*,#5162,.T.);
#5202 = ORIENTED_EDGE('',*,*,#5203,.F.);
#5203 = EDGE_CURVE('',#5194,#5163,#5204,.T.);
#5204 = LINE('',#5205,#5206);
#5205 = CARTESIAN_POINT('',(-0.16,-10.48,8.54));
#5206 = VECTOR('',#5207,1.);
#5207 = DIRECTION('',(0.,1.,0.));
#5208 = PLANE('',#5209);
#5209 = AXIS2_PLACEMENT_3D('',#5210,#5211,#5212);
#5210 = CARTESIAN_POINT('',(-0.24,-10.48,8.46));
#5211 = DIRECTION('',(0.707106781187,1.735167508357E-18,-0.707106781187)
  );
#5212 = DIRECTION('',(-1.226948711654E-18,1.,1.226948711654E-18));
#5213 = ADVANCED_FACE('',(#5214),#5232,.F.);
#5214 = FACE_BOUND('',#5215,.T.);
#5215 = EDGE_LOOP('',(#5216,#5217,#5218,#5226));
#5216 = ORIENTED_EDGE('',*,*,#5193,.F.);
#5217 = ORIENTED_EDGE('',*,*,#3883,.T.);
#5218 = ORIENTED_EDGE('',*,*,#5219,.T.);
#5219 = EDGE_CURVE('',#3874,#5220,#5222,.T.);
#5220 = VERTEX_POINT('',#5221);
#5221 = CARTESIAN_POINT('',(0.16,-10.32,8.54));
#5222 = LINE('',#5223,#5224);
#5223 = CARTESIAN_POINT('',(0.16,-10.32,8.54));
#5224 = VECTOR('',#5225,1.);
#5225 = DIRECTION('',(-0.57735026919,0.57735026919,0.57735026919));
#5226 = ORIENTED_EDGE('',*,*,#5227,.F.);
#5227 = EDGE_CURVE('',#5194,#5220,#5228,.T.);
#5228 = LINE('',#5229,#5230);
#5229 = CARTESIAN_POINT('',(-0.32,-10.32,8.54));
#5230 = VECTOR('',#5231,1.);
#5231 = DIRECTION('',(1.,0.,0.));
#5232 = PLANE('',#5233);
#5233 = AXIS2_PLACEMENT_3D('',#5234,#5235,#5236);
#5234 = CARTESIAN_POINT('',(-0.32,-10.4,8.46));
#5235 = DIRECTION('',(-1.735167508357E-18,0.707106781187,-0.707106781187
    ));
#5236 = DIRECTION('',(-1.,-1.226948711654E-18,1.226948711654E-18));
#5237 = ADVANCED_FACE('',(#5238),#5249,.T.);
#5238 = FACE_BOUND('',#5239,.T.);
#5239 = EDGE_LOOP('',(#5240,#5241,#5242,#5243));
#5240 = ORIENTED_EDGE('',*,*,#5219,.F.);
#5241 = ORIENTED_EDGE('',*,*,#3900,.T.);
#5242 = ORIENTED_EDGE('',*,*,#5171,.T.);
#5243 = ORIENTED_EDGE('',*,*,#5244,.F.);
#5244 = EDGE_CURVE('',#5220,#5172,#5245,.T.);
#5245 = LINE('',#5246,#5247);
#5246 = CARTESIAN_POINT('',(0.16,-10.48,8.54));
#5247 = VECTOR('',#5248,1.);
#5248 = DIRECTION('',(0.,1.,0.));
#5249 = PLANE('',#5250);
#5250 = AXIS2_PLACEMENT_3D('',#5251,#5252,#5253);
#5251 = CARTESIAN_POINT('',(0.24,-10.48,8.46));
#5252 = DIRECTION('',(0.707106781187,-1.735167508357E-18,0.707106781187)
  );
#5253 = DIRECTION('',(1.226948711654E-18,1.,1.226948711654E-18));
#5254 = ADVANCED_FACE('',(#5255),#5280,.T.);
#5255 = FACE_BOUND('',#5256,.T.);
#5256 = EDGE_LOOP('',(#5257,#5265,#5266,#5274));
#5257 = ORIENTED_EDGE('',*,*,#5258,.F.);
#5258 = EDGE_CURVE('',#3915,#5259,#5261,.T.);
#5259 = VERTEX_POINT('',#5260);
#5260 = CARTESIAN_POINT('',(0.16,-2.7,8.54));
#5261 = LINE('',#5262,#5263);
#5262 = CARTESIAN_POINT('',(0.16,-2.7,8.54));
#5263 = VECTOR('',#5264,1.);
#5264 = DIRECTION('',(-0.57735026919,0.57735026919,0.57735026919));
#5265 = ORIENTED_EDGE('',*,*,#3931,.T.);
#5266 = ORIENTED_EDGE('',*,*,#5267,.T.);
#5267 = EDGE_CURVE('',#3924,#5268,#5270,.T.);
#5268 = VERTEX_POINT('',#5269);
#5269 = CARTESIAN_POINT('',(0.16,-2.38,8.54));
#5270 = LINE('',#5271,#5272);
#5271 = CARTESIAN_POINT('',(5.333333333333E-02,-2.486666666667,
    8.646666666667));
#5272 = VECTOR('',#5273,1.);
#5273 = DIRECTION('',(-0.57735026919,-0.57735026919,0.57735026919));
#5274 = ORIENTED_EDGE('',*,*,#5275,.F.);
#5275 = EDGE_CURVE('',#5259,#5268,#5276,.T.);
#5276 = LINE('',#5277,#5278);
#5277 = CARTESIAN_POINT('',(0.16,-2.86,8.54));
#5278 = VECTOR('',#5279,1.);
#5279 = DIRECTION('',(0.,1.,0.));
#5280 = PLANE('',#5281);
#5281 = AXIS2_PLACEMENT_3D('',#5282,#5283,#5284);
#5282 = CARTESIAN_POINT('',(0.24,-2.86,8.46));
#5283 = DIRECTION('',(0.707106781187,-1.735167508357E-18,0.707106781187)
  );
#5284 = DIRECTION('',(1.226948711654E-18,1.,1.226948711654E-18));
#5285 = ADVANCED_FACE('',(#5286),#5304,.T.);
#5286 = FACE_BOUND('',#5287,.F.);
#5287 = EDGE_LOOP('',(#5288,#5296,#5297,#5298));
#5288 = ORIENTED_EDGE('',*,*,#5289,.F.);
#5289 = EDGE_CURVE('',#3948,#5290,#5292,.T.);
#5290 = VERTEX_POINT('',#5291);
#5291 = CARTESIAN_POINT('',(-0.16,-2.38,8.54));
#5292 = LINE('',#5293,#5294);
#5293 = CARTESIAN_POINT('',(-0.16,-2.38,8.54));
#5294 = VECTOR('',#5295,1.);
#5295 = DIRECTION('',(0.57735026919,-0.57735026919,0.57735026919));
#5296 = ORIENTED_EDGE('',*,*,#3955,.T.);
#5297 = ORIENTED_EDGE('',*,*,#5267,.T.);
#5298 = ORIENTED_EDGE('',*,*,#5299,.F.);
#5299 = EDGE_CURVE('',#5290,#5268,#5300,.T.);
#5300 = LINE('',#5301,#5302);
#5301 = CARTESIAN_POINT('',(-0.32,-2.38,8.54));
#5302 = VECTOR('',#5303,1.);
#5303 = DIRECTION('',(1.,0.,0.));
#5304 = PLANE('',#5305);
#5305 = AXIS2_PLACEMENT_3D('',#5306,#5307,#5308);
#5306 = CARTESIAN_POINT('',(-0.32,-2.3,8.46));
#5307 = DIRECTION('',(1.735167508357E-18,0.707106781187,0.707106781187)
  );
#5308 = DIRECTION('',(-1.,1.226948711654E-18,1.226948711654E-18));
#5309 = ADVANCED_FACE('',(#5310),#5328,.F.);
#5310 = FACE_BOUND('',#5311,.F.);
#5311 = EDGE_LOOP('',(#5312,#5320,#5321,#5322));
#5312 = ORIENTED_EDGE('',*,*,#5313,.F.);
#5313 = EDGE_CURVE('',#3970,#5314,#5316,.T.);
#5314 = VERTEX_POINT('',#5315);
#5315 = CARTESIAN_POINT('',(-0.16,-2.7,8.54));
#5316 = LINE('',#5317,#5318);
#5317 = CARTESIAN_POINT('',(-0.266666666667,-2.806666666667,
    8.433333333333));
#5318 = VECTOR('',#5319,1.);
#5319 = DIRECTION('',(0.57735026919,0.57735026919,0.57735026919));
#5320 = ORIENTED_EDGE('',*,*,#3979,.T.);
#5321 = ORIENTED_EDGE('',*,*,#5289,.T.);
#5322 = ORIENTED_EDGE('',*,*,#5323,.F.);
#5323 = EDGE_CURVE('',#5314,#5290,#5324,.T.);
#5324 = LINE('',#5325,#5326);
#5325 = CARTESIAN_POINT('',(-0.16,-2.86,8.54));
#5326 = VECTOR('',#5327,1.);
#5327 = DIRECTION('',(0.,1.,0.));
#5328 = PLANE('',#5329);
#5329 = AXIS2_PLACEMENT_3D('',#5330,#5331,#5332);
#5330 = CARTESIAN_POINT('',(-0.24,-2.86,8.46));
#5331 = DIRECTION('',(0.707106781187,1.735167508357E-18,-0.707106781187)
  );
#5332 = DIRECTION('',(-1.226948711654E-18,1.,1.226948711654E-18));
#5333 = ADVANCED_FACE('',(#5334),#5345,.F.);
#5334 = FACE_BOUND('',#5335,.T.);
#5335 = EDGE_LOOP('',(#5336,#5337,#5338,#5339));
#5336 = ORIENTED_EDGE('',*,*,#5313,.F.);
#5337 = ORIENTED_EDGE('',*,*,#3996,.T.);
#5338 = ORIENTED_EDGE('',*,*,#5258,.T.);
#5339 = ORIENTED_EDGE('',*,*,#5340,.F.);
#5340 = EDGE_CURVE('',#5314,#5259,#5341,.T.);
#5341 = LINE('',#5342,#5343);
#5342 = CARTESIAN_POINT('',(-0.32,-2.7,8.54));
#5343 = VECTOR('',#5344,1.);
#5344 = DIRECTION('',(1.,0.,0.));
#5345 = PLANE('',#5346);
#5346 = AXIS2_PLACEMENT_3D('',#5347,#5348,#5349);
#5347 = CARTESIAN_POINT('',(-0.32,-2.78,8.46));
#5348 = DIRECTION('',(-1.735167508357E-18,0.707106781187,-0.707106781187
    ));
#5349 = DIRECTION('',(-1.,-1.226948711654E-18,1.226948711654E-18));
#5350 = ADVANCED_FACE('',(#5351),#5376,.F.);
#5351 = FACE_BOUND('',#5352,.T.);
#5352 = EDGE_LOOP('',(#5353,#5361,#5362,#5370));
#5353 = ORIENTED_EDGE('',*,*,#5354,.F.);
#5354 = EDGE_CURVE('',#4020,#5355,#5357,.T.);
#5355 = VERTEX_POINT('',#5356);
#5356 = CARTESIAN_POINT('',(-0.16,-5.24,8.54));
#5357 = LINE('',#5358,#5359);
#5358 = CARTESIAN_POINT('',(-0.266666666667,-5.346666666667,
    8.433333333333));
#5359 = VECTOR('',#5360,1.);
#5360 = DIRECTION('',(0.57735026919,0.57735026919,0.57735026919));
#5361 = ORIENTED_EDGE('',*,*,#4027,.T.);
#5362 = ORIENTED_EDGE('',*,*,#5363,.T.);
#5363 = EDGE_CURVE('',#4011,#5364,#5366,.T.);
#5364 = VERTEX_POINT('',#5365);
#5365 = CARTESIAN_POINT('',(0.16,-5.24,8.54));
#5366 = LINE('',#5367,#5368);
#5367 = CARTESIAN_POINT('',(0.16,-5.24,8.54));
#5368 = VECTOR('',#5369,1.);
#5369 = DIRECTION('',(-0.57735026919,0.57735026919,0.57735026919));
#5370 = ORIENTED_EDGE('',*,*,#5371,.F.);
#5371 = EDGE_CURVE('',#5355,#5364,#5372,.T.);
#5372 = LINE('',#5373,#5374);
#5373 = CARTESIAN_POINT('',(-0.32,-5.24,8.54));
#5374 = VECTOR('',#5375,1.);
#5375 = DIRECTION('',(1.,0.,0.));
#5376 = PLANE('',#5377);
#5377 = AXIS2_PLACEMENT_3D('',#5378,#5379,#5380);
#5378 = CARTESIAN_POINT('',(-0.32,-5.32,8.46));
#5379 = DIRECTION('',(-1.735167508357E-18,0.707106781187,-0.707106781187
    ));
#5380 = DIRECTION('',(-1.,-1.226948711654E-18,1.226948711654E-18));
#5381 = ADVANCED_FACE('',(#5382),#5400,.T.);
#5382 = FACE_BOUND('',#5383,.T.);
#5383 = EDGE_LOOP('',(#5384,#5385,#5386,#5394));
#5384 = ORIENTED_EDGE('',*,*,#5363,.F.);
#5385 = ORIENTED_EDGE('',*,*,#4051,.T.);
#5386 = ORIENTED_EDGE('',*,*,#5387,.T.);
#5387 = EDGE_CURVE('',#4044,#5388,#5390,.T.);
#5388 = VERTEX_POINT('',#5389);
#5389 = CARTESIAN_POINT('',(0.16,-4.92,8.54));
#5390 = LINE('',#5391,#5392);
#5391 = CARTESIAN_POINT('',(5.333333333333E-02,-5.026666666667,
    8.646666666667));
#5392 = VECTOR('',#5393,1.);
#5393 = DIRECTION('',(-0.57735026919,-0.57735026919,0.57735026919));
#5394 = ORIENTED_EDGE('',*,*,#5395,.F.);
#5395 = EDGE_CURVE('',#5364,#5388,#5396,.T.);
#5396 = LINE('',#5397,#5398);
#5397 = CARTESIAN_POINT('',(0.16,-5.4,8.54));
#5398 = VECTOR('',#5399,1.);
#5399 = DIRECTION('',(0.,1.,0.));
#5400 = PLANE('',#5401);
#5401 = AXIS2_PLACEMENT_3D('',#5402,#5403,#5404);
#5402 = CARTESIAN_POINT('',(0.24,-5.4,8.46));
#5403 = DIRECTION('',(0.707106781187,-1.735167508357E-18,0.707106781187)
  );
#5404 = DIRECTION('',(1.226948711654E-18,1.,1.226948711654E-18));
#5405 = ADVANCED_FACE('',(#5406),#5424,.T.);
#5406 = FACE_BOUND('',#5407,.F.);
#5407 = EDGE_LOOP('',(#5408,#5416,#5417,#5418));
#5408 = ORIENTED_EDGE('',*,*,#5409,.F.);
#5409 = EDGE_CURVE('',#4068,#5410,#5412,.T.);
#5410 = VERTEX_POINT('',#5411);
#5411 = CARTESIAN_POINT('',(-0.16,-4.92,8.54));
#5412 = LINE('',#5413,#5414);
#5413 = CARTESIAN_POINT('',(-0.16,-4.92,8.54));
#5414 = VECTOR('',#5415,1.);
#5415 = DIRECTION('',(0.57735026919,-0.57735026919,0.57735026919));
#5416 = ORIENTED_EDGE('',*,*,#4075,.T.);
#5417 = ORIENTED_EDGE('',*,*,#5387,.T.);
#5418 = ORIENTED_EDGE('',*,*,#5419,.F.);
#5419 = EDGE_CURVE('',#5410,#5388,#5420,.T.);
#5420 = LINE('',#5421,#5422);
#5421 = CARTESIAN_POINT('',(-0.32,-4.92,8.54));
#5422 = VECTOR('',#5423,1.);
#5423 = DIRECTION('',(1.,0.,0.));
#5424 = PLANE('',#5425);
#5425 = AXIS2_PLACEMENT_3D('',#5426,#5427,#5428);
#5426 = CARTESIAN_POINT('',(-0.32,-4.84,8.46));
#5427 = DIRECTION('',(1.735167508357E-18,0.707106781187,0.707106781187)
  );
#5428 = DIRECTION('',(-1.,1.226948711654E-18,1.226948711654E-18));
#5429 = ADVANCED_FACE('',(#5430),#5441,.F.);
#5430 = FACE_BOUND('',#5431,.F.);
#5431 = EDGE_LOOP('',(#5432,#5433,#5434,#5435));
#5432 = ORIENTED_EDGE('',*,*,#5354,.F.);
#5433 = ORIENTED_EDGE('',*,*,#4092,.T.);
#5434 = ORIENTED_EDGE('',*,*,#5409,.T.);
#5435 = ORIENTED_EDGE('',*,*,#5436,.F.);
#5436 = EDGE_CURVE('',#5355,#5410,#5437,.T.);
#5437 = LINE('',#5438,#5439);
#5438 = CARTESIAN_POINT('',(-0.16,-5.4,8.54));
#5439 = VECTOR('',#5440,1.);
#5440 = DIRECTION('',(0.,1.,0.));
#5441 = PLANE('',#5442);
#5442 = AXIS2_PLACEMENT_3D('',#5443,#5444,#5445);
#5443 = CARTESIAN_POINT('',(-0.24,-5.4,8.46));
#5444 = DIRECTION('',(0.707106781187,1.735167508357E-18,-0.707106781187)
  );
#5445 = DIRECTION('',(-1.226948711654E-18,1.,1.226948711654E-18));
#5446 = ADVANCED_FACE('',(#5447),#5472,.T.);
#5447 = FACE_BOUND('',#5448,.T.);
#5448 = EDGE_LOOP('',(#5449,#5457,#5458,#5466));
#5449 = ORIENTED_EDGE('',*,*,#5450,.F.);
#5450 = EDGE_CURVE('',#4107,#5451,#5453,.T.);
#5451 = VERTEX_POINT('',#5452);
#5452 = CARTESIAN_POINT('',(0.16,-7.78,8.54));
#5453 = LINE('',#5454,#5455);
#5454 = CARTESIAN_POINT('',(0.16,-7.78,8.54));
#5455 = VECTOR('',#5456,1.);
#5456 = DIRECTION('',(-0.57735026919,0.57735026919,0.57735026919));
#5457 = ORIENTED_EDGE('',*,*,#4123,.T.);
#5458 = ORIENTED_EDGE('',*,*,#5459,.T.);
#5459 = EDGE_CURVE('',#4116,#5460,#5462,.T.);
#5460 = VERTEX_POINT('',#5461);
#5461 = CARTESIAN_POINT('',(0.16,-7.46,8.54));
#5462 = LINE('',#5463,#5464);
#5463 = CARTESIAN_POINT('',(5.333333333333E-02,-7.566666666667,
    8.646666666667));
#5464 = VECTOR('',#5465,1.);
#5465 = DIRECTION('',(-0.57735026919,-0.57735026919,0.57735026919));
#5466 = ORIENTED_EDGE('',*,*,#5467,.F.);
#5467 = EDGE_CURVE('',#5451,#5460,#5468,.T.);
#5468 = LINE('',#5469,#5470);
#5469 = CARTESIAN_POINT('',(0.16,-7.94,8.54));
#5470 = VECTOR('',#5471,1.);
#5471 = DIRECTION('',(0.,1.,0.));
#5472 = PLANE('',#5473);
#5473 = AXIS2_PLACEMENT_3D('',#5474,#5475,#5476);
#5474 = CARTESIAN_POINT('',(0.24,-7.94,8.46));
#5475 = DIRECTION('',(0.707106781187,-1.735167508357E-18,0.707106781187)
  );
#5476 = DIRECTION('',(1.226948711654E-18,1.,1.226948711654E-18));
#5477 = ADVANCED_FACE('',(#5478),#5496,.T.);
#5478 = FACE_BOUND('',#5479,.F.);
#5479 = EDGE_LOOP('',(#5480,#5488,#5489,#5490));
#5480 = ORIENTED_EDGE('',*,*,#5481,.F.);
#5481 = EDGE_CURVE('',#4140,#5482,#5484,.T.);
#5482 = VERTEX_POINT('',#5483);
#5483 = CARTESIAN_POINT('',(-0.16,-7.46,8.54));
#5484 = LINE('',#5485,#5486);
#5485 = CARTESIAN_POINT('',(-0.16,-7.46,8.54));
#5486 = VECTOR('',#5487,1.);
#5487 = DIRECTION('',(0.57735026919,-0.57735026919,0.57735026919));
#5488 = ORIENTED_EDGE('',*,*,#4147,.T.);
#5489 = ORIENTED_EDGE('',*,*,#5459,.T.);
#5490 = ORIENTED_EDGE('',*,*,#5491,.F.);
#5491 = EDGE_CURVE('',#5482,#5460,#5492,.T.);
#5492 = LINE('',#5493,#5494);
#5493 = CARTESIAN_POINT('',(-0.32,-7.46,8.54));
#5494 = VECTOR('',#5495,1.);
#5495 = DIRECTION('',(1.,0.,0.));
#5496 = PLANE('',#5497);
#5497 = AXIS2_PLACEMENT_3D('',#5498,#5499,#5500);
#5498 = CARTESIAN_POINT('',(-0.32,-7.38,8.46));
#5499 = DIRECTION('',(1.735167508357E-18,0.707106781187,0.707106781187)
  );
#5500 = DIRECTION('',(-1.,1.226948711654E-18,1.226948711654E-18));
#5501 = ADVANCED_FACE('',(#5502),#5520,.F.);
#5502 = FACE_BOUND('',#5503,.F.);
#5503 = EDGE_LOOP('',(#5504,#5512,#5513,#5514));
#5504 = ORIENTED_EDGE('',*,*,#5505,.F.);
#5505 = EDGE_CURVE('',#4162,#5506,#5508,.T.);
#5506 = VERTEX_POINT('',#5507);
#5507 = CARTESIAN_POINT('',(-0.16,-7.78,8.54));
#5508 = LINE('',#5509,#5510);
#5509 = CARTESIAN_POINT('',(-0.266666666667,-7.886666666667,
    8.433333333333));
#5510 = VECTOR('',#5511,1.);
#5511 = DIRECTION('',(0.57735026919,0.57735026919,0.57735026919));
#5512 = ORIENTED_EDGE('',*,*,#4171,.T.);
#5513 = ORIENTED_EDGE('',*,*,#5481,.T.);
#5514 = ORIENTED_EDGE('',*,*,#5515,.F.);
#5515 = EDGE_CURVE('',#5506,#5482,#5516,.T.);
#5516 = LINE('',#5517,#5518);
#5517 = CARTESIAN_POINT('',(-0.16,-7.94,8.54));
#5518 = VECTOR('',#5519,1.);
#5519 = DIRECTION('',(0.,1.,0.));
#5520 = PLANE('',#5521);
#5521 = AXIS2_PLACEMENT_3D('',#5522,#5523,#5524);
#5522 = CARTESIAN_POINT('',(-0.24,-7.94,8.46));
#5523 = DIRECTION('',(0.707106781187,1.735167508357E-18,-0.707106781187)
  );
#5524 = DIRECTION('',(-1.226948711654E-18,1.,1.226948711654E-18));
#5525 = ADVANCED_FACE('',(#5526),#5537,.F.);
#5526 = FACE_BOUND('',#5527,.T.);
#5527 = EDGE_LOOP('',(#5528,#5529,#5530,#5531));
#5528 = ORIENTED_EDGE('',*,*,#5505,.F.);
#5529 = ORIENTED_EDGE('',*,*,#4188,.T.);
#5530 = ORIENTED_EDGE('',*,*,#5450,.T.);
#5531 = ORIENTED_EDGE('',*,*,#5532,.F.);
#5532 = EDGE_CURVE('',#5506,#5451,#5533,.T.);
#5533 = LINE('',#5534,#5535);
#5534 = CARTESIAN_POINT('',(-0.32,-7.78,8.54));
#5535 = VECTOR('',#5536,1.);
#5536 = DIRECTION('',(1.,0.,0.));
#5537 = PLANE('',#5538);
#5538 = AXIS2_PLACEMENT_3D('',#5539,#5540,#5541);
#5539 = CARTESIAN_POINT('',(-0.32,-7.86,8.46));
#5540 = DIRECTION('',(-1.735167508357E-18,0.707106781187,-0.707106781187
    ));
#5541 = DIRECTION('',(-1.,-1.226948711654E-18,1.226948711654E-18));
#5542 = ADVANCED_FACE('',(#5543),#5568,.F.);
#5543 = FACE_BOUND('',#5544,.T.);
#5544 = EDGE_LOOP('',(#5545,#5553,#5554,#5562));
#5545 = ORIENTED_EDGE('',*,*,#5546,.F.);
#5546 = EDGE_CURVE('',#4212,#5547,#5549,.T.);
#5547 = VERTEX_POINT('',#5548);
#5548 = CARTESIAN_POINT('',(-0.16,-0.16,8.54));
#5549 = LINE('',#5550,#5551);
#5550 = CARTESIAN_POINT('',(-0.266666666667,-0.266666666667,
    8.433333333333));
#5551 = VECTOR('',#5552,1.);
#5552 = DIRECTION('',(0.57735026919,0.57735026919,0.57735026919));
#5553 = ORIENTED_EDGE('',*,*,#4219,.T.);
#5554 = ORIENTED_EDGE('',*,*,#5555,.T.);
#5555 = EDGE_CURVE('',#4203,#5556,#5558,.T.);
#5556 = VERTEX_POINT('',#5557);
#5557 = CARTESIAN_POINT('',(0.16,-0.16,8.54));
#5558 = LINE('',#5559,#5560);
#5559 = CARTESIAN_POINT('',(0.16,-0.16,8.54));
#5560 = VECTOR('',#5561,1.);
#5561 = DIRECTION('',(-0.57735026919,0.57735026919,0.57735026919));
#5562 = ORIENTED_EDGE('',*,*,#5563,.F.);
#5563 = EDGE_CURVE('',#5547,#5556,#5564,.T.);
#5564 = LINE('',#5565,#5566);
#5565 = CARTESIAN_POINT('',(-0.32,-0.16,8.54));
#5566 = VECTOR('',#5567,1.);
#5567 = DIRECTION('',(1.,0.,0.));
#5568 = PLANE('',#5569);
#5569 = AXIS2_PLACEMENT_3D('',#5570,#5571,#5572);
#5570 = CARTESIAN_POINT('',(-0.32,-0.24,8.46));
#5571 = DIRECTION('',(-1.735167508357E-18,0.707106781187,-0.707106781187
    ));
#5572 = DIRECTION('',(-1.,-1.226948711654E-18,1.226948711654E-18));
#5573 = ADVANCED_FACE('',(#5574),#5592,.T.);
#5574 = FACE_BOUND('',#5575,.T.);
#5575 = EDGE_LOOP('',(#5576,#5577,#5578,#5586));
#5576 = ORIENTED_EDGE('',*,*,#5555,.F.);
#5577 = ORIENTED_EDGE('',*,*,#4243,.T.);
#5578 = ORIENTED_EDGE('',*,*,#5579,.T.);
#5579 = EDGE_CURVE('',#4236,#5580,#5582,.T.);
#5580 = VERTEX_POINT('',#5581);
#5581 = CARTESIAN_POINT('',(0.16,0.16,8.54));
#5582 = LINE('',#5583,#5584);
#5583 = CARTESIAN_POINT('',(5.333333333333E-02,5.333333333333E-02,
    8.646666666667));
#5584 = VECTOR('',#5585,1.);
#5585 = DIRECTION('',(-0.57735026919,-0.57735026919,0.57735026919));
#5586 = ORIENTED_EDGE('',*,*,#5587,.F.);
#5587 = EDGE_CURVE('',#5556,#5580,#5588,.T.);
#5588 = LINE('',#5589,#5590);
#5589 = CARTESIAN_POINT('',(0.16,-0.32,8.54));
#5590 = VECTOR('',#5591,1.);
#5591 = DIRECTION('',(0.,1.,0.));
#5592 = PLANE('',#5593);
#5593 = AXIS2_PLACEMENT_3D('',#5594,#5595,#5596);
#5594 = CARTESIAN_POINT('',(0.24,-0.32,8.46));
#5595 = DIRECTION('',(0.707106781187,-1.735167508357E-18,0.707106781187)
  );
#5596 = DIRECTION('',(1.226948711654E-18,1.,1.226948711654E-18));
#5597 = ADVANCED_FACE('',(#5598),#5616,.T.);
#5598 = FACE_BOUND('',#5599,.F.);
#5599 = EDGE_LOOP('',(#5600,#5608,#5609,#5610));
#5600 = ORIENTED_EDGE('',*,*,#5601,.F.);
#5601 = EDGE_CURVE('',#4260,#5602,#5604,.T.);
#5602 = VERTEX_POINT('',#5603);
#5603 = CARTESIAN_POINT('',(-0.16,0.16,8.54));
#5604 = LINE('',#5605,#5606);
#5605 = CARTESIAN_POINT('',(-0.16,0.16,8.54));
#5606 = VECTOR('',#5607,1.);
#5607 = DIRECTION('',(0.57735026919,-0.57735026919,0.57735026919));
#5608 = ORIENTED_EDGE('',*,*,#4267,.T.);
#5609 = ORIENTED_EDGE('',*,*,#5579,.T.);
#5610 = ORIENTED_EDGE('',*,*,#5611,.F.);
#5611 = EDGE_CURVE('',#5602,#5580,#5612,.T.);
#5612 = LINE('',#5613,#5614);
#5613 = CARTESIAN_POINT('',(-0.32,0.16,8.54));
#5614 = VECTOR('',#5615,1.);
#5615 = DIRECTION('',(1.,0.,0.));
#5616 = PLANE('',#5617);
#5617 = AXIS2_PLACEMENT_3D('',#5618,#5619,#5620);
#5618 = CARTESIAN_POINT('',(-0.32,0.24,8.46));
#5619 = DIRECTION('',(1.735167508357E-18,0.707106781187,0.707106781187)
  );
#5620 = DIRECTION('',(-1.,1.226948711654E-18,1.226948711654E-18));
#5621 = ADVANCED_FACE('',(#5622),#5633,.F.);
#5622 = FACE_BOUND('',#5623,.F.);
#5623 = EDGE_LOOP('',(#5624,#5625,#5626,#5627));
#5624 = ORIENTED_EDGE('',*,*,#5546,.F.);
#5625 = ORIENTED_EDGE('',*,*,#4284,.T.);
#5626 = ORIENTED_EDGE('',*,*,#5601,.T.);
#5627 = ORIENTED_EDGE('',*,*,#5628,.F.);
#5628 = EDGE_CURVE('',#5547,#5602,#5629,.T.);
#5629 = LINE('',#5630,#5631);
#5630 = CARTESIAN_POINT('',(-0.16,-0.32,8.54));
#5631 = VECTOR('',#5632,1.);
#5632 = DIRECTION('',(0.,1.,0.));
#5633 = PLANE('',#5634);
#5634 = AXIS2_PLACEMENT_3D('',#5635,#5636,#5637);
#5635 = CARTESIAN_POINT('',(-0.24,-0.32,8.46));
#5636 = DIRECTION('',(0.707106781187,1.735167508357E-18,-0.707106781187)
  );
#5637 = DIRECTION('',(-1.226948711654E-18,1.,1.226948711654E-18));
#5638 = ADVANCED_FACE('',(#5639),#5645,.F.);
#5639 = FACE_BOUND('',#5640,.F.);
#5640 = EDGE_LOOP('',(#5641,#5642,#5643,#5644));
#5641 = ORIENTED_EDGE('',*,*,#4339,.F.);
#5642 = ORIENTED_EDGE('',*,*,#4363,.T.);
#5643 = ORIENTED_EDGE('',*,*,#4380,.T.);
#5644 = ORIENTED_EDGE('',*,*,#4315,.F.);
#5645 = PLANE('',#5646);
#5646 = AXIS2_PLACEMENT_3D('',#5647,#5648,#5649);
#5647 = CARTESIAN_POINT('',(-0.32,-13.02,-3.));
#5648 = DIRECTION('',(0.,0.,1.));
#5649 = DIRECTION('',(1.,0.,-0.));
#5650 = ADVANCED_FACE('',(#5651),#5657,.F.);
#5651 = FACE_BOUND('',#5652,.F.);
#5652 = EDGE_LOOP('',(#5653,#5654,#5655,#5656));
#5653 = ORIENTED_EDGE('',*,*,#4459,.F.);
#5654 = ORIENTED_EDGE('',*,*,#4476,.T.);
#5655 = ORIENTED_EDGE('',*,*,#4411,.T.);
#5656 = ORIENTED_EDGE('',*,*,#4435,.F.);
#5657 = PLANE('',#5658);
#5658 = AXIS2_PLACEMENT_3D('',#5659,#5660,#5661);
#5659 = CARTESIAN_POINT('',(-0.32,-15.56,-3.));
#5660 = DIRECTION('',(0.,0.,1.));
#5661 = DIRECTION('',(1.,0.,-0.));
#5662 = ADVANCED_FACE('',(#5663),#5669,.F.);
#5663 = FACE_BOUND('',#5664,.F.);
#5664 = EDGE_LOOP('',(#5665,#5666,#5667,#5668));
#5665 = ORIENTED_EDGE('',*,*,#4531,.F.);
#5666 = ORIENTED_EDGE('',*,*,#4555,.T.);
#5667 = ORIENTED_EDGE('',*,*,#4572,.T.);
#5668 = ORIENTED_EDGE('',*,*,#4507,.F.);
#5669 = PLANE('',#5670);
#5670 = AXIS2_PLACEMENT_3D('',#5671,#5672,#5673);
#5671 = CARTESIAN_POINT('',(-0.32,-10.48,-3.));
#5672 = DIRECTION('',(0.,0.,1.));
#5673 = DIRECTION('',(1.,0.,-0.));
#5674 = ADVANCED_FACE('',(#5675),#5681,.F.);
#5675 = FACE_BOUND('',#5676,.F.);
#5676 = EDGE_LOOP('',(#5677,#5678,#5679,#5680));
#5677 = ORIENTED_EDGE('',*,*,#4651,.F.);
#5678 = ORIENTED_EDGE('',*,*,#4668,.T.);
#5679 = ORIENTED_EDGE('',*,*,#4603,.T.);
#5680 = ORIENTED_EDGE('',*,*,#4627,.F.);
#5681 = PLANE('',#5682);
#5682 = AXIS2_PLACEMENT_3D('',#5683,#5684,#5685);
#5683 = CARTESIAN_POINT('',(-0.32,-2.86,-3.));
#5684 = DIRECTION('',(0.,0.,1.));
#5685 = DIRECTION('',(1.,0.,-0.));
#5686 = ADVANCED_FACE('',(#5687),#5693,.F.);
#5687 = FACE_BOUND('',#5688,.F.);
#5688 = EDGE_LOOP('',(#5689,#5690,#5691,#5692));
#5689 = ORIENTED_EDGE('',*,*,#4764,.F.);
#5690 = ORIENTED_EDGE('',*,*,#4699,.T.);
#5691 = ORIENTED_EDGE('',*,*,#4723,.T.);
#5692 = ORIENTED_EDGE('',*,*,#4747,.F.);
#5693 = PLANE('',#5694);
#5694 = AXIS2_PLACEMENT_3D('',#5695,#5696,#5697);
#5695 = CARTESIAN_POINT('',(-0.32,-5.4,-3.));
#5696 = DIRECTION('',(0.,0.,1.));
#5697 = DIRECTION('',(1.,0.,-0.));
#5698 = ADVANCED_FACE('',(#5699),#5705,.F.);
#5699 = FACE_BOUND('',#5700,.F.);
#5700 = EDGE_LOOP('',(#5701,#5702,#5703,#5704));
#5701 = ORIENTED_EDGE('',*,*,#4843,.F.);
#5702 = ORIENTED_EDGE('',*,*,#4860,.T.);
#5703 = ORIENTED_EDGE('',*,*,#4795,.T.);
#5704 = ORIENTED_EDGE('',*,*,#4819,.F.);
#5705 = PLANE('',#5706);
#5706 = AXIS2_PLACEMENT_3D('',#5707,#5708,#5709);
#5707 = CARTESIAN_POINT('',(-0.32,-7.94,-3.));
#5708 = DIRECTION('',(0.,0.,1.));
#5709 = DIRECTION('',(1.,0.,-0.));
#5710 = ADVANCED_FACE('',(#5711),#5717,.F.);
#5711 = FACE_BOUND('',#5712,.F.);
#5712 = EDGE_LOOP('',(#5713,#5714,#5715,#5716));
#5713 = ORIENTED_EDGE('',*,*,#4956,.F.);
#5714 = ORIENTED_EDGE('',*,*,#4891,.T.);
#5715 = ORIENTED_EDGE('',*,*,#4915,.T.);
#5716 = ORIENTED_EDGE('',*,*,#4939,.F.);
#5717 = PLANE('',#5718);
#5718 = AXIS2_PLACEMENT_3D('',#5719,#5720,#5721);
#5719 = CARTESIAN_POINT('',(-0.32,-0.32,-3.));
#5720 = DIRECTION('',(0.,0.,1.));
#5721 = DIRECTION('',(1.,0.,-0.));
#5722 = ADVANCED_FACE('',(#5723),#5729,.T.);
#5723 = FACE_BOUND('',#5724,.T.);
#5724 = EDGE_LOOP('',(#5725,#5726,#5727,#5728));
#5725 = ORIENTED_EDGE('',*,*,#4987,.F.);
#5726 = ORIENTED_EDGE('',*,*,#5011,.F.);
#5727 = ORIENTED_EDGE('',*,*,#5035,.T.);
#5728 = ORIENTED_EDGE('',*,*,#5052,.T.);
#5729 = PLANE('',#5730);
#5730 = AXIS2_PLACEMENT_3D('',#5731,#5732,#5733);
#5731 = CARTESIAN_POINT('',(-0.32,-13.02,8.54));
#5732 = DIRECTION('',(0.,0.,1.));
#5733 = DIRECTION('',(1.,0.,-0.));
#5734 = ADVANCED_FACE('',(#5735),#5741,.T.);
#5735 = FACE_BOUND('',#5736,.T.);
#5736 = EDGE_LOOP('',(#5737,#5738,#5739,#5740));
#5737 = ORIENTED_EDGE('',*,*,#5107,.F.);
#5738 = ORIENTED_EDGE('',*,*,#5131,.F.);
#5739 = ORIENTED_EDGE('',*,*,#5148,.T.);
#5740 = ORIENTED_EDGE('',*,*,#5083,.T.);
#5741 = PLANE('',#5742);
#5742 = AXIS2_PLACEMENT_3D('',#5743,#5744,#5745);
#5743 = CARTESIAN_POINT('',(-0.32,-15.56,8.54));
#5744 = DIRECTION('',(0.,0.,1.));
#5745 = DIRECTION('',(1.,0.,-0.));
#5746 = ADVANCED_FACE('',(#5747),#5753,.T.);
#5747 = FACE_BOUND('',#5748,.T.);
#5748 = EDGE_LOOP('',(#5749,#5750,#5751,#5752));
#5749 = ORIENTED_EDGE('',*,*,#5179,.F.);
#5750 = ORIENTED_EDGE('',*,*,#5203,.F.);
#5751 = ORIENTED_EDGE('',*,*,#5227,.T.);
#5752 = ORIENTED_EDGE('',*,*,#5244,.T.);
#5753 = PLANE('',#5754);
#5754 = AXIS2_PLACEMENT_3D('',#5755,#5756,#5757);
#5755 = CARTESIAN_POINT('',(-0.32,-10.48,8.54));
#5756 = DIRECTION('',(0.,0.,1.));
#5757 = DIRECTION('',(1.,0.,-0.));
#5758 = ADVANCED_FACE('',(#5759),#5765,.T.);
#5759 = FACE_BOUND('',#5760,.T.);
#5760 = EDGE_LOOP('',(#5761,#5762,#5763,#5764));
#5761 = ORIENTED_EDGE('',*,*,#5299,.F.);
#5762 = ORIENTED_EDGE('',*,*,#5323,.F.);
#5763 = ORIENTED_EDGE('',*,*,#5340,.T.);
#5764 = ORIENTED_EDGE('',*,*,#5275,.T.);
#5765 = PLANE('',#5766);
#5766 = AXIS2_PLACEMENT_3D('',#5767,#5768,#5769);
#5767 = CARTESIAN_POINT('',(-0.32,-2.86,8.54));
#5768 = DIRECTION('',(0.,0.,1.));
#5769 = DIRECTION('',(1.,0.,-0.));
#5770 = ADVANCED_FACE('',(#5771),#5777,.T.);
#5771 = FACE_BOUND('',#5772,.T.);
#5772 = EDGE_LOOP('',(#5773,#5774,#5775,#5776));
#5773 = ORIENTED_EDGE('',*,*,#5419,.F.);
#5774 = ORIENTED_EDGE('',*,*,#5436,.F.);
#5775 = ORIENTED_EDGE('',*,*,#5371,.T.);
#5776 = ORIENTED_EDGE('',*,*,#5395,.T.);
#5777 = PLANE('',#5778);
#5778 = AXIS2_PLACEMENT_3D('',#5779,#5780,#5781);
#5779 = CARTESIAN_POINT('',(-0.32,-5.4,8.54));
#5780 = DIRECTION('',(0.,0.,1.));
#5781 = DIRECTION('',(1.,0.,-0.));
#5782 = ADVANCED_FACE('',(#5783),#5789,.T.);
#5783 = FACE_BOUND('',#5784,.T.);
#5784 = EDGE_LOOP('',(#5785,#5786,#5787,#5788));
#5785 = ORIENTED_EDGE('',*,*,#5491,.F.);
#5786 = ORIENTED_EDGE('',*,*,#5515,.F.);
#5787 = ORIENTED_EDGE('',*,*,#5532,.T.);
#5788 = ORIENTED_EDGE('',*,*,#5467,.T.);
#5789 = PLANE('',#5790);
#5790 = AXIS2_PLACEMENT_3D('',#5791,#5792,#5793);
#5791 = CARTESIAN_POINT('',(-0.32,-7.94,8.54));
#5792 = DIRECTION('',(0.,0.,1.));
#5793 = DIRECTION('',(1.,0.,-0.));
#5794 = ADVANCED_FACE('',(#5795),#5801,.T.);
#5795 = FACE_BOUND('',#5796,.T.);
#5796 = EDGE_LOOP('',(#5797,#5798,#5799,#5800));
#5797 = ORIENTED_EDGE('',*,*,#5611,.F.);
#5798 = ORIENTED_EDGE('',*,*,#5628,.F.);
#5799 = ORIENTED_EDGE('',*,*,#5563,.T.);
#5800 = ORIENTED_EDGE('',*,*,#5587,.T.);
#5801 = PLANE('',#5802);
#5802 = AXIS2_PLACEMENT_3D('',#5803,#5804,#5805);
#5803 = CARTESIAN_POINT('',(-0.32,-0.32,8.54));
#5804 = DIRECTION('',(0.,0.,1.));
#5805 = DIRECTION('',(1.,0.,-0.));
#5806 = ( GEOMETRIC_REPRESENTATION_CONTEXT(3) 
GLOBAL_UNCERTAINTY_ASSIGNED_CONTEXT((#5810)) 
GLOBAL_UNIT_ASSIGNED_CONTEXT((#5807,#5808,#5809)) REPRESENTATION_CONTEXT
('Context #1','3D Context with UNIT and UNCERTAINTY') );
#5807 = ( LENGTH_UNIT() NAMED_UNIT(*) SI_UNIT(.MILLI.,.METRE.) );
#5808 = ( NAMED_UNIT(*) PLANE_ANGLE_UNIT() SI_UNIT($,.RADIAN.) );
#5809 = ( NAMED_UNIT(*) SI_UNIT($,.STERADIAN.) SOLID_ANGLE_UNIT() );
#5810 = UNCERTAINTY_MEASURE_WITH_UNIT(LENGTH_MEASURE(1.E-07),#5807,
  'distance_accuracy_value','confusion accuracy');
#5811 = CONTEXT_DEPENDENT_SHAPE_REPRESENTATION(#5812,#5814);
#5812 = ( REPRESENTATION_RELATIONSHIP('','',#1003,#10) 
REPRESENTATION_RELATIONSHIP_WITH_TRANSFORMATION(#5813) 
SHAPE_REPRESENTATION_RELATIONSHIP() );
#5813 = ITEM_DEFINED_TRANSFORMATION('','',#11,#23);
#5814 = PRODUCT_DEFINITION_SHAPE('Placement','Placement of an item',
  #5815);
#5815 = NEXT_ASSEMBLY_USAGE_OCCURRENCE('6',
  'PinHeader_1x07_P254mm_Vertical','',#5,#998,$);
#5816 = PRODUCT_RELATED_PRODUCT_CATEGORY('part',$,(#1000));
#5817 = MECHANICAL_DESIGN_GEOMETRIC_PRESENTATION_REPRESENTATION('',(
    #5818,#5829,#5837,#5844,#5851,#5858,#5865,#5872,#5879,#5886,#5893,
    #5900,#5907,#5914,#5921,#5928,#5935,#5942,#5949,#5956,#5963,#5970,
    #5977,#5984,#5991,#5998,#6005,#6012,#6019,#6026,#6033,#6040,#6047,
    #6054,#6061,#6068,#6075,#6082,#6089,#6096,#6103,#6110,#6117,#6124,
    #6131,#6138,#6145,#6152,#6159,#6166,#6173,#6180,#6187,#6194,#6201,
    #6208,#6215,#6222,#6229,#6236,#6243,#6250,#6257,#6264,#6271,#6278,
    #6285,#6292,#6299,#6306,#6313,#6320,#6327,#6334,#6341,#6348,#6355,
    #6362,#6369,#6376,#6383,#6390,#6397,#6404,#6411,#6418,#6425,#6432,
    #6439,#6446,#6453,#6460,#6467,#6474,#6481,#6488,#6495,#6502,#6509,
    #6516,#6523,#6530,#6537,#6544,#6551,#6558,#6565,#6572,#6579,#6586,
    #6593,#6600,#6607,#6614,#6621,#6628,#6635,#6642,#6649,#6656,#6663,
    #6670,#6677,#6684,#6691,#6698,#6705),#5806);
#5818 = STYLED_ITEM('color',(#5819),#1004);
#5819 = PRESENTATION_STYLE_ASSIGNMENT((#5820,#5826));
#5820 = SURFACE_STYLE_USAGE(.BOTH.,#5821);
#5821 = SURFACE_SIDE_STYLE('',(#5822));
#5822 = SURFACE_STYLE_FILL_AREA(#5823);
#5823 = FILL_AREA_STYLE('',(#5824));
#5824 = FILL_AREA_STYLE_COLOUR('',#5825);
#5825 = COLOUR_RGB('',0.147999998088,0.144999993226,0.144999993226);
#5826 = CURVE_STYLE('',#5827,POSITIVE_LENGTH_MEASURE(0.1),#5828);
#5827 = DRAUGHTING_PRE_DEFINED_CURVE_FONT('continuous');
#5828 = COLOUR_RGB('',9.803921802644E-02,9.803921802644E-02,
  9.803921802644E-02);
#5829 = OVER_RIDING_STYLED_ITEM('overriding color',(#5830),#2950,#5818);
#5830 = PRESENTATION_STYLE_ASSIGNMENT((#5831));
#5831 = SURFACE_STYLE_USAGE(.BOTH.,#5832);
#5832 = SURFACE_SIDE_STYLE('',(#5833));
#5833 = SURFACE_STYLE_FILL_AREA(#5834);
#5834 = FILL_AREA_STYLE('',(#5835));
#5835 = FILL_AREA_STYLE_COLOUR('',#5836);
#5836 = COLOUR_RGB('',0.859000020776,0.737999965183,0.495999988746);
#5837 = OVER_RIDING_STYLED_ITEM('overriding color',(#5838),#2981,#5818);
#5838 = PRESENTATION_STYLE_ASSIGNMENT((#5839));
#5839 = SURFACE_STYLE_USAGE(.BOTH.,#5840);
#5840 = SURFACE_SIDE_STYLE('',(#5841));
#5841 = SURFACE_STYLE_FILL_AREA(#5842);
#5842 = FILL_AREA_STYLE('',(#5843));
#5843 = FILL_AREA_STYLE_COLOUR('',#5836);
#5844 = OVER_RIDING_STYLED_ITEM('overriding color',(#5845),#3005,#5818);
#5845 = PRESENTATION_STYLE_ASSIGNMENT((#5846));
#5846 = SURFACE_STYLE_USAGE(.BOTH.,#5847);
#5847 = SURFACE_SIDE_STYLE('',(#5848));
#5848 = SURFACE_STYLE_FILL_AREA(#5849);
#5849 = FILL_AREA_STYLE('',(#5850));
#5850 = FILL_AREA_STYLE_COLOUR('',#5836);
#5851 = OVER_RIDING_STYLED_ITEM('overriding color',(#5852),#3029,#5818);
#5852 = PRESENTATION_STYLE_ASSIGNMENT((#5853));
#5853 = SURFACE_STYLE_USAGE(.BOTH.,#5854);
#5854 = SURFACE_SIDE_STYLE('',(#5855));
#5855 = SURFACE_STYLE_FILL_AREA(#5856);
#5856 = FILL_AREA_STYLE('',(#5857));
#5857 = FILL_AREA_STYLE_COLOUR('',#5836);
#5858 = OVER_RIDING_STYLED_ITEM('overriding color',(#5859),#3046,#5818);
#5859 = PRESENTATION_STYLE_ASSIGNMENT((#5860));
#5860 = SURFACE_STYLE_USAGE(.BOTH.,#5861);
#5861 = SURFACE_SIDE_STYLE('',(#5862));
#5862 = SURFACE_STYLE_FILL_AREA(#5863);
#5863 = FILL_AREA_STYLE('',(#5864));
#5864 = FILL_AREA_STYLE_COLOUR('',#5836);
#5865 = OVER_RIDING_STYLED_ITEM('overriding color',(#5866),#3077,#5818);
#5866 = PRESENTATION_STYLE_ASSIGNMENT((#5867));
#5867 = SURFACE_STYLE_USAGE(.BOTH.,#5868);
#5868 = SURFACE_SIDE_STYLE('',(#5869));
#5869 = SURFACE_STYLE_FILL_AREA(#5870);
#5870 = FILL_AREA_STYLE('',(#5871));
#5871 = FILL_AREA_STYLE_COLOUR('',#5836);
#5872 = OVER_RIDING_STYLED_ITEM('overriding color',(#5873),#3101,#5818);
#5873 = PRESENTATION_STYLE_ASSIGNMENT((#5874));
#5874 = SURFACE_STYLE_USAGE(.BOTH.,#5875);
#5875 = SURFACE_SIDE_STYLE('',(#5876));
#5876 = SURFACE_STYLE_FILL_AREA(#5877);
#5877 = FILL_AREA_STYLE('',(#5878));
#5878 = FILL_AREA_STYLE_COLOUR('',#5836);
#5879 = OVER_RIDING_STYLED_ITEM('overriding color',(#5880),#3125,#5818);
#5880 = PRESENTATION_STYLE_ASSIGNMENT((#5881));
#5881 = SURFACE_STYLE_USAGE(.BOTH.,#5882);
#5882 = SURFACE_SIDE_STYLE('',(#5883));
#5883 = SURFACE_STYLE_FILL_AREA(#5884);
#5884 = FILL_AREA_STYLE('',(#5885));
#5885 = FILL_AREA_STYLE_COLOUR('',#5836);
#5886 = OVER_RIDING_STYLED_ITEM('overriding color',(#5887),#3142,#5818);
#5887 = PRESENTATION_STYLE_ASSIGNMENT((#5888));
#5888 = SURFACE_STYLE_USAGE(.BOTH.,#5889);
#5889 = SURFACE_SIDE_STYLE('',(#5890));
#5890 = SURFACE_STYLE_FILL_AREA(#5891);
#5891 = FILL_AREA_STYLE('',(#5892));
#5892 = FILL_AREA_STYLE_COLOUR('',#5836);
#5893 = OVER_RIDING_STYLED_ITEM('overriding color',(#5894),#3173,#5818);
#5894 = PRESENTATION_STYLE_ASSIGNMENT((#5895));
#5895 = SURFACE_STYLE_USAGE(.BOTH.,#5896);
#5896 = SURFACE_SIDE_STYLE('',(#5897));
#5897 = SURFACE_STYLE_FILL_AREA(#5898);
#5898 = FILL_AREA_STYLE('',(#5899));
#5899 = FILL_AREA_STYLE_COLOUR('',#5836);
#5900 = OVER_RIDING_STYLED_ITEM('overriding color',(#5901),#3197,#5818);
#5901 = PRESENTATION_STYLE_ASSIGNMENT((#5902));
#5902 = SURFACE_STYLE_USAGE(.BOTH.,#5903);
#5903 = SURFACE_SIDE_STYLE('',(#5904));
#5904 = SURFACE_STYLE_FILL_AREA(#5905);
#5905 = FILL_AREA_STYLE('',(#5906));
#5906 = FILL_AREA_STYLE_COLOUR('',#5836);
#5907 = OVER_RIDING_STYLED_ITEM('overriding color',(#5908),#3221,#5818);
#5908 = PRESENTATION_STYLE_ASSIGNMENT((#5909));
#5909 = SURFACE_STYLE_USAGE(.BOTH.,#5910);
#5910 = SURFACE_SIDE_STYLE('',(#5911));
#5911 = SURFACE_STYLE_FILL_AREA(#5912);
#5912 = FILL_AREA_STYLE('',(#5913));
#5913 = FILL_AREA_STYLE_COLOUR('',#5836);
#5914 = OVER_RIDING_STYLED_ITEM('overriding color',(#5915),#3238,#5818);
#5915 = PRESENTATION_STYLE_ASSIGNMENT((#5916));
#5916 = SURFACE_STYLE_USAGE(.BOTH.,#5917);
#5917 = SURFACE_SIDE_STYLE('',(#5918));
#5918 = SURFACE_STYLE_FILL_AREA(#5919);
#5919 = FILL_AREA_STYLE('',(#5920));
#5920 = FILL_AREA_STYLE_COLOUR('',#5836);
#5921 = OVER_RIDING_STYLED_ITEM('overriding color',(#5922),#3269,#5818);
#5922 = PRESENTATION_STYLE_ASSIGNMENT((#5923));
#5923 = SURFACE_STYLE_USAGE(.BOTH.,#5924);
#5924 = SURFACE_SIDE_STYLE('',(#5925));
#5925 = SURFACE_STYLE_FILL_AREA(#5926);
#5926 = FILL_AREA_STYLE('',(#5927));
#5927 = FILL_AREA_STYLE_COLOUR('',#5836);
#5928 = OVER_RIDING_STYLED_ITEM('overriding color',(#5929),#3293,#5818);
#5929 = PRESENTATION_STYLE_ASSIGNMENT((#5930));
#5930 = SURFACE_STYLE_USAGE(.BOTH.,#5931);
#5931 = SURFACE_SIDE_STYLE('',(#5932));
#5932 = SURFACE_STYLE_FILL_AREA(#5933);
#5933 = FILL_AREA_STYLE('',(#5934));
#5934 = FILL_AREA_STYLE_COLOUR('',#5836);
#5935 = OVER_RIDING_STYLED_ITEM('overriding color',(#5936),#3317,#5818);
#5936 = PRESENTATION_STYLE_ASSIGNMENT((#5937));
#5937 = SURFACE_STYLE_USAGE(.BOTH.,#5938);
#5938 = SURFACE_SIDE_STYLE('',(#5939));
#5939 = SURFACE_STYLE_FILL_AREA(#5940);
#5940 = FILL_AREA_STYLE('',(#5941));
#5941 = FILL_AREA_STYLE_COLOUR('',#5836);
#5942 = OVER_RIDING_STYLED_ITEM('overriding color',(#5943),#3334,#5818);
#5943 = PRESENTATION_STYLE_ASSIGNMENT((#5944));
#5944 = SURFACE_STYLE_USAGE(.BOTH.,#5945);
#5945 = SURFACE_SIDE_STYLE('',(#5946));
#5946 = SURFACE_STYLE_FILL_AREA(#5947);
#5947 = FILL_AREA_STYLE('',(#5948));
#5948 = FILL_AREA_STYLE_COLOUR('',#5836);
#5949 = OVER_RIDING_STYLED_ITEM('overriding color',(#5950),#3365,#5818);
#5950 = PRESENTATION_STYLE_ASSIGNMENT((#5951));
#5951 = SURFACE_STYLE_USAGE(.BOTH.,#5952);
#5952 = SURFACE_SIDE_STYLE('',(#5953));
#5953 = SURFACE_STYLE_FILL_AREA(#5954);
#5954 = FILL_AREA_STYLE('',(#5955));
#5955 = FILL_AREA_STYLE_COLOUR('',#5836);
#5956 = OVER_RIDING_STYLED_ITEM('overriding color',(#5957),#3389,#5818);
#5957 = PRESENTATION_STYLE_ASSIGNMENT((#5958));
#5958 = SURFACE_STYLE_USAGE(.BOTH.,#5959);
#5959 = SURFACE_SIDE_STYLE('',(#5960));
#5960 = SURFACE_STYLE_FILL_AREA(#5961);
#5961 = FILL_AREA_STYLE('',(#5962));
#5962 = FILL_AREA_STYLE_COLOUR('',#5836);
#5963 = OVER_RIDING_STYLED_ITEM('overriding color',(#5964),#3413,#5818);
#5964 = PRESENTATION_STYLE_ASSIGNMENT((#5965));
#5965 = SURFACE_STYLE_USAGE(.BOTH.,#5966);
#5966 = SURFACE_SIDE_STYLE('',(#5967));
#5967 = SURFACE_STYLE_FILL_AREA(#5968);
#5968 = FILL_AREA_STYLE('',(#5969));
#5969 = FILL_AREA_STYLE_COLOUR('',#5836);
#5970 = OVER_RIDING_STYLED_ITEM('overriding color',(#5971),#3430,#5818);
#5971 = PRESENTATION_STYLE_ASSIGNMENT((#5972));
#5972 = SURFACE_STYLE_USAGE(.BOTH.,#5973);
#5973 = SURFACE_SIDE_STYLE('',(#5974));
#5974 = SURFACE_STYLE_FILL_AREA(#5975);
#5975 = FILL_AREA_STYLE('',(#5976));
#5976 = FILL_AREA_STYLE_COLOUR('',#5836);
#5977 = OVER_RIDING_STYLED_ITEM('overriding color',(#5978),#3461,#5818);
#5978 = PRESENTATION_STYLE_ASSIGNMENT((#5979));
#5979 = SURFACE_STYLE_USAGE(.BOTH.,#5980);
#5980 = SURFACE_SIDE_STYLE('',(#5981));
#5981 = SURFACE_STYLE_FILL_AREA(#5982);
#5982 = FILL_AREA_STYLE('',(#5983));
#5983 = FILL_AREA_STYLE_COLOUR('',#5836);
#5984 = OVER_RIDING_STYLED_ITEM('overriding color',(#5985),#3485,#5818);
#5985 = PRESENTATION_STYLE_ASSIGNMENT((#5986));
#5986 = SURFACE_STYLE_USAGE(.BOTH.,#5987);
#5987 = SURFACE_SIDE_STYLE('',(#5988));
#5988 = SURFACE_STYLE_FILL_AREA(#5989);
#5989 = FILL_AREA_STYLE('',(#5990));
#5990 = FILL_AREA_STYLE_COLOUR('',#5836);
#5991 = OVER_RIDING_STYLED_ITEM('overriding color',(#5992),#3509,#5818);
#5992 = PRESENTATION_STYLE_ASSIGNMENT((#5993));
#5993 = SURFACE_STYLE_USAGE(.BOTH.,#5994);
#5994 = SURFACE_SIDE_STYLE('',(#5995));
#5995 = SURFACE_STYLE_FILL_AREA(#5996);
#5996 = FILL_AREA_STYLE('',(#5997));
#5997 = FILL_AREA_STYLE_COLOUR('',#5836);
#5998 = OVER_RIDING_STYLED_ITEM('overriding color',(#5999),#3526,#5818);
#5999 = PRESENTATION_STYLE_ASSIGNMENT((#6000));
#6000 = SURFACE_STYLE_USAGE(.BOTH.,#6001);
#6001 = SURFACE_SIDE_STYLE('',(#6002));
#6002 = SURFACE_STYLE_FILL_AREA(#6003);
#6003 = FILL_AREA_STYLE('',(#6004));
#6004 = FILL_AREA_STYLE_COLOUR('',#5836);
#6005 = OVER_RIDING_STYLED_ITEM('overriding color',(#6006),#3557,#5818);
#6006 = PRESENTATION_STYLE_ASSIGNMENT((#6007));
#6007 = SURFACE_STYLE_USAGE(.BOTH.,#6008);
#6008 = SURFACE_SIDE_STYLE('',(#6009));
#6009 = SURFACE_STYLE_FILL_AREA(#6010);
#6010 = FILL_AREA_STYLE('',(#6011));
#6011 = FILL_AREA_STYLE_COLOUR('',#5836);
#6012 = OVER_RIDING_STYLED_ITEM('overriding color',(#6013),#3581,#5818);
#6013 = PRESENTATION_STYLE_ASSIGNMENT((#6014));
#6014 = SURFACE_STYLE_USAGE(.BOTH.,#6015);
#6015 = SURFACE_SIDE_STYLE('',(#6016));
#6016 = SURFACE_STYLE_FILL_AREA(#6017);
#6017 = FILL_AREA_STYLE('',(#6018));
#6018 = FILL_AREA_STYLE_COLOUR('',#5836);
#6019 = OVER_RIDING_STYLED_ITEM('overriding color',(#6020),#3605,#5818);
#6020 = PRESENTATION_STYLE_ASSIGNMENT((#6021));
#6021 = SURFACE_STYLE_USAGE(.BOTH.,#6022);
#6022 = SURFACE_SIDE_STYLE('',(#6023));
#6023 = SURFACE_STYLE_FILL_AREA(#6024);
#6024 = FILL_AREA_STYLE('',(#6025));
#6025 = FILL_AREA_STYLE_COLOUR('',#5836);
#6026 = OVER_RIDING_STYLED_ITEM('overriding color',(#6027),#3622,#5818);
#6027 = PRESENTATION_STYLE_ASSIGNMENT((#6028));
#6028 = SURFACE_STYLE_USAGE(.BOTH.,#6029);
#6029 = SURFACE_SIDE_STYLE('',(#6030));
#6030 = SURFACE_STYLE_FILL_AREA(#6031);
#6031 = FILL_AREA_STYLE('',(#6032));
#6032 = FILL_AREA_STYLE_COLOUR('',#5836);
#6033 = OVER_RIDING_STYLED_ITEM('overriding color',(#6034),#3653,#5818);
#6034 = PRESENTATION_STYLE_ASSIGNMENT((#6035));
#6035 = SURFACE_STYLE_USAGE(.BOTH.,#6036);
#6036 = SURFACE_SIDE_STYLE('',(#6037));
#6037 = SURFACE_STYLE_FILL_AREA(#6038);
#6038 = FILL_AREA_STYLE('',(#6039));
#6039 = FILL_AREA_STYLE_COLOUR('',#5836);
#6040 = OVER_RIDING_STYLED_ITEM('overriding color',(#6041),#3677,#5818);
#6041 = PRESENTATION_STYLE_ASSIGNMENT((#6042));
#6042 = SURFACE_STYLE_USAGE(.BOTH.,#6043);
#6043 = SURFACE_SIDE_STYLE('',(#6044));
#6044 = SURFACE_STYLE_FILL_AREA(#6045);
#6045 = FILL_AREA_STYLE('',(#6046));
#6046 = FILL_AREA_STYLE_COLOUR('',#5836);
#6047 = OVER_RIDING_STYLED_ITEM('overriding color',(#6048),#3701,#5818);
#6048 = PRESENTATION_STYLE_ASSIGNMENT((#6049));
#6049 = SURFACE_STYLE_USAGE(.BOTH.,#6050);
#6050 = SURFACE_SIDE_STYLE('',(#6051));
#6051 = SURFACE_STYLE_FILL_AREA(#6052);
#6052 = FILL_AREA_STYLE('',(#6053));
#6053 = FILL_AREA_STYLE_COLOUR('',#5836);
#6054 = OVER_RIDING_STYLED_ITEM('overriding color',(#6055),#3718,#5818);
#6055 = PRESENTATION_STYLE_ASSIGNMENT((#6056));
#6056 = SURFACE_STYLE_USAGE(.BOTH.,#6057);
#6057 = SURFACE_SIDE_STYLE('',(#6058));
#6058 = SURFACE_STYLE_FILL_AREA(#6059);
#6059 = FILL_AREA_STYLE('',(#6060));
#6060 = FILL_AREA_STYLE_COLOUR('',#5836);
#6061 = OVER_RIDING_STYLED_ITEM('overriding color',(#6062),#3749,#5818);
#6062 = PRESENTATION_STYLE_ASSIGNMENT((#6063));
#6063 = SURFACE_STYLE_USAGE(.BOTH.,#6064);
#6064 = SURFACE_SIDE_STYLE('',(#6065));
#6065 = SURFACE_STYLE_FILL_AREA(#6066);
#6066 = FILL_AREA_STYLE('',(#6067));
#6067 = FILL_AREA_STYLE_COLOUR('',#5836);
#6068 = OVER_RIDING_STYLED_ITEM('overriding color',(#6069),#3773,#5818);
#6069 = PRESENTATION_STYLE_ASSIGNMENT((#6070));
#6070 = SURFACE_STYLE_USAGE(.BOTH.,#6071);
#6071 = SURFACE_SIDE_STYLE('',(#6072));
#6072 = SURFACE_STYLE_FILL_AREA(#6073);
#6073 = FILL_AREA_STYLE('',(#6074));
#6074 = FILL_AREA_STYLE_COLOUR('',#5836);
#6075 = OVER_RIDING_STYLED_ITEM('overriding color',(#6076),#3797,#5818);
#6076 = PRESENTATION_STYLE_ASSIGNMENT((#6077));
#6077 = SURFACE_STYLE_USAGE(.BOTH.,#6078);
#6078 = SURFACE_SIDE_STYLE('',(#6079));
#6079 = SURFACE_STYLE_FILL_AREA(#6080);
#6080 = FILL_AREA_STYLE('',(#6081));
#6081 = FILL_AREA_STYLE_COLOUR('',#5836);
#6082 = OVER_RIDING_STYLED_ITEM('overriding color',(#6083),#3814,#5818);
#6083 = PRESENTATION_STYLE_ASSIGNMENT((#6084));
#6084 = SURFACE_STYLE_USAGE(.BOTH.,#6085);
#6085 = SURFACE_SIDE_STYLE('',(#6086));
#6086 = SURFACE_STYLE_FILL_AREA(#6087);
#6087 = FILL_AREA_STYLE('',(#6088));
#6088 = FILL_AREA_STYLE_COLOUR('',#5836);
#6089 = OVER_RIDING_STYLED_ITEM('overriding color',(#6090),#3845,#5818);
#6090 = PRESENTATION_STYLE_ASSIGNMENT((#6091));
#6091 = SURFACE_STYLE_USAGE(.BOTH.,#6092);
#6092 = SURFACE_SIDE_STYLE('',(#6093));
#6093 = SURFACE_STYLE_FILL_AREA(#6094);
#6094 = FILL_AREA_STYLE('',(#6095));
#6095 = FILL_AREA_STYLE_COLOUR('',#5836);
#6096 = OVER_RIDING_STYLED_ITEM('overriding color',(#6097),#3869,#5818);
#6097 = PRESENTATION_STYLE_ASSIGNMENT((#6098));
#6098 = SURFACE_STYLE_USAGE(.BOTH.,#6099);
#6099 = SURFACE_SIDE_STYLE('',(#6100));
#6100 = SURFACE_STYLE_FILL_AREA(#6101);
#6101 = FILL_AREA_STYLE('',(#6102));
#6102 = FILL_AREA_STYLE_COLOUR('',#5836);
#6103 = OVER_RIDING_STYLED_ITEM('overriding color',(#6104),#3893,#5818);
#6104 = PRESENTATION_STYLE_ASSIGNMENT((#6105));
#6105 = SURFACE_STYLE_USAGE(.BOTH.,#6106);
#6106 = SURFACE_SIDE_STYLE('',(#6107));
#6107 = SURFACE_STYLE_FILL_AREA(#6108);
#6108 = FILL_AREA_STYLE('',(#6109));
#6109 = FILL_AREA_STYLE_COLOUR('',#5836);
#6110 = OVER_RIDING_STYLED_ITEM('overriding color',(#6111),#3910,#5818);
#6111 = PRESENTATION_STYLE_ASSIGNMENT((#6112));
#6112 = SURFACE_STYLE_USAGE(.BOTH.,#6113);
#6113 = SURFACE_SIDE_STYLE('',(#6114));
#6114 = SURFACE_STYLE_FILL_AREA(#6115);
#6115 = FILL_AREA_STYLE('',(#6116));
#6116 = FILL_AREA_STYLE_COLOUR('',#5836);
#6117 = OVER_RIDING_STYLED_ITEM('overriding color',(#6118),#3941,#5818);
#6118 = PRESENTATION_STYLE_ASSIGNMENT((#6119));
#6119 = SURFACE_STYLE_USAGE(.BOTH.,#6120);
#6120 = SURFACE_SIDE_STYLE('',(#6121));
#6121 = SURFACE_STYLE_FILL_AREA(#6122);
#6122 = FILL_AREA_STYLE('',(#6123));
#6123 = FILL_AREA_STYLE_COLOUR('',#5836);
#6124 = OVER_RIDING_STYLED_ITEM('overriding color',(#6125),#3965,#5818);
#6125 = PRESENTATION_STYLE_ASSIGNMENT((#6126));
#6126 = SURFACE_STYLE_USAGE(.BOTH.,#6127);
#6127 = SURFACE_SIDE_STYLE('',(#6128));
#6128 = SURFACE_STYLE_FILL_AREA(#6129);
#6129 = FILL_AREA_STYLE('',(#6130));
#6130 = FILL_AREA_STYLE_COLOUR('',#5836);
#6131 = OVER_RIDING_STYLED_ITEM('overriding color',(#6132),#3989,#5818);
#6132 = PRESENTATION_STYLE_ASSIGNMENT((#6133));
#6133 = SURFACE_STYLE_USAGE(.BOTH.,#6134);
#6134 = SURFACE_SIDE_STYLE('',(#6135));
#6135 = SURFACE_STYLE_FILL_AREA(#6136);
#6136 = FILL_AREA_STYLE('',(#6137));
#6137 = FILL_AREA_STYLE_COLOUR('',#5836);
#6138 = OVER_RIDING_STYLED_ITEM('overriding color',(#6139),#4006,#5818);
#6139 = PRESENTATION_STYLE_ASSIGNMENT((#6140));
#6140 = SURFACE_STYLE_USAGE(.BOTH.,#6141);
#6141 = SURFACE_SIDE_STYLE('',(#6142));
#6142 = SURFACE_STYLE_FILL_AREA(#6143);
#6143 = FILL_AREA_STYLE('',(#6144));
#6144 = FILL_AREA_STYLE_COLOUR('',#5836);
#6145 = OVER_RIDING_STYLED_ITEM('overriding color',(#6146),#4037,#5818);
#6146 = PRESENTATION_STYLE_ASSIGNMENT((#6147));
#6147 = SURFACE_STYLE_USAGE(.BOTH.,#6148);
#6148 = SURFACE_SIDE_STYLE('',(#6149));
#6149 = SURFACE_STYLE_FILL_AREA(#6150);
#6150 = FILL_AREA_STYLE('',(#6151));
#6151 = FILL_AREA_STYLE_COLOUR('',#5836);
#6152 = OVER_RIDING_STYLED_ITEM('overriding color',(#6153),#4061,#5818);
#6153 = PRESENTATION_STYLE_ASSIGNMENT((#6154));
#6154 = SURFACE_STYLE_USAGE(.BOTH.,#6155);
#6155 = SURFACE_SIDE_STYLE('',(#6156));
#6156 = SURFACE_STYLE_FILL_AREA(#6157);
#6157 = FILL_AREA_STYLE('',(#6158));
#6158 = FILL_AREA_STYLE_COLOUR('',#5836);
#6159 = OVER_RIDING_STYLED_ITEM('overriding color',(#6160),#4085,#5818);
#6160 = PRESENTATION_STYLE_ASSIGNMENT((#6161));
#6161 = SURFACE_STYLE_USAGE(.BOTH.,#6162);
#6162 = SURFACE_SIDE_STYLE('',(#6163));
#6163 = SURFACE_STYLE_FILL_AREA(#6164);
#6164 = FILL_AREA_STYLE('',(#6165));
#6165 = FILL_AREA_STYLE_COLOUR('',#5836);
#6166 = OVER_RIDING_STYLED_ITEM('overriding color',(#6167),#4102,#5818);
#6167 = PRESENTATION_STYLE_ASSIGNMENT((#6168));
#6168 = SURFACE_STYLE_USAGE(.BOTH.,#6169);
#6169 = SURFACE_SIDE_STYLE('',(#6170));
#6170 = SURFACE_STYLE_FILL_AREA(#6171);
#6171 = FILL_AREA_STYLE('',(#6172));
#6172 = FILL_AREA_STYLE_COLOUR('',#5836);
#6173 = OVER_RIDING_STYLED_ITEM('overriding color',(#6174),#4133,#5818);
#6174 = PRESENTATION_STYLE_ASSIGNMENT((#6175));
#6175 = SURFACE_STYLE_USAGE(.BOTH.,#6176);
#6176 = SURFACE_SIDE_STYLE('',(#6177));
#6177 = SURFACE_STYLE_FILL_AREA(#6178);
#6178 = FILL_AREA_STYLE('',(#6179));
#6179 = FILL_AREA_STYLE_COLOUR('',#5836);
#6180 = OVER_RIDING_STYLED_ITEM('overriding color',(#6181),#4157,#5818);
#6181 = PRESENTATION_STYLE_ASSIGNMENT((#6182));
#6182 = SURFACE_STYLE_USAGE(.BOTH.,#6183);
#6183 = SURFACE_SIDE_STYLE('',(#6184));
#6184 = SURFACE_STYLE_FILL_AREA(#6185);
#6185 = FILL_AREA_STYLE('',(#6186));
#6186 = FILL_AREA_STYLE_COLOUR('',#5836);
#6187 = OVER_RIDING_STYLED_ITEM('overriding color',(#6188),#4181,#5818);
#6188 = PRESENTATION_STYLE_ASSIGNMENT((#6189));
#6189 = SURFACE_STYLE_USAGE(.BOTH.,#6190);
#6190 = SURFACE_SIDE_STYLE('',(#6191));
#6191 = SURFACE_STYLE_FILL_AREA(#6192);
#6192 = FILL_AREA_STYLE('',(#6193));
#6193 = FILL_AREA_STYLE_COLOUR('',#5836);
#6194 = OVER_RIDING_STYLED_ITEM('overriding color',(#6195),#4198,#5818);
#6195 = PRESENTATION_STYLE_ASSIGNMENT((#6196));
#6196 = SURFACE_STYLE_USAGE(.BOTH.,#6197);
#6197 = SURFACE_SIDE_STYLE('',(#6198));
#6198 = SURFACE_STYLE_FILL_AREA(#6199);
#6199 = FILL_AREA_STYLE('',(#6200));
#6200 = FILL_AREA_STYLE_COLOUR('',#5836);
#6201 = OVER_RIDING_STYLED_ITEM('overriding color',(#6202),#4229,#5818);
#6202 = PRESENTATION_STYLE_ASSIGNMENT((#6203));
#6203 = SURFACE_STYLE_USAGE(.BOTH.,#6204);
#6204 = SURFACE_SIDE_STYLE('',(#6205));
#6205 = SURFACE_STYLE_FILL_AREA(#6206);
#6206 = FILL_AREA_STYLE('',(#6207));
#6207 = FILL_AREA_STYLE_COLOUR('',#5836);
#6208 = OVER_RIDING_STYLED_ITEM('overriding color',(#6209),#4253,#5818);
#6209 = PRESENTATION_STYLE_ASSIGNMENT((#6210));
#6210 = SURFACE_STYLE_USAGE(.BOTH.,#6211);
#6211 = SURFACE_SIDE_STYLE('',(#6212));
#6212 = SURFACE_STYLE_FILL_AREA(#6213);
#6213 = FILL_AREA_STYLE('',(#6214));
#6214 = FILL_AREA_STYLE_COLOUR('',#5836);
#6215 = OVER_RIDING_STYLED_ITEM('overriding color',(#6216),#4277,#5818);
#6216 = PRESENTATION_STYLE_ASSIGNMENT((#6217));
#6217 = SURFACE_STYLE_USAGE(.BOTH.,#6218);
#6218 = SURFACE_SIDE_STYLE('',(#6219));
#6219 = SURFACE_STYLE_FILL_AREA(#6220);
#6220 = FILL_AREA_STYLE('',(#6221));
#6221 = FILL_AREA_STYLE_COLOUR('',#5836);
#6222 = OVER_RIDING_STYLED_ITEM('overriding color',(#6223),#4294,#5818);
#6223 = PRESENTATION_STYLE_ASSIGNMENT((#6224));
#6224 = SURFACE_STYLE_USAGE(.BOTH.,#6225);
#6225 = SURFACE_SIDE_STYLE('',(#6226));
#6226 = SURFACE_STYLE_FILL_AREA(#6227);
#6227 = FILL_AREA_STYLE('',(#6228));
#6228 = FILL_AREA_STYLE_COLOUR('',#5836);
#6229 = OVER_RIDING_STYLED_ITEM('overriding color',(#6230),#4325,#5818);
#6230 = PRESENTATION_STYLE_ASSIGNMENT((#6231));
#6231 = SURFACE_STYLE_USAGE(.BOTH.,#6232);
#6232 = SURFACE_SIDE_STYLE('',(#6233));
#6233 = SURFACE_STYLE_FILL_AREA(#6234);
#6234 = FILL_AREA_STYLE('',(#6235));
#6235 = FILL_AREA_STYLE_COLOUR('',#5836);
#6236 = OVER_RIDING_STYLED_ITEM('overriding color',(#6237),#4349,#5818);
#6237 = PRESENTATION_STYLE_ASSIGNMENT((#6238));
#6238 = SURFACE_STYLE_USAGE(.BOTH.,#6239);
#6239 = SURFACE_SIDE_STYLE('',(#6240));
#6240 = SURFACE_STYLE_FILL_AREA(#6241);
#6241 = FILL_AREA_STYLE('',(#6242));
#6242 = FILL_AREA_STYLE_COLOUR('',#5836);
#6243 = OVER_RIDING_STYLED_ITEM('overriding color',(#6244),#4373,#5818);
#6244 = PRESENTATION_STYLE_ASSIGNMENT((#6245));
#6245 = SURFACE_STYLE_USAGE(.BOTH.,#6246);
#6246 = SURFACE_SIDE_STYLE('',(#6247));
#6247 = SURFACE_STYLE_FILL_AREA(#6248);
#6248 = FILL_AREA_STYLE('',(#6249));
#6249 = FILL_AREA_STYLE_COLOUR('',#5836);
#6250 = OVER_RIDING_STYLED_ITEM('overriding color',(#6251),#4390,#5818);
#6251 = PRESENTATION_STYLE_ASSIGNMENT((#6252));
#6252 = SURFACE_STYLE_USAGE(.BOTH.,#6253);
#6253 = SURFACE_SIDE_STYLE('',(#6254));
#6254 = SURFACE_STYLE_FILL_AREA(#6255);
#6255 = FILL_AREA_STYLE('',(#6256));
#6256 = FILL_AREA_STYLE_COLOUR('',#5836);
#6257 = OVER_RIDING_STYLED_ITEM('overriding color',(#6258),#4421,#5818);
#6258 = PRESENTATION_STYLE_ASSIGNMENT((#6259));
#6259 = SURFACE_STYLE_USAGE(.BOTH.,#6260);
#6260 = SURFACE_SIDE_STYLE('',(#6261));
#6261 = SURFACE_STYLE_FILL_AREA(#6262);
#6262 = FILL_AREA_STYLE('',(#6263));
#6263 = FILL_AREA_STYLE_COLOUR('',#5836);
#6264 = OVER_RIDING_STYLED_ITEM('overriding color',(#6265),#4445,#5818);
#6265 = PRESENTATION_STYLE_ASSIGNMENT((#6266));
#6266 = SURFACE_STYLE_USAGE(.BOTH.,#6267);
#6267 = SURFACE_SIDE_STYLE('',(#6268));
#6268 = SURFACE_STYLE_FILL_AREA(#6269);
#6269 = FILL_AREA_STYLE('',(#6270));
#6270 = FILL_AREA_STYLE_COLOUR('',#5836);
#6271 = OVER_RIDING_STYLED_ITEM('overriding color',(#6272),#4469,#5818);
#6272 = PRESENTATION_STYLE_ASSIGNMENT((#6273));
#6273 = SURFACE_STYLE_USAGE(.BOTH.,#6274);
#6274 = SURFACE_SIDE_STYLE('',(#6275));
#6275 = SURFACE_STYLE_FILL_AREA(#6276);
#6276 = FILL_AREA_STYLE('',(#6277));
#6277 = FILL_AREA_STYLE_COLOUR('',#5836);
#6278 = OVER_RIDING_STYLED_ITEM('overriding color',(#6279),#4486,#5818);
#6279 = PRESENTATION_STYLE_ASSIGNMENT((#6280));
#6280 = SURFACE_STYLE_USAGE(.BOTH.,#6281);
#6281 = SURFACE_SIDE_STYLE('',(#6282));
#6282 = SURFACE_STYLE_FILL_AREA(#6283);
#6283 = FILL_AREA_STYLE('',(#6284));
#6284 = FILL_AREA_STYLE_COLOUR('',#5836);
#6285 = OVER_RIDING_STYLED_ITEM('overriding color',(#6286),#4517,#5818);
#6286 = PRESENTATION_STYLE_ASSIGNMENT((#6287));
#6287 = SURFACE_STYLE_USAGE(.BOTH.,#6288);
#6288 = SURFACE_SIDE_STYLE('',(#6289));
#6289 = SURFACE_STYLE_FILL_AREA(#6290);
#6290 = FILL_AREA_STYLE('',(#6291));
#6291 = FILL_AREA_STYLE_COLOUR('',#5836);
#6292 = OVER_RIDING_STYLED_ITEM('overriding color',(#6293),#4541,#5818);
#6293 = PRESENTATION_STYLE_ASSIGNMENT((#6294));
#6294 = SURFACE_STYLE_USAGE(.BOTH.,#6295);
#6295 = SURFACE_SIDE_STYLE('',(#6296));
#6296 = SURFACE_STYLE_FILL_AREA(#6297);
#6297 = FILL_AREA_STYLE('',(#6298));
#6298 = FILL_AREA_STYLE_COLOUR('',#5836);
#6299 = OVER_RIDING_STYLED_ITEM('overriding color',(#6300),#4565,#5818);
#6300 = PRESENTATION_STYLE_ASSIGNMENT((#6301));
#6301 = SURFACE_STYLE_USAGE(.BOTH.,#6302);
#6302 = SURFACE_SIDE_STYLE('',(#6303));
#6303 = SURFACE_STYLE_FILL_AREA(#6304);
#6304 = FILL_AREA_STYLE('',(#6305));
#6305 = FILL_AREA_STYLE_COLOUR('',#5836);
#6306 = OVER_RIDING_STYLED_ITEM('overriding color',(#6307),#4582,#5818);
#6307 = PRESENTATION_STYLE_ASSIGNMENT((#6308));
#6308 = SURFACE_STYLE_USAGE(.BOTH.,#6309);
#6309 = SURFACE_SIDE_STYLE('',(#6310));
#6310 = SURFACE_STYLE_FILL_AREA(#6311);
#6311 = FILL_AREA_STYLE('',(#6312));
#6312 = FILL_AREA_STYLE_COLOUR('',#5836);
#6313 = OVER_RIDING_STYLED_ITEM('overriding color',(#6314),#4613,#5818);
#6314 = PRESENTATION_STYLE_ASSIGNMENT((#6315));
#6315 = SURFACE_STYLE_USAGE(.BOTH.,#6316);
#6316 = SURFACE_SIDE_STYLE('',(#6317));
#6317 = SURFACE_STYLE_FILL_AREA(#6318);
#6318 = FILL_AREA_STYLE('',(#6319));
#6319 = FILL_AREA_STYLE_COLOUR('',#5836);
#6320 = OVER_RIDING_STYLED_ITEM('overriding color',(#6321),#4637,#5818);
#6321 = PRESENTATION_STYLE_ASSIGNMENT((#6322));
#6322 = SURFACE_STYLE_USAGE(.BOTH.,#6323);
#6323 = SURFACE_SIDE_STYLE('',(#6324));
#6324 = SURFACE_STYLE_FILL_AREA(#6325);
#6325 = FILL_AREA_STYLE('',(#6326));
#6326 = FILL_AREA_STYLE_COLOUR('',#5836);
#6327 = OVER_RIDING_STYLED_ITEM('overriding color',(#6328),#4661,#5818);
#6328 = PRESENTATION_STYLE_ASSIGNMENT((#6329));
#6329 = SURFACE_STYLE_USAGE(.BOTH.,#6330);
#6330 = SURFACE_SIDE_STYLE('',(#6331));
#6331 = SURFACE_STYLE_FILL_AREA(#6332);
#6332 = FILL_AREA_STYLE('',(#6333));
#6333 = FILL_AREA_STYLE_COLOUR('',#5836);
#6334 = OVER_RIDING_STYLED_ITEM('overriding color',(#6335),#4678,#5818);
#6335 = PRESENTATION_STYLE_ASSIGNMENT((#6336));
#6336 = SURFACE_STYLE_USAGE(.BOTH.,#6337);
#6337 = SURFACE_SIDE_STYLE('',(#6338));
#6338 = SURFACE_STYLE_FILL_AREA(#6339);
#6339 = FILL_AREA_STYLE('',(#6340));
#6340 = FILL_AREA_STYLE_COLOUR('',#5836);
#6341 = OVER_RIDING_STYLED_ITEM('overriding color',(#6342),#4709,#5818);
#6342 = PRESENTATION_STYLE_ASSIGNMENT((#6343));
#6343 = SURFACE_STYLE_USAGE(.BOTH.,#6344);
#6344 = SURFACE_SIDE_STYLE('',(#6345));
#6345 = SURFACE_STYLE_FILL_AREA(#6346);
#6346 = FILL_AREA_STYLE('',(#6347));
#6347 = FILL_AREA_STYLE_COLOUR('',#5836);
#6348 = OVER_RIDING_STYLED_ITEM('overriding color',(#6349),#4733,#5818);
#6349 = PRESENTATION_STYLE_ASSIGNMENT((#6350));
#6350 = SURFACE_STYLE_USAGE(.BOTH.,#6351);
#6351 = SURFACE_SIDE_STYLE('',(#6352));
#6352 = SURFACE_STYLE_FILL_AREA(#6353);
#6353 = FILL_AREA_STYLE('',(#6354));
#6354 = FILL_AREA_STYLE_COLOUR('',#5836);
#6355 = OVER_RIDING_STYLED_ITEM('overriding color',(#6356),#4757,#5818);
#6356 = PRESENTATION_STYLE_ASSIGNMENT((#6357));
#6357 = SURFACE_STYLE_USAGE(.BOTH.,#6358);
#6358 = SURFACE_SIDE_STYLE('',(#6359));
#6359 = SURFACE_STYLE_FILL_AREA(#6360);
#6360 = FILL_AREA_STYLE('',(#6361));
#6361 = FILL_AREA_STYLE_COLOUR('',#5836);
#6362 = OVER_RIDING_STYLED_ITEM('overriding color',(#6363),#4774,#5818);
#6363 = PRESENTATION_STYLE_ASSIGNMENT((#6364));
#6364 = SURFACE_STYLE_USAGE(.BOTH.,#6365);
#6365 = SURFACE_SIDE_STYLE('',(#6366));
#6366 = SURFACE_STYLE_FILL_AREA(#6367);
#6367 = FILL_AREA_STYLE('',(#6368));
#6368 = FILL_AREA_STYLE_COLOUR('',#5836);
#6369 = OVER_RIDING_STYLED_ITEM('overriding color',(#6370),#4805,#5818);
#6370 = PRESENTATION_STYLE_ASSIGNMENT((#6371));
#6371 = SURFACE_STYLE_USAGE(.BOTH.,#6372);
#6372 = SURFACE_SIDE_STYLE('',(#6373));
#6373 = SURFACE_STYLE_FILL_AREA(#6374);
#6374 = FILL_AREA_STYLE('',(#6375));
#6375 = FILL_AREA_STYLE_COLOUR('',#5836);
#6376 = OVER_RIDING_STYLED_ITEM('overriding color',(#6377),#4829,#5818);
#6377 = PRESENTATION_STYLE_ASSIGNMENT((#6378));
#6378 = SURFACE_STYLE_USAGE(.BOTH.,#6379);
#6379 = SURFACE_SIDE_STYLE('',(#6380));
#6380 = SURFACE_STYLE_FILL_AREA(#6381);
#6381 = FILL_AREA_STYLE('',(#6382));
#6382 = FILL_AREA_STYLE_COLOUR('',#5836);
#6383 = OVER_RIDING_STYLED_ITEM('overriding color',(#6384),#4853,#5818);
#6384 = PRESENTATION_STYLE_ASSIGNMENT((#6385));
#6385 = SURFACE_STYLE_USAGE(.BOTH.,#6386);
#6386 = SURFACE_SIDE_STYLE('',(#6387));
#6387 = SURFACE_STYLE_FILL_AREA(#6388);
#6388 = FILL_AREA_STYLE('',(#6389));
#6389 = FILL_AREA_STYLE_COLOUR('',#5836);
#6390 = OVER_RIDING_STYLED_ITEM('overriding color',(#6391),#4870,#5818);
#6391 = PRESENTATION_STYLE_ASSIGNMENT((#6392));
#6392 = SURFACE_STYLE_USAGE(.BOTH.,#6393);
#6393 = SURFACE_SIDE_STYLE('',(#6394));
#6394 = SURFACE_STYLE_FILL_AREA(#6395);
#6395 = FILL_AREA_STYLE('',(#6396));
#6396 = FILL_AREA_STYLE_COLOUR('',#5836);
#6397 = OVER_RIDING_STYLED_ITEM('overriding color',(#6398),#4901,#5818);
#6398 = PRESENTATION_STYLE_ASSIGNMENT((#6399));
#6399 = SURFACE_STYLE_USAGE(.BOTH.,#6400);
#6400 = SURFACE_SIDE_STYLE('',(#6401));
#6401 = SURFACE_STYLE_FILL_AREA(#6402);
#6402 = FILL_AREA_STYLE('',(#6403));
#6403 = FILL_AREA_STYLE_COLOUR('',#5836);
#6404 = OVER_RIDING_STYLED_ITEM('overriding color',(#6405),#4925,#5818);
#6405 = PRESENTATION_STYLE_ASSIGNMENT((#6406));
#6406 = SURFACE_STYLE_USAGE(.BOTH.,#6407);
#6407 = SURFACE_SIDE_STYLE('',(#6408));
#6408 = SURFACE_STYLE_FILL_AREA(#6409);
#6409 = FILL_AREA_STYLE('',(#6410));
#6410 = FILL_AREA_STYLE_COLOUR('',#5836);
#6411 = OVER_RIDING_STYLED_ITEM('overriding color',(#6412),#4949,#5818);
#6412 = PRESENTATION_STYLE_ASSIGNMENT((#6413));
#6413 = SURFACE_STYLE_USAGE(.BOTH.,#6414);
#6414 = SURFACE_SIDE_STYLE('',(#6415));
#6415 = SURFACE_STYLE_FILL_AREA(#6416);
#6416 = FILL_AREA_STYLE('',(#6417));
#6417 = FILL_AREA_STYLE_COLOUR('',#5836);
#6418 = OVER_RIDING_STYLED_ITEM('overriding color',(#6419),#4966,#5818);
#6419 = PRESENTATION_STYLE_ASSIGNMENT((#6420));
#6420 = SURFACE_STYLE_USAGE(.BOTH.,#6421);
#6421 = SURFACE_SIDE_STYLE('',(#6422));
#6422 = SURFACE_STYLE_FILL_AREA(#6423);
#6423 = FILL_AREA_STYLE('',(#6424));
#6424 = FILL_AREA_STYLE_COLOUR('',#5836);
#6425 = OVER_RIDING_STYLED_ITEM('overriding color',(#6426),#4997,#5818);
#6426 = PRESENTATION_STYLE_ASSIGNMENT((#6427));
#6427 = SURFACE_STYLE_USAGE(.BOTH.,#6428);
#6428 = SURFACE_SIDE_STYLE('',(#6429));
#6429 = SURFACE_STYLE_FILL_AREA(#6430);
#6430 = FILL_AREA_STYLE('',(#6431));
#6431 = FILL_AREA_STYLE_COLOUR('',#5836);
#6432 = OVER_RIDING_STYLED_ITEM('overriding color',(#6433),#5021,#5818);
#6433 = PRESENTATION_STYLE_ASSIGNMENT((#6434));
#6434 = SURFACE_STYLE_USAGE(.BOTH.,#6435);
#6435 = SURFACE_SIDE_STYLE('',(#6436));
#6436 = SURFACE_STYLE_FILL_AREA(#6437);
#6437 = FILL_AREA_STYLE('',(#6438));
#6438 = FILL_AREA_STYLE_COLOUR('',#5836);
#6439 = OVER_RIDING_STYLED_ITEM('overriding color',(#6440),#5045,#5818);
#6440 = PRESENTATION_STYLE_ASSIGNMENT((#6441));
#6441 = SURFACE_STYLE_USAGE(.BOTH.,#6442);
#6442 = SURFACE_SIDE_STYLE('',(#6443));
#6443 = SURFACE_STYLE_FILL_AREA(#6444);
#6444 = FILL_AREA_STYLE('',(#6445));
#6445 = FILL_AREA_STYLE_COLOUR('',#5836);
#6446 = OVER_RIDING_STYLED_ITEM('overriding color',(#6447),#5062,#5818);
#6447 = PRESENTATION_STYLE_ASSIGNMENT((#6448));
#6448 = SURFACE_STYLE_USAGE(.BOTH.,#6449);
#6449 = SURFACE_SIDE_STYLE('',(#6450));
#6450 = SURFACE_STYLE_FILL_AREA(#6451);
#6451 = FILL_AREA_STYLE('',(#6452));
#6452 = FILL_AREA_STYLE_COLOUR('',#5836);
#6453 = OVER_RIDING_STYLED_ITEM('overriding color',(#6454),#5093,#5818);
#6454 = PRESENTATION_STYLE_ASSIGNMENT((#6455));
#6455 = SURFACE_STYLE_USAGE(.BOTH.,#6456);
#6456 = SURFACE_SIDE_STYLE('',(#6457));
#6457 = SURFACE_STYLE_FILL_AREA(#6458);
#6458 = FILL_AREA_STYLE('',(#6459));
#6459 = FILL_AREA_STYLE_COLOUR('',#5836);
#6460 = OVER_RIDING_STYLED_ITEM('overriding color',(#6461),#5117,#5818);
#6461 = PRESENTATION_STYLE_ASSIGNMENT((#6462));
#6462 = SURFACE_STYLE_USAGE(.BOTH.,#6463);
#6463 = SURFACE_SIDE_STYLE('',(#6464));
#6464 = SURFACE_STYLE_FILL_AREA(#6465);
#6465 = FILL_AREA_STYLE('',(#6466));
#6466 = FILL_AREA_STYLE_COLOUR('',#5836);
#6467 = OVER_RIDING_STYLED_ITEM('overriding color',(#6468),#5141,#5818);
#6468 = PRESENTATION_STYLE_ASSIGNMENT((#6469));
#6469 = SURFACE_STYLE_USAGE(.BOTH.,#6470);
#6470 = SURFACE_SIDE_STYLE('',(#6471));
#6471 = SURFACE_STYLE_FILL_AREA(#6472);
#6472 = FILL_AREA_STYLE('',(#6473));
#6473 = FILL_AREA_STYLE_COLOUR('',#5836);
#6474 = OVER_RIDING_STYLED_ITEM('overriding color',(#6475),#5158,#5818);
#6475 = PRESENTATION_STYLE_ASSIGNMENT((#6476));
#6476 = SURFACE_STYLE_USAGE(.BOTH.,#6477);
#6477 = SURFACE_SIDE_STYLE('',(#6478));
#6478 = SURFACE_STYLE_FILL_AREA(#6479);
#6479 = FILL_AREA_STYLE('',(#6480));
#6480 = FILL_AREA_STYLE_COLOUR('',#5836);
#6481 = OVER_RIDING_STYLED_ITEM('overriding color',(#6482),#5189,#5818);
#6482 = PRESENTATION_STYLE_ASSIGNMENT((#6483));
#6483 = SURFACE_STYLE_USAGE(.BOTH.,#6484);
#6484 = SURFACE_SIDE_STYLE('',(#6485));
#6485 = SURFACE_STYLE_FILL_AREA(#6486);
#6486 = FILL_AREA_STYLE('',(#6487));
#6487 = FILL_AREA_STYLE_COLOUR('',#5836);
#6488 = OVER_RIDING_STYLED_ITEM('overriding color',(#6489),#5213,#5818);
#6489 = PRESENTATION_STYLE_ASSIGNMENT((#6490));
#6490 = SURFACE_STYLE_USAGE(.BOTH.,#6491);
#6491 = SURFACE_SIDE_STYLE('',(#6492));
#6492 = SURFACE_STYLE_FILL_AREA(#6493);
#6493 = FILL_AREA_STYLE('',(#6494));
#6494 = FILL_AREA_STYLE_COLOUR('',#5836);
#6495 = OVER_RIDING_STYLED_ITEM('overriding color',(#6496),#5237,#5818);
#6496 = PRESENTATION_STYLE_ASSIGNMENT((#6497));
#6497 = SURFACE_STYLE_USAGE(.BOTH.,#6498);
#6498 = SURFACE_SIDE_STYLE('',(#6499));
#6499 = SURFACE_STYLE_FILL_AREA(#6500);
#6500 = FILL_AREA_STYLE('',(#6501));
#6501 = FILL_AREA_STYLE_COLOUR('',#5836);
#6502 = OVER_RIDING_STYLED_ITEM('overriding color',(#6503),#5254,#5818);
#6503 = PRESENTATION_STYLE_ASSIGNMENT((#6504));
#6504 = SURFACE_STYLE_USAGE(.BOTH.,#6505);
#6505 = SURFACE_SIDE_STYLE('',(#6506));
#6506 = SURFACE_STYLE_FILL_AREA(#6507);
#6507 = FILL_AREA_STYLE('',(#6508));
#6508 = FILL_AREA_STYLE_COLOUR('',#5836);
#6509 = OVER_RIDING_STYLED_ITEM('overriding color',(#6510),#5285,#5818);
#6510 = PRESENTATION_STYLE_ASSIGNMENT((#6511));
#6511 = SURFACE_STYLE_USAGE(.BOTH.,#6512);
#6512 = SURFACE_SIDE_STYLE('',(#6513));
#6513 = SURFACE_STYLE_FILL_AREA(#6514);
#6514 = FILL_AREA_STYLE('',(#6515));
#6515 = FILL_AREA_STYLE_COLOUR('',#5836);
#6516 = OVER_RIDING_STYLED_ITEM('overriding color',(#6517),#5309,#5818);
#6517 = PRESENTATION_STYLE_ASSIGNMENT((#6518));
#6518 = SURFACE_STYLE_USAGE(.BOTH.,#6519);
#6519 = SURFACE_SIDE_STYLE('',(#6520));
#6520 = SURFACE_STYLE_FILL_AREA(#6521);
#6521 = FILL_AREA_STYLE('',(#6522));
#6522 = FILL_AREA_STYLE_COLOUR('',#5836);
#6523 = OVER_RIDING_STYLED_ITEM('overriding color',(#6524),#5333,#5818);
#6524 = PRESENTATION_STYLE_ASSIGNMENT((#6525));
#6525 = SURFACE_STYLE_USAGE(.BOTH.,#6526);
#6526 = SURFACE_SIDE_STYLE('',(#6527));
#6527 = SURFACE_STYLE_FILL_AREA(#6528);
#6528 = FILL_AREA_STYLE('',(#6529));
#6529 = FILL_AREA_STYLE_COLOUR('',#5836);
#6530 = OVER_RIDING_STYLED_ITEM('overriding color',(#6531),#5350,#5818);
#6531 = PRESENTATION_STYLE_ASSIGNMENT((#6532));
#6532 = SURFACE_STYLE_USAGE(.BOTH.,#6533);
#6533 = SURFACE_SIDE_STYLE('',(#6534));
#6534 = SURFACE_STYLE_FILL_AREA(#6535);
#6535 = FILL_AREA_STYLE('',(#6536));
#6536 = FILL_AREA_STYLE_COLOUR('',#5836);
#6537 = OVER_RIDING_STYLED_ITEM('overriding color',(#6538),#5381,#5818);
#6538 = PRESENTATION_STYLE_ASSIGNMENT((#6539));
#6539 = SURFACE_STYLE_USAGE(.BOTH.,#6540);
#6540 = SURFACE_SIDE_STYLE('',(#6541));
#6541 = SURFACE_STYLE_FILL_AREA(#6542);
#6542 = FILL_AREA_STYLE('',(#6543));
#6543 = FILL_AREA_STYLE_COLOUR('',#5836);
#6544 = OVER_RIDING_STYLED_ITEM('overriding color',(#6545),#5405,#5818);
#6545 = PRESENTATION_STYLE_ASSIGNMENT((#6546));
#6546 = SURFACE_STYLE_USAGE(.BOTH.,#6547);
#6547 = SURFACE_SIDE_STYLE('',(#6548));
#6548 = SURFACE_STYLE_FILL_AREA(#6549);
#6549 = FILL_AREA_STYLE('',(#6550));
#6550 = FILL_AREA_STYLE_COLOUR('',#5836);
#6551 = OVER_RIDING_STYLED_ITEM('overriding color',(#6552),#5429,#5818);
#6552 = PRESENTATION_STYLE_ASSIGNMENT((#6553));
#6553 = SURFACE_STYLE_USAGE(.BOTH.,#6554);
#6554 = SURFACE_SIDE_STYLE('',(#6555));
#6555 = SURFACE_STYLE_FILL_AREA(#6556);
#6556 = FILL_AREA_STYLE('',(#6557));
#6557 = FILL_AREA_STYLE_COLOUR('',#5836);
#6558 = OVER_RIDING_STYLED_ITEM('overriding color',(#6559),#5446,#5818);
#6559 = PRESENTATION_STYLE_ASSIGNMENT((#6560));
#6560 = SURFACE_STYLE_USAGE(.BOTH.,#6561);
#6561 = SURFACE_SIDE_STYLE('',(#6562));
#6562 = SURFACE_STYLE_FILL_AREA(#6563);
#6563 = FILL_AREA_STYLE('',(#6564));
#6564 = FILL_AREA_STYLE_COLOUR('',#5836);
#6565 = OVER_RIDING_STYLED_ITEM('overriding color',(#6566),#5477,#5818);
#6566 = PRESENTATION_STYLE_ASSIGNMENT((#6567));
#6567 = SURFACE_STYLE_USAGE(.BOTH.,#6568);
#6568 = SURFACE_SIDE_STYLE('',(#6569));
#6569 = SURFACE_STYLE_FILL_AREA(#6570);
#6570 = FILL_AREA_STYLE('',(#6571));
#6571 = FILL_AREA_STYLE_COLOUR('',#5836);
#6572 = OVER_RIDING_STYLED_ITEM('overriding color',(#6573),#5501,#5818);
#6573 = PRESENTATION_STYLE_ASSIGNMENT((#6574));
#6574 = SURFACE_STYLE_USAGE(.BOTH.,#6575);
#6575 = SURFACE_SIDE_STYLE('',(#6576));
#6576 = SURFACE_STYLE_FILL_AREA(#6577);
#6577 = FILL_AREA_STYLE('',(#6578));
#6578 = FILL_AREA_STYLE_COLOUR('',#5836);
#6579 = OVER_RIDING_STYLED_ITEM('overriding color',(#6580),#5525,#5818);
#6580 = PRESENTATION_STYLE_ASSIGNMENT((#6581));
#6581 = SURFACE_STYLE_USAGE(.BOTH.,#6582);
#6582 = SURFACE_SIDE_STYLE('',(#6583));
#6583 = SURFACE_STYLE_FILL_AREA(#6584);
#6584 = FILL_AREA_STYLE('',(#6585));
#6585 = FILL_AREA_STYLE_COLOUR('',#5836);
#6586 = OVER_RIDING_STYLED_ITEM('overriding color',(#6587),#5542,#5818);
#6587 = PRESENTATION_STYLE_ASSIGNMENT((#6588));
#6588 = SURFACE_STYLE_USAGE(.BOTH.,#6589);
#6589 = SURFACE_SIDE_STYLE('',(#6590));
#6590 = SURFACE_STYLE_FILL_AREA(#6591);
#6591 = FILL_AREA_STYLE('',(#6592));
#6592 = FILL_AREA_STYLE_COLOUR('',#5836);
#6593 = OVER_RIDING_STYLED_ITEM('overriding color',(#6594),#5573,#5818);
#6594 = PRESENTATION_STYLE_ASSIGNMENT((#6595));
#6595 = SURFACE_STYLE_USAGE(.BOTH.,#6596);
#6596 = SURFACE_SIDE_STYLE('',(#6597));
#6597 = SURFACE_STYLE_FILL_AREA(#6598);
#6598 = FILL_AREA_STYLE('',(#6599));
#6599 = FILL_AREA_STYLE_COLOUR('',#5836);
#6600 = OVER_RIDING_STYLED_ITEM('overriding color',(#6601),#5597,#5818);
#6601 = PRESENTATION_STYLE_ASSIGNMENT((#6602));
#6602 = SURFACE_STYLE_USAGE(.BOTH.,#6603);
#6603 = SURFACE_SIDE_STYLE('',(#6604));
#6604 = SURFACE_STYLE_FILL_AREA(#6605);
#6605 = FILL_AREA_STYLE('',(#6606));
#6606 = FILL_AREA_STYLE_COLOUR('',#5836);
#6607 = OVER_RIDING_STYLED_ITEM('overriding color',(#6608),#5621,#5818);
#6608 = PRESENTATION_STYLE_ASSIGNMENT((#6609));
#6609 = SURFACE_STYLE_USAGE(.BOTH.,#6610);
#6610 = SURFACE_SIDE_STYLE('',(#6611));
#6611 = SURFACE_STYLE_FILL_AREA(#6612);
#6612 = FILL_AREA_STYLE('',(#6613));
#6613 = FILL_AREA_STYLE_COLOUR('',#5836);
#6614 = OVER_RIDING_STYLED_ITEM('overriding color',(#6615),#5638,#5818);
#6615 = PRESENTATION_STYLE_ASSIGNMENT((#6616));
#6616 = SURFACE_STYLE_USAGE(.BOTH.,#6617);
#6617 = SURFACE_SIDE_STYLE('',(#6618));
#6618 = SURFACE_STYLE_FILL_AREA(#6619);
#6619 = FILL_AREA_STYLE('',(#6620));
#6620 = FILL_AREA_STYLE_COLOUR('',#5836);
#6621 = OVER_RIDING_STYLED_ITEM('overriding color',(#6622),#5650,#5818);
#6622 = PRESENTATION_STYLE_ASSIGNMENT((#6623));
#6623 = SURFACE_STYLE_USAGE(.BOTH.,#6624);
#6624 = SURFACE_SIDE_STYLE('',(#6625));
#6625 = SURFACE_STYLE_FILL_AREA(#6626);
#6626 = FILL_AREA_STYLE('',(#6627));
#6627 = FILL_AREA_STYLE_COLOUR('',#5836);
#6628 = OVER_RIDING_STYLED_ITEM('overriding color',(#6629),#5662,#5818);
#6629 = PRESENTATION_STYLE_ASSIGNMENT((#6630));
#6630 = SURFACE_STYLE_USAGE(.BOTH.,#6631);
#6631 = SURFACE_SIDE_STYLE('',(#6632));
#6632 = SURFACE_STYLE_FILL_AREA(#6633);
#6633 = FILL_AREA_STYLE('',(#6634));
#6634 = FILL_AREA_STYLE_COLOUR('',#5836);
#6635 = OVER_RIDING_STYLED_ITEM('overriding color',(#6636),#5674,#5818);
#6636 = PRESENTATION_STYLE_ASSIGNMENT((#6637));
#6637 = SURFACE_STYLE_USAGE(.BOTH.,#6638);
#6638 = SURFACE_SIDE_STYLE('',(#6639));
#6639 = SURFACE_STYLE_FILL_AREA(#6640);
#6640 = FILL_AREA_STYLE('',(#6641));
#6641 = FILL_AREA_STYLE_COLOUR('',#5836);
#6642 = OVER_RIDING_STYLED_ITEM('overriding color',(#6643),#5686,#5818);
#6643 = PRESENTATION_STYLE_ASSIGNMENT((#6644));
#6644 = SURFACE_STYLE_USAGE(.BOTH.,#6645);
#6645 = SURFACE_SIDE_STYLE('',(#6646));
#6646 = SURFACE_STYLE_FILL_AREA(#6647);
#6647 = FILL_AREA_STYLE('',(#6648));
#6648 = FILL_AREA_STYLE_COLOUR('',#5836);
#6649 = OVER_RIDING_STYLED_ITEM('overriding color',(#6650),#5698,#5818);
#6650 = PRESENTATION_STYLE_ASSIGNMENT((#6651));
#6651 = SURFACE_STYLE_USAGE(.BOTH.,#6652);
#6652 = SURFACE_SIDE_STYLE('',(#6653));
#6653 = SURFACE_STYLE_FILL_AREA(#6654);
#6654 = FILL_AREA_STYLE('',(#6655));
#6655 = FILL_AREA_STYLE_COLOUR('',#5836);
#6656 = OVER_RIDING_STYLED_ITEM('overriding color',(#6657),#5710,#5818);
#6657 = PRESENTATION_STYLE_ASSIGNMENT((#6658));
#6658 = SURFACE_STYLE_USAGE(.BOTH.,#6659);
#6659 = SURFACE_SIDE_STYLE('',(#6660));
#6660 = SURFACE_STYLE_FILL_AREA(#6661);
#6661 = FILL_AREA_STYLE('',(#6662));
#6662 = FILL_AREA_STYLE_COLOUR('',#5836);
#6663 = OVER_RIDING_STYLED_ITEM('overriding color',(#6664),#5722,#5818);
#6664 = PRESENTATION_STYLE_ASSIGNMENT((#6665));
#6665 = SURFACE_STYLE_USAGE(.BOTH.,#6666);
#6666 = SURFACE_SIDE_STYLE('',(#6667));
#6667 = SURFACE_STYLE_FILL_AREA(#6668);
#6668 = FILL_AREA_STYLE('',(#6669));
#6669 = FILL_AREA_STYLE_COLOUR('',#5836);
#6670 = OVER_RIDING_STYLED_ITEM('overriding color',(#6671),#5734,#5818);
#6671 = PRESENTATION_STYLE_ASSIGNMENT((#6672));
#6672 = SURFACE_STYLE_USAGE(.BOTH.,#6673);
#6673 = SURFACE_SIDE_STYLE('',(#6674));
#6674 = SURFACE_STYLE_FILL_AREA(#6675);
#6675 = FILL_AREA_STYLE('',(#6676));
#6676 = FILL_AREA_STYLE_COLOUR('',#5836);
#6677 = OVER_RIDING_STYLED_ITEM('overriding color',(#6678),#5746,#5818);
#6678 = PRESENTATION_STYLE_ASSIGNMENT((#6679));
#6679 = SURFACE_STYLE_USAGE(.BOTH.,#6680);
#6680 = SURFACE_SIDE_STYLE('',(#6681));
#6681 = SURFACE_STYLE_FILL_AREA(#6682);
#6682 = FILL_AREA_STYLE('',(#6683));
#6683 = FILL_AREA_STYLE_COLOUR('',#5836);
#6684 = OVER_RIDING_STYLED_ITEM('overriding color',(#6685),#5758,#5818);
#6685 = PRESENTATION_STYLE_ASSIGNMENT((#6686));
#6686 = SURFACE_STYLE_USAGE(.BOTH.,#6687);
#6687 = SURFACE_SIDE_STYLE('',(#6688));
#6688 = SURFACE_STYLE_FILL_AREA(#6689);
#6689 = FILL_AREA_STYLE('',(#6690));
#6690 = FILL_AREA_STYLE_COLOUR('',#5836);
#6691 = OVER_RIDING_STYLED_ITEM('overriding color',(#6692),#5770,#5818);
#6692 = PRESENTATION_STYLE_ASSIGNMENT((#6693));
#6693 = SURFACE_STYLE_USAGE(.BOTH.,#6694);
#6694 = SURFACE_SIDE_STYLE('',(#6695));
#6695 = SURFACE_STYLE_FILL_AREA(#6696);
#6696 = FILL_AREA_STYLE('',(#6697));
#6697 = FILL_AREA_STYLE_COLOUR('',#5836);
#6698 = OVER_RIDING_STYLED_ITEM('overriding color',(#6699),#5782,#5818);
#6699 = PRESENTATION_STYLE_ASSIGNMENT((#6700));
#6700 = SURFACE_STYLE_USAGE(.BOTH.,#6701);
#6701 = SURFACE_SIDE_STYLE('',(#6702));
#6702 = SURFACE_STYLE_FILL_AREA(#6703);
#6703 = FILL_AREA_STYLE('',(#6704));
#6704 = FILL_AREA_STYLE_COLOUR('',#5836);
#6705 = OVER_RIDING_STYLED_ITEM('overriding color',(#6706),#5794,#5818);
#6706 = PRESENTATION_STYLE_ASSIGNMENT((#6707));
#6707 = SURFACE_STYLE_USAGE(.BOTH.,#6708);
#6708 = SURFACE_SIDE_STYLE('',(#6709));
#6709 = SURFACE_STYLE_FILL_AREA(#6710);
#6710 = FILL_AREA_STYLE('',(#6711));
#6711 = FILL_AREA_STYLE_COLOUR('',#5836);
#6712 = MECHANICAL_DESIGN_GEOMETRIC_PRESENTATION_REPRESENTATION('',(
    #6713),#674);
#6713 = STYLED_ITEM('color',(#6714),#41);
#6714 = PRESENTATION_STYLE_ASSIGNMENT((#6715,#6721));
#6715 = SURFACE_STYLE_USAGE(.BOTH.,#6716);
#6716 = SURFACE_SIDE_STYLE('',(#6717));
#6717 = SURFACE_STYLE_FILL_AREA(#6718);
#6718 = FILL_AREA_STYLE('',(#6719));
#6719 = FILL_AREA_STYLE_COLOUR('',#6720);
#6720 = COLOUR_RGB('',7.450980588415E-02,0.14117647753,0.301960791261);
#6721 = CURVE_STYLE('',#6722,POSITIVE_LENGTH_MEASURE(0.1),#5828);
#6722 = DRAUGHTING_PRE_DEFINED_CURVE_FONT('continuous');
#6723 = MECHANICAL_DESIGN_GEOMETRIC_PRESENTATION_REPRESENTATION('',(
    #6724,#6734,#6742,#6749,#6756,#6763,#6770),#985);
#6724 = STYLED_ITEM('color',(#6725),#693);
#6725 = PRESENTATION_STYLE_ASSIGNMENT((#6726,#6732));
#6726 = SURFACE_STYLE_USAGE(.BOTH.,#6727);
#6727 = SURFACE_SIDE_STYLE('',(#6728));
#6728 = SURFACE_STYLE_FILL_AREA(#6729);
#6729 = FILL_AREA_STYLE('',(#6730));
#6730 = FILL_AREA_STYLE_COLOUR('',#6731);
#6731 = COLOUR_RGB('',0.300000011149,0.300000011149,0.300000011149);
#6732 = CURVE_STYLE('',#6733,POSITIVE_LENGTH_MEASURE(0.1),#5828);
#6733 = DRAUGHTING_PRE_DEFINED_CURVE_FONT('continuous');
#6734 = OVER_RIDING_STYLED_ITEM('overriding color',(#6735),#797,#6724);
#6735 = PRESENTATION_STYLE_ASSIGNMENT((#6736));
#6736 = SURFACE_STYLE_USAGE(.BOTH.,#6737);
#6737 = SURFACE_SIDE_STYLE('',(#6738));
#6738 = SURFACE_STYLE_FILL_AREA(#6739);
#6739 = FILL_AREA_STYLE('',(#6740));
#6740 = FILL_AREA_STYLE_COLOUR('',#6741);
#6741 = COLOUR_RGB('',0.800000010877,0.800000010877,0.899999968064);
#6742 = OVER_RIDING_STYLED_ITEM('overriding color',(#6743),#877,#6724);
#6743 = PRESENTATION_STYLE_ASSIGNMENT((#6744));
#6744 = SURFACE_STYLE_USAGE(.BOTH.,#6745);
#6745 = SURFACE_SIDE_STYLE('',(#6746));
#6746 = SURFACE_STYLE_FILL_AREA(#6747);
#6747 = FILL_AREA_STYLE('',(#6748));
#6748 = FILL_AREA_STYLE_COLOUR('',#6741);
#6749 = OVER_RIDING_STYLED_ITEM('overriding color',(#6750),#908,#6724);
#6750 = PRESENTATION_STYLE_ASSIGNMENT((#6751));
#6751 = SURFACE_STYLE_USAGE(.BOTH.,#6752);
#6752 = SURFACE_SIDE_STYLE('',(#6753));
#6753 = SURFACE_STYLE_FILL_AREA(#6754);
#6754 = FILL_AREA_STYLE('',(#6755));
#6755 = FILL_AREA_STYLE_COLOUR('',#6741);
#6756 = OVER_RIDING_STYLED_ITEM('overriding color',(#6757),#932,#6724);
#6757 = PRESENTATION_STYLE_ASSIGNMENT((#6758));
#6758 = SURFACE_STYLE_USAGE(.BOTH.,#6759);
#6759 = SURFACE_SIDE_STYLE('',(#6760));
#6760 = SURFACE_STYLE_FILL_AREA(#6761);
#6761 = FILL_AREA_STYLE('',(#6762));
#6762 = FILL_AREA_STYLE_COLOUR('',#6741);
#6763 = OVER_RIDING_STYLED_ITEM('overriding color',(#6764),#956,#6724);
#6764 = PRESENTATION_STYLE_ASSIGNMENT((#6765));
#6765 = SURFACE_STYLE_USAGE(.BOTH.,#6766);
#6766 = SURFACE_SIDE_STYLE('',(#6767));
#6767 = SURFACE_STYLE_FILL_AREA(#6768);
#6768 = FILL_AREA_STYLE('',(#6769));
#6769 = FILL_AREA_STYLE_COLOUR('',#6741);
#6770 = OVER_RIDING_STYLED_ITEM('overriding color',(#6771),#973,#6724);
#6771 = PRESENTATION_STYLE_ASSIGNMENT((#6772));
#6772 = SURFACE_STYLE_USAGE(.BOTH.,#6773);
#6773 = SURFACE_SIDE_STYLE('',(#6774));
#6774 = SURFACE_STYLE_FILL_AREA(#6775);
#6775 = FILL_AREA_STYLE('',(#6776));
#6776 = FILL_AREA_STYLE_COLOUR('',#6777);
#6777 = DRAUGHTING_PRE_DEFINED_COLOUR('black');
ENDSEC;
END-ISO-10303-21;
