ISO-10303-21;
HEADER;
FILE_DESCRIPTION(('STEP AP242'),'1');
FILE_NAME('528080670.stp','2026-06-20T13:54:58',('TraceParts'),('TraceParts S.A.S.'),'Spatial InterOp 3D',' ',' ');
FILE_SCHEMA(('AP242_MANAGED_MODEL_BASED_3D_ENGINEERING_MIM_LF  {1 0 10303 442 1 1 4}'));
ENDSEC;
DATA;
#1=MECHANICAL_DESIGN_GEOMETRIC_PRESENTATION_REPRESENTATION(' ',(#10,#11,#12,#13,#14,#15,#16,#17,#18,#19,#20,#21,#22,#23,#24,#25,#26,#27,#28,#29,#30,#31,#32,#33,#34,#35,#36,#37,#38,#39,#40,#41,#42,#43,#44,#45,#46,#47,#48,#49,#50,#51,#52,#53,#54,#55,#56,#57,#58,#59,#60,#61,#62,#63,#64,#65,#66,#67,#68,#69,#70,#71,#72,#73,#74,#75,#76,#77,#78,#79,#80,#81,#82,#83,#84,#85,#86,#87,#88,#89,#90,#91,#92,#93,#94,#95,#96,#97,#98,#99,#100,#101,#102,#103,#104,#105,#106,#107,#108,#109,#110,#111,#112,#113,#114,#115,#116,#117,#118,#119,#120,#121,#122,#123,#124,#125,#126,#127,#128,#129,#130,#131,#132,#133,#134,#135,#136,#137,#138,#139,#140,#141,#142,#143,#144,#145,#146,#147,#148,#149,#150,#151,#152,#153,#154,#155,#156,#157,#158,#159,#160,#161,#162,#163,#164,#165,#166,#167,#168,#169,#170,#171,#172,#173,#174,#175,#176,#177,#178,#179,#180,#181,#182,#183,#184,#185,#186,#187,#188,#189,#190,#191,#192,#193,#194,#195,#196,#197,#198,#199,#200,#201,#202,#203,#204,#205,#206,#207,#208,#209,#210,#211,#212,#213,#214,#215,#216,#217,#218,#219,#220,#221,#222,#223,#224,#225,#226,#227,#228,#229,#230,#231,#232,#233,#234,#235,#236,#237,#238,#239,#240,#241,#242,#243,#244,#245,#246,#247,#248,#249,#250,#251,#252,#253,#254,#255,#256,#257,#258,#259,#260,#261,#262,#263,#264,#265,#266,#267,#268,#269,#270,#271,#272,#273,#274,#275,#276,#277,#278,#279,#280,#281,#282,#283,#284,#285,#286,#287,#288,#289,#290,#291,#292,#293,#294,#295,#296,#297,#298,#299,#300,#301,#302,#303,#304,#305,#306,#307,#308,#309,#310,#311,#312,#313,#314,#315,#316,#317,#318,#319,#320,#321,#322,#323,#324,#325,#326,#327,#328,#329,#330,#331,#332,#333,#334,#335,#336,#337,#338,#339,#340,#341,#342,#343,#344,#345,#346,#347,#348,#349,#350,#351,#352,#353,#354,#355,#356,#357,#358,#359,#360,#361,#362,#363,#364,#365,#366,#367,#368,#369,#370,#371,#372,#373,#374,#375,#376,#377,#378,#379,#380,#381,#382,#383,#384,#385,#386,#387,#388,#389,#390,#391,#392,#393,#394,#395,#396,#397,#398,#399,#400,#401,#402,#403,#404,#405,#406,#407,#408,#409,#410),#6);
#2=PRODUCT_DEFINITION_CONTEXT('',#411,'design');
#3=APPLICATION_PROTOCOL_DEFINITION('INTERNATIONAL STANDARD','ap242_managed_model_based_3d_engineering',2014,#411);
#4=PRODUCT_CATEGORY_RELATIONSHIP('NONE','NONE',#412,#413);
#5=SHAPE_DEFINITION_REPRESENTATION(#414,#415);
#6= (GEOMETRIC_REPRESENTATION_CONTEXT(3)GLOBAL_UNCERTAINTY_ASSIGNED_CONTEXT((#418))GLOBAL_UNIT_ASSIGNED_CONTEXT((#420,#421,#422))REPRESENTATION_CONTEXT('NONE','WORKSPACE'));
#10=STYLED_ITEM('',(#424),#425);
#11=STYLED_ITEM('',(#426),#427);
#12=STYLED_ITEM('',(#428),#429);
#13=STYLED_ITEM('',(#430),#431);
#14=STYLED_ITEM('',(#432),#433);
#15=STYLED_ITEM('',(#434),#435);
#16=STYLED_ITEM('',(#436),#437);
#17=STYLED_ITEM('',(#438),#439);
#18=STYLED_ITEM('',(#440),#441);
#19=STYLED_ITEM('',(#442),#443);
#20=STYLED_ITEM('',(#444),#445);
#21=STYLED_ITEM('',(#446),#447);
#22=STYLED_ITEM('',(#448),#449);
#23=STYLED_ITEM('',(#450),#451);
#24=STYLED_ITEM('',(#452),#453);
#25=STYLED_ITEM('',(#454),#455);
#26=STYLED_ITEM('',(#456),#457);
#27=STYLED_ITEM('',(#458),#459);
#28=STYLED_ITEM('',(#460),#461);
#29=STYLED_ITEM('',(#462),#463);
#30=STYLED_ITEM('',(#464),#465);
#31=STYLED_ITEM('',(#466),#467);
#32=STYLED_ITEM('',(#468),#469);
#33=STYLED_ITEM('',(#470),#471);
#34=STYLED_ITEM('',(#472),#473);
#35=STYLED_ITEM('',(#474),#475);
#36=STYLED_ITEM('',(#476),#477);
#37=STYLED_ITEM('',(#478),#479);
#38=STYLED_ITEM('',(#480),#481);
#39=STYLED_ITEM('',(#482),#483);
#40=STYLED_ITEM('',(#484),#485);
#41=STYLED_ITEM('',(#486),#487);
#42=STYLED_ITEM('',(#488),#489);
#43=STYLED_ITEM('',(#490),#491);
#44=STYLED_ITEM('',(#492),#493);
#45=STYLED_ITEM('',(#494),#495);
#46=STYLED_ITEM('',(#496),#497);
#47=STYLED_ITEM('',(#498),#499);
#48=STYLED_ITEM('',(#500),#501);
#49=STYLED_ITEM('',(#502),#503);
#50=STYLED_ITEM('',(#504),#505);
#51=STYLED_ITEM('',(#506),#507);
#52=STYLED_ITEM('',(#508),#509);
#53=STYLED_ITEM('',(#510),#511);
#54=STYLED_ITEM('',(#512),#513);
#55=STYLED_ITEM('',(#514),#515);
#56=STYLED_ITEM('',(#516),#517);
#57=STYLED_ITEM('',(#518),#519);
#58=STYLED_ITEM('',(#520),#521);
#59=STYLED_ITEM('',(#522),#523);
#60=STYLED_ITEM('',(#524),#525);
#61=STYLED_ITEM('',(#526),#527);
#62=STYLED_ITEM('',(#528),#529);
#63=STYLED_ITEM('',(#530),#531);
#64=STYLED_ITEM('',(#532),#533);
#65=STYLED_ITEM('',(#534),#535);
#66=STYLED_ITEM('',(#536),#537);
#67=STYLED_ITEM('',(#538),#539);
#68=STYLED_ITEM('',(#540),#541);
#69=STYLED_ITEM('',(#542),#543);
#70=STYLED_ITEM('',(#544),#545);
#71=STYLED_ITEM('',(#546),#547);
#72=STYLED_ITEM('',(#548),#549);
#73=STYLED_ITEM('',(#550),#551);
#74=STYLED_ITEM('',(#552),#553);
#75=STYLED_ITEM('',(#554),#555);
#76=STYLED_ITEM('',(#556),#557);
#77=STYLED_ITEM('',(#558),#559);
#78=STYLED_ITEM('',(#560),#561);
#79=STYLED_ITEM('',(#562),#563);
#80=STYLED_ITEM('',(#564),#565);
#81=STYLED_ITEM('',(#566),#567);
#82=STYLED_ITEM('',(#568),#569);
#83=STYLED_ITEM('',(#570),#571);
#84=STYLED_ITEM('',(#572),#573);
#85=STYLED_ITEM('',(#574),#575);
#86=STYLED_ITEM('',(#576),#577);
#87=STYLED_ITEM('',(#578),#579);
#88=STYLED_ITEM('',(#580),#581);
#89=STYLED_ITEM('',(#582),#583);
#90=STYLED_ITEM('',(#584),#585);
#91=STYLED_ITEM('',(#586),#587);
#92=STYLED_ITEM('',(#588),#589);
#93=STYLED_ITEM('',(#590),#591);
#94=STYLED_ITEM('',(#592),#593);
#95=STYLED_ITEM('',(#594),#595);
#96=STYLED_ITEM('',(#596),#597);
#97=STYLED_ITEM('',(#598),#599);
#98=STYLED_ITEM('',(#600),#601);
#99=STYLED_ITEM('',(#602),#603);
#100=STYLED_ITEM('',(#604),#605);
#101=STYLED_ITEM('',(#606),#607);
#102=STYLED_ITEM('',(#608),#609);
#103=STYLED_ITEM('',(#610),#611);
#104=STYLED_ITEM('',(#612),#613);
#105=STYLED_ITEM('',(#614),#615);
#106=STYLED_ITEM('',(#616),#617);
#107=STYLED_ITEM('',(#618),#619);
#108=STYLED_ITEM('',(#620),#621);
#109=STYLED_ITEM('',(#622),#623);
#110=STYLED_ITEM('',(#624),#625);
#111=STYLED_ITEM('',(#626),#627);
#112=STYLED_ITEM('',(#628),#629);
#113=STYLED_ITEM('',(#630),#631);
#114=STYLED_ITEM('',(#632),#633);
#115=STYLED_ITEM('',(#634),#635);
#116=STYLED_ITEM('',(#636),#637);
#117=STYLED_ITEM('',(#638),#639);
#118=STYLED_ITEM('',(#640),#641);
#119=STYLED_ITEM('',(#642),#643);
#120=STYLED_ITEM('',(#644),#645);
#121=STYLED_ITEM('',(#646),#647);
#122=STYLED_ITEM('',(#648),#649);
#123=STYLED_ITEM('',(#650),#651);
#124=STYLED_ITEM('',(#652),#653);
#125=STYLED_ITEM('',(#654),#655);
#126=STYLED_ITEM('',(#656),#657);
#127=STYLED_ITEM('',(#658),#659);
#128=STYLED_ITEM('',(#660),#661);
#129=STYLED_ITEM('',(#662),#663);
#130=STYLED_ITEM('',(#664),#665);
#131=STYLED_ITEM('',(#666),#667);
#132=STYLED_ITEM('',(#668),#669);
#133=STYLED_ITEM('',(#670),#671);
#134=STYLED_ITEM('',(#672),#673);
#135=STYLED_ITEM('',(#674),#675);
#136=STYLED_ITEM('',(#676),#677);
#137=STYLED_ITEM('',(#678),#679);
#138=STYLED_ITEM('',(#680),#681);
#139=STYLED_ITEM('',(#682),#683);
#140=STYLED_ITEM('',(#684),#685);
#141=STYLED_ITEM('',(#686),#687);
#142=STYLED_ITEM('',(#688),#689);
#143=STYLED_ITEM('',(#690),#691);
#144=STYLED_ITEM('',(#692),#693);
#145=STYLED_ITEM('',(#694),#695);
#146=STYLED_ITEM('',(#696),#697);
#147=STYLED_ITEM('',(#698),#699);
#148=STYLED_ITEM('',(#700),#701);
#149=STYLED_ITEM('',(#702),#703);
#150=STYLED_ITEM('',(#704),#705);
#151=STYLED_ITEM('',(#706),#707);
#152=STYLED_ITEM('',(#708),#709);
#153=STYLED_ITEM('',(#710),#711);
#154=STYLED_ITEM('',(#712),#713);
#155=STYLED_ITEM('',(#714),#715);
#156=STYLED_ITEM('',(#716),#717);
#157=STYLED_ITEM('',(#718),#719);
#158=STYLED_ITEM('',(#720),#721);
#159=STYLED_ITEM('',(#722),#723);
#160=STYLED_ITEM('',(#724),#725);
#161=STYLED_ITEM('',(#726),#727);
#162=STYLED_ITEM('',(#728),#729);
#163=STYLED_ITEM('',(#730),#731);
#164=STYLED_ITEM('',(#732),#733);
#165=STYLED_ITEM('',(#734),#735);
#166=STYLED_ITEM('',(#736),#737);
#167=STYLED_ITEM('',(#738),#739);
#168=STYLED_ITEM('',(#740),#741);
#169=STYLED_ITEM('',(#742),#743);
#170=STYLED_ITEM('',(#744),#745);
#171=STYLED_ITEM('',(#746),#747);
#172=STYLED_ITEM('',(#748),#749);
#173=STYLED_ITEM('',(#750),#751);
#174=STYLED_ITEM('',(#752),#753);
#175=STYLED_ITEM('',(#754),#755);
#176=STYLED_ITEM('',(#756),#757);
#177=STYLED_ITEM('',(#758),#759);
#178=STYLED_ITEM('',(#760),#761);
#179=STYLED_ITEM('',(#762),#763);
#180=STYLED_ITEM('',(#764),#765);
#181=STYLED_ITEM('',(#766),#767);
#182=STYLED_ITEM('',(#768),#769);
#183=STYLED_ITEM('',(#770),#771);
#184=STYLED_ITEM('',(#772),#773);
#185=STYLED_ITEM('',(#774),#775);
#186=STYLED_ITEM('',(#776),#777);
#187=STYLED_ITEM('',(#778),#779);
#188=STYLED_ITEM('',(#780),#781);
#189=STYLED_ITEM('',(#782),#783);
#190=STYLED_ITEM('',(#784),#785);
#191=STYLED_ITEM('',(#786),#787);
#192=STYLED_ITEM('',(#788),#789);
#193=STYLED_ITEM('',(#790),#791);
#194=STYLED_ITEM('',(#792),#793);
#195=STYLED_ITEM('',(#794),#795);
#196=STYLED_ITEM('',(#796),#797);
#197=STYLED_ITEM('',(#798),#799);
#198=STYLED_ITEM('',(#800),#801);
#199=STYLED_ITEM('',(#802),#803);
#200=STYLED_ITEM('',(#804),#805);
#201=STYLED_ITEM('',(#806),#807);
#202=STYLED_ITEM('',(#808),#809);
#203=STYLED_ITEM('',(#810),#811);
#204=STYLED_ITEM('',(#812),#813);
#205=STYLED_ITEM('',(#814),#815);
#206=STYLED_ITEM('',(#816),#817);
#207=STYLED_ITEM('',(#818),#819);
#208=STYLED_ITEM('',(#820),#821);
#209=STYLED_ITEM('',(#822),#823);
#210=STYLED_ITEM('',(#824),#825);
#211=STYLED_ITEM('',(#826),#827);
#212=STYLED_ITEM('',(#828),#829);
#213=STYLED_ITEM('',(#830),#831);
#214=STYLED_ITEM('',(#832),#833);
#215=STYLED_ITEM('',(#834),#835);
#216=STYLED_ITEM('',(#836),#837);
#217=STYLED_ITEM('',(#838),#839);
#218=STYLED_ITEM('',(#840),#841);
#219=STYLED_ITEM('',(#842),#843);
#220=STYLED_ITEM('',(#844),#845);
#221=STYLED_ITEM('',(#846),#847);
#222=STYLED_ITEM('',(#848),#849);
#223=STYLED_ITEM('',(#850),#851);
#224=STYLED_ITEM('',(#852),#853);
#225=STYLED_ITEM('',(#854),#855);
#226=STYLED_ITEM('',(#856),#857);
#227=STYLED_ITEM('',(#858),#859);
#228=STYLED_ITEM('',(#860),#861);
#229=STYLED_ITEM('',(#862),#863);
#230=STYLED_ITEM('',(#864),#865);
#231=STYLED_ITEM('',(#866),#867);
#232=STYLED_ITEM('',(#868),#869);
#233=STYLED_ITEM('',(#870),#871);
#234=STYLED_ITEM('',(#872),#873);
#235=STYLED_ITEM('',(#874),#875);
#236=STYLED_ITEM('',(#876),#877);
#237=STYLED_ITEM('',(#878),#879);
#238=STYLED_ITEM('',(#880),#881);
#239=STYLED_ITEM('',(#882),#883);
#240=STYLED_ITEM('',(#884),#885);
#241=STYLED_ITEM('',(#886),#887);
#242=STYLED_ITEM('',(#888),#889);
#243=STYLED_ITEM('',(#890),#891);
#244=STYLED_ITEM('',(#892),#893);
#245=STYLED_ITEM('',(#894),#895);
#246=STYLED_ITEM('',(#896),#897);
#247=STYLED_ITEM('',(#898),#899);
#248=STYLED_ITEM('',(#900),#901);
#249=STYLED_ITEM('',(#902),#903);
#250=STYLED_ITEM('',(#904),#905);
#251=STYLED_ITEM('',(#906),#907);
#252=STYLED_ITEM('',(#908),#909);
#253=STYLED_ITEM('',(#910),#911);
#254=STYLED_ITEM('',(#912),#913);
#255=STYLED_ITEM('',(#914),#915);
#256=STYLED_ITEM('',(#916),#917);
#257=STYLED_ITEM('',(#918),#919);
#258=STYLED_ITEM('',(#920),#921);
#259=STYLED_ITEM('',(#922),#923);
#260=STYLED_ITEM('',(#924),#925);
#261=STYLED_ITEM('',(#926),#927);
#262=STYLED_ITEM('',(#928),#929);
#263=STYLED_ITEM('',(#930),#931);
#264=STYLED_ITEM('',(#932),#933);
#265=STYLED_ITEM('',(#934),#935);
#266=STYLED_ITEM('',(#936),#937);
#267=STYLED_ITEM('',(#938),#939);
#268=STYLED_ITEM('',(#940),#941);
#269=STYLED_ITEM('',(#942),#943);
#270=STYLED_ITEM('',(#944),#945);
#271=STYLED_ITEM('',(#946),#947);
#272=STYLED_ITEM('',(#948),#949);
#273=STYLED_ITEM('',(#950),#951);
#274=STYLED_ITEM('',(#952),#953);
#275=STYLED_ITEM('',(#954),#955);
#276=STYLED_ITEM('',(#956),#957);
#277=STYLED_ITEM('',(#958),#959);
#278=STYLED_ITEM('',(#960),#961);
#279=STYLED_ITEM('',(#962),#963);
#280=STYLED_ITEM('',(#964),#965);
#281=STYLED_ITEM('',(#966),#967);
#282=STYLED_ITEM('',(#968),#969);
#283=STYLED_ITEM('',(#970),#971);
#284=STYLED_ITEM('',(#972),#973);
#285=STYLED_ITEM('',(#974),#975);
#286=STYLED_ITEM('',(#976),#977);
#287=STYLED_ITEM('',(#978),#979);
#288=STYLED_ITEM('',(#980),#981);
#289=STYLED_ITEM('',(#982),#983);
#290=STYLED_ITEM('',(#984),#985);
#291=STYLED_ITEM('',(#986),#987);
#292=STYLED_ITEM('',(#988),#989);
#293=STYLED_ITEM('',(#990),#991);
#294=STYLED_ITEM('',(#992),#993);
#295=STYLED_ITEM('',(#994),#995);
#296=STYLED_ITEM('',(#996),#997);
#297=STYLED_ITEM('',(#998),#999);
#298=STYLED_ITEM('',(#1000),#1001);
#299=STYLED_ITEM('',(#1002),#1003);
#300=STYLED_ITEM('',(#1004),#1005);
#301=STYLED_ITEM('',(#1006),#1007);
#302=STYLED_ITEM('',(#1008),#1009);
#303=STYLED_ITEM('',(#1010),#1011);
#304=STYLED_ITEM('',(#1012),#1013);
#305=STYLED_ITEM('',(#1014),#1015);
#306=STYLED_ITEM('',(#1016),#1017);
#307=STYLED_ITEM('',(#1018),#1019);
#308=STYLED_ITEM('',(#1020),#1021);
#309=STYLED_ITEM('',(#1022),#1023);
#310=STYLED_ITEM('',(#1024),#1025);
#311=STYLED_ITEM('',(#1026),#1027);
#312=STYLED_ITEM('',(#1028),#1029);
#313=STYLED_ITEM('',(#1030),#1031);
#314=STYLED_ITEM('',(#1032),#1033);
#315=STYLED_ITEM('',(#1034),#1035);
#316=STYLED_ITEM('',(#1036),#1037);
#317=STYLED_ITEM('',(#1038),#1039);
#318=STYLED_ITEM('',(#1040),#1041);
#319=STYLED_ITEM('',(#1042),#1043);
#320=STYLED_ITEM('',(#1044),#1045);
#321=STYLED_ITEM('',(#1046),#1047);
#322=STYLED_ITEM('',(#1048),#1049);
#323=STYLED_ITEM('',(#1050),#1051);
#324=STYLED_ITEM('',(#1052),#1053);
#325=STYLED_ITEM('',(#1054),#1055);
#326=STYLED_ITEM('',(#1056),#1057);
#327=STYLED_ITEM('',(#1058),#1059);
#328=STYLED_ITEM('',(#1060),#1061);
#329=STYLED_ITEM('',(#1062),#1063);
#330=STYLED_ITEM('',(#1064),#1065);
#331=STYLED_ITEM('',(#1066),#1067);
#332=STYLED_ITEM('',(#1068),#1069);
#333=STYLED_ITEM('',(#1070),#1071);
#334=STYLED_ITEM('',(#1072),#1073);
#335=STYLED_ITEM('',(#1074),#1075);
#336=STYLED_ITEM('',(#1076),#1077);
#337=STYLED_ITEM('',(#1078),#1079);
#338=STYLED_ITEM('',(#1080),#1081);
#339=STYLED_ITEM('',(#1082),#1083);
#340=STYLED_ITEM('',(#1084),#1085);
#341=STYLED_ITEM('',(#1086),#1087);
#342=STYLED_ITEM('',(#1088),#1089);
#343=STYLED_ITEM('',(#1090),#1091);
#344=STYLED_ITEM('',(#1092),#1093);
#345=STYLED_ITEM('',(#1094),#1095);
#346=STYLED_ITEM('',(#1096),#1097);
#347=STYLED_ITEM('',(#1098),#1099);
#348=STYLED_ITEM('',(#1100),#1101);
#349=STYLED_ITEM('',(#1102),#1103);
#350=STYLED_ITEM('',(#1104),#1105);
#351=STYLED_ITEM('',(#1106),#1107);
#352=STYLED_ITEM('',(#1108),#1109);
#353=STYLED_ITEM('',(#1110),#1111);
#354=STYLED_ITEM('',(#1112),#1113);
#355=STYLED_ITEM('',(#1114),#1115);
#356=STYLED_ITEM('',(#1116),#1117);
#357=STYLED_ITEM('',(#1118),#1119);
#358=STYLED_ITEM('',(#1120),#1121);
#359=STYLED_ITEM('',(#1122),#1123);
#360=STYLED_ITEM('',(#1124),#1125);
#361=STYLED_ITEM('',(#1126),#1127);
#362=STYLED_ITEM('',(#1128),#1129);
#363=STYLED_ITEM('',(#1130),#1131);
#364=STYLED_ITEM('',(#1132),#1133);
#365=STYLED_ITEM('',(#1134),#1135);
#366=STYLED_ITEM('',(#1136),#1137);
#367=STYLED_ITEM('',(#1138),#1139);
#368=STYLED_ITEM('',(#1140),#1141);
#369=STYLED_ITEM('',(#1142),#1143);
#370=STYLED_ITEM('',(#1144),#1145);
#371=STYLED_ITEM('',(#1146),#1147);
#372=STYLED_ITEM('',(#1148),#1149);
#373=STYLED_ITEM('',(#1150),#1151);
#374=STYLED_ITEM('',(#1152),#1153);
#375=STYLED_ITEM('',(#1154),#1155);
#376=STYLED_ITEM('',(#1156),#1157);
#377=STYLED_ITEM('',(#1158),#1159);
#378=STYLED_ITEM('',(#1160),#1161);
#379=STYLED_ITEM('',(#1162),#1163);
#380=STYLED_ITEM('',(#1164),#1165);
#381=STYLED_ITEM('',(#1166),#1167);
#382=STYLED_ITEM('',(#1168),#1169);
#383=STYLED_ITEM('',(#1170),#1171);
#384=STYLED_ITEM('',(#1172),#1173);
#385=STYLED_ITEM('',(#1174),#1175);
#386=STYLED_ITEM('',(#1176),#1177);
#387=STYLED_ITEM('',(#1178),#1179);
#388=STYLED_ITEM('',(#1180),#1181);
#389=STYLED_ITEM('',(#1182),#1183);
#390=STYLED_ITEM('',(#1184),#1185);
#391=STYLED_ITEM('',(#1186),#1187);
#392=STYLED_ITEM('',(#1188),#1189);
#393=STYLED_ITEM('',(#1190),#1191);
#394=STYLED_ITEM('',(#1192),#1193);
#395=STYLED_ITEM('',(#1194),#1195);
#396=STYLED_ITEM('',(#1196),#1197);
#397=STYLED_ITEM('',(#1198),#1199);
#398=STYLED_ITEM('',(#1200),#1201);
#399=STYLED_ITEM('',(#1202),#1203);
#400=STYLED_ITEM('',(#1204),#1205);
#401=STYLED_ITEM('',(#1206),#1207);
#402=STYLED_ITEM('',(#1208),#1209);
#403=STYLED_ITEM('',(#1210),#1211);
#404=STYLED_ITEM('',(#1212),#1213);
#405=STYLED_ITEM('',(#1214),#1215);
#406=STYLED_ITEM('',(#1216),#1217);
#407=STYLED_ITEM('',(#1218),#1219);
#408=STYLED_ITEM('',(#1220),#1221);
#409=STYLED_ITEM('',(#1222),#1223);
#410=STYLED_ITEM('',(#1224),#1225);
#411=APPLICATION_CONTEXT('managed model based 3d engineering');
#412=PRODUCT_CATEGORY('part','NONE');
#413=PRODUCT_RELATED_PRODUCT_CATEGORY('detail',' ',(#1226));
#414=PRODUCT_DEFINITION_SHAPE('NONE','NONE',#1227);
#415=ADVANCED_BREP_SHAPE_REPRESENTATION('1',(#1225,#1228),#6);
#418=UNCERTAINTY_MEASURE_WITH_UNIT(LENGTH_MEASURE(1.0E-06),#420,'','');
#420= (CONVERSION_BASED_UNIT('MILLIMETRE',#1231)LENGTH_UNIT()NAMED_UNIT(#1234));
#421= (NAMED_UNIT(#1236)PLANE_ANGLE_UNIT()SI_UNIT($,.RADIAN.));
#422= (NAMED_UNIT(#1236)SOLID_ANGLE_UNIT()SI_UNIT($,.STERADIAN.));
#424=PRESENTATION_STYLE_ASSIGNMENT((#1242));
#425=ADVANCED_FACE('',(#1243),#1244,.T.);
#426=PRESENTATION_STYLE_ASSIGNMENT((#1245));
#427=ADVANCED_FACE('',(#1246),#1247,.T.);
#428=PRESENTATION_STYLE_ASSIGNMENT((#1248));
#429=ADVANCED_FACE('',(#1249),#1250,.T.);
#430=PRESENTATION_STYLE_ASSIGNMENT((#1251));
#431=ADVANCED_FACE('',(#1252),#1253,.T.);
#432=PRESENTATION_STYLE_ASSIGNMENT((#1254));
#433=ADVANCED_FACE('',(#1255),#1256,.T.);
#434=PRESENTATION_STYLE_ASSIGNMENT((#1257));
#435=ADVANCED_FACE('',(#1258),#1259,.T.);
#436=PRESENTATION_STYLE_ASSIGNMENT((#1260));
#437=ADVANCED_FACE('',(#1261),#1262,.T.);
#438=PRESENTATION_STYLE_ASSIGNMENT((#1263));
#439=ADVANCED_FACE('',(#1264),#1265,.T.);
#440=PRESENTATION_STYLE_ASSIGNMENT((#1266));
#441=ADVANCED_FACE('',(#1267),#1268,.T.);
#442=PRESENTATION_STYLE_ASSIGNMENT((#1269));
#443=ADVANCED_FACE('',(#1270),#1271,.T.);
#444=PRESENTATION_STYLE_ASSIGNMENT((#1272));
#445=ADVANCED_FACE('',(#1273),#1274,.T.);
#446=PRESENTATION_STYLE_ASSIGNMENT((#1275));
#447=ADVANCED_FACE('',(#1276),#1277,.T.);
#448=PRESENTATION_STYLE_ASSIGNMENT((#1278));
#449=ADVANCED_FACE('',(#1279),#1280,.T.);
#450=PRESENTATION_STYLE_ASSIGNMENT((#1281));
#451=ADVANCED_FACE('',(#1282),#1283,.T.);
#452=PRESENTATION_STYLE_ASSIGNMENT((#1284));
#453=ADVANCED_FACE('',(#1285),#1286,.T.);
#454=PRESENTATION_STYLE_ASSIGNMENT((#1287));
#455=ADVANCED_FACE('',(#1288),#1289,.T.);
#456=PRESENTATION_STYLE_ASSIGNMENT((#1290));
#457=ADVANCED_FACE('',(#1291),#1292,.T.);
#458=PRESENTATION_STYLE_ASSIGNMENT((#1293));
#459=ADVANCED_FACE('',(#1294),#1295,.T.);
#460=PRESENTATION_STYLE_ASSIGNMENT((#1296));
#461=ADVANCED_FACE('',(#1297),#1298,.F.);
#462=PRESENTATION_STYLE_ASSIGNMENT((#1299));
#463=ADVANCED_FACE('',(#1300),#1301,.T.);
#464=PRESENTATION_STYLE_ASSIGNMENT((#1302));
#465=ADVANCED_FACE('',(#1303),#1304,.T.);
#466=PRESENTATION_STYLE_ASSIGNMENT((#1305));
#467=ADVANCED_FACE('',(#1306),#1307,.T.);
#468=PRESENTATION_STYLE_ASSIGNMENT((#1308));
#469=ADVANCED_FACE('',(#1309),#1310,.F.);
#470=PRESENTATION_STYLE_ASSIGNMENT((#1311));
#471=ADVANCED_FACE('',(#1312),#1313,.F.);
#472=PRESENTATION_STYLE_ASSIGNMENT((#1314));
#473=ADVANCED_FACE('',(#1315),#1316,.T.);
#474=PRESENTATION_STYLE_ASSIGNMENT((#1317));
#475=ADVANCED_FACE('',(#1318),#1319,.T.);
#476=PRESENTATION_STYLE_ASSIGNMENT((#1320));
#477=ADVANCED_FACE('',(#1321),#1322,.T.);
#478=PRESENTATION_STYLE_ASSIGNMENT((#1323));
#479=ADVANCED_FACE('',(#1324),#1325,.F.);
#480=PRESENTATION_STYLE_ASSIGNMENT((#1326));
#481=ADVANCED_FACE('',(#1327),#1328,.F.);
#482=PRESENTATION_STYLE_ASSIGNMENT((#1329));
#483=ADVANCED_FACE('',(#1330),#1331,.T.);
#484=PRESENTATION_STYLE_ASSIGNMENT((#1332));
#485=ADVANCED_FACE('',(#1333),#1334,.T.);
#486=PRESENTATION_STYLE_ASSIGNMENT((#1335));
#487=ADVANCED_FACE('',(#1336),#1337,.F.);
#488=PRESENTATION_STYLE_ASSIGNMENT((#1338));
#489=ADVANCED_FACE('',(#1339),#1340,.F.);
#490=PRESENTATION_STYLE_ASSIGNMENT((#1341));
#491=ADVANCED_FACE('',(#1342),#1343,.F.);
#492=PRESENTATION_STYLE_ASSIGNMENT((#1344));
#493=ADVANCED_FACE('',(#1345),#1346,.F.);
#494=PRESENTATION_STYLE_ASSIGNMENT((#1347));
#495=ADVANCED_FACE('',(#1348),#1349,.F.);
#496=PRESENTATION_STYLE_ASSIGNMENT((#1350));
#497=ADVANCED_FACE('',(#1351),#1352,.T.);
#498=PRESENTATION_STYLE_ASSIGNMENT((#1353));
#499=ADVANCED_FACE('',(#1354),#1355,.T.);
#500=PRESENTATION_STYLE_ASSIGNMENT((#1356));
#501=ADVANCED_FACE('',(#1357),#1358,.F.);
#502=PRESENTATION_STYLE_ASSIGNMENT((#1359));
#503=ADVANCED_FACE('',(#1360),#1361,.F.);
#504=PRESENTATION_STYLE_ASSIGNMENT((#1362));
#505=ADVANCED_FACE('',(#1363),#1364,.F.);
#506=PRESENTATION_STYLE_ASSIGNMENT((#1365));
#507=ADVANCED_FACE('',(#1366),#1367,.T.);
#508=PRESENTATION_STYLE_ASSIGNMENT((#1368));
#509=ADVANCED_FACE('',(#1369),#1370,.T.);
#510=PRESENTATION_STYLE_ASSIGNMENT((#1371));
#511=ADVANCED_FACE('',(#1372),#1373,.F.);
#512=PRESENTATION_STYLE_ASSIGNMENT((#1374));
#513=ADVANCED_FACE('',(#1375),#1376,.T.);
#514=PRESENTATION_STYLE_ASSIGNMENT((#1377));
#515=ADVANCED_FACE('',(#1378),#1379,.T.);
#516=PRESENTATION_STYLE_ASSIGNMENT((#1380));
#517=ADVANCED_FACE('',(#1381),#1382,.T.);
#518=PRESENTATION_STYLE_ASSIGNMENT((#1383));
#519=ADVANCED_FACE('',(#1384),#1385,.T.);
#520=PRESENTATION_STYLE_ASSIGNMENT((#1386));
#521=ADVANCED_FACE('',(#1387),#1388,.T.);
#522=PRESENTATION_STYLE_ASSIGNMENT((#1389));
#523=ADVANCED_FACE('',(#1390),#1391,.F.);
#524=PRESENTATION_STYLE_ASSIGNMENT((#1392));
#525=ADVANCED_FACE('',(#1393),#1394,.F.);
#526=PRESENTATION_STYLE_ASSIGNMENT((#1395));
#527=ADVANCED_FACE('',(#1396),#1397,.F.);
#528=PRESENTATION_STYLE_ASSIGNMENT((#1398));
#529=ADVANCED_FACE('',(#1399),#1400,.T.);
#530=PRESENTATION_STYLE_ASSIGNMENT((#1401));
#531=ADVANCED_FACE('',(#1402),#1403,.T.);
#532=PRESENTATION_STYLE_ASSIGNMENT((#1404));
#533=ADVANCED_FACE('',(#1405),#1406,.T.);
#534=PRESENTATION_STYLE_ASSIGNMENT((#1407));
#535=ADVANCED_FACE('',(#1408),#1409,.F.);
#536=PRESENTATION_STYLE_ASSIGNMENT((#1410));
#537=ADVANCED_FACE('',(#1411),#1412,.F.);
#538=PRESENTATION_STYLE_ASSIGNMENT((#1413));
#539=ADVANCED_FACE('',(#1414),#1415,.T.);
#540=PRESENTATION_STYLE_ASSIGNMENT((#1416));
#541=ADVANCED_FACE('',(#1417),#1418,.T.);
#542=PRESENTATION_STYLE_ASSIGNMENT((#1419));
#543=ADVANCED_FACE('',(#1420),#1421,.T.);
#544=PRESENTATION_STYLE_ASSIGNMENT((#1422));
#545=ADVANCED_FACE('',(#1423),#1424,.F.);
#546=PRESENTATION_STYLE_ASSIGNMENT((#1425));
#547=ADVANCED_FACE('',(#1426),#1427,.F.);
#548=PRESENTATION_STYLE_ASSIGNMENT((#1428));
#549=ADVANCED_FACE('',(#1429),#1430,.T.);
#550=PRESENTATION_STYLE_ASSIGNMENT((#1431));
#551=ADVANCED_FACE('',(#1432),#1433,.T.);
#552=PRESENTATION_STYLE_ASSIGNMENT((#1434));
#553=ADVANCED_FACE('',(#1435),#1436,.F.);
#554=PRESENTATION_STYLE_ASSIGNMENT((#1437));
#555=ADVANCED_FACE('',(#1438),#1439,.F.);
#556=PRESENTATION_STYLE_ASSIGNMENT((#1440));
#557=ADVANCED_FACE('',(#1441),#1442,.F.);
#558=PRESENTATION_STYLE_ASSIGNMENT((#1443));
#559=ADVANCED_FACE('',(#1444),#1445,.F.);
#560=PRESENTATION_STYLE_ASSIGNMENT((#1446));
#561=ADVANCED_FACE('',(#1447),#1448,.F.);
#562=PRESENTATION_STYLE_ASSIGNMENT((#1449));
#563=ADVANCED_FACE('',(#1450),#1451,.T.);
#564=PRESENTATION_STYLE_ASSIGNMENT((#1452));
#565=ADVANCED_FACE('',(#1453),#1454,.T.);
#566=PRESENTATION_STYLE_ASSIGNMENT((#1455));
#567=ADVANCED_FACE('',(#1456),#1457,.F.);
#568=PRESENTATION_STYLE_ASSIGNMENT((#1458));
#569=ADVANCED_FACE('',(#1459),#1460,.F.);
#570=PRESENTATION_STYLE_ASSIGNMENT((#1461));
#571=ADVANCED_FACE('',(#1462),#1463,.F.);
#572=PRESENTATION_STYLE_ASSIGNMENT((#1464));
#573=ADVANCED_FACE('',(#1465),#1466,.T.);
#574=PRESENTATION_STYLE_ASSIGNMENT((#1467));
#575=ADVANCED_FACE('',(#1468),#1469,.T.);
#576=PRESENTATION_STYLE_ASSIGNMENT((#1470));
#577=ADVANCED_FACE('',(#1471),#1472,.F.);
#578=PRESENTATION_STYLE_ASSIGNMENT((#1473));
#579=ADVANCED_FACE('',(#1474),#1475,.T.);
#580=PRESENTATION_STYLE_ASSIGNMENT((#1476));
#581=ADVANCED_FACE('',(#1477),#1478,.T.);
#582=PRESENTATION_STYLE_ASSIGNMENT((#1479));
#583=ADVANCED_FACE('',(#1480),#1481,.T.);
#584=PRESENTATION_STYLE_ASSIGNMENT((#1482));
#585=ADVANCED_FACE('',(#1483),#1484,.T.);
#586=PRESENTATION_STYLE_ASSIGNMENT((#1485));
#587=ADVANCED_FACE('',(#1486),#1487,.T.);
#588=PRESENTATION_STYLE_ASSIGNMENT((#1488));
#589=ADVANCED_FACE('',(#1489),#1490,.F.);
#590=PRESENTATION_STYLE_ASSIGNMENT((#1491));
#591=ADVANCED_FACE('',(#1492),#1493,.F.);
#592=PRESENTATION_STYLE_ASSIGNMENT((#1494));
#593=ADVANCED_FACE('',(#1495),#1496,.F.);
#594=PRESENTATION_STYLE_ASSIGNMENT((#1497));
#595=ADVANCED_FACE('',(#1498),#1499,.T.);
#596=PRESENTATION_STYLE_ASSIGNMENT((#1500));
#597=ADVANCED_FACE('',(#1501),#1502,.T.);
#598=PRESENTATION_STYLE_ASSIGNMENT((#1503));
#599=ADVANCED_FACE('',(#1504),#1505,.T.);
#600=PRESENTATION_STYLE_ASSIGNMENT((#1506));
#601=ADVANCED_FACE('',(#1507),#1508,.F.);
#602=PRESENTATION_STYLE_ASSIGNMENT((#1509));
#603=ADVANCED_FACE('',(#1510),#1511,.F.);
#604=PRESENTATION_STYLE_ASSIGNMENT((#1512));
#605=ADVANCED_FACE('',(#1513),#1514,.T.);
#606=PRESENTATION_STYLE_ASSIGNMENT((#1515));
#607=ADVANCED_FACE('',(#1516),#1517,.T.);
#608=PRESENTATION_STYLE_ASSIGNMENT((#1518));
#609=ADVANCED_FACE('',(#1519),#1520,.T.);
#610=PRESENTATION_STYLE_ASSIGNMENT((#1521));
#611=ADVANCED_FACE('',(#1522),#1523,.F.);
#612=PRESENTATION_STYLE_ASSIGNMENT((#1524));
#613=ADVANCED_FACE('',(#1525),#1526,.F.);
#614=PRESENTATION_STYLE_ASSIGNMENT((#1527));
#615=ADVANCED_FACE('',(#1528),#1529,.T.);
#616=PRESENTATION_STYLE_ASSIGNMENT((#1530));
#617=ADVANCED_FACE('',(#1531),#1532,.T.);
#618=PRESENTATION_STYLE_ASSIGNMENT((#1533));
#619=ADVANCED_FACE('',(#1534),#1535,.F.);
#620=PRESENTATION_STYLE_ASSIGNMENT((#1536));
#621=ADVANCED_FACE('',(#1537),#1538,.F.);
#622=PRESENTATION_STYLE_ASSIGNMENT((#1539));
#623=ADVANCED_FACE('',(#1540),#1541,.F.);
#624=PRESENTATION_STYLE_ASSIGNMENT((#1542));
#625=ADVANCED_FACE('',(#1543),#1544,.F.);
#626=PRESENTATION_STYLE_ASSIGNMENT((#1545));
#627=ADVANCED_FACE('',(#1546),#1547,.F.);
#628=PRESENTATION_STYLE_ASSIGNMENT((#1548));
#629=ADVANCED_FACE('',(#1549),#1550,.T.);
#630=PRESENTATION_STYLE_ASSIGNMENT((#1551));
#631=ADVANCED_FACE('',(#1552),#1553,.T.);
#632=PRESENTATION_STYLE_ASSIGNMENT((#1554));
#633=ADVANCED_FACE('',(#1555),#1556,.F.);
#634=PRESENTATION_STYLE_ASSIGNMENT((#1557));
#635=ADVANCED_FACE('',(#1558),#1559,.F.);
#636=PRESENTATION_STYLE_ASSIGNMENT((#1560));
#637=ADVANCED_FACE('',(#1561),#1562,.F.);
#638=PRESENTATION_STYLE_ASSIGNMENT((#1563));
#639=ADVANCED_FACE('',(#1564),#1565,.T.);
#640=PRESENTATION_STYLE_ASSIGNMENT((#1566));
#641=ADVANCED_FACE('',(#1567),#1568,.T.);
#642=PRESENTATION_STYLE_ASSIGNMENT((#1569));
#643=ADVANCED_FACE('',(#1570),#1571,.F.);
#644=PRESENTATION_STYLE_ASSIGNMENT((#1572));
#645=ADVANCED_FACE('',(#1573),#1574,.T.);
#646=PRESENTATION_STYLE_ASSIGNMENT((#1575));
#647=ADVANCED_FACE('',(#1576),#1577,.T.);
#648=PRESENTATION_STYLE_ASSIGNMENT((#1578));
#649=ADVANCED_FACE('',(#1579),#1580,.T.);
#650=PRESENTATION_STYLE_ASSIGNMENT((#1581));
#651=ADVANCED_FACE('',(#1582),#1583,.T.);
#652=PRESENTATION_STYLE_ASSIGNMENT((#1584));
#653=ADVANCED_FACE('',(#1585),#1586,.T.);
#654=PRESENTATION_STYLE_ASSIGNMENT((#1587));
#655=ADVANCED_FACE('',(#1588),#1589,.F.);
#656=PRESENTATION_STYLE_ASSIGNMENT((#1590));
#657=ADVANCED_FACE('',(#1591),#1592,.F.);
#658=PRESENTATION_STYLE_ASSIGNMENT((#1593));
#659=ADVANCED_FACE('',(#1594),#1595,.F.);
#660=PRESENTATION_STYLE_ASSIGNMENT((#1596));
#661=ADVANCED_FACE('',(#1597),#1598,.F.);
#662=PRESENTATION_STYLE_ASSIGNMENT((#1599));
#663=ADVANCED_FACE('',(#1600),#1601,.T.);
#664=PRESENTATION_STYLE_ASSIGNMENT((#1602));
#665=ADVANCED_FACE('',(#1603),#1604,.T.);
#666=PRESENTATION_STYLE_ASSIGNMENT((#1605));
#667=ADVANCED_FACE('',(#1606),#1607,.T.);
#668=PRESENTATION_STYLE_ASSIGNMENT((#1608));
#669=ADVANCED_FACE('',(#1609),#1610,.T.);
#670=PRESENTATION_STYLE_ASSIGNMENT((#1611));
#671=ADVANCED_FACE('',(#1612),#1613,.F.);
#672=PRESENTATION_STYLE_ASSIGNMENT((#1614));
#673=ADVANCED_FACE('',(#1615),#1616,.T.);
#674=PRESENTATION_STYLE_ASSIGNMENT((#1617));
#675=ADVANCED_FACE('',(#1618),#1619,.T.);
#676=PRESENTATION_STYLE_ASSIGNMENT((#1620));
#677=ADVANCED_FACE('',(#1621),#1622,.T.);
#678=PRESENTATION_STYLE_ASSIGNMENT((#1623));
#679=ADVANCED_FACE('',(#1624),#1625,.F.);
#680=PRESENTATION_STYLE_ASSIGNMENT((#1626));
#681=ADVANCED_FACE('',(#1627),#1628,.T.);
#682=PRESENTATION_STYLE_ASSIGNMENT((#1629));
#683=ADVANCED_FACE('',(#1630),#1631,.T.);
#684=PRESENTATION_STYLE_ASSIGNMENT((#1632));
#685=ADVANCED_FACE('',(#1633),#1634,.T.);
#686=PRESENTATION_STYLE_ASSIGNMENT((#1635));
#687=ADVANCED_FACE('',(#1636),#1637,.T.);
#688=PRESENTATION_STYLE_ASSIGNMENT((#1638));
#689=ADVANCED_FACE('',(#1639),#1640,.T.);
#690=PRESENTATION_STYLE_ASSIGNMENT((#1641));
#691=ADVANCED_FACE('',(#1642),#1643,.T.);
#692=PRESENTATION_STYLE_ASSIGNMENT((#1644));
#693=ADVANCED_FACE('',(#1645),#1646,.T.);
#694=PRESENTATION_STYLE_ASSIGNMENT((#1647));
#695=ADVANCED_FACE('',(#1648),#1649,.T.);
#696=PRESENTATION_STYLE_ASSIGNMENT((#1650));
#697=ADVANCED_FACE('',(#1651),#1652,.F.);
#698=PRESENTATION_STYLE_ASSIGNMENT((#1653));
#699=ADVANCED_FACE('',(#1654),#1655,.F.);
#700=PRESENTATION_STYLE_ASSIGNMENT((#1656));
#701=ADVANCED_FACE('',(#1657),#1658,.F.);
#702=PRESENTATION_STYLE_ASSIGNMENT((#1659));
#703=ADVANCED_FACE('',(#1660),#1661,.T.);
#704=PRESENTATION_STYLE_ASSIGNMENT((#1662));
#705=ADVANCED_FACE('',(#1663),#1664,.T.);
#706=PRESENTATION_STYLE_ASSIGNMENT((#1665));
#707=ADVANCED_FACE('',(#1666),#1667,.F.);
#708=PRESENTATION_STYLE_ASSIGNMENT((#1668));
#709=ADVANCED_FACE('',(#1669),#1670,.T.);
#710=PRESENTATION_STYLE_ASSIGNMENT((#1671));
#711=ADVANCED_FACE('',(#1672),#1673,.T.);
#712=PRESENTATION_STYLE_ASSIGNMENT((#1674));
#713=ADVANCED_FACE('',(#1675),#1676,.T.);
#714=PRESENTATION_STYLE_ASSIGNMENT((#1677));
#715=ADVANCED_FACE('',(#1678),#1679,.T.);
#716=PRESENTATION_STYLE_ASSIGNMENT((#1680));
#717=ADVANCED_FACE('',(#1681),#1682,.F.);
#718=PRESENTATION_STYLE_ASSIGNMENT((#1683));
#719=ADVANCED_FACE('',(#1684),#1685,.T.);
#720=PRESENTATION_STYLE_ASSIGNMENT((#1686));
#721=ADVANCED_FACE('',(#1687),#1688,.F.);
#722=PRESENTATION_STYLE_ASSIGNMENT((#1689));
#723=ADVANCED_FACE('',(#1690),#1691,.T.);
#724=PRESENTATION_STYLE_ASSIGNMENT((#1692));
#725=ADVANCED_FACE('',(#1693),#1694,.T.);
#726=PRESENTATION_STYLE_ASSIGNMENT((#1695));
#727=ADVANCED_FACE('',(#1696),#1697,.F.);
#728=PRESENTATION_STYLE_ASSIGNMENT((#1698));
#729=ADVANCED_FACE('',(#1699),#1700,.T.);
#730=PRESENTATION_STYLE_ASSIGNMENT((#1701));
#731=ADVANCED_FACE('',(#1702),#1703,.F.);
#732=PRESENTATION_STYLE_ASSIGNMENT((#1704));
#733=ADVANCED_FACE('',(#1705),#1706,.F.);
#734=PRESENTATION_STYLE_ASSIGNMENT((#1707));
#735=ADVANCED_FACE('',(#1708),#1709,.T.);
#736=PRESENTATION_STYLE_ASSIGNMENT((#1710));
#737=ADVANCED_FACE('',(#1711),#1712,.F.);
#738=PRESENTATION_STYLE_ASSIGNMENT((#1713));
#739=ADVANCED_FACE('',(#1714),#1715,.F.);
#740=PRESENTATION_STYLE_ASSIGNMENT((#1716));
#741=ADVANCED_FACE('',(#1717),#1718,.F.);
#742=PRESENTATION_STYLE_ASSIGNMENT((#1719));
#743=ADVANCED_FACE('',(#1720),#1721,.F.);
#744=PRESENTATION_STYLE_ASSIGNMENT((#1722));
#745=ADVANCED_FACE('',(#1723),#1724,.T.);
#746=PRESENTATION_STYLE_ASSIGNMENT((#1725));
#747=ADVANCED_FACE('',(#1726),#1727,.T.);
#748=PRESENTATION_STYLE_ASSIGNMENT((#1728));
#749=ADVANCED_FACE('',(#1729),#1730,.T.);
#750=PRESENTATION_STYLE_ASSIGNMENT((#1731));
#751=ADVANCED_FACE('',(#1732),#1733,.T.);
#752=PRESENTATION_STYLE_ASSIGNMENT((#1734));
#753=ADVANCED_FACE('',(#1735),#1736,.F.);
#754=PRESENTATION_STYLE_ASSIGNMENT((#1737));
#755=ADVANCED_FACE('',(#1738),#1739,.T.);
#756=PRESENTATION_STYLE_ASSIGNMENT((#1740));
#757=ADVANCED_FACE('',(#1741),#1742,.T.);
#758=PRESENTATION_STYLE_ASSIGNMENT((#1743));
#759=ADVANCED_FACE('',(#1744),#1745,.T.);
#760=PRESENTATION_STYLE_ASSIGNMENT((#1746));
#761=ADVANCED_FACE('',(#1747),#1748,.F.);
#762=PRESENTATION_STYLE_ASSIGNMENT((#1749));
#763=ADVANCED_FACE('',(#1750),#1751,.T.);
#764=PRESENTATION_STYLE_ASSIGNMENT((#1752));
#765=ADVANCED_FACE('',(#1753),#1754,.T.);
#766=PRESENTATION_STYLE_ASSIGNMENT((#1755));
#767=ADVANCED_FACE('',(#1756),#1757,.T.);
#768=PRESENTATION_STYLE_ASSIGNMENT((#1758));
#769=ADVANCED_FACE('',(#1759),#1760,.T.);
#770=PRESENTATION_STYLE_ASSIGNMENT((#1761));
#771=ADVANCED_FACE('',(#1762),#1763,.T.);
#772=PRESENTATION_STYLE_ASSIGNMENT((#1764));
#773=ADVANCED_FACE('',(#1765),#1766,.T.);
#774=PRESENTATION_STYLE_ASSIGNMENT((#1767));
#775=ADVANCED_FACE('',(#1768),#1769,.T.);
#776=PRESENTATION_STYLE_ASSIGNMENT((#1770));
#777=ADVANCED_FACE('',(#1771),#1772,.T.);
#778=PRESENTATION_STYLE_ASSIGNMENT((#1773));
#779=ADVANCED_FACE('',(#1774),#1775,.F.);
#780=PRESENTATION_STYLE_ASSIGNMENT((#1776));
#781=ADVANCED_FACE('',(#1777),#1778,.F.);
#782=PRESENTATION_STYLE_ASSIGNMENT((#1779));
#783=ADVANCED_FACE('',(#1780),#1781,.F.);
#784=PRESENTATION_STYLE_ASSIGNMENT((#1782));
#785=ADVANCED_FACE('',(#1783),#1784,.T.);
#786=PRESENTATION_STYLE_ASSIGNMENT((#1785));
#787=ADVANCED_FACE('',(#1786),#1787,.T.);
#788=PRESENTATION_STYLE_ASSIGNMENT((#1788));
#789=ADVANCED_FACE('',(#1789),#1790,.F.);
#790=PRESENTATION_STYLE_ASSIGNMENT((#1791));
#791=ADVANCED_FACE('',(#1792),#1793,.T.);
#792=PRESENTATION_STYLE_ASSIGNMENT((#1794));
#793=ADVANCED_FACE('',(#1795),#1796,.T.);
#794=PRESENTATION_STYLE_ASSIGNMENT((#1797));
#795=ADVANCED_FACE('',(#1798),#1799,.T.);
#796=PRESENTATION_STYLE_ASSIGNMENT((#1800));
#797=ADVANCED_FACE('',(#1801),#1802,.T.);
#798=PRESENTATION_STYLE_ASSIGNMENT((#1803));
#799=ADVANCED_FACE('',(#1804),#1805,.F.);
#800=PRESENTATION_STYLE_ASSIGNMENT((#1806));
#801=ADVANCED_FACE('',(#1807),#1808,.T.);
#802=PRESENTATION_STYLE_ASSIGNMENT((#1809));
#803=ADVANCED_FACE('',(#1810),#1811,.F.);
#804=PRESENTATION_STYLE_ASSIGNMENT((#1812));
#805=ADVANCED_FACE('',(#1813),#1814,.T.);
#806=PRESENTATION_STYLE_ASSIGNMENT((#1815));
#807=ADVANCED_FACE('',(#1816),#1817,.T.);
#808=PRESENTATION_STYLE_ASSIGNMENT((#1818));
#809=ADVANCED_FACE('',(#1819),#1820,.F.);
#810=PRESENTATION_STYLE_ASSIGNMENT((#1821));
#811=ADVANCED_FACE('',(#1822),#1823,.T.);
#812=PRESENTATION_STYLE_ASSIGNMENT((#1824));
#813=ADVANCED_FACE('',(#1825),#1826,.F.);
#814=PRESENTATION_STYLE_ASSIGNMENT((#1827));
#815=ADVANCED_FACE('',(#1828),#1829,.F.);
#816=PRESENTATION_STYLE_ASSIGNMENT((#1830));
#817=ADVANCED_FACE('',(#1831),#1832,.T.);
#818=PRESENTATION_STYLE_ASSIGNMENT((#1833));
#819=ADVANCED_FACE('',(#1834),#1835,.F.);
#820=PRESENTATION_STYLE_ASSIGNMENT((#1836));
#821=ADVANCED_FACE('',(#1837),#1838,.F.);
#822=PRESENTATION_STYLE_ASSIGNMENT((#1839));
#823=ADVANCED_FACE('',(#1840),#1841,.F.);
#824=PRESENTATION_STYLE_ASSIGNMENT((#1842));
#825=ADVANCED_FACE('',(#1843),#1844,.F.);
#826=PRESENTATION_STYLE_ASSIGNMENT((#1845));
#827=ADVANCED_FACE('',(#1846),#1847,.T.);
#828=PRESENTATION_STYLE_ASSIGNMENT((#1848));
#829=ADVANCED_FACE('',(#1849),#1850,.T.);
#830=PRESENTATION_STYLE_ASSIGNMENT((#1851));
#831=ADVANCED_FACE('',(#1852),#1853,.T.);
#832=PRESENTATION_STYLE_ASSIGNMENT((#1854));
#833=ADVANCED_FACE('',(#1855),#1856,.T.);
#834=PRESENTATION_STYLE_ASSIGNMENT((#1857));
#835=ADVANCED_FACE('',(#1858),#1859,.F.);
#836=PRESENTATION_STYLE_ASSIGNMENT((#1860));
#837=ADVANCED_FACE('',(#1861),#1862,.T.);
#838=PRESENTATION_STYLE_ASSIGNMENT((#1863));
#839=ADVANCED_FACE('',(#1864),#1865,.T.);
#840=PRESENTATION_STYLE_ASSIGNMENT((#1866));
#841=ADVANCED_FACE('',(#1867),#1868,.T.);
#842=PRESENTATION_STYLE_ASSIGNMENT((#1869));
#843=ADVANCED_FACE('',(#1870),#1871,.F.);
#844=PRESENTATION_STYLE_ASSIGNMENT((#1872));
#845=ADVANCED_FACE('',(#1873),#1874,.T.);
#846=PRESENTATION_STYLE_ASSIGNMENT((#1875));
#847=ADVANCED_FACE('',(#1876),#1877,.T.);
#848=PRESENTATION_STYLE_ASSIGNMENT((#1878));
#849=ADVANCED_FACE('',(#1879),#1880,.T.);
#850=PRESENTATION_STYLE_ASSIGNMENT((#1881));
#851=ADVANCED_FACE('',(#1882),#1883,.T.);
#852=PRESENTATION_STYLE_ASSIGNMENT((#1884));
#853=ADVANCED_FACE('',(#1885),#1886,.T.);
#854=PRESENTATION_STYLE_ASSIGNMENT((#1887));
#855=ADVANCED_FACE('',(#1888),#1889,.T.);
#856=PRESENTATION_STYLE_ASSIGNMENT((#1890));
#857=ADVANCED_FACE('',(#1891),#1892,.T.);
#858=PRESENTATION_STYLE_ASSIGNMENT((#1893));
#859=ADVANCED_FACE('',(#1894),#1895,.T.);
#860=PRESENTATION_STYLE_ASSIGNMENT((#1896));
#861=ADVANCED_FACE('',(#1897),#1898,.F.);
#862=PRESENTATION_STYLE_ASSIGNMENT((#1899));
#863=ADVANCED_FACE('',(#1900),#1901,.F.);
#864=PRESENTATION_STYLE_ASSIGNMENT((#1902));
#865=ADVANCED_FACE('',(#1903),#1904,.F.);
#866=PRESENTATION_STYLE_ASSIGNMENT((#1905));
#867=ADVANCED_FACE('',(#1906),#1907,.T.);
#868=PRESENTATION_STYLE_ASSIGNMENT((#1908));
#869=ADVANCED_FACE('',(#1909),#1910,.T.);
#870=PRESENTATION_STYLE_ASSIGNMENT((#1911));
#871=ADVANCED_FACE('',(#1912),#1913,.F.);
#872=PRESENTATION_STYLE_ASSIGNMENT((#1914));
#873=ADVANCED_FACE('',(#1915),#1916,.T.);
#874=PRESENTATION_STYLE_ASSIGNMENT((#1917));
#875=ADVANCED_FACE('',(#1918),#1919,.T.);
#876=PRESENTATION_STYLE_ASSIGNMENT((#1920));
#877=ADVANCED_FACE('',(#1921),#1922,.T.);
#878=PRESENTATION_STYLE_ASSIGNMENT((#1923));
#879=ADVANCED_FACE('',(#1924),#1925,.T.);
#880=PRESENTATION_STYLE_ASSIGNMENT((#1926));
#881=ADVANCED_FACE('',(#1927),#1928,.F.);
#882=PRESENTATION_STYLE_ASSIGNMENT((#1929));
#883=ADVANCED_FACE('',(#1930),#1931,.T.);
#884=PRESENTATION_STYLE_ASSIGNMENT((#1932));
#885=ADVANCED_FACE('',(#1933),#1934,.F.);
#886=PRESENTATION_STYLE_ASSIGNMENT((#1935));
#887=ADVANCED_FACE('',(#1936),#1937,.T.);
#888=PRESENTATION_STYLE_ASSIGNMENT((#1938));
#889=ADVANCED_FACE('',(#1939),#1940,.T.);
#890=PRESENTATION_STYLE_ASSIGNMENT((#1941));
#891=ADVANCED_FACE('',(#1942),#1943,.F.);
#892=PRESENTATION_STYLE_ASSIGNMENT((#1944));
#893=ADVANCED_FACE('',(#1945),#1946,.T.);
#894=PRESENTATION_STYLE_ASSIGNMENT((#1947));
#895=ADVANCED_FACE('',(#1948),#1949,.F.);
#896=PRESENTATION_STYLE_ASSIGNMENT((#1950));
#897=ADVANCED_FACE('',(#1951),#1952,.F.);
#898=PRESENTATION_STYLE_ASSIGNMENT((#1953));
#899=ADVANCED_FACE('',(#1954),#1955,.T.);
#900=PRESENTATION_STYLE_ASSIGNMENT((#1956));
#901=ADVANCED_FACE('',(#1957),#1958,.F.);
#902=PRESENTATION_STYLE_ASSIGNMENT((#1959));
#903=ADVANCED_FACE('',(#1960),#1961,.F.);
#904=PRESENTATION_STYLE_ASSIGNMENT((#1962));
#905=ADVANCED_FACE('',(#1963),#1964,.F.);
#906=PRESENTATION_STYLE_ASSIGNMENT((#1965));
#907=ADVANCED_FACE('',(#1966),#1967,.F.);
#908=PRESENTATION_STYLE_ASSIGNMENT((#1968));
#909=ADVANCED_FACE('',(#1969),#1970,.F.);
#910=PRESENTATION_STYLE_ASSIGNMENT((#1971));
#911=ADVANCED_FACE('',(#1972),#1973,.F.);
#912=PRESENTATION_STYLE_ASSIGNMENT((#1974));
#913=ADVANCED_FACE('',(#1975),#1976,.F.);
#914=PRESENTATION_STYLE_ASSIGNMENT((#1977));
#915=ADVANCED_FACE('',(#1978,#1979),#1980,.F.);
#916=PRESENTATION_STYLE_ASSIGNMENT((#1981));
#917=ADVANCED_FACE('',(#1982,#1983),#1984,.F.);
#918=PRESENTATION_STYLE_ASSIGNMENT((#1985));
#919=ADVANCED_FACE('',(#1986,#1987),#1988,.F.);
#920=PRESENTATION_STYLE_ASSIGNMENT((#1989));
#921=ADVANCED_FACE('',(#1990,#1991),#1992,.F.);
#922=PRESENTATION_STYLE_ASSIGNMENT((#1993));
#923=ADVANCED_FACE('',(#1994,#1995),#1996,.F.);
#924=PRESENTATION_STYLE_ASSIGNMENT((#1997));
#925=ADVANCED_FACE('',(#1998,#1999),#2000,.F.);
#926=PRESENTATION_STYLE_ASSIGNMENT((#2001));
#927=ADVANCED_FACE('',(#2002),#2003,.F.);
#928=PRESENTATION_STYLE_ASSIGNMENT((#2004));
#929=ADVANCED_FACE('',(#2005),#2006,.T.);
#930=PRESENTATION_STYLE_ASSIGNMENT((#2007));
#931=ADVANCED_FACE('',(#2008),#2009,.T.);
#932=PRESENTATION_STYLE_ASSIGNMENT((#2010));
#933=ADVANCED_FACE('',(#2011),#2012,.T.);
#934=PRESENTATION_STYLE_ASSIGNMENT((#2013));
#935=ADVANCED_FACE('',(#2014),#2015,.T.);
#936=PRESENTATION_STYLE_ASSIGNMENT((#2016));
#937=ADVANCED_FACE('',(#2017),#2018,.T.);
#938=PRESENTATION_STYLE_ASSIGNMENT((#2019));
#939=ADVANCED_FACE('',(#2020),#2021,.T.);
#940=PRESENTATION_STYLE_ASSIGNMENT((#2022));
#941=ADVANCED_FACE('',(#2023),#2024,.T.);
#942=PRESENTATION_STYLE_ASSIGNMENT((#2025));
#943=ADVANCED_FACE('',(#2026),#2027,.T.);
#944=PRESENTATION_STYLE_ASSIGNMENT((#2028));
#945=ADVANCED_FACE('',(#2029),#2030,.T.);
#946=PRESENTATION_STYLE_ASSIGNMENT((#2031));
#947=ADVANCED_FACE('',(#2032),#2033,.T.);
#948=PRESENTATION_STYLE_ASSIGNMENT((#2034));
#949=ADVANCED_FACE('',(#2035),#2036,.T.);
#950=PRESENTATION_STYLE_ASSIGNMENT((#2037));
#951=ADVANCED_FACE('',(#2038),#2039,.T.);
#952=PRESENTATION_STYLE_ASSIGNMENT((#2040));
#953=ADVANCED_FACE('',(#2041),#2042,.T.);
#954=PRESENTATION_STYLE_ASSIGNMENT((#2043));
#955=ADVANCED_FACE('',(#2044),#2045,.T.);
#956=PRESENTATION_STYLE_ASSIGNMENT((#2046));
#957=ADVANCED_FACE('',(#2047),#2048,.T.);
#958=PRESENTATION_STYLE_ASSIGNMENT((#2049));
#959=ADVANCED_FACE('',(#2050),#2051,.T.);
#960=PRESENTATION_STYLE_ASSIGNMENT((#2052));
#961=ADVANCED_FACE('',(#2053),#2054,.T.);
#962=PRESENTATION_STYLE_ASSIGNMENT((#2055));
#963=ADVANCED_FACE('',(#2056),#2057,.T.);
#964=PRESENTATION_STYLE_ASSIGNMENT((#2058));
#965=ADVANCED_FACE('',(#2059),#2060,.T.);
#966=PRESENTATION_STYLE_ASSIGNMENT((#2061));
#967=ADVANCED_FACE('',(#2062),#2063,.F.);
#968=PRESENTATION_STYLE_ASSIGNMENT((#2064));
#969=ADVANCED_FACE('',(#2065),#2066,.F.);
#970=PRESENTATION_STYLE_ASSIGNMENT((#2067));
#971=ADVANCED_FACE('',(#2068),#2069,.F.);
#972=PRESENTATION_STYLE_ASSIGNMENT((#2070));
#973=ADVANCED_FACE('',(#2071),#2072,.T.);
#974=PRESENTATION_STYLE_ASSIGNMENT((#2073));
#975=ADVANCED_FACE('',(#2074,#2075),#2076,.T.);
#976=PRESENTATION_STYLE_ASSIGNMENT((#2077));
#977=ADVANCED_FACE('',(#2078),#2079,.T.);
#978=PRESENTATION_STYLE_ASSIGNMENT((#2080));
#979=ADVANCED_FACE('',(#2081),#2082,.F.);
#980=PRESENTATION_STYLE_ASSIGNMENT((#2083));
#981=ADVANCED_FACE('',(#2084),#2085,.F.);
#982=PRESENTATION_STYLE_ASSIGNMENT((#2086));
#983=ADVANCED_FACE('',(#2087),#2088,.F.);
#984=PRESENTATION_STYLE_ASSIGNMENT((#2089));
#985=ADVANCED_FACE('',(#2090),#2091,.T.);
#986=PRESENTATION_STYLE_ASSIGNMENT((#2092));
#987=ADVANCED_FACE('',(#2093),#2094,.T.);
#988=PRESENTATION_STYLE_ASSIGNMENT((#2095));
#989=ADVANCED_FACE('',(#2096),#2097,.F.);
#990=PRESENTATION_STYLE_ASSIGNMENT((#2098));
#991=ADVANCED_FACE('',(#2099),#2100,.F.);
#992=PRESENTATION_STYLE_ASSIGNMENT((#2101));
#993=ADVANCED_FACE('',(#2102),#2103,.F.);
#994=PRESENTATION_STYLE_ASSIGNMENT((#2104));
#995=ADVANCED_FACE('',(#2105),#2106,.T.);
#996=PRESENTATION_STYLE_ASSIGNMENT((#2107));
#997=ADVANCED_FACE('',(#2108),#2109,.T.);
#998=PRESENTATION_STYLE_ASSIGNMENT((#2110));
#999=ADVANCED_FACE('',(#2111),#2112,.F.);
#1000=PRESENTATION_STYLE_ASSIGNMENT((#2113));
#1001=ADVANCED_FACE('',(#2114),#2115,.F.);
#1002=PRESENTATION_STYLE_ASSIGNMENT((#2116));
#1003=ADVANCED_FACE('',(#2117),#2118,.F.);
#1004=PRESENTATION_STYLE_ASSIGNMENT((#2119));
#1005=ADVANCED_FACE('',(#2120),#2121,.T.);
#1006=PRESENTATION_STYLE_ASSIGNMENT((#2122));
#1007=ADVANCED_FACE('',(#2123),#2124,.T.);
#1008=PRESENTATION_STYLE_ASSIGNMENT((#2125));
#1009=ADVANCED_FACE('',(#2126),#2127,.F.);
#1010=PRESENTATION_STYLE_ASSIGNMENT((#2128));
#1011=ADVANCED_FACE('',(#2129),#2130,.F.);
#1012=PRESENTATION_STYLE_ASSIGNMENT((#2131));
#1013=ADVANCED_FACE('',(#2132),#2133,.F.);
#1014=PRESENTATION_STYLE_ASSIGNMENT((#2134));
#1015=ADVANCED_FACE('',(#2135),#2136,.T.);
#1016=PRESENTATION_STYLE_ASSIGNMENT((#2137));
#1017=ADVANCED_FACE('',(#2138),#2139,.T.);
#1018=PRESENTATION_STYLE_ASSIGNMENT((#2140));
#1019=ADVANCED_FACE('',(#2141),#2142,.F.);
#1020=PRESENTATION_STYLE_ASSIGNMENT((#2143));
#1021=ADVANCED_FACE('',(#2144),#2145,.F.);
#1022=PRESENTATION_STYLE_ASSIGNMENT((#2146));
#1023=ADVANCED_FACE('',(#2147),#2148,.F.);
#1024=PRESENTATION_STYLE_ASSIGNMENT((#2149));
#1025=ADVANCED_FACE('',(#2150),#2151,.T.);
#1026=PRESENTATION_STYLE_ASSIGNMENT((#2152));
#1027=ADVANCED_FACE('',(#2153),#2154,.T.);
#1028=PRESENTATION_STYLE_ASSIGNMENT((#2155));
#1029=ADVANCED_FACE('',(#2156),#2157,.T.);
#1030=PRESENTATION_STYLE_ASSIGNMENT((#2158));
#1031=ADVANCED_FACE('',(#2159),#2160,.T.);
#1032=PRESENTATION_STYLE_ASSIGNMENT((#2161));
#1033=ADVANCED_FACE('',(#2162),#2163,.T.);
#1034=PRESENTATION_STYLE_ASSIGNMENT((#2164));
#1035=ADVANCED_FACE('',(#2165),#2166,.T.);
#1036=PRESENTATION_STYLE_ASSIGNMENT((#2167));
#1037=ADVANCED_FACE('',(#2168),#2169,.T.);
#1038=PRESENTATION_STYLE_ASSIGNMENT((#2170));
#1039=ADVANCED_FACE('',(#2171),#2172,.T.);
#1040=PRESENTATION_STYLE_ASSIGNMENT((#2173));
#1041=ADVANCED_FACE('',(#2174),#2175,.T.);
#1042=PRESENTATION_STYLE_ASSIGNMENT((#2176));
#1043=ADVANCED_FACE('',(#2177),#2178,.T.);
#1044=PRESENTATION_STYLE_ASSIGNMENT((#2179));
#1045=ADVANCED_FACE('',(#2180),#2181,.F.);
#1046=PRESENTATION_STYLE_ASSIGNMENT((#2182));
#1047=ADVANCED_FACE('',(#2183),#2184,.T.);
#1048=PRESENTATION_STYLE_ASSIGNMENT((#2185));
#1049=ADVANCED_FACE('',(#2186),#2187,.T.);
#1050=PRESENTATION_STYLE_ASSIGNMENT((#2188));
#1051=ADVANCED_FACE('',(#2189),#2190,.T.);
#1052=PRESENTATION_STYLE_ASSIGNMENT((#2191));
#1053=ADVANCED_FACE('',(#2192),#2193,.T.);
#1054=PRESENTATION_STYLE_ASSIGNMENT((#2194));
#1055=ADVANCED_FACE('',(#2195),#2196,.T.);
#1056=PRESENTATION_STYLE_ASSIGNMENT((#2197));
#1057=ADVANCED_FACE('',(#2198),#2199,.T.);
#1058=PRESENTATION_STYLE_ASSIGNMENT((#2200));
#1059=ADVANCED_FACE('',(#2201),#2202,.T.);
#1060=PRESENTATION_STYLE_ASSIGNMENT((#2203));
#1061=ADVANCED_FACE('',(#2204),#2205,.T.);
#1062=PRESENTATION_STYLE_ASSIGNMENT((#2206));
#1063=ADVANCED_FACE('',(#2207),#2208,.T.);
#1064=PRESENTATION_STYLE_ASSIGNMENT((#2209));
#1065=ADVANCED_FACE('',(#2210),#2211,.T.);
#1066=PRESENTATION_STYLE_ASSIGNMENT((#2212));
#1067=ADVANCED_FACE('',(#2213),#2214,.T.);
#1068=PRESENTATION_STYLE_ASSIGNMENT((#2215));
#1069=ADVANCED_FACE('',(#2216),#2217,.F.);
#1070=PRESENTATION_STYLE_ASSIGNMENT((#2218));
#1071=ADVANCED_FACE('',(#2219),#2220,.T.);
#1072=PRESENTATION_STYLE_ASSIGNMENT((#2221));
#1073=ADVANCED_FACE('',(#2222),#2223,.T.);
#1074=PRESENTATION_STYLE_ASSIGNMENT((#2224));
#1075=ADVANCED_FACE('',(#2225),#2226,.T.);
#1076=PRESENTATION_STYLE_ASSIGNMENT((#2227));
#1077=ADVANCED_FACE('',(#2228),#2229,.T.);
#1078=PRESENTATION_STYLE_ASSIGNMENT((#2230));
#1079=ADVANCED_FACE('',(#2231),#2232,.T.);
#1080=PRESENTATION_STYLE_ASSIGNMENT((#2233));
#1081=ADVANCED_FACE('',(#2234),#2235,.T.);
#1082=PRESENTATION_STYLE_ASSIGNMENT((#2236));
#1083=ADVANCED_FACE('',(#2237),#2238,.T.);
#1084=PRESENTATION_STYLE_ASSIGNMENT((#2239));
#1085=ADVANCED_FACE('',(#2240),#2241,.T.);
#1086=PRESENTATION_STYLE_ASSIGNMENT((#2242));
#1087=ADVANCED_FACE('',(#2243),#2244,.T.);
#1088=PRESENTATION_STYLE_ASSIGNMENT((#2245));
#1089=ADVANCED_FACE('',(#2246),#2247,.T.);
#1090=PRESENTATION_STYLE_ASSIGNMENT((#2248));
#1091=ADVANCED_FACE('',(#2249),#2250,.F.);
#1092=PRESENTATION_STYLE_ASSIGNMENT((#2251));
#1093=ADVANCED_FACE('',(#2252),#2253,.T.);
#1094=PRESENTATION_STYLE_ASSIGNMENT((#2254));
#1095=ADVANCED_FACE('',(#2255),#2256,.T.);
#1096=PRESENTATION_STYLE_ASSIGNMENT((#2257));
#1097=ADVANCED_FACE('',(#2258),#2259,.T.);
#1098=PRESENTATION_STYLE_ASSIGNMENT((#2260));
#1099=ADVANCED_FACE('',(#2261),#2262,.T.);
#1100=PRESENTATION_STYLE_ASSIGNMENT((#2263));
#1101=ADVANCED_FACE('',(#2264),#2265,.T.);
#1102=PRESENTATION_STYLE_ASSIGNMENT((#2266));
#1103=ADVANCED_FACE('',(#2267),#2268,.T.);
#1104=PRESENTATION_STYLE_ASSIGNMENT((#2269));
#1105=ADVANCED_FACE('',(#2270),#2271,.T.);
#1106=PRESENTATION_STYLE_ASSIGNMENT((#2272));
#1107=ADVANCED_FACE('',(#2273),#2274,.T.);
#1108=PRESENTATION_STYLE_ASSIGNMENT((#2275));
#1109=ADVANCED_FACE('',(#2276),#2277,.T.);
#1110=PRESENTATION_STYLE_ASSIGNMENT((#2278));
#1111=ADVANCED_FACE('',(#2279),#2280,.T.);
#1112=PRESENTATION_STYLE_ASSIGNMENT((#2281));
#1113=ADVANCED_FACE('',(#2282),#2283,.F.);
#1114=PRESENTATION_STYLE_ASSIGNMENT((#2284));
#1115=ADVANCED_FACE('',(#2285),#2286,.T.);
#1116=PRESENTATION_STYLE_ASSIGNMENT((#2287));
#1117=ADVANCED_FACE('',(#2288),#2289,.T.);
#1118=PRESENTATION_STYLE_ASSIGNMENT((#2290));
#1119=ADVANCED_FACE('',(#2291),#2292,.T.);
#1120=PRESENTATION_STYLE_ASSIGNMENT((#2293));
#1121=ADVANCED_FACE('',(#2294),#2295,.T.);
#1122=PRESENTATION_STYLE_ASSIGNMENT((#2296));
#1123=ADVANCED_FACE('',(#2297),#2298,.T.);
#1124=PRESENTATION_STYLE_ASSIGNMENT((#2299));
#1125=ADVANCED_FACE('',(#2300),#2301,.T.);
#1126=PRESENTATION_STYLE_ASSIGNMENT((#2302));
#1127=ADVANCED_FACE('',(#2303),#2304,.T.);
#1128=PRESENTATION_STYLE_ASSIGNMENT((#2305));
#1129=ADVANCED_FACE('',(#2306),#2307,.T.);
#1130=PRESENTATION_STYLE_ASSIGNMENT((#2308));
#1131=ADVANCED_FACE('',(#2309),#2310,.T.);
#1132=PRESENTATION_STYLE_ASSIGNMENT((#2311));
#1133=ADVANCED_FACE('',(#2312),#2313,.T.);
#1134=PRESENTATION_STYLE_ASSIGNMENT((#2314));
#1135=ADVANCED_FACE('',(#2315),#2316,.F.);
#1136=PRESENTATION_STYLE_ASSIGNMENT((#2317));
#1137=ADVANCED_FACE('',(#2318),#2319,.T.);
#1138=PRESENTATION_STYLE_ASSIGNMENT((#2320));
#1139=ADVANCED_FACE('',(#2321),#2322,.T.);
#1140=PRESENTATION_STYLE_ASSIGNMENT((#2323));
#1141=ADVANCED_FACE('',(#2324),#2325,.F.);
#1142=PRESENTATION_STYLE_ASSIGNMENT((#2326));
#1143=ADVANCED_FACE('',(#2327),#2328,.T.);
#1144=PRESENTATION_STYLE_ASSIGNMENT((#2329));
#1145=ADVANCED_FACE('',(#2330),#2331,.T.);
#1146=PRESENTATION_STYLE_ASSIGNMENT((#2332));
#1147=ADVANCED_FACE('',(#2333),#2334,.T.);
#1148=PRESENTATION_STYLE_ASSIGNMENT((#2335));
#1149=ADVANCED_FACE('',(#2336),#2337,.T.);
#1150=PRESENTATION_STYLE_ASSIGNMENT((#2338));
#1151=ADVANCED_FACE('',(#2339),#2340,.T.);
#1152=PRESENTATION_STYLE_ASSIGNMENT((#2341));
#1153=ADVANCED_FACE('',(#2342),#2343,.T.);
#1154=PRESENTATION_STYLE_ASSIGNMENT((#2344));
#1155=ADVANCED_FACE('',(#2345),#2346,.T.);
#1156=PRESENTATION_STYLE_ASSIGNMENT((#2347));
#1157=ADVANCED_FACE('',(#2348),#2349,.T.);
#1158=PRESENTATION_STYLE_ASSIGNMENT((#2350));
#1159=ADVANCED_FACE('',(#2351),#2352,.T.);
#1160=PRESENTATION_STYLE_ASSIGNMENT((#2353));
#1161=ADVANCED_FACE('',(#2354),#2355,.T.);
#1162=PRESENTATION_STYLE_ASSIGNMENT((#2356));
#1163=ADVANCED_FACE('',(#2357),#2358,.T.);
#1164=PRESENTATION_STYLE_ASSIGNMENT((#2359));
#1165=ADVANCED_FACE('',(#2360),#2361,.F.);
#1166=PRESENTATION_STYLE_ASSIGNMENT((#2362));
#1167=ADVANCED_FACE('',(#2363),#2364,.F.);
#1168=PRESENTATION_STYLE_ASSIGNMENT((#2365));
#1169=ADVANCED_FACE('',(#2366),#2367,.F.);
#1170=PRESENTATION_STYLE_ASSIGNMENT((#2368));
#1171=ADVANCED_FACE('',(#2369),#2370,.T.);
#1172=PRESENTATION_STYLE_ASSIGNMENT((#2371));
#1173=ADVANCED_FACE('',(#2372),#2373,.T.);
#1174=PRESENTATION_STYLE_ASSIGNMENT((#2374));
#1175=ADVANCED_FACE('',(#2375),#2376,.T.);
#1176=PRESENTATION_STYLE_ASSIGNMENT((#2377));
#1177=ADVANCED_FACE('',(#2378),#2379,.T.);
#1178=PRESENTATION_STYLE_ASSIGNMENT((#2380));
#1179=ADVANCED_FACE('',(#2381),#2382,.F.);
#1180=PRESENTATION_STYLE_ASSIGNMENT((#2383));
#1181=ADVANCED_FACE('',(#2384),#2385,.T.);
#1182=PRESENTATION_STYLE_ASSIGNMENT((#2386));
#1183=ADVANCED_FACE('',(#2387),#2388,.T.);
#1184=PRESENTATION_STYLE_ASSIGNMENT((#2389));
#1185=ADVANCED_FACE('',(#2390),#2391,.T.);
#1186=PRESENTATION_STYLE_ASSIGNMENT((#2392));
#1187=ADVANCED_FACE('',(#2393),#2394,.F.);
#1188=PRESENTATION_STYLE_ASSIGNMENT((#2395));
#1189=ADVANCED_FACE('',(#2396),#2397,.T.);
#1190=PRESENTATION_STYLE_ASSIGNMENT((#2398));
#1191=ADVANCED_FACE('',(#2399),#2400,.F.);
#1192=PRESENTATION_STYLE_ASSIGNMENT((#2401));
#1193=ADVANCED_FACE('',(#2402),#2403,.F.);
#1194=PRESENTATION_STYLE_ASSIGNMENT((#2404));
#1195=ADVANCED_FACE('',(#2405),#2406,.T.);
#1196=PRESENTATION_STYLE_ASSIGNMENT((#2407));
#1197=ADVANCED_FACE('',(#2408),#2409,.T.);
#1198=PRESENTATION_STYLE_ASSIGNMENT((#2410));
#1199=ADVANCED_FACE('',(#2411),#2412,.T.);
#1200=PRESENTATION_STYLE_ASSIGNMENT((#2413));
#1201=ADVANCED_FACE('',(#2414),#2415,.T.);
#1202=PRESENTATION_STYLE_ASSIGNMENT((#2416));
#1203=ADVANCED_FACE('',(#2417),#2418,.T.);
#1204=PRESENTATION_STYLE_ASSIGNMENT((#2419));
#1205=ADVANCED_FACE('',(#2420),#2421,.T.);
#1206=PRESENTATION_STYLE_ASSIGNMENT((#2422));
#1207=ADVANCED_FACE('',(#2423),#2424,.T.);
#1208=PRESENTATION_STYLE_ASSIGNMENT((#2425));
#1209=ADVANCED_FACE('',(#2426),#2427,.T.);
#1210=PRESENTATION_STYLE_ASSIGNMENT((#2428));
#1211=ADVANCED_FACE('',(#2429),#2430,.T.);
#1212=PRESENTATION_STYLE_ASSIGNMENT((#2431));
#1213=ADVANCED_FACE('',(#2432),#2433,.T.);
#1214=PRESENTATION_STYLE_ASSIGNMENT((#2434));
#1215=ADVANCED_FACE('',(#2435),#2436,.T.);
#1216=PRESENTATION_STYLE_ASSIGNMENT((#2437));
#1217=ADVANCED_FACE('',(#2438),#2439,.F.);
#1218=PRESENTATION_STYLE_ASSIGNMENT((#2440));
#1219=ADVANCED_FACE('',(#2441),#2442,.F.);
#1220=PRESENTATION_STYLE_ASSIGNMENT((#2443));
#1221=ADVANCED_FACE('',(#2444),#2445,.T.);
#1222=PRESENTATION_STYLE_ASSIGNMENT((#2446));
#1223=ADVANCED_FACE('',(#2447),#2448,.T.);
#1224=PRESENTATION_STYLE_ASSIGNMENT((#2449));
#1225=BREP_WITH_VOIDS('1',#2450,(#2451));
#1226=PRODUCT('1','','PART--DESC',(#2452));
#1227=PRODUCT_DEFINITION('','NONE',#2453,#2);
#1228=AXIS2_PLACEMENT_3D('',#2454,#2455,#2456);
#1231=LENGTH_MEASURE_WITH_UNIT(LENGTH_MEASURE(1.0),#2457);
#1234=DIMENSIONAL_EXPONENTS(1.0,0.0,0.0,0.0,0.0,0.0,0.0);
#1236=DIMENSIONAL_EXPONENTS(0.0,0.0,0.0,0.0,0.0,0.0,0.0);
#1242=SURFACE_STYLE_USAGE(.BOTH.,#2458);
#1243=FACE_OUTER_BOUND('',#2459,.T.);
#1244=CYLINDRICAL_SURFACE('',#2460,0.504);
#1245=SURFACE_STYLE_USAGE(.BOTH.,#2461);
#1246=FACE_OUTER_BOUND('',#2462,.T.);
#1247=CYLINDRICAL_SURFACE('',#2463,0.15);
#1248=SURFACE_STYLE_USAGE(.BOTH.,#2464);
#1249=FACE_OUTER_BOUND('',#2465,.T.);
#1250=CYLINDRICAL_SURFACE('',#2466,0.15);
#1251=SURFACE_STYLE_USAGE(.BOTH.,#2467);
#1252=FACE_OUTER_BOUND('',#2468,.T.);
#1253=CYLINDRICAL_SURFACE('',#2469,0.504);
#1254=SURFACE_STYLE_USAGE(.BOTH.,#2470);
#1255=FACE_OUTER_BOUND('',#2471,.T.);
#1256=CYLINDRICAL_SURFACE('',#2472,0.15);
#1257=SURFACE_STYLE_USAGE(.BOTH.,#2473);
#1258=FACE_OUTER_BOUND('',#2474,.T.);
#1259=CYLINDRICAL_SURFACE('',#2475,0.15);
#1260=SURFACE_STYLE_USAGE(.BOTH.,#2476);
#1261=FACE_OUTER_BOUND('',#2477,.T.);
#1262=CYLINDRICAL_SURFACE('',#2478,0.504);
#1263=SURFACE_STYLE_USAGE(.BOTH.,#2479);
#1264=FACE_OUTER_BOUND('',#2480,.T.);
#1265=CYLINDRICAL_SURFACE('',#2481,0.15);
#1266=SURFACE_STYLE_USAGE(.BOTH.,#2482);
#1267=FACE_OUTER_BOUND('',#2483,.T.);
#1268=CYLINDRICAL_SURFACE('',#2484,0.15);
#1269=SURFACE_STYLE_USAGE(.BOTH.,#2485);
#1270=FACE_OUTER_BOUND('',#2486,.T.);
#1271=CYLINDRICAL_SURFACE('',#2487,0.15);
#1272=SURFACE_STYLE_USAGE(.BOTH.,#2488);
#1273=FACE_OUTER_BOUND('',#2489,.T.);
#1274=CYLINDRICAL_SURFACE('',#2490,0.15);
#1275=SURFACE_STYLE_USAGE(.BOTH.,#2491);
#1276=FACE_OUTER_BOUND('',#2492,.T.);
#1277=CYLINDRICAL_SURFACE('',#2493,0.504);
#1278=SURFACE_STYLE_USAGE(.BOTH.,#2494);
#1279=FACE_OUTER_BOUND('',#2495,.T.);
#1280=CYLINDRICAL_SURFACE('',#2496,0.15);
#1281=SURFACE_STYLE_USAGE(.BOTH.,#2497);
#1282=FACE_OUTER_BOUND('',#2498,.T.);
#1283=CYLINDRICAL_SURFACE('',#2499,0.15);
#1284=SURFACE_STYLE_USAGE(.BOTH.,#2500);
#1285=FACE_OUTER_BOUND('',#2501,.T.);
#1286=CYLINDRICAL_SURFACE('',#2502,0.504);
#1287=SURFACE_STYLE_USAGE(.BOTH.,#2503);
#1288=FACE_OUTER_BOUND('',#2504,.T.);
#1289=CYLINDRICAL_SURFACE('',#2505,0.15);
#1290=SURFACE_STYLE_USAGE(.BOTH.,#2506);
#1291=FACE_OUTER_BOUND('',#2507,.T.);
#1292=CYLINDRICAL_SURFACE('',#2508,0.15);
#1293=SURFACE_STYLE_USAGE(.BOTH.,#2509);
#1294=FACE_OUTER_BOUND('',#2510,.T.);
#1295=CYLINDRICAL_SURFACE('',#2511,0.504);
#1296=SURFACE_STYLE_USAGE(.BOTH.,#2512);
#1297=FACE_OUTER_BOUND('',#2513,.T.);
#1298=PLANE('',#2514);
#1299=SURFACE_STYLE_USAGE(.BOTH.,#2515);
#1300=FACE_OUTER_BOUND('',#2516,.T.);
#1301=PLANE('',#2517);
#1302=SURFACE_STYLE_USAGE(.BOTH.,#2518);
#1303=FACE_OUTER_BOUND('',#2519,.T.);
#1304=PLANE('',#2520);
#1305=SURFACE_STYLE_USAGE(.BOTH.,#2521);
#1306=FACE_OUTER_BOUND('',#2522,.T.);
#1307=CYLINDRICAL_SURFACE('',#2523,0.05);
#1308=SURFACE_STYLE_USAGE(.BOTH.,#2524);
#1309=FACE_OUTER_BOUND('',#2525,.T.);
#1310=PLANE('',#2526);
#1311=SURFACE_STYLE_USAGE(.BOTH.,#2527);
#1312=FACE_OUTER_BOUND('',#2528,.T.);
#1313=PLANE('',#2529);
#1314=SURFACE_STYLE_USAGE(.BOTH.,#2530);
#1315=FACE_OUTER_BOUND('',#2531,.T.);
#1316=PLANE('',#2532);
#1317=SURFACE_STYLE_USAGE(.BOTH.,#2533);
#1318=FACE_OUTER_BOUND('',#2534,.T.);
#1319=PLANE('',#2535);
#1320=SURFACE_STYLE_USAGE(.BOTH.,#2536);
#1321=FACE_OUTER_BOUND('',#2537,.T.);
#1322=PLANE('',#2538);
#1323=SURFACE_STYLE_USAGE(.BOTH.,#2539);
#1324=FACE_OUTER_BOUND('',#2540,.T.);
#1325=PLANE('',#2541);
#1326=SURFACE_STYLE_USAGE(.BOTH.,#2542);
#1327=FACE_OUTER_BOUND('',#2543,.T.);
#1328=PLANE('',#2544);
#1329=SURFACE_STYLE_USAGE(.BOTH.,#2545);
#1330=FACE_OUTER_BOUND('',#2546,.T.);
#1331=PLANE('',#2547);
#1332=SURFACE_STYLE_USAGE(.BOTH.,#2548);
#1333=FACE_OUTER_BOUND('',#2549,.T.);
#1334=CYLINDRICAL_SURFACE('',#2550,0.38);
#1335=SURFACE_STYLE_USAGE(.BOTH.,#2551);
#1336=FACE_OUTER_BOUND('',#2552,.T.);
#1337=PLANE('',#2553);
#1338=SURFACE_STYLE_USAGE(.BOTH.,#2554);
#1339=FACE_OUTER_BOUND('',#2555,.T.);
#1340=CYLINDRICAL_SURFACE('',#2556,0.2);
#1341=SURFACE_STYLE_USAGE(.BOTH.,#2557);
#1342=FACE_OUTER_BOUND('',#2558,.T.);
#1343=PLANE('',#2559);
#1344=SURFACE_STYLE_USAGE(.BOTH.,#2560);
#1345=FACE_OUTER_BOUND('',#2561,.T.);
#1346=PLANE('',#2562);
#1347=SURFACE_STYLE_USAGE(.BOTH.,#2563);
#1348=FACE_OUTER_BOUND('',#2564,.T.);
#1349=PLANE('',#2565);
#1350=SURFACE_STYLE_USAGE(.BOTH.,#2566);
#1351=FACE_OUTER_BOUND('',#2567,.T.);
#1352=PLANE('',#2568);
#1353=SURFACE_STYLE_USAGE(.BOTH.,#2569);
#1354=FACE_OUTER_BOUND('',#2570,.T.);
#1355=CYLINDRICAL_SURFACE('',#2571,0.504);
#1356=SURFACE_STYLE_USAGE(.BOTH.,#2572);
#1357=FACE_OUTER_BOUND('',#2573,.T.);
#1358=PLANE('',#2574);
#1359=SURFACE_STYLE_USAGE(.BOTH.,#2575);
#1360=FACE_OUTER_BOUND('',#2576,.T.);
#1361=PLANE('',#2577);
#1362=SURFACE_STYLE_USAGE(.BOTH.,#2578);
#1363=FACE_OUTER_BOUND('',#2579,.T.);
#1364=PLANE('',#2580);
#1365=SURFACE_STYLE_USAGE(.BOTH.,#2581);
#1366=FACE_OUTER_BOUND('',#2582,.T.);
#1367=PLANE('',#2583);
#1368=SURFACE_STYLE_USAGE(.BOTH.,#2584);
#1369=FACE_OUTER_BOUND('',#2585,.T.);
#1370=PLANE('',#2586);
#1371=SURFACE_STYLE_USAGE(.BOTH.,#2587);
#1372=FACE_OUTER_BOUND('',#2588,.T.);
#1373=PLANE('',#2589);
#1374=SURFACE_STYLE_USAGE(.BOTH.,#2590);
#1375=FACE_OUTER_BOUND('',#2591,.T.);
#1376=PLANE('',#2592);
#1377=SURFACE_STYLE_USAGE(.BOTH.,#2593);
#1378=FACE_OUTER_BOUND('',#2594,.T.);
#1379=CYLINDRICAL_SURFACE('',#2595,0.15);
#1380=SURFACE_STYLE_USAGE(.BOTH.,#2596);
#1381=FACE_OUTER_BOUND('',#2597,.T.);
#1382=CYLINDRICAL_SURFACE('',#2598,0.15);
#1383=SURFACE_STYLE_USAGE(.BOTH.,#2599);
#1384=FACE_OUTER_BOUND('',#2600,.T.);
#1385=CYLINDRICAL_SURFACE('',#2601,0.15);
#1386=SURFACE_STYLE_USAGE(.BOTH.,#2602);
#1387=FACE_OUTER_BOUND('',#2603,.T.);
#1388=CYLINDRICAL_SURFACE('',#2604,0.05);
#1389=SURFACE_STYLE_USAGE(.BOTH.,#2605);
#1390=FACE_OUTER_BOUND('',#2606,.T.);
#1391=PLANE('',#2607);
#1392=SURFACE_STYLE_USAGE(.BOTH.,#2608);
#1393=FACE_OUTER_BOUND('',#2609,.T.);
#1394=PLANE('',#2610);
#1395=SURFACE_STYLE_USAGE(.BOTH.,#2611);
#1396=FACE_OUTER_BOUND('',#2612,.T.);
#1397=PLANE('',#2613);
#1398=SURFACE_STYLE_USAGE(.BOTH.,#2614);
#1399=FACE_OUTER_BOUND('',#2615,.T.);
#1400=PLANE('',#2616);
#1401=SURFACE_STYLE_USAGE(.BOTH.,#2617);
#1402=FACE_OUTER_BOUND('',#2618,.T.);
#1403=PLANE('',#2619);
#1404=SURFACE_STYLE_USAGE(.BOTH.,#2620);
#1405=FACE_OUTER_BOUND('',#2621,.T.);
#1406=CYLINDRICAL_SURFACE('',#2622,0.05);
#1407=SURFACE_STYLE_USAGE(.BOTH.,#2623);
#1408=FACE_OUTER_BOUND('',#2624,.T.);
#1409=PLANE('',#2625);
#1410=SURFACE_STYLE_USAGE(.BOTH.,#2626);
#1411=FACE_OUTER_BOUND('',#2627,.T.);
#1412=PLANE('',#2628);
#1413=SURFACE_STYLE_USAGE(.BOTH.,#2629);
#1414=FACE_OUTER_BOUND('',#2630,.T.);
#1415=PLANE('',#2631);
#1416=SURFACE_STYLE_USAGE(.BOTH.,#2632);
#1417=FACE_OUTER_BOUND('',#2633,.T.);
#1418=PLANE('',#2634);
#1419=SURFACE_STYLE_USAGE(.BOTH.,#2635);
#1420=FACE_OUTER_BOUND('',#2636,.T.);
#1421=PLANE('',#2637);
#1422=SURFACE_STYLE_USAGE(.BOTH.,#2638);
#1423=FACE_OUTER_BOUND('',#2639,.T.);
#1424=PLANE('',#2640);
#1425=SURFACE_STYLE_USAGE(.BOTH.,#2641);
#1426=FACE_OUTER_BOUND('',#2642,.T.);
#1427=PLANE('',#2643);
#1428=SURFACE_STYLE_USAGE(.BOTH.,#2644);
#1429=FACE_OUTER_BOUND('',#2645,.T.);
#1430=PLANE('',#2646);
#1431=SURFACE_STYLE_USAGE(.BOTH.,#2647);
#1432=FACE_OUTER_BOUND('',#2648,.T.);
#1433=CYLINDRICAL_SURFACE('',#2649,0.38);
#1434=SURFACE_STYLE_USAGE(.BOTH.,#2650);
#1435=FACE_OUTER_BOUND('',#2651,.T.);
#1436=PLANE('',#2652);
#1437=SURFACE_STYLE_USAGE(.BOTH.,#2653);
#1438=FACE_OUTER_BOUND('',#2654,.T.);
#1439=CYLINDRICAL_SURFACE('',#2655,0.2);
#1440=SURFACE_STYLE_USAGE(.BOTH.,#2656);
#1441=FACE_OUTER_BOUND('',#2657,.T.);
#1442=PLANE('',#2658);
#1443=SURFACE_STYLE_USAGE(.BOTH.,#2659);
#1444=FACE_OUTER_BOUND('',#2660,.T.);
#1445=PLANE('',#2661);
#1446=SURFACE_STYLE_USAGE(.BOTH.,#2662);
#1447=FACE_OUTER_BOUND('',#2663,.T.);
#1448=PLANE('',#2664);
#1449=SURFACE_STYLE_USAGE(.BOTH.,#2665);
#1450=FACE_OUTER_BOUND('',#2666,.T.);
#1451=PLANE('',#2667);
#1452=SURFACE_STYLE_USAGE(.BOTH.,#2668);
#1453=FACE_OUTER_BOUND('',#2669,.T.);
#1454=CYLINDRICAL_SURFACE('',#2670,0.504);
#1455=SURFACE_STYLE_USAGE(.BOTH.,#2671);
#1456=FACE_OUTER_BOUND('',#2672,.T.);
#1457=PLANE('',#2673);
#1458=SURFACE_STYLE_USAGE(.BOTH.,#2674);
#1459=FACE_OUTER_BOUND('',#2675,.T.);
#1460=PLANE('',#2676);
#1461=SURFACE_STYLE_USAGE(.BOTH.,#2677);
#1462=FACE_OUTER_BOUND('',#2678,.T.);
#1463=PLANE('',#2679);
#1464=SURFACE_STYLE_USAGE(.BOTH.,#2680);
#1465=FACE_OUTER_BOUND('',#2681,.T.);
#1466=PLANE('',#2682);
#1467=SURFACE_STYLE_USAGE(.BOTH.,#2683);
#1468=FACE_OUTER_BOUND('',#2684,.T.);
#1469=PLANE('',#2685);
#1470=SURFACE_STYLE_USAGE(.BOTH.,#2686);
#1471=FACE_OUTER_BOUND('',#2687,.T.);
#1472=PLANE('',#2688);
#1473=SURFACE_STYLE_USAGE(.BOTH.,#2689);
#1474=FACE_OUTER_BOUND('',#2690,.T.);
#1475=PLANE('',#2691);
#1476=SURFACE_STYLE_USAGE(.BOTH.,#2692);
#1477=FACE_OUTER_BOUND('',#2693,.T.);
#1478=CYLINDRICAL_SURFACE('',#2694,0.15);
#1479=SURFACE_STYLE_USAGE(.BOTH.,#2695);
#1480=FACE_OUTER_BOUND('',#2696,.T.);
#1481=CYLINDRICAL_SURFACE('',#2697,0.15);
#1482=SURFACE_STYLE_USAGE(.BOTH.,#2698);
#1483=FACE_OUTER_BOUND('',#2699,.T.);
#1484=CYLINDRICAL_SURFACE('',#2700,0.15);
#1485=SURFACE_STYLE_USAGE(.BOTH.,#2701);
#1486=FACE_OUTER_BOUND('',#2702,.T.);
#1487=CYLINDRICAL_SURFACE('',#2703,0.05);
#1488=SURFACE_STYLE_USAGE(.BOTH.,#2704);
#1489=FACE_OUTER_BOUND('',#2705,.T.);
#1490=PLANE('',#2706);
#1491=SURFACE_STYLE_USAGE(.BOTH.,#2707);
#1492=FACE_OUTER_BOUND('',#2708,.T.);
#1493=PLANE('',#2709);
#1494=SURFACE_STYLE_USAGE(.BOTH.,#2710);
#1495=FACE_OUTER_BOUND('',#2711,.T.);
#1496=PLANE('',#2712);
#1497=SURFACE_STYLE_USAGE(.BOTH.,#2713);
#1498=FACE_OUTER_BOUND('',#2714,.T.);
#1499=PLANE('',#2715);
#1500=SURFACE_STYLE_USAGE(.BOTH.,#2716);
#1501=FACE_OUTER_BOUND('',#2717,.T.);
#1502=PLANE('',#2718);
#1503=SURFACE_STYLE_USAGE(.BOTH.,#2719);
#1504=FACE_OUTER_BOUND('',#2720,.T.);
#1505=CYLINDRICAL_SURFACE('',#2721,0.05);
#1506=SURFACE_STYLE_USAGE(.BOTH.,#2722);
#1507=FACE_OUTER_BOUND('',#2723,.T.);
#1508=PLANE('',#2724);
#1509=SURFACE_STYLE_USAGE(.BOTH.,#2725);
#1510=FACE_OUTER_BOUND('',#2726,.T.);
#1511=PLANE('',#2727);
#1512=SURFACE_STYLE_USAGE(.BOTH.,#2728);
#1513=FACE_OUTER_BOUND('',#2729,.T.);
#1514=PLANE('',#2730);
#1515=SURFACE_STYLE_USAGE(.BOTH.,#2731);
#1516=FACE_OUTER_BOUND('',#2732,.T.);
#1517=PLANE('',#2733);
#1518=SURFACE_STYLE_USAGE(.BOTH.,#2734);
#1519=FACE_OUTER_BOUND('',#2735,.T.);
#1520=PLANE('',#2736);
#1521=SURFACE_STYLE_USAGE(.BOTH.,#2737);
#1522=FACE_OUTER_BOUND('',#2738,.T.);
#1523=PLANE('',#2739);
#1524=SURFACE_STYLE_USAGE(.BOTH.,#2740);
#1525=FACE_OUTER_BOUND('',#2741,.T.);
#1526=PLANE('',#2742);
#1527=SURFACE_STYLE_USAGE(.BOTH.,#2743);
#1528=FACE_OUTER_BOUND('',#2744,.T.);
#1529=PLANE('',#2745);
#1530=SURFACE_STYLE_USAGE(.BOTH.,#2746);
#1531=FACE_OUTER_BOUND('',#2747,.T.);
#1532=CYLINDRICAL_SURFACE('',#2748,0.38);
#1533=SURFACE_STYLE_USAGE(.BOTH.,#2749);
#1534=FACE_OUTER_BOUND('',#2750,.T.);
#1535=PLANE('',#2751);
#1536=SURFACE_STYLE_USAGE(.BOTH.,#2752);
#1537=FACE_OUTER_BOUND('',#2753,.T.);
#1538=CYLINDRICAL_SURFACE('',#2754,0.2);
#1539=SURFACE_STYLE_USAGE(.BOTH.,#2755);
#1540=FACE_OUTER_BOUND('',#2756,.T.);
#1541=PLANE('',#2757);
#1542=SURFACE_STYLE_USAGE(.BOTH.,#2758);
#1543=FACE_OUTER_BOUND('',#2759,.T.);
#1544=PLANE('',#2760);
#1545=SURFACE_STYLE_USAGE(.BOTH.,#2761);
#1546=FACE_OUTER_BOUND('',#2762,.T.);
#1547=PLANE('',#2763);
#1548=SURFACE_STYLE_USAGE(.BOTH.,#2764);
#1549=FACE_OUTER_BOUND('',#2765,.T.);
#1550=PLANE('',#2766);
#1551=SURFACE_STYLE_USAGE(.BOTH.,#2767);
#1552=FACE_OUTER_BOUND('',#2768,.T.);
#1553=CYLINDRICAL_SURFACE('',#2769,0.504);
#1554=SURFACE_STYLE_USAGE(.BOTH.,#2770);
#1555=FACE_OUTER_BOUND('',#2771,.T.);
#1556=PLANE('',#2772);
#1557=SURFACE_STYLE_USAGE(.BOTH.,#2773);
#1558=FACE_OUTER_BOUND('',#2774,.T.);
#1559=PLANE('',#2775);
#1560=SURFACE_STYLE_USAGE(.BOTH.,#2776);
#1561=FACE_OUTER_BOUND('',#2777,.T.);
#1562=PLANE('',#2778);
#1563=SURFACE_STYLE_USAGE(.BOTH.,#2779);
#1564=FACE_OUTER_BOUND('',#2780,.T.);
#1565=PLANE('',#2781);
#1566=SURFACE_STYLE_USAGE(.BOTH.,#2782);
#1567=FACE_OUTER_BOUND('',#2783,.T.);
#1568=PLANE('',#2784);
#1569=SURFACE_STYLE_USAGE(.BOTH.,#2785);
#1570=FACE_OUTER_BOUND('',#2786,.T.);
#1571=PLANE('',#2787);
#1572=SURFACE_STYLE_USAGE(.BOTH.,#2788);
#1573=FACE_OUTER_BOUND('',#2789,.T.);
#1574=PLANE('',#2790);
#1575=SURFACE_STYLE_USAGE(.BOTH.,#2791);
#1576=FACE_OUTER_BOUND('',#2792,.T.);
#1577=CYLINDRICAL_SURFACE('',#2793,0.15);
#1578=SURFACE_STYLE_USAGE(.BOTH.,#2794);
#1579=FACE_OUTER_BOUND('',#2795,.T.);
#1580=CYLINDRICAL_SURFACE('',#2796,0.15);
#1581=SURFACE_STYLE_USAGE(.BOTH.,#2797);
#1582=FACE_OUTER_BOUND('',#2798,.T.);
#1583=CYLINDRICAL_SURFACE('',#2799,0.15);
#1584=SURFACE_STYLE_USAGE(.BOTH.,#2800);
#1585=FACE_OUTER_BOUND('',#2801,.T.);
#1586=CYLINDRICAL_SURFACE('',#2802,0.05);
#1587=SURFACE_STYLE_USAGE(.BOTH.,#2803);
#1588=FACE_OUTER_BOUND('',#2804,.T.);
#1589=PLANE('',#2805);
#1590=SURFACE_STYLE_USAGE(.BOTH.,#2806);
#1591=FACE_OUTER_BOUND('',#2807,.T.);
#1592=PLANE('',#2808);
#1593=SURFACE_STYLE_USAGE(.BOTH.,#2809);
#1594=FACE_OUTER_BOUND('',#2810,.T.);
#1595=PLANE('',#2811);
#1596=SURFACE_STYLE_USAGE(.BOTH.,#2812);
#1597=FACE_OUTER_BOUND('',#2813,.T.);
#1598=PLANE('',#2814);
#1599=SURFACE_STYLE_USAGE(.BOTH.,#2815);
#1600=FACE_OUTER_BOUND('',#2816,.T.);
#1601=PLANE('',#2817);
#1602=SURFACE_STYLE_USAGE(.BOTH.,#2818);
#1603=FACE_OUTER_BOUND('',#2819,.T.);
#1604=CYLINDRICAL_SURFACE('',#2820,0.45);
#1605=SURFACE_STYLE_USAGE(.BOTH.,#2821);
#1606=FACE_OUTER_BOUND('',#2822,.T.);
#1607=PLANE('',#2823);
#1608=SURFACE_STYLE_USAGE(.BOTH.,#2824);
#1609=FACE_OUTER_BOUND('',#2825,.T.);
#1610=CYLINDRICAL_SURFACE('',#2826,0.05);
#1611=SURFACE_STYLE_USAGE(.BOTH.,#2827);
#1612=FACE_OUTER_BOUND('',#2828,.T.);
#1613=PLANE('',#2829);
#1614=SURFACE_STYLE_USAGE(.BOTH.,#2830);
#1615=FACE_OUTER_BOUND('',#2831,.T.);
#1616=PLANE('',#2832);
#1617=SURFACE_STYLE_USAGE(.BOTH.,#2833);
#1618=FACE_OUTER_BOUND('',#2834,.T.);
#1619=PLANE('',#2835);
#1620=SURFACE_STYLE_USAGE(.BOTH.,#2836);
#1621=FACE_OUTER_BOUND('',#2837,.T.);
#1622=PLANE('',#2838);
#1623=SURFACE_STYLE_USAGE(.BOTH.,#2839);
#1624=FACE_OUTER_BOUND('',#2840,.T.);
#1625=CYLINDRICAL_SURFACE('',#2841,0.05);
#1626=SURFACE_STYLE_USAGE(.BOTH.,#2842);
#1627=FACE_OUTER_BOUND('',#2843,.T.);
#1628=PLANE('',#2844);
#1629=SURFACE_STYLE_USAGE(.BOTH.,#2845);
#1630=FACE_OUTER_BOUND('',#2846,.T.);
#1631=PLANE('',#2847);
#1632=SURFACE_STYLE_USAGE(.BOTH.,#2848);
#1633=FACE_OUTER_BOUND('',#2849,.T.);
#1634=CYLINDRICAL_SURFACE('',#2850,0.304);
#1635=SURFACE_STYLE_USAGE(.BOTH.,#2851);
#1636=FACE_OUTER_BOUND('',#2852,.T.);
#1637=PLANE('',#2853);
#1638=SURFACE_STYLE_USAGE(.BOTH.,#2854);
#1639=FACE_OUTER_BOUND('',#2855,.T.);
#1640=PLANE('',#2856);
#1641=SURFACE_STYLE_USAGE(.BOTH.,#2857);
#1642=FACE_OUTER_BOUND('',#2858,.T.);
#1643=PLANE('',#2859);
#1644=SURFACE_STYLE_USAGE(.BOTH.,#2860);
#1645=FACE_OUTER_BOUND('',#2861,.T.);
#1646=PLANE('',#2862);
#1647=SURFACE_STYLE_USAGE(.BOTH.,#2863);
#1648=FACE_OUTER_BOUND('',#2864,.T.);
#1649=CYLINDRICAL_SURFACE('',#2865,0.304);
#1650=SURFACE_STYLE_USAGE(.BOTH.,#2866);
#1651=FACE_OUTER_BOUND('',#2867,.T.);
#1652=CYLINDRICAL_SURFACE('',#2868,0.05);
#1653=SURFACE_STYLE_USAGE(.BOTH.,#2869);
#1654=FACE_OUTER_BOUND('',#2870,.T.);
#1655=PLANE('',#2871);
#1656=SURFACE_STYLE_USAGE(.BOTH.,#2872);
#1657=FACE_OUTER_BOUND('',#2873,.T.);
#1658=PLANE('',#2874);
#1659=SURFACE_STYLE_USAGE(.BOTH.,#2875);
#1660=FACE_OUTER_BOUND('',#2876,.T.);
#1661=PLANE('',#2877);
#1662=SURFACE_STYLE_USAGE(.BOTH.,#2878);
#1663=FACE_OUTER_BOUND('',#2879,.T.);
#1664=PLANE('',#2880);
#1665=SURFACE_STYLE_USAGE(.BOTH.,#2881);
#1666=FACE_OUTER_BOUND('',#2882,.T.);
#1667=PLANE('',#2883);
#1668=SURFACE_STYLE_USAGE(.BOTH.,#2884);
#1669=FACE_OUTER_BOUND('',#2885,.T.);
#1670=CYLINDRICAL_SURFACE('',#2886,0.15);
#1671=SURFACE_STYLE_USAGE(.BOTH.,#2887);
#1672=FACE_OUTER_BOUND('',#2888,.T.);
#1673=CYLINDRICAL_SURFACE('',#2889,0.15);
#1674=SURFACE_STYLE_USAGE(.BOTH.,#2890);
#1675=FACE_OUTER_BOUND('',#2891,.T.);
#1676=CYLINDRICAL_SURFACE('',#2892,0.15);
#1677=SURFACE_STYLE_USAGE(.BOTH.,#2893);
#1678=FACE_OUTER_BOUND('',#2894,.T.);
#1679=PLANE('',#2895);
#1680=SURFACE_STYLE_USAGE(.BOTH.,#2896);
#1681=FACE_OUTER_BOUND('',#2897,.T.);
#1682=PLANE('',#2898);
#1683=SURFACE_STYLE_USAGE(.BOTH.,#2899);
#1684=FACE_OUTER_BOUND('',#2900,.T.);
#1685=PLANE('',#2901);
#1686=SURFACE_STYLE_USAGE(.BOTH.,#2902);
#1687=FACE_OUTER_BOUND('',#2903,.T.);
#1688=PLANE('',#2904);
#1689=SURFACE_STYLE_USAGE(.BOTH.,#2905);
#1690=FACE_OUTER_BOUND('',#2906,.T.);
#1691=PLANE('',#2907);
#1692=SURFACE_STYLE_USAGE(.BOTH.,#2908);
#1693=FACE_OUTER_BOUND('',#2909,.T.);
#1694=PLANE('',#2910);
#1695=SURFACE_STYLE_USAGE(.BOTH.,#2911);
#1696=FACE_OUTER_BOUND('',#2912,.T.);
#1697=PLANE('',#2913);
#1698=SURFACE_STYLE_USAGE(.BOTH.,#2914);
#1699=FACE_OUTER_BOUND('',#2915,.T.);
#1700=CYLINDRICAL_SURFACE('',#2916,0.504);
#1701=SURFACE_STYLE_USAGE(.BOTH.,#2917);
#1702=FACE_OUTER_BOUND('',#2918,.T.);
#1703=PLANE('',#2919);
#1704=SURFACE_STYLE_USAGE(.BOTH.,#2920);
#1705=FACE_OUTER_BOUND('',#2921,.T.);
#1706=PLANE('',#2922);
#1707=SURFACE_STYLE_USAGE(.BOTH.,#2923);
#1708=FACE_OUTER_BOUND('',#2924,.T.);
#1709=CYLINDRICAL_SURFACE('',#2925,0.05);
#1710=SURFACE_STYLE_USAGE(.BOTH.,#2926);
#1711=FACE_OUTER_BOUND('',#2927,.T.);
#1712=PLANE('',#2928);
#1713=SURFACE_STYLE_USAGE(.BOTH.,#2929);
#1714=FACE_OUTER_BOUND('',#2930,.T.);
#1715=PLANE('',#2931);
#1716=SURFACE_STYLE_USAGE(.BOTH.,#2932);
#1717=FACE_OUTER_BOUND('',#2933,.T.);
#1718=PLANE('',#2934);
#1719=SURFACE_STYLE_USAGE(.BOTH.,#2935);
#1720=FACE_OUTER_BOUND('',#2936,.T.);
#1721=PLANE('',#2937);
#1722=SURFACE_STYLE_USAGE(.BOTH.,#2938);
#1723=FACE_OUTER_BOUND('',#2939,.T.);
#1724=PLANE('',#2940);
#1725=SURFACE_STYLE_USAGE(.BOTH.,#2941);
#1726=FACE_OUTER_BOUND('',#2942,.T.);
#1727=CYLINDRICAL_SURFACE('',#2943,0.45);
#1728=SURFACE_STYLE_USAGE(.BOTH.,#2944);
#1729=FACE_OUTER_BOUND('',#2945,.T.);
#1730=PLANE('',#2946);
#1731=SURFACE_STYLE_USAGE(.BOTH.,#2947);
#1732=FACE_OUTER_BOUND('',#2948,.T.);
#1733=CYLINDRICAL_SURFACE('',#2949,0.05);
#1734=SURFACE_STYLE_USAGE(.BOTH.,#2950);
#1735=FACE_OUTER_BOUND('',#2951,.T.);
#1736=PLANE('',#2952);
#1737=SURFACE_STYLE_USAGE(.BOTH.,#2953);
#1738=FACE_OUTER_BOUND('',#2954,.T.);
#1739=PLANE('',#2955);
#1740=SURFACE_STYLE_USAGE(.BOTH.,#2956);
#1741=FACE_OUTER_BOUND('',#2957,.T.);
#1742=PLANE('',#2958);
#1743=SURFACE_STYLE_USAGE(.BOTH.,#2959);
#1744=FACE_OUTER_BOUND('',#2960,.T.);
#1745=PLANE('',#2961);
#1746=SURFACE_STYLE_USAGE(.BOTH.,#2962);
#1747=FACE_OUTER_BOUND('',#2963,.T.);
#1748=CYLINDRICAL_SURFACE('',#2964,0.05);
#1749=SURFACE_STYLE_USAGE(.BOTH.,#2965);
#1750=FACE_OUTER_BOUND('',#2966,.T.);
#1751=PLANE('',#2967);
#1752=SURFACE_STYLE_USAGE(.BOTH.,#2968);
#1753=FACE_OUTER_BOUND('',#2969,.T.);
#1754=PLANE('',#2970);
#1755=SURFACE_STYLE_USAGE(.BOTH.,#2971);
#1756=FACE_OUTER_BOUND('',#2972,.T.);
#1757=CYLINDRICAL_SURFACE('',#2973,0.304);
#1758=SURFACE_STYLE_USAGE(.BOTH.,#2974);
#1759=FACE_OUTER_BOUND('',#2975,.T.);
#1760=PLANE('',#2976);
#1761=SURFACE_STYLE_USAGE(.BOTH.,#2977);
#1762=FACE_OUTER_BOUND('',#2978,.T.);
#1763=PLANE('',#2979);
#1764=SURFACE_STYLE_USAGE(.BOTH.,#2980);
#1765=FACE_OUTER_BOUND('',#2981,.T.);
#1766=PLANE('',#2982);
#1767=SURFACE_STYLE_USAGE(.BOTH.,#2983);
#1768=FACE_OUTER_BOUND('',#2984,.T.);
#1769=PLANE('',#2985);
#1770=SURFACE_STYLE_USAGE(.BOTH.,#2986);
#1771=FACE_OUTER_BOUND('',#2987,.T.);
#1772=CYLINDRICAL_SURFACE('',#2988,0.304);
#1773=SURFACE_STYLE_USAGE(.BOTH.,#2989);
#1774=FACE_OUTER_BOUND('',#2990,.T.);
#1775=CYLINDRICAL_SURFACE('',#2991,0.05);
#1776=SURFACE_STYLE_USAGE(.BOTH.,#2992);
#1777=FACE_OUTER_BOUND('',#2993,.T.);
#1778=PLANE('',#2994);
#1779=SURFACE_STYLE_USAGE(.BOTH.,#2995);
#1780=FACE_OUTER_BOUND('',#2996,.T.);
#1781=PLANE('',#2997);
#1782=SURFACE_STYLE_USAGE(.BOTH.,#2998);
#1783=FACE_OUTER_BOUND('',#2999,.T.);
#1784=PLANE('',#3000);
#1785=SURFACE_STYLE_USAGE(.BOTH.,#3001);
#1786=FACE_OUTER_BOUND('',#3002,.T.);
#1787=PLANE('',#3003);
#1788=SURFACE_STYLE_USAGE(.BOTH.,#3004);
#1789=FACE_OUTER_BOUND('',#3005,.T.);
#1790=PLANE('',#3006);
#1791=SURFACE_STYLE_USAGE(.BOTH.,#3007);
#1792=FACE_OUTER_BOUND('',#3008,.T.);
#1793=CYLINDRICAL_SURFACE('',#3009,0.15);
#1794=SURFACE_STYLE_USAGE(.BOTH.,#3010);
#1795=FACE_OUTER_BOUND('',#3011,.T.);
#1796=CYLINDRICAL_SURFACE('',#3012,0.15);
#1797=SURFACE_STYLE_USAGE(.BOTH.,#3013);
#1798=FACE_OUTER_BOUND('',#3014,.T.);
#1799=CYLINDRICAL_SURFACE('',#3015,0.15);
#1800=SURFACE_STYLE_USAGE(.BOTH.,#3016);
#1801=FACE_OUTER_BOUND('',#3017,.T.);
#1802=PLANE('',#3018);
#1803=SURFACE_STYLE_USAGE(.BOTH.,#3019);
#1804=FACE_OUTER_BOUND('',#3020,.T.);
#1805=PLANE('',#3021);
#1806=SURFACE_STYLE_USAGE(.BOTH.,#3022);
#1807=FACE_OUTER_BOUND('',#3023,.T.);
#1808=PLANE('',#3024);
#1809=SURFACE_STYLE_USAGE(.BOTH.,#3025);
#1810=FACE_OUTER_BOUND('',#3026,.T.);
#1811=PLANE('',#3027);
#1812=SURFACE_STYLE_USAGE(.BOTH.,#3028);
#1813=FACE_OUTER_BOUND('',#3029,.T.);
#1814=PLANE('',#3030);
#1815=SURFACE_STYLE_USAGE(.BOTH.,#3031);
#1816=FACE_OUTER_BOUND('',#3032,.T.);
#1817=PLANE('',#3033);
#1818=SURFACE_STYLE_USAGE(.BOTH.,#3034);
#1819=FACE_OUTER_BOUND('',#3035,.T.);
#1820=PLANE('',#3036);
#1821=SURFACE_STYLE_USAGE(.BOTH.,#3037);
#1822=FACE_OUTER_BOUND('',#3038,.T.);
#1823=CYLINDRICAL_SURFACE('',#3039,0.504);
#1824=SURFACE_STYLE_USAGE(.BOTH.,#3040);
#1825=FACE_OUTER_BOUND('',#3041,.T.);
#1826=PLANE('',#3042);
#1827=SURFACE_STYLE_USAGE(.BOTH.,#3043);
#1828=FACE_OUTER_BOUND('',#3044,.T.);
#1829=PLANE('',#3045);
#1830=SURFACE_STYLE_USAGE(.BOTH.,#3046);
#1831=FACE_OUTER_BOUND('',#3047,.T.);
#1832=CYLINDRICAL_SURFACE('',#3048,0.05);
#1833=SURFACE_STYLE_USAGE(.BOTH.,#3049);
#1834=FACE_OUTER_BOUND('',#3050,.T.);
#1835=PLANE('',#3051);
#1836=SURFACE_STYLE_USAGE(.BOTH.,#3052);
#1837=FACE_OUTER_BOUND('',#3053,.T.);
#1838=PLANE('',#3054);
#1839=SURFACE_STYLE_USAGE(.BOTH.,#3055);
#1840=FACE_OUTER_BOUND('',#3056,.T.);
#1841=PLANE('',#3057);
#1842=SURFACE_STYLE_USAGE(.BOTH.,#3058);
#1843=FACE_OUTER_BOUND('',#3059,.T.);
#1844=PLANE('',#3060);
#1845=SURFACE_STYLE_USAGE(.BOTH.,#3061);
#1846=FACE_OUTER_BOUND('',#3062,.T.);
#1847=PLANE('',#3063);
#1848=SURFACE_STYLE_USAGE(.BOTH.,#3064);
#1849=FACE_OUTER_BOUND('',#3065,.T.);
#1850=CYLINDRICAL_SURFACE('',#3066,0.45);
#1851=SURFACE_STYLE_USAGE(.BOTH.,#3067);
#1852=FACE_OUTER_BOUND('',#3068,.T.);
#1853=PLANE('',#3069);
#1854=SURFACE_STYLE_USAGE(.BOTH.,#3070);
#1855=FACE_OUTER_BOUND('',#3071,.T.);
#1856=CYLINDRICAL_SURFACE('',#3072,0.05);
#1857=SURFACE_STYLE_USAGE(.BOTH.,#3073);
#1858=FACE_OUTER_BOUND('',#3074,.T.);
#1859=PLANE('',#3075);
#1860=SURFACE_STYLE_USAGE(.BOTH.,#3076);
#1861=FACE_OUTER_BOUND('',#3077,.T.);
#1862=PLANE('',#3078);
#1863=SURFACE_STYLE_USAGE(.BOTH.,#3079);
#1864=FACE_OUTER_BOUND('',#3080,.T.);
#1865=PLANE('',#3081);
#1866=SURFACE_STYLE_USAGE(.BOTH.,#3082);
#1867=FACE_OUTER_BOUND('',#3083,.T.);
#1868=PLANE('',#3084);
#1869=SURFACE_STYLE_USAGE(.BOTH.,#3085);
#1870=FACE_OUTER_BOUND('',#3086,.T.);
#1871=CYLINDRICAL_SURFACE('',#3087,0.05);
#1872=SURFACE_STYLE_USAGE(.BOTH.,#3088);
#1873=FACE_OUTER_BOUND('',#3089,.T.);
#1874=PLANE('',#3090);
#1875=SURFACE_STYLE_USAGE(.BOTH.,#3091);
#1876=FACE_OUTER_BOUND('',#3092,.T.);
#1877=PLANE('',#3093);
#1878=SURFACE_STYLE_USAGE(.BOTH.,#3094);
#1879=FACE_OUTER_BOUND('',#3095,.T.);
#1880=CYLINDRICAL_SURFACE('',#3096,0.304);
#1881=SURFACE_STYLE_USAGE(.BOTH.,#3097);
#1882=FACE_OUTER_BOUND('',#3098,.T.);
#1883=PLANE('',#3099);
#1884=SURFACE_STYLE_USAGE(.BOTH.,#3100);
#1885=FACE_OUTER_BOUND('',#3101,.T.);
#1886=PLANE('',#3102);
#1887=SURFACE_STYLE_USAGE(.BOTH.,#3103);
#1888=FACE_OUTER_BOUND('',#3104,.T.);
#1889=PLANE('',#3105);
#1890=SURFACE_STYLE_USAGE(.BOTH.,#3106);
#1891=FACE_OUTER_BOUND('',#3107,.T.);
#1892=PLANE('',#3108);
#1893=SURFACE_STYLE_USAGE(.BOTH.,#3109);
#1894=FACE_OUTER_BOUND('',#3110,.T.);
#1895=CYLINDRICAL_SURFACE('',#3111,0.304);
#1896=SURFACE_STYLE_USAGE(.BOTH.,#3112);
#1897=FACE_OUTER_BOUND('',#3113,.T.);
#1898=CYLINDRICAL_SURFACE('',#3114,0.05);
#1899=SURFACE_STYLE_USAGE(.BOTH.,#3115);
#1900=FACE_OUTER_BOUND('',#3116,.T.);
#1901=PLANE('',#3117);
#1902=SURFACE_STYLE_USAGE(.BOTH.,#3118);
#1903=FACE_OUTER_BOUND('',#3119,.T.);
#1904=PLANE('',#3120);
#1905=SURFACE_STYLE_USAGE(.BOTH.,#3121);
#1906=FACE_OUTER_BOUND('',#3122,.T.);
#1907=PLANE('',#3123);
#1908=SURFACE_STYLE_USAGE(.BOTH.,#3124);
#1909=FACE_OUTER_BOUND('',#3125,.T.);
#1910=PLANE('',#3126);
#1911=SURFACE_STYLE_USAGE(.BOTH.,#3127);
#1912=FACE_OUTER_BOUND('',#3128,.T.);
#1913=PLANE('',#3129);
#1914=SURFACE_STYLE_USAGE(.BOTH.,#3130);
#1915=FACE_OUTER_BOUND('',#3131,.T.);
#1916=CYLINDRICAL_SURFACE('',#3132,0.15);
#1917=SURFACE_STYLE_USAGE(.BOTH.,#3133);
#1918=FACE_OUTER_BOUND('',#3134,.T.);
#1919=CYLINDRICAL_SURFACE('',#3135,0.15);
#1920=SURFACE_STYLE_USAGE(.BOTH.,#3136);
#1921=FACE_OUTER_BOUND('',#3137,.T.);
#1922=CYLINDRICAL_SURFACE('',#3138,0.15);
#1923=SURFACE_STYLE_USAGE(.BOTH.,#3139);
#1924=FACE_OUTER_BOUND('',#3140,.T.);
#1925=PLANE('',#3141);
#1926=SURFACE_STYLE_USAGE(.BOTH.,#3142);
#1927=FACE_OUTER_BOUND('',#3143,.T.);
#1928=PLANE('',#3144);
#1929=SURFACE_STYLE_USAGE(.BOTH.,#3145);
#1930=FACE_OUTER_BOUND('',#3146,.T.);
#1931=PLANE('',#3147);
#1932=SURFACE_STYLE_USAGE(.BOTH.,#3148);
#1933=FACE_OUTER_BOUND('',#3149,.T.);
#1934=PLANE('',#3150);
#1935=SURFACE_STYLE_USAGE(.BOTH.,#3151);
#1936=FACE_OUTER_BOUND('',#3152,.T.);
#1937=PLANE('',#3153);
#1938=SURFACE_STYLE_USAGE(.BOTH.,#3154);
#1939=FACE_OUTER_BOUND('',#3155,.T.);
#1940=PLANE('',#3156);
#1941=SURFACE_STYLE_USAGE(.BOTH.,#3157);
#1942=FACE_OUTER_BOUND('',#3158,.T.);
#1943=PLANE('',#3159);
#1944=SURFACE_STYLE_USAGE(.BOTH.,#3160);
#1945=FACE_OUTER_BOUND('',#3161,.T.);
#1946=CYLINDRICAL_SURFACE('',#3162,0.504);
#1947=SURFACE_STYLE_USAGE(.BOTH.,#3163);
#1948=FACE_OUTER_BOUND('',#3164,.T.);
#1949=PLANE('',#3165);
#1950=SURFACE_STYLE_USAGE(.BOTH.,#3166);
#1951=FACE_OUTER_BOUND('',#3167,.T.);
#1952=PLANE('',#3168);
#1953=SURFACE_STYLE_USAGE(.BOTH.,#3169);
#1954=FACE_OUTER_BOUND('',#3170,.T.);
#1955=CYLINDRICAL_SURFACE('',#3171,0.05);
#1956=SURFACE_STYLE_USAGE(.BOTH.,#3172);
#1957=FACE_OUTER_BOUND('',#3173,.T.);
#1958=PLANE('',#3174);
#1959=SURFACE_STYLE_USAGE(.BOTH.,#3175);
#1960=FACE_OUTER_BOUND('',#3176,.T.);
#1961=PLANE('',#3177);
#1962=SURFACE_STYLE_USAGE(.BOTH.,#3178);
#1963=FACE_OUTER_BOUND('',#3179,.T.);
#1964=PLANE('',#3180);
#1965=SURFACE_STYLE_USAGE(.BOTH.,#3181);
#1966=FACE_OUTER_BOUND('',#3182,.T.);
#1967=PLANE('',#3183);
#1968=SURFACE_STYLE_USAGE(.BOTH.,#3184);
#1969=FACE_OUTER_BOUND('',#3185,.T.);
#1970=PLANE('',#3186);
#1971=SURFACE_STYLE_USAGE(.BOTH.,#3187);
#1972=FACE_OUTER_BOUND('',#3188,.T.);
#1973=PLANE('',#3189);
#1974=SURFACE_STYLE_USAGE(.BOTH.,#3190);
#1975=FACE_OUTER_BOUND('',#3191,.T.);
#1976=PLANE('',#3192);
#1977=SURFACE_STYLE_USAGE(.BOTH.,#3193);
#1978=FACE_BOUND('',#3194,.T.);
#1979=FACE_OUTER_BOUND('',#3195,.T.);
#1980=PLANE('',#3196);
#1981=SURFACE_STYLE_USAGE(.BOTH.,#3197);
#1982=FACE_BOUND('',#3198,.T.);
#1983=FACE_OUTER_BOUND('',#3199,.T.);
#1984=PLANE('',#3200);
#1985=SURFACE_STYLE_USAGE(.BOTH.,#3201);
#1986=FACE_BOUND('',#3202,.T.);
#1987=FACE_OUTER_BOUND('',#3203,.T.);
#1988=PLANE('',#3204);
#1989=SURFACE_STYLE_USAGE(.BOTH.,#3205);
#1990=FACE_BOUND('',#3206,.T.);
#1991=FACE_OUTER_BOUND('',#3207,.T.);
#1992=PLANE('',#3208);
#1993=SURFACE_STYLE_USAGE(.BOTH.,#3209);
#1994=FACE_BOUND('',#3210,.T.);
#1995=FACE_OUTER_BOUND('',#3211,.T.);
#1996=PLANE('',#3212);
#1997=SURFACE_STYLE_USAGE(.BOTH.,#3213);
#1998=FACE_BOUND('',#3214,.T.);
#1999=FACE_OUTER_BOUND('',#3215,.T.);
#2000=PLANE('',#3216);
#2001=SURFACE_STYLE_USAGE(.BOTH.,#3217);
#2002=FACE_OUTER_BOUND('',#3218,.T.);
#2003=PLANE('',#3219);
#2004=SURFACE_STYLE_USAGE(.BOTH.,#3220);
#2005=FACE_OUTER_BOUND('',#3221,.T.);
#2006=PLANE('',#3222);
#2007=SURFACE_STYLE_USAGE(.BOTH.,#3223);
#2008=FACE_OUTER_BOUND('',#3224,.T.);
#2009=PLANE('',#3225);
#2010=SURFACE_STYLE_USAGE(.BOTH.,#3226);
#2011=FACE_OUTER_BOUND('',#3227,.T.);
#2012=PLANE('',#3228);
#2013=SURFACE_STYLE_USAGE(.BOTH.,#3229);
#2014=FACE_OUTER_BOUND('',#3230,.T.);
#2015=PLANE('',#3231);
#2016=SURFACE_STYLE_USAGE(.BOTH.,#3232);
#2017=FACE_OUTER_BOUND('',#3233,.T.);
#2018=PLANE('',#3234);
#2019=SURFACE_STYLE_USAGE(.BOTH.,#3235);
#2020=FACE_OUTER_BOUND('',#3236,.T.);
#2021=PLANE('',#3237);
#2022=SURFACE_STYLE_USAGE(.BOTH.,#3238);
#2023=FACE_OUTER_BOUND('',#3239,.T.);
#2024=PLANE('',#3240);
#2025=SURFACE_STYLE_USAGE(.BOTH.,#3241);
#2026=FACE_OUTER_BOUND('',#3242,.T.);
#2027=PLANE('',#3243);
#2028=SURFACE_STYLE_USAGE(.BOTH.,#3244);
#2029=FACE_OUTER_BOUND('',#3245,.T.);
#2030=PLANE('',#3246);
#2031=SURFACE_STYLE_USAGE(.BOTH.,#3247);
#2032=FACE_OUTER_BOUND('',#3248,.T.);
#2033=PLANE('',#3249);
#2034=SURFACE_STYLE_USAGE(.BOTH.,#3250);
#2035=FACE_OUTER_BOUND('',#3251,.T.);
#2036=PLANE('',#3252);
#2037=SURFACE_STYLE_USAGE(.BOTH.,#3253);
#2038=FACE_OUTER_BOUND('',#3254,.T.);
#2039=PLANE('',#3255);
#2040=SURFACE_STYLE_USAGE(.BOTH.,#3256);
#2041=FACE_OUTER_BOUND('',#3257,.T.);
#2042=PLANE('',#3258);
#2043=SURFACE_STYLE_USAGE(.BOTH.,#3259);
#2044=FACE_OUTER_BOUND('',#3260,.T.);
#2045=PLANE('',#3261);
#2046=SURFACE_STYLE_USAGE(.BOTH.,#3262);
#2047=FACE_OUTER_BOUND('',#3263,.T.);
#2048=PLANE('',#3264);
#2049=SURFACE_STYLE_USAGE(.BOTH.,#3265);
#2050=FACE_OUTER_BOUND('',#3266,.T.);
#2051=PLANE('',#3267);
#2052=SURFACE_STYLE_USAGE(.BOTH.,#3268);
#2053=FACE_OUTER_BOUND('',#3269,.T.);
#2054=PLANE('',#3270);
#2055=SURFACE_STYLE_USAGE(.BOTH.,#3271);
#2056=FACE_OUTER_BOUND('',#3272,.T.);
#2057=PLANE('',#3273);
#2058=SURFACE_STYLE_USAGE(.BOTH.,#3274);
#2059=FACE_OUTER_BOUND('',#3275,.T.);
#2060=PLANE('',#3276);
#2061=SURFACE_STYLE_USAGE(.BOTH.,#3277);
#2062=FACE_OUTER_BOUND('',#3278,.T.);
#2063=PLANE('',#3279);
#2064=SURFACE_STYLE_USAGE(.BOTH.,#3280);
#2065=FACE_OUTER_BOUND('',#3281,.T.);
#2066=PLANE('',#3282);
#2067=SURFACE_STYLE_USAGE(.BOTH.,#3283);
#2068=FACE_OUTER_BOUND('',#3284,.T.);
#2069=PLANE('',#3285);
#2070=SURFACE_STYLE_USAGE(.BOTH.,#3286);
#2071=FACE_OUTER_BOUND('',#3287,.T.);
#2072=PLANE('',#3288);
#2073=SURFACE_STYLE_USAGE(.BOTH.,#3289);
#2074=FACE_OUTER_BOUND('',#3290,.T.);
#2075=FACE_BOUND('',#3291,.T.);
#2076=PLANE('',#3292);
#2077=SURFACE_STYLE_USAGE(.BOTH.,#3293);
#2078=FACE_OUTER_BOUND('',#3294,.T.);
#2079=CYLINDRICAL_SURFACE('',#3295,0.55);
#2080=SURFACE_STYLE_USAGE(.BOTH.,#3296);
#2081=FACE_OUTER_BOUND('',#3297,.T.);
#2082=PLANE('',#3298);
#2083=SURFACE_STYLE_USAGE(.BOTH.,#3299);
#2084=FACE_OUTER_BOUND('',#3300,.T.);
#2085=PLANE('',#3301);
#2086=SURFACE_STYLE_USAGE(.BOTH.,#3302);
#2087=FACE_OUTER_BOUND('',#3303,.T.);
#2088=PLANE('',#3304);
#2089=SURFACE_STYLE_USAGE(.BOTH.,#3305);
#2090=FACE_OUTER_BOUND('',#3306,.T.);
#2091=PLANE('',#3307);
#2092=SURFACE_STYLE_USAGE(.BOTH.,#3308);
#2093=FACE_OUTER_BOUND('',#3309,.T.);
#2094=CYLINDRICAL_SURFACE('',#3310,0.55);
#2095=SURFACE_STYLE_USAGE(.BOTH.,#3311);
#2096=FACE_OUTER_BOUND('',#3312,.T.);
#2097=PLANE('',#3313);
#2098=SURFACE_STYLE_USAGE(.BOTH.,#3314);
#2099=FACE_OUTER_BOUND('',#3315,.T.);
#2100=PLANE('',#3316);
#2101=SURFACE_STYLE_USAGE(.BOTH.,#3317);
#2102=FACE_OUTER_BOUND('',#3318,.T.);
#2103=PLANE('',#3319);
#2104=SURFACE_STYLE_USAGE(.BOTH.,#3320);
#2105=FACE_OUTER_BOUND('',#3321,.T.);
#2106=PLANE('',#3322);
#2107=SURFACE_STYLE_USAGE(.BOTH.,#3323);
#2108=FACE_OUTER_BOUND('',#3324,.T.);
#2109=CYLINDRICAL_SURFACE('',#3325,0.55);
#2110=SURFACE_STYLE_USAGE(.BOTH.,#3326);
#2111=FACE_OUTER_BOUND('',#3327,.T.);
#2112=PLANE('',#3328);
#2113=SURFACE_STYLE_USAGE(.BOTH.,#3329);
#2114=FACE_OUTER_BOUND('',#3330,.T.);
#2115=PLANE('',#3331);
#2116=SURFACE_STYLE_USAGE(.BOTH.,#3332);
#2117=FACE_OUTER_BOUND('',#3333,.T.);
#2118=PLANE('',#3334);
#2119=SURFACE_STYLE_USAGE(.BOTH.,#3335);
#2120=FACE_OUTER_BOUND('',#3336,.T.);
#2121=PLANE('',#3337);
#2122=SURFACE_STYLE_USAGE(.BOTH.,#3338);
#2123=FACE_OUTER_BOUND('',#3339,.T.);
#2124=CYLINDRICAL_SURFACE('',#3340,0.55);
#2125=SURFACE_STYLE_USAGE(.BOTH.,#3341);
#2126=FACE_OUTER_BOUND('',#3342,.T.);
#2127=PLANE('',#3343);
#2128=SURFACE_STYLE_USAGE(.BOTH.,#3344);
#2129=FACE_OUTER_BOUND('',#3345,.T.);
#2130=PLANE('',#3346);
#2131=SURFACE_STYLE_USAGE(.BOTH.,#3347);
#2132=FACE_OUTER_BOUND('',#3348,.T.);
#2133=PLANE('',#3349);
#2134=SURFACE_STYLE_USAGE(.BOTH.,#3350);
#2135=FACE_OUTER_BOUND('',#3351,.T.);
#2136=PLANE('',#3352);
#2137=SURFACE_STYLE_USAGE(.BOTH.,#3353);
#2138=FACE_OUTER_BOUND('',#3354,.T.);
#2139=CYLINDRICAL_SURFACE('',#3355,0.55);
#2140=SURFACE_STYLE_USAGE(.BOTH.,#3356);
#2141=FACE_OUTER_BOUND('',#3357,.T.);
#2142=PLANE('',#3358);
#2143=SURFACE_STYLE_USAGE(.BOTH.,#3359);
#2144=FACE_OUTER_BOUND('',#3360,.T.);
#2145=PLANE('',#3361);
#2146=SURFACE_STYLE_USAGE(.BOTH.,#3362);
#2147=FACE_OUTER_BOUND('',#3363,.T.);
#2148=PLANE('',#3364);
#2149=SURFACE_STYLE_USAGE(.BOTH.,#3365);
#2150=FACE_OUTER_BOUND('',#3366,.T.);
#2151=PLANE('',#3367);
#2152=SURFACE_STYLE_USAGE(.BOTH.,#3368);
#2153=FACE_OUTER_BOUND('',#3369,.T.);
#2154=CYLINDRICAL_SURFACE('',#3370,0.55);
#2155=SURFACE_STYLE_USAGE(.BOTH.,#3371);
#2156=FACE_OUTER_BOUND('',#3372,.T.);
#2157=PLANE('',#3373);
#2158=SURFACE_STYLE_USAGE(.BOTH.,#3374);
#2159=FACE_OUTER_BOUND('',#3375,.T.);
#2160=PLANE('',#3376);
#2161=SURFACE_STYLE_USAGE(.BOTH.,#3377);
#2162=FACE_OUTER_BOUND('',#3378,.T.);
#2163=PLANE('',#3379);
#2164=SURFACE_STYLE_USAGE(.BOTH.,#3380);
#2165=FACE_OUTER_BOUND('',#3381,.T.);
#2166=PLANE('',#3382);
#2167=SURFACE_STYLE_USAGE(.BOTH.,#3383);
#2168=FACE_OUTER_BOUND('',#3384,.T.);
#2169=PLANE('',#3385);
#2170=SURFACE_STYLE_USAGE(.BOTH.,#3386);
#2171=FACE_OUTER_BOUND('',#3387,.T.);
#2172=PLANE('',#3388);
#2173=SURFACE_STYLE_USAGE(.BOTH.,#3389);
#2174=FACE_OUTER_BOUND('',#3390,.T.);
#2175=PLANE('',#3391);
#2176=SURFACE_STYLE_USAGE(.BOTH.,#3392);
#2177=FACE_OUTER_BOUND('',#3393,.T.);
#2178=PLANE('',#3394);
#2179=SURFACE_STYLE_USAGE(.BOTH.,#3395);
#2180=FACE_OUTER_BOUND('',#3396,.T.);
#2181=PLANE('',#3397);
#2182=SURFACE_STYLE_USAGE(.BOTH.,#3398);
#2183=FACE_OUTER_BOUND('',#3399,.T.);
#2184=PLANE('',#3400);
#2185=SURFACE_STYLE_USAGE(.BOTH.,#3401);
#2186=FACE_OUTER_BOUND('',#3402,.T.);
#2187=PLANE('',#3403);
#2188=SURFACE_STYLE_USAGE(.BOTH.,#3404);
#2189=FACE_OUTER_BOUND('',#3405,.T.);
#2190=PLANE('',#3406);
#2191=SURFACE_STYLE_USAGE(.BOTH.,#3407);
#2192=FACE_OUTER_BOUND('',#3408,.T.);
#2193=PLANE('',#3409);
#2194=SURFACE_STYLE_USAGE(.BOTH.,#3410);
#2195=FACE_OUTER_BOUND('',#3411,.T.);
#2196=PLANE('',#3412);
#2197=SURFACE_STYLE_USAGE(.BOTH.,#3413);
#2198=FACE_OUTER_BOUND('',#3414,.T.);
#2199=PLANE('',#3415);
#2200=SURFACE_STYLE_USAGE(.BOTH.,#3416);
#2201=FACE_OUTER_BOUND('',#3417,.T.);
#2202=PLANE('',#3418);
#2203=SURFACE_STYLE_USAGE(.BOTH.,#3419);
#2204=FACE_OUTER_BOUND('',#3420,.T.);
#2205=PLANE('',#3421);
#2206=SURFACE_STYLE_USAGE(.BOTH.,#3422);
#2207=FACE_OUTER_BOUND('',#3423,.T.);
#2208=PLANE('',#3424);
#2209=SURFACE_STYLE_USAGE(.BOTH.,#3425);
#2210=FACE_OUTER_BOUND('',#3426,.T.);
#2211=PLANE('',#3427);
#2212=SURFACE_STYLE_USAGE(.BOTH.,#3428);
#2213=FACE_OUTER_BOUND('',#3429,.T.);
#2214=PLANE('',#3430);
#2215=SURFACE_STYLE_USAGE(.BOTH.,#3431);
#2216=FACE_OUTER_BOUND('',#3432,.T.);
#2217=PLANE('',#3433);
#2218=SURFACE_STYLE_USAGE(.BOTH.,#3434);
#2219=FACE_OUTER_BOUND('',#3435,.T.);
#2220=PLANE('',#3436);
#2221=SURFACE_STYLE_USAGE(.BOTH.,#3437);
#2222=FACE_OUTER_BOUND('',#3438,.T.);
#2223=PLANE('',#3439);
#2224=SURFACE_STYLE_USAGE(.BOTH.,#3440);
#2225=FACE_OUTER_BOUND('',#3441,.T.);
#2226=PLANE('',#3442);
#2227=SURFACE_STYLE_USAGE(.BOTH.,#3443);
#2228=FACE_OUTER_BOUND('',#3444,.T.);
#2229=PLANE('',#3445);
#2230=SURFACE_STYLE_USAGE(.BOTH.,#3446);
#2231=FACE_OUTER_BOUND('',#3447,.T.);
#2232=PLANE('',#3448);
#2233=SURFACE_STYLE_USAGE(.BOTH.,#3449);
#2234=FACE_OUTER_BOUND('',#3450,.T.);
#2235=PLANE('',#3451);
#2236=SURFACE_STYLE_USAGE(.BOTH.,#3452);
#2237=FACE_OUTER_BOUND('',#3453,.T.);
#2238=PLANE('',#3454);
#2239=SURFACE_STYLE_USAGE(.BOTH.,#3455);
#2240=FACE_OUTER_BOUND('',#3456,.T.);
#2241=PLANE('',#3457);
#2242=SURFACE_STYLE_USAGE(.BOTH.,#3458);
#2243=FACE_OUTER_BOUND('',#3459,.T.);
#2244=PLANE('',#3460);
#2245=SURFACE_STYLE_USAGE(.BOTH.,#3461);
#2246=FACE_OUTER_BOUND('',#3462,.T.);
#2247=PLANE('',#3463);
#2248=SURFACE_STYLE_USAGE(.BOTH.,#3464);
#2249=FACE_OUTER_BOUND('',#3465,.T.);
#2250=PLANE('',#3466);
#2251=SURFACE_STYLE_USAGE(.BOTH.,#3467);
#2252=FACE_OUTER_BOUND('',#3468,.T.);
#2253=PLANE('',#3469);
#2254=SURFACE_STYLE_USAGE(.BOTH.,#3470);
#2255=FACE_OUTER_BOUND('',#3471,.T.);
#2256=PLANE('',#3472);
#2257=SURFACE_STYLE_USAGE(.BOTH.,#3473);
#2258=FACE_OUTER_BOUND('',#3474,.T.);
#2259=PLANE('',#3475);
#2260=SURFACE_STYLE_USAGE(.BOTH.,#3476);
#2261=FACE_OUTER_BOUND('',#3477,.T.);
#2262=PLANE('',#3478);
#2263=SURFACE_STYLE_USAGE(.BOTH.,#3479);
#2264=FACE_OUTER_BOUND('',#3480,.T.);
#2265=PLANE('',#3481);
#2266=SURFACE_STYLE_USAGE(.BOTH.,#3482);
#2267=FACE_OUTER_BOUND('',#3483,.T.);
#2268=PLANE('',#3484);
#2269=SURFACE_STYLE_USAGE(.BOTH.,#3485);
#2270=FACE_OUTER_BOUND('',#3486,.T.);
#2271=PLANE('',#3487);
#2272=SURFACE_STYLE_USAGE(.BOTH.,#3488);
#2273=FACE_OUTER_BOUND('',#3489,.T.);
#2274=PLANE('',#3490);
#2275=SURFACE_STYLE_USAGE(.BOTH.,#3491);
#2276=FACE_OUTER_BOUND('',#3492,.T.);
#2277=PLANE('',#3493);
#2278=SURFACE_STYLE_USAGE(.BOTH.,#3494);
#2279=FACE_OUTER_BOUND('',#3495,.T.);
#2280=PLANE('',#3496);
#2281=SURFACE_STYLE_USAGE(.BOTH.,#3497);
#2282=FACE_OUTER_BOUND('',#3498,.T.);
#2283=PLANE('',#3499);
#2284=SURFACE_STYLE_USAGE(.BOTH.,#3500);
#2285=FACE_OUTER_BOUND('',#3501,.T.);
#2286=PLANE('',#3502);
#2287=SURFACE_STYLE_USAGE(.BOTH.,#3503);
#2288=FACE_OUTER_BOUND('',#3504,.T.);
#2289=PLANE('',#3505);
#2290=SURFACE_STYLE_USAGE(.BOTH.,#3506);
#2291=FACE_OUTER_BOUND('',#3507,.T.);
#2292=PLANE('',#3508);
#2293=SURFACE_STYLE_USAGE(.BOTH.,#3509);
#2294=FACE_OUTER_BOUND('',#3510,.T.);
#2295=PLANE('',#3511);
#2296=SURFACE_STYLE_USAGE(.BOTH.,#3512);
#2297=FACE_OUTER_BOUND('',#3513,.T.);
#2298=PLANE('',#3514);
#2299=SURFACE_STYLE_USAGE(.BOTH.,#3515);
#2300=FACE_OUTER_BOUND('',#3516,.T.);
#2301=PLANE('',#3517);
#2302=SURFACE_STYLE_USAGE(.BOTH.,#3518);
#2303=FACE_OUTER_BOUND('',#3519,.T.);
#2304=PLANE('',#3520);
#2305=SURFACE_STYLE_USAGE(.BOTH.,#3521);
#2306=FACE_OUTER_BOUND('',#3522,.T.);
#2307=PLANE('',#3523);
#2308=SURFACE_STYLE_USAGE(.BOTH.,#3524);
#2309=FACE_OUTER_BOUND('',#3525,.T.);
#2310=PLANE('',#3526);
#2311=SURFACE_STYLE_USAGE(.BOTH.,#3527);
#2312=FACE_OUTER_BOUND('',#3528,.T.);
#2313=PLANE('',#3529);
#2314=SURFACE_STYLE_USAGE(.BOTH.,#3530);
#2315=FACE_OUTER_BOUND('',#3531,.T.);
#2316=PLANE('',#3532);
#2317=SURFACE_STYLE_USAGE(.BOTH.,#3533);
#2318=FACE_OUTER_BOUND('',#3534,.T.);
#2319=PLANE('',#3535);
#2320=SURFACE_STYLE_USAGE(.BOTH.,#3536);
#2321=FACE_OUTER_BOUND('',#3537,.T.);
#2322=PLANE('',#3538);
#2323=SURFACE_STYLE_USAGE(.BOTH.,#3539);
#2324=FACE_OUTER_BOUND('',#3540,.T.);
#2325=PLANE('',#3541);
#2326=SURFACE_STYLE_USAGE(.BOTH.,#3542);
#2327=FACE_OUTER_BOUND('',#3543,.T.);
#2328=PLANE('',#3544);
#2329=SURFACE_STYLE_USAGE(.BOTH.,#3545);
#2330=FACE_OUTER_BOUND('',#3546,.T.);
#2331=PLANE('',#3547);
#2332=SURFACE_STYLE_USAGE(.BOTH.,#3548);
#2333=FACE_OUTER_BOUND('',#3549,.T.);
#2334=PLANE('',#3550);
#2335=SURFACE_STYLE_USAGE(.BOTH.,#3551);
#2336=FACE_OUTER_BOUND('',#3552,.T.);
#2337=PLANE('',#3553);
#2338=SURFACE_STYLE_USAGE(.BOTH.,#3554);
#2339=FACE_OUTER_BOUND('',#3555,.T.);
#2340=PLANE('',#3556);
#2341=SURFACE_STYLE_USAGE(.BOTH.,#3557);
#2342=FACE_OUTER_BOUND('',#3558,.T.);
#2343=PLANE('',#3559);
#2344=SURFACE_STYLE_USAGE(.BOTH.,#3560);
#2345=FACE_OUTER_BOUND('',#3561,.T.);
#2346=PLANE('',#3562);
#2347=SURFACE_STYLE_USAGE(.BOTH.,#3563);
#2348=FACE_OUTER_BOUND('',#3564,.T.);
#2349=PLANE('',#3565);
#2350=SURFACE_STYLE_USAGE(.BOTH.,#3566);
#2351=FACE_OUTER_BOUND('',#3567,.T.);
#2352=PLANE('',#3568);
#2353=SURFACE_STYLE_USAGE(.BOTH.,#3569);
#2354=FACE_OUTER_BOUND('',#3570,.T.);
#2355=PLANE('',#3571);
#2356=SURFACE_STYLE_USAGE(.BOTH.,#3572);
#2357=FACE_OUTER_BOUND('',#3573,.T.);
#2358=PLANE('',#3574);
#2359=SURFACE_STYLE_USAGE(.BOTH.,#3575);
#2360=FACE_OUTER_BOUND('',#3576,.T.);
#2361=PLANE('',#3577);
#2362=SURFACE_STYLE_USAGE(.BOTH.,#3578);
#2363=FACE_OUTER_BOUND('',#3579,.T.);
#2364=PLANE('',#3580);
#2365=SURFACE_STYLE_USAGE(.BOTH.,#3581);
#2366=FACE_OUTER_BOUND('',#3582,.T.);
#2367=PLANE('',#3583);
#2368=SURFACE_STYLE_USAGE(.BOTH.,#3584);
#2369=FACE_OUTER_BOUND('',#3585,.T.);
#2370=PLANE('',#3586);
#2371=SURFACE_STYLE_USAGE(.BOTH.,#3587);
#2372=FACE_OUTER_BOUND('',#3588,.T.);
#2373=PLANE('',#3589);
#2374=SURFACE_STYLE_USAGE(.BOTH.,#3590);
#2375=FACE_OUTER_BOUND('',#3591,.T.);
#2376=PLANE('',#3592);
#2377=SURFACE_STYLE_USAGE(.BOTH.,#3593);
#2378=FACE_OUTER_BOUND('',#3594,.T.);
#2379=PLANE('',#3595);
#2380=SURFACE_STYLE_USAGE(.BOTH.,#3596);
#2381=FACE_OUTER_BOUND('',#3597,.T.);
#2382=PLANE('',#3598);
#2383=SURFACE_STYLE_USAGE(.BOTH.,#3599);
#2384=FACE_OUTER_BOUND('',#3600,.T.);
#2385=PLANE('',#3601);
#2386=SURFACE_STYLE_USAGE(.BOTH.,#3602);
#2387=FACE_OUTER_BOUND('',#3603,.T.);
#2388=PLANE('',#3604);
#2389=SURFACE_STYLE_USAGE(.BOTH.,#3605);
#2390=FACE_OUTER_BOUND('',#3606,.T.);
#2391=PLANE('',#3607);
#2392=SURFACE_STYLE_USAGE(.BOTH.,#3608);
#2393=FACE_OUTER_BOUND('',#3609,.T.);
#2394=PLANE('',#3610);
#2395=SURFACE_STYLE_USAGE(.BOTH.,#3611);
#2396=FACE_OUTER_BOUND('',#3612,.T.);
#2397=PLANE('',#3613);
#2398=SURFACE_STYLE_USAGE(.BOTH.,#3614);
#2399=FACE_OUTER_BOUND('',#3615,.T.);
#2400=PLANE('',#3616);
#2401=SURFACE_STYLE_USAGE(.BOTH.,#3617);
#2402=FACE_OUTER_BOUND('',#3618,.T.);
#2403=PLANE('',#3619);
#2404=SURFACE_STYLE_USAGE(.BOTH.,#3620);
#2405=FACE_OUTER_BOUND('',#3621,.T.);
#2406=PLANE('',#3622);
#2407=SURFACE_STYLE_USAGE(.BOTH.,#3623);
#2408=FACE_OUTER_BOUND('',#3624,.T.);
#2409=PLANE('',#3625);
#2410=SURFACE_STYLE_USAGE(.BOTH.,#3626);
#2411=FACE_OUTER_BOUND('',#3627,.T.);
#2412=PLANE('',#3628);
#2413=SURFACE_STYLE_USAGE(.BOTH.,#3629);
#2414=FACE_OUTER_BOUND('',#3630,.T.);
#2415=CYLINDRICAL_SURFACE('',#3631,0.55);
#2416=SURFACE_STYLE_USAGE(.BOTH.,#3632);
#2417=FACE_OUTER_BOUND('',#3633,.T.);
#2418=PLANE('',#3634);
#2419=SURFACE_STYLE_USAGE(.BOTH.,#3635);
#2420=FACE_OUTER_BOUND('',#3636,.T.);
#2421=PLANE('',#3637);
#2422=SURFACE_STYLE_USAGE(.BOTH.,#3638);
#2423=FACE_OUTER_BOUND('',#3639,.T.);
#2424=PLANE('',#3640);
#2425=SURFACE_STYLE_USAGE(.BOTH.,#3641);
#2426=FACE_OUTER_BOUND('',#3642,.T.);
#2427=PLANE('',#3643);
#2428=SURFACE_STYLE_USAGE(.BOTH.,#3644);
#2429=FACE_OUTER_BOUND('',#3645,.T.);
#2430=PLANE('',#3646);
#2431=SURFACE_STYLE_USAGE(.BOTH.,#3647);
#2432=FACE_OUTER_BOUND('',#3648,.T.);
#2433=PLANE('',#3649);
#2434=SURFACE_STYLE_USAGE(.BOTH.,#3650);
#2435=FACE_OUTER_BOUND('',#3651,.T.);
#2436=PLANE('',#3652);
#2437=SURFACE_STYLE_USAGE(.BOTH.,#3653);
#2438=FACE_OUTER_BOUND('',#3654,.T.);
#2439=PLANE('',#3655);
#2440=SURFACE_STYLE_USAGE(.BOTH.,#3656);
#2441=FACE_OUTER_BOUND('',#3657,.T.);
#2442=PLANE('',#3658);
#2443=SURFACE_STYLE_USAGE(.BOTH.,#3659);
#2444=FACE_OUTER_BOUND('',#3660,.T.);
#2445=PLANE('',#3661);
#2446=SURFACE_STYLE_USAGE(.BOTH.,#3662);
#2447=FACE_OUTER_BOUND('',#3663,.T.);
#2448=PLANE('',#3664);
#2449=SURFACE_STYLE_USAGE(.BOTH.,#3665);
#2450=CLOSED_SHELL('',(#425,#427,#429,#431,#433,#435,#437,#439,#441,#443,#445,#447,#449,#451,#453,#455,#457,#459,#461,#463,#465,#467,#469,#471,#473,#475,#477,#479,#481,#483,#485,#487,#489,#491,#493,#495,#497,#499,#501,#503,#505,#507,#509,#511,#513,#515,#517,#519,#521,#523,#525,#527,#529,#531,#533,#535,#537,#539,#541,#543,#545,#547,#549,#551,#553,#555,#557,#559,#561,#563,#565,#567,#569,#571,#573,#575,#577,#579,#581,#583,#585,#587,#589,#591,#593,#595,#597,#599,#601,#603,#605,#607,#609,#611,#613,#615,#617,#619,#621,#623,#625,#627,#629,#631,#633,#635,#637,#639,#641,#643,#645,#647,#649,#651,#653,#655,#657,#659,#661,#663,#665,#667,#669,#671,#673,#675,#677,#679,#681,#683,#685,#687,#689,#691,#693,#695,#697,#699,#701,#703,#705,#707,#709,#711,#713,#715,#717,#719,#721,#723,#725,#727,#729,#731,#733,#735,#737,#739,#741,#743,#745,#747,#749,#751,#753,#755,#757,#759,#761,#763,#765,#767,#769,#771,#773,#775,#777,#779,#781,#783,#785,#787,#789,#791,#793,#795,#797,#799,#801,#803,#805,#807,#809,#811,#813,#815,#817,#819,#821,#823,#825,#827,#829,#831,#833,#835,#837,#839,#841,#843,#845,#847,#849,#851,#853,#855,#857,#859,#861,#863,#865,#867,#869,#871,#873,#875,#877,#879,#881,#883,#885,#887,#889,#891,#893,#895,#897,#899,#901,#903,#905,#907,#909,#911,#913,#915,#917,#919,#921,#923,#925,#927,#929,#931,#933,#935,#937,#939,#941,#943,#945,#947,#949,#951,#953,#955,#957,#959,#961,#963,#965,#967,#969,#971,#973,#975,#977,#979,#981,#983,#985,#987,#989,#991,#993,#995,#997,#999,#1001,#1003,#1005,#1007,#1009,#1011,#1013,#1015,#1017,#1019,#1021,#1023,#1025,#1027,#1029,#1031,#1033,#1035,#1037,#1039,#1041,#1043,#1045,#1047,#1049,#1051,#1053,#1055,#1057,#1059,#1061,#1063,#1065,#1067,#1069,#1071,#1073,#1075,#1077,#1079,#1081,#1083,#1085,#1087,#1089,#1091,#1093,#1095,#1097,#1099,#1101,#1103,#1105,#1107,#1109,#1111,#1113,#1115,#1117,#1119,#1121,#1123,#1125,#1127,#1129,#1131,#1133,#1135,#1137,#1139,#1141,#1143,#1145,#1147,#1149,#1151,#1153,#1155,#1157,#1159,#1161,#1163,#1165,#1167,#1169,#1171,#1173,#1175,#1177,#1179,#1181,#1183,#1185,#1187,#1189,#1191,#1193,#1195,#1197,#1199,#1201,#1203,#1205,#1207,#1209,#1211,#1213));
#2451=ORIENTED_CLOSED_SHELL('',*,#3666,.T.);
#2452=PRODUCT_CONTEXT('',#411,'mechanical');
#2453=PRODUCT_DEFINITION_FORMATION_WITH_SPECIFIED_SOURCE(' ','NONE',#1226,.NOT_KNOWN.);
#2454=CARTESIAN_POINT('',(0.0,0.0,0.0));
#2455=DIRECTION('',(0.0,0.0,1.0));
#2456=DIRECTION('',(1.0,0.0,0.0));
#2457= (NAMED_UNIT(#1234)LENGTH_UNIT()SI_UNIT(.MILLI.,.METRE.));
#2458=SURFACE_SIDE_STYLE('',(#3668));
#2459=EDGE_LOOP('',(#3669,#3670,#3671,#3672));
#2460=AXIS2_PLACEMENT_3D('',#3673,#3674,#3675);
#2461=SURFACE_SIDE_STYLE('',(#3676));
#2462=EDGE_LOOP('',(#3677,#3678,#3679,#3680));
#2463=AXIS2_PLACEMENT_3D('',#3681,#3682,#3683);
#2464=SURFACE_SIDE_STYLE('',(#3684));
#2465=EDGE_LOOP('',(#3685,#3686,#3687,#3688));
#2466=AXIS2_PLACEMENT_3D('',#3689,#3690,#3691);
#2467=SURFACE_SIDE_STYLE('',(#3692));
#2468=EDGE_LOOP('',(#3693,#3694,#3695,#3696));
#2469=AXIS2_PLACEMENT_3D('',#3697,#3698,#3699);
#2470=SURFACE_SIDE_STYLE('',(#3700));
#2471=EDGE_LOOP('',(#3701,#3702,#3703,#3704));
#2472=AXIS2_PLACEMENT_3D('',#3705,#3706,#3707);
#2473=SURFACE_SIDE_STYLE('',(#3708));
#2474=EDGE_LOOP('',(#3709,#3710,#3711,#3712));
#2475=AXIS2_PLACEMENT_3D('',#3713,#3714,#3715);
#2476=SURFACE_SIDE_STYLE('',(#3716));
#2477=EDGE_LOOP('',(#3717,#3718,#3719,#3720));
#2478=AXIS2_PLACEMENT_3D('',#3721,#3722,#3723);
#2479=SURFACE_SIDE_STYLE('',(#3724));
#2480=EDGE_LOOP('',(#3725,#3726,#3727,#3728));
#2481=AXIS2_PLACEMENT_3D('',#3729,#3730,#3731);
#2482=SURFACE_SIDE_STYLE('',(#3732));
#2483=EDGE_LOOP('',(#3733,#3734,#3735,#3736));
#2484=AXIS2_PLACEMENT_3D('',#3737,#3738,#3739);
#2485=SURFACE_SIDE_STYLE('',(#3740));
#2486=EDGE_LOOP('',(#3741,#3742,#3743,#3744));
#2487=AXIS2_PLACEMENT_3D('',#3745,#3746,#3747);
#2488=SURFACE_SIDE_STYLE('',(#3748));
#2489=EDGE_LOOP('',(#3749,#3750,#3751,#3752));
#2490=AXIS2_PLACEMENT_3D('',#3753,#3754,#3755);
#2491=SURFACE_SIDE_STYLE('',(#3756));
#2492=EDGE_LOOP('',(#3757,#3758,#3759,#3760));
#2493=AXIS2_PLACEMENT_3D('',#3761,#3762,#3763);
#2494=SURFACE_SIDE_STYLE('',(#3764));
#2495=EDGE_LOOP('',(#3765,#3766,#3767,#3768));
#2496=AXIS2_PLACEMENT_3D('',#3769,#3770,#3771);
#2497=SURFACE_SIDE_STYLE('',(#3772));
#2498=EDGE_LOOP('',(#3773,#3774,#3775,#3776));
#2499=AXIS2_PLACEMENT_3D('',#3777,#3778,#3779);
#2500=SURFACE_SIDE_STYLE('',(#3780));
#2501=EDGE_LOOP('',(#3781,#3782,#3783,#3784));
#2502=AXIS2_PLACEMENT_3D('',#3785,#3786,#3787);
#2503=SURFACE_SIDE_STYLE('',(#3788));
#2504=EDGE_LOOP('',(#3789,#3790,#3791,#3792));
#2505=AXIS2_PLACEMENT_3D('',#3793,#3794,#3795);
#2506=SURFACE_SIDE_STYLE('',(#3796));
#2507=EDGE_LOOP('',(#3797,#3798,#3799,#3800));
#2508=AXIS2_PLACEMENT_3D('',#3801,#3802,#3803);
#2509=SURFACE_SIDE_STYLE('',(#3804));
#2510=EDGE_LOOP('',(#3805,#3806,#3807,#3808));
#2511=AXIS2_PLACEMENT_3D('',#3809,#3810,#3811);
#2512=SURFACE_SIDE_STYLE('',(#3812));
#2513=EDGE_LOOP('',(#3813,#3814,#3815,#3816));
#2514=AXIS2_PLACEMENT_3D('',#3817,#3818,#3819);
#2515=SURFACE_SIDE_STYLE('',(#3820));
#2516=EDGE_LOOP('',(#3821,#3822,#3823,#3824,#3825,#3826,#3827,#3828,#3829,#3830));
#2517=AXIS2_PLACEMENT_3D('',#3831,#3832,#3833);
#2518=SURFACE_SIDE_STYLE('',(#3834));
#2519=EDGE_LOOP('',(#3835,#3836,#3837,#3838,#3839,#3840,#3841,#3842,#3843,#3844,#3845,#3846,#3847));
#2520=AXIS2_PLACEMENT_3D('',#3848,#3849,#3850);
#2521=SURFACE_SIDE_STYLE('',(#3851));
#2522=EDGE_LOOP('',(#3852,#3853,#3854,#3855));
#2523=AXIS2_PLACEMENT_3D('',#3856,#3857,#3858);
#2524=SURFACE_SIDE_STYLE('',(#3859));
#2525=EDGE_LOOP('',(#3860,#3861,#3862,#3863,#3864,#3865));
#2526=AXIS2_PLACEMENT_3D('',#3866,#3867,#3868);
#2527=SURFACE_SIDE_STYLE('',(#3869));
#2528=EDGE_LOOP('',(#3870,#3871,#3872));
#2529=AXIS2_PLACEMENT_3D('',#3873,#3874,#3875);
#2530=SURFACE_SIDE_STYLE('',(#3876));
#2531=EDGE_LOOP('',(#3877,#3878,#3879,#3880));
#2532=AXIS2_PLACEMENT_3D('',#3881,#3882,#3883);
#2533=SURFACE_SIDE_STYLE('',(#3884));
#2534=EDGE_LOOP('',(#3885,#3886,#3887,#3888));
#2535=AXIS2_PLACEMENT_3D('',#3889,#3890,#3891);
#2536=SURFACE_SIDE_STYLE('',(#3892));
#2537=EDGE_LOOP('',(#3893,#3894,#3895,#3896,#3897,#3898));
#2538=AXIS2_PLACEMENT_3D('',#3899,#3900,#3901);
#2539=SURFACE_SIDE_STYLE('',(#3902));
#2540=EDGE_LOOP('',(#3903,#3904,#3905,#3906));
#2541=AXIS2_PLACEMENT_3D('',#3907,#3908,#3909);
#2542=SURFACE_SIDE_STYLE('',(#3910));
#2543=EDGE_LOOP('',(#3911,#3912,#3913));
#2544=AXIS2_PLACEMENT_3D('',#3914,#3915,#3916);
#2545=SURFACE_SIDE_STYLE('',(#3917));
#2546=EDGE_LOOP('',(#3918,#3919,#3920,#3921,#3922,#3923,#3924,#3925));
#2547=AXIS2_PLACEMENT_3D('',#3926,#3927,#3928);
#2548=SURFACE_SIDE_STYLE('',(#3929));
#2549=EDGE_LOOP('',(#3930,#3931,#3932,#3933));
#2550=AXIS2_PLACEMENT_3D('',#3934,#3935,#3936);
#2551=SURFACE_SIDE_STYLE('',(#3937));
#2552=EDGE_LOOP('',(#3938,#3939,#3940,#3941,#3942,#3943,#3944,#3945,#3946,#3947));
#2553=AXIS2_PLACEMENT_3D('',#3948,#3949,#3950);
#2554=SURFACE_SIDE_STYLE('',(#3951));
#2555=EDGE_LOOP('',(#3952,#3953,#3954,#3955));
#2556=AXIS2_PLACEMENT_3D('',#3956,#3957,#3958);
#2557=SURFACE_SIDE_STYLE('',(#3959));
#2558=EDGE_LOOP('',(#3960,#3961,#3962,#3963));
#2559=AXIS2_PLACEMENT_3D('',#3964,#3965,#3966);
#2560=SURFACE_SIDE_STYLE('',(#3967));
#2561=EDGE_LOOP('',(#3968,#3969,#3970,#3971));
#2562=AXIS2_PLACEMENT_3D('',#3972,#3973,#3974);
#2563=SURFACE_SIDE_STYLE('',(#3975));
#2564=EDGE_LOOP('',(#3976,#3977,#3978,#3979,#3980,#3981,#3982,#3983));
#2565=AXIS2_PLACEMENT_3D('',#3984,#3985,#3986);
#2566=SURFACE_SIDE_STYLE('',(#3987));
#2567=EDGE_LOOP('',(#3988,#3989,#3990,#3991,#3992,#3993));
#2568=AXIS2_PLACEMENT_3D('',#3994,#3995,#3996);
#2569=SURFACE_SIDE_STYLE('',(#3997));
#2570=EDGE_LOOP('',(#3998,#3999,#4000,#4001));
#2571=AXIS2_PLACEMENT_3D('',#4002,#4003,#4004);
#2572=SURFACE_SIDE_STYLE('',(#4005));
#2573=EDGE_LOOP('',(#4006,#4007,#4008,#4009));
#2574=AXIS2_PLACEMENT_3D('',#4010,#4011,#4012);
#2575=SURFACE_SIDE_STYLE('',(#4013));
#2576=EDGE_LOOP('',(#4014,#4015,#4016,#4017,#4018,#4019,#4020,#4021,#4022,#4023,#4024,#4025,#4026));
#2577=AXIS2_PLACEMENT_3D('',#4027,#4028,#4029);
#2578=SURFACE_SIDE_STYLE('',(#4030));
#2579=EDGE_LOOP('',(#4031,#4032,#4033,#4034,#4035,#4036));
#2580=AXIS2_PLACEMENT_3D('',#4037,#4038,#4039);
#2581=SURFACE_SIDE_STYLE('',(#4040));
#2582=EDGE_LOOP('',(#4041,#4042,#4043,#4044,#4045));
#2583=AXIS2_PLACEMENT_3D('',#4046,#4047,#4048);
#2584=SURFACE_SIDE_STYLE('',(#4049));
#2585=EDGE_LOOP('',(#4050,#4051,#4052));
#2586=AXIS2_PLACEMENT_3D('',#4053,#4054,#4055);
#2587=SURFACE_SIDE_STYLE('',(#4056));
#2588=EDGE_LOOP('',(#4057,#4058,#4059,#4060,#4061));
#2589=AXIS2_PLACEMENT_3D('',#4062,#4063,#4064);
#2590=SURFACE_SIDE_STYLE('',(#4065));
#2591=EDGE_LOOP('',(#4066,#4067,#4068));
#2592=AXIS2_PLACEMENT_3D('',#4069,#4070,#4071);
#2593=SURFACE_SIDE_STYLE('',(#4072));
#2594=EDGE_LOOP('',(#4073,#4074,#4075,#4076));
#2595=AXIS2_PLACEMENT_3D('',#4077,#4078,#4079);
#2596=SURFACE_SIDE_STYLE('',(#4080));
#2597=EDGE_LOOP('',(#4081,#4082,#4083,#4084,#4085,#4086,#4087,#4088,#4089,#4090));
#2598=AXIS2_PLACEMENT_3D('',#4091,#4092,#4093);
#2599=SURFACE_SIDE_STYLE('',(#4094));
#2600=EDGE_LOOP('',(#4095,#4096,#4097,#4098));
#2601=AXIS2_PLACEMENT_3D('',#4099,#4100,#4101);
#2602=SURFACE_SIDE_STYLE('',(#4102));
#2603=EDGE_LOOP('',(#4103,#4104,#4105,#4106));
#2604=AXIS2_PLACEMENT_3D('',#4107,#4108,#4109);
#2605=SURFACE_SIDE_STYLE('',(#4110));
#2606=EDGE_LOOP('',(#4111,#4112,#4113,#4114,#4115,#4116,#4117,#4118));
#2607=AXIS2_PLACEMENT_3D('',#4119,#4120,#4121);
#2608=SURFACE_SIDE_STYLE('',(#4122));
#2609=EDGE_LOOP('',(#4123,#4124,#4125,#4126));
#2610=AXIS2_PLACEMENT_3D('',#4127,#4128,#4129);
#2611=SURFACE_SIDE_STYLE('',(#4130));
#2612=EDGE_LOOP('',(#4131,#4132,#4133,#4134));
#2613=AXIS2_PLACEMENT_3D('',#4135,#4136,#4137);
#2614=SURFACE_SIDE_STYLE('',(#4138));
#2615=EDGE_LOOP('',(#4139,#4140,#4141,#4142,#4143,#4144,#4145,#4146,#4147,#4148));
#2616=AXIS2_PLACEMENT_3D('',#4149,#4150,#4151);
#2617=SURFACE_SIDE_STYLE('',(#4152));
#2618=EDGE_LOOP('',(#4153,#4154,#4155,#4156,#4157,#4158,#4159,#4160,#4161,#4162,#4163,#4164,#4165));
#2619=AXIS2_PLACEMENT_3D('',#4166,#4167,#4168);
#2620=SURFACE_SIDE_STYLE('',(#4169));
#2621=EDGE_LOOP('',(#4170,#4171,#4172,#4173));
#2622=AXIS2_PLACEMENT_3D('',#4174,#4175,#4176);
#2623=SURFACE_SIDE_STYLE('',(#4177));
#2624=EDGE_LOOP('',(#4178,#4179,#4180,#4181,#4182,#4183));
#2625=AXIS2_PLACEMENT_3D('',#4184,#4185,#4186);
#2626=SURFACE_SIDE_STYLE('',(#4187));
#2627=EDGE_LOOP('',(#4188,#4189,#4190));
#2628=AXIS2_PLACEMENT_3D('',#4191,#4192,#4193);
#2629=SURFACE_SIDE_STYLE('',(#4194));
#2630=EDGE_LOOP('',(#4195,#4196,#4197,#4198));
#2631=AXIS2_PLACEMENT_3D('',#4199,#4200,#4201);
#2632=SURFACE_SIDE_STYLE('',(#4202));
#2633=EDGE_LOOP('',(#4203,#4204,#4205,#4206));
#2634=AXIS2_PLACEMENT_3D('',#4207,#4208,#4209);
#2635=SURFACE_SIDE_STYLE('',(#4210));
#2636=EDGE_LOOP('',(#4211,#4212,#4213,#4214,#4215,#4216));
#2637=AXIS2_PLACEMENT_3D('',#4217,#4218,#4219);
#2638=SURFACE_SIDE_STYLE('',(#4220));
#2639=EDGE_LOOP('',(#4221,#4222,#4223,#4224));
#2640=AXIS2_PLACEMENT_3D('',#4225,#4226,#4227);
#2641=SURFACE_SIDE_STYLE('',(#4228));
#2642=EDGE_LOOP('',(#4229,#4230,#4231));
#2643=AXIS2_PLACEMENT_3D('',#4232,#4233,#4234);
#2644=SURFACE_SIDE_STYLE('',(#4235));
#2645=EDGE_LOOP('',(#4236,#4237,#4238,#4239,#4240,#4241,#4242,#4243));
#2646=AXIS2_PLACEMENT_3D('',#4244,#4245,#4246);
#2647=SURFACE_SIDE_STYLE('',(#4247));
#2648=EDGE_LOOP('',(#4248,#4249,#4250,#4251));
#2649=AXIS2_PLACEMENT_3D('',#4252,#4253,#4254);
#2650=SURFACE_SIDE_STYLE('',(#4255));
#2651=EDGE_LOOP('',(#4256,#4257,#4258,#4259,#4260,#4261,#4262,#4263,#4264,#4265));
#2652=AXIS2_PLACEMENT_3D('',#4266,#4267,#4268);
#2653=SURFACE_SIDE_STYLE('',(#4269));
#2654=EDGE_LOOP('',(#4270,#4271,#4272,#4273));
#2655=AXIS2_PLACEMENT_3D('',#4274,#4275,#4276);
#2656=SURFACE_SIDE_STYLE('',(#4277));
#2657=EDGE_LOOP('',(#4278,#4279,#4280,#4281));
#2658=AXIS2_PLACEMENT_3D('',#4282,#4283,#4284);
#2659=SURFACE_SIDE_STYLE('',(#4285));
#2660=EDGE_LOOP('',(#4286,#4287,#4288,#4289));
#2661=AXIS2_PLACEMENT_3D('',#4290,#4291,#4292);
#2662=SURFACE_SIDE_STYLE('',(#4293));
#2663=EDGE_LOOP('',(#4294,#4295,#4296,#4297,#4298,#4299,#4300,#4301));
#2664=AXIS2_PLACEMENT_3D('',#4302,#4303,#4304);
#2665=SURFACE_SIDE_STYLE('',(#4305));
#2666=EDGE_LOOP('',(#4306,#4307,#4308,#4309,#4310,#4311));
#2667=AXIS2_PLACEMENT_3D('',#4312,#4313,#4314);
#2668=SURFACE_SIDE_STYLE('',(#4315));
#2669=EDGE_LOOP('',(#4316,#4317,#4318,#4319));
#2670=AXIS2_PLACEMENT_3D('',#4320,#4321,#4322);
#2671=SURFACE_SIDE_STYLE('',(#4323));
#2672=EDGE_LOOP('',(#4324,#4325,#4326,#4327));
#2673=AXIS2_PLACEMENT_3D('',#4328,#4329,#4330);
#2674=SURFACE_SIDE_STYLE('',(#4331));
#2675=EDGE_LOOP('',(#4332,#4333,#4334,#4335,#4336,#4337,#4338,#4339,#4340,#4341,#4342,#4343,#4344));
#2676=AXIS2_PLACEMENT_3D('',#4345,#4346,#4347);
#2677=SURFACE_SIDE_STYLE('',(#4348));
#2678=EDGE_LOOP('',(#4349,#4350,#4351,#4352,#4353,#4354));
#2679=AXIS2_PLACEMENT_3D('',#4355,#4356,#4357);
#2680=SURFACE_SIDE_STYLE('',(#4358));
#2681=EDGE_LOOP('',(#4359,#4360,#4361,#4362,#4363));
#2682=AXIS2_PLACEMENT_3D('',#4364,#4365,#4366);
#2683=SURFACE_SIDE_STYLE('',(#4367));
#2684=EDGE_LOOP('',(#4368,#4369,#4370));
#2685=AXIS2_PLACEMENT_3D('',#4371,#4372,#4373);
#2686=SURFACE_SIDE_STYLE('',(#4374));
#2687=EDGE_LOOP('',(#4375,#4376,#4377,#4378,#4379));
#2688=AXIS2_PLACEMENT_3D('',#4380,#4381,#4382);
#2689=SURFACE_SIDE_STYLE('',(#4383));
#2690=EDGE_LOOP('',(#4384,#4385,#4386));
#2691=AXIS2_PLACEMENT_3D('',#4387,#4388,#4389);
#2692=SURFACE_SIDE_STYLE('',(#4390));
#2693=EDGE_LOOP('',(#4391,#4392,#4393,#4394));
#2694=AXIS2_PLACEMENT_3D('',#4395,#4396,#4397);
#2695=SURFACE_SIDE_STYLE('',(#4398));
#2696=EDGE_LOOP('',(#4399,#4400,#4401,#4402,#4403,#4404,#4405,#4406,#4407,#4408));
#2697=AXIS2_PLACEMENT_3D('',#4409,#4410,#4411);
#2698=SURFACE_SIDE_STYLE('',(#4412));
#2699=EDGE_LOOP('',(#4413,#4414,#4415,#4416));
#2700=AXIS2_PLACEMENT_3D('',#4417,#4418,#4419);
#2701=SURFACE_SIDE_STYLE('',(#4420));
#2702=EDGE_LOOP('',(#4421,#4422,#4423,#4424));
#2703=AXIS2_PLACEMENT_3D('',#4425,#4426,#4427);
#2704=SURFACE_SIDE_STYLE('',(#4428));
#2705=EDGE_LOOP('',(#4429,#4430,#4431,#4432,#4433,#4434,#4435,#4436));
#2706=AXIS2_PLACEMENT_3D('',#4437,#4438,#4439);
#2707=SURFACE_SIDE_STYLE('',(#4440));
#2708=EDGE_LOOP('',(#4441,#4442,#4443,#4444));
#2709=AXIS2_PLACEMENT_3D('',#4445,#4446,#4447);
#2710=SURFACE_SIDE_STYLE('',(#4448));
#2711=EDGE_LOOP('',(#4449,#4450,#4451,#4452));
#2712=AXIS2_PLACEMENT_3D('',#4453,#4454,#4455);
#2713=SURFACE_SIDE_STYLE('',(#4456));
#2714=EDGE_LOOP('',(#4457,#4458,#4459,#4460,#4461,#4462,#4463,#4464,#4465,#4466));
#2715=AXIS2_PLACEMENT_3D('',#4467,#4468,#4469);
#2716=SURFACE_SIDE_STYLE('',(#4470));
#2717=EDGE_LOOP('',(#4471,#4472,#4473,#4474,#4475,#4476,#4477,#4478,#4479,#4480,#4481,#4482,#4483));
#2718=AXIS2_PLACEMENT_3D('',#4484,#4485,#4486);
#2719=SURFACE_SIDE_STYLE('',(#4487));
#2720=EDGE_LOOP('',(#4488,#4489,#4490,#4491));
#2721=AXIS2_PLACEMENT_3D('',#4492,#4493,#4494);
#2722=SURFACE_SIDE_STYLE('',(#4495));
#2723=EDGE_LOOP('',(#4496,#4497,#4498,#4499,#4500,#4501));
#2724=AXIS2_PLACEMENT_3D('',#4502,#4503,#4504);
#2725=SURFACE_SIDE_STYLE('',(#4505));
#2726=EDGE_LOOP('',(#4506,#4507,#4508));
#2727=AXIS2_PLACEMENT_3D('',#4509,#4510,#4511);
#2728=SURFACE_SIDE_STYLE('',(#4512));
#2729=EDGE_LOOP('',(#4513,#4514,#4515,#4516));
#2730=AXIS2_PLACEMENT_3D('',#4517,#4518,#4519);
#2731=SURFACE_SIDE_STYLE('',(#4520));
#2732=EDGE_LOOP('',(#4521,#4522,#4523,#4524));
#2733=AXIS2_PLACEMENT_3D('',#4525,#4526,#4527);
#2734=SURFACE_SIDE_STYLE('',(#4528));
#2735=EDGE_LOOP('',(#4529,#4530,#4531,#4532,#4533,#4534));
#2736=AXIS2_PLACEMENT_3D('',#4535,#4536,#4537);
#2737=SURFACE_SIDE_STYLE('',(#4538));
#2738=EDGE_LOOP('',(#4539,#4540,#4541,#4542));
#2739=AXIS2_PLACEMENT_3D('',#4543,#4544,#4545);
#2740=SURFACE_SIDE_STYLE('',(#4546));
#2741=EDGE_LOOP('',(#4547,#4548,#4549));
#2742=AXIS2_PLACEMENT_3D('',#4550,#4551,#4552);
#2743=SURFACE_SIDE_STYLE('',(#4553));
#2744=EDGE_LOOP('',(#4554,#4555,#4556,#4557,#4558,#4559,#4560,#4561));
#2745=AXIS2_PLACEMENT_3D('',#4562,#4563,#4564);
#2746=SURFACE_SIDE_STYLE('',(#4565));
#2747=EDGE_LOOP('',(#4566,#4567,#4568,#4569));
#2748=AXIS2_PLACEMENT_3D('',#4570,#4571,#4572);
#2749=SURFACE_SIDE_STYLE('',(#4573));
#2750=EDGE_LOOP('',(#4574,#4575,#4576,#4577,#4578,#4579,#4580,#4581,#4582,#4583));
#2751=AXIS2_PLACEMENT_3D('',#4584,#4585,#4586);
#2752=SURFACE_SIDE_STYLE('',(#4587));
#2753=EDGE_LOOP('',(#4588,#4589,#4590,#4591));
#2754=AXIS2_PLACEMENT_3D('',#4592,#4593,#4594);
#2755=SURFACE_SIDE_STYLE('',(#4595));
#2756=EDGE_LOOP('',(#4596,#4597,#4598,#4599));
#2757=AXIS2_PLACEMENT_3D('',#4600,#4601,#4602);
#2758=SURFACE_SIDE_STYLE('',(#4603));
#2759=EDGE_LOOP('',(#4604,#4605,#4606,#4607));
#2760=AXIS2_PLACEMENT_3D('',#4608,#4609,#4610);
#2761=SURFACE_SIDE_STYLE('',(#4611));
#2762=EDGE_LOOP('',(#4612,#4613,#4614,#4615,#4616,#4617,#4618,#4619));
#2763=AXIS2_PLACEMENT_3D('',#4620,#4621,#4622);
#2764=SURFACE_SIDE_STYLE('',(#4623));
#2765=EDGE_LOOP('',(#4624,#4625,#4626,#4627,#4628,#4629));
#2766=AXIS2_PLACEMENT_3D('',#4630,#4631,#4632);
#2767=SURFACE_SIDE_STYLE('',(#4633));
#2768=EDGE_LOOP('',(#4634,#4635,#4636,#4637));
#2769=AXIS2_PLACEMENT_3D('',#4638,#4639,#4640);
#2770=SURFACE_SIDE_STYLE('',(#4641));
#2771=EDGE_LOOP('',(#4642,#4643,#4644,#4645));
#2772=AXIS2_PLACEMENT_3D('',#4646,#4647,#4648);
#2773=SURFACE_SIDE_STYLE('',(#4649));
#2774=EDGE_LOOP('',(#4650,#4651,#4652,#4653,#4654,#4655,#4656,#4657,#4658,#4659,#4660,#4661,#4662));
#2775=AXIS2_PLACEMENT_3D('',#4663,#4664,#4665);
#2776=SURFACE_SIDE_STYLE('',(#4666));
#2777=EDGE_LOOP('',(#4667,#4668,#4669,#4670,#4671,#4672));
#2778=AXIS2_PLACEMENT_3D('',#4673,#4674,#4675);
#2779=SURFACE_SIDE_STYLE('',(#4676));
#2780=EDGE_LOOP('',(#4677,#4678,#4679,#4680,#4681));
#2781=AXIS2_PLACEMENT_3D('',#4682,#4683,#4684);
#2782=SURFACE_SIDE_STYLE('',(#4685));
#2783=EDGE_LOOP('',(#4686,#4687,#4688));
#2784=AXIS2_PLACEMENT_3D('',#4689,#4690,#4691);
#2785=SURFACE_SIDE_STYLE('',(#4692));
#2786=EDGE_LOOP('',(#4693,#4694,#4695,#4696,#4697));
#2787=AXIS2_PLACEMENT_3D('',#4698,#4699,#4700);
#2788=SURFACE_SIDE_STYLE('',(#4701));
#2789=EDGE_LOOP('',(#4702,#4703,#4704));
#2790=AXIS2_PLACEMENT_3D('',#4705,#4706,#4707);
#2791=SURFACE_SIDE_STYLE('',(#4708));
#2792=EDGE_LOOP('',(#4709,#4710,#4711,#4712));
#2793=AXIS2_PLACEMENT_3D('',#4713,#4714,#4715);
#2794=SURFACE_SIDE_STYLE('',(#4716));
#2795=EDGE_LOOP('',(#4717,#4718,#4719,#4720,#4721,#4722,#4723,#4724,#4725,#4726));
#2796=AXIS2_PLACEMENT_3D('',#4727,#4728,#4729);
#2797=SURFACE_SIDE_STYLE('',(#4730));
#2798=EDGE_LOOP('',(#4731,#4732,#4733,#4734));
#2799=AXIS2_PLACEMENT_3D('',#4735,#4736,#4737);
#2800=SURFACE_SIDE_STYLE('',(#4738));
#2801=EDGE_LOOP('',(#4739,#4740,#4741,#4742));
#2802=AXIS2_PLACEMENT_3D('',#4743,#4744,#4745);
#2803=SURFACE_SIDE_STYLE('',(#4746));
#2804=EDGE_LOOP('',(#4747,#4748,#4749,#4750,#4751,#4752,#4753,#4754));
#2805=AXIS2_PLACEMENT_3D('',#4755,#4756,#4757);
#2806=SURFACE_SIDE_STYLE('',(#4758));
#2807=EDGE_LOOP('',(#4759,#4760,#4761,#4762));
#2808=AXIS2_PLACEMENT_3D('',#4763,#4764,#4765);
#2809=SURFACE_SIDE_STYLE('',(#4766));
#2810=EDGE_LOOP('',(#4767,#4768,#4769,#4770,#4771,#4772,#4773,#4774,#4775,#4776,#4777,#4778,#4779,#4780));
#2811=AXIS2_PLACEMENT_3D('',#4781,#4782,#4783);
#2812=SURFACE_SIDE_STYLE('',(#4784));
#2813=EDGE_LOOP('',(#4785,#4786,#4787,#4788));
#2814=AXIS2_PLACEMENT_3D('',#4789,#4790,#4791);
#2815=SURFACE_SIDE_STYLE('',(#4792));
#2816=EDGE_LOOP('',(#4793,#4794,#4795,#4796));
#2817=AXIS2_PLACEMENT_3D('',#4797,#4798,#4799);
#2818=SURFACE_SIDE_STYLE('',(#4800));
#2819=EDGE_LOOP('',(#4801,#4802,#4803,#4804));
#2820=AXIS2_PLACEMENT_3D('',#4805,#4806,#4807);
#2821=SURFACE_SIDE_STYLE('',(#4808));
#2822=EDGE_LOOP('',(#4809,#4810,#4811,#4812,#4813,#4814,#4815,#4816,#4817,#4818,#4819,#4820,#4821));
#2823=AXIS2_PLACEMENT_3D('',#4822,#4823,#4824);
#2824=SURFACE_SIDE_STYLE('',(#4825));
#2825=EDGE_LOOP('',(#4826,#4827,#4828,#4829));
#2826=AXIS2_PLACEMENT_3D('',#4830,#4831,#4832);
#2827=SURFACE_SIDE_STYLE('',(#4833));
#2828=EDGE_LOOP('',(#4834,#4835,#4836,#4837,#4838,#4839));
#2829=AXIS2_PLACEMENT_3D('',#4840,#4841,#4842);
#2830=SURFACE_SIDE_STYLE('',(#4843));
#2831=EDGE_LOOP('',(#4844,#4845,#4846,#4847));
#2832=AXIS2_PLACEMENT_3D('',#4848,#4849,#4850);
#2833=SURFACE_SIDE_STYLE('',(#4851));
#2834=EDGE_LOOP('',(#4852,#4853,#4854));
#2835=AXIS2_PLACEMENT_3D('',#4855,#4856,#4857);
#2836=SURFACE_SIDE_STYLE('',(#4858));
#2837=EDGE_LOOP('',(#4859,#4860,#4861,#4862));
#2838=AXIS2_PLACEMENT_3D('',#4863,#4864,#4865);
#2839=SURFACE_SIDE_STYLE('',(#4866));
#2840=EDGE_LOOP('',(#4867,#4868,#4869,#4870));
#2841=AXIS2_PLACEMENT_3D('',#4871,#4872,#4873);
#2842=SURFACE_SIDE_STYLE('',(#4874));
#2843=EDGE_LOOP('',(#4875,#4876,#4877,#4878));
#2844=AXIS2_PLACEMENT_3D('',#4879,#4880,#4881);
#2845=SURFACE_SIDE_STYLE('',(#4882));
#2846=EDGE_LOOP('',(#4883,#4884,#4885,#4886));
#2847=AXIS2_PLACEMENT_3D('',#4887,#4888,#4889);
#2848=SURFACE_SIDE_STYLE('',(#4890));
#2849=EDGE_LOOP('',(#4891,#4892,#4893,#4894));
#2850=AXIS2_PLACEMENT_3D('',#4895,#4896,#4897);
#2851=SURFACE_SIDE_STYLE('',(#4898));
#2852=EDGE_LOOP('',(#4899,#4900,#4901,#4902,#4903,#4904,#4905,#4906));
#2853=AXIS2_PLACEMENT_3D('',#4907,#4908,#4909);
#2854=SURFACE_SIDE_STYLE('',(#4910));
#2855=EDGE_LOOP('',(#4911,#4912,#4913));
#2856=AXIS2_PLACEMENT_3D('',#4914,#4915,#4916);
#2857=SURFACE_SIDE_STYLE('',(#4917));
#2858=EDGE_LOOP('',(#4918,#4919,#4920,#4921));
#2859=AXIS2_PLACEMENT_3D('',#4922,#4923,#4924);
#2860=SURFACE_SIDE_STYLE('',(#4925));
#2861=EDGE_LOOP('',(#4926,#4927,#4928,#4929,#4930,#4931));
#2862=AXIS2_PLACEMENT_3D('',#4932,#4933,#4934);
#2863=SURFACE_SIDE_STYLE('',(#4935));
#2864=EDGE_LOOP('',(#4936,#4937,#4938,#4939));
#2865=AXIS2_PLACEMENT_3D('',#4940,#4941,#4942);
#2866=SURFACE_SIDE_STYLE('',(#4943));
#2867=EDGE_LOOP('',(#4944,#4945,#4946,#4947));
#2868=AXIS2_PLACEMENT_3D('',#4948,#4949,#4950);
#2869=SURFACE_SIDE_STYLE('',(#4951));
#2870=EDGE_LOOP('',(#4952,#4953,#4954,#4955,#4956,#4957,#4958,#4959,#4960,#4961,#4962,#4963,#4964,#4965));
#2871=AXIS2_PLACEMENT_3D('',#4966,#4967,#4968);
#2872=SURFACE_SIDE_STYLE('',(#4969));
#2873=EDGE_LOOP('',(#4970,#4971,#4972,#4973));
#2874=AXIS2_PLACEMENT_3D('',#4974,#4975,#4976);
#2875=SURFACE_SIDE_STYLE('',(#4977));
#2876=EDGE_LOOP('',(#4978,#4979,#4980,#4981,#4982,#4983,#4984,#4985));
#2877=AXIS2_PLACEMENT_3D('',#4986,#4987,#4988);
#2878=SURFACE_SIDE_STYLE('',(#4989));
#2879=EDGE_LOOP('',(#4990,#4991,#4992,#4993));
#2880=AXIS2_PLACEMENT_3D('',#4994,#4995,#4996);
#2881=SURFACE_SIDE_STYLE('',(#4997));
#2882=EDGE_LOOP('',(#4998,#4999,#5000,#5001));
#2883=AXIS2_PLACEMENT_3D('',#5002,#5003,#5004);
#2884=SURFACE_SIDE_STYLE('',(#5005));
#2885=EDGE_LOOP('',(#5006,#5007,#5008,#5009));
#2886=AXIS2_PLACEMENT_3D('',#5010,#5011,#5012);
#2887=SURFACE_SIDE_STYLE('',(#5013));
#2888=EDGE_LOOP('',(#5014,#5015,#5016,#5017,#5018,#5019,#5020,#5021,#5022,#5023));
#2889=AXIS2_PLACEMENT_3D('',#5024,#5025,#5026);
#2890=SURFACE_SIDE_STYLE('',(#5027));
#2891=EDGE_LOOP('',(#5028,#5029,#5030,#5031));
#2892=AXIS2_PLACEMENT_3D('',#5032,#5033,#5034);
#2893=SURFACE_SIDE_STYLE('',(#5035));
#2894=EDGE_LOOP('',(#5036,#5037,#5038,#5039,#5040,#5041));
#2895=AXIS2_PLACEMENT_3D('',#5042,#5043,#5044);
#2896=SURFACE_SIDE_STYLE('',(#5045));
#2897=EDGE_LOOP('',(#5046,#5047,#5048,#5049,#5050,#5051));
#2898=AXIS2_PLACEMENT_3D('',#5052,#5053,#5054);
#2899=SURFACE_SIDE_STYLE('',(#5055));
#2900=EDGE_LOOP('',(#5056,#5057,#5058));
#2901=AXIS2_PLACEMENT_3D('',#5059,#5060,#5061);
#2902=SURFACE_SIDE_STYLE('',(#5062));
#2903=EDGE_LOOP('',(#5063,#5064,#5065,#5066,#5067));
#2904=AXIS2_PLACEMENT_3D('',#5068,#5069,#5070);
#2905=SURFACE_SIDE_STYLE('',(#5071));
#2906=EDGE_LOOP('',(#5072,#5073,#5074));
#2907=AXIS2_PLACEMENT_3D('',#5075,#5076,#5077);
#2908=SURFACE_SIDE_STYLE('',(#5078));
#2909=EDGE_LOOP('',(#5079,#5080,#5081,#5082,#5083));
#2910=AXIS2_PLACEMENT_3D('',#5084,#5085,#5086);
#2911=SURFACE_SIDE_STYLE('',(#5087));
#2912=EDGE_LOOP('',(#5088,#5089,#5090,#5091,#5092,#5093,#5094,#5095,#5096,#5097,#5098,#5099,#5100));
#2913=AXIS2_PLACEMENT_3D('',#5101,#5102,#5103);
#2914=SURFACE_SIDE_STYLE('',(#5104));
#2915=EDGE_LOOP('',(#5105,#5106,#5107,#5108));
#2916=AXIS2_PLACEMENT_3D('',#5109,#5110,#5111);
#2917=SURFACE_SIDE_STYLE('',(#5112));
#2918=EDGE_LOOP('',(#5113,#5114,#5115,#5116));
#2919=AXIS2_PLACEMENT_3D('',#5117,#5118,#5119);
#2920=SURFACE_SIDE_STYLE('',(#5120));
#2921=EDGE_LOOP('',(#5121,#5122,#5123,#5124,#5125,#5126,#5127,#5128));
#2922=AXIS2_PLACEMENT_3D('',#5129,#5130,#5131);
#2923=SURFACE_SIDE_STYLE('',(#5132));
#2924=EDGE_LOOP('',(#5133,#5134,#5135,#5136));
#2925=AXIS2_PLACEMENT_3D('',#5137,#5138,#5139);
#2926=SURFACE_SIDE_STYLE('',(#5140));
#2927=EDGE_LOOP('',(#5141,#5142,#5143,#5144,#5145,#5146,#5147,#5148));
#2928=AXIS2_PLACEMENT_3D('',#5149,#5150,#5151);
#2929=SURFACE_SIDE_STYLE('',(#5152));
#2930=EDGE_LOOP('',(#5153,#5154,#5155,#5156));
#2931=AXIS2_PLACEMENT_3D('',#5157,#5158,#5159);
#2932=SURFACE_SIDE_STYLE('',(#5160));
#2933=EDGE_LOOP('',(#5161,#5162,#5163,#5164,#5165,#5166,#5167,#5168,#5169,#5170,#5171,#5172,#5173,#5174));
#2934=AXIS2_PLACEMENT_3D('',#5175,#5176,#5177);
#2935=SURFACE_SIDE_STYLE('',(#5178));
#2936=EDGE_LOOP('',(#5179,#5180,#5181,#5182));
#2937=AXIS2_PLACEMENT_3D('',#5183,#5184,#5185);
#2938=SURFACE_SIDE_STYLE('',(#5186));
#2939=EDGE_LOOP('',(#5187,#5188,#5189,#5190));
#2940=AXIS2_PLACEMENT_3D('',#5191,#5192,#5193);
#2941=SURFACE_SIDE_STYLE('',(#5194));
#2942=EDGE_LOOP('',(#5195,#5196,#5197,#5198));
#2943=AXIS2_PLACEMENT_3D('',#5199,#5200,#5201);
#2944=SURFACE_SIDE_STYLE('',(#5202));
#2945=EDGE_LOOP('',(#5203,#5204,#5205,#5206,#5207,#5208,#5209,#5210,#5211,#5212,#5213,#5214,#5215));
#2946=AXIS2_PLACEMENT_3D('',#5216,#5217,#5218);
#2947=SURFACE_SIDE_STYLE('',(#5219));
#2948=EDGE_LOOP('',(#5220,#5221,#5222,#5223));
#2949=AXIS2_PLACEMENT_3D('',#5224,#5225,#5226);
#2950=SURFACE_SIDE_STYLE('',(#5227));
#2951=EDGE_LOOP('',(#5228,#5229,#5230,#5231,#5232,#5233));
#2952=AXIS2_PLACEMENT_3D('',#5234,#5235,#5236);
#2953=SURFACE_SIDE_STYLE('',(#5237));
#2954=EDGE_LOOP('',(#5238,#5239,#5240,#5241));
#2955=AXIS2_PLACEMENT_3D('',#5242,#5243,#5244);
#2956=SURFACE_SIDE_STYLE('',(#5245));
#2957=EDGE_LOOP('',(#5246,#5247,#5248));
#2958=AXIS2_PLACEMENT_3D('',#5249,#5250,#5251);
#2959=SURFACE_SIDE_STYLE('',(#5252));
#2960=EDGE_LOOP('',(#5253,#5254,#5255,#5256));
#2961=AXIS2_PLACEMENT_3D('',#5257,#5258,#5259);
#2962=SURFACE_SIDE_STYLE('',(#5260));
#2963=EDGE_LOOP('',(#5261,#5262,#5263,#5264));
#2964=AXIS2_PLACEMENT_3D('',#5265,#5266,#5267);
#2965=SURFACE_SIDE_STYLE('',(#5268));
#2966=EDGE_LOOP('',(#5269,#5270,#5271,#5272));
#2967=AXIS2_PLACEMENT_3D('',#5273,#5274,#5275);
#2968=SURFACE_SIDE_STYLE('',(#5276));
#2969=EDGE_LOOP('',(#5277,#5278,#5279,#5280));
#2970=AXIS2_PLACEMENT_3D('',#5281,#5282,#5283);
#2971=SURFACE_SIDE_STYLE('',(#5284));
#2972=EDGE_LOOP('',(#5285,#5286,#5287,#5288));
#2973=AXIS2_PLACEMENT_3D('',#5289,#5290,#5291);
#2974=SURFACE_SIDE_STYLE('',(#5292));
#2975=EDGE_LOOP('',(#5293,#5294,#5295,#5296,#5297,#5298,#5299,#5300));
#2976=AXIS2_PLACEMENT_3D('',#5301,#5302,#5303);
#2977=SURFACE_SIDE_STYLE('',(#5304));
#2978=EDGE_LOOP('',(#5305,#5306,#5307));
#2979=AXIS2_PLACEMENT_3D('',#5308,#5309,#5310);
#2980=SURFACE_SIDE_STYLE('',(#5311));
#2981=EDGE_LOOP('',(#5312,#5313,#5314,#5315));
#2982=AXIS2_PLACEMENT_3D('',#5316,#5317,#5318);
#2983=SURFACE_SIDE_STYLE('',(#5319));
#2984=EDGE_LOOP('',(#5320,#5321,#5322,#5323,#5324,#5325));
#2985=AXIS2_PLACEMENT_3D('',#5326,#5327,#5328);
#2986=SURFACE_SIDE_STYLE('',(#5329));
#2987=EDGE_LOOP('',(#5330,#5331,#5332,#5333));
#2988=AXIS2_PLACEMENT_3D('',#5334,#5335,#5336);
#2989=SURFACE_SIDE_STYLE('',(#5337));
#2990=EDGE_LOOP('',(#5338,#5339,#5340,#5341));
#2991=AXIS2_PLACEMENT_3D('',#5342,#5343,#5344);
#2992=SURFACE_SIDE_STYLE('',(#5345));
#2993=EDGE_LOOP('',(#5346,#5347,#5348,#5349,#5350,#5351,#5352,#5353,#5354,#5355,#5356,#5357,#5358,#5359));
#2994=AXIS2_PLACEMENT_3D('',#5360,#5361,#5362);
#2995=SURFACE_SIDE_STYLE('',(#5363));
#2996=EDGE_LOOP('',(#5364,#5365,#5366,#5367));
#2997=AXIS2_PLACEMENT_3D('',#5368,#5369,#5370);
#2998=SURFACE_SIDE_STYLE('',(#5371));
#2999=EDGE_LOOP('',(#5372,#5373,#5374,#5375,#5376,#5377,#5378,#5379));
#3000=AXIS2_PLACEMENT_3D('',#5380,#5381,#5382);
#3001=SURFACE_SIDE_STYLE('',(#5383));
#3002=EDGE_LOOP('',(#5384,#5385,#5386,#5387));
#3003=AXIS2_PLACEMENT_3D('',#5388,#5389,#5390);
#3004=SURFACE_SIDE_STYLE('',(#5391));
#3005=EDGE_LOOP('',(#5392,#5393,#5394,#5395));
#3006=AXIS2_PLACEMENT_3D('',#5396,#5397,#5398);
#3007=SURFACE_SIDE_STYLE('',(#5399));
#3008=EDGE_LOOP('',(#5400,#5401,#5402,#5403));
#3009=AXIS2_PLACEMENT_3D('',#5404,#5405,#5406);
#3010=SURFACE_SIDE_STYLE('',(#5407));
#3011=EDGE_LOOP('',(#5408,#5409,#5410,#5411,#5412,#5413,#5414,#5415,#5416,#5417));
#3012=AXIS2_PLACEMENT_3D('',#5418,#5419,#5420);
#3013=SURFACE_SIDE_STYLE('',(#5421));
#3014=EDGE_LOOP('',(#5422,#5423,#5424,#5425));
#3015=AXIS2_PLACEMENT_3D('',#5426,#5427,#5428);
#3016=SURFACE_SIDE_STYLE('',(#5429));
#3017=EDGE_LOOP('',(#5430,#5431,#5432,#5433,#5434,#5435));
#3018=AXIS2_PLACEMENT_3D('',#5436,#5437,#5438);
#3019=SURFACE_SIDE_STYLE('',(#5439));
#3020=EDGE_LOOP('',(#5440,#5441,#5442,#5443,#5444,#5445));
#3021=AXIS2_PLACEMENT_3D('',#5446,#5447,#5448);
#3022=SURFACE_SIDE_STYLE('',(#5449));
#3023=EDGE_LOOP('',(#5450,#5451,#5452));
#3024=AXIS2_PLACEMENT_3D('',#5453,#5454,#5455);
#3025=SURFACE_SIDE_STYLE('',(#5456));
#3026=EDGE_LOOP('',(#5457,#5458,#5459,#5460,#5461));
#3027=AXIS2_PLACEMENT_3D('',#5462,#5463,#5464);
#3028=SURFACE_SIDE_STYLE('',(#5465));
#3029=EDGE_LOOP('',(#5466,#5467,#5468));
#3030=AXIS2_PLACEMENT_3D('',#5469,#5470,#5471);
#3031=SURFACE_SIDE_STYLE('',(#5472));
#3032=EDGE_LOOP('',(#5473,#5474,#5475,#5476,#5477));
#3033=AXIS2_PLACEMENT_3D('',#5478,#5479,#5480);
#3034=SURFACE_SIDE_STYLE('',(#5481));
#3035=EDGE_LOOP('',(#5482,#5483,#5484,#5485,#5486,#5487,#5488,#5489,#5490,#5491,#5492,#5493,#5494));
#3036=AXIS2_PLACEMENT_3D('',#5495,#5496,#5497);
#3037=SURFACE_SIDE_STYLE('',(#5498));
#3038=EDGE_LOOP('',(#5499,#5500,#5501,#5502));
#3039=AXIS2_PLACEMENT_3D('',#5503,#5504,#5505);
#3040=SURFACE_SIDE_STYLE('',(#5506));
#3041=EDGE_LOOP('',(#5507,#5508,#5509,#5510));
#3042=AXIS2_PLACEMENT_3D('',#5511,#5512,#5513);
#3043=SURFACE_SIDE_STYLE('',(#5514));
#3044=EDGE_LOOP('',(#5515,#5516,#5517,#5518,#5519,#5520,#5521,#5522));
#3045=AXIS2_PLACEMENT_3D('',#5523,#5524,#5525);
#3046=SURFACE_SIDE_STYLE('',(#5526));
#3047=EDGE_LOOP('',(#5527,#5528,#5529,#5530));
#3048=AXIS2_PLACEMENT_3D('',#5531,#5532,#5533);
#3049=SURFACE_SIDE_STYLE('',(#5534));
#3050=EDGE_LOOP('',(#5535,#5536,#5537,#5538,#5539,#5540,#5541,#5542));
#3051=AXIS2_PLACEMENT_3D('',#5543,#5544,#5545);
#3052=SURFACE_SIDE_STYLE('',(#5546));
#3053=EDGE_LOOP('',(#5547,#5548,#5549,#5550));
#3054=AXIS2_PLACEMENT_3D('',#5551,#5552,#5553);
#3055=SURFACE_SIDE_STYLE('',(#5554));
#3056=EDGE_LOOP('',(#5555,#5556,#5557,#5558,#5559,#5560,#5561,#5562,#5563,#5564,#5565,#5566,#5567,#5568));
#3057=AXIS2_PLACEMENT_3D('',#5569,#5570,#5571);
#3058=SURFACE_SIDE_STYLE('',(#5572));
#3059=EDGE_LOOP('',(#5573,#5574,#5575,#5576));
#3060=AXIS2_PLACEMENT_3D('',#5577,#5578,#5579);
#3061=SURFACE_SIDE_STYLE('',(#5580));
#3062=EDGE_LOOP('',(#5581,#5582,#5583,#5584));
#3063=AXIS2_PLACEMENT_3D('',#5585,#5586,#5587);
#3064=SURFACE_SIDE_STYLE('',(#5588));
#3065=EDGE_LOOP('',(#5589,#5590,#5591,#5592));
#3066=AXIS2_PLACEMENT_3D('',#5593,#5594,#5595);
#3067=SURFACE_SIDE_STYLE('',(#5596));
#3068=EDGE_LOOP('',(#5597,#5598,#5599,#5600,#5601,#5602,#5603,#5604,#5605,#5606,#5607,#5608,#5609));
#3069=AXIS2_PLACEMENT_3D('',#5610,#5611,#5612);
#3070=SURFACE_SIDE_STYLE('',(#5613));
#3071=EDGE_LOOP('',(#5614,#5615,#5616,#5617));
#3072=AXIS2_PLACEMENT_3D('',#5618,#5619,#5620);
#3073=SURFACE_SIDE_STYLE('',(#5621));
#3074=EDGE_LOOP('',(#5622,#5623,#5624,#5625,#5626,#5627));
#3075=AXIS2_PLACEMENT_3D('',#5628,#5629,#5630);
#3076=SURFACE_SIDE_STYLE('',(#5631));
#3077=EDGE_LOOP('',(#5632,#5633,#5634,#5635));
#3078=AXIS2_PLACEMENT_3D('',#5636,#5637,#5638);
#3079=SURFACE_SIDE_STYLE('',(#5639));
#3080=EDGE_LOOP('',(#5640,#5641,#5642));
#3081=AXIS2_PLACEMENT_3D('',#5643,#5644,#5645);
#3082=SURFACE_SIDE_STYLE('',(#5646));
#3083=EDGE_LOOP('',(#5647,#5648,#5649,#5650));
#3084=AXIS2_PLACEMENT_3D('',#5651,#5652,#5653);
#3085=SURFACE_SIDE_STYLE('',(#5654));
#3086=EDGE_LOOP('',(#5655,#5656,#5657,#5658));
#3087=AXIS2_PLACEMENT_3D('',#5659,#5660,#5661);
#3088=SURFACE_SIDE_STYLE('',(#5662));
#3089=EDGE_LOOP('',(#5663,#5664,#5665,#5666));
#3090=AXIS2_PLACEMENT_3D('',#5667,#5668,#5669);
#3091=SURFACE_SIDE_STYLE('',(#5670));
#3092=EDGE_LOOP('',(#5671,#5672,#5673,#5674));
#3093=AXIS2_PLACEMENT_3D('',#5675,#5676,#5677);
#3094=SURFACE_SIDE_STYLE('',(#5678));
#3095=EDGE_LOOP('',(#5679,#5680,#5681,#5682));
#3096=AXIS2_PLACEMENT_3D('',#5683,#5684,#5685);
#3097=SURFACE_SIDE_STYLE('',(#5686));
#3098=EDGE_LOOP('',(#5687,#5688,#5689,#5690,#5691,#5692,#5693,#5694));
#3099=AXIS2_PLACEMENT_3D('',#5695,#5696,#5697);
#3100=SURFACE_SIDE_STYLE('',(#5698));
#3101=EDGE_LOOP('',(#5699,#5700,#5701));
#3102=AXIS2_PLACEMENT_3D('',#5702,#5703,#5704);
#3103=SURFACE_SIDE_STYLE('',(#5705));
#3104=EDGE_LOOP('',(#5706,#5707,#5708,#5709));
#3105=AXIS2_PLACEMENT_3D('',#5710,#5711,#5712);
#3106=SURFACE_SIDE_STYLE('',(#5713));
#3107=EDGE_LOOP('',(#5714,#5715,#5716,#5717,#5718,#5719));
#3108=AXIS2_PLACEMENT_3D('',#5720,#5721,#5722);
#3109=SURFACE_SIDE_STYLE('',(#5723));
#3110=EDGE_LOOP('',(#5724,#5725,#5726,#5727));
#3111=AXIS2_PLACEMENT_3D('',#5728,#5729,#5730);
#3112=SURFACE_SIDE_STYLE('',(#5731));
#3113=EDGE_LOOP('',(#5732,#5733,#5734,#5735));
#3114=AXIS2_PLACEMENT_3D('',#5736,#5737,#5738);
#3115=SURFACE_SIDE_STYLE('',(#5739));
#3116=EDGE_LOOP('',(#5740,#5741,#5742,#5743,#5744,#5745,#5746,#5747,#5748,#5749,#5750,#5751,#5752,#5753));
#3117=AXIS2_PLACEMENT_3D('',#5754,#5755,#5756);
#3118=SURFACE_SIDE_STYLE('',(#5757));
#3119=EDGE_LOOP('',(#5758,#5759,#5760,#5761));
#3120=AXIS2_PLACEMENT_3D('',#5762,#5763,#5764);
#3121=SURFACE_SIDE_STYLE('',(#5765));
#3122=EDGE_LOOP('',(#5766,#5767,#5768,#5769,#5770,#5771,#5772,#5773));
#3123=AXIS2_PLACEMENT_3D('',#5774,#5775,#5776);
#3124=SURFACE_SIDE_STYLE('',(#5777));
#3125=EDGE_LOOP('',(#5778,#5779,#5780,#5781));
#3126=AXIS2_PLACEMENT_3D('',#5782,#5783,#5784);
#3127=SURFACE_SIDE_STYLE('',(#5785));
#3128=EDGE_LOOP('',(#5786,#5787,#5788,#5789));
#3129=AXIS2_PLACEMENT_3D('',#5790,#5791,#5792);
#3130=SURFACE_SIDE_STYLE('',(#5793));
#3131=EDGE_LOOP('',(#5794,#5795,#5796,#5797));
#3132=AXIS2_PLACEMENT_3D('',#5798,#5799,#5800);
#3133=SURFACE_SIDE_STYLE('',(#5801));
#3134=EDGE_LOOP('',(#5802,#5803,#5804,#5805,#5806,#5807,#5808,#5809,#5810,#5811));
#3135=AXIS2_PLACEMENT_3D('',#5812,#5813,#5814);
#3136=SURFACE_SIDE_STYLE('',(#5815));
#3137=EDGE_LOOP('',(#5816,#5817,#5818,#5819));
#3138=AXIS2_PLACEMENT_3D('',#5820,#5821,#5822);
#3139=SURFACE_SIDE_STYLE('',(#5823));
#3140=EDGE_LOOP('',(#5824,#5825,#5826,#5827,#5828,#5829));
#3141=AXIS2_PLACEMENT_3D('',#5830,#5831,#5832);
#3142=SURFACE_SIDE_STYLE('',(#5833));
#3143=EDGE_LOOP('',(#5834,#5835,#5836,#5837,#5838,#5839));
#3144=AXIS2_PLACEMENT_3D('',#5840,#5841,#5842);
#3145=SURFACE_SIDE_STYLE('',(#5843));
#3146=EDGE_LOOP('',(#5844,#5845,#5846));
#3147=AXIS2_PLACEMENT_3D('',#5847,#5848,#5849);
#3148=SURFACE_SIDE_STYLE('',(#5850));
#3149=EDGE_LOOP('',(#5851,#5852,#5853,#5854,#5855));
#3150=AXIS2_PLACEMENT_3D('',#5856,#5857,#5858);
#3151=SURFACE_SIDE_STYLE('',(#5859));
#3152=EDGE_LOOP('',(#5860,#5861,#5862));
#3153=AXIS2_PLACEMENT_3D('',#5863,#5864,#5865);
#3154=SURFACE_SIDE_STYLE('',(#5866));
#3155=EDGE_LOOP('',(#5867,#5868,#5869,#5870,#5871));
#3156=AXIS2_PLACEMENT_3D('',#5872,#5873,#5874);
#3157=SURFACE_SIDE_STYLE('',(#5875));
#3158=EDGE_LOOP('',(#5876,#5877,#5878,#5879,#5880,#5881,#5882,#5883,#5884,#5885,#5886,#5887,#5888));
#3159=AXIS2_PLACEMENT_3D('',#5889,#5890,#5891);
#3160=SURFACE_SIDE_STYLE('',(#5892));
#3161=EDGE_LOOP('',(#5893,#5894,#5895,#5896));
#3162=AXIS2_PLACEMENT_3D('',#5897,#5898,#5899);
#3163=SURFACE_SIDE_STYLE('',(#5900));
#3164=EDGE_LOOP('',(#5901,#5902,#5903,#5904));
#3165=AXIS2_PLACEMENT_3D('',#5905,#5906,#5907);
#3166=SURFACE_SIDE_STYLE('',(#5908));
#3167=EDGE_LOOP('',(#5909,#5910,#5911,#5912,#5913,#5914,#5915,#5916));
#3168=AXIS2_PLACEMENT_3D('',#5917,#5918,#5919);
#3169=SURFACE_SIDE_STYLE('',(#5920));
#3170=EDGE_LOOP('',(#5921,#5922,#5923,#5924));
#3171=AXIS2_PLACEMENT_3D('',#5925,#5926,#5927);
#3172=SURFACE_SIDE_STYLE('',(#5928));
#3173=EDGE_LOOP('',(#5929,#5930,#5931,#5932,#5933,#5934,#5935,#5936));
#3174=AXIS2_PLACEMENT_3D('',#5937,#5938,#5939);
#3175=SURFACE_SIDE_STYLE('',(#5940));
#3176=EDGE_LOOP('',(#5941,#5942,#5943,#5944));
#3177=AXIS2_PLACEMENT_3D('',#5945,#5946,#5947);
#3178=SURFACE_SIDE_STYLE('',(#5948));
#3179=EDGE_LOOP('',(#5949,#5950,#5951,#5952));
#3180=AXIS2_PLACEMENT_3D('',#5953,#5954,#5955);
#3181=SURFACE_SIDE_STYLE('',(#5956));
#3182=EDGE_LOOP('',(#5957,#5958,#5959,#5960));
#3183=AXIS2_PLACEMENT_3D('',#5961,#5962,#5963);
#3184=SURFACE_SIDE_STYLE('',(#5964));
#3185=EDGE_LOOP('',(#5965,#5966,#5967,#5968));
#3186=AXIS2_PLACEMENT_3D('',#5969,#5970,#5971);
#3187=SURFACE_SIDE_STYLE('',(#5972));
#3188=EDGE_LOOP('',(#5973,#5974,#5975,#5976));
#3189=AXIS2_PLACEMENT_3D('',#5977,#5978,#5979);
#3190=SURFACE_SIDE_STYLE('',(#5980));
#3191=EDGE_LOOP('',(#5981,#5982,#5983,#5984));
#3192=AXIS2_PLACEMENT_3D('',#5985,#5986,#5987);
#3193=SURFACE_SIDE_STYLE('',(#5988));
#3194=EDGE_LOOP('',(#5989,#5990,#5991,#5992,#5993,#5994,#5995,#5996));
#3195=EDGE_LOOP('',(#5997,#5998,#5999,#6000,#6001,#6002,#6003,#6004,#6005,#6006));
#3196=AXIS2_PLACEMENT_3D('',#6007,#6008,#6009);
#3197=SURFACE_SIDE_STYLE('',(#6010));
#3198=EDGE_LOOP('',(#6011,#6012,#6013,#6014));
#3199=EDGE_LOOP('',(#6015,#6016,#6017,#6018,#6019,#6020,#6021,#6022,#6023,#6024));
#3200=AXIS2_PLACEMENT_3D('',#6025,#6026,#6027);
#3201=SURFACE_SIDE_STYLE('',(#6028));
#3202=EDGE_LOOP('',(#6029,#6030,#6031,#6032,#6033,#6034,#6035,#6036));
#3203=EDGE_LOOP('',(#6037,#6038,#6039,#6040,#6041,#6042,#6043,#6044,#6045,#6046));
#3204=AXIS2_PLACEMENT_3D('',#6047,#6048,#6049);
#3205=SURFACE_SIDE_STYLE('',(#6050));
#3206=EDGE_LOOP('',(#6051,#6052,#6053,#6054));
#3207=EDGE_LOOP('',(#6055,#6056,#6057,#6058,#6059,#6060,#6061,#6062,#6063,#6064));
#3208=AXIS2_PLACEMENT_3D('',#6065,#6066,#6067);
#3209=SURFACE_SIDE_STYLE('',(#6068));
#3210=EDGE_LOOP('',(#6069,#6070,#6071,#6072,#6073,#6074,#6075,#6076));
#3211=EDGE_LOOP('',(#6077,#6078,#6079,#6080,#6081,#6082,#6083,#6084,#6085,#6086));
#3212=AXIS2_PLACEMENT_3D('',#6087,#6088,#6089);
#3213=SURFACE_SIDE_STYLE('',(#6090));
#3214=EDGE_LOOP('',(#6091,#6092,#6093,#6094));
#3215=EDGE_LOOP('',(#6095,#6096,#6097,#6098,#6099,#6100,#6101,#6102,#6103,#6104));
#3216=AXIS2_PLACEMENT_3D('',#6105,#6106,#6107);
#3217=SURFACE_SIDE_STYLE('',(#6108));
#3218=EDGE_LOOP('',(#6109,#6110,#6111,#6112));
#3219=AXIS2_PLACEMENT_3D('',#6113,#6114,#6115);
#3220=SURFACE_SIDE_STYLE('',(#6116));
#3221=EDGE_LOOP('',(#6117,#6118,#6119));
#3222=AXIS2_PLACEMENT_3D('',#6120,#6121,#6122);
#3223=SURFACE_SIDE_STYLE('',(#6123));
#3224=EDGE_LOOP('',(#6124,#6125,#6126,#6127));
#3225=AXIS2_PLACEMENT_3D('',#6128,#6129,#6130);
#3226=SURFACE_SIDE_STYLE('',(#6131));
#3227=EDGE_LOOP('',(#6132,#6133,#6134));
#3228=AXIS2_PLACEMENT_3D('',#6135,#6136,#6137);
#3229=SURFACE_SIDE_STYLE('',(#6138));
#3230=EDGE_LOOP('',(#6139,#6140,#6141));
#3231=AXIS2_PLACEMENT_3D('',#6142,#6143,#6144);
#3232=SURFACE_SIDE_STYLE('',(#6145));
#3233=EDGE_LOOP('',(#6146,#6147,#6148,#6149,#6150,#6151,#6152,#6153,#6154,#6155,#6156,#6157,#6158,#6159,#6160,#6161,#6162,#6163,#6164,#6165,#6166,#6167,#6168,#6169,#6170,#6171,#6172,#6173,#6174,#6175,#6176,#6177,#6178,#6179,#6180,#6181,#6182,#6183));
#3234=AXIS2_PLACEMENT_3D('',#6184,#6185,#6186);
#3235=SURFACE_SIDE_STYLE('',(#6187));
#3236=EDGE_LOOP('',(#6188,#6189,#6190,#6191));
#3237=AXIS2_PLACEMENT_3D('',#6192,#6193,#6194);
#3238=SURFACE_SIDE_STYLE('',(#6195));
#3239=EDGE_LOOP('',(#6196,#6197,#6198));
#3240=AXIS2_PLACEMENT_3D('',#6199,#6200,#6201);
#3241=SURFACE_SIDE_STYLE('',(#6202));
#3242=EDGE_LOOP('',(#6203,#6204,#6205));
#3243=AXIS2_PLACEMENT_3D('',#6206,#6207,#6208);
#3244=SURFACE_SIDE_STYLE('',(#6209));
#3245=EDGE_LOOP('',(#6210,#6211,#6212,#6213));
#3246=AXIS2_PLACEMENT_3D('',#6214,#6215,#6216);
#3247=SURFACE_SIDE_STYLE('',(#6217));
#3248=EDGE_LOOP('',(#6218,#6219,#6220));
#3249=AXIS2_PLACEMENT_3D('',#6221,#6222,#6223);
#3250=SURFACE_SIDE_STYLE('',(#6224));
#3251=EDGE_LOOP('',(#6225,#6226,#6227));
#3252=AXIS2_PLACEMENT_3D('',#6228,#6229,#6230);
#3253=SURFACE_SIDE_STYLE('',(#6231));
#3254=EDGE_LOOP('',(#6232,#6233,#6234,#6235));
#3255=AXIS2_PLACEMENT_3D('',#6236,#6237,#6238);
#3256=SURFACE_SIDE_STYLE('',(#6239));
#3257=EDGE_LOOP('',(#6240,#6241,#6242));
#3258=AXIS2_PLACEMENT_3D('',#6243,#6244,#6245);
#3259=SURFACE_SIDE_STYLE('',(#6246));
#3260=EDGE_LOOP('',(#6247,#6248,#6249));
#3261=AXIS2_PLACEMENT_3D('',#6250,#6251,#6252);
#3262=SURFACE_SIDE_STYLE('',(#6253));
#3263=EDGE_LOOP('',(#6254,#6255,#6256,#6257));
#3264=AXIS2_PLACEMENT_3D('',#6258,#6259,#6260);
#3265=SURFACE_SIDE_STYLE('',(#6261));
#3266=EDGE_LOOP('',(#6262,#6263,#6264));
#3267=AXIS2_PLACEMENT_3D('',#6265,#6266,#6267);
#3268=SURFACE_SIDE_STYLE('',(#6268));
#3269=EDGE_LOOP('',(#6269,#6270,#6271));
#3270=AXIS2_PLACEMENT_3D('',#6272,#6273,#6274);
#3271=SURFACE_SIDE_STYLE('',(#6275));
#3272=EDGE_LOOP('',(#6276,#6277,#6278,#6279));
#3273=AXIS2_PLACEMENT_3D('',#6280,#6281,#6282);
#3274=SURFACE_SIDE_STYLE('',(#6283));
#3275=EDGE_LOOP('',(#6284,#6285,#6286));
#3276=AXIS2_PLACEMENT_3D('',#6287,#6288,#6289);
#3277=SURFACE_SIDE_STYLE('',(#6290));
#3278=EDGE_LOOP('',(#6291,#6292,#6293,#6294));
#3279=AXIS2_PLACEMENT_3D('',#6295,#6296,#6297);
#3280=SURFACE_SIDE_STYLE('',(#6298));
#3281=EDGE_LOOP('',(#6299,#6300,#6301,#6302,#6303,#6304));
#3282=AXIS2_PLACEMENT_3D('',#6305,#6306,#6307);
#3283=SURFACE_SIDE_STYLE('',(#6308));
#3284=EDGE_LOOP('',(#6309,#6310,#6311,#6312));
#3285=AXIS2_PLACEMENT_3D('',#6313,#6314,#6315);
#3286=SURFACE_SIDE_STYLE('',(#6316));
#3287=EDGE_LOOP('',(#6317,#6318,#6319,#6320,#6321,#6322));
#3288=AXIS2_PLACEMENT_3D('',#6323,#6324,#6325);
#3289=SURFACE_SIDE_STYLE('',(#6326));
#3290=EDGE_LOOP('',(#6327,#6328,#6329,#6330,#6331));
#3291=EDGE_LOOP('',(#6332,#6333,#6334,#6335,#6336,#6337,#6338,#6339,#6340,#6341,#6342,#6343,#6344,#6345,#6346,#6347,#6348,#6349,#6350,#6351,#6352,#6353,#6354,#6355,#6356,#6357,#6358,#6359));
#3292=AXIS2_PLACEMENT_3D('',#6360,#6361,#6362);
#3293=SURFACE_SIDE_STYLE('',(#6363));
#3294=EDGE_LOOP('',(#6364,#6365,#6366,#6367));
#3295=AXIS2_PLACEMENT_3D('',#6368,#6369,#6370);
#3296=SURFACE_SIDE_STYLE('',(#6371));
#3297=EDGE_LOOP('',(#6372,#6373,#6374,#6375));
#3298=AXIS2_PLACEMENT_3D('',#6376,#6377,#6378);
#3299=SURFACE_SIDE_STYLE('',(#6379));
#3300=EDGE_LOOP('',(#6380,#6381,#6382,#6383,#6384,#6385));
#3301=AXIS2_PLACEMENT_3D('',#6386,#6387,#6388);
#3302=SURFACE_SIDE_STYLE('',(#6389));
#3303=EDGE_LOOP('',(#6390,#6391,#6392,#6393));
#3304=AXIS2_PLACEMENT_3D('',#6394,#6395,#6396);
#3305=SURFACE_SIDE_STYLE('',(#6397));
#3306=EDGE_LOOP('',(#6398,#6399,#6400,#6401,#6402,#6403));
#3307=AXIS2_PLACEMENT_3D('',#6404,#6405,#6406);
#3308=SURFACE_SIDE_STYLE('',(#6407));
#3309=EDGE_LOOP('',(#6408,#6409,#6410,#6411));
#3310=AXIS2_PLACEMENT_3D('',#6412,#6413,#6414);
#3311=SURFACE_SIDE_STYLE('',(#6415));
#3312=EDGE_LOOP('',(#6416,#6417,#6418,#6419));
#3313=AXIS2_PLACEMENT_3D('',#6420,#6421,#6422);
#3314=SURFACE_SIDE_STYLE('',(#6423));
#3315=EDGE_LOOP('',(#6424,#6425,#6426,#6427,#6428,#6429));
#3316=AXIS2_PLACEMENT_3D('',#6430,#6431,#6432);
#3317=SURFACE_SIDE_STYLE('',(#6433));
#3318=EDGE_LOOP('',(#6434,#6435,#6436,#6437));
#3319=AXIS2_PLACEMENT_3D('',#6438,#6439,#6440);
#3320=SURFACE_SIDE_STYLE('',(#6441));
#3321=EDGE_LOOP('',(#6442,#6443,#6444,#6445,#6446,#6447));
#3322=AXIS2_PLACEMENT_3D('',#6448,#6449,#6450);
#3323=SURFACE_SIDE_STYLE('',(#6451));
#3324=EDGE_LOOP('',(#6452,#6453,#6454,#6455));
#3325=AXIS2_PLACEMENT_3D('',#6456,#6457,#6458);
#3326=SURFACE_SIDE_STYLE('',(#6459));
#3327=EDGE_LOOP('',(#6460,#6461,#6462,#6463));
#3328=AXIS2_PLACEMENT_3D('',#6464,#6465,#6466);
#3329=SURFACE_SIDE_STYLE('',(#6467));
#3330=EDGE_LOOP('',(#6468,#6469,#6470,#6471,#6472,#6473));
#3331=AXIS2_PLACEMENT_3D('',#6474,#6475,#6476);
#3332=SURFACE_SIDE_STYLE('',(#6477));
#3333=EDGE_LOOP('',(#6478,#6479,#6480,#6481));
#3334=AXIS2_PLACEMENT_3D('',#6482,#6483,#6484);
#3335=SURFACE_SIDE_STYLE('',(#6485));
#3336=EDGE_LOOP('',(#6486,#6487,#6488,#6489,#6490,#6491));
#3337=AXIS2_PLACEMENT_3D('',#6492,#6493,#6494);
#3338=SURFACE_SIDE_STYLE('',(#6495));
#3339=EDGE_LOOP('',(#6496,#6497,#6498,#6499));
#3340=AXIS2_PLACEMENT_3D('',#6500,#6501,#6502);
#3341=SURFACE_SIDE_STYLE('',(#6503));
#3342=EDGE_LOOP('',(#6504,#6505,#6506,#6507));
#3343=AXIS2_PLACEMENT_3D('',#6508,#6509,#6510);
#3344=SURFACE_SIDE_STYLE('',(#6511));
#3345=EDGE_LOOP('',(#6512,#6513,#6514,#6515,#6516,#6517));
#3346=AXIS2_PLACEMENT_3D('',#6518,#6519,#6520);
#3347=SURFACE_SIDE_STYLE('',(#6521));
#3348=EDGE_LOOP('',(#6522,#6523,#6524,#6525));
#3349=AXIS2_PLACEMENT_3D('',#6526,#6527,#6528);
#3350=SURFACE_SIDE_STYLE('',(#6529));
#3351=EDGE_LOOP('',(#6530,#6531,#6532,#6533,#6534,#6535));
#3352=AXIS2_PLACEMENT_3D('',#6536,#6537,#6538);
#3353=SURFACE_SIDE_STYLE('',(#6539));
#3354=EDGE_LOOP('',(#6540,#6541,#6542,#6543));
#3355=AXIS2_PLACEMENT_3D('',#6544,#6545,#6546);
#3356=SURFACE_SIDE_STYLE('',(#6547));
#3357=EDGE_LOOP('',(#6548,#6549,#6550,#6551));
#3358=AXIS2_PLACEMENT_3D('',#6552,#6553,#6554);
#3359=SURFACE_SIDE_STYLE('',(#6555));
#3360=EDGE_LOOP('',(#6556,#6557,#6558,#6559,#6560,#6561));
#3361=AXIS2_PLACEMENT_3D('',#6562,#6563,#6564);
#3362=SURFACE_SIDE_STYLE('',(#6565));
#3363=EDGE_LOOP('',(#6566,#6567,#6568,#6569));
#3364=AXIS2_PLACEMENT_3D('',#6570,#6571,#6572);
#3365=SURFACE_SIDE_STYLE('',(#6573));
#3366=EDGE_LOOP('',(#6574,#6575,#6576,#6577,#6578,#6579));
#3367=AXIS2_PLACEMENT_3D('',#6580,#6581,#6582);
#3368=SURFACE_SIDE_STYLE('',(#6583));
#3369=EDGE_LOOP('',(#6584,#6585,#6586,#6587));
#3370=AXIS2_PLACEMENT_3D('',#6588,#6589,#6590);
#3371=SURFACE_SIDE_STYLE('',(#6591));
#3372=EDGE_LOOP('',(#6592,#6593,#6594,#6595));
#3373=AXIS2_PLACEMENT_3D('',#6596,#6597,#6598);
#3374=SURFACE_SIDE_STYLE('',(#6599));
#3375=EDGE_LOOP('',(#6600,#6601,#6602));
#3376=AXIS2_PLACEMENT_3D('',#6603,#6604,#6605);
#3377=SURFACE_SIDE_STYLE('',(#6606));
#3378=EDGE_LOOP('',(#6607,#6608,#6609,#6610));
#3379=AXIS2_PLACEMENT_3D('',#6611,#6612,#6613);
#3380=SURFACE_SIDE_STYLE('',(#6614));
#3381=EDGE_LOOP('',(#6615,#6616,#6617,#6618));
#3382=AXIS2_PLACEMENT_3D('',#6619,#6620,#6621);
#3383=SURFACE_SIDE_STYLE('',(#6622));
#3384=EDGE_LOOP('',(#6623,#6624,#6625));
#3385=AXIS2_PLACEMENT_3D('',#6626,#6627,#6628);
#3386=SURFACE_SIDE_STYLE('',(#6629));
#3387=EDGE_LOOP('',(#6630,#6631,#6632,#6633));
#3388=AXIS2_PLACEMENT_3D('',#6634,#6635,#6636);
#3389=SURFACE_SIDE_STYLE('',(#6637));
#3390=EDGE_LOOP('',(#6638,#6639,#6640,#6641));
#3391=AXIS2_PLACEMENT_3D('',#6642,#6643,#6644);
#3392=SURFACE_SIDE_STYLE('',(#6645));
#3393=EDGE_LOOP('',(#6646,#6647,#6648,#6649));
#3394=AXIS2_PLACEMENT_3D('',#6650,#6651,#6652);
#3395=SURFACE_SIDE_STYLE('',(#6653));
#3396=EDGE_LOOP('',(#6654,#6655,#6656,#6657,#6658,#6659,#6660,#6661));
#3397=AXIS2_PLACEMENT_3D('',#6662,#6663,#6664);
#3398=SURFACE_SIDE_STYLE('',(#6665));
#3399=EDGE_LOOP('',(#6666,#6667,#6668,#6669));
#3400=AXIS2_PLACEMENT_3D('',#6670,#6671,#6672);
#3401=SURFACE_SIDE_STYLE('',(#6673));
#3402=EDGE_LOOP('',(#6674,#6675,#6676,#6677));
#3403=AXIS2_PLACEMENT_3D('',#6678,#6679,#6680);
#3404=SURFACE_SIDE_STYLE('',(#6681));
#3405=EDGE_LOOP('',(#6682,#6683,#6684,#6685));
#3406=AXIS2_PLACEMENT_3D('',#6686,#6687,#6688);
#3407=SURFACE_SIDE_STYLE('',(#6689));
#3408=EDGE_LOOP('',(#6690,#6691,#6692,#6693));
#3409=AXIS2_PLACEMENT_3D('',#6694,#6695,#6696);
#3410=SURFACE_SIDE_STYLE('',(#6697));
#3411=EDGE_LOOP('',(#6698,#6699,#6700));
#3412=AXIS2_PLACEMENT_3D('',#6701,#6702,#6703);
#3413=SURFACE_SIDE_STYLE('',(#6704));
#3414=EDGE_LOOP('',(#6705,#6706,#6707,#6708));
#3415=AXIS2_PLACEMENT_3D('',#6709,#6710,#6711);
#3416=SURFACE_SIDE_STYLE('',(#6712));
#3417=EDGE_LOOP('',(#6713,#6714,#6715,#6716));
#3418=AXIS2_PLACEMENT_3D('',#6717,#6718,#6719);
#3419=SURFACE_SIDE_STYLE('',(#6720));
#3420=EDGE_LOOP('',(#6721,#6722,#6723));
#3421=AXIS2_PLACEMENT_3D('',#6724,#6725,#6726);
#3422=SURFACE_SIDE_STYLE('',(#6727));
#3423=EDGE_LOOP('',(#6728,#6729,#6730,#6731));
#3424=AXIS2_PLACEMENT_3D('',#6732,#6733,#6734);
#3425=SURFACE_SIDE_STYLE('',(#6735));
#3426=EDGE_LOOP('',(#6736,#6737,#6738,#6739));
#3427=AXIS2_PLACEMENT_3D('',#6740,#6741,#6742);
#3428=SURFACE_SIDE_STYLE('',(#6743));
#3429=EDGE_LOOP('',(#6744,#6745,#6746,#6747));
#3430=AXIS2_PLACEMENT_3D('',#6748,#6749,#6750);
#3431=SURFACE_SIDE_STYLE('',(#6751));
#3432=EDGE_LOOP('',(#6752,#6753,#6754,#6755,#6756,#6757,#6758,#6759));
#3433=AXIS2_PLACEMENT_3D('',#6760,#6761,#6762);
#3434=SURFACE_SIDE_STYLE('',(#6763));
#3435=EDGE_LOOP('',(#6764,#6765,#6766,#6767));
#3436=AXIS2_PLACEMENT_3D('',#6768,#6769,#6770);
#3437=SURFACE_SIDE_STYLE('',(#6771));
#3438=EDGE_LOOP('',(#6772,#6773,#6774,#6775));
#3439=AXIS2_PLACEMENT_3D('',#6776,#6777,#6778);
#3440=SURFACE_SIDE_STYLE('',(#6779));
#3441=EDGE_LOOP('',(#6780,#6781,#6782,#6783));
#3442=AXIS2_PLACEMENT_3D('',#6784,#6785,#6786);
#3443=SURFACE_SIDE_STYLE('',(#6787));
#3444=EDGE_LOOP('',(#6788,#6789,#6790));
#3445=AXIS2_PLACEMENT_3D('',#6791,#6792,#6793);
#3446=SURFACE_SIDE_STYLE('',(#6794));
#3447=EDGE_LOOP('',(#6795,#6796,#6797,#6798));
#3448=AXIS2_PLACEMENT_3D('',#6799,#6800,#6801);
#3449=SURFACE_SIDE_STYLE('',(#6802));
#3450=EDGE_LOOP('',(#6803,#6804,#6805,#6806));
#3451=AXIS2_PLACEMENT_3D('',#6807,#6808,#6809);
#3452=SURFACE_SIDE_STYLE('',(#6810));
#3453=EDGE_LOOP('',(#6811,#6812,#6813));
#3454=AXIS2_PLACEMENT_3D('',#6814,#6815,#6816);
#3455=SURFACE_SIDE_STYLE('',(#6817));
#3456=EDGE_LOOP('',(#6818,#6819,#6820,#6821));
#3457=AXIS2_PLACEMENT_3D('',#6822,#6823,#6824);
#3458=SURFACE_SIDE_STYLE('',(#6825));
#3459=EDGE_LOOP('',(#6826,#6827,#6828,#6829));
#3460=AXIS2_PLACEMENT_3D('',#6830,#6831,#6832);
#3461=SURFACE_SIDE_STYLE('',(#6833));
#3462=EDGE_LOOP('',(#6834,#6835,#6836,#6837));
#3463=AXIS2_PLACEMENT_3D('',#6838,#6839,#6840);
#3464=SURFACE_SIDE_STYLE('',(#6841));
#3465=EDGE_LOOP('',(#6842,#6843,#6844,#6845,#6846,#6847,#6848,#6849));
#3466=AXIS2_PLACEMENT_3D('',#6850,#6851,#6852);
#3467=SURFACE_SIDE_STYLE('',(#6853));
#3468=EDGE_LOOP('',(#6854,#6855,#6856,#6857));
#3469=AXIS2_PLACEMENT_3D('',#6858,#6859,#6860);
#3470=SURFACE_SIDE_STYLE('',(#6861));
#3471=EDGE_LOOP('',(#6862,#6863,#6864,#6865));
#3472=AXIS2_PLACEMENT_3D('',#6866,#6867,#6868);
#3473=SURFACE_SIDE_STYLE('',(#6869));
#3474=EDGE_LOOP('',(#6870,#6871,#6872,#6873));
#3475=AXIS2_PLACEMENT_3D('',#6874,#6875,#6876);
#3476=SURFACE_SIDE_STYLE('',(#6877));
#3477=EDGE_LOOP('',(#6878,#6879,#6880));
#3478=AXIS2_PLACEMENT_3D('',#6881,#6882,#6883);
#3479=SURFACE_SIDE_STYLE('',(#6884));
#3480=EDGE_LOOP('',(#6885,#6886,#6887,#6888));
#3481=AXIS2_PLACEMENT_3D('',#6889,#6890,#6891);
#3482=SURFACE_SIDE_STYLE('',(#6892));
#3483=EDGE_LOOP('',(#6893,#6894,#6895,#6896));
#3484=AXIS2_PLACEMENT_3D('',#6897,#6898,#6899);
#3485=SURFACE_SIDE_STYLE('',(#6900));
#3486=EDGE_LOOP('',(#6901,#6902,#6903));
#3487=AXIS2_PLACEMENT_3D('',#6904,#6905,#6906);
#3488=SURFACE_SIDE_STYLE('',(#6907));
#3489=EDGE_LOOP('',(#6908,#6909,#6910,#6911));
#3490=AXIS2_PLACEMENT_3D('',#6912,#6913,#6914);
#3491=SURFACE_SIDE_STYLE('',(#6915));
#3492=EDGE_LOOP('',(#6916,#6917,#6918,#6919));
#3493=AXIS2_PLACEMENT_3D('',#6920,#6921,#6922);
#3494=SURFACE_SIDE_STYLE('',(#6923));
#3495=EDGE_LOOP('',(#6924,#6925,#6926,#6927));
#3496=AXIS2_PLACEMENT_3D('',#6928,#6929,#6930);
#3497=SURFACE_SIDE_STYLE('',(#6931));
#3498=EDGE_LOOP('',(#6932,#6933,#6934,#6935,#6936,#6937,#6938,#6939));
#3499=AXIS2_PLACEMENT_3D('',#6940,#6941,#6942);
#3500=SURFACE_SIDE_STYLE('',(#6943));
#3501=EDGE_LOOP('',(#6944,#6945,#6946,#6947));
#3502=AXIS2_PLACEMENT_3D('',#6948,#6949,#6950);
#3503=SURFACE_SIDE_STYLE('',(#6951));
#3504=EDGE_LOOP('',(#6952,#6953,#6954,#6955));
#3505=AXIS2_PLACEMENT_3D('',#6956,#6957,#6958);
#3506=SURFACE_SIDE_STYLE('',(#6959));
#3507=EDGE_LOOP('',(#6960,#6961,#6962,#6963));
#3508=AXIS2_PLACEMENT_3D('',#6964,#6965,#6966);
#3509=SURFACE_SIDE_STYLE('',(#6967));
#3510=EDGE_LOOP('',(#6968,#6969,#6970));
#3511=AXIS2_PLACEMENT_3D('',#6971,#6972,#6973);
#3512=SURFACE_SIDE_STYLE('',(#6974));
#3513=EDGE_LOOP('',(#6975,#6976,#6977,#6978));
#3514=AXIS2_PLACEMENT_3D('',#6979,#6980,#6981);
#3515=SURFACE_SIDE_STYLE('',(#6982));
#3516=EDGE_LOOP('',(#6983,#6984,#6985,#6986));
#3517=AXIS2_PLACEMENT_3D('',#6987,#6988,#6989);
#3518=SURFACE_SIDE_STYLE('',(#6990));
#3519=EDGE_LOOP('',(#6991,#6992,#6993));
#3520=AXIS2_PLACEMENT_3D('',#6994,#6995,#6996);
#3521=SURFACE_SIDE_STYLE('',(#6997));
#3522=EDGE_LOOP('',(#6998,#6999,#7000,#7001));
#3523=AXIS2_PLACEMENT_3D('',#7002,#7003,#7004);
#3524=SURFACE_SIDE_STYLE('',(#7005));
#3525=EDGE_LOOP('',(#7006,#7007,#7008,#7009));
#3526=AXIS2_PLACEMENT_3D('',#7010,#7011,#7012);
#3527=SURFACE_SIDE_STYLE('',(#7013));
#3528=EDGE_LOOP('',(#7014,#7015,#7016,#7017));
#3529=AXIS2_PLACEMENT_3D('',#7018,#7019,#7020);
#3530=SURFACE_SIDE_STYLE('',(#7021));
#3531=EDGE_LOOP('',(#7022,#7023,#7024,#7025,#7026,#7027,#7028,#7029));
#3532=AXIS2_PLACEMENT_3D('',#7030,#7031,#7032);
#3533=SURFACE_SIDE_STYLE('',(#7033));
#3534=EDGE_LOOP('',(#7034,#7035,#7036,#7037));
#3535=AXIS2_PLACEMENT_3D('',#7038,#7039,#7040);
#3536=SURFACE_SIDE_STYLE('',(#7041));
#3537=EDGE_LOOP('',(#7042,#7043,#7044,#7045));
#3538=AXIS2_PLACEMENT_3D('',#7046,#7047,#7048);
#3539=SURFACE_SIDE_STYLE('',(#7049));
#3540=EDGE_LOOP('',(#7050,#7051,#7052,#7053));
#3541=AXIS2_PLACEMENT_3D('',#7054,#7055,#7056);
#3542=SURFACE_SIDE_STYLE('',(#7057));
#3543=EDGE_LOOP('',(#7058,#7059,#7060,#7061,#7062,#7063,#7064));
#3544=AXIS2_PLACEMENT_3D('',#7065,#7066,#7067);
#3545=SURFACE_SIDE_STYLE('',(#7068));
#3546=EDGE_LOOP('',(#7069,#7070,#7071,#7072));
#3547=AXIS2_PLACEMENT_3D('',#7073,#7074,#7075);
#3548=SURFACE_SIDE_STYLE('',(#7076));
#3549=EDGE_LOOP('',(#7077,#7078,#7079,#7080));
#3550=AXIS2_PLACEMENT_3D('',#7081,#7082,#7083);
#3551=SURFACE_SIDE_STYLE('',(#7084));
#3552=EDGE_LOOP('',(#7085,#7086,#7087,#7088));
#3553=AXIS2_PLACEMENT_3D('',#7089,#7090,#7091);
#3554=SURFACE_SIDE_STYLE('',(#7092));
#3555=EDGE_LOOP('',(#7093,#7094,#7095,#7096));
#3556=AXIS2_PLACEMENT_3D('',#7097,#7098,#7099);
#3557=SURFACE_SIDE_STYLE('',(#7100));
#3558=EDGE_LOOP('',(#7101,#7102,#7103,#7104));
#3559=AXIS2_PLACEMENT_3D('',#7105,#7106,#7107);
#3560=SURFACE_SIDE_STYLE('',(#7108));
#3561=EDGE_LOOP('',(#7109,#7110,#7111));
#3562=AXIS2_PLACEMENT_3D('',#7112,#7113,#7114);
#3563=SURFACE_SIDE_STYLE('',(#7115));
#3564=EDGE_LOOP('',(#7116,#7117,#7118));
#3565=AXIS2_PLACEMENT_3D('',#7119,#7120,#7121);
#3566=SURFACE_SIDE_STYLE('',(#7122));
#3567=EDGE_LOOP('',(#7123,#7124,#7125,#7126));
#3568=AXIS2_PLACEMENT_3D('',#7127,#7128,#7129);
#3569=SURFACE_SIDE_STYLE('',(#7130));
#3570=EDGE_LOOP('',(#7131,#7132,#7133,#7134));
#3571=AXIS2_PLACEMENT_3D('',#7135,#7136,#7137);
#3572=SURFACE_SIDE_STYLE('',(#7138));
#3573=EDGE_LOOP('',(#7139,#7140,#7141,#7142));
#3574=AXIS2_PLACEMENT_3D('',#7143,#7144,#7145);
#3575=SURFACE_SIDE_STYLE('',(#7146));
#3576=EDGE_LOOP('',(#7147,#7148,#7149,#7150,#7151));
#3577=AXIS2_PLACEMENT_3D('',#7152,#7153,#7154);
#3578=SURFACE_SIDE_STYLE('',(#7155));
#3579=EDGE_LOOP('',(#7156,#7157,#7158,#7159,#7160,#7161));
#3580=AXIS2_PLACEMENT_3D('',#7162,#7163,#7164);
#3581=SURFACE_SIDE_STYLE('',(#7165));
#3582=EDGE_LOOP('',(#7166,#7167,#7168,#7169,#7170,#7171));
#3583=AXIS2_PLACEMENT_3D('',#7172,#7173,#7174);
#3584=SURFACE_SIDE_STYLE('',(#7175));
#3585=EDGE_LOOP('',(#7176,#7177,#7178,#7179,#7180,#7181,#7182,#7183,#7184,#7185));
#3586=AXIS2_PLACEMENT_3D('',#7186,#7187,#7188);
#3587=SURFACE_SIDE_STYLE('',(#7189));
#3588=EDGE_LOOP('',(#7190,#7191,#7192,#7193));
#3589=AXIS2_PLACEMENT_3D('',#7194,#7195,#7196);
#3590=SURFACE_SIDE_STYLE('',(#7197));
#3591=EDGE_LOOP('',(#7198,#7199,#7200,#7201));
#3592=AXIS2_PLACEMENT_3D('',#7202,#7203,#7204);
#3593=SURFACE_SIDE_STYLE('',(#7205));
#3594=EDGE_LOOP('',(#7206,#7207,#7208,#7209));
#3595=AXIS2_PLACEMENT_3D('',#7210,#7211,#7212);
#3596=SURFACE_SIDE_STYLE('',(#7213));
#3597=EDGE_LOOP('',(#7214,#7215,#7216,#7217,#7218,#7219,#7220));
#3598=AXIS2_PLACEMENT_3D('',#7221,#7222,#7223);
#3599=SURFACE_SIDE_STYLE('',(#7224));
#3600=EDGE_LOOP('',(#7225,#7226,#7227,#7228,#7229,#7230,#7231));
#3601=AXIS2_PLACEMENT_3D('',#7232,#7233,#7234);
#3602=SURFACE_SIDE_STYLE('',(#7235));
#3603=EDGE_LOOP('',(#7236,#7237,#7238,#7239));
#3604=AXIS2_PLACEMENT_3D('',#7240,#7241,#7242);
#3605=SURFACE_SIDE_STYLE('',(#7243));
#3606=EDGE_LOOP('',(#7244,#7245,#7246,#7247));
#3607=AXIS2_PLACEMENT_3D('',#7248,#7249,#7250);
#3608=SURFACE_SIDE_STYLE('',(#7251));
#3609=EDGE_LOOP('',(#7252,#7253,#7254,#7255,#7256,#7257));
#3610=AXIS2_PLACEMENT_3D('',#7258,#7259,#7260);
#3611=SURFACE_SIDE_STYLE('',(#7261));
#3612=EDGE_LOOP('',(#7262,#7263,#7264,#7265));
#3613=AXIS2_PLACEMENT_3D('',#7266,#7267,#7268);
#3614=SURFACE_SIDE_STYLE('',(#7269));
#3615=EDGE_LOOP('',(#7270,#7271,#7272,#7273));
#3616=AXIS2_PLACEMENT_3D('',#7274,#7275,#7276);
#3617=SURFACE_SIDE_STYLE('',(#7277));
#3618=EDGE_LOOP('',(#7278,#7279,#7280,#7281,#7282));
#3619=AXIS2_PLACEMENT_3D('',#7283,#7284,#7285);
#3620=SURFACE_SIDE_STYLE('',(#7286));
#3621=EDGE_LOOP('',(#7287,#7288,#7289,#7290));
#3622=AXIS2_PLACEMENT_3D('',#7291,#7292,#7293);
#3623=SURFACE_SIDE_STYLE('',(#7294));
#3624=EDGE_LOOP('',(#7295,#7296,#7297,#7298));
#3625=AXIS2_PLACEMENT_3D('',#7299,#7300,#7301);
#3626=SURFACE_SIDE_STYLE('',(#7302));
#3627=EDGE_LOOP('',(#7303,#7304,#7305,#7306,#7307,#7308,#7309,#7310,#7311,#7312,#7313,#7314,#7315,#7316,#7317,#7318,#7319,#7320,#7321,#7322,#7323,#7324,#7325,#7326,#7327,#7328,#7329,#7330,#7331,#7332,#7333,#7334,#7335,#7336,#7337,#7338,#7339,#7340,#7341,#7342,#7343,#7344,#7345,#7346,#7347,#7348));
#3628=AXIS2_PLACEMENT_3D('',#7349,#7350,#7351);
#3629=SURFACE_SIDE_STYLE('',(#7352));
#3630=EDGE_LOOP('',(#7353,#7354,#7355,#7356));
#3631=AXIS2_PLACEMENT_3D('',#7357,#7358,#7359);
#3632=SURFACE_SIDE_STYLE('',(#7360));
#3633=EDGE_LOOP('',(#7361,#7362,#7363,#7364,#7365,#7366,#7367,#7368,#7369,#7370,#7371,#7372,#7373,#7374,#7375,#7376,#7377,#7378,#7379,#7380,#7381,#7382,#7383,#7384,#7385,#7386,#7387,#7388,#7389,#7390,#7391,#7392,#7393,#7394,#7395,#7396,#7397,#7398,#7399,#7400,#7401,#7402,#7403,#7404,#7405,#7406,#7407,#7408,#7409,#7410,#7411,#7412,#7413,#7414,#7415,#7416,#7417,#7418,#7419,#7420,#7421,#7422,#7423,#7424));
#3634=AXIS2_PLACEMENT_3D('',#7425,#7426,#7427);
#3635=SURFACE_SIDE_STYLE('',(#7428));
#3636=EDGE_LOOP('',(#7429,#7430,#7431,#7432));
#3637=AXIS2_PLACEMENT_3D('',#7433,#7434,#7435);
#3638=SURFACE_SIDE_STYLE('',(#7436));
#3639=EDGE_LOOP('',(#7437,#7438,#7439,#7440));
#3640=AXIS2_PLACEMENT_3D('',#7441,#7442,#7443);
#3641=SURFACE_SIDE_STYLE('',(#7444));
#3642=EDGE_LOOP('',(#7445,#7446,#7447,#7448));
#3643=AXIS2_PLACEMENT_3D('',#7449,#7450,#7451);
#3644=SURFACE_SIDE_STYLE('',(#7452));
#3645=EDGE_LOOP('',(#7453,#7454,#7455,#7456));
#3646=AXIS2_PLACEMENT_3D('',#7457,#7458,#7459);
#3647=SURFACE_SIDE_STYLE('',(#7460));
#3648=EDGE_LOOP('',(#7461,#7462,#7463,#7464));
#3649=AXIS2_PLACEMENT_3D('',#7465,#7466,#7467);
#3650=SURFACE_SIDE_STYLE('',(#7468));
#3651=EDGE_LOOP('',(#7469,#7470,#7471,#7472));
#3652=AXIS2_PLACEMENT_3D('',#7473,#7474,#7475);
#3653=SURFACE_SIDE_STYLE('',(#7476));
#3654=EDGE_LOOP('',(#7477,#7478,#7479));
#3655=AXIS2_PLACEMENT_3D('',#7480,#7481,#7482);
#3656=SURFACE_SIDE_STYLE('',(#7483));
#3657=EDGE_LOOP('',(#7484,#7485,#7486,#7487));
#3658=AXIS2_PLACEMENT_3D('',#7488,#7489,#7490);
#3659=SURFACE_SIDE_STYLE('',(#7491));
#3660=EDGE_LOOP('',(#7492,#7493,#7494));
#3661=AXIS2_PLACEMENT_3D('',#7495,#7496,#7497);
#3662=SURFACE_SIDE_STYLE('',(#7498));
#3663=EDGE_LOOP('',(#7499,#7500,#7501,#7502));
#3664=AXIS2_PLACEMENT_3D('',#7503,#7504,#7505);
#3665=SURFACE_SIDE_STYLE('',(#7506));
#3666=CLOSED_SHELL('',(#1215,#1217,#1219,#1221,#1223));
#3668=SURFACE_STYLE_FILL_AREA(#7507);
#3669=ORIENTED_EDGE('',*,*,#7508,.F.);
#3670=ORIENTED_EDGE('',*,*,#7509,.T.);
#3671=ORIENTED_EDGE('',*,*,#7510,.F.);
#3672=ORIENTED_EDGE('',*,*,#7511,.F.);
#3673=CARTESIAN_POINT('',(-0.150000000000003,4.446,-0.646));
#3674=DIRECTION('',(-1.0,-0.0,0.0));
#3675=DIRECTION('',(0.0,-1.0,-6.12323399573676E-17));
#3676=SURFACE_STYLE_FILL_AREA(#7512);
#3677=ORIENTED_EDGE('',*,*,#7513,.F.);
#3678=ORIENTED_EDGE('',*,*,#7514,.F.);
#3679=ORIENTED_EDGE('',*,*,#7515,.F.);
#3680=ORIENTED_EDGE('',*,*,#7516,.F.);
#3681=CARTESIAN_POINT('',(-0.00856102929858471,3.0499355305445,0.20456855296129));
#3682=DIRECTION('',(-0.685929791414468,0.0102675118960544,-0.727595285477832));
#3683=DIRECTION('',(0.727633640712996,4.20033002649031E-17,-0.685965950250267));
#3684=SURFACE_STYLE_FILL_AREA(#7517);
#3685=ORIENTED_EDGE('',*,*,#7518,.F.);
#3686=ORIENTED_EDGE('',*,*,#7519,.F.);
#3687=ORIENTED_EDGE('',*,*,#7520,.F.);
#3688=ORIENTED_EDGE('',*,*,#7521,.T.);
#3689=CARTESIAN_POINT('',(0.00856102929857805,3.0499355305445,0.20456855296129));
#3690=DIRECTION('',(-0.685929791414468,-0.0102675118960516,0.727595285477832));
#3691=DIRECTION('',(-0.727633640712996,4.20033002649031E-17,-0.685965950250267));
#3692=SURFACE_STYLE_FILL_AREA(#7522);
#3693=ORIENTED_EDGE('',*,*,#7523,.F.);
#3694=ORIENTED_EDGE('',*,*,#7524,.T.);
#3695=ORIENTED_EDGE('',*,*,#7525,.F.);
#3696=ORIENTED_EDGE('',*,*,#7526,.F.);
#3697=CARTESIAN_POINT('',(1.85,4.446,-0.646));
#3698=DIRECTION('',(-1.0,-0.0,0.0));
#3699=DIRECTION('',(0.0,-1.0,-6.12323399573676E-17));
#3700=SURFACE_STYLE_FILL_AREA(#7527);
#3701=ORIENTED_EDGE('',*,*,#7528,.F.);
#3702=ORIENTED_EDGE('',*,*,#7529,.F.);
#3703=ORIENTED_EDGE('',*,*,#7530,.F.);
#3704=ORIENTED_EDGE('',*,*,#7531,.F.);
#3705=CARTESIAN_POINT('',(1.99143897070142,3.0499355305445,0.20456855296129));
#3706=DIRECTION('',(-0.685929791414468,0.0102675118960544,-0.727595285477832));
#3707=DIRECTION('',(0.727633640712996,4.20033002649031E-17,-0.685965950250267));
#3708=SURFACE_STYLE_FILL_AREA(#7532);
#3709=ORIENTED_EDGE('',*,*,#7533,.F.);
#3710=ORIENTED_EDGE('',*,*,#7534,.F.);
#3711=ORIENTED_EDGE('',*,*,#7535,.F.);
#3712=ORIENTED_EDGE('',*,*,#7536,.T.);
#3713=CARTESIAN_POINT('',(2.00856102929858,3.0499355305445,0.20456855296129));
#3714=DIRECTION('',(-0.685929791414468,-0.0102675118960516,0.727595285477832));
#3715=DIRECTION('',(-0.727633640712996,4.20033002649031E-17,-0.685965950250267));
#3716=SURFACE_STYLE_FILL_AREA(#7537);
#3717=ORIENTED_EDGE('',*,*,#7538,.F.);
#3718=ORIENTED_EDGE('',*,*,#7539,.T.);
#3719=ORIENTED_EDGE('',*,*,#7540,.F.);
#3720=ORIENTED_EDGE('',*,*,#7541,.F.);
#3721=CARTESIAN_POINT('',(3.85,4.446,-0.646));
#3722=DIRECTION('',(-1.0,-0.0,0.0));
#3723=DIRECTION('',(0.0,-1.0,-6.12323399573676E-17));
#3724=SURFACE_STYLE_FILL_AREA(#7542);
#3725=ORIENTED_EDGE('',*,*,#7543,.F.);
#3726=ORIENTED_EDGE('',*,*,#7544,.F.);
#3727=ORIENTED_EDGE('',*,*,#7545,.F.);
#3728=ORIENTED_EDGE('',*,*,#7546,.F.);
#3729=CARTESIAN_POINT('',(3.99143897070142,3.0499355305445,0.20456855296129));
#3730=DIRECTION('',(-0.685929791414468,0.0102675118960544,-0.727595285477832));
#3731=DIRECTION('',(0.727633640712996,4.20033002649031E-17,-0.685965950250267));
#3732=SURFACE_STYLE_FILL_AREA(#7547);
#3733=ORIENTED_EDGE('',*,*,#7548,.F.);
#3734=ORIENTED_EDGE('',*,*,#7549,.F.);
#3735=ORIENTED_EDGE('',*,*,#7550,.F.);
#3736=ORIENTED_EDGE('',*,*,#7551,.T.);
#3737=CARTESIAN_POINT('',(4.00856102929858,3.0499355305445,0.20456855296129));
#3738=DIRECTION('',(-0.685929791414468,-0.0102675118960516,0.727595285477832));
#3739=DIRECTION('',(-0.727633640712996,4.20033002649031E-17,-0.685965950250267));
#3740=SURFACE_STYLE_FILL_AREA(#7552);
#3741=ORIENTED_EDGE('',*,*,#7553,.F.);
#3742=ORIENTED_EDGE('',*,*,#7554,.F.);
#3743=ORIENTED_EDGE('',*,*,#7555,.F.);
#3744=ORIENTED_EDGE('',*,*,#7556,.T.);
#3745=CARTESIAN_POINT('',(1.00856102929858,3.0499355305445,0.20456855296129));
#3746=DIRECTION('',(-0.685929791414468,-0.0102675118960516,0.727595285477833));
#3747=DIRECTION('',(-0.727633640712996,4.10533645888523E-17,-0.685965950250266));
#3748=SURFACE_STYLE_FILL_AREA(#7557);
#3749=ORIENTED_EDGE('',*,*,#7558,.F.);
#3750=ORIENTED_EDGE('',*,*,#7559,.F.);
#3751=ORIENTED_EDGE('',*,*,#7560,.F.);
#3752=ORIENTED_EDGE('',*,*,#7561,.F.);
#3753=CARTESIAN_POINT('',(1.12711014304249,3.04790470261809,0.348480811338431));
#3754=DIRECTION('',(0.685929791414468,-0.0102675118960543,0.727595285477832));
#3755=DIRECTION('',(-0.727633640712996,-4.20033002649031E-17,0.685965950250267));
#3756=SURFACE_STYLE_FILL_AREA(#7562);
#3757=ORIENTED_EDGE('',*,*,#7563,.F.);
#3758=ORIENTED_EDGE('',*,*,#7564,.T.);
#3759=ORIENTED_EDGE('',*,*,#7565,.F.);
#3760=ORIENTED_EDGE('',*,*,#7566,.F.);
#3761=CARTESIAN_POINT('',(0.849999999999997,4.446,-0.646));
#3762=DIRECTION('',(-1.0,-0.0,0.0));
#3763=DIRECTION('',(0.0,-1.0,-6.12323399573676E-17));
#3764=SURFACE_STYLE_FILL_AREA(#7567);
#3765=ORIENTED_EDGE('',*,*,#7568,.F.);
#3766=ORIENTED_EDGE('',*,*,#7569,.F.);
#3767=ORIENTED_EDGE('',*,*,#7570,.F.);
#3768=ORIENTED_EDGE('',*,*,#7571,.T.);
#3769=CARTESIAN_POINT('',(3.00856102929858,3.0499355305445,0.20456855296129));
#3770=DIRECTION('',(-0.685929791414468,-0.0102675118960516,0.727595285477833));
#3771=DIRECTION('',(-0.727633640712996,4.10533645888523E-17,-0.685965950250266));
#3772=SURFACE_STYLE_FILL_AREA(#7572);
#3773=ORIENTED_EDGE('',*,*,#7573,.F.);
#3774=ORIENTED_EDGE('',*,*,#7574,.F.);
#3775=ORIENTED_EDGE('',*,*,#7575,.F.);
#3776=ORIENTED_EDGE('',*,*,#7576,.F.);
#3777=CARTESIAN_POINT('',(3.12711014304249,3.04790470261809,0.348480811338431));
#3778=DIRECTION('',(0.685929791414468,-0.0102675118960543,0.727595285477832));
#3779=DIRECTION('',(-0.727633640712996,-4.20033002649031E-17,0.685965950250267));
#3780=SURFACE_STYLE_FILL_AREA(#7577);
#3781=ORIENTED_EDGE('',*,*,#7578,.F.);
#3782=ORIENTED_EDGE('',*,*,#7579,.T.);
#3783=ORIENTED_EDGE('',*,*,#7580,.F.);
#3784=ORIENTED_EDGE('',*,*,#7581,.F.);
#3785=CARTESIAN_POINT('',(2.85,4.446,-0.646));
#3786=DIRECTION('',(-1.0,-0.0,0.0));
#3787=DIRECTION('',(0.0,-1.0,-6.12323399573676E-17));
#3788=SURFACE_STYLE_FILL_AREA(#7582);
#3789=ORIENTED_EDGE('',*,*,#7583,.F.);
#3790=ORIENTED_EDGE('',*,*,#7584,.F.);
#3791=ORIENTED_EDGE('',*,*,#7585,.F.);
#3792=ORIENTED_EDGE('',*,*,#7586,.T.);
#3793=CARTESIAN_POINT('',(5.00856102929858,3.0499355305445,0.20456855296129));
#3794=DIRECTION('',(-0.685929791414468,-0.0102675118960516,0.727595285477833));
#3795=DIRECTION('',(-0.727633640712996,4.10533645888523E-17,-0.685965950250266));
#3796=SURFACE_STYLE_FILL_AREA(#7587);
#3797=ORIENTED_EDGE('',*,*,#7588,.F.);
#3798=ORIENTED_EDGE('',*,*,#7589,.F.);
#3799=ORIENTED_EDGE('',*,*,#7590,.F.);
#3800=ORIENTED_EDGE('',*,*,#7591,.F.);
#3801=CARTESIAN_POINT('',(5.12711014304249,3.04790470261809,0.348480811338431));
#3802=DIRECTION('',(0.685929791414468,-0.0102675118960543,0.727595285477832));
#3803=DIRECTION('',(-0.727633640712996,-4.20033002649031E-17,0.685965950250267));
#3804=SURFACE_STYLE_FILL_AREA(#7592);
#3805=ORIENTED_EDGE('',*,*,#7593,.F.);
#3806=ORIENTED_EDGE('',*,*,#7594,.T.);
#3807=ORIENTED_EDGE('',*,*,#7595,.F.);
#3808=ORIENTED_EDGE('',*,*,#7596,.F.);
#3809=CARTESIAN_POINT('',(4.85,4.446,-0.646));
#3810=DIRECTION('',(-1.0,-0.0,0.0));
#3811=DIRECTION('',(0.0,-1.0,-6.12323399573676E-17));
#3812=SURFACE_STYLE_FILL_AREA(#7597);
#3813=ORIENTED_EDGE('',*,*,#7598,.F.);
#3814=ORIENTED_EDGE('',*,*,#7599,.F.);
#3815=ORIENTED_EDGE('',*,*,#7600,.T.);
#3816=ORIENTED_EDGE('',*,*,#7601,.T.);
#3817=CARTESIAN_POINT('',(4.85,4.446,-1.15));
#3818=DIRECTION('',(0.0,-6.12323399573676E-17,1.0));
#3819=DIRECTION('',(0.0,-1.0,-6.12323399573676E-17));
#3820=SURFACE_STYLE_FILL_AREA(#7602);
#3821=ORIENTED_EDGE('',*,*,#7603,.F.);
#3822=ORIENTED_EDGE('',*,*,#7604,.T.);
#3823=ORIENTED_EDGE('',*,*,#7605,.T.);
#3824=ORIENTED_EDGE('',*,*,#7606,.T.);
#3825=ORIENTED_EDGE('',*,*,#7607,.T.);
#3826=ORIENTED_EDGE('',*,*,#7608,.T.);
#3827=ORIENTED_EDGE('',*,*,#7609,.T.);
#3828=ORIENTED_EDGE('',*,*,#7610,.T.);
#3829=ORIENTED_EDGE('',*,*,#7611,.T.);
#3830=ORIENTED_EDGE('',*,*,#7599,.T.);
#3831=CARTESIAN_POINT('',(5.175,-0.0499999999999999,-1.15));
#3832=DIRECTION('',(1.0,0.0,0.0));
#3833=DIRECTION('',(0.0,6.12323399573676E-17,-1.0));
#3834=SURFACE_STYLE_FILL_AREA(#7612);
#3835=ORIENTED_EDGE('',*,*,#7613,.F.);
#3836=ORIENTED_EDGE('',*,*,#7614,.F.);
#3837=ORIENTED_EDGE('',*,*,#7615,.F.);
#3838=ORIENTED_EDGE('',*,*,#7616,.T.);
#3839=ORIENTED_EDGE('',*,*,#7617,.T.);
#3840=ORIENTED_EDGE('',*,*,#7618,.T.);
#3841=ORIENTED_EDGE('',*,*,#7591,.T.);
#3842=ORIENTED_EDGE('',*,*,#7619,.T.);
#3843=ORIENTED_EDGE('',*,*,#7620,.F.);
#3844=ORIENTED_EDGE('',*,*,#7621,.T.);
#3845=ORIENTED_EDGE('',*,*,#7622,.T.);
#3846=ORIENTED_EDGE('',*,*,#7596,.T.);
#3847=ORIENTED_EDGE('',*,*,#7623,.T.);
#3848=CARTESIAN_POINT('',(4.85,4.446,-0.646));
#3849=DIRECTION('',(-1.0,0.0,0.0));
#3850=DIRECTION('',(0.0,1.0,6.12323399573676E-17));
#3851=SURFACE_STYLE_FILL_AREA(#7624);
#3852=ORIENTED_EDGE('',*,*,#7625,.F.);
#3853=ORIENTED_EDGE('',*,*,#7626,.F.);
#3854=ORIENTED_EDGE('',*,*,#7627,.F.);
#3855=ORIENTED_EDGE('',*,*,#7616,.F.);
#3856=CARTESIAN_POINT('',(4.9,2.79322737842976,-0.08683995258133));
#3857=DIRECTION('',(0.0,0.320472800413029,0.947257717939226));
#3858=DIRECTION('',(0.0,0.947257717939226,-0.320472800413029));
#3859=SURFACE_STYLE_FILL_AREA(#7628);
#3860=ORIENTED_EDGE('',*,*,#7629,.F.);
#3861=ORIENTED_EDGE('',*,*,#7630,.T.);
#3862=ORIENTED_EDGE('',*,*,#7631,.T.);
#3863=ORIENTED_EDGE('',*,*,#7632,.F.);
#3864=ORIENTED_EDGE('',*,*,#7633,.T.);
#3865=ORIENTED_EDGE('',*,*,#7626,.T.);
#3866=CARTESIAN_POINT('',(4.85,2.82598269263606,0.16599811692412));
#3867=DIRECTION('',(0.0,0.947257717939226,-0.320472800413029));
#3868=DIRECTION('',(1.0,0.0,0.0));
#3869=SURFACE_STYLE_FILL_AREA(#7634);
#3870=ORIENTED_EDGE('',*,*,#7635,.F.);
#3871=ORIENTED_EDGE('',*,*,#7636,.F.);
#3872=ORIENTED_EDGE('',*,*,#7637,.T.);
#3873=CARTESIAN_POINT('',(4.825,-0.0499999999999999,-1.31362636043255));
#3874=DIRECTION('',(0.0,-6.12323399573676E-17,1.0));
#3875=DIRECTION('',(0.0,-1.0,-6.12323399573676E-17));
#3876=SURFACE_STYLE_FILL_AREA(#7638);
#3877=ORIENTED_EDGE('',*,*,#7639,.F.);
#3878=ORIENTED_EDGE('',*,*,#7640,.F.);
#3879=ORIENTED_EDGE('',*,*,#7637,.F.);
#3880=ORIENTED_EDGE('',*,*,#7641,.F.);
#3881=CARTESIAN_POINT('',(4.9,-0.0499999999999999,-0.896));
#3882=DIRECTION('',(-0.707106781186547,-0.707106781186547,-4.32978028117747E-17));
#3883=DIRECTION('',(-0.707106781186547,0.707106781186547,4.32978028117747E-17));
#3884=SURFACE_STYLE_FILL_AREA(#7642);
#3885=ORIENTED_EDGE('',*,*,#7643,.T.);
#3886=ORIENTED_EDGE('',*,*,#7644,.T.);
#3887=ORIENTED_EDGE('',*,*,#7610,.F.);
#3888=ORIENTED_EDGE('',*,*,#7645,.F.);
#3889=CARTESIAN_POINT('',(4.825,0.204000276407946,-2.50000038649554));
#3890=DIRECTION('',(-0.0,1.0,6.12323399573676E-17));
#3891=DIRECTION('',(1.0,0.0,0.0));
#3892=SURFACE_STYLE_FILL_AREA(#7646);
#3893=ORIENTED_EDGE('',*,*,#7647,.F.);
#3894=ORIENTED_EDGE('',*,*,#7639,.T.);
#3895=ORIENTED_EDGE('',*,*,#7648,.T.);
#3896=ORIENTED_EDGE('',*,*,#7645,.T.);
#3897=ORIENTED_EDGE('',*,*,#7609,.F.);
#3898=ORIENTED_EDGE('',*,*,#7649,.T.);
#3899=CARTESIAN_POINT('',(4.825,-0.0499997235920554,-2.50000038649554));
#3900=DIRECTION('',(0.0,6.12323399573676E-17,-1.0));
#3901=DIRECTION('',(1.0,0.0,0.0));
#3902=SURFACE_STYLE_FILL_AREA(#7650);
#3903=ORIENTED_EDGE('',*,*,#7649,.F.);
#3904=ORIENTED_EDGE('',*,*,#7608,.F.);
#3905=ORIENTED_EDGE('',*,*,#7651,.F.);
#3906=ORIENTED_EDGE('',*,*,#7652,.F.);
#3907=CARTESIAN_POINT('',(5.175,0.0250000000000001,-1.15));
#3908=DIRECTION('',(-0.707106781186548,0.707106781186548,4.32978028117747E-17));
#3909=DIRECTION('',(0.0,6.12323399573676E-17,-1.0));
#3910=SURFACE_STYLE_FILL_AREA(#7653);
#3911=ORIENTED_EDGE('',*,*,#7607,.F.);
#3912=ORIENTED_EDGE('',*,*,#7654,.F.);
#3913=ORIENTED_EDGE('',*,*,#7651,.T.);
#3914=CARTESIAN_POINT('',(5.175,-0.0499999999999999,-1.30627676620511));
#3915=DIRECTION('',(0.0,-6.12323399573676E-17,1.0));
#3916=DIRECTION('',(0.0,-1.0,-6.12323399573676E-17));
#3917=SURFACE_STYLE_FILL_AREA(#7655);
#3918=ORIENTED_EDGE('',*,*,#7656,.T.);
#3919=ORIENTED_EDGE('',*,*,#7635,.T.);
#3920=ORIENTED_EDGE('',*,*,#7640,.T.);
#3921=ORIENTED_EDGE('',*,*,#7647,.T.);
#3922=ORIENTED_EDGE('',*,*,#7652,.T.);
#3923=ORIENTED_EDGE('',*,*,#7654,.T.);
#3924=ORIENTED_EDGE('',*,*,#7606,.F.);
#3925=ORIENTED_EDGE('',*,*,#7657,.T.);
#3926=CARTESIAN_POINT('',(4.825,-0.0499999999999999,-0.896));
#3927=DIRECTION('',(0.0,-1.0,-6.12323399573676E-17));
#3928=DIRECTION('',(0.0,-6.12323399573676E-17,1.0));
#3929=SURFACE_STYLE_FILL_AREA(#7658);
#3930=ORIENTED_EDGE('',*,*,#7659,.F.);
#3931=ORIENTED_EDGE('',*,*,#7657,.F.);
#3932=ORIENTED_EDGE('',*,*,#7605,.F.);
#3933=ORIENTED_EDGE('',*,*,#7660,.F.);
#3934=CARTESIAN_POINT('',(4.85,0.33,-1.276));
#3935=DIRECTION('',(1.0,0.0,-0.0));
#3936=DIRECTION('',(0.0,1.0,6.12323399573676E-17));
#3937=SURFACE_STYLE_FILL_AREA(#7661);
#3938=ORIENTED_EDGE('',*,*,#7662,.F.);
#3939=ORIENTED_EDGE('',*,*,#7601,.F.);
#3940=ORIENTED_EDGE('',*,*,#7663,.T.);
#3941=ORIENTED_EDGE('',*,*,#7643,.F.);
#3942=ORIENTED_EDGE('',*,*,#7648,.F.);
#3943=ORIENTED_EDGE('',*,*,#7641,.T.);
#3944=ORIENTED_EDGE('',*,*,#7636,.T.);
#3945=ORIENTED_EDGE('',*,*,#7656,.F.);
#3946=ORIENTED_EDGE('',*,*,#7659,.T.);
#3947=ORIENTED_EDGE('',*,*,#7664,.F.);
#3948=CARTESIAN_POINT('',(4.825,-0.0499999999999999,-1.15));
#3949=DIRECTION('',(1.0,0.0,0.0));
#3950=DIRECTION('',(0.0,6.12323399573676E-17,-1.0));
#3951=SURFACE_STYLE_FILL_AREA(#7665);
#3952=ORIENTED_EDGE('',*,*,#7663,.F.);
#3953=ORIENTED_EDGE('',*,*,#7600,.F.);
#3954=ORIENTED_EDGE('',*,*,#7611,.F.);
#3955=ORIENTED_EDGE('',*,*,#7644,.F.);
#3956=CARTESIAN_POINT('',(4.825,0.404000276407946,-1.35));
#3957=DIRECTION('',(-1.0,-0.0,0.0));
#3958=DIRECTION('',(0.0,-1.0,-6.12323399573676E-17));
#3959=SURFACE_STYLE_FILL_AREA(#7666);
#3960=ORIENTED_EDGE('',*,*,#7667,.F.);
#3961=ORIENTED_EDGE('',*,*,#7664,.T.);
#3962=ORIENTED_EDGE('',*,*,#7660,.T.);
#3963=ORIENTED_EDGE('',*,*,#7604,.F.);
#3964=CARTESIAN_POINT('',(4.85,2.37,-0.896));
#3965=DIRECTION('',(0.0,6.12323399573676E-17,-1.0));
#3966=DIRECTION('',(1.0,0.0,0.0));
#3967=SURFACE_STYLE_FILL_AREA(#7668);
#3968=ORIENTED_EDGE('',*,*,#7669,.F.);
#3969=ORIENTED_EDGE('',*,*,#7623,.F.);
#3970=ORIENTED_EDGE('',*,*,#7595,.T.);
#3971=ORIENTED_EDGE('',*,*,#7670,.T.);
#3972=CARTESIAN_POINT('',(4.85,4.446,-1.15));
#3973=DIRECTION('',(0.0,-6.12323399573676E-17,1.0));
#3974=DIRECTION('',(0.0,-1.0,-6.12323399573676E-17));
#3975=SURFACE_STYLE_FILL_AREA(#7671);
#3976=ORIENTED_EDGE('',*,*,#7672,.F.);
#3977=ORIENTED_EDGE('',*,*,#7673,.T.);
#3978=ORIENTED_EDGE('',*,*,#7674,.T.);
#3979=ORIENTED_EDGE('',*,*,#7675,.T.);
#3980=ORIENTED_EDGE('',*,*,#7676,.T.);
#3981=ORIENTED_EDGE('',*,*,#7677,.F.);
#3982=ORIENTED_EDGE('',*,*,#7621,.F.);
#3983=ORIENTED_EDGE('',*,*,#7678,.F.);
#3984=CARTESIAN_POINT('',(4.85,3.09807092006195,0.342088657690881));
#3985=DIRECTION('',(-0.0,-0.320472800413027,-0.947257717939227));
#3986=DIRECTION('',(-1.0,0.0,0.0));
#3987=SURFACE_STYLE_FILL_AREA(#7679);
#3988=ORIENTED_EDGE('',*,*,#7617,.F.);
#3989=ORIENTED_EDGE('',*,*,#7627,.T.);
#3990=ORIENTED_EDGE('',*,*,#7633,.F.);
#3991=ORIENTED_EDGE('',*,*,#7680,.F.);
#3992=ORIENTED_EDGE('',*,*,#7681,.T.);
#3993=ORIENTED_EDGE('',*,*,#7682,.T.);
#3994=CARTESIAN_POINT('',(4.85,3.97643376209665,0.622825340177581));
#3995=DIRECTION('',(-0.707106781186547,-0.245418700622769,0.663151311078123));
#3996=DIRECTION('',(-0.684072169757078,4.4663746297978E-17,-0.729414331202673));
#3997=SURFACE_STYLE_FILL_AREA(#7683);
#3998=ORIENTED_EDGE('',*,*,#7593,.T.);
#3999=ORIENTED_EDGE('',*,*,#7622,.F.);
#4000=ORIENTED_EDGE('',*,*,#7677,.T.);
#4001=ORIENTED_EDGE('',*,*,#7684,.T.);
#4002=CARTESIAN_POINT('',(4.85,4.446,-0.646));
#4003=DIRECTION('',(-1.0,-0.0,0.0));
#4004=DIRECTION('',(0.0,-1.0,-6.12323399573676E-17));
#4005=SURFACE_STYLE_FILL_AREA(#7685);
#4006=ORIENTED_EDGE('',*,*,#7686,.T.);
#4007=ORIENTED_EDGE('',*,*,#7687,.T.);
#4008=ORIENTED_EDGE('',*,*,#7680,.T.);
#4009=ORIENTED_EDGE('',*,*,#7632,.T.);
#4010=CARTESIAN_POINT('',(4.85,2.86892604789141,0.292930651127981));
#4011=DIRECTION('',(0.0,0.347074454880702,-0.937837578032179));
#4012=DIRECTION('',(1.0,0.0,0.0));
#4013=SURFACE_STYLE_FILL_AREA(#7688);
#4014=ORIENTED_EDGE('',*,*,#7689,.F.);
#4015=ORIENTED_EDGE('',*,*,#7670,.F.);
#4016=ORIENTED_EDGE('',*,*,#7594,.F.);
#4017=ORIENTED_EDGE('',*,*,#7684,.F.);
#4018=ORIENTED_EDGE('',*,*,#7676,.F.);
#4019=ORIENTED_EDGE('',*,*,#7690,.T.);
#4020=ORIENTED_EDGE('',*,*,#7691,.F.);
#4021=ORIENTED_EDGE('',*,*,#7584,.T.);
#4022=ORIENTED_EDGE('',*,*,#7692,.T.);
#4023=ORIENTED_EDGE('',*,*,#7693,.T.);
#4024=ORIENTED_EDGE('',*,*,#7694,.T.);
#4025=ORIENTED_EDGE('',*,*,#7695,.F.);
#4026=ORIENTED_EDGE('',*,*,#7696,.F.);
#4027=CARTESIAN_POINT('',(5.15,4.446,-0.646));
#4028=DIRECTION('',(-1.0,0.0,0.0));
#4029=DIRECTION('',(0.0,1.0,6.12323399573676E-17));
#4030=SURFACE_STYLE_FILL_AREA(#7697);
#4031=ORIENTED_EDGE('',*,*,#7631,.F.);
#4032=ORIENTED_EDGE('',*,*,#7698,.T.);
#4033=ORIENTED_EDGE('',*,*,#7693,.F.);
#4034=ORIENTED_EDGE('',*,*,#7699,.T.);
#4035=ORIENTED_EDGE('',*,*,#7700,.T.);
#4036=ORIENTED_EDGE('',*,*,#7686,.F.);
#4037=CARTESIAN_POINT('',(5.075,2.86892604789141,0.292930651127981));
#4038=DIRECTION('',(-0.707106781186546,0.245418700622769,-0.663151311078123));
#4039=DIRECTION('',(0.327887107426217,0.944716912510657,5.12556655262417E-17));
#4040=SURFACE_STYLE_FILL_AREA(#7701);
#4041=ORIENTED_EDGE('',*,*,#7590,.T.);
#4042=ORIENTED_EDGE('',*,*,#7702,.T.);
#4043=ORIENTED_EDGE('',*,*,#7672,.T.);
#4044=ORIENTED_EDGE('',*,*,#7703,.T.);
#4045=ORIENTED_EDGE('',*,*,#7619,.F.);
#4046=CARTESIAN_POINT('',(4.85,2.88334732391,0.335557248435241));
#4047=DIRECTION('',(-0.707106781186548,0.226608490357896,0.669812355886121));
#4048=DIRECTION('',(-0.687702291340512,4.44542384773946E-17,-0.725992808838359));
#4049=SURFACE_STYLE_FILL_AREA(#7704);
#4050=ORIENTED_EDGE('',*,*,#7678,.T.);
#4051=ORIENTED_EDGE('',*,*,#7620,.T.);
#4052=ORIENTED_EDGE('',*,*,#7703,.F.);
#4053=CARTESIAN_POINT('',(5.00000000000004,3.64672553325348,-2.40066279383548));
#4054=DIRECTION('',(-1.8285407645389E-14,-0.947257717939226,0.320472800413029));
#4055=DIRECTION('',(-1.03940508582747E-30,0.320472800413029,0.947257717939226));
#4056=SURFACE_STYLE_FILL_AREA(#7705);
#4057=ORIENTED_EDGE('',*,*,#7706,.T.);
#4058=ORIENTED_EDGE('',*,*,#7585,.T.);
#4059=ORIENTED_EDGE('',*,*,#7691,.T.);
#4060=ORIENTED_EDGE('',*,*,#7707,.F.);
#4061=ORIENTED_EDGE('',*,*,#7674,.F.);
#4062=CARTESIAN_POINT('',(5.15,2.88334732391,0.335557248435241));
#4063=DIRECTION('',(-0.707106781186548,-0.226608490357895,-0.66981235588612));
#4064=DIRECTION('',(-0.305184121338135,0.952293364506479,5.11871473712226E-17));
#4065=SURFACE_STYLE_FILL_AREA(#7708);
#4066=ORIENTED_EDGE('',*,*,#7675,.F.);
#4067=ORIENTED_EDGE('',*,*,#7707,.T.);
#4068=ORIENTED_EDGE('',*,*,#7690,.F.);
#4069=CARTESIAN_POINT('',(5.00000000000004,3.64672553325348,-2.40066279383548));
#4070=DIRECTION('',(-1.8285407645389E-14,-0.947257717939226,0.320472800413029));
#4071=DIRECTION('',(-1.03940508582747E-30,0.320472800413029,0.947257717939226));
#4072=SURFACE_STYLE_FILL_AREA(#7709);
#4073=ORIENTED_EDGE('',*,*,#7588,.T.);
#4074=ORIENTED_EDGE('',*,*,#7618,.F.);
#4075=ORIENTED_EDGE('',*,*,#7682,.F.);
#4076=ORIENTED_EDGE('',*,*,#7710,.F.);
#4077=CARTESIAN_POINT('',(5.12711014304249,3.04790470261809,0.348480811338431));
#4078=DIRECTION('',(0.685929791414468,-0.0102675118960543,0.727595285477832));
#4079=DIRECTION('',(-0.727633640712996,-4.20033002649031E-17,0.685965950250267));
#4080=SURFACE_STYLE_FILL_AREA(#7711);
#4081=ORIENTED_EDGE('',*,*,#7687,.F.);
#4082=ORIENTED_EDGE('',*,*,#7700,.F.);
#4083=ORIENTED_EDGE('',*,*,#7712,.F.);
#4084=ORIENTED_EDGE('',*,*,#7586,.F.);
#4085=ORIENTED_EDGE('',*,*,#7706,.F.);
#4086=ORIENTED_EDGE('',*,*,#7673,.F.);
#4087=ORIENTED_EDGE('',*,*,#7702,.F.);
#4088=ORIENTED_EDGE('',*,*,#7589,.T.);
#4089=ORIENTED_EDGE('',*,*,#7710,.T.);
#4090=ORIENTED_EDGE('',*,*,#7681,.F.);
#4091=CARTESIAN_POINT('',(4.85,3.05,0.2));
#4092=DIRECTION('',(-1.0,-0.0,0.0));
#4093=DIRECTION('',(0.0,-1.0,-6.12323399573676E-17));
#4094=SURFACE_STYLE_FILL_AREA(#7713);
#4095=ORIENTED_EDGE('',*,*,#7583,.T.);
#4096=ORIENTED_EDGE('',*,*,#7712,.T.);
#4097=ORIENTED_EDGE('',*,*,#7699,.F.);
#4098=ORIENTED_EDGE('',*,*,#7692,.F.);
#4099=CARTESIAN_POINT('',(5.00856102929858,3.0499355305445,0.20456855296129));
#4100=DIRECTION('',(-0.685929791414468,-0.0102675118960516,0.727595285477833));
#4101=DIRECTION('',(-0.727633640712996,4.10533645888523E-17,-0.685965950250266));
#4102=SURFACE_STYLE_FILL_AREA(#7714);
#4103=ORIENTED_EDGE('',*,*,#7715,.F.);
#4104=ORIENTED_EDGE('',*,*,#7694,.F.);
#4105=ORIENTED_EDGE('',*,*,#7698,.F.);
#4106=ORIENTED_EDGE('',*,*,#7630,.F.);
#4107=CARTESIAN_POINT('',(5.1,2.87334557853302,0.14997447690347));
#4108=DIRECTION('',(0.0,-0.320472800413029,-0.947257717939226));
#4109=DIRECTION('',(0.0,-0.947257717939226,0.320472800413029));
#4110=SURFACE_STYLE_FILL_AREA(#7716);
#4111=ORIENTED_EDGE('',*,*,#7613,.T.);
#4112=ORIENTED_EDGE('',*,*,#7669,.T.);
#4113=ORIENTED_EDGE('',*,*,#7689,.T.);
#4114=ORIENTED_EDGE('',*,*,#7717,.T.);
#4115=ORIENTED_EDGE('',*,*,#7718,.F.);
#4116=ORIENTED_EDGE('',*,*,#7719,.F.);
#4117=ORIENTED_EDGE('',*,*,#7720,.F.);
#4118=ORIENTED_EDGE('',*,*,#7721,.T.);
#4119=CARTESIAN_POINT('',(4.78,4.35,-0.749807692307691));
#4120=DIRECTION('',(6.12323399573676E-17,-1.0,-6.12323399573676E-17));
#4121=DIRECTION('',(0.0,6.12323399573676E-17,-1.0));
#4122=SURFACE_STYLE_FILL_AREA(#7722);
#4123=ORIENTED_EDGE('',*,*,#7696,.T.);
#4124=ORIENTED_EDGE('',*,*,#7723,.F.);
#4125=ORIENTED_EDGE('',*,*,#7724,.F.);
#4126=ORIENTED_EDGE('',*,*,#7717,.F.);
#4127=CARTESIAN_POINT('',(4.78,3.725,-0.0950000000000086));
#4128=DIRECTION('',(9.20162547668843E-18,-0.150273948098259,-0.988644395383376));
#4129=DIRECTION('',(-6.05370097150611E-17,0.988644395383376,-0.150273948098259));
#4130=SURFACE_STYLE_FILL_AREA(#7725);
#4131=ORIENTED_EDGE('',*,*,#7726,.F.);
#4132=ORIENTED_EDGE('',*,*,#7727,.F.);
#4133=ORIENTED_EDGE('',*,*,#7728,.T.);
#4134=ORIENTED_EDGE('',*,*,#7729,.T.);
#4135=CARTESIAN_POINT('',(2.85,4.446,-1.15));
#4136=DIRECTION('',(0.0,-6.12323399573676E-17,1.0));
#4137=DIRECTION('',(0.0,-1.0,-6.12323399573676E-17));
#4138=SURFACE_STYLE_FILL_AREA(#7730);
#4139=ORIENTED_EDGE('',*,*,#7731,.F.);
#4140=ORIENTED_EDGE('',*,*,#7732,.T.);
#4141=ORIENTED_EDGE('',*,*,#7733,.T.);
#4142=ORIENTED_EDGE('',*,*,#7734,.T.);
#4143=ORIENTED_EDGE('',*,*,#7735,.T.);
#4144=ORIENTED_EDGE('',*,*,#7736,.T.);
#4145=ORIENTED_EDGE('',*,*,#7737,.T.);
#4146=ORIENTED_EDGE('',*,*,#7738,.T.);
#4147=ORIENTED_EDGE('',*,*,#7739,.T.);
#4148=ORIENTED_EDGE('',*,*,#7727,.T.);
#4149=CARTESIAN_POINT('',(3.175,-0.0499999999999999,-1.15));
#4150=DIRECTION('',(1.0,0.0,0.0));
#4151=DIRECTION('',(0.0,6.12323399573676E-17,-1.0));
#4152=SURFACE_STYLE_FILL_AREA(#7740);
#4153=ORIENTED_EDGE('',*,*,#7741,.F.);
#4154=ORIENTED_EDGE('',*,*,#7742,.F.);
#4155=ORIENTED_EDGE('',*,*,#7743,.F.);
#4156=ORIENTED_EDGE('',*,*,#7744,.T.);
#4157=ORIENTED_EDGE('',*,*,#7745,.T.);
#4158=ORIENTED_EDGE('',*,*,#7746,.T.);
#4159=ORIENTED_EDGE('',*,*,#7576,.T.);
#4160=ORIENTED_EDGE('',*,*,#7747,.T.);
#4161=ORIENTED_EDGE('',*,*,#7748,.F.);
#4162=ORIENTED_EDGE('',*,*,#7749,.T.);
#4163=ORIENTED_EDGE('',*,*,#7750,.T.);
#4164=ORIENTED_EDGE('',*,*,#7581,.T.);
#4165=ORIENTED_EDGE('',*,*,#7751,.T.);
#4166=CARTESIAN_POINT('',(2.85,4.446,-0.646));
#4167=DIRECTION('',(-1.0,0.0,0.0));
#4168=DIRECTION('',(0.0,1.0,6.12323399573676E-17));
#4169=SURFACE_STYLE_FILL_AREA(#7752);
#4170=ORIENTED_EDGE('',*,*,#7753,.F.);
#4171=ORIENTED_EDGE('',*,*,#7754,.F.);
#4172=ORIENTED_EDGE('',*,*,#7755,.F.);
#4173=ORIENTED_EDGE('',*,*,#7744,.F.);
#4174=CARTESIAN_POINT('',(2.9,2.79322737842976,-0.08683995258133));
#4175=DIRECTION('',(0.0,0.320472800413029,0.947257717939226));
#4176=DIRECTION('',(0.0,0.947257717939226,-0.320472800413029));
#4177=SURFACE_STYLE_FILL_AREA(#7756);
#4178=ORIENTED_EDGE('',*,*,#7757,.F.);
#4179=ORIENTED_EDGE('',*,*,#7758,.T.);
#4180=ORIENTED_EDGE('',*,*,#7759,.T.);
#4181=ORIENTED_EDGE('',*,*,#7760,.F.);
#4182=ORIENTED_EDGE('',*,*,#7761,.T.);
#4183=ORIENTED_EDGE('',*,*,#7754,.T.);
#4184=CARTESIAN_POINT('',(2.85,2.82598269263606,0.16599811692412));
#4185=DIRECTION('',(0.0,0.947257717939226,-0.320472800413029));
#4186=DIRECTION('',(1.0,0.0,0.0));
#4187=SURFACE_STYLE_FILL_AREA(#7762);
#4188=ORIENTED_EDGE('',*,*,#7763,.F.);
#4189=ORIENTED_EDGE('',*,*,#7764,.F.);
#4190=ORIENTED_EDGE('',*,*,#7765,.T.);
#4191=CARTESIAN_POINT('',(2.825,-0.0499999999999999,-1.31362636043255));
#4192=DIRECTION('',(0.0,-6.12323399573676E-17,1.0));
#4193=DIRECTION('',(0.0,-1.0,-6.12323399573676E-17));
#4194=SURFACE_STYLE_FILL_AREA(#7766);
#4195=ORIENTED_EDGE('',*,*,#7767,.F.);
#4196=ORIENTED_EDGE('',*,*,#7768,.F.);
#4197=ORIENTED_EDGE('',*,*,#7765,.F.);
#4198=ORIENTED_EDGE('',*,*,#7769,.F.);
#4199=CARTESIAN_POINT('',(2.9,-0.0499999999999999,-0.896));
#4200=DIRECTION('',(-0.707106781186547,-0.707106781186547,-4.32978028117747E-17));
#4201=DIRECTION('',(-0.707106781186547,0.707106781186547,4.32978028117747E-17));
#4202=SURFACE_STYLE_FILL_AREA(#7770);
#4203=ORIENTED_EDGE('',*,*,#7771,.T.);
#4204=ORIENTED_EDGE('',*,*,#7772,.T.);
#4205=ORIENTED_EDGE('',*,*,#7738,.F.);
#4206=ORIENTED_EDGE('',*,*,#7773,.F.);
#4207=CARTESIAN_POINT('',(2.825,0.204000276407946,-2.50000038649554));
#4208=DIRECTION('',(-0.0,1.0,6.12323399573676E-17));
#4209=DIRECTION('',(1.0,0.0,0.0));
#4210=SURFACE_STYLE_FILL_AREA(#7774);
#4211=ORIENTED_EDGE('',*,*,#7775,.F.);
#4212=ORIENTED_EDGE('',*,*,#7767,.T.);
#4213=ORIENTED_EDGE('',*,*,#7776,.T.);
#4214=ORIENTED_EDGE('',*,*,#7773,.T.);
#4215=ORIENTED_EDGE('',*,*,#7737,.F.);
#4216=ORIENTED_EDGE('',*,*,#7777,.T.);
#4217=CARTESIAN_POINT('',(2.825,-0.0499997235920554,-2.50000038649554));
#4218=DIRECTION('',(0.0,6.12323399573676E-17,-1.0));
#4219=DIRECTION('',(1.0,0.0,0.0));
#4220=SURFACE_STYLE_FILL_AREA(#7778);
#4221=ORIENTED_EDGE('',*,*,#7777,.F.);
#4222=ORIENTED_EDGE('',*,*,#7736,.F.);
#4223=ORIENTED_EDGE('',*,*,#7779,.F.);
#4224=ORIENTED_EDGE('',*,*,#7780,.F.);
#4225=CARTESIAN_POINT('',(3.175,0.0250000000000001,-1.15));
#4226=DIRECTION('',(-0.707106781186548,0.707106781186548,4.32978028117747E-17));
#4227=DIRECTION('',(0.0,6.12323399573676E-17,-1.0));
#4228=SURFACE_STYLE_FILL_AREA(#7781);
#4229=ORIENTED_EDGE('',*,*,#7735,.F.);
#4230=ORIENTED_EDGE('',*,*,#7782,.F.);
#4231=ORIENTED_EDGE('',*,*,#7779,.T.);
#4232=CARTESIAN_POINT('',(3.175,-0.0499999999999999,-1.30627676620511));
#4233=DIRECTION('',(0.0,-6.12323399573676E-17,1.0));
#4234=DIRECTION('',(0.0,-1.0,-6.12323399573676E-17));
#4235=SURFACE_STYLE_FILL_AREA(#7783);
#4236=ORIENTED_EDGE('',*,*,#7784,.T.);
#4237=ORIENTED_EDGE('',*,*,#7763,.T.);
#4238=ORIENTED_EDGE('',*,*,#7768,.T.);
#4239=ORIENTED_EDGE('',*,*,#7775,.T.);
#4240=ORIENTED_EDGE('',*,*,#7780,.T.);
#4241=ORIENTED_EDGE('',*,*,#7782,.T.);
#4242=ORIENTED_EDGE('',*,*,#7734,.F.);
#4243=ORIENTED_EDGE('',*,*,#7785,.T.);
#4244=CARTESIAN_POINT('',(2.825,-0.0499999999999999,-0.896));
#4245=DIRECTION('',(0.0,-1.0,-6.12323399573676E-17));
#4246=DIRECTION('',(0.0,-6.12323399573676E-17,1.0));
#4247=SURFACE_STYLE_FILL_AREA(#7786);
#4248=ORIENTED_EDGE('',*,*,#7787,.F.);
#4249=ORIENTED_EDGE('',*,*,#7785,.F.);
#4250=ORIENTED_EDGE('',*,*,#7733,.F.);
#4251=ORIENTED_EDGE('',*,*,#7788,.F.);
#4252=CARTESIAN_POINT('',(2.85,0.33,-1.276));
#4253=DIRECTION('',(1.0,0.0,-0.0));
#4254=DIRECTION('',(0.0,1.0,6.12323399573676E-17));
#4255=SURFACE_STYLE_FILL_AREA(#7789);
#4256=ORIENTED_EDGE('',*,*,#7790,.F.);
#4257=ORIENTED_EDGE('',*,*,#7729,.F.);
#4258=ORIENTED_EDGE('',*,*,#7791,.T.);
#4259=ORIENTED_EDGE('',*,*,#7771,.F.);
#4260=ORIENTED_EDGE('',*,*,#7776,.F.);
#4261=ORIENTED_EDGE('',*,*,#7769,.T.);
#4262=ORIENTED_EDGE('',*,*,#7764,.T.);
#4263=ORIENTED_EDGE('',*,*,#7784,.F.);
#4264=ORIENTED_EDGE('',*,*,#7787,.T.);
#4265=ORIENTED_EDGE('',*,*,#7792,.F.);
#4266=CARTESIAN_POINT('',(2.825,-0.0499999999999999,-1.15));
#4267=DIRECTION('',(1.0,0.0,0.0));
#4268=DIRECTION('',(0.0,6.12323399573676E-17,-1.0));
#4269=SURFACE_STYLE_FILL_AREA(#7793);
#4270=ORIENTED_EDGE('',*,*,#7791,.F.);
#4271=ORIENTED_EDGE('',*,*,#7728,.F.);
#4272=ORIENTED_EDGE('',*,*,#7739,.F.);
#4273=ORIENTED_EDGE('',*,*,#7772,.F.);
#4274=CARTESIAN_POINT('',(2.825,0.404000276407946,-1.35));
#4275=DIRECTION('',(-1.0,-0.0,0.0));
#4276=DIRECTION('',(0.0,-1.0,-6.12323399573676E-17));
#4277=SURFACE_STYLE_FILL_AREA(#7794);
#4278=ORIENTED_EDGE('',*,*,#7795,.F.);
#4279=ORIENTED_EDGE('',*,*,#7792,.T.);
#4280=ORIENTED_EDGE('',*,*,#7788,.T.);
#4281=ORIENTED_EDGE('',*,*,#7732,.F.);
#4282=CARTESIAN_POINT('',(2.85,2.37,-0.896));
#4283=DIRECTION('',(0.0,6.12323399573676E-17,-1.0));
#4284=DIRECTION('',(1.0,0.0,0.0));
#4285=SURFACE_STYLE_FILL_AREA(#7796);
#4286=ORIENTED_EDGE('',*,*,#7797,.F.);
#4287=ORIENTED_EDGE('',*,*,#7751,.F.);
#4288=ORIENTED_EDGE('',*,*,#7580,.T.);
#4289=ORIENTED_EDGE('',*,*,#7798,.T.);
#4290=CARTESIAN_POINT('',(2.85,4.446,-1.15));
#4291=DIRECTION('',(0.0,-6.12323399573676E-17,1.0));
#4292=DIRECTION('',(0.0,-1.0,-6.12323399573676E-17));
#4293=SURFACE_STYLE_FILL_AREA(#7799);
#4294=ORIENTED_EDGE('',*,*,#7800,.F.);
#4295=ORIENTED_EDGE('',*,*,#7801,.T.);
#4296=ORIENTED_EDGE('',*,*,#7802,.T.);
#4297=ORIENTED_EDGE('',*,*,#7803,.T.);
#4298=ORIENTED_EDGE('',*,*,#7804,.T.);
#4299=ORIENTED_EDGE('',*,*,#7805,.F.);
#4300=ORIENTED_EDGE('',*,*,#7749,.F.);
#4301=ORIENTED_EDGE('',*,*,#7806,.F.);
#4302=CARTESIAN_POINT('',(2.85,3.09807092006195,0.342088657690881));
#4303=DIRECTION('',(-0.0,-0.320472800413027,-0.947257717939227));
#4304=DIRECTION('',(-1.0,0.0,0.0));
#4305=SURFACE_STYLE_FILL_AREA(#7807);
#4306=ORIENTED_EDGE('',*,*,#7745,.F.);
#4307=ORIENTED_EDGE('',*,*,#7755,.T.);
#4308=ORIENTED_EDGE('',*,*,#7761,.F.);
#4309=ORIENTED_EDGE('',*,*,#7808,.F.);
#4310=ORIENTED_EDGE('',*,*,#7809,.T.);
#4311=ORIENTED_EDGE('',*,*,#7810,.T.);
#4312=CARTESIAN_POINT('',(2.85,3.97643376209665,0.622825340177581));
#4313=DIRECTION('',(-0.707106781186547,-0.245418700622769,0.663151311078123));
#4314=DIRECTION('',(-0.684072169757078,4.4663746297978E-17,-0.729414331202673));
#4315=SURFACE_STYLE_FILL_AREA(#7811);
#4316=ORIENTED_EDGE('',*,*,#7578,.T.);
#4317=ORIENTED_EDGE('',*,*,#7750,.F.);
#4318=ORIENTED_EDGE('',*,*,#7805,.T.);
#4319=ORIENTED_EDGE('',*,*,#7812,.T.);
#4320=CARTESIAN_POINT('',(2.85,4.446,-0.646));
#4321=DIRECTION('',(-1.0,-0.0,0.0));
#4322=DIRECTION('',(0.0,-1.0,-6.12323399573676E-17));
#4323=SURFACE_STYLE_FILL_AREA(#7813);
#4324=ORIENTED_EDGE('',*,*,#7814,.T.);
#4325=ORIENTED_EDGE('',*,*,#7815,.T.);
#4326=ORIENTED_EDGE('',*,*,#7808,.T.);
#4327=ORIENTED_EDGE('',*,*,#7760,.T.);
#4328=CARTESIAN_POINT('',(2.85,2.86892604789141,0.292930651127981));
#4329=DIRECTION('',(0.0,0.347074454880702,-0.937837578032179));
#4330=DIRECTION('',(1.0,0.0,0.0));
#4331=SURFACE_STYLE_FILL_AREA(#7816);
#4332=ORIENTED_EDGE('',*,*,#7817,.F.);
#4333=ORIENTED_EDGE('',*,*,#7798,.F.);
#4334=ORIENTED_EDGE('',*,*,#7579,.F.);
#4335=ORIENTED_EDGE('',*,*,#7812,.F.);
#4336=ORIENTED_EDGE('',*,*,#7804,.F.);
#4337=ORIENTED_EDGE('',*,*,#7818,.T.);
#4338=ORIENTED_EDGE('',*,*,#7819,.F.);
#4339=ORIENTED_EDGE('',*,*,#7569,.T.);
#4340=ORIENTED_EDGE('',*,*,#7820,.T.);
#4341=ORIENTED_EDGE('',*,*,#7821,.T.);
#4342=ORIENTED_EDGE('',*,*,#7822,.T.);
#4343=ORIENTED_EDGE('',*,*,#7823,.F.);
#4344=ORIENTED_EDGE('',*,*,#7824,.F.);
#4345=CARTESIAN_POINT('',(3.15,4.446,-0.646));
#4346=DIRECTION('',(-1.0,0.0,0.0));
#4347=DIRECTION('',(0.0,1.0,6.12323399573676E-17));
#4348=SURFACE_STYLE_FILL_AREA(#7825);
#4349=ORIENTED_EDGE('',*,*,#7759,.F.);
#4350=ORIENTED_EDGE('',*,*,#7826,.T.);
#4351=ORIENTED_EDGE('',*,*,#7821,.F.);
#4352=ORIENTED_EDGE('',*,*,#7827,.T.);
#4353=ORIENTED_EDGE('',*,*,#7828,.T.);
#4354=ORIENTED_EDGE('',*,*,#7814,.F.);
#4355=CARTESIAN_POINT('',(3.075,2.86892604789141,0.292930651127981));
#4356=DIRECTION('',(-0.707106781186546,0.245418700622769,-0.663151311078123));
#4357=DIRECTION('',(0.327887107426217,0.944716912510657,5.12556655262417E-17));
#4358=SURFACE_STYLE_FILL_AREA(#7829);
#4359=ORIENTED_EDGE('',*,*,#7575,.T.);
#4360=ORIENTED_EDGE('',*,*,#7830,.T.);
#4361=ORIENTED_EDGE('',*,*,#7800,.T.);
#4362=ORIENTED_EDGE('',*,*,#7831,.T.);
#4363=ORIENTED_EDGE('',*,*,#7747,.F.);
#4364=CARTESIAN_POINT('',(2.85,2.88334732391,0.335557248435241));
#4365=DIRECTION('',(-0.707106781186548,0.226608490357896,0.669812355886121));
#4366=DIRECTION('',(-0.687702291340512,4.44542384773946E-17,-0.725992808838359));
#4367=SURFACE_STYLE_FILL_AREA(#7832);
#4368=ORIENTED_EDGE('',*,*,#7806,.T.);
#4369=ORIENTED_EDGE('',*,*,#7748,.T.);
#4370=ORIENTED_EDGE('',*,*,#7831,.F.);
#4371=CARTESIAN_POINT('',(3.00000000000004,3.64672553325348,-2.40066279383548));
#4372=DIRECTION('',(-1.8285407645389E-14,-0.947257717939226,0.320472800413029));
#4373=DIRECTION('',(-1.03940508582747E-30,0.320472800413029,0.947257717939226));
#4374=SURFACE_STYLE_FILL_AREA(#7833);
#4375=ORIENTED_EDGE('',*,*,#7834,.T.);
#4376=ORIENTED_EDGE('',*,*,#7570,.T.);
#4377=ORIENTED_EDGE('',*,*,#7819,.T.);
#4378=ORIENTED_EDGE('',*,*,#7835,.F.);
#4379=ORIENTED_EDGE('',*,*,#7802,.F.);
#4380=CARTESIAN_POINT('',(3.15,2.88334732391,0.335557248435241));
#4381=DIRECTION('',(-0.707106781186548,-0.226608490357895,-0.66981235588612));
#4382=DIRECTION('',(-0.305184121338135,0.952293364506479,5.11871473712226E-17));
#4383=SURFACE_STYLE_FILL_AREA(#7836);
#4384=ORIENTED_EDGE('',*,*,#7803,.F.);
#4385=ORIENTED_EDGE('',*,*,#7835,.T.);
#4386=ORIENTED_EDGE('',*,*,#7818,.F.);
#4387=CARTESIAN_POINT('',(3.00000000000004,3.64672553325348,-2.40066279383548));
#4388=DIRECTION('',(-1.8285407645389E-14,-0.947257717939226,0.320472800413029));
#4389=DIRECTION('',(-1.03940508582747E-30,0.320472800413029,0.947257717939226));
#4390=SURFACE_STYLE_FILL_AREA(#7837);
#4391=ORIENTED_EDGE('',*,*,#7573,.T.);
#4392=ORIENTED_EDGE('',*,*,#7746,.F.);
#4393=ORIENTED_EDGE('',*,*,#7810,.F.);
#4394=ORIENTED_EDGE('',*,*,#7838,.F.);
#4395=CARTESIAN_POINT('',(3.12711014304249,3.04790470261809,0.348480811338431));
#4396=DIRECTION('',(0.685929791414468,-0.0102675118960543,0.727595285477832));
#4397=DIRECTION('',(-0.727633640712996,-4.20033002649031E-17,0.685965950250267));
#4398=SURFACE_STYLE_FILL_AREA(#7839);
#4399=ORIENTED_EDGE('',*,*,#7815,.F.);
#4400=ORIENTED_EDGE('',*,*,#7828,.F.);
#4401=ORIENTED_EDGE('',*,*,#7840,.F.);
#4402=ORIENTED_EDGE('',*,*,#7571,.F.);
#4403=ORIENTED_EDGE('',*,*,#7834,.F.);
#4404=ORIENTED_EDGE('',*,*,#7801,.F.);
#4405=ORIENTED_EDGE('',*,*,#7830,.F.);
#4406=ORIENTED_EDGE('',*,*,#7574,.T.);
#4407=ORIENTED_EDGE('',*,*,#7838,.T.);
#4408=ORIENTED_EDGE('',*,*,#7809,.F.);
#4409=CARTESIAN_POINT('',(2.85,3.05,0.2));
#4410=DIRECTION('',(-1.0,-0.0,0.0));
#4411=DIRECTION('',(0.0,-1.0,-6.12323399573676E-17));
#4412=SURFACE_STYLE_FILL_AREA(#7841);
#4413=ORIENTED_EDGE('',*,*,#7568,.T.);
#4414=ORIENTED_EDGE('',*,*,#7840,.T.);
#4415=ORIENTED_EDGE('',*,*,#7827,.F.);
#4416=ORIENTED_EDGE('',*,*,#7820,.F.);
#4417=CARTESIAN_POINT('',(3.00856102929858,3.0499355305445,0.20456855296129));
#4418=DIRECTION('',(-0.685929791414468,-0.0102675118960516,0.727595285477833));
#4419=DIRECTION('',(-0.727633640712996,4.10533645888523E-17,-0.685965950250266));
#4420=SURFACE_STYLE_FILL_AREA(#7842);
#4421=ORIENTED_EDGE('',*,*,#7843,.F.);
#4422=ORIENTED_EDGE('',*,*,#7822,.F.);
#4423=ORIENTED_EDGE('',*,*,#7826,.F.);
#4424=ORIENTED_EDGE('',*,*,#7758,.F.);
#4425=CARTESIAN_POINT('',(3.1,2.87334557853302,0.14997447690347));
#4426=DIRECTION('',(0.0,-0.320472800413029,-0.947257717939226));
#4427=DIRECTION('',(0.0,-0.947257717939226,0.320472800413029));
#4428=SURFACE_STYLE_FILL_AREA(#7844);
#4429=ORIENTED_EDGE('',*,*,#7741,.T.);
#4430=ORIENTED_EDGE('',*,*,#7797,.T.);
#4431=ORIENTED_EDGE('',*,*,#7817,.T.);
#4432=ORIENTED_EDGE('',*,*,#7845,.T.);
#4433=ORIENTED_EDGE('',*,*,#7846,.F.);
#4434=ORIENTED_EDGE('',*,*,#7847,.F.);
#4435=ORIENTED_EDGE('',*,*,#7848,.F.);
#4436=ORIENTED_EDGE('',*,*,#7849,.T.);
#4437=CARTESIAN_POINT('',(2.78,4.35,-0.749807692307691));
#4438=DIRECTION('',(6.12323399573676E-17,-1.0,-6.12323399573676E-17));
#4439=DIRECTION('',(0.0,6.12323399573676E-17,-1.0));
#4440=SURFACE_STYLE_FILL_AREA(#7850);
#4441=ORIENTED_EDGE('',*,*,#7824,.T.);
#4442=ORIENTED_EDGE('',*,*,#7851,.F.);
#4443=ORIENTED_EDGE('',*,*,#7852,.F.);
#4444=ORIENTED_EDGE('',*,*,#7845,.F.);
#4445=CARTESIAN_POINT('',(2.78,3.725,-0.0950000000000086));
#4446=DIRECTION('',(9.20162547668843E-18,-0.150273948098259,-0.988644395383376));
#4447=DIRECTION('',(-6.05370097150611E-17,0.988644395383376,-0.150273948098259));
#4448=SURFACE_STYLE_FILL_AREA(#7853);
#4449=ORIENTED_EDGE('',*,*,#7854,.F.);
#4450=ORIENTED_EDGE('',*,*,#7855,.F.);
#4451=ORIENTED_EDGE('',*,*,#7856,.T.);
#4452=ORIENTED_EDGE('',*,*,#7857,.T.);
#4453=CARTESIAN_POINT('',(0.849999999999997,4.446,-1.15));
#4454=DIRECTION('',(0.0,-6.12323399573676E-17,1.0));
#4455=DIRECTION('',(0.0,-1.0,-6.12323399573676E-17));
#4456=SURFACE_STYLE_FILL_AREA(#7858);
#4457=ORIENTED_EDGE('',*,*,#7859,.F.);
#4458=ORIENTED_EDGE('',*,*,#7860,.T.);
#4459=ORIENTED_EDGE('',*,*,#7861,.T.);
#4460=ORIENTED_EDGE('',*,*,#7862,.T.);
#4461=ORIENTED_EDGE('',*,*,#7863,.T.);
#4462=ORIENTED_EDGE('',*,*,#7864,.T.);
#4463=ORIENTED_EDGE('',*,*,#7865,.T.);
#4464=ORIENTED_EDGE('',*,*,#7866,.T.);
#4465=ORIENTED_EDGE('',*,*,#7867,.T.);
#4466=ORIENTED_EDGE('',*,*,#7855,.T.);
#4467=CARTESIAN_POINT('',(1.175,-0.0499999999999999,-1.15));
#4468=DIRECTION('',(1.0,0.0,0.0));
#4469=DIRECTION('',(0.0,6.12323399573676E-17,-1.0));
#4470=SURFACE_STYLE_FILL_AREA(#7868);
#4471=ORIENTED_EDGE('',*,*,#7869,.F.);
#4472=ORIENTED_EDGE('',*,*,#7870,.F.);
#4473=ORIENTED_EDGE('',*,*,#7871,.F.);
#4474=ORIENTED_EDGE('',*,*,#7872,.T.);
#4475=ORIENTED_EDGE('',*,*,#7873,.T.);
#4476=ORIENTED_EDGE('',*,*,#7874,.T.);
#4477=ORIENTED_EDGE('',*,*,#7561,.T.);
#4478=ORIENTED_EDGE('',*,*,#7875,.T.);
#4479=ORIENTED_EDGE('',*,*,#7876,.F.);
#4480=ORIENTED_EDGE('',*,*,#7877,.T.);
#4481=ORIENTED_EDGE('',*,*,#7878,.T.);
#4482=ORIENTED_EDGE('',*,*,#7566,.T.);
#4483=ORIENTED_EDGE('',*,*,#7879,.T.);
#4484=CARTESIAN_POINT('',(0.849999999999997,4.446,-0.646));
#4485=DIRECTION('',(-1.0,0.0,0.0));
#4486=DIRECTION('',(0.0,1.0,6.12323399573676E-17));
#4487=SURFACE_STYLE_FILL_AREA(#7880);
#4488=ORIENTED_EDGE('',*,*,#7881,.F.);
#4489=ORIENTED_EDGE('',*,*,#7882,.F.);
#4490=ORIENTED_EDGE('',*,*,#7883,.F.);
#4491=ORIENTED_EDGE('',*,*,#7872,.F.);
#4492=CARTESIAN_POINT('',(0.899999999999997,2.79322737842976,-0.08683995258133));
#4493=DIRECTION('',(0.0,0.320472800413029,0.947257717939226));
#4494=DIRECTION('',(0.0,0.947257717939226,-0.320472800413029));
#4495=SURFACE_STYLE_FILL_AREA(#7884);
#4496=ORIENTED_EDGE('',*,*,#7885,.F.);
#4497=ORIENTED_EDGE('',*,*,#7886,.T.);
#4498=ORIENTED_EDGE('',*,*,#7887,.T.);
#4499=ORIENTED_EDGE('',*,*,#7888,.F.);
#4500=ORIENTED_EDGE('',*,*,#7889,.T.);
#4501=ORIENTED_EDGE('',*,*,#7882,.T.);
#4502=CARTESIAN_POINT('',(0.849999999999997,2.82598269263606,0.16599811692412));
#4503=DIRECTION('',(0.0,0.947257717939226,-0.320472800413029));
#4504=DIRECTION('',(1.0,0.0,0.0));
#4505=SURFACE_STYLE_FILL_AREA(#7890);
#4506=ORIENTED_EDGE('',*,*,#7891,.F.);
#4507=ORIENTED_EDGE('',*,*,#7892,.F.);
#4508=ORIENTED_EDGE('',*,*,#7893,.T.);
#4509=CARTESIAN_POINT('',(0.824999999999997,-0.0499999999999999,-1.31362636043255));
#4510=DIRECTION('',(0.0,-6.12323399573676E-17,1.0));
#4511=DIRECTION('',(0.0,-1.0,-6.12323399573676E-17));
#4512=SURFACE_STYLE_FILL_AREA(#7894);
#4513=ORIENTED_EDGE('',*,*,#7895,.F.);
#4514=ORIENTED_EDGE('',*,*,#7896,.F.);
#4515=ORIENTED_EDGE('',*,*,#7893,.F.);
#4516=ORIENTED_EDGE('',*,*,#7897,.F.);
#4517=CARTESIAN_POINT('',(0.899999999999997,-0.0499999999999999,-0.896));
#4518=DIRECTION('',(-0.707106781186547,-0.707106781186547,-4.32978028117747E-17));
#4519=DIRECTION('',(-0.707106781186547,0.707106781186547,4.32978028117747E-17));
#4520=SURFACE_STYLE_FILL_AREA(#7898);
#4521=ORIENTED_EDGE('',*,*,#7899,.T.);
#4522=ORIENTED_EDGE('',*,*,#7900,.T.);
#4523=ORIENTED_EDGE('',*,*,#7866,.F.);
#4524=ORIENTED_EDGE('',*,*,#7901,.F.);
#4525=CARTESIAN_POINT('',(0.824999999999997,0.204000276407946,-2.50000038649554));
#4526=DIRECTION('',(-0.0,1.0,6.12323399573676E-17));
#4527=DIRECTION('',(1.0,0.0,0.0));
#4528=SURFACE_STYLE_FILL_AREA(#7902);
#4529=ORIENTED_EDGE('',*,*,#7903,.F.);
#4530=ORIENTED_EDGE('',*,*,#7895,.T.);
#4531=ORIENTED_EDGE('',*,*,#7904,.T.);
#4532=ORIENTED_EDGE('',*,*,#7901,.T.);
#4533=ORIENTED_EDGE('',*,*,#7865,.F.);
#4534=ORIENTED_EDGE('',*,*,#7905,.T.);
#4535=CARTESIAN_POINT('',(0.824999999999997,-0.0499997235920554,-2.50000038649554));
#4536=DIRECTION('',(0.0,6.12323399573676E-17,-1.0));
#4537=DIRECTION('',(1.0,0.0,0.0));
#4538=SURFACE_STYLE_FILL_AREA(#7906);
#4539=ORIENTED_EDGE('',*,*,#7905,.F.);
#4540=ORIENTED_EDGE('',*,*,#7864,.F.);
#4541=ORIENTED_EDGE('',*,*,#7907,.F.);
#4542=ORIENTED_EDGE('',*,*,#7908,.F.);
#4543=CARTESIAN_POINT('',(1.175,0.0250000000000001,-1.15));
#4544=DIRECTION('',(-0.707106781186548,0.707106781186548,4.32978028117747E-17));
#4545=DIRECTION('',(0.0,6.12323399573676E-17,-1.0));
#4546=SURFACE_STYLE_FILL_AREA(#7909);
#4547=ORIENTED_EDGE('',*,*,#7863,.F.);
#4548=ORIENTED_EDGE('',*,*,#7910,.F.);
#4549=ORIENTED_EDGE('',*,*,#7907,.T.);
#4550=CARTESIAN_POINT('',(1.175,-0.0499999999999999,-1.30627676620511));
#4551=DIRECTION('',(0.0,-6.12323399573676E-17,1.0));
#4552=DIRECTION('',(0.0,-1.0,-6.12323399573676E-17));
#4553=SURFACE_STYLE_FILL_AREA(#7911);
#4554=ORIENTED_EDGE('',*,*,#7912,.T.);
#4555=ORIENTED_EDGE('',*,*,#7891,.T.);
#4556=ORIENTED_EDGE('',*,*,#7896,.T.);
#4557=ORIENTED_EDGE('',*,*,#7903,.T.);
#4558=ORIENTED_EDGE('',*,*,#7908,.T.);
#4559=ORIENTED_EDGE('',*,*,#7910,.T.);
#4560=ORIENTED_EDGE('',*,*,#7862,.F.);
#4561=ORIENTED_EDGE('',*,*,#7913,.T.);
#4562=CARTESIAN_POINT('',(0.824999999999997,-0.0499999999999999,-0.896));
#4563=DIRECTION('',(0.0,-1.0,-6.12323399573676E-17));
#4564=DIRECTION('',(0.0,-6.12323399573676E-17,1.0));
#4565=SURFACE_STYLE_FILL_AREA(#7914);
#4566=ORIENTED_EDGE('',*,*,#7915,.F.);
#4567=ORIENTED_EDGE('',*,*,#7913,.F.);
#4568=ORIENTED_EDGE('',*,*,#7861,.F.);
#4569=ORIENTED_EDGE('',*,*,#7916,.F.);
#4570=CARTESIAN_POINT('',(0.849999999999997,0.33,-1.276));
#4571=DIRECTION('',(1.0,0.0,-0.0));
#4572=DIRECTION('',(0.0,1.0,6.12323399573676E-17));
#4573=SURFACE_STYLE_FILL_AREA(#7917);
#4574=ORIENTED_EDGE('',*,*,#7918,.F.);
#4575=ORIENTED_EDGE('',*,*,#7857,.F.);
#4576=ORIENTED_EDGE('',*,*,#7919,.T.);
#4577=ORIENTED_EDGE('',*,*,#7899,.F.);
#4578=ORIENTED_EDGE('',*,*,#7904,.F.);
#4579=ORIENTED_EDGE('',*,*,#7897,.T.);
#4580=ORIENTED_EDGE('',*,*,#7892,.T.);
#4581=ORIENTED_EDGE('',*,*,#7912,.F.);
#4582=ORIENTED_EDGE('',*,*,#7915,.T.);
#4583=ORIENTED_EDGE('',*,*,#7920,.F.);
#4584=CARTESIAN_POINT('',(0.824999999999997,-0.0499999999999999,-1.15));
#4585=DIRECTION('',(1.0,0.0,0.0));
#4586=DIRECTION('',(0.0,6.12323399573676E-17,-1.0));
#4587=SURFACE_STYLE_FILL_AREA(#7921);
#4588=ORIENTED_EDGE('',*,*,#7919,.F.);
#4589=ORIENTED_EDGE('',*,*,#7856,.F.);
#4590=ORIENTED_EDGE('',*,*,#7867,.F.);
#4591=ORIENTED_EDGE('',*,*,#7900,.F.);
#4592=CARTESIAN_POINT('',(0.824999999999997,0.404000276407946,-1.35));
#4593=DIRECTION('',(-1.0,-0.0,0.0));
#4594=DIRECTION('',(0.0,-1.0,-6.12323399573676E-17));
#4595=SURFACE_STYLE_FILL_AREA(#7922);
#4596=ORIENTED_EDGE('',*,*,#7923,.F.);
#4597=ORIENTED_EDGE('',*,*,#7920,.T.);
#4598=ORIENTED_EDGE('',*,*,#7916,.T.);
#4599=ORIENTED_EDGE('',*,*,#7860,.F.);
#4600=CARTESIAN_POINT('',(0.849999999999997,2.37,-0.896));
#4601=DIRECTION('',(0.0,6.12323399573676E-17,-1.0));
#4602=DIRECTION('',(1.0,0.0,0.0));
#4603=SURFACE_STYLE_FILL_AREA(#7924);
#4604=ORIENTED_EDGE('',*,*,#7925,.F.);
#4605=ORIENTED_EDGE('',*,*,#7879,.F.);
#4606=ORIENTED_EDGE('',*,*,#7565,.T.);
#4607=ORIENTED_EDGE('',*,*,#7926,.T.);
#4608=CARTESIAN_POINT('',(0.849999999999997,4.446,-1.15));
#4609=DIRECTION('',(0.0,-6.12323399573676E-17,1.0));
#4610=DIRECTION('',(0.0,-1.0,-6.12323399573676E-17));
#4611=SURFACE_STYLE_FILL_AREA(#7927);
#4612=ORIENTED_EDGE('',*,*,#7928,.F.);
#4613=ORIENTED_EDGE('',*,*,#7929,.T.);
#4614=ORIENTED_EDGE('',*,*,#7930,.T.);
#4615=ORIENTED_EDGE('',*,*,#7931,.T.);
#4616=ORIENTED_EDGE('',*,*,#7932,.T.);
#4617=ORIENTED_EDGE('',*,*,#7933,.F.);
#4618=ORIENTED_EDGE('',*,*,#7877,.F.);
#4619=ORIENTED_EDGE('',*,*,#7934,.F.);
#4620=CARTESIAN_POINT('',(0.849999999999997,3.09807092006195,0.342088657690881));
#4621=DIRECTION('',(-0.0,-0.320472800413027,-0.947257717939227));
#4622=DIRECTION('',(-1.0,0.0,0.0));
#4623=SURFACE_STYLE_FILL_AREA(#7935);
#4624=ORIENTED_EDGE('',*,*,#7873,.F.);
#4625=ORIENTED_EDGE('',*,*,#7883,.T.);
#4626=ORIENTED_EDGE('',*,*,#7889,.F.);
#4627=ORIENTED_EDGE('',*,*,#7936,.F.);
#4628=ORIENTED_EDGE('',*,*,#7937,.T.);
#4629=ORIENTED_EDGE('',*,*,#7938,.T.);
#4630=CARTESIAN_POINT('',(0.849999999999997,3.97643376209665,0.622825340177581));
#4631=DIRECTION('',(-0.707106781186547,-0.245418700622769,0.663151311078123));
#4632=DIRECTION('',(-0.684072169757078,4.4663746297978E-17,-0.729414331202673));
#4633=SURFACE_STYLE_FILL_AREA(#7939);
#4634=ORIENTED_EDGE('',*,*,#7563,.T.);
#4635=ORIENTED_EDGE('',*,*,#7878,.F.);
#4636=ORIENTED_EDGE('',*,*,#7933,.T.);
#4637=ORIENTED_EDGE('',*,*,#7940,.T.);
#4638=CARTESIAN_POINT('',(0.849999999999997,4.446,-0.646));
#4639=DIRECTION('',(-1.0,-0.0,0.0));
#4640=DIRECTION('',(0.0,-1.0,-6.12323399573676E-17));
#4641=SURFACE_STYLE_FILL_AREA(#7941);
#4642=ORIENTED_EDGE('',*,*,#7942,.T.);
#4643=ORIENTED_EDGE('',*,*,#7943,.T.);
#4644=ORIENTED_EDGE('',*,*,#7936,.T.);
#4645=ORIENTED_EDGE('',*,*,#7888,.T.);
#4646=CARTESIAN_POINT('',(0.849999999999997,2.86892604789141,0.292930651127981));
#4647=DIRECTION('',(0.0,0.347074454880702,-0.937837578032179));
#4648=DIRECTION('',(1.0,0.0,0.0));
#4649=SURFACE_STYLE_FILL_AREA(#7944);
#4650=ORIENTED_EDGE('',*,*,#7945,.F.);
#4651=ORIENTED_EDGE('',*,*,#7926,.F.);
#4652=ORIENTED_EDGE('',*,*,#7564,.F.);
#4653=ORIENTED_EDGE('',*,*,#7940,.F.);
#4654=ORIENTED_EDGE('',*,*,#7932,.F.);
#4655=ORIENTED_EDGE('',*,*,#7946,.T.);
#4656=ORIENTED_EDGE('',*,*,#7947,.F.);
#4657=ORIENTED_EDGE('',*,*,#7554,.T.);
#4658=ORIENTED_EDGE('',*,*,#7948,.T.);
#4659=ORIENTED_EDGE('',*,*,#7949,.T.);
#4660=ORIENTED_EDGE('',*,*,#7950,.T.);
#4661=ORIENTED_EDGE('',*,*,#7951,.F.);
#4662=ORIENTED_EDGE('',*,*,#7952,.F.);
#4663=CARTESIAN_POINT('',(1.15,4.446,-0.646));
#4664=DIRECTION('',(-1.0,0.0,0.0));
#4665=DIRECTION('',(0.0,1.0,6.12323399573676E-17));
#4666=SURFACE_STYLE_FILL_AREA(#7953);
#4667=ORIENTED_EDGE('',*,*,#7887,.F.);
#4668=ORIENTED_EDGE('',*,*,#7954,.T.);
#4669=ORIENTED_EDGE('',*,*,#7949,.F.);
#4670=ORIENTED_EDGE('',*,*,#7955,.T.);
#4671=ORIENTED_EDGE('',*,*,#7956,.T.);
#4672=ORIENTED_EDGE('',*,*,#7942,.F.);
#4673=CARTESIAN_POINT('',(1.075,2.86892604789141,0.292930651127981));
#4674=DIRECTION('',(-0.707106781186546,0.245418700622769,-0.663151311078123));
#4675=DIRECTION('',(0.327887107426217,0.944716912510657,5.12556655262417E-17));
#4676=SURFACE_STYLE_FILL_AREA(#7957);
#4677=ORIENTED_EDGE('',*,*,#7560,.T.);
#4678=ORIENTED_EDGE('',*,*,#7958,.T.);
#4679=ORIENTED_EDGE('',*,*,#7928,.T.);
#4680=ORIENTED_EDGE('',*,*,#7959,.T.);
#4681=ORIENTED_EDGE('',*,*,#7875,.F.);
#4682=CARTESIAN_POINT('',(0.85,2.88334732391,0.335557248435241));
#4683=DIRECTION('',(-0.707106781186548,0.226608490357896,0.669812355886121));
#4684=DIRECTION('',(-0.687702291340512,4.44542384773946E-17,-0.725992808838359));
#4685=SURFACE_STYLE_FILL_AREA(#7960);
#4686=ORIENTED_EDGE('',*,*,#7934,.T.);
#4687=ORIENTED_EDGE('',*,*,#7876,.T.);
#4688=ORIENTED_EDGE('',*,*,#7959,.F.);
#4689=CARTESIAN_POINT('',(1.00000000000004,3.64672553325348,-2.40066279383548));
#4690=DIRECTION('',(-1.8285407645389E-14,-0.947257717939226,0.320472800413029));
#4691=DIRECTION('',(-1.03940508582747E-30,0.320472800413029,0.947257717939226));
#4692=SURFACE_STYLE_FILL_AREA(#7961);
#4693=ORIENTED_EDGE('',*,*,#7962,.T.);
#4694=ORIENTED_EDGE('',*,*,#7555,.T.);
#4695=ORIENTED_EDGE('',*,*,#7947,.T.);
#4696=ORIENTED_EDGE('',*,*,#7963,.F.);
#4697=ORIENTED_EDGE('',*,*,#7930,.F.);
#4698=CARTESIAN_POINT('',(1.15,2.88334732391,0.335557248435241));
#4699=DIRECTION('',(-0.707106781186548,-0.226608490357895,-0.66981235588612));
#4700=DIRECTION('',(-0.305184121338135,0.952293364506479,5.11871473712226E-17));
#4701=SURFACE_STYLE_FILL_AREA(#7964);
#4702=ORIENTED_EDGE('',*,*,#7931,.F.);
#4703=ORIENTED_EDGE('',*,*,#7963,.T.);
#4704=ORIENTED_EDGE('',*,*,#7946,.F.);
#4705=CARTESIAN_POINT('',(1.00000000000004,3.64672553325348,-2.40066279383548));
#4706=DIRECTION('',(-1.8285407645389E-14,-0.947257717939226,0.320472800413029));
#4707=DIRECTION('',(-1.03940508582747E-30,0.320472800413029,0.947257717939226));
#4708=SURFACE_STYLE_FILL_AREA(#7965);
#4709=ORIENTED_EDGE('',*,*,#7558,.T.);
#4710=ORIENTED_EDGE('',*,*,#7874,.F.);
#4711=ORIENTED_EDGE('',*,*,#7938,.F.);
#4712=ORIENTED_EDGE('',*,*,#7966,.F.);
#4713=CARTESIAN_POINT('',(1.12711014304249,3.04790470261809,0.348480811338431));
#4714=DIRECTION('',(0.685929791414468,-0.0102675118960543,0.727595285477832));
#4715=DIRECTION('',(-0.727633640712996,-4.20033002649031E-17,0.685965950250267));
#4716=SURFACE_STYLE_FILL_AREA(#7967);
#4717=ORIENTED_EDGE('',*,*,#7943,.F.);
#4718=ORIENTED_EDGE('',*,*,#7956,.F.);
#4719=ORIENTED_EDGE('',*,*,#7968,.F.);
#4720=ORIENTED_EDGE('',*,*,#7556,.F.);
#4721=ORIENTED_EDGE('',*,*,#7962,.F.);
#4722=ORIENTED_EDGE('',*,*,#7929,.F.);
#4723=ORIENTED_EDGE('',*,*,#7958,.F.);
#4724=ORIENTED_EDGE('',*,*,#7559,.T.);
#4725=ORIENTED_EDGE('',*,*,#7966,.T.);
#4726=ORIENTED_EDGE('',*,*,#7937,.F.);
#4727=CARTESIAN_POINT('',(0.849999999999997,3.05,0.2));
#4728=DIRECTION('',(-1.0,-0.0,0.0));
#4729=DIRECTION('',(0.0,-1.0,-6.12323399573676E-17));
#4730=SURFACE_STYLE_FILL_AREA(#7969);
#4731=ORIENTED_EDGE('',*,*,#7553,.T.);
#4732=ORIENTED_EDGE('',*,*,#7968,.T.);
#4733=ORIENTED_EDGE('',*,*,#7955,.F.);
#4734=ORIENTED_EDGE('',*,*,#7948,.F.);
#4735=CARTESIAN_POINT('',(1.00856102929858,3.0499355305445,0.20456855296129));
#4736=DIRECTION('',(-0.685929791414468,-0.0102675118960516,0.727595285477833));
#4737=DIRECTION('',(-0.727633640712996,4.10533645888523E-17,-0.685965950250266));
#4738=SURFACE_STYLE_FILL_AREA(#7970);
#4739=ORIENTED_EDGE('',*,*,#7971,.F.);
#4740=ORIENTED_EDGE('',*,*,#7950,.F.);
#4741=ORIENTED_EDGE('',*,*,#7954,.F.);
#4742=ORIENTED_EDGE('',*,*,#7886,.F.);
#4743=CARTESIAN_POINT('',(1.1,2.87334557853302,0.14997447690347));
#4744=DIRECTION('',(0.0,-0.320472800413029,-0.947257717939226));
#4745=DIRECTION('',(0.0,-0.947257717939226,0.320472800413029));
#4746=SURFACE_STYLE_FILL_AREA(#7972);
#4747=ORIENTED_EDGE('',*,*,#7869,.T.);
#4748=ORIENTED_EDGE('',*,*,#7925,.T.);
#4749=ORIENTED_EDGE('',*,*,#7945,.T.);
#4750=ORIENTED_EDGE('',*,*,#7973,.T.);
#4751=ORIENTED_EDGE('',*,*,#7974,.F.);
#4752=ORIENTED_EDGE('',*,*,#7975,.F.);
#4753=ORIENTED_EDGE('',*,*,#7976,.F.);
#4754=ORIENTED_EDGE('',*,*,#7977,.T.);
#4755=CARTESIAN_POINT('',(0.78,4.35,-0.749807692307691));
#4756=DIRECTION('',(6.12323399573676E-17,-1.0,-6.12323399573676E-17));
#4757=DIRECTION('',(0.0,6.12323399573676E-17,-1.0));
#4758=SURFACE_STYLE_FILL_AREA(#7978);
#4759=ORIENTED_EDGE('',*,*,#7952,.T.);
#4760=ORIENTED_EDGE('',*,*,#7979,.F.);
#4761=ORIENTED_EDGE('',*,*,#7980,.F.);
#4762=ORIENTED_EDGE('',*,*,#7973,.F.);
#4763=CARTESIAN_POINT('',(0.78,3.725,-0.0950000000000086));
#4764=DIRECTION('',(9.20162547668843E-18,-0.150273948098259,-0.988644395383376));
#4765=DIRECTION('',(-6.05370097150611E-17,0.988644395383376,-0.150273948098259));
#4766=SURFACE_STYLE_FILL_AREA(#7981);
#4767=ORIENTED_EDGE('',*,*,#7982,.F.);
#4768=ORIENTED_EDGE('',*,*,#7983,.T.);
#4769=ORIENTED_EDGE('',*,*,#7984,.T.);
#4770=ORIENTED_EDGE('',*,*,#7985,.F.);
#4771=ORIENTED_EDGE('',*,*,#7986,.T.);
#4772=ORIENTED_EDGE('',*,*,#7987,.T.);
#4773=ORIENTED_EDGE('',*,*,#7988,.T.);
#4774=ORIENTED_EDGE('',*,*,#7989,.T.);
#4775=ORIENTED_EDGE('',*,*,#7990,.T.);
#4776=ORIENTED_EDGE('',*,*,#7991,.T.);
#4777=ORIENTED_EDGE('',*,*,#7992,.T.);
#4778=ORIENTED_EDGE('',*,*,#7993,.F.);
#4779=ORIENTED_EDGE('',*,*,#7994,.T.);
#4780=ORIENTED_EDGE('',*,*,#7995,.T.);
#4781=CARTESIAN_POINT('',(3.825,-0.199999510837336,1.9999991418601));
#4782=DIRECTION('',(1.0,0.0,0.0));
#4783=DIRECTION('',(0.0,6.12323399573676E-17,-1.0));
#4784=SURFACE_STYLE_FILL_AREA(#7996);
#4785=ORIENTED_EDGE('',*,*,#7997,.F.);
#4786=ORIENTED_EDGE('',*,*,#7998,.F.);
#4787=ORIENTED_EDGE('',*,*,#7999,.T.);
#4788=ORIENTED_EDGE('',*,*,#7983,.F.);
#4789=CARTESIAN_POINT('',(3.825,-0.199999510837336,-0.01));
#4790=DIRECTION('',(0.0,6.12323399573676E-17,-1.0));
#4791=DIRECTION('',(1.0,0.0,0.0));
#4792=SURFACE_STYLE_FILL_AREA(#8000);
#4793=ORIENTED_EDGE('',*,*,#8001,.F.);
#4794=ORIENTED_EDGE('',*,*,#8002,.T.);
#4795=ORIENTED_EDGE('',*,*,#8003,.F.);
#4796=ORIENTED_EDGE('',*,*,#7998,.T.);
#4797=CARTESIAN_POINT('',(3.725,-0.0499999999999999,-0.896));
#4798=DIRECTION('',(-1.0,0.0,0.0));
#4799=DIRECTION('',(0.0,1.0,6.12323399573676E-17));
#4800=SURFACE_STYLE_FILL_AREA(#8004);
#4801=ORIENTED_EDGE('',*,*,#8005,.F.);
#4802=ORIENTED_EDGE('',*,*,#8006,.F.);
#4803=ORIENTED_EDGE('',*,*,#8007,.F.);
#4804=ORIENTED_EDGE('',*,*,#8002,.F.);
#4805=CARTESIAN_POINT('',(3.725,0.846000489162664,-0.7));
#4806=DIRECTION('',(1.0,0.0,-0.0));
#4807=DIRECTION('',(0.0,1.0,6.12323399573676E-17));
#4808=SURFACE_STYLE_FILL_AREA(#8008);
#4809=ORIENTED_EDGE('',*,*,#8009,.F.);
#4810=ORIENTED_EDGE('',*,*,#8010,.F.);
#4811=ORIENTED_EDGE('',*,*,#8011,.F.);
#4812=ORIENTED_EDGE('',*,*,#8012,.T.);
#4813=ORIENTED_EDGE('',*,*,#8013,.T.);
#4814=ORIENTED_EDGE('',*,*,#8014,.T.);
#4815=ORIENTED_EDGE('',*,*,#7546,.T.);
#4816=ORIENTED_EDGE('',*,*,#8015,.T.);
#4817=ORIENTED_EDGE('',*,*,#8016,.F.);
#4818=ORIENTED_EDGE('',*,*,#8017,.T.);
#4819=ORIENTED_EDGE('',*,*,#8018,.T.);
#4820=ORIENTED_EDGE('',*,*,#7541,.T.);
#4821=ORIENTED_EDGE('',*,*,#8019,.T.);
#4822=CARTESIAN_POINT('',(3.85,4.446,-0.646));
#4823=DIRECTION('',(-1.0,0.0,0.0));
#4824=DIRECTION('',(0.0,1.0,6.12323399573676E-17));
#4825=SURFACE_STYLE_FILL_AREA(#8020);
#4826=ORIENTED_EDGE('',*,*,#8021,.F.);
#4827=ORIENTED_EDGE('',*,*,#8022,.F.);
#4828=ORIENTED_EDGE('',*,*,#8023,.F.);
#4829=ORIENTED_EDGE('',*,*,#8012,.F.);
#4830=CARTESIAN_POINT('',(3.9,2.79322737842976,-0.08683995258133));
#4831=DIRECTION('',(0.0,0.320472800413029,0.947257717939226));
#4832=DIRECTION('',(0.0,0.947257717939226,-0.320472800413029));
#4833=SURFACE_STYLE_FILL_AREA(#8024);
#4834=ORIENTED_EDGE('',*,*,#8025,.F.);
#4835=ORIENTED_EDGE('',*,*,#8026,.T.);
#4836=ORIENTED_EDGE('',*,*,#8027,.T.);
#4837=ORIENTED_EDGE('',*,*,#8028,.F.);
#4838=ORIENTED_EDGE('',*,*,#8029,.T.);
#4839=ORIENTED_EDGE('',*,*,#8022,.T.);
#4840=CARTESIAN_POINT('',(3.85,2.82598269263606,0.16599811692412));
#4841=DIRECTION('',(0.0,0.947257717939226,-0.320472800413029));
#4842=DIRECTION('',(1.0,0.0,0.0));
#4843=SURFACE_STYLE_FILL_AREA(#8030);
#4844=ORIENTED_EDGE('',*,*,#8031,.F.);
#4845=ORIENTED_EDGE('',*,*,#7990,.F.);
#4846=ORIENTED_EDGE('',*,*,#8032,.F.);
#4847=ORIENTED_EDGE('',*,*,#8033,.F.);
#4848=CARTESIAN_POINT('',(3.825,0.0250004891626638,1.9999991418601));
#4849=DIRECTION('',(-0.707106781186547,-0.707106781186547,-4.32978028117747E-17));
#4850=DIRECTION('',(-0.707106781186547,0.707106781186547,4.32978028117747E-17));
#4851=SURFACE_STYLE_FILL_AREA(#8034);
#4852=ORIENTED_EDGE('',*,*,#7989,.F.);
#4853=ORIENTED_EDGE('',*,*,#8035,.F.);
#4854=ORIENTED_EDGE('',*,*,#8032,.T.);
#4855=CARTESIAN_POINT('',(3.9,0.0250004891626641,0.749668952091811));
#4856=DIRECTION('',(0.0,-6.12323399573676E-17,1.0));
#4857=DIRECTION('',(0.0,-1.0,-6.12323399573676E-17));
#4858=SURFACE_STYLE_FILL_AREA(#8036);
#4859=ORIENTED_EDGE('',*,*,#8037,.F.);
#4860=ORIENTED_EDGE('',*,*,#8038,.T.);
#4861=ORIENTED_EDGE('',*,*,#7992,.F.);
#4862=ORIENTED_EDGE('',*,*,#8039,.T.);
#4863=CARTESIAN_POINT('',(3.725,0.204000489162664,0.52));
#4864=DIRECTION('',(-0.0,1.0,6.12323399573676E-17));
#4865=DIRECTION('',(1.0,0.0,0.0));
#4866=SURFACE_STYLE_FILL_AREA(#8040);
#4867=ORIENTED_EDGE('',*,*,#8038,.F.);
#4868=ORIENTED_EDGE('',*,*,#8041,.T.);
#4869=ORIENTED_EDGE('',*,*,#8042,.F.);
#4870=ORIENTED_EDGE('',*,*,#7993,.T.);
#4871=CARTESIAN_POINT('',(3.725,0.254000489162664,0.57));
#4872=DIRECTION('',(1.0,0.0,-0.0));
#4873=DIRECTION('',(0.0,1.0,6.12323399573676E-17));
#4874=SURFACE_STYLE_FILL_AREA(#8043);
#4875=ORIENTED_EDGE('',*,*,#8044,.F.);
#4876=ORIENTED_EDGE('',*,*,#8045,.T.);
#4877=ORIENTED_EDGE('',*,*,#7994,.F.);
#4878=ORIENTED_EDGE('',*,*,#8042,.T.);
#4879=CARTESIAN_POINT('',(3.725,0.650000489162664,0.52));
#4880=DIRECTION('',(0.0,-6.12323399573676E-17,1.0));
#4881=DIRECTION('',(0.0,-1.0,-6.12323399573676E-17));
#4882=SURFACE_STYLE_FILL_AREA(#8046);
#4883=ORIENTED_EDGE('',*,*,#8047,.F.);
#4884=ORIENTED_EDGE('',*,*,#8048,.T.);
#4885=ORIENTED_EDGE('',*,*,#7986,.F.);
#4886=ORIENTED_EDGE('',*,*,#8049,.T.);
#4887=CARTESIAN_POINT('',(3.725,-0.0499995108373359,0.266));
#4888=DIRECTION('',(0.0,6.12323399573676E-17,-1.0));
#4889=DIRECTION('',(1.0,0.0,0.0));
#4890=SURFACE_STYLE_FILL_AREA(#8050);
#4891=ORIENTED_EDGE('',*,*,#8051,.F.);
#4892=ORIENTED_EDGE('',*,*,#8052,.F.);
#4893=ORIENTED_EDGE('',*,*,#7987,.F.);
#4894=ORIENTED_EDGE('',*,*,#8048,.F.);
#4895=CARTESIAN_POINT('',(3.725,0.254000489162664,0.57));
#4896=DIRECTION('',(-1.0,-0.0,0.0));
#4897=DIRECTION('',(0.0,-1.0,-6.12323399573676E-17));
#4898=SURFACE_STYLE_FILL_AREA(#8053);
#4899=ORIENTED_EDGE('',*,*,#8054,.F.);
#4900=ORIENTED_EDGE('',*,*,#8033,.T.);
#4901=ORIENTED_EDGE('',*,*,#8035,.T.);
#4902=ORIENTED_EDGE('',*,*,#7988,.F.);
#4903=ORIENTED_EDGE('',*,*,#8052,.T.);
#4904=ORIENTED_EDGE('',*,*,#8055,.F.);
#4905=ORIENTED_EDGE('',*,*,#8056,.T.);
#4906=ORIENTED_EDGE('',*,*,#8057,.T.);
#4907=CARTESIAN_POINT('',(3.725,-0.0499995108373362,1.9999991418601));
#4908=DIRECTION('',(0.0,-1.0,-6.12323399573676E-17));
#4909=DIRECTION('',(0.0,-6.12323399573676E-17,1.0));
#4910=SURFACE_STYLE_FILL_AREA(#8058);
#4911=ORIENTED_EDGE('',*,*,#8056,.F.);
#4912=ORIENTED_EDGE('',*,*,#8059,.F.);
#4913=ORIENTED_EDGE('',*,*,#8060,.F.);
#4914=CARTESIAN_POINT('',(4.1,0.0250004891626641,0.789075964344281));
#4915=DIRECTION('',(0.0,-6.12323399573676E-17,1.0));
#4916=DIRECTION('',(0.0,-1.0,-6.12323399573676E-17));
#4917=SURFACE_STYLE_FILL_AREA(#8061);
#4918=ORIENTED_EDGE('',*,*,#8062,.F.);
#4919=ORIENTED_EDGE('',*,*,#8057,.F.);
#4920=ORIENTED_EDGE('',*,*,#8060,.T.);
#4921=ORIENTED_EDGE('',*,*,#8063,.F.);
#4922=CARTESIAN_POINT('',(4.175,0.0250004891626641,-0.01));
#4923=DIRECTION('',(0.707106781186548,-0.707106781186548,-4.32978028117747E-17));
#4924=DIRECTION('',(0.0,-6.12323399573676E-17,1.0));
#4925=SURFACE_STYLE_FILL_AREA(#8064);
#4926=ORIENTED_EDGE('',*,*,#7991,.F.);
#4927=ORIENTED_EDGE('',*,*,#8031,.T.);
#4928=ORIENTED_EDGE('',*,*,#8054,.T.);
#4929=ORIENTED_EDGE('',*,*,#8062,.T.);
#4930=ORIENTED_EDGE('',*,*,#8065,.T.);
#4931=ORIENTED_EDGE('',*,*,#8039,.F.);
#4932=CARTESIAN_POINT('',(3.725,0.204000489162664,1.9999991418601));
#4933=DIRECTION('',(0.0,-6.12323399573676E-17,1.0));
#4934=DIRECTION('',(0.0,-1.0,-6.12323399573676E-17));
#4935=SURFACE_STYLE_FILL_AREA(#8066);
#4936=ORIENTED_EDGE('',*,*,#8067,.F.);
#4937=ORIENTED_EDGE('',*,*,#7995,.F.);
#4938=ORIENTED_EDGE('',*,*,#8045,.F.);
#4939=ORIENTED_EDGE('',*,*,#8068,.F.);
#4940=CARTESIAN_POINT('',(4.0,0.346000489162664,0.216));
#4941=DIRECTION('',(-1.0,-0.0,0.0));
#4942=DIRECTION('',(0.0,-1.0,-6.12323399573676E-17));
#4943=SURFACE_STYLE_FILL_AREA(#8069);
#4944=ORIENTED_EDGE('',*,*,#8070,.F.);
#4945=ORIENTED_EDGE('',*,*,#8071,.T.);
#4946=ORIENTED_EDGE('',*,*,#8049,.F.);
#4947=ORIENTED_EDGE('',*,*,#7985,.T.);
#4948=CARTESIAN_POINT('',(3.725,0.346000489162664,0.216));
#4949=DIRECTION('',(1.0,0.0,-0.0));
#4950=DIRECTION('',(0.0,1.0,6.12323399573676E-17));
#4951=SURFACE_STYLE_FILL_AREA(#8072);
#4952=ORIENTED_EDGE('',*,*,#8073,.F.);
#4953=ORIENTED_EDGE('',*,*,#8068,.T.);
#4954=ORIENTED_EDGE('',*,*,#8044,.T.);
#4955=ORIENTED_EDGE('',*,*,#8041,.F.);
#4956=ORIENTED_EDGE('',*,*,#8037,.T.);
#4957=ORIENTED_EDGE('',*,*,#8065,.F.);
#4958=ORIENTED_EDGE('',*,*,#8063,.T.);
#4959=ORIENTED_EDGE('',*,*,#8059,.T.);
#4960=ORIENTED_EDGE('',*,*,#8055,.T.);
#4961=ORIENTED_EDGE('',*,*,#8051,.T.);
#4962=ORIENTED_EDGE('',*,*,#8047,.T.);
#4963=ORIENTED_EDGE('',*,*,#8071,.F.);
#4964=ORIENTED_EDGE('',*,*,#8074,.T.);
#4965=ORIENTED_EDGE('',*,*,#8075,.F.);
#4966=CARTESIAN_POINT('',(4.175,-0.199999510837336,-0.01));
#4967=DIRECTION('',(-1.0,0.0,0.0));
#4968=DIRECTION('',(0.0,1.0,6.12323399573676E-17));
#4969=SURFACE_STYLE_FILL_AREA(#8076);
#4970=ORIENTED_EDGE('',*,*,#8077,.F.);
#4971=ORIENTED_EDGE('',*,*,#8075,.T.);
#4972=ORIENTED_EDGE('',*,*,#8078,.T.);
#4973=ORIENTED_EDGE('',*,*,#8079,.T.);
#4974=CARTESIAN_POINT('',(3.825,-0.199999510837336,-0.01));
#4975=DIRECTION('',(0.0,6.12323399573676E-17,-1.0));
#4976=DIRECTION('',(1.0,0.0,0.0));
#4977=SURFACE_STYLE_FILL_AREA(#8080);
#4978=ORIENTED_EDGE('',*,*,#8003,.T.);
#4979=ORIENTED_EDGE('',*,*,#8007,.T.);
#4980=ORIENTED_EDGE('',*,*,#8081,.F.);
#4981=ORIENTED_EDGE('',*,*,#8078,.F.);
#4982=ORIENTED_EDGE('',*,*,#8074,.F.);
#4983=ORIENTED_EDGE('',*,*,#8070,.T.);
#4984=ORIENTED_EDGE('',*,*,#7984,.F.);
#4985=ORIENTED_EDGE('',*,*,#7999,.F.);
#4986=CARTESIAN_POINT('',(3.725,0.396000489162664,0.266));
#4987=DIRECTION('',(0.0,-1.0,-6.12323399573676E-17));
#4988=DIRECTION('',(0.0,-6.12323399573676E-17,1.0));
#4989=SURFACE_STYLE_FILL_AREA(#8082);
#4990=ORIENTED_EDGE('',*,*,#8083,.F.);
#4991=ORIENTED_EDGE('',*,*,#8079,.F.);
#4992=ORIENTED_EDGE('',*,*,#8081,.T.);
#4993=ORIENTED_EDGE('',*,*,#8006,.T.);
#4994=CARTESIAN_POINT('',(4.275,-0.0499999999999999,-0.896));
#4995=DIRECTION('',(1.0,0.0,0.0));
#4996=DIRECTION('',(0.0,6.12323399573676E-17,-1.0));
#4997=SURFACE_STYLE_FILL_AREA(#8084);
#4998=ORIENTED_EDGE('',*,*,#8085,.F.);
#4999=ORIENTED_EDGE('',*,*,#8019,.F.);
#5000=ORIENTED_EDGE('',*,*,#7540,.T.);
#5001=ORIENTED_EDGE('',*,*,#8086,.T.);
#5002=CARTESIAN_POINT('',(3.85,4.446,-1.15));
#5003=DIRECTION('',(0.0,-6.12323399573676E-17,1.0));
#5004=DIRECTION('',(0.0,-1.0,-6.12323399573676E-17));
#5005=SURFACE_STYLE_FILL_AREA(#8087);
#5006=ORIENTED_EDGE('',*,*,#7548,.T.);
#5007=ORIENTED_EDGE('',*,*,#8088,.T.);
#5008=ORIENTED_EDGE('',*,*,#8089,.F.);
#5009=ORIENTED_EDGE('',*,*,#8090,.F.);
#5010=CARTESIAN_POINT('',(4.00856102929858,3.0499355305445,0.20456855296129));
#5011=DIRECTION('',(-0.685929791414468,-0.0102675118960516,0.727595285477832));
#5012=DIRECTION('',(-0.727633640712996,4.20033002649031E-17,-0.685965950250267));
#5013=SURFACE_STYLE_FILL_AREA(#8091);
#5014=ORIENTED_EDGE('',*,*,#8092,.F.);
#5015=ORIENTED_EDGE('',*,*,#8093,.F.);
#5016=ORIENTED_EDGE('',*,*,#8088,.F.);
#5017=ORIENTED_EDGE('',*,*,#7551,.F.);
#5018=ORIENTED_EDGE('',*,*,#8094,.F.);
#5019=ORIENTED_EDGE('',*,*,#8095,.F.);
#5020=ORIENTED_EDGE('',*,*,#8096,.F.);
#5021=ORIENTED_EDGE('',*,*,#7544,.T.);
#5022=ORIENTED_EDGE('',*,*,#8097,.T.);
#5023=ORIENTED_EDGE('',*,*,#8098,.F.);
#5024=CARTESIAN_POINT('',(3.85,3.05,0.2));
#5025=DIRECTION('',(-1.0,-0.0,0.0));
#5026=DIRECTION('',(0.0,-1.0,-6.12323399573676E-17));
#5027=SURFACE_STYLE_FILL_AREA(#8099);
#5028=ORIENTED_EDGE('',*,*,#7543,.T.);
#5029=ORIENTED_EDGE('',*,*,#8014,.F.);
#5030=ORIENTED_EDGE('',*,*,#8100,.F.);
#5031=ORIENTED_EDGE('',*,*,#8097,.F.);
#5032=CARTESIAN_POINT('',(3.99143897070142,3.0499355305445,0.20456855296129));
#5033=DIRECTION('',(-0.685929791414468,0.0102675118960544,-0.727595285477832));
#5034=DIRECTION('',(0.727633640712996,4.20033002649031E-17,-0.685965950250267));
#5035=SURFACE_STYLE_FILL_AREA(#8101);
#5036=ORIENTED_EDGE('',*,*,#8013,.F.);
#5037=ORIENTED_EDGE('',*,*,#8023,.T.);
#5038=ORIENTED_EDGE('',*,*,#8029,.F.);
#5039=ORIENTED_EDGE('',*,*,#8102,.F.);
#5040=ORIENTED_EDGE('',*,*,#8098,.T.);
#5041=ORIENTED_EDGE('',*,*,#8100,.T.);
#5042=CARTESIAN_POINT('',(3.85,3.97643376209665,0.622825340177581));
#5043=DIRECTION('',(-0.707106781186547,-0.245418700622769,0.663151311078123));
#5044=DIRECTION('',(-0.684072169757078,4.4663746297978E-17,-0.729414331202673));
#5045=SURFACE_STYLE_FILL_AREA(#8103);
#5046=ORIENTED_EDGE('',*,*,#8027,.F.);
#5047=ORIENTED_EDGE('',*,*,#8104,.T.);
#5048=ORIENTED_EDGE('',*,*,#8105,.F.);
#5049=ORIENTED_EDGE('',*,*,#8089,.T.);
#5050=ORIENTED_EDGE('',*,*,#8093,.T.);
#5051=ORIENTED_EDGE('',*,*,#8106,.F.);
#5052=CARTESIAN_POINT('',(4.075,2.86892604789141,0.292930651127981));
#5053=DIRECTION('',(-0.707106781186546,0.245418700622769,-0.663151311078123));
#5054=DIRECTION('',(0.327887107426217,0.944716912510657,5.12556655262417E-17));
#5055=SURFACE_STYLE_FILL_AREA(#8107);
#5056=ORIENTED_EDGE('',*,*,#8108,.F.);
#5057=ORIENTED_EDGE('',*,*,#8109,.T.);
#5058=ORIENTED_EDGE('',*,*,#8110,.F.);
#5059=CARTESIAN_POINT('',(4.00000000000004,3.64672553325348,-2.40066279383548));
#5060=DIRECTION('',(-1.8285407645389E-14,-0.947257717939226,0.320472800413029));
#5061=DIRECTION('',(-1.03940508582747E-30,0.320472800413029,0.947257717939226));
#5062=SURFACE_STYLE_FILL_AREA(#8111);
#5063=ORIENTED_EDGE('',*,*,#8094,.T.);
#5064=ORIENTED_EDGE('',*,*,#7550,.T.);
#5065=ORIENTED_EDGE('',*,*,#8112,.T.);
#5066=ORIENTED_EDGE('',*,*,#8109,.F.);
#5067=ORIENTED_EDGE('',*,*,#8113,.F.);
#5068=CARTESIAN_POINT('',(4.15,2.88334732391,0.335557248435241));
#5069=DIRECTION('',(-0.707106781186548,-0.226608490357895,-0.66981235588612));
#5070=DIRECTION('',(-0.305184121338135,0.952293364506479,5.11871473712226E-17));
#5071=SURFACE_STYLE_FILL_AREA(#8114);
#5072=ORIENTED_EDGE('',*,*,#8115,.T.);
#5073=ORIENTED_EDGE('',*,*,#8016,.T.);
#5074=ORIENTED_EDGE('',*,*,#8116,.F.);
#5075=CARTESIAN_POINT('',(4.00000000000004,3.64672553325348,-2.40066279383548));
#5076=DIRECTION('',(-1.8285407645389E-14,-0.947257717939226,0.320472800413029));
#5077=DIRECTION('',(-1.03940508582747E-30,0.320472800413029,0.947257717939226));
#5078=SURFACE_STYLE_FILL_AREA(#8117);
#5079=ORIENTED_EDGE('',*,*,#8015,.F.);
#5080=ORIENTED_EDGE('',*,*,#7545,.T.);
#5081=ORIENTED_EDGE('',*,*,#8096,.T.);
#5082=ORIENTED_EDGE('',*,*,#8118,.T.);
#5083=ORIENTED_EDGE('',*,*,#8116,.T.);
#5084=CARTESIAN_POINT('',(3.85,2.88334732391,0.335557248435251));
#5085=DIRECTION('',(-0.707106781186548,0.226608490357896,0.669812355886121));
#5086=DIRECTION('',(-0.687702291340512,4.44542384773946E-17,-0.725992808838359));
#5087=SURFACE_STYLE_FILL_AREA(#8119);
#5088=ORIENTED_EDGE('',*,*,#8120,.F.);
#5089=ORIENTED_EDGE('',*,*,#8086,.F.);
#5090=ORIENTED_EDGE('',*,*,#7539,.F.);
#5091=ORIENTED_EDGE('',*,*,#8121,.F.);
#5092=ORIENTED_EDGE('',*,*,#8122,.F.);
#5093=ORIENTED_EDGE('',*,*,#8110,.T.);
#5094=ORIENTED_EDGE('',*,*,#8112,.F.);
#5095=ORIENTED_EDGE('',*,*,#7549,.T.);
#5096=ORIENTED_EDGE('',*,*,#8090,.T.);
#5097=ORIENTED_EDGE('',*,*,#8105,.T.);
#5098=ORIENTED_EDGE('',*,*,#8123,.T.);
#5099=ORIENTED_EDGE('',*,*,#8124,.F.);
#5100=ORIENTED_EDGE('',*,*,#8125,.F.);
#5101=CARTESIAN_POINT('',(4.15,4.446,-0.646));
#5102=DIRECTION('',(-1.0,0.0,0.0));
#5103=DIRECTION('',(0.0,1.0,6.12323399573676E-17));
#5104=SURFACE_STYLE_FILL_AREA(#8126);
#5105=ORIENTED_EDGE('',*,*,#7538,.T.);
#5106=ORIENTED_EDGE('',*,*,#8018,.F.);
#5107=ORIENTED_EDGE('',*,*,#8127,.T.);
#5108=ORIENTED_EDGE('',*,*,#8121,.T.);
#5109=CARTESIAN_POINT('',(3.85,4.446,-0.646));
#5110=DIRECTION('',(-1.0,-0.0,0.0));
#5111=DIRECTION('',(0.0,-1.0,-6.12323399573676E-17));
#5112=SURFACE_STYLE_FILL_AREA(#8128);
#5113=ORIENTED_EDGE('',*,*,#8106,.T.);
#5114=ORIENTED_EDGE('',*,*,#8092,.T.);
#5115=ORIENTED_EDGE('',*,*,#8102,.T.);
#5116=ORIENTED_EDGE('',*,*,#8028,.T.);
#5117=CARTESIAN_POINT('',(3.85,2.86892604789141,0.292930651127981));
#5118=DIRECTION('',(0.0,0.347074454880702,-0.937837578032179));
#5119=DIRECTION('',(1.0,0.0,0.0));
#5120=SURFACE_STYLE_FILL_AREA(#8129);
#5121=ORIENTED_EDGE('',*,*,#8118,.F.);
#5122=ORIENTED_EDGE('',*,*,#8095,.T.);
#5123=ORIENTED_EDGE('',*,*,#8113,.T.);
#5124=ORIENTED_EDGE('',*,*,#8108,.T.);
#5125=ORIENTED_EDGE('',*,*,#8122,.T.);
#5126=ORIENTED_EDGE('',*,*,#8127,.F.);
#5127=ORIENTED_EDGE('',*,*,#8017,.F.);
#5128=ORIENTED_EDGE('',*,*,#8115,.F.);
#5129=CARTESIAN_POINT('',(3.85,3.09807092006195,0.342088657690881));
#5130=DIRECTION('',(-0.0,-0.320472800413027,-0.947257717939227));
#5131=DIRECTION('',(-1.0,0.0,0.0));
#5132=SURFACE_STYLE_FILL_AREA(#8130);
#5133=ORIENTED_EDGE('',*,*,#8131,.F.);
#5134=ORIENTED_EDGE('',*,*,#8123,.F.);
#5135=ORIENTED_EDGE('',*,*,#8104,.F.);
#5136=ORIENTED_EDGE('',*,*,#8026,.F.);
#5137=CARTESIAN_POINT('',(4.1,2.87334557853302,0.14997447690347));
#5138=DIRECTION('',(0.0,-0.320472800413029,-0.947257717939226));
#5139=DIRECTION('',(0.0,-0.947257717939226,0.320472800413029));
#5140=SURFACE_STYLE_FILL_AREA(#8132);
#5141=ORIENTED_EDGE('',*,*,#8009,.T.);
#5142=ORIENTED_EDGE('',*,*,#8085,.T.);
#5143=ORIENTED_EDGE('',*,*,#8120,.T.);
#5144=ORIENTED_EDGE('',*,*,#8133,.T.);
#5145=ORIENTED_EDGE('',*,*,#8134,.F.);
#5146=ORIENTED_EDGE('',*,*,#8135,.F.);
#5147=ORIENTED_EDGE('',*,*,#8136,.F.);
#5148=ORIENTED_EDGE('',*,*,#8137,.T.);
#5149=CARTESIAN_POINT('',(3.78,4.35,-0.749807692307691));
#5150=DIRECTION('',(6.12323399573676E-17,-1.0,-6.12323399573676E-17));
#5151=DIRECTION('',(0.0,6.12323399573676E-17,-1.0));
#5152=SURFACE_STYLE_FILL_AREA(#8138);
#5153=ORIENTED_EDGE('',*,*,#8125,.T.);
#5154=ORIENTED_EDGE('',*,*,#8139,.F.);
#5155=ORIENTED_EDGE('',*,*,#8140,.F.);
#5156=ORIENTED_EDGE('',*,*,#8133,.F.);
#5157=CARTESIAN_POINT('',(3.78,3.725,-0.0950000000000086));
#5158=DIRECTION('',(9.20162547668843E-18,-0.150273948098259,-0.988644395383376));
#5159=DIRECTION('',(-6.05370097150611E-17,0.988644395383376,-0.150273948098259));
#5160=SURFACE_STYLE_FILL_AREA(#8141);
#5161=ORIENTED_EDGE('',*,*,#8142,.F.);
#5162=ORIENTED_EDGE('',*,*,#8143,.T.);
#5163=ORIENTED_EDGE('',*,*,#8144,.T.);
#5164=ORIENTED_EDGE('',*,*,#8145,.F.);
#5165=ORIENTED_EDGE('',*,*,#8146,.T.);
#5166=ORIENTED_EDGE('',*,*,#8147,.T.);
#5167=ORIENTED_EDGE('',*,*,#8148,.T.);
#5168=ORIENTED_EDGE('',*,*,#8149,.T.);
#5169=ORIENTED_EDGE('',*,*,#8150,.T.);
#5170=ORIENTED_EDGE('',*,*,#8151,.T.);
#5171=ORIENTED_EDGE('',*,*,#8152,.T.);
#5172=ORIENTED_EDGE('',*,*,#8153,.F.);
#5173=ORIENTED_EDGE('',*,*,#8154,.T.);
#5174=ORIENTED_EDGE('',*,*,#8155,.T.);
#5175=CARTESIAN_POINT('',(1.825,-0.199999510837336,1.9999991418601));
#5176=DIRECTION('',(1.0,0.0,0.0));
#5177=DIRECTION('',(0.0,6.12323399573676E-17,-1.0));
#5178=SURFACE_STYLE_FILL_AREA(#8156);
#5179=ORIENTED_EDGE('',*,*,#8157,.F.);
#5180=ORIENTED_EDGE('',*,*,#8158,.F.);
#5181=ORIENTED_EDGE('',*,*,#8159,.T.);
#5182=ORIENTED_EDGE('',*,*,#8143,.F.);
#5183=CARTESIAN_POINT('',(1.825,-0.199999510837336,-0.01));
#5184=DIRECTION('',(0.0,6.12323399573676E-17,-1.0));
#5185=DIRECTION('',(1.0,0.0,0.0));
#5186=SURFACE_STYLE_FILL_AREA(#8160);
#5187=ORIENTED_EDGE('',*,*,#8161,.F.);
#5188=ORIENTED_EDGE('',*,*,#8162,.T.);
#5189=ORIENTED_EDGE('',*,*,#8163,.F.);
#5190=ORIENTED_EDGE('',*,*,#8158,.T.);
#5191=CARTESIAN_POINT('',(1.725,-0.0499999999999999,-0.896));
#5192=DIRECTION('',(-1.0,0.0,0.0));
#5193=DIRECTION('',(0.0,1.0,6.12323399573676E-17));
#5194=SURFACE_STYLE_FILL_AREA(#8164);
#5195=ORIENTED_EDGE('',*,*,#8165,.F.);
#5196=ORIENTED_EDGE('',*,*,#8166,.F.);
#5197=ORIENTED_EDGE('',*,*,#8167,.F.);
#5198=ORIENTED_EDGE('',*,*,#8162,.F.);
#5199=CARTESIAN_POINT('',(1.725,0.846000489162664,-0.7));
#5200=DIRECTION('',(1.0,0.0,-0.0));
#5201=DIRECTION('',(0.0,1.0,6.12323399573676E-17));
#5202=SURFACE_STYLE_FILL_AREA(#8168);
#5203=ORIENTED_EDGE('',*,*,#8169,.F.);
#5204=ORIENTED_EDGE('',*,*,#8170,.F.);
#5205=ORIENTED_EDGE('',*,*,#8171,.F.);
#5206=ORIENTED_EDGE('',*,*,#8172,.T.);
#5207=ORIENTED_EDGE('',*,*,#8173,.T.);
#5208=ORIENTED_EDGE('',*,*,#8174,.T.);
#5209=ORIENTED_EDGE('',*,*,#7531,.T.);
#5210=ORIENTED_EDGE('',*,*,#8175,.T.);
#5211=ORIENTED_EDGE('',*,*,#8176,.F.);
#5212=ORIENTED_EDGE('',*,*,#8177,.T.);
#5213=ORIENTED_EDGE('',*,*,#8178,.T.);
#5214=ORIENTED_EDGE('',*,*,#7526,.T.);
#5215=ORIENTED_EDGE('',*,*,#8179,.T.);
#5216=CARTESIAN_POINT('',(1.85,4.446,-0.646));
#5217=DIRECTION('',(-1.0,0.0,0.0));
#5218=DIRECTION('',(0.0,1.0,6.12323399573676E-17));
#5219=SURFACE_STYLE_FILL_AREA(#8180);
#5220=ORIENTED_EDGE('',*,*,#8181,.F.);
#5221=ORIENTED_EDGE('',*,*,#8182,.F.);
#5222=ORIENTED_EDGE('',*,*,#8183,.F.);
#5223=ORIENTED_EDGE('',*,*,#8172,.F.);
#5224=CARTESIAN_POINT('',(1.9,2.79322737842976,-0.08683995258133));
#5225=DIRECTION('',(0.0,0.320472800413029,0.947257717939226));
#5226=DIRECTION('',(0.0,0.947257717939226,-0.320472800413029));
#5227=SURFACE_STYLE_FILL_AREA(#8184);
#5228=ORIENTED_EDGE('',*,*,#8185,.F.);
#5229=ORIENTED_EDGE('',*,*,#8186,.T.);
#5230=ORIENTED_EDGE('',*,*,#8187,.T.);
#5231=ORIENTED_EDGE('',*,*,#8188,.F.);
#5232=ORIENTED_EDGE('',*,*,#8189,.T.);
#5233=ORIENTED_EDGE('',*,*,#8182,.T.);
#5234=CARTESIAN_POINT('',(1.85,2.82598269263606,0.16599811692412));
#5235=DIRECTION('',(0.0,0.947257717939226,-0.320472800413029));
#5236=DIRECTION('',(1.0,0.0,0.0));
#5237=SURFACE_STYLE_FILL_AREA(#8190);
#5238=ORIENTED_EDGE('',*,*,#8191,.F.);
#5239=ORIENTED_EDGE('',*,*,#8150,.F.);
#5240=ORIENTED_EDGE('',*,*,#8192,.F.);
#5241=ORIENTED_EDGE('',*,*,#8193,.F.);
#5242=CARTESIAN_POINT('',(1.825,0.0250004891626638,1.9999991418601));
#5243=DIRECTION('',(-0.707106781186547,-0.707106781186547,-4.32978028117747E-17));
#5244=DIRECTION('',(-0.707106781186547,0.707106781186547,4.32978028117747E-17));
#5245=SURFACE_STYLE_FILL_AREA(#8194);
#5246=ORIENTED_EDGE('',*,*,#8149,.F.);
#5247=ORIENTED_EDGE('',*,*,#8195,.F.);
#5248=ORIENTED_EDGE('',*,*,#8192,.T.);
#5249=CARTESIAN_POINT('',(1.9,0.0250004891626641,0.749668952091811));
#5250=DIRECTION('',(0.0,-6.12323399573676E-17,1.0));
#5251=DIRECTION('',(0.0,-1.0,-6.12323399573676E-17));
#5252=SURFACE_STYLE_FILL_AREA(#8196);
#5253=ORIENTED_EDGE('',*,*,#8197,.F.);
#5254=ORIENTED_EDGE('',*,*,#8198,.T.);
#5255=ORIENTED_EDGE('',*,*,#8152,.F.);
#5256=ORIENTED_EDGE('',*,*,#8199,.T.);
#5257=CARTESIAN_POINT('',(1.725,0.204000489162664,0.52));
#5258=DIRECTION('',(-0.0,1.0,6.12323399573676E-17));
#5259=DIRECTION('',(1.0,0.0,0.0));
#5260=SURFACE_STYLE_FILL_AREA(#8200);
#5261=ORIENTED_EDGE('',*,*,#8198,.F.);
#5262=ORIENTED_EDGE('',*,*,#8201,.T.);
#5263=ORIENTED_EDGE('',*,*,#8202,.F.);
#5264=ORIENTED_EDGE('',*,*,#8153,.T.);
#5265=CARTESIAN_POINT('',(1.725,0.254000489162664,0.57));
#5266=DIRECTION('',(1.0,0.0,-0.0));
#5267=DIRECTION('',(0.0,1.0,6.12323399573676E-17));
#5268=SURFACE_STYLE_FILL_AREA(#8203);
#5269=ORIENTED_EDGE('',*,*,#8204,.F.);
#5270=ORIENTED_EDGE('',*,*,#8205,.T.);
#5271=ORIENTED_EDGE('',*,*,#8154,.F.);
#5272=ORIENTED_EDGE('',*,*,#8202,.T.);
#5273=CARTESIAN_POINT('',(1.725,0.650000489162664,0.52));
#5274=DIRECTION('',(0.0,-6.12323399573676E-17,1.0));
#5275=DIRECTION('',(0.0,-1.0,-6.12323399573676E-17));
#5276=SURFACE_STYLE_FILL_AREA(#8206);
#5277=ORIENTED_EDGE('',*,*,#8207,.F.);
#5278=ORIENTED_EDGE('',*,*,#8208,.T.);
#5279=ORIENTED_EDGE('',*,*,#8146,.F.);
#5280=ORIENTED_EDGE('',*,*,#8209,.T.);
#5281=CARTESIAN_POINT('',(1.725,-0.0499995108373359,0.266));
#5282=DIRECTION('',(0.0,6.12323399573676E-17,-1.0));
#5283=DIRECTION('',(1.0,0.0,0.0));
#5284=SURFACE_STYLE_FILL_AREA(#8210);
#5285=ORIENTED_EDGE('',*,*,#8211,.F.);
#5286=ORIENTED_EDGE('',*,*,#8212,.F.);
#5287=ORIENTED_EDGE('',*,*,#8147,.F.);
#5288=ORIENTED_EDGE('',*,*,#8208,.F.);
#5289=CARTESIAN_POINT('',(1.725,0.254000489162664,0.57));
#5290=DIRECTION('',(-1.0,-0.0,0.0));
#5291=DIRECTION('',(0.0,-1.0,-6.12323399573676E-17));
#5292=SURFACE_STYLE_FILL_AREA(#8213);
#5293=ORIENTED_EDGE('',*,*,#8214,.F.);
#5294=ORIENTED_EDGE('',*,*,#8193,.T.);
#5295=ORIENTED_EDGE('',*,*,#8195,.T.);
#5296=ORIENTED_EDGE('',*,*,#8148,.F.);
#5297=ORIENTED_EDGE('',*,*,#8212,.T.);
#5298=ORIENTED_EDGE('',*,*,#8215,.F.);
#5299=ORIENTED_EDGE('',*,*,#8216,.T.);
#5300=ORIENTED_EDGE('',*,*,#8217,.T.);
#5301=CARTESIAN_POINT('',(1.725,-0.0499995108373362,1.9999991418601));
#5302=DIRECTION('',(0.0,-1.0,-6.12323399573676E-17));
#5303=DIRECTION('',(0.0,-6.12323399573676E-17,1.0));
#5304=SURFACE_STYLE_FILL_AREA(#8218);
#5305=ORIENTED_EDGE('',*,*,#8216,.F.);
#5306=ORIENTED_EDGE('',*,*,#8219,.F.);
#5307=ORIENTED_EDGE('',*,*,#8220,.F.);
#5308=CARTESIAN_POINT('',(2.1,0.0250004891626641,0.789075964344281));
#5309=DIRECTION('',(0.0,-6.12323399573676E-17,1.0));
#5310=DIRECTION('',(0.0,-1.0,-6.12323399573676E-17));
#5311=SURFACE_STYLE_FILL_AREA(#8221);
#5312=ORIENTED_EDGE('',*,*,#8222,.F.);
#5313=ORIENTED_EDGE('',*,*,#8217,.F.);
#5314=ORIENTED_EDGE('',*,*,#8220,.T.);
#5315=ORIENTED_EDGE('',*,*,#8223,.F.);
#5316=CARTESIAN_POINT('',(2.175,0.0250004891626641,-0.01));
#5317=DIRECTION('',(0.707106781186548,-0.707106781186548,-4.32978028117747E-17));
#5318=DIRECTION('',(0.0,-6.12323399573676E-17,1.0));
#5319=SURFACE_STYLE_FILL_AREA(#8224);
#5320=ORIENTED_EDGE('',*,*,#8151,.F.);
#5321=ORIENTED_EDGE('',*,*,#8191,.T.);
#5322=ORIENTED_EDGE('',*,*,#8214,.T.);
#5323=ORIENTED_EDGE('',*,*,#8222,.T.);
#5324=ORIENTED_EDGE('',*,*,#8225,.T.);
#5325=ORIENTED_EDGE('',*,*,#8199,.F.);
#5326=CARTESIAN_POINT('',(1.725,0.204000489162664,1.9999991418601));
#5327=DIRECTION('',(0.0,-6.12323399573676E-17,1.0));
#5328=DIRECTION('',(0.0,-1.0,-6.12323399573676E-17));
#5329=SURFACE_STYLE_FILL_AREA(#8226);
#5330=ORIENTED_EDGE('',*,*,#8227,.F.);
#5331=ORIENTED_EDGE('',*,*,#8155,.F.);
#5332=ORIENTED_EDGE('',*,*,#8205,.F.);
#5333=ORIENTED_EDGE('',*,*,#8228,.F.);
#5334=CARTESIAN_POINT('',(2.0,0.346000489162664,0.216));
#5335=DIRECTION('',(-1.0,-0.0,0.0));
#5336=DIRECTION('',(0.0,-1.0,-6.12323399573676E-17));
#5337=SURFACE_STYLE_FILL_AREA(#8229);
#5338=ORIENTED_EDGE('',*,*,#8230,.F.);
#5339=ORIENTED_EDGE('',*,*,#8231,.T.);
#5340=ORIENTED_EDGE('',*,*,#8209,.F.);
#5341=ORIENTED_EDGE('',*,*,#8145,.T.);
#5342=CARTESIAN_POINT('',(1.725,0.346000489162664,0.216));
#5343=DIRECTION('',(1.0,0.0,-0.0));
#5344=DIRECTION('',(0.0,1.0,6.12323399573676E-17));
#5345=SURFACE_STYLE_FILL_AREA(#8232);
#5346=ORIENTED_EDGE('',*,*,#8233,.F.);
#5347=ORIENTED_EDGE('',*,*,#8228,.T.);
#5348=ORIENTED_EDGE('',*,*,#8204,.T.);
#5349=ORIENTED_EDGE('',*,*,#8201,.F.);
#5350=ORIENTED_EDGE('',*,*,#8197,.T.);
#5351=ORIENTED_EDGE('',*,*,#8225,.F.);
#5352=ORIENTED_EDGE('',*,*,#8223,.T.);
#5353=ORIENTED_EDGE('',*,*,#8219,.T.);
#5354=ORIENTED_EDGE('',*,*,#8215,.T.);
#5355=ORIENTED_EDGE('',*,*,#8211,.T.);
#5356=ORIENTED_EDGE('',*,*,#8207,.T.);
#5357=ORIENTED_EDGE('',*,*,#8231,.F.);
#5358=ORIENTED_EDGE('',*,*,#8234,.T.);
#5359=ORIENTED_EDGE('',*,*,#8235,.F.);
#5360=CARTESIAN_POINT('',(2.175,-0.199999510837336,-0.01));
#5361=DIRECTION('',(-1.0,0.0,0.0));
#5362=DIRECTION('',(0.0,1.0,6.12323399573676E-17));
#5363=SURFACE_STYLE_FILL_AREA(#8236);
#5364=ORIENTED_EDGE('',*,*,#8237,.F.);
#5365=ORIENTED_EDGE('',*,*,#8235,.T.);
#5366=ORIENTED_EDGE('',*,*,#8238,.T.);
#5367=ORIENTED_EDGE('',*,*,#8239,.T.);
#5368=CARTESIAN_POINT('',(1.825,-0.199999510837336,-0.01));
#5369=DIRECTION('',(0.0,6.12323399573676E-17,-1.0));
#5370=DIRECTION('',(1.0,0.0,0.0));
#5371=SURFACE_STYLE_FILL_AREA(#8240);
#5372=ORIENTED_EDGE('',*,*,#8163,.T.);
#5373=ORIENTED_EDGE('',*,*,#8167,.T.);
#5374=ORIENTED_EDGE('',*,*,#8241,.F.);
#5375=ORIENTED_EDGE('',*,*,#8238,.F.);
#5376=ORIENTED_EDGE('',*,*,#8234,.F.);
#5377=ORIENTED_EDGE('',*,*,#8230,.T.);
#5378=ORIENTED_EDGE('',*,*,#8144,.F.);
#5379=ORIENTED_EDGE('',*,*,#8159,.F.);
#5380=CARTESIAN_POINT('',(1.725,0.396000489162664,0.266));
#5381=DIRECTION('',(0.0,-1.0,-6.12323399573676E-17));
#5382=DIRECTION('',(0.0,-6.12323399573676E-17,1.0));
#5383=SURFACE_STYLE_FILL_AREA(#8242);
#5384=ORIENTED_EDGE('',*,*,#8243,.F.);
#5385=ORIENTED_EDGE('',*,*,#8239,.F.);
#5386=ORIENTED_EDGE('',*,*,#8241,.T.);
#5387=ORIENTED_EDGE('',*,*,#8166,.T.);
#5388=CARTESIAN_POINT('',(2.275,-0.0499999999999999,-0.896));
#5389=DIRECTION('',(1.0,0.0,0.0));
#5390=DIRECTION('',(0.0,6.12323399573676E-17,-1.0));
#5391=SURFACE_STYLE_FILL_AREA(#8244);
#5392=ORIENTED_EDGE('',*,*,#8245,.F.);
#5393=ORIENTED_EDGE('',*,*,#8179,.F.);
#5394=ORIENTED_EDGE('',*,*,#7525,.T.);
#5395=ORIENTED_EDGE('',*,*,#8246,.T.);
#5396=CARTESIAN_POINT('',(1.85,4.446,-1.15));
#5397=DIRECTION('',(0.0,-6.12323399573676E-17,1.0));
#5398=DIRECTION('',(0.0,-1.0,-6.12323399573676E-17));
#5399=SURFACE_STYLE_FILL_AREA(#8247);
#5400=ORIENTED_EDGE('',*,*,#7533,.T.);
#5401=ORIENTED_EDGE('',*,*,#8248,.T.);
#5402=ORIENTED_EDGE('',*,*,#8249,.F.);
#5403=ORIENTED_EDGE('',*,*,#8250,.F.);
#5404=CARTESIAN_POINT('',(2.00856102929858,3.0499355305445,0.20456855296129));
#5405=DIRECTION('',(-0.685929791414468,-0.0102675118960516,0.727595285477832));
#5406=DIRECTION('',(-0.727633640712996,4.20033002649031E-17,-0.685965950250267));
#5407=SURFACE_STYLE_FILL_AREA(#8251);
#5408=ORIENTED_EDGE('',*,*,#8252,.F.);
#5409=ORIENTED_EDGE('',*,*,#8253,.F.);
#5410=ORIENTED_EDGE('',*,*,#8248,.F.);
#5411=ORIENTED_EDGE('',*,*,#7536,.F.);
#5412=ORIENTED_EDGE('',*,*,#8254,.F.);
#5413=ORIENTED_EDGE('',*,*,#8255,.F.);
#5414=ORIENTED_EDGE('',*,*,#8256,.F.);
#5415=ORIENTED_EDGE('',*,*,#7529,.T.);
#5416=ORIENTED_EDGE('',*,*,#8257,.T.);
#5417=ORIENTED_EDGE('',*,*,#8258,.F.);
#5418=CARTESIAN_POINT('',(1.85,3.05,0.2));
#5419=DIRECTION('',(-1.0,-0.0,0.0));
#5420=DIRECTION('',(0.0,-1.0,-6.12323399573676E-17));
#5421=SURFACE_STYLE_FILL_AREA(#8259);
#5422=ORIENTED_EDGE('',*,*,#7528,.T.);
#5423=ORIENTED_EDGE('',*,*,#8174,.F.);
#5424=ORIENTED_EDGE('',*,*,#8260,.F.);
#5425=ORIENTED_EDGE('',*,*,#8257,.F.);
#5426=CARTESIAN_POINT('',(1.99143897070142,3.0499355305445,0.20456855296129));
#5427=DIRECTION('',(-0.685929791414468,0.0102675118960544,-0.727595285477832));
#5428=DIRECTION('',(0.727633640712996,4.20033002649031E-17,-0.685965950250267));
#5429=SURFACE_STYLE_FILL_AREA(#8261);
#5430=ORIENTED_EDGE('',*,*,#8173,.F.);
#5431=ORIENTED_EDGE('',*,*,#8183,.T.);
#5432=ORIENTED_EDGE('',*,*,#8189,.F.);
#5433=ORIENTED_EDGE('',*,*,#8262,.F.);
#5434=ORIENTED_EDGE('',*,*,#8258,.T.);
#5435=ORIENTED_EDGE('',*,*,#8260,.T.);
#5436=CARTESIAN_POINT('',(1.85,3.97643376209665,0.622825340177581));
#5437=DIRECTION('',(-0.707106781186547,-0.245418700622769,0.663151311078123));
#5438=DIRECTION('',(-0.684072169757078,4.4663746297978E-17,-0.729414331202673));
#5439=SURFACE_STYLE_FILL_AREA(#8263);
#5440=ORIENTED_EDGE('',*,*,#8187,.F.);
#5441=ORIENTED_EDGE('',*,*,#8264,.T.);
#5442=ORIENTED_EDGE('',*,*,#8265,.F.);
#5443=ORIENTED_EDGE('',*,*,#8249,.T.);
#5444=ORIENTED_EDGE('',*,*,#8253,.T.);
#5445=ORIENTED_EDGE('',*,*,#8266,.F.);
#5446=CARTESIAN_POINT('',(2.075,2.86892604789141,0.292930651127981));
#5447=DIRECTION('',(-0.707106781186546,0.245418700622769,-0.663151311078123));
#5448=DIRECTION('',(0.327887107426217,0.944716912510657,5.12556655262417E-17));
#5449=SURFACE_STYLE_FILL_AREA(#8267);
#5450=ORIENTED_EDGE('',*,*,#8268,.F.);
#5451=ORIENTED_EDGE('',*,*,#8269,.T.);
#5452=ORIENTED_EDGE('',*,*,#8270,.F.);
#5453=CARTESIAN_POINT('',(2.00000000000004,3.64672553325348,-2.40066279383548));
#5454=DIRECTION('',(-1.8285407645389E-14,-0.947257717939226,0.320472800413029));
#5455=DIRECTION('',(-1.03940508582747E-30,0.320472800413029,0.947257717939226));
#5456=SURFACE_STYLE_FILL_AREA(#8271);
#5457=ORIENTED_EDGE('',*,*,#8254,.T.);
#5458=ORIENTED_EDGE('',*,*,#7535,.T.);
#5459=ORIENTED_EDGE('',*,*,#8272,.T.);
#5460=ORIENTED_EDGE('',*,*,#8269,.F.);
#5461=ORIENTED_EDGE('',*,*,#8273,.F.);
#5462=CARTESIAN_POINT('',(2.15,2.88334732391,0.335557248435241));
#5463=DIRECTION('',(-0.707106781186548,-0.226608490357895,-0.66981235588612));
#5464=DIRECTION('',(-0.305184121338135,0.952293364506479,5.11871473712226E-17));
#5465=SURFACE_STYLE_FILL_AREA(#8274);
#5466=ORIENTED_EDGE('',*,*,#8275,.T.);
#5467=ORIENTED_EDGE('',*,*,#8176,.T.);
#5468=ORIENTED_EDGE('',*,*,#8276,.F.);
#5469=CARTESIAN_POINT('',(2.00000000000004,3.64672553325348,-2.40066279383548));
#5470=DIRECTION('',(-1.8285407645389E-14,-0.947257717939226,0.320472800413029));
#5471=DIRECTION('',(-1.03940508582747E-30,0.320472800413029,0.947257717939226));
#5472=SURFACE_STYLE_FILL_AREA(#8277);
#5473=ORIENTED_EDGE('',*,*,#8175,.F.);
#5474=ORIENTED_EDGE('',*,*,#7530,.T.);
#5475=ORIENTED_EDGE('',*,*,#8256,.T.);
#5476=ORIENTED_EDGE('',*,*,#8278,.T.);
#5477=ORIENTED_EDGE('',*,*,#8276,.T.);
#5478=CARTESIAN_POINT('',(1.85,2.88334732391,0.335557248435251));
#5479=DIRECTION('',(-0.707106781186548,0.226608490357896,0.669812355886121));
#5480=DIRECTION('',(-0.687702291340512,4.44542384773946E-17,-0.725992808838359));
#5481=SURFACE_STYLE_FILL_AREA(#8279);
#5482=ORIENTED_EDGE('',*,*,#8280,.F.);
#5483=ORIENTED_EDGE('',*,*,#8246,.F.);
#5484=ORIENTED_EDGE('',*,*,#7524,.F.);
#5485=ORIENTED_EDGE('',*,*,#8281,.F.);
#5486=ORIENTED_EDGE('',*,*,#8282,.F.);
#5487=ORIENTED_EDGE('',*,*,#8270,.T.);
#5488=ORIENTED_EDGE('',*,*,#8272,.F.);
#5489=ORIENTED_EDGE('',*,*,#7534,.T.);
#5490=ORIENTED_EDGE('',*,*,#8250,.T.);
#5491=ORIENTED_EDGE('',*,*,#8265,.T.);
#5492=ORIENTED_EDGE('',*,*,#8283,.T.);
#5493=ORIENTED_EDGE('',*,*,#8284,.F.);
#5494=ORIENTED_EDGE('',*,*,#8285,.F.);
#5495=CARTESIAN_POINT('',(2.15,4.446,-0.646));
#5496=DIRECTION('',(-1.0,0.0,0.0));
#5497=DIRECTION('',(0.0,1.0,6.12323399573676E-17));
#5498=SURFACE_STYLE_FILL_AREA(#8286);
#5499=ORIENTED_EDGE('',*,*,#7523,.T.);
#5500=ORIENTED_EDGE('',*,*,#8178,.F.);
#5501=ORIENTED_EDGE('',*,*,#8287,.T.);
#5502=ORIENTED_EDGE('',*,*,#8281,.T.);
#5503=CARTESIAN_POINT('',(1.85,4.446,-0.646));
#5504=DIRECTION('',(-1.0,-0.0,0.0));
#5505=DIRECTION('',(0.0,-1.0,-6.12323399573676E-17));
#5506=SURFACE_STYLE_FILL_AREA(#8288);
#5507=ORIENTED_EDGE('',*,*,#8266,.T.);
#5508=ORIENTED_EDGE('',*,*,#8252,.T.);
#5509=ORIENTED_EDGE('',*,*,#8262,.T.);
#5510=ORIENTED_EDGE('',*,*,#8188,.T.);
#5511=CARTESIAN_POINT('',(1.85,2.86892604789141,0.292930651127981));
#5512=DIRECTION('',(0.0,0.347074454880702,-0.937837578032179));
#5513=DIRECTION('',(1.0,0.0,0.0));
#5514=SURFACE_STYLE_FILL_AREA(#8289);
#5515=ORIENTED_EDGE('',*,*,#8278,.F.);
#5516=ORIENTED_EDGE('',*,*,#8255,.T.);
#5517=ORIENTED_EDGE('',*,*,#8273,.T.);
#5518=ORIENTED_EDGE('',*,*,#8268,.T.);
#5519=ORIENTED_EDGE('',*,*,#8282,.T.);
#5520=ORIENTED_EDGE('',*,*,#8287,.F.);
#5521=ORIENTED_EDGE('',*,*,#8177,.F.);
#5522=ORIENTED_EDGE('',*,*,#8275,.F.);
#5523=CARTESIAN_POINT('',(1.85,3.09807092006195,0.342088657690881));
#5524=DIRECTION('',(-0.0,-0.320472800413027,-0.947257717939227));
#5525=DIRECTION('',(-1.0,0.0,0.0));
#5526=SURFACE_STYLE_FILL_AREA(#8290);
#5527=ORIENTED_EDGE('',*,*,#8291,.F.);
#5528=ORIENTED_EDGE('',*,*,#8283,.F.);
#5529=ORIENTED_EDGE('',*,*,#8264,.F.);
#5530=ORIENTED_EDGE('',*,*,#8186,.F.);
#5531=CARTESIAN_POINT('',(2.1,2.87334557853302,0.14997447690347));
#5532=DIRECTION('',(0.0,-0.320472800413029,-0.947257717939226));
#5533=DIRECTION('',(0.0,-0.947257717939226,0.320472800413029));
#5534=SURFACE_STYLE_FILL_AREA(#8292);
#5535=ORIENTED_EDGE('',*,*,#8169,.T.);
#5536=ORIENTED_EDGE('',*,*,#8245,.T.);
#5537=ORIENTED_EDGE('',*,*,#8280,.T.);
#5538=ORIENTED_EDGE('',*,*,#8293,.T.);
#5539=ORIENTED_EDGE('',*,*,#8294,.F.);
#5540=ORIENTED_EDGE('',*,*,#8295,.F.);
#5541=ORIENTED_EDGE('',*,*,#8296,.F.);
#5542=ORIENTED_EDGE('',*,*,#8297,.T.);
#5543=CARTESIAN_POINT('',(1.78,4.35,-0.749807692307691));
#5544=DIRECTION('',(6.12323399573676E-17,-1.0,-6.12323399573676E-17));
#5545=DIRECTION('',(0.0,6.12323399573676E-17,-1.0));
#5546=SURFACE_STYLE_FILL_AREA(#8298);
#5547=ORIENTED_EDGE('',*,*,#8285,.T.);
#5548=ORIENTED_EDGE('',*,*,#8299,.F.);
#5549=ORIENTED_EDGE('',*,*,#8300,.F.);
#5550=ORIENTED_EDGE('',*,*,#8293,.F.);
#5551=CARTESIAN_POINT('',(1.78,3.725,-0.0950000000000086));
#5552=DIRECTION('',(9.20162547668843E-18,-0.150273948098259,-0.988644395383376));
#5553=DIRECTION('',(-6.05370097150611E-17,0.988644395383376,-0.150273948098259));
#5554=SURFACE_STYLE_FILL_AREA(#8301);
#5555=ORIENTED_EDGE('',*,*,#8302,.F.);
#5556=ORIENTED_EDGE('',*,*,#8303,.T.);
#5557=ORIENTED_EDGE('',*,*,#8304,.T.);
#5558=ORIENTED_EDGE('',*,*,#8305,.F.);
#5559=ORIENTED_EDGE('',*,*,#8306,.T.);
#5560=ORIENTED_EDGE('',*,*,#8307,.T.);
#5561=ORIENTED_EDGE('',*,*,#8308,.T.);
#5562=ORIENTED_EDGE('',*,*,#8309,.T.);
#5563=ORIENTED_EDGE('',*,*,#8310,.T.);
#5564=ORIENTED_EDGE('',*,*,#8311,.T.);
#5565=ORIENTED_EDGE('',*,*,#8312,.T.);
#5566=ORIENTED_EDGE('',*,*,#8313,.F.);
#5567=ORIENTED_EDGE('',*,*,#8314,.T.);
#5568=ORIENTED_EDGE('',*,*,#8315,.T.);
#5569=CARTESIAN_POINT('',(-0.175000000000003,-0.199999510837336,1.9999991418601));
#5570=DIRECTION('',(1.0,0.0,0.0));
#5571=DIRECTION('',(0.0,6.12323399573676E-17,-1.0));
#5572=SURFACE_STYLE_FILL_AREA(#8316);
#5573=ORIENTED_EDGE('',*,*,#8317,.F.);
#5574=ORIENTED_EDGE('',*,*,#8318,.F.);
#5575=ORIENTED_EDGE('',*,*,#8319,.T.);
#5576=ORIENTED_EDGE('',*,*,#8303,.F.);
#5577=CARTESIAN_POINT('',(-0.175000000000003,-0.199999510837336,-0.01));
#5578=DIRECTION('',(0.0,6.12323399573676E-17,-1.0));
#5579=DIRECTION('',(1.0,0.0,0.0));
#5580=SURFACE_STYLE_FILL_AREA(#8320);
#5581=ORIENTED_EDGE('',*,*,#8321,.F.);
#5582=ORIENTED_EDGE('',*,*,#8322,.T.);
#5583=ORIENTED_EDGE('',*,*,#8323,.F.);
#5584=ORIENTED_EDGE('',*,*,#8318,.T.);
#5585=CARTESIAN_POINT('',(-0.275000000000004,-0.0499999999999999,-0.896));
#5586=DIRECTION('',(-1.0,0.0,0.0));
#5587=DIRECTION('',(0.0,1.0,6.12323399573676E-17));
#5588=SURFACE_STYLE_FILL_AREA(#8324);
#5589=ORIENTED_EDGE('',*,*,#8325,.F.);
#5590=ORIENTED_EDGE('',*,*,#8326,.F.);
#5591=ORIENTED_EDGE('',*,*,#8327,.F.);
#5592=ORIENTED_EDGE('',*,*,#8322,.F.);
#5593=CARTESIAN_POINT('',(-0.275000000000004,0.846000489162664,-0.7));
#5594=DIRECTION('',(1.0,0.0,-0.0));
#5595=DIRECTION('',(0.0,1.0,6.12323399573676E-17));
#5596=SURFACE_STYLE_FILL_AREA(#8328);
#5597=ORIENTED_EDGE('',*,*,#8329,.F.);
#5598=ORIENTED_EDGE('',*,*,#8330,.F.);
#5599=ORIENTED_EDGE('',*,*,#8331,.F.);
#5600=ORIENTED_EDGE('',*,*,#8332,.T.);
#5601=ORIENTED_EDGE('',*,*,#8333,.T.);
#5602=ORIENTED_EDGE('',*,*,#8334,.T.);
#5603=ORIENTED_EDGE('',*,*,#7516,.T.);
#5604=ORIENTED_EDGE('',*,*,#8335,.T.);
#5605=ORIENTED_EDGE('',*,*,#8336,.F.);
#5606=ORIENTED_EDGE('',*,*,#8337,.T.);
#5607=ORIENTED_EDGE('',*,*,#8338,.T.);
#5608=ORIENTED_EDGE('',*,*,#7511,.T.);
#5609=ORIENTED_EDGE('',*,*,#8339,.T.);
#5610=CARTESIAN_POINT('',(-0.150000000000003,4.446,-0.646));
#5611=DIRECTION('',(-1.0,0.0,0.0));
#5612=DIRECTION('',(0.0,1.0,6.12323399573676E-17));
#5613=SURFACE_STYLE_FILL_AREA(#8340);
#5614=ORIENTED_EDGE('',*,*,#8341,.F.);
#5615=ORIENTED_EDGE('',*,*,#8342,.F.);
#5616=ORIENTED_EDGE('',*,*,#8343,.F.);
#5617=ORIENTED_EDGE('',*,*,#8332,.F.);
#5618=CARTESIAN_POINT('',(-0.100000000000003,2.79322737842976,-0.08683995258133));
#5619=DIRECTION('',(0.0,0.320472800413029,0.947257717939226));
#5620=DIRECTION('',(0.0,0.947257717939226,-0.320472800413029));
#5621=SURFACE_STYLE_FILL_AREA(#8344);
#5622=ORIENTED_EDGE('',*,*,#8345,.F.);
#5623=ORIENTED_EDGE('',*,*,#8346,.T.);
#5624=ORIENTED_EDGE('',*,*,#8347,.T.);
#5625=ORIENTED_EDGE('',*,*,#8348,.F.);
#5626=ORIENTED_EDGE('',*,*,#8349,.T.);
#5627=ORIENTED_EDGE('',*,*,#8342,.T.);
#5628=CARTESIAN_POINT('',(-0.150000000000003,2.82598269263606,0.16599811692412));
#5629=DIRECTION('',(0.0,0.947257717939226,-0.320472800413029));
#5630=DIRECTION('',(1.0,0.0,0.0));
#5631=SURFACE_STYLE_FILL_AREA(#8350);
#5632=ORIENTED_EDGE('',*,*,#8351,.F.);
#5633=ORIENTED_EDGE('',*,*,#8310,.F.);
#5634=ORIENTED_EDGE('',*,*,#8352,.F.);
#5635=ORIENTED_EDGE('',*,*,#8353,.F.);
#5636=CARTESIAN_POINT('',(-0.175000000000003,0.0250004891626638,1.9999991418601));
#5637=DIRECTION('',(-0.707106781186547,-0.707106781186547,-4.32978028117747E-17));
#5638=DIRECTION('',(-0.707106781186547,0.707106781186547,4.32978028117747E-17));
#5639=SURFACE_STYLE_FILL_AREA(#8354);
#5640=ORIENTED_EDGE('',*,*,#8309,.F.);
#5641=ORIENTED_EDGE('',*,*,#8355,.F.);
#5642=ORIENTED_EDGE('',*,*,#8352,.T.);
#5643=CARTESIAN_POINT('',(-0.100000000000001,0.0250004891626641,0.749668952091811));
#5644=DIRECTION('',(0.0,-6.12323399573676E-17,1.0));
#5645=DIRECTION('',(0.0,-1.0,-6.12323399573676E-17));
#5646=SURFACE_STYLE_FILL_AREA(#8356);
#5647=ORIENTED_EDGE('',*,*,#8357,.F.);
#5648=ORIENTED_EDGE('',*,*,#8358,.T.);
#5649=ORIENTED_EDGE('',*,*,#8312,.F.);
#5650=ORIENTED_EDGE('',*,*,#8359,.T.);
#5651=CARTESIAN_POINT('',(-0.275000000000004,0.204000489162664,0.52));
#5652=DIRECTION('',(-0.0,1.0,6.12323399573676E-17));
#5653=DIRECTION('',(1.0,0.0,0.0));
#5654=SURFACE_STYLE_FILL_AREA(#8360);
#5655=ORIENTED_EDGE('',*,*,#8358,.F.);
#5656=ORIENTED_EDGE('',*,*,#8361,.T.);
#5657=ORIENTED_EDGE('',*,*,#8362,.F.);
#5658=ORIENTED_EDGE('',*,*,#8313,.T.);
#5659=CARTESIAN_POINT('',(-0.275000000000004,0.254000489162664,0.57));
#5660=DIRECTION('',(1.0,0.0,-0.0));
#5661=DIRECTION('',(0.0,1.0,6.12323399573676E-17));
#5662=SURFACE_STYLE_FILL_AREA(#8363);
#5663=ORIENTED_EDGE('',*,*,#8364,.F.);
#5664=ORIENTED_EDGE('',*,*,#8365,.T.);
#5665=ORIENTED_EDGE('',*,*,#8314,.F.);
#5666=ORIENTED_EDGE('',*,*,#8362,.T.);
#5667=CARTESIAN_POINT('',(-0.275000000000004,0.650000489162664,0.52));
#5668=DIRECTION('',(0.0,-6.12323399573676E-17,1.0));
#5669=DIRECTION('',(0.0,-1.0,-6.12323399573676E-17));
#5670=SURFACE_STYLE_FILL_AREA(#8366);
#5671=ORIENTED_EDGE('',*,*,#8367,.F.);
#5672=ORIENTED_EDGE('',*,*,#8368,.T.);
#5673=ORIENTED_EDGE('',*,*,#8306,.F.);
#5674=ORIENTED_EDGE('',*,*,#8369,.T.);
#5675=CARTESIAN_POINT('',(-0.275000000000004,-0.0499995108373359,0.266));
#5676=DIRECTION('',(0.0,6.12323399573676E-17,-1.0));
#5677=DIRECTION('',(1.0,0.0,0.0));
#5678=SURFACE_STYLE_FILL_AREA(#8370);
#5679=ORIENTED_EDGE('',*,*,#8371,.F.);
#5680=ORIENTED_EDGE('',*,*,#8372,.F.);
#5681=ORIENTED_EDGE('',*,*,#8307,.F.);
#5682=ORIENTED_EDGE('',*,*,#8368,.F.);
#5683=CARTESIAN_POINT('',(-0.275000000000004,0.254000489162664,0.57));
#5684=DIRECTION('',(-1.0,-0.0,0.0));
#5685=DIRECTION('',(0.0,-1.0,-6.12323399573676E-17));
#5686=SURFACE_STYLE_FILL_AREA(#8373);
#5687=ORIENTED_EDGE('',*,*,#8374,.F.);
#5688=ORIENTED_EDGE('',*,*,#8353,.T.);
#5689=ORIENTED_EDGE('',*,*,#8355,.T.);
#5690=ORIENTED_EDGE('',*,*,#8308,.F.);
#5691=ORIENTED_EDGE('',*,*,#8372,.T.);
#5692=ORIENTED_EDGE('',*,*,#8375,.F.);
#5693=ORIENTED_EDGE('',*,*,#8376,.T.);
#5694=ORIENTED_EDGE('',*,*,#8377,.T.);
#5695=CARTESIAN_POINT('',(-0.275000000000004,-0.0499995108373362,1.9999991418601));
#5696=DIRECTION('',(0.0,-1.0,-6.12323399573676E-17));
#5697=DIRECTION('',(0.0,-6.12323399573676E-17,1.0));
#5698=SURFACE_STYLE_FILL_AREA(#8378);
#5699=ORIENTED_EDGE('',*,*,#8376,.F.);
#5700=ORIENTED_EDGE('',*,*,#8379,.F.);
#5701=ORIENTED_EDGE('',*,*,#8380,.F.);
#5702=CARTESIAN_POINT('',(0.0999999999999983,0.0250004891626641,0.789075964344281));
#5703=DIRECTION('',(0.0,-6.12323399573676E-17,1.0));
#5704=DIRECTION('',(0.0,-1.0,-6.12323399573676E-17));
#5705=SURFACE_STYLE_FILL_AREA(#8381);
#5706=ORIENTED_EDGE('',*,*,#8382,.F.);
#5707=ORIENTED_EDGE('',*,*,#8377,.F.);
#5708=ORIENTED_EDGE('',*,*,#8380,.T.);
#5709=ORIENTED_EDGE('',*,*,#8383,.F.);
#5710=CARTESIAN_POINT('',(0.174999999999997,0.0250004891626641,-0.01));
#5711=DIRECTION('',(0.707106781186548,-0.707106781186548,-4.32978028117747E-17));
#5712=DIRECTION('',(0.0,-6.12323399573676E-17,1.0));
#5713=SURFACE_STYLE_FILL_AREA(#8384);
#5714=ORIENTED_EDGE('',*,*,#8311,.F.);
#5715=ORIENTED_EDGE('',*,*,#8351,.T.);
#5716=ORIENTED_EDGE('',*,*,#8374,.T.);
#5717=ORIENTED_EDGE('',*,*,#8382,.T.);
#5718=ORIENTED_EDGE('',*,*,#8385,.T.);
#5719=ORIENTED_EDGE('',*,*,#8359,.F.);
#5720=CARTESIAN_POINT('',(-0.275000000000004,0.204000489162664,1.9999991418601));
#5721=DIRECTION('',(0.0,-6.12323399573676E-17,1.0));
#5722=DIRECTION('',(0.0,-1.0,-6.12323399573676E-17));
#5723=SURFACE_STYLE_FILL_AREA(#8386);
#5724=ORIENTED_EDGE('',*,*,#8387,.F.);
#5725=ORIENTED_EDGE('',*,*,#8315,.F.);
#5726=ORIENTED_EDGE('',*,*,#8365,.F.);
#5727=ORIENTED_EDGE('',*,*,#8388,.F.);
#5728=CARTESIAN_POINT('',(-1.33226762955019E-15,0.346000489162664,0.216));
#5729=DIRECTION('',(-1.0,-0.0,0.0));
#5730=DIRECTION('',(0.0,-1.0,-6.12323399573676E-17));
#5731=SURFACE_STYLE_FILL_AREA(#8389);
#5732=ORIENTED_EDGE('',*,*,#8390,.F.);
#5733=ORIENTED_EDGE('',*,*,#8391,.T.);
#5734=ORIENTED_EDGE('',*,*,#8369,.F.);
#5735=ORIENTED_EDGE('',*,*,#8305,.T.);
#5736=CARTESIAN_POINT('',(-0.275000000000004,0.346000489162664,0.216));
#5737=DIRECTION('',(1.0,0.0,-0.0));
#5738=DIRECTION('',(0.0,1.0,6.12323399573676E-17));
#5739=SURFACE_STYLE_FILL_AREA(#8392);
#5740=ORIENTED_EDGE('',*,*,#8393,.F.);
#5741=ORIENTED_EDGE('',*,*,#8388,.T.);
#5742=ORIENTED_EDGE('',*,*,#8364,.T.);
#5743=ORIENTED_EDGE('',*,*,#8361,.F.);
#5744=ORIENTED_EDGE('',*,*,#8357,.T.);
#5745=ORIENTED_EDGE('',*,*,#8385,.F.);
#5746=ORIENTED_EDGE('',*,*,#8383,.T.);
#5747=ORIENTED_EDGE('',*,*,#8379,.T.);
#5748=ORIENTED_EDGE('',*,*,#8375,.T.);
#5749=ORIENTED_EDGE('',*,*,#8371,.T.);
#5750=ORIENTED_EDGE('',*,*,#8367,.T.);
#5751=ORIENTED_EDGE('',*,*,#8391,.F.);
#5752=ORIENTED_EDGE('',*,*,#8394,.T.);
#5753=ORIENTED_EDGE('',*,*,#8395,.F.);
#5754=CARTESIAN_POINT('',(0.174999999999997,-0.199999510837336,-0.01));
#5755=DIRECTION('',(-1.0,0.0,0.0));
#5756=DIRECTION('',(0.0,1.0,6.12323399573676E-17));
#5757=SURFACE_STYLE_FILL_AREA(#8396);
#5758=ORIENTED_EDGE('',*,*,#8397,.F.);
#5759=ORIENTED_EDGE('',*,*,#8395,.T.);
#5760=ORIENTED_EDGE('',*,*,#8398,.T.);
#5761=ORIENTED_EDGE('',*,*,#8399,.T.);
#5762=CARTESIAN_POINT('',(-0.175000000000003,-0.199999510837336,-0.01));
#5763=DIRECTION('',(0.0,6.12323399573676E-17,-1.0));
#5764=DIRECTION('',(1.0,0.0,0.0));
#5765=SURFACE_STYLE_FILL_AREA(#8400);
#5766=ORIENTED_EDGE('',*,*,#8323,.T.);
#5767=ORIENTED_EDGE('',*,*,#8327,.T.);
#5768=ORIENTED_EDGE('',*,*,#8401,.F.);
#5769=ORIENTED_EDGE('',*,*,#8398,.F.);
#5770=ORIENTED_EDGE('',*,*,#8394,.F.);
#5771=ORIENTED_EDGE('',*,*,#8390,.T.);
#5772=ORIENTED_EDGE('',*,*,#8304,.F.);
#5773=ORIENTED_EDGE('',*,*,#8319,.F.);
#5774=CARTESIAN_POINT('',(-0.275000000000004,0.396000489162664,0.266));
#5775=DIRECTION('',(0.0,-1.0,-6.12323399573676E-17));
#5776=DIRECTION('',(0.0,-6.12323399573676E-17,1.0));
#5777=SURFACE_STYLE_FILL_AREA(#8402);
#5778=ORIENTED_EDGE('',*,*,#8403,.F.);
#5779=ORIENTED_EDGE('',*,*,#8399,.F.);
#5780=ORIENTED_EDGE('',*,*,#8401,.T.);
#5781=ORIENTED_EDGE('',*,*,#8326,.T.);
#5782=CARTESIAN_POINT('',(0.274999999999997,-0.0499999999999999,-0.896));
#5783=DIRECTION('',(1.0,0.0,0.0));
#5784=DIRECTION('',(0.0,6.12323399573676E-17,-1.0));
#5785=SURFACE_STYLE_FILL_AREA(#8404);
#5786=ORIENTED_EDGE('',*,*,#8405,.F.);
#5787=ORIENTED_EDGE('',*,*,#8339,.F.);
#5788=ORIENTED_EDGE('',*,*,#7510,.T.);
#5789=ORIENTED_EDGE('',*,*,#8406,.T.);
#5790=CARTESIAN_POINT('',(-0.150000000000003,4.446,-1.15));
#5791=DIRECTION('',(0.0,-6.12323399573676E-17,1.0));
#5792=DIRECTION('',(0.0,-1.0,-6.12323399573676E-17));
#5793=SURFACE_STYLE_FILL_AREA(#8407);
#5794=ORIENTED_EDGE('',*,*,#7518,.T.);
#5795=ORIENTED_EDGE('',*,*,#8408,.T.);
#5796=ORIENTED_EDGE('',*,*,#8409,.F.);
#5797=ORIENTED_EDGE('',*,*,#8410,.F.);
#5798=CARTESIAN_POINT('',(0.00856102929857805,3.0499355305445,0.20456855296129));
#5799=DIRECTION('',(-0.685929791414468,-0.0102675118960516,0.727595285477832));
#5800=DIRECTION('',(-0.727633640712996,4.20033002649031E-17,-0.685965950250267));
#5801=SURFACE_STYLE_FILL_AREA(#8411);
#5802=ORIENTED_EDGE('',*,*,#8412,.F.);
#5803=ORIENTED_EDGE('',*,*,#8413,.F.);
#5804=ORIENTED_EDGE('',*,*,#8408,.F.);
#5805=ORIENTED_EDGE('',*,*,#7521,.F.);
#5806=ORIENTED_EDGE('',*,*,#8414,.F.);
#5807=ORIENTED_EDGE('',*,*,#8415,.F.);
#5808=ORIENTED_EDGE('',*,*,#8416,.F.);
#5809=ORIENTED_EDGE('',*,*,#7514,.T.);
#5810=ORIENTED_EDGE('',*,*,#8417,.T.);
#5811=ORIENTED_EDGE('',*,*,#8418,.F.);
#5812=CARTESIAN_POINT('',(-0.150000000000003,3.05,0.2));
#5813=DIRECTION('',(-1.0,-0.0,0.0));
#5814=DIRECTION('',(0.0,-1.0,-6.12323399573676E-17));
#5815=SURFACE_STYLE_FILL_AREA(#8419);
#5816=ORIENTED_EDGE('',*,*,#7513,.T.);
#5817=ORIENTED_EDGE('',*,*,#8334,.F.);
#5818=ORIENTED_EDGE('',*,*,#8420,.F.);
#5819=ORIENTED_EDGE('',*,*,#8417,.F.);
#5820=CARTESIAN_POINT('',(-0.00856102929858471,3.0499355305445,0.20456855296129));
#5821=DIRECTION('',(-0.685929791414468,0.0102675118960544,-0.727595285477832));
#5822=DIRECTION('',(0.727633640712996,4.20033002649031E-17,-0.685965950250267));
#5823=SURFACE_STYLE_FILL_AREA(#8421);
#5824=ORIENTED_EDGE('',*,*,#8333,.F.);
#5825=ORIENTED_EDGE('',*,*,#8343,.T.);
#5826=ORIENTED_EDGE('',*,*,#8349,.F.);
#5827=ORIENTED_EDGE('',*,*,#8422,.F.);
#5828=ORIENTED_EDGE('',*,*,#8418,.T.);
#5829=ORIENTED_EDGE('',*,*,#8420,.T.);
#5830=CARTESIAN_POINT('',(-0.150000000000003,3.97643376209665,0.622825340177581));
#5831=DIRECTION('',(-0.707106781186547,-0.245418700622769,0.663151311078123));
#5832=DIRECTION('',(-0.684072169757078,4.4663746297978E-17,-0.729414331202673));
#5833=SURFACE_STYLE_FILL_AREA(#8423);
#5834=ORIENTED_EDGE('',*,*,#8347,.F.);
#5835=ORIENTED_EDGE('',*,*,#8424,.T.);
#5836=ORIENTED_EDGE('',*,*,#8425,.F.);
#5837=ORIENTED_EDGE('',*,*,#8409,.T.);
#5838=ORIENTED_EDGE('',*,*,#8413,.T.);
#5839=ORIENTED_EDGE('',*,*,#8426,.F.);
#5840=CARTESIAN_POINT('',(0.0749999999999966,2.86892604789141,0.292930651127981));
#5841=DIRECTION('',(-0.707106781186546,0.245418700622769,-0.663151311078123));
#5842=DIRECTION('',(0.327887107426217,0.944716912510657,5.12556655262417E-17));
#5843=SURFACE_STYLE_FILL_AREA(#8427);
#5844=ORIENTED_EDGE('',*,*,#8428,.F.);
#5845=ORIENTED_EDGE('',*,*,#8429,.T.);
#5846=ORIENTED_EDGE('',*,*,#8430,.F.);
#5847=CARTESIAN_POINT('',(3.86357612569554E-14,3.64672553325348,-2.40066279383548));
#5848=DIRECTION('',(-1.8285407645389E-14,-0.947257717939226,0.320472800413029));
#5849=DIRECTION('',(-1.03940508582747E-30,0.320472800413029,0.947257717939226));
#5850=SURFACE_STYLE_FILL_AREA(#8431);
#5851=ORIENTED_EDGE('',*,*,#8414,.T.);
#5852=ORIENTED_EDGE('',*,*,#7520,.T.);
#5853=ORIENTED_EDGE('',*,*,#8432,.T.);
#5854=ORIENTED_EDGE('',*,*,#8429,.F.);
#5855=ORIENTED_EDGE('',*,*,#8433,.F.);
#5856=CARTESIAN_POINT('',(0.149999999999995,2.88334732391,0.335557248435241));
#5857=DIRECTION('',(-0.707106781186548,-0.226608490357895,-0.66981235588612));
#5858=DIRECTION('',(-0.305184121338135,0.952293364506479,5.11871473712226E-17));
#5859=SURFACE_STYLE_FILL_AREA(#8434);
#5860=ORIENTED_EDGE('',*,*,#8435,.T.);
#5861=ORIENTED_EDGE('',*,*,#8336,.T.);
#5862=ORIENTED_EDGE('',*,*,#8436,.F.);
#5863=CARTESIAN_POINT('',(3.86357612569554E-14,3.64672553325348,-2.40066279383548));
#5864=DIRECTION('',(-1.8285407645389E-14,-0.947257717939226,0.320472800413029));
#5865=DIRECTION('',(-1.03940508582747E-30,0.320472800413029,0.947257717939226));
#5866=SURFACE_STYLE_FILL_AREA(#8437);
#5867=ORIENTED_EDGE('',*,*,#8335,.F.);
#5868=ORIENTED_EDGE('',*,*,#7515,.T.);
#5869=ORIENTED_EDGE('',*,*,#8416,.T.);
#5870=ORIENTED_EDGE('',*,*,#8438,.T.);
#5871=ORIENTED_EDGE('',*,*,#8436,.T.);
#5872=CARTESIAN_POINT('',(-0.15,2.88334732391,0.335557248435251));
#5873=DIRECTION('',(-0.707106781186548,0.226608490357896,0.669812355886121));
#5874=DIRECTION('',(-0.687702291340512,4.44542384773946E-17,-0.725992808838359));
#5875=SURFACE_STYLE_FILL_AREA(#8439);
#5876=ORIENTED_EDGE('',*,*,#8440,.F.);
#5877=ORIENTED_EDGE('',*,*,#8406,.F.);
#5878=ORIENTED_EDGE('',*,*,#7509,.F.);
#5879=ORIENTED_EDGE('',*,*,#8441,.F.);
#5880=ORIENTED_EDGE('',*,*,#8442,.F.);
#5881=ORIENTED_EDGE('',*,*,#8430,.T.);
#5882=ORIENTED_EDGE('',*,*,#8432,.F.);
#5883=ORIENTED_EDGE('',*,*,#7519,.T.);
#5884=ORIENTED_EDGE('',*,*,#8410,.T.);
#5885=ORIENTED_EDGE('',*,*,#8425,.T.);
#5886=ORIENTED_EDGE('',*,*,#8443,.T.);
#5887=ORIENTED_EDGE('',*,*,#8444,.F.);
#5888=ORIENTED_EDGE('',*,*,#8445,.F.);
#5889=CARTESIAN_POINT('',(0.149999999999996,4.446,-0.646));
#5890=DIRECTION('',(-1.0,0.0,0.0));
#5891=DIRECTION('',(0.0,1.0,6.12323399573676E-17));
#5892=SURFACE_STYLE_FILL_AREA(#8446);
#5893=ORIENTED_EDGE('',*,*,#7508,.T.);
#5894=ORIENTED_EDGE('',*,*,#8338,.F.);
#5895=ORIENTED_EDGE('',*,*,#8447,.T.);
#5896=ORIENTED_EDGE('',*,*,#8441,.T.);
#5897=CARTESIAN_POINT('',(-0.150000000000003,4.446,-0.646));
#5898=DIRECTION('',(-1.0,-0.0,0.0));
#5899=DIRECTION('',(0.0,-1.0,-6.12323399573676E-17));
#5900=SURFACE_STYLE_FILL_AREA(#8448);
#5901=ORIENTED_EDGE('',*,*,#8426,.T.);
#5902=ORIENTED_EDGE('',*,*,#8412,.T.);
#5903=ORIENTED_EDGE('',*,*,#8422,.T.);
#5904=ORIENTED_EDGE('',*,*,#8348,.T.);
#5905=CARTESIAN_POINT('',(-0.150000000000003,2.86892604789141,0.292930651127981));
#5906=DIRECTION('',(0.0,0.347074454880702,-0.937837578032179));
#5907=DIRECTION('',(1.0,0.0,0.0));
#5908=SURFACE_STYLE_FILL_AREA(#8449);
#5909=ORIENTED_EDGE('',*,*,#8438,.F.);
#5910=ORIENTED_EDGE('',*,*,#8415,.T.);
#5911=ORIENTED_EDGE('',*,*,#8433,.T.);
#5912=ORIENTED_EDGE('',*,*,#8428,.T.);
#5913=ORIENTED_EDGE('',*,*,#8442,.T.);
#5914=ORIENTED_EDGE('',*,*,#8447,.F.);
#5915=ORIENTED_EDGE('',*,*,#8337,.F.);
#5916=ORIENTED_EDGE('',*,*,#8435,.F.);
#5917=CARTESIAN_POINT('',(-0.150000000000003,3.09807092006195,0.342088657690881));
#5918=DIRECTION('',(-0.0,-0.320472800413027,-0.947257717939227));
#5919=DIRECTION('',(-1.0,0.0,0.0));
#5920=SURFACE_STYLE_FILL_AREA(#8450);
#5921=ORIENTED_EDGE('',*,*,#8451,.F.);
#5922=ORIENTED_EDGE('',*,*,#8443,.F.);
#5923=ORIENTED_EDGE('',*,*,#8424,.F.);
#5924=ORIENTED_EDGE('',*,*,#8346,.F.);
#5925=CARTESIAN_POINT('',(0.0999999999999965,2.87334557853302,0.14997447690347));
#5926=DIRECTION('',(0.0,-0.320472800413029,-0.947257717939226));
#5927=DIRECTION('',(0.0,-0.947257717939226,0.320472800413029));
#5928=SURFACE_STYLE_FILL_AREA(#8452);
#5929=ORIENTED_EDGE('',*,*,#8329,.T.);
#5930=ORIENTED_EDGE('',*,*,#8405,.T.);
#5931=ORIENTED_EDGE('',*,*,#8440,.T.);
#5932=ORIENTED_EDGE('',*,*,#8453,.T.);
#5933=ORIENTED_EDGE('',*,*,#8454,.F.);
#5934=ORIENTED_EDGE('',*,*,#8455,.F.);
#5935=ORIENTED_EDGE('',*,*,#8456,.F.);
#5936=ORIENTED_EDGE('',*,*,#8457,.T.);
#5937=CARTESIAN_POINT('',(-0.22,4.35,-0.749807692307691));
#5938=DIRECTION('',(6.12323399573676E-17,-1.0,-6.12323399573676E-17));
#5939=DIRECTION('',(0.0,6.12323399573676E-17,-1.0));
#5940=SURFACE_STYLE_FILL_AREA(#8458);
#5941=ORIENTED_EDGE('',*,*,#8445,.T.);
#5942=ORIENTED_EDGE('',*,*,#8459,.F.);
#5943=ORIENTED_EDGE('',*,*,#8460,.F.);
#5944=ORIENTED_EDGE('',*,*,#8453,.F.);
#5945=CARTESIAN_POINT('',(-0.22,3.725,-0.0950000000000086));
#5946=DIRECTION('',(9.20162547668843E-18,-0.150273948098259,-0.988644395383376));
#5947=DIRECTION('',(-6.05370097150611E-17,0.988644395383376,-0.150273948098259));
#5948=SURFACE_STYLE_FILL_AREA(#8461);
#5949=ORIENTED_EDGE('',*,*,#8462,.F.);
#5950=ORIENTED_EDGE('',*,*,#8463,.F.);
#5951=ORIENTED_EDGE('',*,*,#8464,.F.);
#5952=ORIENTED_EDGE('',*,*,#8465,.F.);
#5953=CARTESIAN_POINT('',(2.5,0.65,-1.4));
#5954=DIRECTION('',(0.0,-6.12323399573676E-17,1.0));
#5955=DIRECTION('',(0.0,-1.0,-6.12323399573676E-17));
#5956=SURFACE_STYLE_FILL_AREA(#8466);
#5957=ORIENTED_EDGE('',*,*,#8467,.F.);
#5958=ORIENTED_EDGE('',*,*,#8468,.F.);
#5959=ORIENTED_EDGE('',*,*,#8469,.F.);
#5960=ORIENTED_EDGE('',*,*,#8470,.F.);
#5961=CARTESIAN_POINT('',(2.5,0.65,-1.4));
#5962=DIRECTION('',(0.0,-6.12323399573676E-17,1.0));
#5963=DIRECTION('',(0.0,-1.0,-6.12323399573676E-17));
#5964=SURFACE_STYLE_FILL_AREA(#8471);
#5965=ORIENTED_EDGE('',*,*,#8472,.F.);
#5966=ORIENTED_EDGE('',*,*,#8473,.F.);
#5967=ORIENTED_EDGE('',*,*,#8474,.F.);
#5968=ORIENTED_EDGE('',*,*,#8475,.F.);
#5969=CARTESIAN_POINT('',(2.5,0.65,-1.4));
#5970=DIRECTION('',(0.0,-6.12323399573676E-17,1.0));
#5971=DIRECTION('',(0.0,-1.0,-6.12323399573676E-17));
#5972=SURFACE_STYLE_FILL_AREA(#8476);
#5973=ORIENTED_EDGE('',*,*,#8477,.F.);
#5974=ORIENTED_EDGE('',*,*,#8478,.F.);
#5975=ORIENTED_EDGE('',*,*,#8479,.F.);
#5976=ORIENTED_EDGE('',*,*,#8480,.F.);
#5977=CARTESIAN_POINT('',(2.5,0.65,-1.4));
#5978=DIRECTION('',(0.0,-6.12323399573676E-17,1.0));
#5979=DIRECTION('',(0.0,-1.0,-6.12323399573676E-17));
#5980=SURFACE_STYLE_FILL_AREA(#8481);
#5981=ORIENTED_EDGE('',*,*,#8482,.F.);
#5982=ORIENTED_EDGE('',*,*,#8483,.F.);
#5983=ORIENTED_EDGE('',*,*,#8484,.F.);
#5984=ORIENTED_EDGE('',*,*,#8485,.F.);
#5985=CARTESIAN_POINT('',(2.5,0.65,-1.4));
#5986=DIRECTION('',(0.0,-6.12323399573676E-17,1.0));
#5987=DIRECTION('',(0.0,-1.0,-6.12323399573676E-17));
#5988=SURFACE_STYLE_FILL_AREA(#8486);
#5989=ORIENTED_EDGE('',*,*,#8325,.T.);
#5990=ORIENTED_EDGE('',*,*,#8321,.T.);
#5991=ORIENTED_EDGE('',*,*,#8317,.T.);
#5992=ORIENTED_EDGE('',*,*,#8302,.T.);
#5993=ORIENTED_EDGE('',*,*,#8387,.T.);
#5994=ORIENTED_EDGE('',*,*,#8393,.T.);
#5995=ORIENTED_EDGE('',*,*,#8397,.T.);
#5996=ORIENTED_EDGE('',*,*,#8403,.T.);
#5997=ORIENTED_EDGE('',*,*,#8487,.F.);
#5998=ORIENTED_EDGE('',*,*,#8488,.F.);
#5999=ORIENTED_EDGE('',*,*,#8489,.T.);
#6000=ORIENTED_EDGE('',*,*,#8490,.T.);
#6001=ORIENTED_EDGE('',*,*,#8491,.T.);
#6002=ORIENTED_EDGE('',*,*,#8492,.F.);
#6003=ORIENTED_EDGE('',*,*,#8493,.F.);
#6004=ORIENTED_EDGE('',*,*,#8494,.F.);
#6005=ORIENTED_EDGE('',*,*,#8463,.T.);
#6006=ORIENTED_EDGE('',*,*,#8495,.F.);
#6007=CARTESIAN_POINT('',(2.5,0.5,-0.275));
#6008=DIRECTION('',(-0.0,1.0,6.12323399573676E-17));
#6009=DIRECTION('',(1.0,0.0,0.0));
#6010=SURFACE_STYLE_FILL_AREA(#8496);
#6011=ORIENTED_EDGE('',*,*,#7859,.T.);
#6012=ORIENTED_EDGE('',*,*,#7854,.T.);
#6013=ORIENTED_EDGE('',*,*,#7918,.T.);
#6014=ORIENTED_EDGE('',*,*,#7923,.T.);
#6015=ORIENTED_EDGE('',*,*,#8497,.F.);
#6016=ORIENTED_EDGE('',*,*,#8498,.F.);
#6017=ORIENTED_EDGE('',*,*,#8499,.T.);
#6018=ORIENTED_EDGE('',*,*,#8500,.T.);
#6019=ORIENTED_EDGE('',*,*,#8501,.T.);
#6020=ORIENTED_EDGE('',*,*,#8502,.F.);
#6021=ORIENTED_EDGE('',*,*,#8503,.F.);
#6022=ORIENTED_EDGE('',*,*,#8504,.F.);
#6023=ORIENTED_EDGE('',*,*,#8468,.T.);
#6024=ORIENTED_EDGE('',*,*,#8505,.F.);
#6025=CARTESIAN_POINT('',(2.5,0.5,-0.275));
#6026=DIRECTION('',(-0.0,1.0,6.12323399573676E-17));
#6027=DIRECTION('',(1.0,0.0,0.0));
#6028=SURFACE_STYLE_FILL_AREA(#8506);
#6029=ORIENTED_EDGE('',*,*,#8165,.T.);
#6030=ORIENTED_EDGE('',*,*,#8161,.T.);
#6031=ORIENTED_EDGE('',*,*,#8157,.T.);
#6032=ORIENTED_EDGE('',*,*,#8142,.T.);
#6033=ORIENTED_EDGE('',*,*,#8227,.T.);
#6034=ORIENTED_EDGE('',*,*,#8233,.T.);
#6035=ORIENTED_EDGE('',*,*,#8237,.T.);
#6036=ORIENTED_EDGE('',*,*,#8243,.T.);
#6037=ORIENTED_EDGE('',*,*,#8507,.F.);
#6038=ORIENTED_EDGE('',*,*,#8508,.F.);
#6039=ORIENTED_EDGE('',*,*,#8509,.T.);
#6040=ORIENTED_EDGE('',*,*,#8510,.T.);
#6041=ORIENTED_EDGE('',*,*,#8511,.T.);
#6042=ORIENTED_EDGE('',*,*,#8512,.F.);
#6043=ORIENTED_EDGE('',*,*,#8513,.F.);
#6044=ORIENTED_EDGE('',*,*,#8514,.F.);
#6045=ORIENTED_EDGE('',*,*,#8473,.T.);
#6046=ORIENTED_EDGE('',*,*,#8515,.F.);
#6047=CARTESIAN_POINT('',(2.5,0.5,-0.275));
#6048=DIRECTION('',(-0.0,1.0,6.12323399573676E-17));
#6049=DIRECTION('',(1.0,0.0,0.0));
#6050=SURFACE_STYLE_FILL_AREA(#8516);
#6051=ORIENTED_EDGE('',*,*,#7731,.T.);
#6052=ORIENTED_EDGE('',*,*,#7726,.T.);
#6053=ORIENTED_EDGE('',*,*,#7790,.T.);
#6054=ORIENTED_EDGE('',*,*,#7795,.T.);
#6055=ORIENTED_EDGE('',*,*,#8517,.F.);
#6056=ORIENTED_EDGE('',*,*,#8518,.F.);
#6057=ORIENTED_EDGE('',*,*,#8519,.T.);
#6058=ORIENTED_EDGE('',*,*,#8520,.T.);
#6059=ORIENTED_EDGE('',*,*,#8521,.T.);
#6060=ORIENTED_EDGE('',*,*,#8522,.F.);
#6061=ORIENTED_EDGE('',*,*,#8523,.F.);
#6062=ORIENTED_EDGE('',*,*,#8524,.F.);
#6063=ORIENTED_EDGE('',*,*,#8478,.T.);
#6064=ORIENTED_EDGE('',*,*,#8525,.F.);
#6065=CARTESIAN_POINT('',(2.5,0.5,-0.275));
#6066=DIRECTION('',(-0.0,1.0,6.12323399573676E-17));
#6067=DIRECTION('',(1.0,0.0,0.0));
#6068=SURFACE_STYLE_FILL_AREA(#8526);
#6069=ORIENTED_EDGE('',*,*,#8005,.T.);
#6070=ORIENTED_EDGE('',*,*,#8001,.T.);
#6071=ORIENTED_EDGE('',*,*,#7997,.T.);
#6072=ORIENTED_EDGE('',*,*,#7982,.T.);
#6073=ORIENTED_EDGE('',*,*,#8067,.T.);
#6074=ORIENTED_EDGE('',*,*,#8073,.T.);
#6075=ORIENTED_EDGE('',*,*,#8077,.T.);
#6076=ORIENTED_EDGE('',*,*,#8083,.T.);
#6077=ORIENTED_EDGE('',*,*,#8527,.F.);
#6078=ORIENTED_EDGE('',*,*,#8528,.F.);
#6079=ORIENTED_EDGE('',*,*,#8529,.T.);
#6080=ORIENTED_EDGE('',*,*,#8530,.T.);
#6081=ORIENTED_EDGE('',*,*,#8531,.T.);
#6082=ORIENTED_EDGE('',*,*,#8532,.F.);
#6083=ORIENTED_EDGE('',*,*,#8533,.F.);
#6084=ORIENTED_EDGE('',*,*,#8534,.F.);
#6085=ORIENTED_EDGE('',*,*,#8483,.T.);
#6086=ORIENTED_EDGE('',*,*,#8535,.F.);
#6087=CARTESIAN_POINT('',(2.5,0.5,-0.275));
#6088=DIRECTION('',(-0.0,1.0,6.12323399573676E-17));
#6089=DIRECTION('',(1.0,0.0,0.0));
#6090=SURFACE_STYLE_FILL_AREA(#8536);
#6091=ORIENTED_EDGE('',*,*,#7603,.T.);
#6092=ORIENTED_EDGE('',*,*,#7598,.T.);
#6093=ORIENTED_EDGE('',*,*,#7662,.T.);
#6094=ORIENTED_EDGE('',*,*,#7667,.T.);
#6095=ORIENTED_EDGE('',*,*,#8537,.F.);
#6096=ORIENTED_EDGE('',*,*,#8538,.F.);
#6097=ORIENTED_EDGE('',*,*,#8539,.T.);
#6098=ORIENTED_EDGE('',*,*,#8540,.T.);
#6099=ORIENTED_EDGE('',*,*,#8541,.T.);
#6100=ORIENTED_EDGE('',*,*,#8542,.F.);
#6101=ORIENTED_EDGE('',*,*,#8543,.F.);
#6102=ORIENTED_EDGE('',*,*,#8544,.F.);
#6103=ORIENTED_EDGE('',*,*,#8545,.T.);
#6104=ORIENTED_EDGE('',*,*,#8546,.F.);
#6105=CARTESIAN_POINT('',(2.5,0.5,-0.275));
#6106=DIRECTION('',(-0.0,1.0,6.12323399573676E-17));
#6107=DIRECTION('',(1.0,0.0,0.0));
#6108=SURFACE_STYLE_FILL_AREA(#8547);
#6109=ORIENTED_EDGE('',*,*,#8548,.F.);
#6110=ORIENTED_EDGE('',*,*,#8545,.F.);
#6111=ORIENTED_EDGE('',*,*,#8549,.F.);
#6112=ORIENTED_EDGE('',*,*,#8550,.F.);
#6113=CARTESIAN_POINT('',(2.5,0.65,-1.4));
#6114=DIRECTION('',(0.0,-6.12323399573676E-17,1.0));
#6115=DIRECTION('',(0.0,-1.0,-6.12323399573676E-17));
#6116=SURFACE_STYLE_FILL_AREA(#8551);
#6117=ORIENTED_EDGE('',*,*,#8544,.T.);
#6118=ORIENTED_EDGE('',*,*,#8552,.T.);
#6119=ORIENTED_EDGE('',*,*,#8553,.T.);
#6120=CARTESIAN_POINT('',(-9.685,0.65,-1.4));
#6121=DIRECTION('',(-8.60477914671025E-17,-6.12323399573676E-17,1.0));
#6122=DIRECTION('',(-1.0,5.2689076196943E-33,-8.60477914671025E-17));
#6123=SURFACE_STYLE_FILL_AREA(#8554);
#6124=ORIENTED_EDGE('',*,*,#8543,.T.);
#6125=ORIENTED_EDGE('',*,*,#8555,.F.);
#6126=ORIENTED_EDGE('',*,*,#8556,.F.);
#6127=ORIENTED_EDGE('',*,*,#8552,.F.);
#6128=CARTESIAN_POINT('',(4.575,0.25,0.85));
#6129=DIRECTION('',(0.990678839845296,-0.136218340478729,-2.23433638711036E-15));
#6130=DIRECTION('',(-4.00131996868435E-31,-1.64026105387715E-14,1.0));
#6131=SURFACE_STYLE_FILL_AREA(#8557);
#6132=ORIENTED_EDGE('',*,*,#8542,.T.);
#6133=ORIENTED_EDGE('',*,*,#8558,.T.);
#6134=ORIENTED_EDGE('',*,*,#8555,.T.);
#6135=CARTESIAN_POINT('',(-10.315,0.65,-0.62));
#6136=DIRECTION('',(0.0,6.12323399573676E-17,-1.0));
#6137=DIRECTION('',(1.0,0.0,0.0));
#6138=SURFACE_STYLE_FILL_AREA(#8559);
#6139=ORIENTED_EDGE('',*,*,#8534,.T.);
#6140=ORIENTED_EDGE('',*,*,#8560,.T.);
#6141=ORIENTED_EDGE('',*,*,#8561,.T.);
#6142=CARTESIAN_POINT('',(-10.685,0.65,-1.4));
#6143=DIRECTION('',(-8.60477914671025E-17,-6.12323399573676E-17,1.0));
#6144=DIRECTION('',(-1.0,5.2689076196943E-33,-8.60477914671025E-17));
#6145=SURFACE_STYLE_FILL_AREA(#8562);
#6146=ORIENTED_EDGE('',*,*,#8563,.F.);
#6147=ORIENTED_EDGE('',*,*,#8564,.F.);
#6148=ORIENTED_EDGE('',*,*,#8565,.F.);
#6149=ORIENTED_EDGE('',*,*,#8566,.T.);
#6150=ORIENTED_EDGE('',*,*,#8567,.F.);
#6151=ORIENTED_EDGE('',*,*,#8568,.F.);
#6152=ORIENTED_EDGE('',*,*,#8569,.T.);
#6153=ORIENTED_EDGE('',*,*,#8570,.T.);
#6154=ORIENTED_EDGE('',*,*,#8490,.F.);
#6155=ORIENTED_EDGE('',*,*,#8571,.T.);
#6156=ORIENTED_EDGE('',*,*,#8572,.T.);
#6157=ORIENTED_EDGE('',*,*,#8573,.T.);
#6158=ORIENTED_EDGE('',*,*,#8500,.F.);
#6159=ORIENTED_EDGE('',*,*,#8574,.T.);
#6160=ORIENTED_EDGE('',*,*,#8575,.T.);
#6161=ORIENTED_EDGE('',*,*,#8576,.T.);
#6162=ORIENTED_EDGE('',*,*,#8510,.F.);
#6163=ORIENTED_EDGE('',*,*,#8577,.T.);
#6164=ORIENTED_EDGE('',*,*,#8578,.T.);
#6165=ORIENTED_EDGE('',*,*,#8579,.T.);
#6166=ORIENTED_EDGE('',*,*,#8520,.F.);
#6167=ORIENTED_EDGE('',*,*,#8580,.T.);
#6168=ORIENTED_EDGE('',*,*,#8581,.T.);
#6169=ORIENTED_EDGE('',*,*,#8582,.T.);
#6170=ORIENTED_EDGE('',*,*,#8530,.F.);
#6171=ORIENTED_EDGE('',*,*,#8583,.T.);
#6172=ORIENTED_EDGE('',*,*,#8584,.T.);
#6173=ORIENTED_EDGE('',*,*,#8585,.T.);
#6174=ORIENTED_EDGE('',*,*,#8540,.F.);
#6175=ORIENTED_EDGE('',*,*,#8586,.T.);
#6176=ORIENTED_EDGE('',*,*,#8587,.T.);
#6177=ORIENTED_EDGE('',*,*,#8588,.F.);
#6178=ORIENTED_EDGE('',*,*,#8589,.F.);
#6179=ORIENTED_EDGE('',*,*,#8590,.T.);
#6180=ORIENTED_EDGE('',*,*,#8591,.F.);
#6181=ORIENTED_EDGE('',*,*,#8592,.F.);
#6182=ORIENTED_EDGE('',*,*,#8593,.T.);
#6183=ORIENTED_EDGE('',*,*,#8594,.F.);
#6184=CARTESIAN_POINT('',(-25.025,0.0499999999999999,0.85));
#6185=DIRECTION('',(0.0,-6.12323399573676E-17,1.0));
#6186=DIRECTION('',(0.0,-1.0,-6.12323399573676E-17));
#6187=SURFACE_STYLE_FILL_AREA(#8595);
#6188=ORIENTED_EDGE('',*,*,#8533,.T.);
#6189=ORIENTED_EDGE('',*,*,#8596,.F.);
#6190=ORIENTED_EDGE('',*,*,#8597,.F.);
#6191=ORIENTED_EDGE('',*,*,#8560,.F.);
#6192=CARTESIAN_POINT('',(3.575,0.25,0.85));
#6193=DIRECTION('',(0.990678839845296,-0.136218340478729,-2.23433638711036E-15));
#6194=DIRECTION('',(-4.00131996868435E-31,-1.64026105387715E-14,1.0));
#6195=SURFACE_STYLE_FILL_AREA(#8598);
#6196=ORIENTED_EDGE('',*,*,#8532,.T.);
#6197=ORIENTED_EDGE('',*,*,#8599,.T.);
#6198=ORIENTED_EDGE('',*,*,#8596,.T.);
#6199=CARTESIAN_POINT('',(-11.315,0.65,-0.62));
#6200=DIRECTION('',(0.0,6.12323399573676E-17,-1.0));
#6201=DIRECTION('',(1.0,0.0,0.0));
#6202=SURFACE_STYLE_FILL_AREA(#8600);
#6203=ORIENTED_EDGE('',*,*,#8524,.T.);
#6204=ORIENTED_EDGE('',*,*,#8601,.T.);
#6205=ORIENTED_EDGE('',*,*,#8602,.T.);
#6206=CARTESIAN_POINT('',(-11.685,0.65,-1.4));
#6207=DIRECTION('',(-8.60477914671025E-17,-6.12323399573676E-17,1.0));
#6208=DIRECTION('',(-1.0,5.2689076196943E-33,-8.60477914671025E-17));
#6209=SURFACE_STYLE_FILL_AREA(#8603);
#6210=ORIENTED_EDGE('',*,*,#8523,.T.);
#6211=ORIENTED_EDGE('',*,*,#8604,.F.);
#6212=ORIENTED_EDGE('',*,*,#8605,.F.);
#6213=ORIENTED_EDGE('',*,*,#8601,.F.);
#6214=CARTESIAN_POINT('',(2.575,0.25,0.85));
#6215=DIRECTION('',(0.990678839845296,-0.136218340478729,-2.23433638711036E-15));
#6216=DIRECTION('',(-4.00131996868435E-31,-1.64026105387715E-14,1.0));
#6217=SURFACE_STYLE_FILL_AREA(#8606);
#6218=ORIENTED_EDGE('',*,*,#8522,.T.);
#6219=ORIENTED_EDGE('',*,*,#8607,.T.);
#6220=ORIENTED_EDGE('',*,*,#8604,.T.);
#6221=CARTESIAN_POINT('',(-12.315,0.65,-0.62));
#6222=DIRECTION('',(0.0,6.12323399573676E-17,-1.0));
#6223=DIRECTION('',(1.0,0.0,0.0));
#6224=SURFACE_STYLE_FILL_AREA(#8608);
#6225=ORIENTED_EDGE('',*,*,#8514,.T.);
#6226=ORIENTED_EDGE('',*,*,#8609,.T.);
#6227=ORIENTED_EDGE('',*,*,#8610,.T.);
#6228=CARTESIAN_POINT('',(-12.685,0.65,-1.4));
#6229=DIRECTION('',(-8.60477914671025E-17,-6.12323399573676E-17,1.0));
#6230=DIRECTION('',(-1.0,5.2689076196943E-33,-8.60477914671025E-17));
#6231=SURFACE_STYLE_FILL_AREA(#8611);
#6232=ORIENTED_EDGE('',*,*,#8513,.T.);
#6233=ORIENTED_EDGE('',*,*,#8612,.F.);
#6234=ORIENTED_EDGE('',*,*,#8613,.F.);
#6235=ORIENTED_EDGE('',*,*,#8609,.F.);
#6236=CARTESIAN_POINT('',(1.575,0.25,0.85));
#6237=DIRECTION('',(0.990678839845296,-0.136218340478729,-2.23433638711036E-15));
#6238=DIRECTION('',(-4.00131996868435E-31,-1.64026105387715E-14,1.0));
#6239=SURFACE_STYLE_FILL_AREA(#8614);
#6240=ORIENTED_EDGE('',*,*,#8512,.T.);
#6241=ORIENTED_EDGE('',*,*,#8615,.T.);
#6242=ORIENTED_EDGE('',*,*,#8612,.T.);
#6243=CARTESIAN_POINT('',(-13.315,0.65,-0.62));
#6244=DIRECTION('',(0.0,6.12323399573676E-17,-1.0));
#6245=DIRECTION('',(1.0,0.0,0.0));
#6246=SURFACE_STYLE_FILL_AREA(#8616);
#6247=ORIENTED_EDGE('',*,*,#8504,.T.);
#6248=ORIENTED_EDGE('',*,*,#8617,.T.);
#6249=ORIENTED_EDGE('',*,*,#8618,.T.);
#6250=CARTESIAN_POINT('',(-13.685,0.65,-1.4));
#6251=DIRECTION('',(-8.60477914671025E-17,-6.12323399573676E-17,1.0));
#6252=DIRECTION('',(-1.0,5.2689076196943E-33,-8.60477914671025E-17));
#6253=SURFACE_STYLE_FILL_AREA(#8619);
#6254=ORIENTED_EDGE('',*,*,#8503,.T.);
#6255=ORIENTED_EDGE('',*,*,#8620,.F.);
#6256=ORIENTED_EDGE('',*,*,#8621,.F.);
#6257=ORIENTED_EDGE('',*,*,#8617,.F.);
#6258=CARTESIAN_POINT('',(0.574999999999996,0.25,0.85));
#6259=DIRECTION('',(0.990678839845296,-0.136218340478729,-2.23433638711036E-15));
#6260=DIRECTION('',(-4.00131996868435E-31,-1.64026105387715E-14,1.0));
#6261=SURFACE_STYLE_FILL_AREA(#8622);
#6262=ORIENTED_EDGE('',*,*,#8494,.T.);
#6263=ORIENTED_EDGE('',*,*,#8623,.T.);
#6264=ORIENTED_EDGE('',*,*,#8624,.T.);
#6265=CARTESIAN_POINT('',(0.315,0.65,-1.4));
#6266=DIRECTION('',(-8.60477914671025E-17,-6.12323399573676E-17,1.0));
#6267=DIRECTION('',(-1.0,5.2689076196943E-33,-8.60477914671025E-17));
#6268=SURFACE_STYLE_FILL_AREA(#8625);
#6269=ORIENTED_EDGE('',*,*,#8502,.T.);
#6270=ORIENTED_EDGE('',*,*,#8626,.T.);
#6271=ORIENTED_EDGE('',*,*,#8620,.T.);
#6272=CARTESIAN_POINT('',(-14.315,0.65,-0.62));
#6273=DIRECTION('',(0.0,6.12323399573676E-17,-1.0));
#6274=DIRECTION('',(1.0,0.0,0.0));
#6275=SURFACE_STYLE_FILL_AREA(#8627);
#6276=ORIENTED_EDGE('',*,*,#8493,.T.);
#6277=ORIENTED_EDGE('',*,*,#8628,.F.);
#6278=ORIENTED_EDGE('',*,*,#8629,.F.);
#6279=ORIENTED_EDGE('',*,*,#8623,.F.);
#6280=CARTESIAN_POINT('',(-0.425,0.25,0.85));
#6281=DIRECTION('',(0.990678839845296,-0.136218340478729,-2.23433638711036E-15));
#6282=DIRECTION('',(-4.00131996868435E-31,-1.64026105387715E-14,1.0));
#6283=SURFACE_STYLE_FILL_AREA(#8630);
#6284=ORIENTED_EDGE('',*,*,#8492,.T.);
#6285=ORIENTED_EDGE('',*,*,#8631,.T.);
#6286=ORIENTED_EDGE('',*,*,#8628,.T.);
#6287=CARTESIAN_POINT('',(-0.315,0.65,-0.62));
#6288=DIRECTION('',(0.0,6.12323399573676E-17,-1.0));
#6289=DIRECTION('',(1.0,0.0,0.0));
#6290=SURFACE_STYLE_FILL_AREA(#8632);
#6291=ORIENTED_EDGE('',*,*,#8633,.F.);
#6292=ORIENTED_EDGE('',*,*,#8634,.F.);
#6293=ORIENTED_EDGE('',*,*,#7719,.T.);
#6294=ORIENTED_EDGE('',*,*,#8635,.F.);
#6295=CARTESIAN_POINT('',(4.78,5.0387273196131,-1.3493496530546));
#6296=DIRECTION('',(3.52677061740574E-18,-0.0575965350966696,-0.998339941675609));
#6297=DIRECTION('',(-6.11306907016995E-17,0.998339941675609,-0.0575965350966696));
#6298=SURFACE_STYLE_FILL_AREA(#8636);
#6299=ORIENTED_EDGE('',*,*,#8637,.F.);
#6300=ORIENTED_EDGE('',*,*,#8635,.T.);
#6301=ORIENTED_EDGE('',*,*,#7718,.T.);
#6302=ORIENTED_EDGE('',*,*,#7724,.T.);
#6303=ORIENTED_EDGE('',*,*,#8638,.F.);
#6304=ORIENTED_EDGE('',*,*,#8639,.F.);
#6305=CARTESIAN_POINT('',(5.22,4.62452796695923,-0.412995983597458));
#6306=DIRECTION('',(1.0,6.12323399573676E-17,3.74939945665464E-33));
#6307=DIRECTION('',(6.12323399573676E-17,-1.0,-6.12323399573676E-17));
#6308=SURFACE_STYLE_FILL_AREA(#8640);
#6309=ORIENTED_EDGE('',*,*,#7614,.T.);
#6310=ORIENTED_EDGE('',*,*,#7721,.F.);
#6311=ORIENTED_EDGE('',*,*,#8641,.F.);
#6312=ORIENTED_EDGE('',*,*,#8642,.F.);
#6313=CARTESIAN_POINT('',(4.78,3.725,-0.0950000000000086));
#6314=DIRECTION('',(9.20162547668843E-18,-0.150273948098259,-0.988644395383376));
#6315=DIRECTION('',(-6.05370097150611E-17,0.988644395383376,-0.150273948098259));
#6316=SURFACE_STYLE_FILL_AREA(#8643);
#6317=ORIENTED_EDGE('',*,*,#8644,.F.);
#6318=ORIENTED_EDGE('',*,*,#8645,.F.);
#6319=ORIENTED_EDGE('',*,*,#8646,.F.);
#6320=ORIENTED_EDGE('',*,*,#8641,.T.);
#6321=ORIENTED_EDGE('',*,*,#7720,.T.);
#6322=ORIENTED_EDGE('',*,*,#8634,.T.);
#6323=CARTESIAN_POINT('',(4.78,4.62452796695923,-0.412995983597458));
#6324=DIRECTION('',(1.0,6.12323399573676E-17,3.74939945665464E-33));
#6325=DIRECTION('',(6.12323399573676E-17,-1.0,-6.12323399573676E-17));
#6326=SURFACE_STYLE_FILL_AREA(#8647);
#6327=ORIENTED_EDGE('',*,*,#8648,.F.);
#6328=ORIENTED_EDGE('',*,*,#8649,.T.);
#6329=ORIENTED_EDGE('',*,*,#8650,.F.);
#6330=ORIENTED_EDGE('',*,*,#8651,.F.);
#6331=ORIENTED_EDGE('',*,*,#8652,.F.);
#6332=ORIENTED_EDGE('',*,*,#8644,.T.);
#6333=ORIENTED_EDGE('',*,*,#8633,.T.);
#6334=ORIENTED_EDGE('',*,*,#8637,.T.);
#6335=ORIENTED_EDGE('',*,*,#8653,.T.);
#6336=ORIENTED_EDGE('',*,*,#8654,.F.);
#6337=ORIENTED_EDGE('',*,*,#8655,.T.);
#6338=ORIENTED_EDGE('',*,*,#8656,.F.);
#6339=ORIENTED_EDGE('',*,*,#8657,.T.);
#6340=ORIENTED_EDGE('',*,*,#8658,.T.);
#6341=ORIENTED_EDGE('',*,*,#8659,.T.);
#6342=ORIENTED_EDGE('',*,*,#8660,.T.);
#6343=ORIENTED_EDGE('',*,*,#8661,.T.);
#6344=ORIENTED_EDGE('',*,*,#8662,.T.);
#6345=ORIENTED_EDGE('',*,*,#8663,.T.);
#6346=ORIENTED_EDGE('',*,*,#8664,.T.);
#6347=ORIENTED_EDGE('',*,*,#8665,.T.);
#6348=ORIENTED_EDGE('',*,*,#8666,.T.);
#6349=ORIENTED_EDGE('',*,*,#8667,.T.);
#6350=ORIENTED_EDGE('',*,*,#8668,.T.);
#6351=ORIENTED_EDGE('',*,*,#8669,.T.);
#6352=ORIENTED_EDGE('',*,*,#8670,.T.);
#6353=ORIENTED_EDGE('',*,*,#8671,.T.);
#6354=ORIENTED_EDGE('',*,*,#8672,.T.);
#6355=ORIENTED_EDGE('',*,*,#8673,.T.);
#6356=ORIENTED_EDGE('',*,*,#8674,.T.);
#6357=ORIENTED_EDGE('',*,*,#8675,.T.);
#6358=ORIENTED_EDGE('',*,*,#8676,.T.);
#6359=ORIENTED_EDGE('',*,*,#8677,.T.);
#6360=CARTESIAN_POINT('',(5.2,5.05,-1.15));
#6361=DIRECTION('',(6.12323399573676E-17,1.0,6.12323399573676E-17));
#6362=DIRECTION('',(0.0,6.12323399573676E-17,-1.0));
#6363=SURFACE_STYLE_FILL_AREA(#8678);
#6364=ORIENTED_EDGE('',*,*,#8639,.T.);
#6365=ORIENTED_EDGE('',*,*,#8679,.F.);
#6366=ORIENTED_EDGE('',*,*,#8680,.F.);
#6367=ORIENTED_EDGE('',*,*,#8653,.F.);
#6368=CARTESIAN_POINT('',(5.2,4.5,-0.549999999999999));
#6369=DIRECTION('',(-1.0,6.12323399573676E-17,3.74939945665464E-33));
#6370=DIRECTION('',(6.12323399573676E-17,1.0,6.12323399573676E-17));
#6371=SURFACE_STYLE_FILL_AREA(#8681);
#6372=ORIENTED_EDGE('',*,*,#8675,.F.);
#6373=ORIENTED_EDGE('',*,*,#8682,.F.);
#6374=ORIENTED_EDGE('',*,*,#8135,.T.);
#6375=ORIENTED_EDGE('',*,*,#8683,.F.);
#6376=CARTESIAN_POINT('',(3.78,5.0387273196131,-1.3493496530546));
#6377=DIRECTION('',(3.52677061740574E-18,-0.0575965350966696,-0.998339941675609));
#6378=DIRECTION('',(-6.11306907016995E-17,0.998339941675609,-0.0575965350966696));
#6379=SURFACE_STYLE_FILL_AREA(#8684);
#6380=ORIENTED_EDGE('',*,*,#8676,.F.);
#6381=ORIENTED_EDGE('',*,*,#8683,.T.);
#6382=ORIENTED_EDGE('',*,*,#8134,.T.);
#6383=ORIENTED_EDGE('',*,*,#8140,.T.);
#6384=ORIENTED_EDGE('',*,*,#8685,.F.);
#6385=ORIENTED_EDGE('',*,*,#8686,.F.);
#6386=CARTESIAN_POINT('',(4.22,4.62452796695923,-0.412995983597458));
#6387=DIRECTION('',(1.0,6.12323399573676E-17,3.74939945665464E-33));
#6388=DIRECTION('',(6.12323399573676E-17,-1.0,-6.12323399573676E-17));
#6389=SURFACE_STYLE_FILL_AREA(#8687);
#6390=ORIENTED_EDGE('',*,*,#8010,.T.);
#6391=ORIENTED_EDGE('',*,*,#8137,.F.);
#6392=ORIENTED_EDGE('',*,*,#8688,.F.);
#6393=ORIENTED_EDGE('',*,*,#8689,.F.);
#6394=CARTESIAN_POINT('',(3.78,3.725,-0.0950000000000086));
#6395=DIRECTION('',(9.20162547668843E-18,-0.150273948098259,-0.988644395383376));
#6396=DIRECTION('',(-6.05370097150611E-17,0.988644395383376,-0.150273948098259));
#6397=SURFACE_STYLE_FILL_AREA(#8690);
#6398=ORIENTED_EDGE('',*,*,#8674,.F.);
#6399=ORIENTED_EDGE('',*,*,#8691,.F.);
#6400=ORIENTED_EDGE('',*,*,#8692,.F.);
#6401=ORIENTED_EDGE('',*,*,#8688,.T.);
#6402=ORIENTED_EDGE('',*,*,#8136,.T.);
#6403=ORIENTED_EDGE('',*,*,#8682,.T.);
#6404=CARTESIAN_POINT('',(3.78,4.62452796695923,-0.412995983597458));
#6405=DIRECTION('',(1.0,6.12323399573676E-17,3.74939945665464E-33));
#6406=DIRECTION('',(6.12323399573676E-17,-1.0,-6.12323399573676E-17));
#6407=SURFACE_STYLE_FILL_AREA(#8693);
#6408=ORIENTED_EDGE('',*,*,#8645,.T.);
#6409=ORIENTED_EDGE('',*,*,#8677,.F.);
#6410=ORIENTED_EDGE('',*,*,#8686,.T.);
#6411=ORIENTED_EDGE('',*,*,#8694,.F.);
#6412=CARTESIAN_POINT('',(5.2,4.5,-0.549999999999999));
#6413=DIRECTION('',(-1.0,6.12323399573676E-17,3.74939945665464E-33));
#6414=DIRECTION('',(6.12323399573676E-17,1.0,6.12323399573676E-17));
#6415=SURFACE_STYLE_FILL_AREA(#8695);
#6416=ORIENTED_EDGE('',*,*,#8671,.F.);
#6417=ORIENTED_EDGE('',*,*,#8696,.F.);
#6418=ORIENTED_EDGE('',*,*,#7847,.T.);
#6419=ORIENTED_EDGE('',*,*,#8697,.F.);
#6420=CARTESIAN_POINT('',(2.78,5.0387273196131,-1.3493496530546));
#6421=DIRECTION('',(3.52677061740574E-18,-0.0575965350966696,-0.998339941675609));
#6422=DIRECTION('',(-6.11306907016995E-17,0.998339941675609,-0.0575965350966696));
#6423=SURFACE_STYLE_FILL_AREA(#8698);
#6424=ORIENTED_EDGE('',*,*,#8672,.F.);
#6425=ORIENTED_EDGE('',*,*,#8697,.T.);
#6426=ORIENTED_EDGE('',*,*,#7846,.T.);
#6427=ORIENTED_EDGE('',*,*,#7852,.T.);
#6428=ORIENTED_EDGE('',*,*,#8699,.F.);
#6429=ORIENTED_EDGE('',*,*,#8700,.F.);
#6430=CARTESIAN_POINT('',(3.22,4.62452796695923,-0.412995983597458));
#6431=DIRECTION('',(1.0,6.12323399573676E-17,3.74939945665464E-33));
#6432=DIRECTION('',(6.12323399573676E-17,-1.0,-6.12323399573676E-17));
#6433=SURFACE_STYLE_FILL_AREA(#8701);
#6434=ORIENTED_EDGE('',*,*,#7742,.T.);
#6435=ORIENTED_EDGE('',*,*,#7849,.F.);
#6436=ORIENTED_EDGE('',*,*,#8702,.F.);
#6437=ORIENTED_EDGE('',*,*,#8703,.F.);
#6438=CARTESIAN_POINT('',(2.78,3.725,-0.0950000000000086));
#6439=DIRECTION('',(9.20162547668843E-18,-0.150273948098259,-0.988644395383376));
#6440=DIRECTION('',(-6.05370097150611E-17,0.988644395383376,-0.150273948098259));
#6441=SURFACE_STYLE_FILL_AREA(#8704);
#6442=ORIENTED_EDGE('',*,*,#8670,.F.);
#6443=ORIENTED_EDGE('',*,*,#8705,.F.);
#6444=ORIENTED_EDGE('',*,*,#8706,.F.);
#6445=ORIENTED_EDGE('',*,*,#8702,.T.);
#6446=ORIENTED_EDGE('',*,*,#7848,.T.);
#6447=ORIENTED_EDGE('',*,*,#8696,.T.);
#6448=CARTESIAN_POINT('',(2.78,4.62452796695923,-0.412995983597458));
#6449=DIRECTION('',(1.0,6.12323399573676E-17,3.74939945665464E-33));
#6450=DIRECTION('',(6.12323399573676E-17,-1.0,-6.12323399573676E-17));
#6451=SURFACE_STYLE_FILL_AREA(#8707);
#6452=ORIENTED_EDGE('',*,*,#8691,.T.);
#6453=ORIENTED_EDGE('',*,*,#8673,.F.);
#6454=ORIENTED_EDGE('',*,*,#8700,.T.);
#6455=ORIENTED_EDGE('',*,*,#8708,.F.);
#6456=CARTESIAN_POINT('',(5.2,4.5,-0.549999999999999));
#6457=DIRECTION('',(-1.0,6.12323399573676E-17,3.74939945665464E-33));
#6458=DIRECTION('',(6.12323399573676E-17,1.0,6.12323399573676E-17));
#6459=SURFACE_STYLE_FILL_AREA(#8709);
#6460=ORIENTED_EDGE('',*,*,#8667,.F.);
#6461=ORIENTED_EDGE('',*,*,#8710,.F.);
#6462=ORIENTED_EDGE('',*,*,#8295,.T.);
#6463=ORIENTED_EDGE('',*,*,#8711,.F.);
#6464=CARTESIAN_POINT('',(1.78,5.0387273196131,-1.3493496530546));
#6465=DIRECTION('',(3.52677061740574E-18,-0.0575965350966696,-0.998339941675609));
#6466=DIRECTION('',(-6.11306907016995E-17,0.998339941675609,-0.0575965350966696));
#6467=SURFACE_STYLE_FILL_AREA(#8712);
#6468=ORIENTED_EDGE('',*,*,#8668,.F.);
#6469=ORIENTED_EDGE('',*,*,#8711,.T.);
#6470=ORIENTED_EDGE('',*,*,#8294,.T.);
#6471=ORIENTED_EDGE('',*,*,#8300,.T.);
#6472=ORIENTED_EDGE('',*,*,#8713,.F.);
#6473=ORIENTED_EDGE('',*,*,#8714,.F.);
#6474=CARTESIAN_POINT('',(2.22,4.62452796695923,-0.412995983597458));
#6475=DIRECTION('',(1.0,6.12323399573676E-17,3.74939945665464E-33));
#6476=DIRECTION('',(6.12323399573676E-17,-1.0,-6.12323399573676E-17));
#6477=SURFACE_STYLE_FILL_AREA(#8715);
#6478=ORIENTED_EDGE('',*,*,#8170,.T.);
#6479=ORIENTED_EDGE('',*,*,#8297,.F.);
#6480=ORIENTED_EDGE('',*,*,#8716,.F.);
#6481=ORIENTED_EDGE('',*,*,#8717,.F.);
#6482=CARTESIAN_POINT('',(1.78,3.725,-0.0950000000000086));
#6483=DIRECTION('',(9.20162547668843E-18,-0.150273948098259,-0.988644395383376));
#6484=DIRECTION('',(-6.05370097150611E-17,0.988644395383376,-0.150273948098259));
#6485=SURFACE_STYLE_FILL_AREA(#8718);
#6486=ORIENTED_EDGE('',*,*,#8666,.F.);
#6487=ORIENTED_EDGE('',*,*,#8719,.F.);
#6488=ORIENTED_EDGE('',*,*,#8720,.F.);
#6489=ORIENTED_EDGE('',*,*,#8716,.T.);
#6490=ORIENTED_EDGE('',*,*,#8296,.T.);
#6491=ORIENTED_EDGE('',*,*,#8710,.T.);
#6492=CARTESIAN_POINT('',(1.78,4.62452796695923,-0.412995983597458));
#6493=DIRECTION('',(1.0,6.12323399573676E-17,3.74939945665464E-33));
#6494=DIRECTION('',(6.12323399573676E-17,-1.0,-6.12323399573676E-17));
#6495=SURFACE_STYLE_FILL_AREA(#8721);
#6496=ORIENTED_EDGE('',*,*,#8705,.T.);
#6497=ORIENTED_EDGE('',*,*,#8669,.F.);
#6498=ORIENTED_EDGE('',*,*,#8714,.T.);
#6499=ORIENTED_EDGE('',*,*,#8722,.F.);
#6500=CARTESIAN_POINT('',(5.2,4.5,-0.549999999999999));
#6501=DIRECTION('',(-1.0,6.12323399573676E-17,3.74939945665464E-33));
#6502=DIRECTION('',(6.12323399573676E-17,1.0,6.12323399573676E-17));
#6503=SURFACE_STYLE_FILL_AREA(#8723);
#6504=ORIENTED_EDGE('',*,*,#8663,.F.);
#6505=ORIENTED_EDGE('',*,*,#8724,.F.);
#6506=ORIENTED_EDGE('',*,*,#7975,.T.);
#6507=ORIENTED_EDGE('',*,*,#8725,.F.);
#6508=CARTESIAN_POINT('',(0.78,5.0387273196131,-1.3493496530546));
#6509=DIRECTION('',(3.52677061740574E-18,-0.0575965350966696,-0.998339941675609));
#6510=DIRECTION('',(-6.11306907016995E-17,0.998339941675609,-0.0575965350966696));
#6511=SURFACE_STYLE_FILL_AREA(#8726);
#6512=ORIENTED_EDGE('',*,*,#8664,.F.);
#6513=ORIENTED_EDGE('',*,*,#8725,.T.);
#6514=ORIENTED_EDGE('',*,*,#7974,.T.);
#6515=ORIENTED_EDGE('',*,*,#7980,.T.);
#6516=ORIENTED_EDGE('',*,*,#8727,.F.);
#6517=ORIENTED_EDGE('',*,*,#8728,.F.);
#6518=CARTESIAN_POINT('',(1.22,4.62452796695923,-0.412995983597458));
#6519=DIRECTION('',(1.0,6.12323399573676E-17,3.74939945665464E-33));
#6520=DIRECTION('',(6.12323399573676E-17,-1.0,-6.12323399573676E-17));
#6521=SURFACE_STYLE_FILL_AREA(#8729);
#6522=ORIENTED_EDGE('',*,*,#7870,.T.);
#6523=ORIENTED_EDGE('',*,*,#7977,.F.);
#6524=ORIENTED_EDGE('',*,*,#8730,.F.);
#6525=ORIENTED_EDGE('',*,*,#8731,.F.);
#6526=CARTESIAN_POINT('',(0.78,3.725,-0.0950000000000086));
#6527=DIRECTION('',(9.20162547668843E-18,-0.150273948098259,-0.988644395383376));
#6528=DIRECTION('',(-6.05370097150611E-17,0.988644395383376,-0.150273948098259));
#6529=SURFACE_STYLE_FILL_AREA(#8732);
#6530=ORIENTED_EDGE('',*,*,#8662,.F.);
#6531=ORIENTED_EDGE('',*,*,#8733,.F.);
#6532=ORIENTED_EDGE('',*,*,#8734,.F.);
#6533=ORIENTED_EDGE('',*,*,#8730,.T.);
#6534=ORIENTED_EDGE('',*,*,#7976,.T.);
#6535=ORIENTED_EDGE('',*,*,#8724,.T.);
#6536=CARTESIAN_POINT('',(0.78,4.62452796695923,-0.412995983597458));
#6537=DIRECTION('',(1.0,6.12323399573676E-17,3.74939945665464E-33));
#6538=DIRECTION('',(6.12323399573676E-17,-1.0,-6.12323399573676E-17));
#6539=SURFACE_STYLE_FILL_AREA(#8735);
#6540=ORIENTED_EDGE('',*,*,#8719,.T.);
#6541=ORIENTED_EDGE('',*,*,#8665,.F.);
#6542=ORIENTED_EDGE('',*,*,#8728,.T.);
#6543=ORIENTED_EDGE('',*,*,#8736,.F.);
#6544=CARTESIAN_POINT('',(5.2,4.5,-0.549999999999999));
#6545=DIRECTION('',(-1.0,6.12323399573676E-17,3.74939945665464E-33));
#6546=DIRECTION('',(6.12323399573676E-17,1.0,6.12323399573676E-17));
#6547=SURFACE_STYLE_FILL_AREA(#8737);
#6548=ORIENTED_EDGE('',*,*,#8659,.F.);
#6549=ORIENTED_EDGE('',*,*,#8738,.F.);
#6550=ORIENTED_EDGE('',*,*,#8455,.T.);
#6551=ORIENTED_EDGE('',*,*,#8739,.F.);
#6552=CARTESIAN_POINT('',(-0.22,5.0387273196131,-1.3493496530546));
#6553=DIRECTION('',(3.52677061740574E-18,-0.0575965350966696,-0.998339941675609));
#6554=DIRECTION('',(-6.11306907016995E-17,0.998339941675609,-0.0575965350966696));
#6555=SURFACE_STYLE_FILL_AREA(#8740);
#6556=ORIENTED_EDGE('',*,*,#8660,.F.);
#6557=ORIENTED_EDGE('',*,*,#8739,.T.);
#6558=ORIENTED_EDGE('',*,*,#8454,.T.);
#6559=ORIENTED_EDGE('',*,*,#8460,.T.);
#6560=ORIENTED_EDGE('',*,*,#8741,.F.);
#6561=ORIENTED_EDGE('',*,*,#8742,.F.);
#6562=CARTESIAN_POINT('',(0.22,4.62452796695923,-0.412995983597458));
#6563=DIRECTION('',(1.0,6.12323399573676E-17,3.74939945665464E-33));
#6564=DIRECTION('',(6.12323399573676E-17,-1.0,-6.12323399573676E-17));
#6565=SURFACE_STYLE_FILL_AREA(#8743);
#6566=ORIENTED_EDGE('',*,*,#8330,.T.);
#6567=ORIENTED_EDGE('',*,*,#8457,.F.);
#6568=ORIENTED_EDGE('',*,*,#8744,.F.);
#6569=ORIENTED_EDGE('',*,*,#8745,.F.);
#6570=CARTESIAN_POINT('',(-0.22,3.725,-0.0950000000000086));
#6571=DIRECTION('',(9.20162547668843E-18,-0.150273948098259,-0.988644395383376));
#6572=DIRECTION('',(-6.05370097150611E-17,0.988644395383376,-0.150273948098259));
#6573=SURFACE_STYLE_FILL_AREA(#8746);
#6574=ORIENTED_EDGE('',*,*,#8658,.F.);
#6575=ORIENTED_EDGE('',*,*,#8747,.F.);
#6576=ORIENTED_EDGE('',*,*,#8748,.F.);
#6577=ORIENTED_EDGE('',*,*,#8744,.T.);
#6578=ORIENTED_EDGE('',*,*,#8456,.T.);
#6579=ORIENTED_EDGE('',*,*,#8738,.T.);
#6580=CARTESIAN_POINT('',(-0.22,4.62452796695923,-0.412995983597458));
#6581=DIRECTION('',(1.0,6.12323399573676E-17,3.74939945665464E-33));
#6582=DIRECTION('',(6.12323399573676E-17,-1.0,-6.12323399573676E-17));
#6583=SURFACE_STYLE_FILL_AREA(#8749);
#6584=ORIENTED_EDGE('',*,*,#8733,.T.);
#6585=ORIENTED_EDGE('',*,*,#8661,.F.);
#6586=ORIENTED_EDGE('',*,*,#8742,.T.);
#6587=ORIENTED_EDGE('',*,*,#8750,.F.);
#6588=CARTESIAN_POINT('',(5.2,4.5,-0.549999999999999));
#6589=DIRECTION('',(-1.0,6.12323399573676E-17,3.74939945665464E-33));
#6590=DIRECTION('',(6.12323399573676E-17,1.0,6.12323399573676E-17));
#6591=SURFACE_STYLE_FILL_AREA(#8751);
#6592=ORIENTED_EDGE('',*,*,#8527,.T.);
#6593=ORIENTED_EDGE('',*,*,#8752,.F.);
#6594=ORIENTED_EDGE('',*,*,#8753,.F.);
#6595=ORIENTED_EDGE('',*,*,#8754,.F.);
#6596=CARTESIAN_POINT('',(4.42499999999999,0.25,0.85));
#6597=DIRECTION('',(-0.990678839845296,-0.136218340478728,-6.64088469642601E-15));
#6598=DIRECTION('',(-0.136218340478728,0.990678839845296,6.06615835099777E-17));
#6599=SURFACE_STYLE_FILL_AREA(#8755);
#6600=ORIENTED_EDGE('',*,*,#8535,.T.);
#6601=ORIENTED_EDGE('',*,*,#8756,.T.);
#6602=ORIENTED_EDGE('',*,*,#8752,.T.);
#6603=CARTESIAN_POINT('',(-9.685,0.65,-1.4));
#6604=DIRECTION('',(-8.60477914671025E-17,-6.12323399573676E-17,1.0));
#6605=DIRECTION('',(-1.0,5.2689076196943E-33,-8.60477914671025E-17));
#6606=SURFACE_STYLE_FILL_AREA(#8757);
#6607=ORIENTED_EDGE('',*,*,#8758,.F.);
#6608=ORIENTED_EDGE('',*,*,#8759,.F.);
#6609=ORIENTED_EDGE('',*,*,#8760,.T.);
#6610=ORIENTED_EDGE('',*,*,#8482,.T.);
#6611=CARTESIAN_POINT('',(4.32499999999999,2.45,-0.17));
#6612=DIRECTION('',(-1.0,0.0,0.0));
#6613=DIRECTION('',(0.0,1.0,6.12323399573676E-17));
#6614=SURFACE_STYLE_FILL_AREA(#8761);
#6615=ORIENTED_EDGE('',*,*,#8762,.F.);
#6616=ORIENTED_EDGE('',*,*,#8549,.T.);
#6617=ORIENTED_EDGE('',*,*,#8763,.T.);
#6618=ORIENTED_EDGE('',*,*,#8764,.F.);
#6619=CARTESIAN_POINT('',(4.675,0.65,-0.17));
#6620=DIRECTION('',(1.0,0.0,0.0));
#6621=DIRECTION('',(0.0,6.12323399573676E-17,-1.0));
#6622=SURFACE_STYLE_FILL_AREA(#8765);
#6623=ORIENTED_EDGE('',*,*,#8528,.T.);
#6624=ORIENTED_EDGE('',*,*,#8754,.T.);
#6625=ORIENTED_EDGE('',*,*,#8766,.T.);
#6626=CARTESIAN_POINT('',(-10.315,0.65,-0.62));
#6627=DIRECTION('',(0.0,6.12323399573676E-17,-1.0));
#6628=DIRECTION('',(1.0,0.0,0.0));
#6629=SURFACE_STYLE_FILL_AREA(#8767);
#6630=ORIENTED_EDGE('',*,*,#8766,.F.);
#6631=ORIENTED_EDGE('',*,*,#8768,.F.);
#6632=ORIENTED_EDGE('',*,*,#8583,.F.);
#6633=ORIENTED_EDGE('',*,*,#8529,.F.);
#6634=CARTESIAN_POINT('',(4.325,0.5,-0.17));
#6635=DIRECTION('',(-0.92847669088526,-0.371390676354102,-8.46892090967383E-17));
#6636=DIRECTION('',(-0.371390676354102,0.92847669088526,5.6852800378778E-17));
#6637=SURFACE_STYLE_FILL_AREA(#8769);
#6638=ORIENTED_EDGE('',*,*,#8558,.F.);
#6639=ORIENTED_EDGE('',*,*,#8541,.F.);
#6640=ORIENTED_EDGE('',*,*,#8585,.F.);
#6641=ORIENTED_EDGE('',*,*,#8770,.F.);
#6642=CARTESIAN_POINT('',(4.575,0.25,0.85));
#6643=DIRECTION('',(0.92847669088526,-0.371390676354102,-8.46892090967385E-17));
#6644=DIRECTION('',(0.0,-2.28032674185907E-16,1.0));
#6645=SURFACE_STYLE_FILL_AREA(#8771);
#6646=ORIENTED_EDGE('',*,*,#8772,.F.);
#6647=ORIENTED_EDGE('',*,*,#8773,.F.);
#6648=ORIENTED_EDGE('',*,*,#8756,.F.);
#6649=ORIENTED_EDGE('',*,*,#8760,.F.);
#6650=CARTESIAN_POINT('',(4.325,0.5,-0.17));
#6651=DIRECTION('',(-0.92847669088526,-0.371390676354102,-8.46892090967383E-17));
#6652=DIRECTION('',(-0.371390676354102,0.92847669088526,5.6852800378778E-17));
#6653=SURFACE_STYLE_FILL_AREA(#8774);
#6654=ORIENTED_EDGE('',*,*,#8584,.F.);
#6655=ORIENTED_EDGE('',*,*,#8768,.T.);
#6656=ORIENTED_EDGE('',*,*,#8753,.T.);
#6657=ORIENTED_EDGE('',*,*,#8773,.T.);
#6658=ORIENTED_EDGE('',*,*,#8775,.T.);
#6659=ORIENTED_EDGE('',*,*,#8776,.T.);
#6660=ORIENTED_EDGE('',*,*,#8556,.T.);
#6661=ORIENTED_EDGE('',*,*,#8770,.T.);
#6662=CARTESIAN_POINT('',(-8.5,0.25,0.85));
#6663=DIRECTION('',(-0.0,1.0,6.12323399573676E-17));
#6664=DIRECTION('',(1.0,0.0,0.0));
#6665=SURFACE_STYLE_FILL_AREA(#8777);
#6666=ORIENTED_EDGE('',*,*,#8778,.F.);
#6667=ORIENTED_EDGE('',*,*,#8763,.F.);
#6668=ORIENTED_EDGE('',*,*,#8553,.F.);
#6669=ORIENTED_EDGE('',*,*,#8776,.F.);
#6670=CARTESIAN_POINT('',(4.575,0.25,0.85));
#6671=DIRECTION('',(0.92847669088526,-0.371390676354102,-8.46892090967385E-17));
#6672=DIRECTION('',(0.0,-2.28032674185907E-16,1.0));
#6673=SURFACE_STYLE_FILL_AREA(#8779);
#6674=ORIENTED_EDGE('',*,*,#8563,.T.);
#6675=ORIENTED_EDGE('',*,*,#8780,.F.);
#6676=ORIENTED_EDGE('',*,*,#8781,.F.);
#6677=ORIENTED_EDGE('',*,*,#8782,.F.);
#6678=CARTESIAN_POINT('',(5.2,0.75,-0.043749999999999));
#6679=DIRECTION('',(-6.12323399573676E-17,-1.0,-6.12323399573676E-17));
#6680=DIRECTION('',(0.0,-6.12323399573676E-17,1.0));
#6681=SURFACE_STYLE_FILL_AREA(#8783);
#6682=ORIENTED_EDGE('',*,*,#8762,.T.);
#6683=ORIENTED_EDGE('',*,*,#8784,.F.);
#6684=ORIENTED_EDGE('',*,*,#8785,.F.);
#6685=ORIENTED_EDGE('',*,*,#8550,.T.);
#6686=CARTESIAN_POINT('',(5.2,0.65,-1.575));
#6687=DIRECTION('',(-6.12323399573676E-17,-1.0,-6.12323399573676E-17));
#6688=DIRECTION('',(0.0,-6.12323399573676E-17,1.0));
#6689=SURFACE_STYLE_FILL_AREA(#8786);
#6690=ORIENTED_EDGE('',*,*,#8517,.T.);
#6691=ORIENTED_EDGE('',*,*,#8787,.F.);
#6692=ORIENTED_EDGE('',*,*,#8788,.F.);
#6693=ORIENTED_EDGE('',*,*,#8789,.F.);
#6694=CARTESIAN_POINT('',(3.42499999999999,0.25,0.85));
#6695=DIRECTION('',(-0.990678839845296,-0.136218340478728,-6.64088469642601E-15));
#6696=DIRECTION('',(-0.136218340478728,0.990678839845296,6.06615835099777E-17));
#6697=SURFACE_STYLE_FILL_AREA(#8790);
#6698=ORIENTED_EDGE('',*,*,#8525,.T.);
#6699=ORIENTED_EDGE('',*,*,#8791,.T.);
#6700=ORIENTED_EDGE('',*,*,#8787,.T.);
#6701=CARTESIAN_POINT('',(-10.685,0.65,-1.4));
#6702=DIRECTION('',(-8.60477914671025E-17,-6.12323399573676E-17,1.0));
#6703=DIRECTION('',(-1.0,5.2689076196943E-33,-8.60477914671025E-17));
#6704=SURFACE_STYLE_FILL_AREA(#8792);
#6705=ORIENTED_EDGE('',*,*,#8793,.F.);
#6706=ORIENTED_EDGE('',*,*,#8794,.F.);
#6707=ORIENTED_EDGE('',*,*,#8795,.T.);
#6708=ORIENTED_EDGE('',*,*,#8477,.T.);
#6709=CARTESIAN_POINT('',(3.32499999999999,2.45,-0.17));
#6710=DIRECTION('',(-1.0,0.0,0.0));
#6711=DIRECTION('',(0.0,1.0,6.12323399573676E-17));
#6712=SURFACE_STYLE_FILL_AREA(#8796);
#6713=ORIENTED_EDGE('',*,*,#8797,.F.);
#6714=ORIENTED_EDGE('',*,*,#8484,.T.);
#6715=ORIENTED_EDGE('',*,*,#8798,.T.);
#6716=ORIENTED_EDGE('',*,*,#8799,.F.);
#6717=CARTESIAN_POINT('',(3.675,0.65,-0.17));
#6718=DIRECTION('',(1.0,0.0,0.0));
#6719=DIRECTION('',(0.0,6.12323399573676E-17,-1.0));
#6720=SURFACE_STYLE_FILL_AREA(#8800);
#6721=ORIENTED_EDGE('',*,*,#8518,.T.);
#6722=ORIENTED_EDGE('',*,*,#8789,.T.);
#6723=ORIENTED_EDGE('',*,*,#8801,.T.);
#6724=CARTESIAN_POINT('',(-11.315,0.65,-0.62));
#6725=DIRECTION('',(0.0,6.12323399573676E-17,-1.0));
#6726=DIRECTION('',(1.0,0.0,0.0));
#6727=SURFACE_STYLE_FILL_AREA(#8802);
#6728=ORIENTED_EDGE('',*,*,#8801,.F.);
#6729=ORIENTED_EDGE('',*,*,#8803,.F.);
#6730=ORIENTED_EDGE('',*,*,#8580,.F.);
#6731=ORIENTED_EDGE('',*,*,#8519,.F.);
#6732=CARTESIAN_POINT('',(3.325,0.5,-0.17));
#6733=DIRECTION('',(-0.92847669088526,-0.371390676354102,-8.46892090967383E-17));
#6734=DIRECTION('',(-0.371390676354102,0.92847669088526,5.6852800378778E-17));
#6735=SURFACE_STYLE_FILL_AREA(#8804);
#6736=ORIENTED_EDGE('',*,*,#8599,.F.);
#6737=ORIENTED_EDGE('',*,*,#8531,.F.);
#6738=ORIENTED_EDGE('',*,*,#8582,.F.);
#6739=ORIENTED_EDGE('',*,*,#8805,.F.);
#6740=CARTESIAN_POINT('',(3.575,0.25,0.85));
#6741=DIRECTION('',(0.92847669088526,-0.371390676354102,-8.46892090967385E-17));
#6742=DIRECTION('',(0.0,-2.28032674185907E-16,1.0));
#6743=SURFACE_STYLE_FILL_AREA(#8806);
#6744=ORIENTED_EDGE('',*,*,#8807,.F.);
#6745=ORIENTED_EDGE('',*,*,#8808,.F.);
#6746=ORIENTED_EDGE('',*,*,#8791,.F.);
#6747=ORIENTED_EDGE('',*,*,#8795,.F.);
#6748=CARTESIAN_POINT('',(3.325,0.5,-0.17));
#6749=DIRECTION('',(-0.92847669088526,-0.371390676354102,-8.46892090967383E-17));
#6750=DIRECTION('',(-0.371390676354102,0.92847669088526,5.6852800378778E-17));
#6751=SURFACE_STYLE_FILL_AREA(#8809);
#6752=ORIENTED_EDGE('',*,*,#8581,.F.);
#6753=ORIENTED_EDGE('',*,*,#8803,.T.);
#6754=ORIENTED_EDGE('',*,*,#8788,.T.);
#6755=ORIENTED_EDGE('',*,*,#8808,.T.);
#6756=ORIENTED_EDGE('',*,*,#8810,.T.);
#6757=ORIENTED_EDGE('',*,*,#8811,.T.);
#6758=ORIENTED_EDGE('',*,*,#8597,.T.);
#6759=ORIENTED_EDGE('',*,*,#8805,.T.);
#6760=CARTESIAN_POINT('',(-9.5,0.25,0.85));
#6761=DIRECTION('',(-0.0,1.0,6.12323399573676E-17));
#6762=DIRECTION('',(1.0,0.0,0.0));
#6763=SURFACE_STYLE_FILL_AREA(#8812);
#6764=ORIENTED_EDGE('',*,*,#8813,.F.);
#6765=ORIENTED_EDGE('',*,*,#8798,.F.);
#6766=ORIENTED_EDGE('',*,*,#8561,.F.);
#6767=ORIENTED_EDGE('',*,*,#8811,.F.);
#6768=CARTESIAN_POINT('',(3.575,0.25,0.85));
#6769=DIRECTION('',(0.92847669088526,-0.371390676354102,-8.46892090967385E-17));
#6770=DIRECTION('',(0.0,-2.28032674185907E-16,1.0));
#6771=SURFACE_STYLE_FILL_AREA(#8814);
#6772=ORIENTED_EDGE('',*,*,#8758,.T.);
#6773=ORIENTED_EDGE('',*,*,#8485,.T.);
#6774=ORIENTED_EDGE('',*,*,#8797,.T.);
#6775=ORIENTED_EDGE('',*,*,#8815,.F.);
#6776=CARTESIAN_POINT('',(5.2,0.65,-1.575));
#6777=DIRECTION('',(-6.12323399573676E-17,-1.0,-6.12323399573676E-17));
#6778=DIRECTION('',(0.0,-6.12323399573676E-17,1.0));
#6779=SURFACE_STYLE_FILL_AREA(#8816);
#6780=ORIENTED_EDGE('',*,*,#8507,.T.);
#6781=ORIENTED_EDGE('',*,*,#8817,.F.);
#6782=ORIENTED_EDGE('',*,*,#8818,.F.);
#6783=ORIENTED_EDGE('',*,*,#8819,.F.);
#6784=CARTESIAN_POINT('',(2.42499999999999,0.25,0.85));
#6785=DIRECTION('',(-0.990678839845296,-0.136218340478728,-6.64088469642601E-15));
#6786=DIRECTION('',(-0.136218340478728,0.990678839845296,6.06615835099777E-17));
#6787=SURFACE_STYLE_FILL_AREA(#8820);
#6788=ORIENTED_EDGE('',*,*,#8515,.T.);
#6789=ORIENTED_EDGE('',*,*,#8821,.T.);
#6790=ORIENTED_EDGE('',*,*,#8817,.T.);
#6791=CARTESIAN_POINT('',(-11.685,0.65,-1.4));
#6792=DIRECTION('',(-8.60477914671025E-17,-6.12323399573676E-17,1.0));
#6793=DIRECTION('',(-1.0,5.2689076196943E-33,-8.60477914671025E-17));
#6794=SURFACE_STYLE_FILL_AREA(#8822);
#6795=ORIENTED_EDGE('',*,*,#8823,.F.);
#6796=ORIENTED_EDGE('',*,*,#8824,.F.);
#6797=ORIENTED_EDGE('',*,*,#8825,.T.);
#6798=ORIENTED_EDGE('',*,*,#8472,.T.);
#6799=CARTESIAN_POINT('',(2.32499999999999,2.45,-0.17));
#6800=DIRECTION('',(-1.0,0.0,0.0));
#6801=DIRECTION('',(0.0,1.0,6.12323399573676E-17));
#6802=SURFACE_STYLE_FILL_AREA(#8826);
#6803=ORIENTED_EDGE('',*,*,#8827,.F.);
#6804=ORIENTED_EDGE('',*,*,#8479,.T.);
#6805=ORIENTED_EDGE('',*,*,#8828,.T.);
#6806=ORIENTED_EDGE('',*,*,#8829,.F.);
#6807=CARTESIAN_POINT('',(2.675,0.65,-0.17));
#6808=DIRECTION('',(1.0,0.0,0.0));
#6809=DIRECTION('',(0.0,6.12323399573676E-17,-1.0));
#6810=SURFACE_STYLE_FILL_AREA(#8830);
#6811=ORIENTED_EDGE('',*,*,#8508,.T.);
#6812=ORIENTED_EDGE('',*,*,#8819,.T.);
#6813=ORIENTED_EDGE('',*,*,#8831,.T.);
#6814=CARTESIAN_POINT('',(-12.315,0.65,-0.62));
#6815=DIRECTION('',(0.0,6.12323399573676E-17,-1.0));
#6816=DIRECTION('',(1.0,0.0,0.0));
#6817=SURFACE_STYLE_FILL_AREA(#8832);
#6818=ORIENTED_EDGE('',*,*,#8831,.F.);
#6819=ORIENTED_EDGE('',*,*,#8833,.F.);
#6820=ORIENTED_EDGE('',*,*,#8577,.F.);
#6821=ORIENTED_EDGE('',*,*,#8509,.F.);
#6822=CARTESIAN_POINT('',(2.325,0.5,-0.17));
#6823=DIRECTION('',(-0.92847669088526,-0.371390676354102,-8.46892090967383E-17));
#6824=DIRECTION('',(-0.371390676354102,0.92847669088526,5.6852800378778E-17));
#6825=SURFACE_STYLE_FILL_AREA(#8834);
#6826=ORIENTED_EDGE('',*,*,#8607,.F.);
#6827=ORIENTED_EDGE('',*,*,#8521,.F.);
#6828=ORIENTED_EDGE('',*,*,#8579,.F.);
#6829=ORIENTED_EDGE('',*,*,#8835,.F.);
#6830=CARTESIAN_POINT('',(2.575,0.25,0.85));
#6831=DIRECTION('',(0.92847669088526,-0.371390676354102,-8.46892090967385E-17));
#6832=DIRECTION('',(0.0,-2.28032674185907E-16,1.0));
#6833=SURFACE_STYLE_FILL_AREA(#8836);
#6834=ORIENTED_EDGE('',*,*,#8837,.F.);
#6835=ORIENTED_EDGE('',*,*,#8838,.F.);
#6836=ORIENTED_EDGE('',*,*,#8821,.F.);
#6837=ORIENTED_EDGE('',*,*,#8825,.F.);
#6838=CARTESIAN_POINT('',(2.325,0.5,-0.17));
#6839=DIRECTION('',(-0.92847669088526,-0.371390676354102,-8.46892090967383E-17));
#6840=DIRECTION('',(-0.371390676354102,0.92847669088526,5.6852800378778E-17));
#6841=SURFACE_STYLE_FILL_AREA(#8839);
#6842=ORIENTED_EDGE('',*,*,#8578,.F.);
#6843=ORIENTED_EDGE('',*,*,#8833,.T.);
#6844=ORIENTED_EDGE('',*,*,#8818,.T.);
#6845=ORIENTED_EDGE('',*,*,#8838,.T.);
#6846=ORIENTED_EDGE('',*,*,#8840,.T.);
#6847=ORIENTED_EDGE('',*,*,#8841,.T.);
#6848=ORIENTED_EDGE('',*,*,#8605,.T.);
#6849=ORIENTED_EDGE('',*,*,#8835,.T.);
#6850=CARTESIAN_POINT('',(-10.5,0.25,0.85));
#6851=DIRECTION('',(-0.0,1.0,6.12323399573676E-17));
#6852=DIRECTION('',(1.0,0.0,0.0));
#6853=SURFACE_STYLE_FILL_AREA(#8842);
#6854=ORIENTED_EDGE('',*,*,#8843,.F.);
#6855=ORIENTED_EDGE('',*,*,#8828,.F.);
#6856=ORIENTED_EDGE('',*,*,#8602,.F.);
#6857=ORIENTED_EDGE('',*,*,#8841,.F.);
#6858=CARTESIAN_POINT('',(2.575,0.25,0.85));
#6859=DIRECTION('',(0.92847669088526,-0.371390676354102,-8.46892090967385E-17));
#6860=DIRECTION('',(0.0,-2.28032674185907E-16,1.0));
#6861=SURFACE_STYLE_FILL_AREA(#8844);
#6862=ORIENTED_EDGE('',*,*,#8793,.T.);
#6863=ORIENTED_EDGE('',*,*,#8480,.T.);
#6864=ORIENTED_EDGE('',*,*,#8827,.T.);
#6865=ORIENTED_EDGE('',*,*,#8845,.F.);
#6866=CARTESIAN_POINT('',(5.2,0.65,-1.575));
#6867=DIRECTION('',(-6.12323399573676E-17,-1.0,-6.12323399573676E-17));
#6868=DIRECTION('',(0.0,-6.12323399573676E-17,1.0));
#6869=SURFACE_STYLE_FILL_AREA(#8846);
#6870=ORIENTED_EDGE('',*,*,#8497,.T.);
#6871=ORIENTED_EDGE('',*,*,#8847,.F.);
#6872=ORIENTED_EDGE('',*,*,#8848,.F.);
#6873=ORIENTED_EDGE('',*,*,#8849,.F.);
#6874=CARTESIAN_POINT('',(1.42499999999999,0.25,0.85));
#6875=DIRECTION('',(-0.990678839845296,-0.136218340478728,-6.64088469642601E-15));
#6876=DIRECTION('',(-0.136218340478728,0.990678839845296,6.06615835099777E-17));
#6877=SURFACE_STYLE_FILL_AREA(#8850);
#6878=ORIENTED_EDGE('',*,*,#8505,.T.);
#6879=ORIENTED_EDGE('',*,*,#8851,.T.);
#6880=ORIENTED_EDGE('',*,*,#8847,.T.);
#6881=CARTESIAN_POINT('',(-12.685,0.65,-1.4));
#6882=DIRECTION('',(-8.60477914671025E-17,-6.12323399573676E-17,1.0));
#6883=DIRECTION('',(-1.0,5.2689076196943E-33,-8.60477914671025E-17));
#6884=SURFACE_STYLE_FILL_AREA(#8852);
#6885=ORIENTED_EDGE('',*,*,#8853,.F.);
#6886=ORIENTED_EDGE('',*,*,#8854,.F.);
#6887=ORIENTED_EDGE('',*,*,#8855,.T.);
#6888=ORIENTED_EDGE('',*,*,#8467,.T.);
#6889=CARTESIAN_POINT('',(1.32499999999999,2.45,-0.17));
#6890=DIRECTION('',(-1.0,0.0,0.0));
#6891=DIRECTION('',(0.0,1.0,6.12323399573676E-17));
#6892=SURFACE_STYLE_FILL_AREA(#8856);
#6893=ORIENTED_EDGE('',*,*,#8857,.F.);
#6894=ORIENTED_EDGE('',*,*,#8474,.T.);
#6895=ORIENTED_EDGE('',*,*,#8858,.T.);
#6896=ORIENTED_EDGE('',*,*,#8859,.F.);
#6897=CARTESIAN_POINT('',(1.675,0.65,-0.17));
#6898=DIRECTION('',(1.0,0.0,0.0));
#6899=DIRECTION('',(0.0,6.12323399573676E-17,-1.0));
#6900=SURFACE_STYLE_FILL_AREA(#8860);
#6901=ORIENTED_EDGE('',*,*,#8498,.T.);
#6902=ORIENTED_EDGE('',*,*,#8849,.T.);
#6903=ORIENTED_EDGE('',*,*,#8861,.T.);
#6904=CARTESIAN_POINT('',(-13.315,0.65,-0.62));
#6905=DIRECTION('',(0.0,6.12323399573676E-17,-1.0));
#6906=DIRECTION('',(1.0,0.0,0.0));
#6907=SURFACE_STYLE_FILL_AREA(#8862);
#6908=ORIENTED_EDGE('',*,*,#8861,.F.);
#6909=ORIENTED_EDGE('',*,*,#8863,.F.);
#6910=ORIENTED_EDGE('',*,*,#8574,.F.);
#6911=ORIENTED_EDGE('',*,*,#8499,.F.);
#6912=CARTESIAN_POINT('',(1.325,0.5,-0.17));
#6913=DIRECTION('',(-0.92847669088526,-0.371390676354102,-8.46892090967383E-17));
#6914=DIRECTION('',(-0.371390676354102,0.92847669088526,5.6852800378778E-17));
#6915=SURFACE_STYLE_FILL_AREA(#8864);
#6916=ORIENTED_EDGE('',*,*,#8615,.F.);
#6917=ORIENTED_EDGE('',*,*,#8511,.F.);
#6918=ORIENTED_EDGE('',*,*,#8576,.F.);
#6919=ORIENTED_EDGE('',*,*,#8865,.F.);
#6920=CARTESIAN_POINT('',(1.575,0.25,0.85));
#6921=DIRECTION('',(0.92847669088526,-0.371390676354102,-8.46892090967385E-17));
#6922=DIRECTION('',(0.0,-2.28032674185907E-16,1.0));
#6923=SURFACE_STYLE_FILL_AREA(#8866);
#6924=ORIENTED_EDGE('',*,*,#8867,.F.);
#6925=ORIENTED_EDGE('',*,*,#8868,.F.);
#6926=ORIENTED_EDGE('',*,*,#8851,.F.);
#6927=ORIENTED_EDGE('',*,*,#8855,.F.);
#6928=CARTESIAN_POINT('',(1.325,0.5,-0.17));
#6929=DIRECTION('',(-0.92847669088526,-0.371390676354102,-8.46892090967383E-17));
#6930=DIRECTION('',(-0.371390676354102,0.92847669088526,5.6852800378778E-17));
#6931=SURFACE_STYLE_FILL_AREA(#8869);
#6932=ORIENTED_EDGE('',*,*,#8575,.F.);
#6933=ORIENTED_EDGE('',*,*,#8863,.T.);
#6934=ORIENTED_EDGE('',*,*,#8848,.T.);
#6935=ORIENTED_EDGE('',*,*,#8868,.T.);
#6936=ORIENTED_EDGE('',*,*,#8870,.T.);
#6937=ORIENTED_EDGE('',*,*,#8871,.T.);
#6938=ORIENTED_EDGE('',*,*,#8613,.T.);
#6939=ORIENTED_EDGE('',*,*,#8865,.T.);
#6940=CARTESIAN_POINT('',(-11.5,0.25,0.85));
#6941=DIRECTION('',(-0.0,1.0,6.12323399573676E-17));
#6942=DIRECTION('',(1.0,0.0,0.0));
#6943=SURFACE_STYLE_FILL_AREA(#8872);
#6944=ORIENTED_EDGE('',*,*,#8873,.F.);
#6945=ORIENTED_EDGE('',*,*,#8858,.F.);
#6946=ORIENTED_EDGE('',*,*,#8610,.F.);
#6947=ORIENTED_EDGE('',*,*,#8871,.F.);
#6948=CARTESIAN_POINT('',(1.575,0.25,0.85));
#6949=DIRECTION('',(0.92847669088526,-0.371390676354102,-8.46892090967385E-17));
#6950=DIRECTION('',(0.0,-2.28032674185907E-16,1.0));
#6951=SURFACE_STYLE_FILL_AREA(#8874);
#6952=ORIENTED_EDGE('',*,*,#8823,.T.);
#6953=ORIENTED_EDGE('',*,*,#8475,.T.);
#6954=ORIENTED_EDGE('',*,*,#8857,.T.);
#6955=ORIENTED_EDGE('',*,*,#8875,.F.);
#6956=CARTESIAN_POINT('',(5.2,0.65,-1.575));
#6957=DIRECTION('',(-6.12323399573676E-17,-1.0,-6.12323399573676E-17));
#6958=DIRECTION('',(0.0,-6.12323399573676E-17,1.0));
#6959=SURFACE_STYLE_FILL_AREA(#8876);
#6960=ORIENTED_EDGE('',*,*,#8487,.T.);
#6961=ORIENTED_EDGE('',*,*,#8877,.F.);
#6962=ORIENTED_EDGE('',*,*,#8878,.F.);
#6963=ORIENTED_EDGE('',*,*,#8879,.F.);
#6964=CARTESIAN_POINT('',(0.424999999999986,0.25,0.85));
#6965=DIRECTION('',(-0.990678839845296,-0.136218340478728,-6.64088469642601E-15));
#6966=DIRECTION('',(-0.136218340478728,0.990678839845296,6.06615835099777E-17));
#6967=SURFACE_STYLE_FILL_AREA(#8880);
#6968=ORIENTED_EDGE('',*,*,#8495,.T.);
#6969=ORIENTED_EDGE('',*,*,#8881,.T.);
#6970=ORIENTED_EDGE('',*,*,#8877,.T.);
#6971=CARTESIAN_POINT('',(-13.685,0.65,-1.4));
#6972=DIRECTION('',(-8.60477914671025E-17,-6.12323399573676E-17,1.0));
#6973=DIRECTION('',(-1.0,5.2689076196943E-33,-8.60477914671025E-17));
#6974=SURFACE_STYLE_FILL_AREA(#8882);
#6975=ORIENTED_EDGE('',*,*,#8883,.F.);
#6976=ORIENTED_EDGE('',*,*,#8884,.F.);
#6977=ORIENTED_EDGE('',*,*,#8885,.T.);
#6978=ORIENTED_EDGE('',*,*,#8462,.T.);
#6979=CARTESIAN_POINT('',(0.324999999999993,2.45,-0.17));
#6980=DIRECTION('',(-1.0,0.0,0.0));
#6981=DIRECTION('',(0.0,1.0,6.12323399573676E-17));
#6982=SURFACE_STYLE_FILL_AREA(#8886);
#6983=ORIENTED_EDGE('',*,*,#8887,.F.);
#6984=ORIENTED_EDGE('',*,*,#8469,.T.);
#6985=ORIENTED_EDGE('',*,*,#8888,.T.);
#6986=ORIENTED_EDGE('',*,*,#8889,.F.);
#6987=CARTESIAN_POINT('',(0.674999999999997,0.65,-0.17));
#6988=DIRECTION('',(1.0,0.0,0.0));
#6989=DIRECTION('',(0.0,6.12323399573676E-17,-1.0));
#6990=SURFACE_STYLE_FILL_AREA(#8890);
#6991=ORIENTED_EDGE('',*,*,#8488,.T.);
#6992=ORIENTED_EDGE('',*,*,#8879,.T.);
#6993=ORIENTED_EDGE('',*,*,#8891,.T.);
#6994=CARTESIAN_POINT('',(-14.315,0.65,-0.62));
#6995=DIRECTION('',(0.0,6.12323399573676E-17,-1.0));
#6996=DIRECTION('',(1.0,0.0,0.0));
#6997=SURFACE_STYLE_FILL_AREA(#8892);
#6998=ORIENTED_EDGE('',*,*,#8891,.F.);
#6999=ORIENTED_EDGE('',*,*,#8893,.F.);
#7000=ORIENTED_EDGE('',*,*,#8571,.F.);
#7001=ORIENTED_EDGE('',*,*,#8489,.F.);
#7002=CARTESIAN_POINT('',(0.324999999999997,0.5,-0.17));
#7003=DIRECTION('',(-0.92847669088526,-0.371390676354102,-8.46892090967383E-17));
#7004=DIRECTION('',(-0.371390676354102,0.92847669088526,5.6852800378778E-17));
#7005=SURFACE_STYLE_FILL_AREA(#8894);
#7006=ORIENTED_EDGE('',*,*,#8626,.F.);
#7007=ORIENTED_EDGE('',*,*,#8501,.F.);
#7008=ORIENTED_EDGE('',*,*,#8573,.F.);
#7009=ORIENTED_EDGE('',*,*,#8895,.F.);
#7010=CARTESIAN_POINT('',(0.574999999999995,0.25,0.85));
#7011=DIRECTION('',(0.92847669088526,-0.371390676354102,-8.46892090967385E-17));
#7012=DIRECTION('',(0.0,-2.28032674185907E-16,1.0));
#7013=SURFACE_STYLE_FILL_AREA(#8896);
#7014=ORIENTED_EDGE('',*,*,#8897,.F.);
#7015=ORIENTED_EDGE('',*,*,#8898,.F.);
#7016=ORIENTED_EDGE('',*,*,#8881,.F.);
#7017=ORIENTED_EDGE('',*,*,#8885,.F.);
#7018=CARTESIAN_POINT('',(0.324999999999997,0.5,-0.17));
#7019=DIRECTION('',(-0.92847669088526,-0.371390676354102,-8.46892090967383E-17));
#7020=DIRECTION('',(-0.371390676354102,0.92847669088526,5.6852800378778E-17));
#7021=SURFACE_STYLE_FILL_AREA(#8899);
#7022=ORIENTED_EDGE('',*,*,#8572,.F.);
#7023=ORIENTED_EDGE('',*,*,#8893,.T.);
#7024=ORIENTED_EDGE('',*,*,#8878,.T.);
#7025=ORIENTED_EDGE('',*,*,#8898,.T.);
#7026=ORIENTED_EDGE('',*,*,#8900,.T.);
#7027=ORIENTED_EDGE('',*,*,#8901,.T.);
#7028=ORIENTED_EDGE('',*,*,#8621,.T.);
#7029=ORIENTED_EDGE('',*,*,#8895,.T.);
#7030=CARTESIAN_POINT('',(-12.5,0.25,0.85));
#7031=DIRECTION('',(-0.0,1.0,6.12323399573676E-17));
#7032=DIRECTION('',(1.0,0.0,0.0));
#7033=SURFACE_STYLE_FILL_AREA(#8902);
#7034=ORIENTED_EDGE('',*,*,#8903,.F.);
#7035=ORIENTED_EDGE('',*,*,#8888,.F.);
#7036=ORIENTED_EDGE('',*,*,#8618,.F.);
#7037=ORIENTED_EDGE('',*,*,#8901,.F.);
#7038=CARTESIAN_POINT('',(0.574999999999995,0.25,0.85));
#7039=DIRECTION('',(0.92847669088526,-0.371390676354102,-8.46892090967385E-17));
#7040=DIRECTION('',(0.0,-2.28032674185907E-16,1.0));
#7041=SURFACE_STYLE_FILL_AREA(#8904);
#7042=ORIENTED_EDGE('',*,*,#8853,.T.);
#7043=ORIENTED_EDGE('',*,*,#8470,.T.);
#7044=ORIENTED_EDGE('',*,*,#8887,.T.);
#7045=ORIENTED_EDGE('',*,*,#8905,.F.);
#7046=CARTESIAN_POINT('',(5.2,0.65,-1.575));
#7047=DIRECTION('',(-6.12323399573676E-17,-1.0,-6.12323399573676E-17));
#7048=DIRECTION('',(0.0,-6.12323399573676E-17,1.0));
#7049=SURFACE_STYLE_FILL_AREA(#8906);
#7050=ORIENTED_EDGE('',*,*,#8907,.F.);
#7051=ORIENTED_EDGE('',*,*,#8908,.T.);
#7052=ORIENTED_EDGE('',*,*,#8909,.T.);
#7053=ORIENTED_EDGE('',*,*,#8910,.F.);
#7054=CARTESIAN_POINT('',(-9.5,4.25,-1.15));
#7055=DIRECTION('',(-0.0,1.0,6.12323399573676E-17));
#7056=DIRECTION('',(1.0,0.0,0.0));
#7057=SURFACE_STYLE_FILL_AREA(#8911);
#7058=ORIENTED_EDGE('',*,*,#8912,.T.);
#7059=ORIENTED_EDGE('',*,*,#8913,.F.);
#7060=ORIENTED_EDGE('',*,*,#8914,.F.);
#7061=ORIENTED_EDGE('',*,*,#8915,.T.);
#7062=ORIENTED_EDGE('',*,*,#8916,.F.);
#7063=ORIENTED_EDGE('',*,*,#8917,.T.);
#7064=ORIENTED_EDGE('',*,*,#8908,.F.);
#7065=CARTESIAN_POINT('',(6.0,4.25,-1.65));
#7066=DIRECTION('',(0.0,6.12323399573676E-17,-1.0));
#7067=DIRECTION('',(1.0,0.0,0.0));
#7068=SURFACE_STYLE_FILL_AREA(#8918);
#7069=ORIENTED_EDGE('',*,*,#8919,.F.);
#7070=ORIENTED_EDGE('',*,*,#8909,.F.);
#7071=ORIENTED_EDGE('',*,*,#8917,.F.);
#7072=ORIENTED_EDGE('',*,*,#8920,.F.);
#7073=CARTESIAN_POINT('',(6.0,4.25,-1.75));
#7074=DIRECTION('',(1.0,0.0,0.0));
#7075=DIRECTION('',(0.0,6.12323399573676E-17,-1.0));
#7076=SURFACE_STYLE_FILL_AREA(#8921);
#7077=ORIENTED_EDGE('',*,*,#8922,.F.);
#7078=ORIENTED_EDGE('',*,*,#8923,.F.);
#7079=ORIENTED_EDGE('',*,*,#8924,.F.);
#7080=ORIENTED_EDGE('',*,*,#8925,.F.);
#7081=CARTESIAN_POINT('',(5.325,0.5,-0.17));
#7082=DIRECTION('',(-0.92847669088526,-0.371390676354102,-8.46892090967383E-17));
#7083=DIRECTION('',(-0.371390676354102,0.92847669088526,5.6852800378778E-17));
#7084=SURFACE_STYLE_FILL_AREA(#8926);
#7085=ORIENTED_EDGE('',*,*,#8927,.F.);
#7086=ORIENTED_EDGE('',*,*,#8928,.F.);
#7087=ORIENTED_EDGE('',*,*,#8586,.F.);
#7088=ORIENTED_EDGE('',*,*,#8539,.F.);
#7089=CARTESIAN_POINT('',(5.325,0.5,-0.17));
#7090=DIRECTION('',(-0.92847669088526,-0.371390676354102,-8.46892090967383E-17));
#7091=DIRECTION('',(-0.371390676354102,0.92847669088526,5.6852800378778E-17));
#7092=SURFACE_STYLE_FILL_AREA(#8929);
#7093=ORIENTED_EDGE('',*,*,#8930,.F.);
#7094=ORIENTED_EDGE('',*,*,#8925,.T.);
#7095=ORIENTED_EDGE('',*,*,#8548,.T.);
#7096=ORIENTED_EDGE('',*,*,#8785,.T.);
#7097=CARTESIAN_POINT('',(5.325,2.45,-0.17));
#7098=DIRECTION('',(-1.0,0.0,0.0));
#7099=DIRECTION('',(0.0,1.0,6.12323399573676E-17));
#7100=SURFACE_STYLE_FILL_AREA(#8931);
#7101=ORIENTED_EDGE('',*,*,#8537,.T.);
#7102=ORIENTED_EDGE('',*,*,#8932,.F.);
#7103=ORIENTED_EDGE('',*,*,#8933,.F.);
#7104=ORIENTED_EDGE('',*,*,#8934,.F.);
#7105=CARTESIAN_POINT('',(5.425,0.25,0.85));
#7106=DIRECTION('',(-0.990678839845296,-0.136218340478728,-6.64088469642601E-15));
#7107=DIRECTION('',(-0.136218340478728,0.990678839845296,6.06615835099777E-17));
#7108=SURFACE_STYLE_FILL_AREA(#8935);
#7109=ORIENTED_EDGE('',*,*,#8546,.T.);
#7110=ORIENTED_EDGE('',*,*,#8924,.T.);
#7111=ORIENTED_EDGE('',*,*,#8932,.T.);
#7112=CARTESIAN_POINT('',(-23.685,0.65,-1.4));
#7113=DIRECTION('',(-8.60477914671025E-17,-6.12323399573676E-17,1.0));
#7114=DIRECTION('',(-1.0,5.2689076196943E-33,-8.60477914671025E-17));
#7115=SURFACE_STYLE_FILL_AREA(#8936);
#7116=ORIENTED_EDGE('',*,*,#8538,.T.);
#7117=ORIENTED_EDGE('',*,*,#8934,.T.);
#7118=ORIENTED_EDGE('',*,*,#8927,.T.);
#7119=CARTESIAN_POINT('',(-24.315,0.65,-0.62));
#7120=DIRECTION('',(0.0,6.12323399573676E-17,-1.0));
#7121=DIRECTION('',(1.0,0.0,0.0));
#7122=SURFACE_STYLE_FILL_AREA(#8937);
#7123=ORIENTED_EDGE('',*,*,#8938,.F.);
#7124=ORIENTED_EDGE('',*,*,#8939,.F.);
#7125=ORIENTED_EDGE('',*,*,#8940,.T.);
#7126=ORIENTED_EDGE('',*,*,#8941,.T.);
#7127=CARTESIAN_POINT('',(6.025,1.35,8.26636589424463E-17));
#7128=DIRECTION('',(-0.999874047483599,0.0158710166267242,9.71819485556611E-19));
#7129=DIRECTION('',(0.0,6.12323399573676E-17,-1.0));
#7130=SURFACE_STYLE_FILL_AREA(#8942);
#7131=ORIENTED_EDGE('',*,*,#8939,.T.);
#7132=ORIENTED_EDGE('',*,*,#8943,.T.);
#7133=ORIENTED_EDGE('',*,*,#8654,.T.);
#7134=ORIENTED_EDGE('',*,*,#8680,.T.);
#7135=CARTESIAN_POINT('',(6.075,4.5,2.75545529808154E-16));
#7136=DIRECTION('',(-0.939793423488438,0.341743063086701,2.0925727416997E-17));
#7137=DIRECTION('',(2.96546516309537E-33,6.12323399573676E-17,-1.0));
#7138=SURFACE_STYLE_FILL_AREA(#8944);
#7139=ORIENTED_EDGE('',*,*,#8588,.T.);
#7140=ORIENTED_EDGE('',*,*,#8945,.F.);
#7141=ORIENTED_EDGE('',*,*,#8946,.T.);
#7142=ORIENTED_EDGE('',*,*,#8947,.F.);
#7143=CARTESIAN_POINT('',(5.8,1.35,-1.15));
#7144=DIRECTION('',(1.0,0.0,0.0));
#7145=DIRECTION('',(0.0,6.12323399573676E-17,-1.0));
#7146=SURFACE_STYLE_FILL_AREA(#8948);
#7147=ORIENTED_EDGE('',*,*,#8920,.T.);
#7148=ORIENTED_EDGE('',*,*,#8949,.T.);
#7149=ORIENTED_EDGE('',*,*,#8589,.T.);
#7150=ORIENTED_EDGE('',*,*,#8947,.T.);
#7151=ORIENTED_EDGE('',*,*,#8950,.F.);
#7152=CARTESIAN_POINT('',(-24.8,0.45,0.85));
#7153=DIRECTION('',(0.0,1.0,1.02932423514502E-16));
#7154=DIRECTION('',(0.0,-1.02932423514502E-16,1.0));
#7155=SURFACE_STYLE_FILL_AREA(#8951);
#7156=ORIENTED_EDGE('',*,*,#8949,.F.);
#7157=ORIENTED_EDGE('',*,*,#8916,.T.);
#7158=ORIENTED_EDGE('',*,*,#8915,.F.);
#7159=ORIENTED_EDGE('',*,*,#8952,.F.);
#7160=ORIENTED_EDGE('',*,*,#8591,.T.);
#7161=ORIENTED_EDGE('',*,*,#8590,.F.);
#7162=CARTESIAN_POINT('',(6.0,4.25,-1.75));
#7163=DIRECTION('',(1.0,0.0,0.0));
#7164=DIRECTION('',(0.0,6.12323399573676E-17,-1.0));
#7165=SURFACE_STYLE_FILL_AREA(#8953);
#7166=ORIENTED_EDGE('',*,*,#8587,.F.);
#7167=ORIENTED_EDGE('',*,*,#8928,.T.);
#7168=ORIENTED_EDGE('',*,*,#8933,.T.);
#7169=ORIENTED_EDGE('',*,*,#8923,.T.);
#7170=ORIENTED_EDGE('',*,*,#8954,.T.);
#7171=ORIENTED_EDGE('',*,*,#8945,.T.);
#7172=CARTESIAN_POINT('',(-22.5,0.25,0.85));
#7173=DIRECTION('',(-0.0,1.0,6.12323399573676E-17));
#7174=DIRECTION('',(1.0,0.0,0.0));
#7175=SURFACE_STYLE_FILL_AREA(#8955);
#7176=ORIENTED_EDGE('',*,*,#8912,.F.);
#7177=ORIENTED_EDGE('',*,*,#8907,.T.);
#7178=ORIENTED_EDGE('',*,*,#8956,.T.);
#7179=ORIENTED_EDGE('',*,*,#8652,.T.);
#7180=ORIENTED_EDGE('',*,*,#8957,.T.);
#7181=ORIENTED_EDGE('',*,*,#8780,.T.);
#7182=ORIENTED_EDGE('',*,*,#8594,.T.);
#7183=ORIENTED_EDGE('',*,*,#8593,.F.);
#7184=ORIENTED_EDGE('',*,*,#8958,.T.);
#7185=ORIENTED_EDGE('',*,*,#8913,.T.);
#7186=CARTESIAN_POINT('',(7.0,1.35,-1.15));
#7187=DIRECTION('',(1.0,0.0,0.0));
#7188=DIRECTION('',(0.0,6.12323399573676E-17,-1.0));
#7189=SURFACE_STYLE_FILL_AREA(#8959);
#7190=ORIENTED_EDGE('',*,*,#8952,.T.);
#7191=ORIENTED_EDGE('',*,*,#8914,.T.);
#7192=ORIENTED_EDGE('',*,*,#8958,.F.);
#7193=ORIENTED_EDGE('',*,*,#8592,.T.);
#7194=CARTESIAN_POINT('',(-25.025,1.07156594925393E-16,-1.75));
#7195=DIRECTION('',(0.0,-1.0,-6.12323399573676E-17));
#7196=DIRECTION('',(0.0,-6.12323399573676E-17,1.0));
#7197=SURFACE_STYLE_FILL_AREA(#8960);
#7198=ORIENTED_EDGE('',*,*,#8656,.T.);
#7199=ORIENTED_EDGE('',*,*,#8961,.T.);
#7200=ORIENTED_EDGE('',*,*,#8962,.T.);
#7201=ORIENTED_EDGE('',*,*,#8963,.T.);
#7202=CARTESIAN_POINT('',(-1.075,4.5,2.75545529808154E-16));
#7203=DIRECTION('',(0.939793423488438,0.341743063086701,2.0925727416997E-17));
#7204=DIRECTION('',(2.96546516309537E-33,-6.12323399573676E-17,1.0));
#7205=SURFACE_STYLE_FILL_AREA(#8964);
#7206=ORIENTED_EDGE('',*,*,#8965,.F.);
#7207=ORIENTED_EDGE('',*,*,#8966,.T.);
#7208=ORIENTED_EDGE('',*,*,#8967,.T.);
#7209=ORIENTED_EDGE('',*,*,#8962,.F.);
#7210=CARTESIAN_POINT('',(-1.025,1.35,8.26636589424463E-17));
#7211=DIRECTION('',(0.999874047483599,0.0158710166267242,9.71819485556611E-19));
#7212=DIRECTION('',(0.0,-6.12323399573676E-17,1.0));
#7213=SURFACE_STYLE_FILL_AREA(#8968);
#7214=ORIENTED_EDGE('',*,*,#8969,.F.);
#7215=ORIENTED_EDGE('',*,*,#8970,.T.);
#7216=ORIENTED_EDGE('',*,*,#8971,.F.);
#7217=ORIENTED_EDGE('',*,*,#8972,.F.);
#7218=ORIENTED_EDGE('',*,*,#8973,.T.);
#7219=ORIENTED_EDGE('',*,*,#8974,.F.);
#7220=ORIENTED_EDGE('',*,*,#8649,.F.);
#7221=CARTESIAN_POINT('',(-2.0,1.35,-0.91090036882272));
#7222=DIRECTION('',(0.642787609686538,-1.29961398708518E-16,0.766044443118979));
#7223=DIRECTION('',(0.0,-1.0,-1.69652557205918E-16));
#7224=SURFACE_STYLE_FILL_AREA(#8975);
#7225=ORIENTED_EDGE('',*,*,#8650,.T.);
#7226=ORIENTED_EDGE('',*,*,#8974,.T.);
#7227=ORIENTED_EDGE('',*,*,#8973,.F.);
#7228=ORIENTED_EDGE('',*,*,#8976,.T.);
#7229=ORIENTED_EDGE('',*,*,#8564,.T.);
#7230=ORIENTED_EDGE('',*,*,#8782,.T.);
#7231=ORIENTED_EDGE('',*,*,#8977,.T.);
#7232=CARTESIAN_POINT('',(-2.0,1.35,-1.15));
#7233=DIRECTION('',(-1.0,0.0,0.0));
#7234=DIRECTION('',(0.0,1.0,6.12323399573676E-17));
#7235=SURFACE_STYLE_FILL_AREA(#8978);
#7236=ORIENTED_EDGE('',*,*,#8464,.T.);
#7237=ORIENTED_EDGE('',*,*,#8979,.T.);
#7238=ORIENTED_EDGE('',*,*,#8980,.F.);
#7239=ORIENTED_EDGE('',*,*,#8981,.F.);
#7240=CARTESIAN_POINT('',(-0.325,0.65,-0.17));
#7241=DIRECTION('',(1.0,0.0,0.0));
#7242=DIRECTION('',(0.0,6.12323399573676E-17,-1.0));
#7243=SURFACE_STYLE_FILL_AREA(#8982);
#7244=ORIENTED_EDGE('',*,*,#8983,.F.);
#7245=ORIENTED_EDGE('',*,*,#8979,.F.);
#7246=ORIENTED_EDGE('',*,*,#8624,.F.);
#7247=ORIENTED_EDGE('',*,*,#8984,.F.);
#7248=CARTESIAN_POINT('',(-0.425,0.25,0.85));
#7249=DIRECTION('',(0.92847669088526,-0.371390676354102,-8.46892090967385E-17));
#7250=DIRECTION('',(0.0,-2.28032674185907E-16,1.0));
#7251=SURFACE_STYLE_FILL_AREA(#8985);
#7252=ORIENTED_EDGE('',*,*,#8569,.F.);
#7253=ORIENTED_EDGE('',*,*,#8986,.T.);
#7254=ORIENTED_EDGE('',*,*,#8987,.T.);
#7255=ORIENTED_EDGE('',*,*,#8984,.T.);
#7256=ORIENTED_EDGE('',*,*,#8629,.T.);
#7257=ORIENTED_EDGE('',*,*,#8988,.T.);
#7258=CARTESIAN_POINT('',(1.5,0.25,0.85));
#7259=DIRECTION('',(-0.0,1.0,6.12323399573676E-17));
#7260=DIRECTION('',(1.0,0.0,0.0));
#7261=SURFACE_STYLE_FILL_AREA(#8989);
#7262=ORIENTED_EDGE('',*,*,#8568,.T.);
#7263=ORIENTED_EDGE('',*,*,#8990,.F.);
#7264=ORIENTED_EDGE('',*,*,#8991,.T.);
#7265=ORIENTED_EDGE('',*,*,#8986,.F.);
#7266=CARTESIAN_POINT('',(-0.8,1.35,-1.15));
#7267=DIRECTION('',(-1.0,0.0,0.0));
#7268=DIRECTION('',(0.0,1.0,6.12323399573676E-17));
#7269=SURFACE_STYLE_FILL_AREA(#8992);
#7270=ORIENTED_EDGE('',*,*,#8993,.T.);
#7271=ORIENTED_EDGE('',*,*,#8994,.F.);
#7272=ORIENTED_EDGE('',*,*,#8990,.T.);
#7273=ORIENTED_EDGE('',*,*,#8567,.T.);
#7274=CARTESIAN_POINT('',(-0.8,0.45,0.85));
#7275=DIRECTION('',(0.0,1.0,1.02932423514502E-16));
#7276=DIRECTION('',(0.0,-1.02932423514502E-16,1.0));
#7277=SURFACE_STYLE_FILL_AREA(#8995);
#7278=ORIENTED_EDGE('',*,*,#8566,.F.);
#7279=ORIENTED_EDGE('',*,*,#8996,.F.);
#7280=ORIENTED_EDGE('',*,*,#8971,.T.);
#7281=ORIENTED_EDGE('',*,*,#8970,.F.);
#7282=ORIENTED_EDGE('',*,*,#8993,.F.);
#7283=CARTESIAN_POINT('',(-1.0,1.35,-1.15));
#7284=DIRECTION('',(-1.0,0.0,0.0));
#7285=DIRECTION('',(0.0,1.0,6.12323399573676E-17));
#7286=SURFACE_STYLE_FILL_AREA(#8997);
#7287=ORIENTED_EDGE('',*,*,#8631,.F.);
#7288=ORIENTED_EDGE('',*,*,#8491,.F.);
#7289=ORIENTED_EDGE('',*,*,#8570,.F.);
#7290=ORIENTED_EDGE('',*,*,#8988,.F.);
#7291=CARTESIAN_POINT('',(-0.425,0.25,0.85));
#7292=DIRECTION('',(0.92847669088526,-0.371390676354102,-8.46892090967385E-17));
#7293=DIRECTION('',(0.0,-2.28032674185907E-16,1.0));
#7294=SURFACE_STYLE_FILL_AREA(#8998);
#7295=ORIENTED_EDGE('',*,*,#8976,.F.);
#7296=ORIENTED_EDGE('',*,*,#8972,.T.);
#7297=ORIENTED_EDGE('',*,*,#8996,.T.);
#7298=ORIENTED_EDGE('',*,*,#8565,.T.);
#7299=CARTESIAN_POINT('',(-1.025,1.07156594925393E-16,-1.75));
#7300=DIRECTION('',(0.0,-1.0,-6.12323399573676E-17));
#7301=DIRECTION('',(0.0,-6.12323399573676E-17,1.0));
#7302=SURFACE_STYLE_FILL_AREA(#8999);
#7303=ORIENTED_EDGE('',*,*,#8784,.T.);
#7304=ORIENTED_EDGE('',*,*,#8764,.T.);
#7305=ORIENTED_EDGE('',*,*,#8778,.T.);
#7306=ORIENTED_EDGE('',*,*,#8775,.F.);
#7307=ORIENTED_EDGE('',*,*,#8772,.T.);
#7308=ORIENTED_EDGE('',*,*,#8759,.T.);
#7309=ORIENTED_EDGE('',*,*,#8815,.T.);
#7310=ORIENTED_EDGE('',*,*,#8799,.T.);
#7311=ORIENTED_EDGE('',*,*,#8813,.T.);
#7312=ORIENTED_EDGE('',*,*,#8810,.F.);
#7313=ORIENTED_EDGE('',*,*,#8807,.T.);
#7314=ORIENTED_EDGE('',*,*,#8794,.T.);
#7315=ORIENTED_EDGE('',*,*,#8845,.T.);
#7316=ORIENTED_EDGE('',*,*,#8829,.T.);
#7317=ORIENTED_EDGE('',*,*,#8843,.T.);
#7318=ORIENTED_EDGE('',*,*,#8840,.F.);
#7319=ORIENTED_EDGE('',*,*,#8837,.T.);
#7320=ORIENTED_EDGE('',*,*,#8824,.T.);
#7321=ORIENTED_EDGE('',*,*,#8875,.T.);
#7322=ORIENTED_EDGE('',*,*,#8859,.T.);
#7323=ORIENTED_EDGE('',*,*,#8873,.T.);
#7324=ORIENTED_EDGE('',*,*,#8870,.F.);
#7325=ORIENTED_EDGE('',*,*,#8867,.T.);
#7326=ORIENTED_EDGE('',*,*,#8854,.T.);
#7327=ORIENTED_EDGE('',*,*,#8905,.T.);
#7328=ORIENTED_EDGE('',*,*,#8889,.T.);
#7329=ORIENTED_EDGE('',*,*,#8903,.T.);
#7330=ORIENTED_EDGE('',*,*,#8900,.F.);
#7331=ORIENTED_EDGE('',*,*,#8897,.T.);
#7332=ORIENTED_EDGE('',*,*,#8884,.T.);
#7333=ORIENTED_EDGE('',*,*,#9000,.T.);
#7334=ORIENTED_EDGE('',*,*,#8980,.T.);
#7335=ORIENTED_EDGE('',*,*,#8983,.T.);
#7336=ORIENTED_EDGE('',*,*,#8987,.F.);
#7337=ORIENTED_EDGE('',*,*,#8991,.F.);
#7338=ORIENTED_EDGE('',*,*,#8994,.T.);
#7339=ORIENTED_EDGE('',*,*,#8969,.T.);
#7340=ORIENTED_EDGE('',*,*,#8648,.T.);
#7341=ORIENTED_EDGE('',*,*,#8956,.F.);
#7342=ORIENTED_EDGE('',*,*,#8910,.T.);
#7343=ORIENTED_EDGE('',*,*,#8919,.T.);
#7344=ORIENTED_EDGE('',*,*,#8950,.T.);
#7345=ORIENTED_EDGE('',*,*,#8946,.F.);
#7346=ORIENTED_EDGE('',*,*,#8954,.F.);
#7347=ORIENTED_EDGE('',*,*,#8922,.T.);
#7348=ORIENTED_EDGE('',*,*,#8930,.T.);
#7349=CARTESIAN_POINT('',(5.2,2.85,-1.75));
#7350=DIRECTION('',(0.0,6.12323399573676E-17,-1.0));
#7351=DIRECTION('',(-6.12323399573676E-17,-1.0,-6.12323399573676E-17));
#7352=SURFACE_STYLE_FILL_AREA(#9001);
#7353=ORIENTED_EDGE('',*,*,#8747,.T.);
#7354=ORIENTED_EDGE('',*,*,#8657,.F.);
#7355=ORIENTED_EDGE('',*,*,#8963,.F.);
#7356=ORIENTED_EDGE('',*,*,#9002,.F.);
#7357=CARTESIAN_POINT('',(5.2,4.5,-0.549999999999999));
#7358=DIRECTION('',(-1.0,6.12323399573676E-17,3.74939945665464E-33));
#7359=DIRECTION('',(6.12323399573676E-17,1.0,6.12323399573676E-17));
#7360=SURFACE_STYLE_FILL_AREA(#9003);
#7361=ORIENTED_EDGE('',*,*,#7615,.T.);
#7362=ORIENTED_EDGE('',*,*,#8642,.T.);
#7363=ORIENTED_EDGE('',*,*,#8646,.T.);
#7364=ORIENTED_EDGE('',*,*,#8694,.T.);
#7365=ORIENTED_EDGE('',*,*,#8685,.T.);
#7366=ORIENTED_EDGE('',*,*,#8139,.T.);
#7367=ORIENTED_EDGE('',*,*,#8124,.T.);
#7368=ORIENTED_EDGE('',*,*,#8131,.T.);
#7369=ORIENTED_EDGE('',*,*,#8025,.T.);
#7370=ORIENTED_EDGE('',*,*,#8021,.T.);
#7371=ORIENTED_EDGE('',*,*,#8011,.T.);
#7372=ORIENTED_EDGE('',*,*,#8689,.T.);
#7373=ORIENTED_EDGE('',*,*,#8692,.T.);
#7374=ORIENTED_EDGE('',*,*,#8708,.T.);
#7375=ORIENTED_EDGE('',*,*,#8699,.T.);
#7376=ORIENTED_EDGE('',*,*,#7851,.T.);
#7377=ORIENTED_EDGE('',*,*,#7823,.T.);
#7378=ORIENTED_EDGE('',*,*,#7843,.T.);
#7379=ORIENTED_EDGE('',*,*,#7757,.T.);
#7380=ORIENTED_EDGE('',*,*,#7753,.T.);
#7381=ORIENTED_EDGE('',*,*,#7743,.T.);
#7382=ORIENTED_EDGE('',*,*,#8703,.T.);
#7383=ORIENTED_EDGE('',*,*,#8706,.T.);
#7384=ORIENTED_EDGE('',*,*,#8722,.T.);
#7385=ORIENTED_EDGE('',*,*,#8713,.T.);
#7386=ORIENTED_EDGE('',*,*,#8299,.T.);
#7387=ORIENTED_EDGE('',*,*,#8284,.T.);
#7388=ORIENTED_EDGE('',*,*,#8291,.T.);
#7389=ORIENTED_EDGE('',*,*,#8185,.T.);
#7390=ORIENTED_EDGE('',*,*,#8181,.T.);
#7391=ORIENTED_EDGE('',*,*,#8171,.T.);
#7392=ORIENTED_EDGE('',*,*,#8717,.T.);
#7393=ORIENTED_EDGE('',*,*,#8720,.T.);
#7394=ORIENTED_EDGE('',*,*,#8736,.T.);
#7395=ORIENTED_EDGE('',*,*,#8727,.T.);
#7396=ORIENTED_EDGE('',*,*,#7979,.T.);
#7397=ORIENTED_EDGE('',*,*,#7951,.T.);
#7398=ORIENTED_EDGE('',*,*,#7971,.T.);
#7399=ORIENTED_EDGE('',*,*,#7885,.T.);
#7400=ORIENTED_EDGE('',*,*,#7881,.T.);
#7401=ORIENTED_EDGE('',*,*,#7871,.T.);
#7402=ORIENTED_EDGE('',*,*,#8731,.T.);
#7403=ORIENTED_EDGE('',*,*,#8734,.T.);
#7404=ORIENTED_EDGE('',*,*,#8750,.T.);
#7405=ORIENTED_EDGE('',*,*,#8741,.T.);
#7406=ORIENTED_EDGE('',*,*,#8459,.T.);
#7407=ORIENTED_EDGE('',*,*,#8444,.T.);
#7408=ORIENTED_EDGE('',*,*,#8451,.T.);
#7409=ORIENTED_EDGE('',*,*,#8345,.T.);
#7410=ORIENTED_EDGE('',*,*,#8341,.T.);
#7411=ORIENTED_EDGE('',*,*,#8331,.T.);
#7412=ORIENTED_EDGE('',*,*,#8745,.T.);
#7413=ORIENTED_EDGE('',*,*,#8748,.T.);
#7414=ORIENTED_EDGE('',*,*,#9002,.T.);
#7415=ORIENTED_EDGE('',*,*,#8967,.F.);
#7416=ORIENTED_EDGE('',*,*,#9004,.T.);
#7417=ORIENTED_EDGE('',*,*,#8940,.F.);
#7418=ORIENTED_EDGE('',*,*,#8679,.T.);
#7419=ORIENTED_EDGE('',*,*,#8638,.T.);
#7420=ORIENTED_EDGE('',*,*,#7723,.T.);
#7421=ORIENTED_EDGE('',*,*,#7695,.T.);
#7422=ORIENTED_EDGE('',*,*,#7715,.T.);
#7423=ORIENTED_EDGE('',*,*,#7629,.T.);
#7424=ORIENTED_EDGE('',*,*,#7625,.T.);
#7425=CARTESIAN_POINT('',(5.2,2.925,1.28932761900046E-15));
#7426=DIRECTION('',(0.0,-6.12323399573676E-17,1.0));
#7427=DIRECTION('',(6.12323399573676E-17,1.0,6.12323399573676E-17));
#7428=SURFACE_STYLE_FILL_AREA(#9005);
#7429=ORIENTED_EDGE('',*,*,#9004,.F.);
#7430=ORIENTED_EDGE('',*,*,#8966,.F.);
#7431=ORIENTED_EDGE('',*,*,#9006,.T.);
#7432=ORIENTED_EDGE('',*,*,#8941,.F.);
#7433=CARTESIAN_POINT('',(5.2,1.35,0.225000000000001));
#7434=DIRECTION('',(6.12323399573676E-17,1.0,6.12323399573676E-17));
#7435=DIRECTION('',(0.0,6.12323399573676E-17,-1.0));
#7436=SURFACE_STYLE_FILL_AREA(#9007);
#7437=ORIENTED_EDGE('',*,*,#9006,.F.);
#7438=ORIENTED_EDGE('',*,*,#8965,.T.);
#7439=ORIENTED_EDGE('',*,*,#9008,.T.);
#7440=ORIENTED_EDGE('',*,*,#8938,.T.);
#7441=CARTESIAN_POINT('',(5.2,2.925,0.450000000000001));
#7442=DIRECTION('',(0.0,6.12323399573676E-17,-1.0));
#7443=DIRECTION('',(-6.12323399573676E-17,-1.0,-6.12323399573676E-17));
#7444=SURFACE_STYLE_FILL_AREA(#9009);
#7445=ORIENTED_EDGE('',*,*,#9008,.F.);
#7446=ORIENTED_EDGE('',*,*,#8961,.F.);
#7447=ORIENTED_EDGE('',*,*,#8655,.F.);
#7448=ORIENTED_EDGE('',*,*,#8943,.F.);
#7449=CARTESIAN_POINT('',(5.2,4.775,0.608771324027149));
#7450=DIRECTION('',(3.06161699786838E-17,0.5,-0.866025403784439));
#7451=DIRECTION('',(-5.30287619362453E-17,-0.866025403784439,-0.5));
#7452=SURFACE_STYLE_FILL_AREA(#9010);
#7453=ORIENTED_EDGE('',*,*,#8651,.T.);
#7454=ORIENTED_EDGE('',*,*,#8977,.F.);
#7455=ORIENTED_EDGE('',*,*,#8781,.T.);
#7456=ORIENTED_EDGE('',*,*,#8957,.F.);
#7457=CARTESIAN_POINT('',(5.2,2.9,1.25));
#7458=DIRECTION('',(0.0,-6.12323399573676E-17,1.0));
#7459=DIRECTION('',(6.12323399573676E-17,1.0,6.12323399573676E-17));
#7460=SURFACE_STYLE_FILL_AREA(#9011);
#7461=ORIENTED_EDGE('',*,*,#8883,.T.);
#7462=ORIENTED_EDGE('',*,*,#8465,.T.);
#7463=ORIENTED_EDGE('',*,*,#8981,.T.);
#7464=ORIENTED_EDGE('',*,*,#9000,.F.);
#7465=CARTESIAN_POINT('',(5.2,0.65,-1.575));
#7466=DIRECTION('',(-6.12323399573676E-17,-1.0,-6.12323399573676E-17));
#7467=DIRECTION('',(0.0,-6.12323399573676E-17,1.0));
#7468=SURFACE_STYLE_FILL_AREA(#9012);
#7469=ORIENTED_EDGE('',*,*,#9013,.T.);
#7470=ORIENTED_EDGE('',*,*,#9014,.F.);
#7471=ORIENTED_EDGE('',*,*,#9015,.F.);
#7472=ORIENTED_EDGE('',*,*,#9016,.F.);
#7473=CARTESIAN_POINT('',(-0.425,0.25,0.85));
#7474=DIRECTION('',(0.990678839845296,-0.136218340478729,-2.23433638711036E-15));
#7475=DIRECTION('',(-4.00131996868435E-31,-1.64026105387715E-14,1.0));
#7476=SURFACE_STYLE_FILL_AREA(#9017);
#7477=ORIENTED_EDGE('',*,*,#9018,.T.);
#7478=ORIENTED_EDGE('',*,*,#9016,.T.);
#7479=ORIENTED_EDGE('',*,*,#9019,.T.);
#7480=CARTESIAN_POINT('',(-0.315,1.05,-0.87));
#7481=DIRECTION('',(0.0,0.52999894000318,0.847998304005088));
#7482=DIRECTION('',(-1.0,0.0,0.0));
#7483=SURFACE_STYLE_FILL_AREA(#9020);
#7484=ORIENTED_EDGE('',*,*,#9021,.T.);
#7485=ORIENTED_EDGE('',*,*,#9019,.F.);
#7486=ORIENTED_EDGE('',*,*,#9015,.T.);
#7487=ORIENTED_EDGE('',*,*,#9022,.F.);
#7488=CARTESIAN_POINT('',(-0.325,0.65,-0.17));
#7489=DIRECTION('',(1.0,0.0,0.0));
#7490=DIRECTION('',(0.0,6.12323399573676E-17,-1.0));
#7491=SURFACE_STYLE_FILL_AREA(#9023);
#7492=ORIENTED_EDGE('',*,*,#9024,.T.);
#7493=ORIENTED_EDGE('',*,*,#9022,.T.);
#7494=ORIENTED_EDGE('',*,*,#9014,.T.);
#7495=CARTESIAN_POINT('',(5.2,0.7,-1.36875));
#7496=DIRECTION('',(-3.24530752713192E-17,-0.52999894000318,0.847998304005088));
#7497=DIRECTION('',(5.19249204341107E-17,0.847998304005088,0.52999894000318));
#7498=SURFACE_STYLE_FILL_AREA(#9025);
#7499=ORIENTED_EDGE('',*,*,#9018,.F.);
#7500=ORIENTED_EDGE('',*,*,#9021,.F.);
#7501=ORIENTED_EDGE('',*,*,#9024,.F.);
#7502=ORIENTED_EDGE('',*,*,#9013,.F.);
#7503=CARTESIAN_POINT('',(2.5,0.8,-0.275));
#7504=DIRECTION('',(-0.0,1.0,6.12323399573676E-17));
#7505=DIRECTION('',(1.0,0.0,0.0));
#7506=SURFACE_STYLE_FILL_AREA(#9026);
#7507=FILL_AREA_STYLE('',(#9027));
#7508=EDGE_CURVE('',#9028,#9029,#9030,.T.);
#7509=EDGE_CURVE('',#9028,#9031,#9032,.T.);
#7510=EDGE_CURVE('',#9033,#9031,#9034,.T.);
#7511=EDGE_CURVE('',#9029,#9033,#9035,.T.);
#7512=FILL_AREA_STYLE('',(#9036));
#7513=EDGE_CURVE('',#9037,#9038,#9039,.T.);
#7514=EDGE_CURVE('',#9040,#9037,#9041,.T.);
#7515=EDGE_CURVE('',#9042,#9040,#9043,.T.);
#7516=EDGE_CURVE('',#9038,#9042,#9044,.T.);
#7517=FILL_AREA_STYLE('',(#9045));
#7518=EDGE_CURVE('',#9046,#9047,#9048,.T.);
#7519=EDGE_CURVE('',#9049,#9046,#9050,.T.);
#7520=EDGE_CURVE('',#9051,#9049,#9052,.T.);
#7521=EDGE_CURVE('',#9051,#9047,#9053,.T.);
#7522=FILL_AREA_STYLE('',(#9054));
#7523=EDGE_CURVE('',#9055,#9056,#9057,.T.);
#7524=EDGE_CURVE('',#9055,#9058,#9059,.T.);
#7525=EDGE_CURVE('',#9060,#9058,#9061,.T.);
#7526=EDGE_CURVE('',#9056,#9060,#9062,.T.);
#7527=FILL_AREA_STYLE('',(#9063));
#7528=EDGE_CURVE('',#9064,#9065,#9066,.T.);
#7529=EDGE_CURVE('',#9067,#9064,#9068,.T.);
#7530=EDGE_CURVE('',#9069,#9067,#9070,.T.);
#7531=EDGE_CURVE('',#9065,#9069,#9071,.T.);
#7532=FILL_AREA_STYLE('',(#9072));
#7533=EDGE_CURVE('',#9073,#9074,#9075,.T.);
#7534=EDGE_CURVE('',#9076,#9073,#9077,.T.);
#7535=EDGE_CURVE('',#9078,#9076,#9079,.T.);
#7536=EDGE_CURVE('',#9078,#9074,#9080,.T.);
#7537=FILL_AREA_STYLE('',(#9081));
#7538=EDGE_CURVE('',#9082,#9083,#9084,.T.);
#7539=EDGE_CURVE('',#9082,#9085,#9086,.T.);
#7540=EDGE_CURVE('',#9087,#9085,#9088,.T.);
#7541=EDGE_CURVE('',#9083,#9087,#9089,.T.);
#7542=FILL_AREA_STYLE('',(#9090));
#7543=EDGE_CURVE('',#9091,#9092,#9093,.T.);
#7544=EDGE_CURVE('',#9094,#9091,#9095,.T.);
#7545=EDGE_CURVE('',#9096,#9094,#9097,.T.);
#7546=EDGE_CURVE('',#9092,#9096,#9098,.T.);
#7547=FILL_AREA_STYLE('',(#9099));
#7548=EDGE_CURVE('',#9100,#9101,#9102,.T.);
#7549=EDGE_CURVE('',#9103,#9100,#9104,.T.);
#7550=EDGE_CURVE('',#9105,#9103,#9106,.T.);
#7551=EDGE_CURVE('',#9105,#9101,#9107,.T.);
#7552=FILL_AREA_STYLE('',(#9108));
#7553=EDGE_CURVE('',#9109,#9110,#9111,.T.);
#7554=EDGE_CURVE('',#9112,#9109,#9113,.T.);
#7555=EDGE_CURVE('',#9114,#9112,#9115,.T.);
#7556=EDGE_CURVE('',#9114,#9110,#9116,.T.);
#7557=FILL_AREA_STYLE('',(#9117));
#7558=EDGE_CURVE('',#9118,#9119,#9120,.T.);
#7559=EDGE_CURVE('',#9121,#9118,#9122,.T.);
#7560=EDGE_CURVE('',#9123,#9121,#9124,.T.);
#7561=EDGE_CURVE('',#9119,#9123,#9125,.T.);
#7562=FILL_AREA_STYLE('',(#9126));
#7563=EDGE_CURVE('',#9127,#9128,#9129,.T.);
#7564=EDGE_CURVE('',#9127,#9130,#9131,.T.);
#7565=EDGE_CURVE('',#9132,#9130,#9133,.T.);
#7566=EDGE_CURVE('',#9128,#9132,#9134,.T.);
#7567=FILL_AREA_STYLE('',(#9135));
#7568=EDGE_CURVE('',#9136,#9137,#9138,.T.);
#7569=EDGE_CURVE('',#9139,#9136,#9140,.T.);
#7570=EDGE_CURVE('',#9141,#9139,#9142,.T.);
#7571=EDGE_CURVE('',#9141,#9137,#9143,.T.);
#7572=FILL_AREA_STYLE('',(#9144));
#7573=EDGE_CURVE('',#9145,#9146,#9147,.T.);
#7574=EDGE_CURVE('',#9148,#9145,#9149,.T.);
#7575=EDGE_CURVE('',#9150,#9148,#9151,.T.);
#7576=EDGE_CURVE('',#9146,#9150,#9152,.T.);
#7577=FILL_AREA_STYLE('',(#9153));
#7578=EDGE_CURVE('',#9154,#9155,#9156,.T.);
#7579=EDGE_CURVE('',#9154,#9157,#9158,.T.);
#7580=EDGE_CURVE('',#9159,#9157,#9160,.T.);
#7581=EDGE_CURVE('',#9155,#9159,#9161,.T.);
#7582=FILL_AREA_STYLE('',(#9162));
#7583=EDGE_CURVE('',#9163,#9164,#9165,.T.);
#7584=EDGE_CURVE('',#9166,#9163,#9167,.T.);
#7585=EDGE_CURVE('',#9168,#9166,#9169,.T.);
#7586=EDGE_CURVE('',#9168,#9164,#9170,.T.);
#7587=FILL_AREA_STYLE('',(#9171));
#7588=EDGE_CURVE('',#9172,#9173,#9174,.T.);
#7589=EDGE_CURVE('',#9175,#9172,#9176,.T.);
#7590=EDGE_CURVE('',#9177,#9175,#9178,.T.);
#7591=EDGE_CURVE('',#9173,#9177,#9179,.T.);
#7592=FILL_AREA_STYLE('',(#9180));
#7593=EDGE_CURVE('',#9181,#9182,#9183,.T.);
#7594=EDGE_CURVE('',#9181,#9184,#9185,.T.);
#7595=EDGE_CURVE('',#9186,#9184,#9187,.T.);
#7596=EDGE_CURVE('',#9182,#9186,#9188,.T.);
#7597=FILL_AREA_STYLE('',(#9189));
#7598=EDGE_CURVE('',#9190,#9191,#9192,.T.);
#7599=EDGE_CURVE('',#9193,#9190,#9194,.T.);
#7600=EDGE_CURVE('',#9193,#9195,#9196,.T.);
#7601=EDGE_CURVE('',#9195,#9191,#9197,.T.);
#7602=FILL_AREA_STYLE('',(#9198));
#7603=EDGE_CURVE('',#9199,#9190,#9200,.T.);
#7604=EDGE_CURVE('',#9199,#9201,#9202,.T.);
#7605=EDGE_CURVE('',#9201,#9203,#9204,.T.);
#7606=EDGE_CURVE('',#9203,#9205,#9206,.T.);
#7607=EDGE_CURVE('',#9205,#9207,#9208,.T.);
#7608=EDGE_CURVE('',#9207,#9209,#9210,.T.);
#7609=EDGE_CURVE('',#9209,#9211,#9212,.T.);
#7610=EDGE_CURVE('',#9211,#9213,#9214,.T.);
#7611=EDGE_CURVE('',#9213,#9193,#9215,.T.);
#7612=FILL_AREA_STYLE('',(#9216));
#7613=EDGE_CURVE('',#9217,#9218,#9219,.T.);
#7614=EDGE_CURVE('',#9220,#9217,#9221,.T.);
#7615=EDGE_CURVE('',#9222,#9220,#9223,.T.);
#7616=EDGE_CURVE('',#9222,#9224,#9225,.T.);
#7617=EDGE_CURVE('',#9224,#9226,#9227,.T.);
#7618=EDGE_CURVE('',#9226,#9173,#9228,.T.);
#7619=EDGE_CURVE('',#9177,#9229,#9230,.T.);
#7620=EDGE_CURVE('',#9231,#9229,#9232,.T.);
#7621=EDGE_CURVE('',#9231,#9233,#9234,.T.);
#7622=EDGE_CURVE('',#9233,#9182,#9235,.T.);
#7623=EDGE_CURVE('',#9186,#9218,#9236,.T.);
#7624=FILL_AREA_STYLE('',(#9237));
#7625=EDGE_CURVE('',#9238,#9222,#9239,.T.);
#7626=EDGE_CURVE('',#9240,#9238,#9241,.F.);
#7627=EDGE_CURVE('',#9224,#9240,#9242,.T.);
#7628=FILL_AREA_STYLE('',(#9243));
#7629=EDGE_CURVE('',#9244,#9238,#9245,.T.);
#7630=EDGE_CURVE('',#9244,#9246,#9247,.T.);
#7631=EDGE_CURVE('',#9246,#9248,#9249,.T.);
#7632=EDGE_CURVE('',#9250,#9248,#9251,.T.);
#7633=EDGE_CURVE('',#9250,#9240,#9252,.T.);
#7634=FILL_AREA_STYLE('',(#9253));
#7635=EDGE_CURVE('',#9254,#9255,#9256,.T.);
#7636=EDGE_CURVE('',#9257,#9254,#9258,.T.);
#7637=EDGE_CURVE('',#9257,#9255,#9259,.T.);
#7638=FILL_AREA_STYLE('',(#9260));
#7639=EDGE_CURVE('',#9261,#9262,#9263,.T.);
#7640=EDGE_CURVE('',#9255,#9261,#9264,.T.);
#7641=EDGE_CURVE('',#9262,#9257,#9265,.T.);
#7642=FILL_AREA_STYLE('',(#9266));
#7643=EDGE_CURVE('',#9267,#9268,#9269,.T.);
#7644=EDGE_CURVE('',#9268,#9213,#9270,.T.);
#7645=EDGE_CURVE('',#9267,#9211,#9271,.T.);
#7646=FILL_AREA_STYLE('',(#9272));
#7647=EDGE_CURVE('',#9261,#9273,#9274,.T.);
#7648=EDGE_CURVE('',#9262,#9267,#9275,.T.);
#7649=EDGE_CURVE('',#9209,#9273,#9276,.T.);
#7650=FILL_AREA_STYLE('',(#9277));
#7651=EDGE_CURVE('',#9278,#9207,#9279,.T.);
#7652=EDGE_CURVE('',#9273,#9278,#9280,.T.);
#7653=FILL_AREA_STYLE('',(#9281));
#7654=EDGE_CURVE('',#9278,#9205,#9282,.T.);
#7655=FILL_AREA_STYLE('',(#9283));
#7656=EDGE_CURVE('',#9284,#9254,#9285,.T.);
#7657=EDGE_CURVE('',#9203,#9284,#9286,.T.);
#7658=FILL_AREA_STYLE('',(#9287));
#7659=EDGE_CURVE('',#9284,#9288,#9289,.T.);
#7660=EDGE_CURVE('',#9288,#9201,#9290,.T.);
#7661=FILL_AREA_STYLE('',(#9291));
#7662=EDGE_CURVE('',#9191,#9292,#9293,.T.);
#7663=EDGE_CURVE('',#9195,#9268,#9294,.T.);
#7664=EDGE_CURVE('',#9292,#9288,#9295,.T.);
#7665=FILL_AREA_STYLE('',(#9296));
#7666=FILL_AREA_STYLE('',(#9297));
#7667=EDGE_CURVE('',#9292,#9199,#9298,.T.);
#7668=FILL_AREA_STYLE('',(#9299));
#7669=EDGE_CURVE('',#9218,#9300,#9301,.T.);
#7670=EDGE_CURVE('',#9184,#9300,#9302,.T.);
#7671=FILL_AREA_STYLE('',(#9303));
#7672=EDGE_CURVE('',#9304,#9305,#9306,.T.);
#7673=EDGE_CURVE('',#9304,#9307,#9308,.T.);
#7674=EDGE_CURVE('',#9307,#9309,#9310,.T.);
#7675=EDGE_CURVE('',#9309,#9311,#9312,.T.);
#7676=EDGE_CURVE('',#9311,#9313,#9314,.T.);
#7677=EDGE_CURVE('',#9233,#9313,#9315,.T.);
#7678=EDGE_CURVE('',#9305,#9231,#9316,.T.);
#7679=FILL_AREA_STYLE('',(#9317));
#7680=EDGE_CURVE('',#9318,#9250,#9319,.T.);
#7681=EDGE_CURVE('',#9318,#9320,#9321,.T.);
#7682=EDGE_CURVE('',#9320,#9226,#9322,.T.);
#7683=FILL_AREA_STYLE('',(#9323));
#7684=EDGE_CURVE('',#9313,#9181,#9324,.T.);
#7685=FILL_AREA_STYLE('',(#9325));
#7686=EDGE_CURVE('',#9248,#9326,#9327,.T.);
#7687=EDGE_CURVE('',#9326,#9318,#9328,.T.);
#7688=FILL_AREA_STYLE('',(#9329));
#7689=EDGE_CURVE('',#9300,#9330,#9331,.T.);
#7690=EDGE_CURVE('',#9311,#9332,#9333,.T.);
#7691=EDGE_CURVE('',#9166,#9332,#9334,.T.);
#7692=EDGE_CURVE('',#9163,#9335,#9336,.T.);
#7693=EDGE_CURVE('',#9335,#9337,#9338,.T.);
#7694=EDGE_CURVE('',#9337,#9339,#9340,.F.);
#7695=EDGE_CURVE('',#9341,#9339,#9342,.T.);
#7696=EDGE_CURVE('',#9330,#9341,#9343,.T.);
#7697=FILL_AREA_STYLE('',(#9344));
#7698=EDGE_CURVE('',#9246,#9337,#9345,.F.);
#7699=EDGE_CURVE('',#9335,#9346,#9347,.T.);
#7700=EDGE_CURVE('',#9346,#9326,#9348,.T.);
#7701=FILL_AREA_STYLE('',(#9349));
#7702=EDGE_CURVE('',#9175,#9304,#9350,.T.);
#7703=EDGE_CURVE('',#9305,#9229,#9351,.T.);
#7704=FILL_AREA_STYLE('',(#9352));
#7705=FILL_AREA_STYLE('',(#9353));
#7706=EDGE_CURVE('',#9307,#9168,#9354,.T.);
#7707=EDGE_CURVE('',#9309,#9332,#9355,.T.);
#7708=FILL_AREA_STYLE('',(#9356));
#7709=FILL_AREA_STYLE('',(#9357));
#7710=EDGE_CURVE('',#9172,#9320,#9358,.T.);
#7711=FILL_AREA_STYLE('',(#9359));
#7712=EDGE_CURVE('',#9164,#9346,#9360,.T.);
#7713=FILL_AREA_STYLE('',(#9361));
#7714=FILL_AREA_STYLE('',(#9362));
#7715=EDGE_CURVE('',#9339,#9244,#9363,.T.);
#7716=FILL_AREA_STYLE('',(#9364));
#7717=EDGE_CURVE('',#9330,#9365,#9366,.T.);
#7718=EDGE_CURVE('',#9367,#9365,#9368,.T.);
#7719=EDGE_CURVE('',#9369,#9367,#9370,.T.);
#7720=EDGE_CURVE('',#9371,#9369,#9372,.T.);
#7721=EDGE_CURVE('',#9371,#9217,#9373,.T.);
#7722=FILL_AREA_STYLE('',(#9374));
#7723=EDGE_CURVE('',#9375,#9341,#9376,.T.);
#7724=EDGE_CURVE('',#9365,#9375,#9377,.T.);
#7725=FILL_AREA_STYLE('',(#9378));
#7726=EDGE_CURVE('',#9379,#9380,#9381,.T.);
#7727=EDGE_CURVE('',#9382,#9379,#9383,.T.);
#7728=EDGE_CURVE('',#9382,#9384,#9385,.T.);
#7729=EDGE_CURVE('',#9384,#9380,#9386,.T.);
#7730=FILL_AREA_STYLE('',(#9387));
#7731=EDGE_CURVE('',#9388,#9379,#9389,.T.);
#7732=EDGE_CURVE('',#9388,#9390,#9391,.T.);
#7733=EDGE_CURVE('',#9390,#9392,#9393,.T.);
#7734=EDGE_CURVE('',#9392,#9394,#9395,.T.);
#7735=EDGE_CURVE('',#9394,#9396,#9397,.T.);
#7736=EDGE_CURVE('',#9396,#9398,#9399,.T.);
#7737=EDGE_CURVE('',#9398,#9400,#9401,.T.);
#7738=EDGE_CURVE('',#9400,#9402,#9403,.T.);
#7739=EDGE_CURVE('',#9402,#9382,#9404,.T.);
#7740=FILL_AREA_STYLE('',(#9405));
#7741=EDGE_CURVE('',#9406,#9407,#9408,.T.);
#7742=EDGE_CURVE('',#9409,#9406,#9410,.T.);
#7743=EDGE_CURVE('',#9411,#9409,#9412,.T.);
#7744=EDGE_CURVE('',#9411,#9413,#9414,.T.);
#7745=EDGE_CURVE('',#9413,#9415,#9416,.T.);
#7746=EDGE_CURVE('',#9415,#9146,#9417,.T.);
#7747=EDGE_CURVE('',#9150,#9418,#9419,.T.);
#7748=EDGE_CURVE('',#9420,#9418,#9421,.T.);
#7749=EDGE_CURVE('',#9420,#9422,#9423,.T.);
#7750=EDGE_CURVE('',#9422,#9155,#9424,.T.);
#7751=EDGE_CURVE('',#9159,#9407,#9425,.T.);
#7752=FILL_AREA_STYLE('',(#9426));
#7753=EDGE_CURVE('',#9427,#9411,#9428,.T.);
#7754=EDGE_CURVE('',#9429,#9427,#9430,.F.);
#7755=EDGE_CURVE('',#9413,#9429,#9431,.T.);
#7756=FILL_AREA_STYLE('',(#9432));
#7757=EDGE_CURVE('',#9433,#9427,#9434,.T.);
#7758=EDGE_CURVE('',#9433,#9435,#9436,.T.);
#7759=EDGE_CURVE('',#9435,#9437,#9438,.T.);
#7760=EDGE_CURVE('',#9439,#9437,#9440,.T.);
#7761=EDGE_CURVE('',#9439,#9429,#9441,.T.);
#7762=FILL_AREA_STYLE('',(#9442));
#7763=EDGE_CURVE('',#9443,#9444,#9445,.T.);
#7764=EDGE_CURVE('',#9446,#9443,#9447,.T.);
#7765=EDGE_CURVE('',#9446,#9444,#9448,.T.);
#7766=FILL_AREA_STYLE('',(#9449));
#7767=EDGE_CURVE('',#9450,#9451,#9452,.T.);
#7768=EDGE_CURVE('',#9444,#9450,#9453,.T.);
#7769=EDGE_CURVE('',#9451,#9446,#9454,.T.);
#7770=FILL_AREA_STYLE('',(#9455));
#7771=EDGE_CURVE('',#9456,#9457,#9458,.T.);
#7772=EDGE_CURVE('',#9457,#9402,#9459,.T.);
#7773=EDGE_CURVE('',#9456,#9400,#9460,.T.);
#7774=FILL_AREA_STYLE('',(#9461));
#7775=EDGE_CURVE('',#9450,#9462,#9463,.T.);
#7776=EDGE_CURVE('',#9451,#9456,#9464,.T.);
#7777=EDGE_CURVE('',#9398,#9462,#9465,.T.);
#7778=FILL_AREA_STYLE('',(#9466));
#7779=EDGE_CURVE('',#9467,#9396,#9468,.T.);
#7780=EDGE_CURVE('',#9462,#9467,#9469,.T.);
#7781=FILL_AREA_STYLE('',(#9470));
#7782=EDGE_CURVE('',#9467,#9394,#9471,.T.);
#7783=FILL_AREA_STYLE('',(#9472));
#7784=EDGE_CURVE('',#9473,#9443,#9474,.T.);
#7785=EDGE_CURVE('',#9392,#9473,#9475,.T.);
#7786=FILL_AREA_STYLE('',(#9476));
#7787=EDGE_CURVE('',#9473,#9477,#9478,.T.);
#7788=EDGE_CURVE('',#9477,#9390,#9479,.T.);
#7789=FILL_AREA_STYLE('',(#9480));
#7790=EDGE_CURVE('',#9380,#9481,#9482,.T.);
#7791=EDGE_CURVE('',#9384,#9457,#9483,.T.);
#7792=EDGE_CURVE('',#9481,#9477,#9484,.T.);
#7793=FILL_AREA_STYLE('',(#9485));
#7794=FILL_AREA_STYLE('',(#9486));
#7795=EDGE_CURVE('',#9481,#9388,#9487,.T.);
#7796=FILL_AREA_STYLE('',(#9488));
#7797=EDGE_CURVE('',#9407,#9489,#9490,.T.);
#7798=EDGE_CURVE('',#9157,#9489,#9491,.T.);
#7799=FILL_AREA_STYLE('',(#9492));
#7800=EDGE_CURVE('',#9493,#9494,#9495,.T.);
#7801=EDGE_CURVE('',#9493,#9496,#9497,.T.);
#7802=EDGE_CURVE('',#9496,#9498,#9499,.T.);
#7803=EDGE_CURVE('',#9498,#9500,#9501,.T.);
#7804=EDGE_CURVE('',#9500,#9502,#9503,.T.);
#7805=EDGE_CURVE('',#9422,#9502,#9504,.T.);
#7806=EDGE_CURVE('',#9494,#9420,#9505,.T.);
#7807=FILL_AREA_STYLE('',(#9506));
#7808=EDGE_CURVE('',#9507,#9439,#9508,.T.);
#7809=EDGE_CURVE('',#9507,#9509,#9510,.T.);
#7810=EDGE_CURVE('',#9509,#9415,#9511,.T.);
#7811=FILL_AREA_STYLE('',(#9512));
#7812=EDGE_CURVE('',#9502,#9154,#9513,.T.);
#7813=FILL_AREA_STYLE('',(#9514));
#7814=EDGE_CURVE('',#9437,#9515,#9516,.T.);
#7815=EDGE_CURVE('',#9515,#9507,#9517,.T.);
#7816=FILL_AREA_STYLE('',(#9518));
#7817=EDGE_CURVE('',#9489,#9519,#9520,.T.);
#7818=EDGE_CURVE('',#9500,#9521,#9522,.T.);
#7819=EDGE_CURVE('',#9139,#9521,#9523,.T.);
#7820=EDGE_CURVE('',#9136,#9524,#9525,.T.);
#7821=EDGE_CURVE('',#9524,#9526,#9527,.T.);
#7822=EDGE_CURVE('',#9526,#9528,#9529,.F.);
#7823=EDGE_CURVE('',#9530,#9528,#9531,.T.);
#7824=EDGE_CURVE('',#9519,#9530,#9532,.T.);
#7825=FILL_AREA_STYLE('',(#9533));
#7826=EDGE_CURVE('',#9435,#9526,#9534,.F.);
#7827=EDGE_CURVE('',#9524,#9535,#9536,.T.);
#7828=EDGE_CURVE('',#9535,#9515,#9537,.T.);
#7829=FILL_AREA_STYLE('',(#9538));
#7830=EDGE_CURVE('',#9148,#9493,#9539,.T.);
#7831=EDGE_CURVE('',#9494,#9418,#9540,.T.);
#7832=FILL_AREA_STYLE('',(#9541));
#7833=FILL_AREA_STYLE('',(#9542));
#7834=EDGE_CURVE('',#9496,#9141,#9543,.T.);
#7835=EDGE_CURVE('',#9498,#9521,#9544,.T.);
#7836=FILL_AREA_STYLE('',(#9545));
#7837=FILL_AREA_STYLE('',(#9546));
#7838=EDGE_CURVE('',#9145,#9509,#9547,.T.);
#7839=FILL_AREA_STYLE('',(#9548));
#7840=EDGE_CURVE('',#9137,#9535,#9549,.T.);
#7841=FILL_AREA_STYLE('',(#9550));
#7842=FILL_AREA_STYLE('',(#9551));
#7843=EDGE_CURVE('',#9528,#9433,#9552,.T.);
#7844=FILL_AREA_STYLE('',(#9553));
#7845=EDGE_CURVE('',#9519,#9554,#9555,.T.);
#7846=EDGE_CURVE('',#9556,#9554,#9557,.T.);
#7847=EDGE_CURVE('',#9558,#9556,#9559,.T.);
#7848=EDGE_CURVE('',#9560,#9558,#9561,.T.);
#7849=EDGE_CURVE('',#9560,#9406,#9562,.T.);
#7850=FILL_AREA_STYLE('',(#9563));
#7851=EDGE_CURVE('',#9564,#9530,#9565,.T.);
#7852=EDGE_CURVE('',#9554,#9564,#9566,.T.);
#7853=FILL_AREA_STYLE('',(#9567));
#7854=EDGE_CURVE('',#9568,#9569,#9570,.T.);
#7855=EDGE_CURVE('',#9571,#9568,#9572,.T.);
#7856=EDGE_CURVE('',#9571,#9573,#9574,.T.);
#7857=EDGE_CURVE('',#9573,#9569,#9575,.T.);
#7858=FILL_AREA_STYLE('',(#9576));
#7859=EDGE_CURVE('',#9577,#9568,#9578,.T.);
#7860=EDGE_CURVE('',#9577,#9579,#9580,.T.);
#7861=EDGE_CURVE('',#9579,#9581,#9582,.T.);
#7862=EDGE_CURVE('',#9581,#9583,#9584,.T.);
#7863=EDGE_CURVE('',#9583,#9585,#9586,.T.);
#7864=EDGE_CURVE('',#9585,#9587,#9588,.T.);
#7865=EDGE_CURVE('',#9587,#9589,#9590,.T.);
#7866=EDGE_CURVE('',#9589,#9591,#9592,.T.);
#7867=EDGE_CURVE('',#9591,#9571,#9593,.T.);
#7868=FILL_AREA_STYLE('',(#9594));
#7869=EDGE_CURVE('',#9595,#9596,#9597,.T.);
#7870=EDGE_CURVE('',#9598,#9595,#9599,.T.);
#7871=EDGE_CURVE('',#9600,#9598,#9601,.T.);
#7872=EDGE_CURVE('',#9600,#9602,#9603,.T.);
#7873=EDGE_CURVE('',#9602,#9604,#9605,.T.);
#7874=EDGE_CURVE('',#9604,#9119,#9606,.T.);
#7875=EDGE_CURVE('',#9123,#9607,#9608,.T.);
#7876=EDGE_CURVE('',#9609,#9607,#9610,.T.);
#7877=EDGE_CURVE('',#9609,#9611,#9612,.T.);
#7878=EDGE_CURVE('',#9611,#9128,#9613,.T.);
#7879=EDGE_CURVE('',#9132,#9596,#9614,.T.);
#7880=FILL_AREA_STYLE('',(#9615));
#7881=EDGE_CURVE('',#9616,#9600,#9617,.T.);
#7882=EDGE_CURVE('',#9618,#9616,#9619,.F.);
#7883=EDGE_CURVE('',#9602,#9618,#9620,.T.);
#7884=FILL_AREA_STYLE('',(#9621));
#7885=EDGE_CURVE('',#9622,#9616,#9623,.T.);
#7886=EDGE_CURVE('',#9622,#9624,#9625,.T.);
#7887=EDGE_CURVE('',#9624,#9626,#9627,.T.);
#7888=EDGE_CURVE('',#9628,#9626,#9629,.T.);
#7889=EDGE_CURVE('',#9628,#9618,#9630,.T.);
#7890=FILL_AREA_STYLE('',(#9631));
#7891=EDGE_CURVE('',#9632,#9633,#9634,.T.);
#7892=EDGE_CURVE('',#9635,#9632,#9636,.T.);
#7893=EDGE_CURVE('',#9635,#9633,#9637,.T.);
#7894=FILL_AREA_STYLE('',(#9638));
#7895=EDGE_CURVE('',#9639,#9640,#9641,.T.);
#7896=EDGE_CURVE('',#9633,#9639,#9642,.T.);
#7897=EDGE_CURVE('',#9640,#9635,#9643,.T.);
#7898=FILL_AREA_STYLE('',(#9644));
#7899=EDGE_CURVE('',#9645,#9646,#9647,.T.);
#7900=EDGE_CURVE('',#9646,#9591,#9648,.T.);
#7901=EDGE_CURVE('',#9645,#9589,#9649,.T.);
#7902=FILL_AREA_STYLE('',(#9650));
#7903=EDGE_CURVE('',#9639,#9651,#9652,.T.);
#7904=EDGE_CURVE('',#9640,#9645,#9653,.T.);
#7905=EDGE_CURVE('',#9587,#9651,#9654,.T.);
#7906=FILL_AREA_STYLE('',(#9655));
#7907=EDGE_CURVE('',#9656,#9585,#9657,.T.);
#7908=EDGE_CURVE('',#9651,#9656,#9658,.T.);
#7909=FILL_AREA_STYLE('',(#9659));
#7910=EDGE_CURVE('',#9656,#9583,#9660,.T.);
#7911=FILL_AREA_STYLE('',(#9661));
#7912=EDGE_CURVE('',#9662,#9632,#9663,.T.);
#7913=EDGE_CURVE('',#9581,#9662,#9664,.T.);
#7914=FILL_AREA_STYLE('',(#9665));
#7915=EDGE_CURVE('',#9662,#9666,#9667,.T.);
#7916=EDGE_CURVE('',#9666,#9579,#9668,.T.);
#7917=FILL_AREA_STYLE('',(#9669));
#7918=EDGE_CURVE('',#9569,#9670,#9671,.T.);
#7919=EDGE_CURVE('',#9573,#9646,#9672,.T.);
#7920=EDGE_CURVE('',#9670,#9666,#9673,.T.);
#7921=FILL_AREA_STYLE('',(#9674));
#7922=FILL_AREA_STYLE('',(#9675));
#7923=EDGE_CURVE('',#9670,#9577,#9676,.T.);
#7924=FILL_AREA_STYLE('',(#9677));
#7925=EDGE_CURVE('',#9596,#9678,#9679,.T.);
#7926=EDGE_CURVE('',#9130,#9678,#9680,.T.);
#7927=FILL_AREA_STYLE('',(#9681));
#7928=EDGE_CURVE('',#9682,#9683,#9684,.T.);
#7929=EDGE_CURVE('',#9682,#9685,#9686,.T.);
#7930=EDGE_CURVE('',#9685,#9687,#9688,.T.);
#7931=EDGE_CURVE('',#9687,#9689,#9690,.T.);
#7932=EDGE_CURVE('',#9689,#9691,#9692,.T.);
#7933=EDGE_CURVE('',#9611,#9691,#9693,.T.);
#7934=EDGE_CURVE('',#9683,#9609,#9694,.T.);
#7935=FILL_AREA_STYLE('',(#9695));
#7936=EDGE_CURVE('',#9696,#9628,#9697,.T.);
#7937=EDGE_CURVE('',#9696,#9698,#9699,.T.);
#7938=EDGE_CURVE('',#9698,#9604,#9700,.T.);
#7939=FILL_AREA_STYLE('',(#9701));
#7940=EDGE_CURVE('',#9691,#9127,#9702,.T.);
#7941=FILL_AREA_STYLE('',(#9703));
#7942=EDGE_CURVE('',#9626,#9704,#9705,.T.);
#7943=EDGE_CURVE('',#9704,#9696,#9706,.T.);
#7944=FILL_AREA_STYLE('',(#9707));
#7945=EDGE_CURVE('',#9678,#9708,#9709,.T.);
#7946=EDGE_CURVE('',#9689,#9710,#9711,.T.);
#7947=EDGE_CURVE('',#9112,#9710,#9712,.T.);
#7948=EDGE_CURVE('',#9109,#9713,#9714,.T.);
#7949=EDGE_CURVE('',#9713,#9715,#9716,.T.);
#7950=EDGE_CURVE('',#9715,#9717,#9718,.F.);
#7951=EDGE_CURVE('',#9719,#9717,#9720,.T.);
#7952=EDGE_CURVE('',#9708,#9719,#9721,.T.);
#7953=FILL_AREA_STYLE('',(#9722));
#7954=EDGE_CURVE('',#9624,#9715,#9723,.F.);
#7955=EDGE_CURVE('',#9713,#9724,#9725,.T.);
#7956=EDGE_CURVE('',#9724,#9704,#9726,.T.);
#7957=FILL_AREA_STYLE('',(#9727));
#7958=EDGE_CURVE('',#9121,#9682,#9728,.T.);
#7959=EDGE_CURVE('',#9683,#9607,#9729,.T.);
#7960=FILL_AREA_STYLE('',(#9730));
#7961=FILL_AREA_STYLE('',(#9731));
#7962=EDGE_CURVE('',#9685,#9114,#9732,.T.);
#7963=EDGE_CURVE('',#9687,#9710,#9733,.T.);
#7964=FILL_AREA_STYLE('',(#9734));
#7965=FILL_AREA_STYLE('',(#9735));
#7966=EDGE_CURVE('',#9118,#9698,#9736,.T.);
#7967=FILL_AREA_STYLE('',(#9737));
#7968=EDGE_CURVE('',#9110,#9724,#9738,.T.);
#7969=FILL_AREA_STYLE('',(#9739));
#7970=FILL_AREA_STYLE('',(#9740));
#7971=EDGE_CURVE('',#9717,#9622,#9741,.T.);
#7972=FILL_AREA_STYLE('',(#9742));
#7973=EDGE_CURVE('',#9708,#9743,#9744,.T.);
#7974=EDGE_CURVE('',#9745,#9743,#9746,.T.);
#7975=EDGE_CURVE('',#9747,#9745,#9748,.T.);
#7976=EDGE_CURVE('',#9749,#9747,#9750,.T.);
#7977=EDGE_CURVE('',#9749,#9595,#9751,.T.);
#7978=FILL_AREA_STYLE('',(#9752));
#7979=EDGE_CURVE('',#9753,#9719,#9754,.T.);
#7980=EDGE_CURVE('',#9743,#9753,#9755,.T.);
#7981=FILL_AREA_STYLE('',(#9756));
#7982=EDGE_CURVE('',#9757,#9758,#9759,.T.);
#7983=EDGE_CURVE('',#9757,#9760,#9761,.T.);
#7984=EDGE_CURVE('',#9760,#9762,#9763,.T.);
#7985=EDGE_CURVE('',#9764,#9762,#9765,.T.);
#7986=EDGE_CURVE('',#9764,#9766,#9767,.T.);
#7987=EDGE_CURVE('',#9766,#9768,#9769,.T.);
#7988=EDGE_CURVE('',#9768,#9770,#9771,.T.);
#7989=EDGE_CURVE('',#9770,#9772,#9773,.T.);
#7990=EDGE_CURVE('',#9772,#9774,#9775,.T.);
#7991=EDGE_CURVE('',#9774,#9776,#9777,.T.);
#7992=EDGE_CURVE('',#9776,#9778,#9779,.T.);
#7993=EDGE_CURVE('',#9780,#9778,#9781,.T.);
#7994=EDGE_CURVE('',#9780,#9782,#9783,.T.);
#7995=EDGE_CURVE('',#9782,#9758,#9784,.F.);
#7996=FILL_AREA_STYLE('',(#9785));
#7997=EDGE_CURVE('',#9786,#9757,#9787,.T.);
#7998=EDGE_CURVE('',#9788,#9786,#9789,.T.);
#7999=EDGE_CURVE('',#9788,#9760,#9790,.T.);
#8000=FILL_AREA_STYLE('',(#9791));
#8001=EDGE_CURVE('',#9792,#9786,#9793,.T.);
#8002=EDGE_CURVE('',#9792,#9794,#9795,.T.);
#8003=EDGE_CURVE('',#9788,#9794,#9796,.T.);
#8004=FILL_AREA_STYLE('',(#9797));
#8005=EDGE_CURVE('',#9798,#9792,#9799,.T.);
#8006=EDGE_CURVE('',#9800,#9798,#9801,.T.);
#8007=EDGE_CURVE('',#9794,#9800,#9802,.T.);
#8008=FILL_AREA_STYLE('',(#9803));
#8009=EDGE_CURVE('',#9804,#9805,#9806,.T.);
#8010=EDGE_CURVE('',#9807,#9804,#9808,.T.);
#8011=EDGE_CURVE('',#9809,#9807,#9810,.T.);
#8012=EDGE_CURVE('',#9809,#9811,#9812,.T.);
#8013=EDGE_CURVE('',#9811,#9813,#9814,.T.);
#8014=EDGE_CURVE('',#9813,#9092,#9815,.T.);
#8015=EDGE_CURVE('',#9096,#9816,#9817,.T.);
#8016=EDGE_CURVE('',#9818,#9816,#9819,.T.);
#8017=EDGE_CURVE('',#9818,#9820,#9821,.T.);
#8018=EDGE_CURVE('',#9820,#9083,#9822,.T.);
#8019=EDGE_CURVE('',#9087,#9805,#9823,.T.);
#8020=FILL_AREA_STYLE('',(#9824));
#8021=EDGE_CURVE('',#9825,#9809,#9826,.T.);
#8022=EDGE_CURVE('',#9827,#9825,#9828,.F.);
#8023=EDGE_CURVE('',#9811,#9827,#9829,.T.);
#8024=FILL_AREA_STYLE('',(#9830));
#8025=EDGE_CURVE('',#9831,#9825,#9832,.T.);
#8026=EDGE_CURVE('',#9831,#9833,#9834,.T.);
#8027=EDGE_CURVE('',#9833,#9835,#9836,.T.);
#8028=EDGE_CURVE('',#9837,#9835,#9838,.T.);
#8029=EDGE_CURVE('',#9837,#9827,#9839,.T.);
#8030=FILL_AREA_STYLE('',(#9840));
#8031=EDGE_CURVE('',#9774,#9841,#9842,.T.);
#8032=EDGE_CURVE('',#9843,#9772,#9844,.T.);
#8033=EDGE_CURVE('',#9841,#9843,#9845,.T.);
#8034=FILL_AREA_STYLE('',(#9846));
#8035=EDGE_CURVE('',#9843,#9770,#9847,.T.);
#8036=FILL_AREA_STYLE('',(#9848));
#8037=EDGE_CURVE('',#9849,#9850,#9851,.T.);
#8038=EDGE_CURVE('',#9849,#9778,#9852,.T.);
#8039=EDGE_CURVE('',#9776,#9850,#9853,.T.);
#8040=FILL_AREA_STYLE('',(#9854));
#8041=EDGE_CURVE('',#9849,#9855,#9856,.T.);
#8042=EDGE_CURVE('',#9780,#9855,#9857,.T.);
#8043=FILL_AREA_STYLE('',(#9858));
#8044=EDGE_CURVE('',#9859,#9855,#9860,.T.);
#8045=EDGE_CURVE('',#9859,#9782,#9861,.T.);
#8046=FILL_AREA_STYLE('',(#9862));
#8047=EDGE_CURVE('',#9863,#9864,#9865,.T.);
#8048=EDGE_CURVE('',#9863,#9766,#9866,.T.);
#8049=EDGE_CURVE('',#9764,#9864,#9867,.T.);
#8050=FILL_AREA_STYLE('',(#9868));
#8051=EDGE_CURVE('',#9869,#9863,#9870,.T.);
#8052=EDGE_CURVE('',#9768,#9869,#9871,.T.);
#8053=FILL_AREA_STYLE('',(#9872));
#8054=EDGE_CURVE('',#9841,#9873,#9874,.T.);
#8055=EDGE_CURVE('',#9875,#9869,#9876,.T.);
#8056=EDGE_CURVE('',#9875,#9877,#9878,.T.);
#8057=EDGE_CURVE('',#9877,#9873,#9879,.T.);
#8058=FILL_AREA_STYLE('',(#9880));
#8059=EDGE_CURVE('',#9881,#9875,#9882,.T.);
#8060=EDGE_CURVE('',#9877,#9881,#9883,.T.);
#8061=FILL_AREA_STYLE('',(#9884));
#8062=EDGE_CURVE('',#9873,#9885,#9886,.T.);
#8063=EDGE_CURVE('',#9885,#9881,#9887,.T.);
#8064=FILL_AREA_STYLE('',(#9888));
#8065=EDGE_CURVE('',#9885,#9850,#9889,.T.);
#8066=FILL_AREA_STYLE('',(#9890));
#8067=EDGE_CURVE('',#9758,#9891,#9892,.T.);
#8068=EDGE_CURVE('',#9891,#9859,#9893,.F.);
#8069=FILL_AREA_STYLE('',(#9894));
#8070=EDGE_CURVE('',#9895,#9762,#9896,.T.);
#8071=EDGE_CURVE('',#9895,#9864,#9897,.T.);
#8072=FILL_AREA_STYLE('',(#9898));
#8073=EDGE_CURVE('',#9891,#9899,#9900,.T.);
#8074=EDGE_CURVE('',#9895,#9901,#9902,.T.);
#8075=EDGE_CURVE('',#9899,#9901,#9903,.T.);
#8076=FILL_AREA_STYLE('',(#9904));
#8077=EDGE_CURVE('',#9899,#9905,#9906,.T.);
#8078=EDGE_CURVE('',#9901,#9907,#9908,.T.);
#8079=EDGE_CURVE('',#9907,#9905,#9909,.T.);
#8080=FILL_AREA_STYLE('',(#9910));
#8081=EDGE_CURVE('',#9907,#9800,#9911,.T.);
#8082=FILL_AREA_STYLE('',(#9912));
#8083=EDGE_CURVE('',#9905,#9798,#9913,.T.);
#8084=FILL_AREA_STYLE('',(#9914));
#8085=EDGE_CURVE('',#9805,#9915,#9916,.T.);
#8086=EDGE_CURVE('',#9085,#9915,#9917,.T.);
#8087=FILL_AREA_STYLE('',(#9918));
#8088=EDGE_CURVE('',#9101,#9919,#9920,.T.);
#8089=EDGE_CURVE('',#9921,#9919,#9922,.T.);
#8090=EDGE_CURVE('',#9100,#9921,#9923,.T.);
#8091=FILL_AREA_STYLE('',(#9924));
#8092=EDGE_CURVE('',#9925,#9926,#9927,.T.);
#8093=EDGE_CURVE('',#9919,#9925,#9928,.T.);
#8094=EDGE_CURVE('',#9929,#9105,#9930,.T.);
#8095=EDGE_CURVE('',#9931,#9929,#9932,.T.);
#8096=EDGE_CURVE('',#9094,#9931,#9933,.T.);
#8097=EDGE_CURVE('',#9091,#9934,#9935,.T.);
#8098=EDGE_CURVE('',#9926,#9934,#9936,.T.);
#8099=FILL_AREA_STYLE('',(#9937));
#8100=EDGE_CURVE('',#9934,#9813,#9938,.T.);
#8101=FILL_AREA_STYLE('',(#9939));
#8102=EDGE_CURVE('',#9926,#9837,#9940,.T.);
#8103=FILL_AREA_STYLE('',(#9941));
#8104=EDGE_CURVE('',#9833,#9942,#9943,.F.);
#8105=EDGE_CURVE('',#9921,#9942,#9944,.T.);
#8106=EDGE_CURVE('',#9835,#9925,#9945,.T.);
#8107=FILL_AREA_STYLE('',(#9946));
#8108=EDGE_CURVE('',#9947,#9948,#9949,.T.);
#8109=EDGE_CURVE('',#9947,#9950,#9951,.T.);
#8110=EDGE_CURVE('',#9948,#9950,#9952,.T.);
#8111=FILL_AREA_STYLE('',(#9953));
#8112=EDGE_CURVE('',#9103,#9950,#9954,.T.);
#8113=EDGE_CURVE('',#9929,#9947,#9955,.T.);
#8114=FILL_AREA_STYLE('',(#9956));
#8115=EDGE_CURVE('',#9957,#9818,#9958,.T.);
#8116=EDGE_CURVE('',#9957,#9816,#9959,.T.);
#8117=FILL_AREA_STYLE('',(#9960));
#8118=EDGE_CURVE('',#9931,#9957,#9961,.T.);
#8119=FILL_AREA_STYLE('',(#9962));
#8120=EDGE_CURVE('',#9915,#9963,#9964,.T.);
#8121=EDGE_CURVE('',#9965,#9082,#9966,.T.);
#8122=EDGE_CURVE('',#9948,#9965,#9967,.T.);
#8123=EDGE_CURVE('',#9942,#9968,#9969,.F.);
#8124=EDGE_CURVE('',#9970,#9968,#9971,.T.);
#8125=EDGE_CURVE('',#9963,#9970,#9972,.T.);
#8126=FILL_AREA_STYLE('',(#9973));
#8127=EDGE_CURVE('',#9820,#9965,#9974,.T.);
#8128=FILL_AREA_STYLE('',(#9975));
#8129=FILL_AREA_STYLE('',(#9976));
#8130=FILL_AREA_STYLE('',(#9977));
#8131=EDGE_CURVE('',#9968,#9831,#9978,.T.);
#8132=FILL_AREA_STYLE('',(#9979));
#8133=EDGE_CURVE('',#9963,#9980,#9981,.T.);
#8134=EDGE_CURVE('',#9982,#9980,#9983,.T.);
#8135=EDGE_CURVE('',#9984,#9982,#9985,.T.);
#8136=EDGE_CURVE('',#9986,#9984,#9987,.T.);
#8137=EDGE_CURVE('',#9986,#9804,#9988,.T.);
#8138=FILL_AREA_STYLE('',(#9989));
#8139=EDGE_CURVE('',#9990,#9970,#9991,.T.);
#8140=EDGE_CURVE('',#9980,#9990,#9992,.T.);
#8141=FILL_AREA_STYLE('',(#9993));
#8142=EDGE_CURVE('',#9994,#9995,#9996,.T.);
#8143=EDGE_CURVE('',#9994,#9997,#9998,.T.);
#8144=EDGE_CURVE('',#9997,#9999,#10000,.T.);
#8145=EDGE_CURVE('',#10001,#9999,#10002,.T.);
#8146=EDGE_CURVE('',#10001,#10003,#10004,.T.);
#8147=EDGE_CURVE('',#10003,#10005,#10006,.T.);
#8148=EDGE_CURVE('',#10005,#10007,#10008,.T.);
#8149=EDGE_CURVE('',#10007,#10009,#10010,.T.);
#8150=EDGE_CURVE('',#10009,#10011,#10012,.T.);
#8151=EDGE_CURVE('',#10011,#10013,#10014,.T.);
#8152=EDGE_CURVE('',#10013,#10015,#10016,.T.);
#8153=EDGE_CURVE('',#10017,#10015,#10018,.T.);
#8154=EDGE_CURVE('',#10017,#10019,#10020,.T.);
#8155=EDGE_CURVE('',#10019,#9995,#10021,.F.);
#8156=FILL_AREA_STYLE('',(#10022));
#8157=EDGE_CURVE('',#10023,#9994,#10024,.T.);
#8158=EDGE_CURVE('',#10025,#10023,#10026,.T.);
#8159=EDGE_CURVE('',#10025,#9997,#10027,.T.);
#8160=FILL_AREA_STYLE('',(#10028));
#8161=EDGE_CURVE('',#10029,#10023,#10030,.T.);
#8162=EDGE_CURVE('',#10029,#10031,#10032,.T.);
#8163=EDGE_CURVE('',#10025,#10031,#10033,.T.);
#8164=FILL_AREA_STYLE('',(#10034));
#8165=EDGE_CURVE('',#10035,#10029,#10036,.T.);
#8166=EDGE_CURVE('',#10037,#10035,#10038,.T.);
#8167=EDGE_CURVE('',#10031,#10037,#10039,.T.);
#8168=FILL_AREA_STYLE('',(#10040));
#8169=EDGE_CURVE('',#10041,#10042,#10043,.T.);
#8170=EDGE_CURVE('',#10044,#10041,#10045,.T.);
#8171=EDGE_CURVE('',#10046,#10044,#10047,.T.);
#8172=EDGE_CURVE('',#10046,#10048,#10049,.T.);
#8173=EDGE_CURVE('',#10048,#10050,#10051,.T.);
#8174=EDGE_CURVE('',#10050,#9065,#10052,.T.);
#8175=EDGE_CURVE('',#9069,#10053,#10054,.T.);
#8176=EDGE_CURVE('',#10055,#10053,#10056,.T.);
#8177=EDGE_CURVE('',#10055,#10057,#10058,.T.);
#8178=EDGE_CURVE('',#10057,#9056,#10059,.T.);
#8179=EDGE_CURVE('',#9060,#10042,#10060,.T.);
#8180=FILL_AREA_STYLE('',(#10061));
#8181=EDGE_CURVE('',#10062,#10046,#10063,.T.);
#8182=EDGE_CURVE('',#10064,#10062,#10065,.F.);
#8183=EDGE_CURVE('',#10048,#10064,#10066,.T.);
#8184=FILL_AREA_STYLE('',(#10067));
#8185=EDGE_CURVE('',#10068,#10062,#10069,.T.);
#8186=EDGE_CURVE('',#10068,#10070,#10071,.T.);
#8187=EDGE_CURVE('',#10070,#10072,#10073,.T.);
#8188=EDGE_CURVE('',#10074,#10072,#10075,.T.);
#8189=EDGE_CURVE('',#10074,#10064,#10076,.T.);
#8190=FILL_AREA_STYLE('',(#10077));
#8191=EDGE_CURVE('',#10011,#10078,#10079,.T.);
#8192=EDGE_CURVE('',#10080,#10009,#10081,.T.);
#8193=EDGE_CURVE('',#10078,#10080,#10082,.T.);
#8194=FILL_AREA_STYLE('',(#10083));
#8195=EDGE_CURVE('',#10080,#10007,#10084,.T.);
#8196=FILL_AREA_STYLE('',(#10085));
#8197=EDGE_CURVE('',#10086,#10087,#10088,.T.);
#8198=EDGE_CURVE('',#10086,#10015,#10089,.T.);
#8199=EDGE_CURVE('',#10013,#10087,#10090,.T.);
#8200=FILL_AREA_STYLE('',(#10091));
#8201=EDGE_CURVE('',#10086,#10092,#10093,.T.);
#8202=EDGE_CURVE('',#10017,#10092,#10094,.T.);
#8203=FILL_AREA_STYLE('',(#10095));
#8204=EDGE_CURVE('',#10096,#10092,#10097,.T.);
#8205=EDGE_CURVE('',#10096,#10019,#10098,.T.);
#8206=FILL_AREA_STYLE('',(#10099));
#8207=EDGE_CURVE('',#10100,#10101,#10102,.T.);
#8208=EDGE_CURVE('',#10100,#10003,#10103,.T.);
#8209=EDGE_CURVE('',#10001,#10101,#10104,.T.);
#8210=FILL_AREA_STYLE('',(#10105));
#8211=EDGE_CURVE('',#10106,#10100,#10107,.T.);
#8212=EDGE_CURVE('',#10005,#10106,#10108,.T.);
#8213=FILL_AREA_STYLE('',(#10109));
#8214=EDGE_CURVE('',#10078,#10110,#10111,.T.);
#8215=EDGE_CURVE('',#10112,#10106,#10113,.T.);
#8216=EDGE_CURVE('',#10112,#10114,#10115,.T.);
#8217=EDGE_CURVE('',#10114,#10110,#10116,.T.);
#8218=FILL_AREA_STYLE('',(#10117));
#8219=EDGE_CURVE('',#10118,#10112,#10119,.T.);
#8220=EDGE_CURVE('',#10114,#10118,#10120,.T.);
#8221=FILL_AREA_STYLE('',(#10121));
#8222=EDGE_CURVE('',#10110,#10122,#10123,.T.);
#8223=EDGE_CURVE('',#10122,#10118,#10124,.T.);
#8224=FILL_AREA_STYLE('',(#10125));
#8225=EDGE_CURVE('',#10122,#10087,#10126,.T.);
#8226=FILL_AREA_STYLE('',(#10127));
#8227=EDGE_CURVE('',#9995,#10128,#10129,.T.);
#8228=EDGE_CURVE('',#10128,#10096,#10130,.F.);
#8229=FILL_AREA_STYLE('',(#10131));
#8230=EDGE_CURVE('',#10132,#9999,#10133,.T.);
#8231=EDGE_CURVE('',#10132,#10101,#10134,.T.);
#8232=FILL_AREA_STYLE('',(#10135));
#8233=EDGE_CURVE('',#10128,#10136,#10137,.T.);
#8234=EDGE_CURVE('',#10132,#10138,#10139,.T.);
#8235=EDGE_CURVE('',#10136,#10138,#10140,.T.);
#8236=FILL_AREA_STYLE('',(#10141));
#8237=EDGE_CURVE('',#10136,#10142,#10143,.T.);
#8238=EDGE_CURVE('',#10138,#10144,#10145,.T.);
#8239=EDGE_CURVE('',#10144,#10142,#10146,.T.);
#8240=FILL_AREA_STYLE('',(#10147));
#8241=EDGE_CURVE('',#10144,#10037,#10148,.T.);
#8242=FILL_AREA_STYLE('',(#10149));
#8243=EDGE_CURVE('',#10142,#10035,#10150,.T.);
#8244=FILL_AREA_STYLE('',(#10151));
#8245=EDGE_CURVE('',#10042,#10152,#10153,.T.);
#8246=EDGE_CURVE('',#9058,#10152,#10154,.T.);
#8247=FILL_AREA_STYLE('',(#10155));
#8248=EDGE_CURVE('',#9074,#10156,#10157,.T.);
#8249=EDGE_CURVE('',#10158,#10156,#10159,.T.);
#8250=EDGE_CURVE('',#9073,#10158,#10160,.T.);
#8251=FILL_AREA_STYLE('',(#10161));
#8252=EDGE_CURVE('',#10162,#10163,#10164,.T.);
#8253=EDGE_CURVE('',#10156,#10162,#10165,.T.);
#8254=EDGE_CURVE('',#10166,#9078,#10167,.T.);
#8255=EDGE_CURVE('',#10168,#10166,#10169,.T.);
#8256=EDGE_CURVE('',#9067,#10168,#10170,.T.);
#8257=EDGE_CURVE('',#9064,#10171,#10172,.T.);
#8258=EDGE_CURVE('',#10163,#10171,#10173,.T.);
#8259=FILL_AREA_STYLE('',(#10174));
#8260=EDGE_CURVE('',#10171,#10050,#10175,.T.);
#8261=FILL_AREA_STYLE('',(#10176));
#8262=EDGE_CURVE('',#10163,#10074,#10177,.T.);
#8263=FILL_AREA_STYLE('',(#10178));
#8264=EDGE_CURVE('',#10070,#10179,#10180,.F.);
#8265=EDGE_CURVE('',#10158,#10179,#10181,.T.);
#8266=EDGE_CURVE('',#10072,#10162,#10182,.T.);
#8267=FILL_AREA_STYLE('',(#10183));
#8268=EDGE_CURVE('',#10184,#10185,#10186,.T.);
#8269=EDGE_CURVE('',#10184,#10187,#10188,.T.);
#8270=EDGE_CURVE('',#10185,#10187,#10189,.T.);
#8271=FILL_AREA_STYLE('',(#10190));
#8272=EDGE_CURVE('',#9076,#10187,#10191,.T.);
#8273=EDGE_CURVE('',#10166,#10184,#10192,.T.);
#8274=FILL_AREA_STYLE('',(#10193));
#8275=EDGE_CURVE('',#10194,#10055,#10195,.T.);
#8276=EDGE_CURVE('',#10194,#10053,#10196,.T.);
#8277=FILL_AREA_STYLE('',(#10197));
#8278=EDGE_CURVE('',#10168,#10194,#10198,.T.);
#8279=FILL_AREA_STYLE('',(#10199));
#8280=EDGE_CURVE('',#10152,#10200,#10201,.T.);
#8281=EDGE_CURVE('',#10202,#9055,#10203,.T.);
#8282=EDGE_CURVE('',#10185,#10202,#10204,.T.);
#8283=EDGE_CURVE('',#10179,#10205,#10206,.F.);
#8284=EDGE_CURVE('',#10207,#10205,#10208,.T.);
#8285=EDGE_CURVE('',#10200,#10207,#10209,.T.);
#8286=FILL_AREA_STYLE('',(#10210));
#8287=EDGE_CURVE('',#10057,#10202,#10211,.T.);
#8288=FILL_AREA_STYLE('',(#10212));
#8289=FILL_AREA_STYLE('',(#10213));
#8290=FILL_AREA_STYLE('',(#10214));
#8291=EDGE_CURVE('',#10205,#10068,#10215,.T.);
#8292=FILL_AREA_STYLE('',(#10216));
#8293=EDGE_CURVE('',#10200,#10217,#10218,.T.);
#8294=EDGE_CURVE('',#10219,#10217,#10220,.T.);
#8295=EDGE_CURVE('',#10221,#10219,#10222,.T.);
#8296=EDGE_CURVE('',#10223,#10221,#10224,.T.);
#8297=EDGE_CURVE('',#10223,#10041,#10225,.T.);
#8298=FILL_AREA_STYLE('',(#10226));
#8299=EDGE_CURVE('',#10227,#10207,#10228,.T.);
#8300=EDGE_CURVE('',#10217,#10227,#10229,.T.);
#8301=FILL_AREA_STYLE('',(#10230));
#8302=EDGE_CURVE('',#10231,#10232,#10233,.T.);
#8303=EDGE_CURVE('',#10231,#10234,#10235,.T.);
#8304=EDGE_CURVE('',#10234,#10236,#10237,.T.);
#8305=EDGE_CURVE('',#10238,#10236,#10239,.T.);
#8306=EDGE_CURVE('',#10238,#10240,#10241,.T.);
#8307=EDGE_CURVE('',#10240,#10242,#10243,.T.);
#8308=EDGE_CURVE('',#10242,#10244,#10245,.T.);
#8309=EDGE_CURVE('',#10244,#10246,#10247,.T.);
#8310=EDGE_CURVE('',#10246,#10248,#10249,.T.);
#8311=EDGE_CURVE('',#10248,#10250,#10251,.T.);
#8312=EDGE_CURVE('',#10250,#10252,#10253,.T.);
#8313=EDGE_CURVE('',#10254,#10252,#10255,.T.);
#8314=EDGE_CURVE('',#10254,#10256,#10257,.T.);
#8315=EDGE_CURVE('',#10256,#10232,#10258,.F.);
#8316=FILL_AREA_STYLE('',(#10259));
#8317=EDGE_CURVE('',#10260,#10231,#10261,.T.);
#8318=EDGE_CURVE('',#10262,#10260,#10263,.T.);
#8319=EDGE_CURVE('',#10262,#10234,#10264,.T.);
#8320=FILL_AREA_STYLE('',(#10265));
#8321=EDGE_CURVE('',#10266,#10260,#10267,.T.);
#8322=EDGE_CURVE('',#10266,#10268,#10269,.T.);
#8323=EDGE_CURVE('',#10262,#10268,#10270,.T.);
#8324=FILL_AREA_STYLE('',(#10271));
#8325=EDGE_CURVE('',#10272,#10266,#10273,.T.);
#8326=EDGE_CURVE('',#10274,#10272,#10275,.T.);
#8327=EDGE_CURVE('',#10268,#10274,#10276,.T.);
#8328=FILL_AREA_STYLE('',(#10277));
#8329=EDGE_CURVE('',#10278,#10279,#10280,.T.);
#8330=EDGE_CURVE('',#10281,#10278,#10282,.T.);
#8331=EDGE_CURVE('',#10283,#10281,#10284,.T.);
#8332=EDGE_CURVE('',#10283,#10285,#10286,.T.);
#8333=EDGE_CURVE('',#10285,#10287,#10288,.T.);
#8334=EDGE_CURVE('',#10287,#9038,#10289,.T.);
#8335=EDGE_CURVE('',#9042,#10290,#10291,.T.);
#8336=EDGE_CURVE('',#10292,#10290,#10293,.T.);
#8337=EDGE_CURVE('',#10292,#10294,#10295,.T.);
#8338=EDGE_CURVE('',#10294,#9029,#10296,.T.);
#8339=EDGE_CURVE('',#9033,#10279,#10297,.T.);
#8340=FILL_AREA_STYLE('',(#10298));
#8341=EDGE_CURVE('',#10299,#10283,#10300,.T.);
#8342=EDGE_CURVE('',#10301,#10299,#10302,.F.);
#8343=EDGE_CURVE('',#10285,#10301,#10303,.T.);
#8344=FILL_AREA_STYLE('',(#10304));
#8345=EDGE_CURVE('',#10305,#10299,#10306,.T.);
#8346=EDGE_CURVE('',#10305,#10307,#10308,.T.);
#8347=EDGE_CURVE('',#10307,#10309,#10310,.T.);
#8348=EDGE_CURVE('',#10311,#10309,#10312,.T.);
#8349=EDGE_CURVE('',#10311,#10301,#10313,.T.);
#8350=FILL_AREA_STYLE('',(#10314));
#8351=EDGE_CURVE('',#10248,#10315,#10316,.T.);
#8352=EDGE_CURVE('',#10317,#10246,#10318,.T.);
#8353=EDGE_CURVE('',#10315,#10317,#10319,.T.);
#8354=FILL_AREA_STYLE('',(#10320));
#8355=EDGE_CURVE('',#10317,#10244,#10321,.T.);
#8356=FILL_AREA_STYLE('',(#10322));
#8357=EDGE_CURVE('',#10323,#10324,#10325,.T.);
#8358=EDGE_CURVE('',#10323,#10252,#10326,.T.);
#8359=EDGE_CURVE('',#10250,#10324,#10327,.T.);
#8360=FILL_AREA_STYLE('',(#10328));
#8361=EDGE_CURVE('',#10323,#10329,#10330,.T.);
#8362=EDGE_CURVE('',#10254,#10329,#10331,.T.);
#8363=FILL_AREA_STYLE('',(#10332));
#8364=EDGE_CURVE('',#10333,#10329,#10334,.T.);
#8365=EDGE_CURVE('',#10333,#10256,#10335,.T.);
#8366=FILL_AREA_STYLE('',(#10336));
#8367=EDGE_CURVE('',#10337,#10338,#10339,.T.);
#8368=EDGE_CURVE('',#10337,#10240,#10340,.T.);
#8369=EDGE_CURVE('',#10238,#10338,#10341,.T.);
#8370=FILL_AREA_STYLE('',(#10342));
#8371=EDGE_CURVE('',#10343,#10337,#10344,.T.);
#8372=EDGE_CURVE('',#10242,#10343,#10345,.T.);
#8373=FILL_AREA_STYLE('',(#10346));
#8374=EDGE_CURVE('',#10315,#10347,#10348,.T.);
#8375=EDGE_CURVE('',#10349,#10343,#10350,.T.);
#8376=EDGE_CURVE('',#10349,#10351,#10352,.T.);
#8377=EDGE_CURVE('',#10351,#10347,#10353,.T.);
#8378=FILL_AREA_STYLE('',(#10354));
#8379=EDGE_CURVE('',#10355,#10349,#10356,.T.);
#8380=EDGE_CURVE('',#10351,#10355,#10357,.T.);
#8381=FILL_AREA_STYLE('',(#10358));
#8382=EDGE_CURVE('',#10347,#10359,#10360,.T.);
#8383=EDGE_CURVE('',#10359,#10355,#10361,.T.);
#8384=FILL_AREA_STYLE('',(#10362));
#8385=EDGE_CURVE('',#10359,#10324,#10363,.T.);
#8386=FILL_AREA_STYLE('',(#10364));
#8387=EDGE_CURVE('',#10232,#10365,#10366,.T.);
#8388=EDGE_CURVE('',#10365,#10333,#10367,.F.);
#8389=FILL_AREA_STYLE('',(#10368));
#8390=EDGE_CURVE('',#10369,#10236,#10370,.T.);
#8391=EDGE_CURVE('',#10369,#10338,#10371,.T.);
#8392=FILL_AREA_STYLE('',(#10372));
#8393=EDGE_CURVE('',#10365,#10373,#10374,.T.);
#8394=EDGE_CURVE('',#10369,#10375,#10376,.T.);
#8395=EDGE_CURVE('',#10373,#10375,#10377,.T.);
#8396=FILL_AREA_STYLE('',(#10378));
#8397=EDGE_CURVE('',#10373,#10379,#10380,.T.);
#8398=EDGE_CURVE('',#10375,#10381,#10382,.T.);
#8399=EDGE_CURVE('',#10381,#10379,#10383,.T.);
#8400=FILL_AREA_STYLE('',(#10384));
#8401=EDGE_CURVE('',#10381,#10274,#10385,.T.);
#8402=FILL_AREA_STYLE('',(#10386));
#8403=EDGE_CURVE('',#10379,#10272,#10387,.T.);
#8404=FILL_AREA_STYLE('',(#10388));
#8405=EDGE_CURVE('',#10279,#10389,#10390,.T.);
#8406=EDGE_CURVE('',#9031,#10389,#10391,.T.);
#8407=FILL_AREA_STYLE('',(#10392));
#8408=EDGE_CURVE('',#9047,#10393,#10394,.T.);
#8409=EDGE_CURVE('',#10395,#10393,#10396,.T.);
#8410=EDGE_CURVE('',#9046,#10395,#10397,.T.);
#8411=FILL_AREA_STYLE('',(#10398));
#8412=EDGE_CURVE('',#10399,#10400,#10401,.T.);
#8413=EDGE_CURVE('',#10393,#10399,#10402,.T.);
#8414=EDGE_CURVE('',#10403,#9051,#10404,.T.);
#8415=EDGE_CURVE('',#10405,#10403,#10406,.T.);
#8416=EDGE_CURVE('',#9040,#10405,#10407,.T.);
#8417=EDGE_CURVE('',#9037,#10408,#10409,.T.);
#8418=EDGE_CURVE('',#10400,#10408,#10410,.T.);
#8419=FILL_AREA_STYLE('',(#10411));
#8420=EDGE_CURVE('',#10408,#10287,#10412,.T.);
#8421=FILL_AREA_STYLE('',(#10413));
#8422=EDGE_CURVE('',#10400,#10311,#10414,.T.);
#8423=FILL_AREA_STYLE('',(#10415));
#8424=EDGE_CURVE('',#10307,#10416,#10417,.F.);
#8425=EDGE_CURVE('',#10395,#10416,#10418,.T.);
#8426=EDGE_CURVE('',#10309,#10399,#10419,.T.);
#8427=FILL_AREA_STYLE('',(#10420));
#8428=EDGE_CURVE('',#10421,#10422,#10423,.T.);
#8429=EDGE_CURVE('',#10421,#10424,#10425,.T.);
#8430=EDGE_CURVE('',#10422,#10424,#10426,.T.);
#8431=FILL_AREA_STYLE('',(#10427));
#8432=EDGE_CURVE('',#9049,#10424,#10428,.T.);
#8433=EDGE_CURVE('',#10403,#10421,#10429,.T.);
#8434=FILL_AREA_STYLE('',(#10430));
#8435=EDGE_CURVE('',#10431,#10292,#10432,.T.);
#8436=EDGE_CURVE('',#10431,#10290,#10433,.T.);
#8437=FILL_AREA_STYLE('',(#10434));
#8438=EDGE_CURVE('',#10405,#10431,#10435,.T.);
#8439=FILL_AREA_STYLE('',(#10436));
#8440=EDGE_CURVE('',#10389,#10437,#10438,.T.);
#8441=EDGE_CURVE('',#10439,#9028,#10440,.T.);
#8442=EDGE_CURVE('',#10422,#10439,#10441,.T.);
#8443=EDGE_CURVE('',#10416,#10442,#10443,.F.);
#8444=EDGE_CURVE('',#10444,#10442,#10445,.T.);
#8445=EDGE_CURVE('',#10437,#10444,#10446,.T.);
#8446=FILL_AREA_STYLE('',(#10447));
#8447=EDGE_CURVE('',#10294,#10439,#10448,.T.);
#8448=FILL_AREA_STYLE('',(#10449));
#8449=FILL_AREA_STYLE('',(#10450));
#8450=FILL_AREA_STYLE('',(#10451));
#8451=EDGE_CURVE('',#10442,#10305,#10452,.T.);
#8452=FILL_AREA_STYLE('',(#10453));
#8453=EDGE_CURVE('',#10437,#10454,#10455,.T.);
#8454=EDGE_CURVE('',#10456,#10454,#10457,.T.);
#8455=EDGE_CURVE('',#10458,#10456,#10459,.T.);
#8456=EDGE_CURVE('',#10460,#10458,#10461,.T.);
#8457=EDGE_CURVE('',#10460,#10278,#10462,.T.);
#8458=FILL_AREA_STYLE('',(#10463));
#8459=EDGE_CURVE('',#10464,#10444,#10465,.T.);
#8460=EDGE_CURVE('',#10454,#10464,#10466,.T.);
#8461=FILL_AREA_STYLE('',(#10467));
#8462=EDGE_CURVE('',#10468,#10469,#10470,.T.);
#8463=EDGE_CURVE('',#10471,#10468,#10472,.T.);
#8464=EDGE_CURVE('',#10473,#10471,#10474,.T.);
#8465=EDGE_CURVE('',#10469,#10473,#10475,.T.);
#8466=FILL_AREA_STYLE('',(#10476));
#8467=EDGE_CURVE('',#10477,#10478,#10479,.T.);
#8468=EDGE_CURVE('',#10480,#10477,#10481,.T.);
#8469=EDGE_CURVE('',#10482,#10480,#10483,.T.);
#8470=EDGE_CURVE('',#10478,#10482,#10484,.T.);
#8471=FILL_AREA_STYLE('',(#10485));
#8472=EDGE_CURVE('',#10486,#10487,#10488,.T.);
#8473=EDGE_CURVE('',#10489,#10486,#10490,.T.);
#8474=EDGE_CURVE('',#10491,#10489,#10492,.T.);
#8475=EDGE_CURVE('',#10487,#10491,#10493,.T.);
#8476=FILL_AREA_STYLE('',(#10494));
#8477=EDGE_CURVE('',#10495,#10496,#10497,.T.);
#8478=EDGE_CURVE('',#10498,#10495,#10499,.T.);
#8479=EDGE_CURVE('',#10500,#10498,#10501,.T.);
#8480=EDGE_CURVE('',#10496,#10500,#10502,.T.);
#8481=FILL_AREA_STYLE('',(#10503));
#8482=EDGE_CURVE('',#10504,#10505,#10506,.T.);
#8483=EDGE_CURVE('',#10507,#10504,#10508,.T.);
#8484=EDGE_CURVE('',#10509,#10507,#10510,.T.);
#8485=EDGE_CURVE('',#10505,#10509,#10511,.T.);
#8486=FILL_AREA_STYLE('',(#10512));
#8487=EDGE_CURVE('',#10513,#10514,#10515,.T.);
#8488=EDGE_CURVE('',#10516,#10513,#10517,.T.);
#8489=EDGE_CURVE('',#10516,#10518,#10519,.T.);
#8490=EDGE_CURVE('',#10518,#10520,#10521,.T.);
#8491=EDGE_CURVE('',#10520,#10522,#10523,.T.);
#8492=EDGE_CURVE('',#10524,#10522,#10525,.T.);
#8493=EDGE_CURVE('',#10526,#10524,#10527,.T.);
#8494=EDGE_CURVE('',#10471,#10526,#10528,.T.);
#8495=EDGE_CURVE('',#10514,#10468,#10529,.T.);
#8496=FILL_AREA_STYLE('',(#10530));
#8497=EDGE_CURVE('',#10531,#10532,#10533,.T.);
#8498=EDGE_CURVE('',#10534,#10531,#10535,.T.);
#8499=EDGE_CURVE('',#10534,#10536,#10537,.T.);
#8500=EDGE_CURVE('',#10536,#10538,#10539,.T.);
#8501=EDGE_CURVE('',#10538,#10540,#10541,.T.);
#8502=EDGE_CURVE('',#10542,#10540,#10543,.T.);
#8503=EDGE_CURVE('',#10544,#10542,#10545,.T.);
#8504=EDGE_CURVE('',#10480,#10544,#10546,.T.);
#8505=EDGE_CURVE('',#10532,#10477,#10547,.T.);
#8506=FILL_AREA_STYLE('',(#10548));
#8507=EDGE_CURVE('',#10549,#10550,#10551,.T.);
#8508=EDGE_CURVE('',#10552,#10549,#10553,.T.);
#8509=EDGE_CURVE('',#10552,#10554,#10555,.T.);
#8510=EDGE_CURVE('',#10554,#10556,#10557,.T.);
#8511=EDGE_CURVE('',#10556,#10558,#10559,.T.);
#8512=EDGE_CURVE('',#10560,#10558,#10561,.T.);
#8513=EDGE_CURVE('',#10562,#10560,#10563,.T.);
#8514=EDGE_CURVE('',#10489,#10562,#10564,.T.);
#8515=EDGE_CURVE('',#10550,#10486,#10565,.T.);
#8516=FILL_AREA_STYLE('',(#10566));
#8517=EDGE_CURVE('',#10567,#10568,#10569,.T.);
#8518=EDGE_CURVE('',#10570,#10567,#10571,.T.);
#8519=EDGE_CURVE('',#10570,#10572,#10573,.T.);
#8520=EDGE_CURVE('',#10572,#10574,#10575,.T.);
#8521=EDGE_CURVE('',#10574,#10576,#10577,.T.);
#8522=EDGE_CURVE('',#10578,#10576,#10579,.T.);
#8523=EDGE_CURVE('',#10580,#10578,#10581,.T.);
#8524=EDGE_CURVE('',#10498,#10580,#10582,.T.);
#8525=EDGE_CURVE('',#10568,#10495,#10583,.T.);
#8526=FILL_AREA_STYLE('',(#10584));
#8527=EDGE_CURVE('',#10585,#10586,#10587,.T.);
#8528=EDGE_CURVE('',#10588,#10585,#10589,.T.);
#8529=EDGE_CURVE('',#10588,#10590,#10591,.T.);
#8530=EDGE_CURVE('',#10590,#10592,#10593,.T.);
#8531=EDGE_CURVE('',#10592,#10594,#10595,.T.);
#8532=EDGE_CURVE('',#10596,#10594,#10597,.T.);
#8533=EDGE_CURVE('',#10598,#10596,#10599,.T.);
#8534=EDGE_CURVE('',#10507,#10598,#10600,.T.);
#8535=EDGE_CURVE('',#10586,#10504,#10601,.T.);
#8536=FILL_AREA_STYLE('',(#10602));
#8537=EDGE_CURVE('',#10603,#10604,#10605,.T.);
#8538=EDGE_CURVE('',#10606,#10603,#10607,.T.);
#8539=EDGE_CURVE('',#10606,#10608,#10609,.T.);
#8540=EDGE_CURVE('',#10608,#10610,#10611,.T.);
#8541=EDGE_CURVE('',#10610,#10612,#10613,.T.);
#8542=EDGE_CURVE('',#10614,#10612,#10615,.T.);
#8543=EDGE_CURVE('',#10616,#10614,#10617,.T.);
#8544=EDGE_CURVE('',#10618,#10616,#10619,.T.);
#8545=EDGE_CURVE('',#10618,#10620,#10621,.T.);
#8546=EDGE_CURVE('',#10604,#10620,#10622,.T.);
#8547=FILL_AREA_STYLE('',(#10623));
#8548=EDGE_CURVE('',#10620,#10624,#10625,.T.);
#8549=EDGE_CURVE('',#10626,#10618,#10627,.T.);
#8550=EDGE_CURVE('',#10624,#10626,#10628,.T.);
#8551=FILL_AREA_STYLE('',(#10629));
#8552=EDGE_CURVE('',#10616,#10630,#10631,.F.);
#8553=EDGE_CURVE('',#10630,#10618,#10632,.T.);
#8554=FILL_AREA_STYLE('',(#10633));
#8555=EDGE_CURVE('',#10634,#10614,#10635,.T.);
#8556=EDGE_CURVE('',#10630,#10634,#10636,.T.);
#8557=FILL_AREA_STYLE('',(#10637));
#8558=EDGE_CURVE('',#10612,#10634,#10638,.T.);
#8559=FILL_AREA_STYLE('',(#10639));
#8560=EDGE_CURVE('',#10598,#10640,#10641,.F.);
#8561=EDGE_CURVE('',#10640,#10507,#10642,.T.);
#8562=FILL_AREA_STYLE('',(#10643));
#8563=EDGE_CURVE('',#10644,#10645,#10646,.T.);
#8564=EDGE_CURVE('',#10647,#10644,#10648,.T.);
#8565=EDGE_CURVE('',#10649,#10647,#10650,.T.);
#8566=EDGE_CURVE('',#10649,#10651,#10652,.T.);
#8567=EDGE_CURVE('',#10653,#10651,#10654,.T.);
#8568=EDGE_CURVE('',#10655,#10653,#10656,.T.);
#8569=EDGE_CURVE('',#10655,#10657,#10658,.T.);
#8570=EDGE_CURVE('',#10657,#10520,#10659,.T.);
#8571=EDGE_CURVE('',#10518,#10660,#10661,.T.);
#8572=EDGE_CURVE('',#10660,#10662,#10663,.T.);
#8573=EDGE_CURVE('',#10662,#10538,#10664,.T.);
#8574=EDGE_CURVE('',#10536,#10665,#10666,.T.);
#8575=EDGE_CURVE('',#10665,#10667,#10668,.T.);
#8576=EDGE_CURVE('',#10667,#10556,#10669,.T.);
#8577=EDGE_CURVE('',#10554,#10670,#10671,.T.);
#8578=EDGE_CURVE('',#10670,#10672,#10673,.T.);
#8579=EDGE_CURVE('',#10672,#10574,#10674,.T.);
#8580=EDGE_CURVE('',#10572,#10675,#10676,.T.);
#8581=EDGE_CURVE('',#10675,#10677,#10678,.T.);
#8582=EDGE_CURVE('',#10677,#10592,#10679,.T.);
#8583=EDGE_CURVE('',#10590,#10680,#10681,.T.);
#8584=EDGE_CURVE('',#10680,#10682,#10683,.T.);
#8585=EDGE_CURVE('',#10682,#10610,#10684,.T.);
#8586=EDGE_CURVE('',#10608,#10685,#10686,.T.);
#8587=EDGE_CURVE('',#10685,#10687,#10688,.T.);
#8588=EDGE_CURVE('',#10689,#10687,#10690,.T.);
#8589=EDGE_CURVE('',#10691,#10689,#10692,.T.);
#8590=EDGE_CURVE('',#10691,#10693,#10694,.T.);
#8591=EDGE_CURVE('',#10695,#10693,#10696,.T.);
#8592=EDGE_CURVE('',#10697,#10695,#10698,.T.);
#8593=EDGE_CURVE('',#10697,#10699,#10700,.T.);
#8594=EDGE_CURVE('',#10645,#10699,#10701,.T.);
#8595=FILL_AREA_STYLE('',(#10702));
#8596=EDGE_CURVE('',#10703,#10596,#10704,.T.);
#8597=EDGE_CURVE('',#10640,#10703,#10705,.T.);
#8598=FILL_AREA_STYLE('',(#10706));
#8599=EDGE_CURVE('',#10594,#10703,#10707,.T.);
#8600=FILL_AREA_STYLE('',(#10708));
#8601=EDGE_CURVE('',#10580,#10709,#10710,.F.);
#8602=EDGE_CURVE('',#10709,#10498,#10711,.T.);
#8603=FILL_AREA_STYLE('',(#10712));
#8604=EDGE_CURVE('',#10713,#10578,#10714,.T.);
#8605=EDGE_CURVE('',#10709,#10713,#10715,.T.);
#8606=FILL_AREA_STYLE('',(#10716));
#8607=EDGE_CURVE('',#10576,#10713,#10717,.T.);
#8608=FILL_AREA_STYLE('',(#10718));
#8609=EDGE_CURVE('',#10562,#10719,#10720,.F.);
#8610=EDGE_CURVE('',#10719,#10489,#10721,.T.);
#8611=FILL_AREA_STYLE('',(#10722));
#8612=EDGE_CURVE('',#10723,#10560,#10724,.T.);
#8613=EDGE_CURVE('',#10719,#10723,#10725,.T.);
#8614=FILL_AREA_STYLE('',(#10726));
#8615=EDGE_CURVE('',#10558,#10723,#10727,.T.);
#8616=FILL_AREA_STYLE('',(#10728));
#8617=EDGE_CURVE('',#10544,#10729,#10730,.F.);
#8618=EDGE_CURVE('',#10729,#10480,#10731,.T.);
#8619=FILL_AREA_STYLE('',(#10732));
#8620=EDGE_CURVE('',#10733,#10542,#10734,.T.);
#8621=EDGE_CURVE('',#10729,#10733,#10735,.T.);
#8622=FILL_AREA_STYLE('',(#10736));
#8623=EDGE_CURVE('',#10526,#10737,#10738,.T.);
#8624=EDGE_CURVE('',#10737,#10471,#10739,.T.);
#8625=FILL_AREA_STYLE('',(#10740));
#8626=EDGE_CURVE('',#10540,#10733,#10741,.T.);
#8627=FILL_AREA_STYLE('',(#10742));
#8628=EDGE_CURVE('',#10743,#10524,#10744,.T.);
#8629=EDGE_CURVE('',#10737,#10743,#10745,.T.);
#8630=FILL_AREA_STYLE('',(#10746));
#8631=EDGE_CURVE('',#10522,#10743,#10747,.T.);
#8632=FILL_AREA_STYLE('',(#10748));
#8633=EDGE_CURVE('',#10749,#10750,#10751,.T.);
#8634=EDGE_CURVE('',#9369,#10749,#10752,.T.);
#8635=EDGE_CURVE('',#10750,#9367,#10753,.T.);
#8636=FILL_AREA_STYLE('',(#10754));
#8637=EDGE_CURVE('',#10750,#10755,#10756,.T.);
#8638=EDGE_CURVE('',#10757,#9375,#10758,.T.);
#8639=EDGE_CURVE('',#10755,#10757,#10759,.T.);
#8640=FILL_AREA_STYLE('',(#10760));
#8641=EDGE_CURVE('',#10761,#9371,#10762,.T.);
#8642=EDGE_CURVE('',#9220,#10761,#10763,.T.);
#8643=FILL_AREA_STYLE('',(#10764));
#8644=EDGE_CURVE('',#10765,#10749,#10766,.T.);
#8645=EDGE_CURVE('',#10767,#10765,#10768,.T.);
#8646=EDGE_CURVE('',#10761,#10767,#10769,.T.);
#8647=FILL_AREA_STYLE('',(#10770));
#8648=EDGE_CURVE('',#10771,#10772,#10773,.T.);
#8649=EDGE_CURVE('',#10771,#10774,#10775,.T.);
#8650=EDGE_CURVE('',#10776,#10774,#10777,.T.);
#8651=EDGE_CURVE('',#10778,#10776,#10779,.T.);
#8652=EDGE_CURVE('',#10772,#10778,#10780,.T.);
#8653=EDGE_CURVE('',#10755,#10781,#10782,.T.);
#8654=EDGE_CURVE('',#10783,#10781,#10784,.T.);
#8655=EDGE_CURVE('',#10783,#10785,#10786,.T.);
#8656=EDGE_CURVE('',#10787,#10785,#10788,.T.);
#8657=EDGE_CURVE('',#10787,#10789,#10790,.T.);
#8658=EDGE_CURVE('',#10789,#10791,#10792,.T.);
#8659=EDGE_CURVE('',#10791,#10793,#10794,.T.);
#8660=EDGE_CURVE('',#10793,#10795,#10796,.T.);
#8661=EDGE_CURVE('',#10795,#10797,#10798,.T.);
#8662=EDGE_CURVE('',#10797,#10799,#10800,.T.);
#8663=EDGE_CURVE('',#10799,#10801,#10802,.T.);
#8664=EDGE_CURVE('',#10801,#10803,#10804,.T.);
#8665=EDGE_CURVE('',#10803,#10805,#10806,.T.);
#8666=EDGE_CURVE('',#10805,#10807,#10808,.T.);
#8667=EDGE_CURVE('',#10807,#10809,#10810,.T.);
#8668=EDGE_CURVE('',#10809,#10811,#10812,.T.);
#8669=EDGE_CURVE('',#10811,#10813,#10814,.T.);
#8670=EDGE_CURVE('',#10813,#10815,#10816,.T.);
#8671=EDGE_CURVE('',#10815,#10817,#10818,.T.);
#8672=EDGE_CURVE('',#10817,#10819,#10820,.T.);
#8673=EDGE_CURVE('',#10819,#10821,#10822,.T.);
#8674=EDGE_CURVE('',#10821,#10823,#10824,.T.);
#8675=EDGE_CURVE('',#10823,#10825,#10826,.T.);
#8676=EDGE_CURVE('',#10825,#10827,#10828,.T.);
#8677=EDGE_CURVE('',#10827,#10765,#10829,.T.);
#8678=FILL_AREA_STYLE('',(#10830));
#8679=EDGE_CURVE('',#10831,#10757,#10832,.T.);
#8680=EDGE_CURVE('',#10781,#10831,#10833,.T.);
#8681=FILL_AREA_STYLE('',(#10834));
#8682=EDGE_CURVE('',#9984,#10823,#10835,.T.);
#8683=EDGE_CURVE('',#10825,#9982,#10836,.T.);
#8684=FILL_AREA_STYLE('',(#10837));
#8685=EDGE_CURVE('',#10838,#9990,#10839,.T.);
#8686=EDGE_CURVE('',#10827,#10838,#10840,.T.);
#8687=FILL_AREA_STYLE('',(#10841));
#8688=EDGE_CURVE('',#10842,#9986,#10843,.T.);
#8689=EDGE_CURVE('',#9807,#10842,#10844,.T.);
#8690=FILL_AREA_STYLE('',(#10845));
#8691=EDGE_CURVE('',#10846,#10821,#10847,.T.);
#8692=EDGE_CURVE('',#10842,#10846,#10848,.T.);
#8693=FILL_AREA_STYLE('',(#10849));
#8694=EDGE_CURVE('',#10767,#10838,#10850,.T.);
#8695=FILL_AREA_STYLE('',(#10851));
#8696=EDGE_CURVE('',#9558,#10815,#10852,.T.);
#8697=EDGE_CURVE('',#10817,#9556,#10853,.T.);
#8698=FILL_AREA_STYLE('',(#10854));
#8699=EDGE_CURVE('',#10855,#9564,#10856,.T.);
#8700=EDGE_CURVE('',#10819,#10855,#10857,.T.);
#8701=FILL_AREA_STYLE('',(#10858));
#8702=EDGE_CURVE('',#10859,#9560,#10860,.T.);
#8703=EDGE_CURVE('',#9409,#10859,#10861,.T.);
#8704=FILL_AREA_STYLE('',(#10862));
#8705=EDGE_CURVE('',#10863,#10813,#10864,.T.);
#8706=EDGE_CURVE('',#10859,#10863,#10865,.T.);
#8707=FILL_AREA_STYLE('',(#10866));
#8708=EDGE_CURVE('',#10846,#10855,#10867,.T.);
#8709=FILL_AREA_STYLE('',(#10868));
#8710=EDGE_CURVE('',#10221,#10807,#10869,.T.);
#8711=EDGE_CURVE('',#10809,#10219,#10870,.T.);
#8712=FILL_AREA_STYLE('',(#10871));
#8713=EDGE_CURVE('',#10872,#10227,#10873,.T.);
#8714=EDGE_CURVE('',#10811,#10872,#10874,.T.);
#8715=FILL_AREA_STYLE('',(#10875));
#8716=EDGE_CURVE('',#10876,#10223,#10877,.T.);
#8717=EDGE_CURVE('',#10044,#10876,#10878,.T.);
#8718=FILL_AREA_STYLE('',(#10879));
#8719=EDGE_CURVE('',#10880,#10805,#10881,.T.);
#8720=EDGE_CURVE('',#10876,#10880,#10882,.T.);
#8721=FILL_AREA_STYLE('',(#10883));
#8722=EDGE_CURVE('',#10863,#10872,#10884,.T.);
#8723=FILL_AREA_STYLE('',(#10885));
#8724=EDGE_CURVE('',#9747,#10799,#10886,.T.);
#8725=EDGE_CURVE('',#10801,#9745,#10887,.T.);
#8726=FILL_AREA_STYLE('',(#10888));
#8727=EDGE_CURVE('',#10889,#9753,#10890,.T.);
#8728=EDGE_CURVE('',#10803,#10889,#10891,.T.);
#8729=FILL_AREA_STYLE('',(#10892));
#8730=EDGE_CURVE('',#10893,#9749,#10894,.T.);
#8731=EDGE_CURVE('',#9598,#10893,#10895,.T.);
#8732=FILL_AREA_STYLE('',(#10896));
#8733=EDGE_CURVE('',#10897,#10797,#10898,.T.);
#8734=EDGE_CURVE('',#10893,#10897,#10899,.T.);
#8735=FILL_AREA_STYLE('',(#10900));
#8736=EDGE_CURVE('',#10880,#10889,#10901,.T.);
#8737=FILL_AREA_STYLE('',(#10902));
#8738=EDGE_CURVE('',#10458,#10791,#10903,.T.);
#8739=EDGE_CURVE('',#10793,#10456,#10904,.T.);
#8740=FILL_AREA_STYLE('',(#10905));
#8741=EDGE_CURVE('',#10906,#10464,#10907,.T.);
#8742=EDGE_CURVE('',#10795,#10906,#10908,.T.);
#8743=FILL_AREA_STYLE('',(#10909));
#8744=EDGE_CURVE('',#10910,#10460,#10911,.T.);
#8745=EDGE_CURVE('',#10281,#10910,#10912,.T.);
#8746=FILL_AREA_STYLE('',(#10913));
#8747=EDGE_CURVE('',#10914,#10789,#10915,.T.);
#8748=EDGE_CURVE('',#10910,#10914,#10916,.T.);
#8749=FILL_AREA_STYLE('',(#10917));
#8750=EDGE_CURVE('',#10897,#10906,#10918,.T.);
#8751=FILL_AREA_STYLE('',(#10919));
#8752=EDGE_CURVE('',#10920,#10586,#10921,.T.);
#8753=EDGE_CURVE('',#10922,#10920,#10923,.T.);
#8754=EDGE_CURVE('',#10585,#10922,#10924,.T.);
#8755=FILL_AREA_STYLE('',(#10925));
#8756=EDGE_CURVE('',#10504,#10920,#10926,.T.);
#8757=FILL_AREA_STYLE('',(#10927));
#8758=EDGE_CURVE('',#10928,#10505,#10929,.T.);
#8759=EDGE_CURVE('',#10930,#10928,#10931,.T.);
#8760=EDGE_CURVE('',#10930,#10504,#10932,.T.);
#8761=FILL_AREA_STYLE('',(#10933));
#8762=EDGE_CURVE('',#10626,#10934,#10935,.T.);
#8763=EDGE_CURVE('',#10618,#10936,#10937,.T.);
#8764=EDGE_CURVE('',#10934,#10936,#10938,.T.);
#8765=FILL_AREA_STYLE('',(#10939));
#8766=EDGE_CURVE('',#10922,#10588,#10940,.T.);
#8767=FILL_AREA_STYLE('',(#10941));
#8768=EDGE_CURVE('',#10680,#10922,#10942,.T.);
#8769=FILL_AREA_STYLE('',(#10943));
#8770=EDGE_CURVE('',#10634,#10682,#10944,.T.);
#8771=FILL_AREA_STYLE('',(#10945));
#8772=EDGE_CURVE('',#10946,#10930,#10947,.T.);
#8773=EDGE_CURVE('',#10920,#10946,#10948,.T.);
#8774=FILL_AREA_STYLE('',(#10949));
#8775=EDGE_CURVE('',#10946,#10950,#10951,.T.);
#8776=EDGE_CURVE('',#10950,#10630,#10952,.T.);
#8777=FILL_AREA_STYLE('',(#10953));
#8778=EDGE_CURVE('',#10936,#10950,#10954,.T.);
#8779=FILL_AREA_STYLE('',(#10955));
#8780=EDGE_CURVE('',#10956,#10645,#10957,.T.);
#8781=EDGE_CURVE('',#10958,#10956,#10959,.T.);
#8782=EDGE_CURVE('',#10644,#10958,#10960,.T.);
#8783=FILL_AREA_STYLE('',(#10961));
#8784=EDGE_CURVE('',#10962,#10934,#10963,.T.);
#8785=EDGE_CURVE('',#10624,#10962,#10964,.T.);
#8786=FILL_AREA_STYLE('',(#10965));
#8787=EDGE_CURVE('',#10966,#10568,#10967,.T.);
#8788=EDGE_CURVE('',#10968,#10966,#10969,.T.);
#8789=EDGE_CURVE('',#10567,#10968,#10970,.T.);
#8790=FILL_AREA_STYLE('',(#10971));
#8791=EDGE_CURVE('',#10495,#10966,#10972,.T.);
#8792=FILL_AREA_STYLE('',(#10973));
#8793=EDGE_CURVE('',#10974,#10496,#10975,.T.);
#8794=EDGE_CURVE('',#10976,#10974,#10977,.T.);
#8795=EDGE_CURVE('',#10976,#10495,#10978,.T.);
#8796=FILL_AREA_STYLE('',(#10979));
#8797=EDGE_CURVE('',#10509,#10980,#10981,.T.);
#8798=EDGE_CURVE('',#10507,#10982,#10983,.T.);
#8799=EDGE_CURVE('',#10980,#10982,#10984,.T.);
#8800=FILL_AREA_STYLE('',(#10985));
#8801=EDGE_CURVE('',#10968,#10570,#10986,.T.);
#8802=FILL_AREA_STYLE('',(#10987));
#8803=EDGE_CURVE('',#10675,#10968,#10988,.T.);
#8804=FILL_AREA_STYLE('',(#10989));
#8805=EDGE_CURVE('',#10703,#10677,#10990,.T.);
#8806=FILL_AREA_STYLE('',(#10991));
#8807=EDGE_CURVE('',#10992,#10976,#10993,.T.);
#8808=EDGE_CURVE('',#10966,#10992,#10994,.T.);
#8809=FILL_AREA_STYLE('',(#10995));
#8810=EDGE_CURVE('',#10992,#10996,#10997,.T.);
#8811=EDGE_CURVE('',#10996,#10640,#10998,.T.);
#8812=FILL_AREA_STYLE('',(#10999));
#8813=EDGE_CURVE('',#10982,#10996,#11000,.T.);
#8814=FILL_AREA_STYLE('',(#11001));
#8815=EDGE_CURVE('',#10928,#10980,#11002,.T.);
#8816=FILL_AREA_STYLE('',(#11003));
#8817=EDGE_CURVE('',#11004,#10550,#11005,.T.);
#8818=EDGE_CURVE('',#11006,#11004,#11007,.T.);
#8819=EDGE_CURVE('',#10549,#11006,#11008,.T.);
#8820=FILL_AREA_STYLE('',(#11009));
#8821=EDGE_CURVE('',#10486,#11004,#11010,.T.);
#8822=FILL_AREA_STYLE('',(#11011));
#8823=EDGE_CURVE('',#11012,#10487,#11013,.T.);
#8824=EDGE_CURVE('',#11014,#11012,#11015,.T.);
#8825=EDGE_CURVE('',#11014,#10486,#11016,.T.);
#8826=FILL_AREA_STYLE('',(#11017));
#8827=EDGE_CURVE('',#10500,#11018,#11019,.T.);
#8828=EDGE_CURVE('',#10498,#11020,#11021,.T.);
#8829=EDGE_CURVE('',#11018,#11020,#11022,.T.);
#8830=FILL_AREA_STYLE('',(#11023));
#8831=EDGE_CURVE('',#11006,#10552,#11024,.T.);
#8832=FILL_AREA_STYLE('',(#11025));
#8833=EDGE_CURVE('',#10670,#11006,#11026,.T.);
#8834=FILL_AREA_STYLE('',(#11027));
#8835=EDGE_CURVE('',#10713,#10672,#11028,.T.);
#8836=FILL_AREA_STYLE('',(#11029));
#8837=EDGE_CURVE('',#11030,#11014,#11031,.T.);
#8838=EDGE_CURVE('',#11004,#11030,#11032,.T.);
#8839=FILL_AREA_STYLE('',(#11033));
#8840=EDGE_CURVE('',#11030,#11034,#11035,.T.);
#8841=EDGE_CURVE('',#11034,#10709,#11036,.T.);
#8842=FILL_AREA_STYLE('',(#11037));
#8843=EDGE_CURVE('',#11020,#11034,#11038,.T.);
#8844=FILL_AREA_STYLE('',(#11039));
#8845=EDGE_CURVE('',#10974,#11018,#11040,.T.);
#8846=FILL_AREA_STYLE('',(#11041));
#8847=EDGE_CURVE('',#11042,#10532,#11043,.T.);
#8848=EDGE_CURVE('',#11044,#11042,#11045,.T.);
#8849=EDGE_CURVE('',#10531,#11044,#11046,.T.);
#8850=FILL_AREA_STYLE('',(#11047));
#8851=EDGE_CURVE('',#10477,#11042,#11048,.T.);
#8852=FILL_AREA_STYLE('',(#11049));
#8853=EDGE_CURVE('',#11050,#10478,#11051,.T.);
#8854=EDGE_CURVE('',#11052,#11050,#11053,.T.);
#8855=EDGE_CURVE('',#11052,#10477,#11054,.T.);
#8856=FILL_AREA_STYLE('',(#11055));
#8857=EDGE_CURVE('',#10491,#11056,#11057,.T.);
#8858=EDGE_CURVE('',#10489,#11058,#11059,.T.);
#8859=EDGE_CURVE('',#11056,#11058,#11060,.T.);
#8860=FILL_AREA_STYLE('',(#11061));
#8861=EDGE_CURVE('',#11044,#10534,#11062,.T.);
#8862=FILL_AREA_STYLE('',(#11063));
#8863=EDGE_CURVE('',#10665,#11044,#11064,.T.);
#8864=FILL_AREA_STYLE('',(#11065));
#8865=EDGE_CURVE('',#10723,#10667,#11066,.T.);
#8866=FILL_AREA_STYLE('',(#11067));
#8867=EDGE_CURVE('',#11068,#11052,#11069,.T.);
#8868=EDGE_CURVE('',#11042,#11068,#11070,.T.);
#8869=FILL_AREA_STYLE('',(#11071));
#8870=EDGE_CURVE('',#11068,#11072,#11073,.T.);
#8871=EDGE_CURVE('',#11072,#10719,#11074,.T.);
#8872=FILL_AREA_STYLE('',(#11075));
#8873=EDGE_CURVE('',#11058,#11072,#11076,.T.);
#8874=FILL_AREA_STYLE('',(#11077));
#8875=EDGE_CURVE('',#11012,#11056,#11078,.T.);
#8876=FILL_AREA_STYLE('',(#11079));
#8877=EDGE_CURVE('',#11080,#10514,#11081,.T.);
#8878=EDGE_CURVE('',#11082,#11080,#11083,.T.);
#8879=EDGE_CURVE('',#10513,#11082,#11084,.T.);
#8880=FILL_AREA_STYLE('',(#11085));
#8881=EDGE_CURVE('',#10468,#11080,#11086,.T.);
#8882=FILL_AREA_STYLE('',(#11087));
#8883=EDGE_CURVE('',#11088,#10469,#11089,.T.);
#8884=EDGE_CURVE('',#11090,#11088,#11091,.T.);
#8885=EDGE_CURVE('',#11090,#10468,#11092,.T.);
#8886=FILL_AREA_STYLE('',(#11093));
#8887=EDGE_CURVE('',#10482,#11094,#11095,.T.);
#8888=EDGE_CURVE('',#10480,#11096,#11097,.T.);
#8889=EDGE_CURVE('',#11094,#11096,#11098,.T.);
#8890=FILL_AREA_STYLE('',(#11099));
#8891=EDGE_CURVE('',#11082,#10516,#11100,.T.);
#8892=FILL_AREA_STYLE('',(#11101));
#8893=EDGE_CURVE('',#10660,#11082,#11102,.T.);
#8894=FILL_AREA_STYLE('',(#11103));
#8895=EDGE_CURVE('',#10733,#10662,#11104,.T.);
#8896=FILL_AREA_STYLE('',(#11105));
#8897=EDGE_CURVE('',#11106,#11090,#11107,.T.);
#8898=EDGE_CURVE('',#11080,#11106,#11108,.T.);
#8899=FILL_AREA_STYLE('',(#11109));
#8900=EDGE_CURVE('',#11106,#11110,#11111,.T.);
#8901=EDGE_CURVE('',#11110,#10729,#11112,.T.);
#8902=FILL_AREA_STYLE('',(#11113));
#8903=EDGE_CURVE('',#11096,#11110,#11114,.T.);
#8904=FILL_AREA_STYLE('',(#11115));
#8905=EDGE_CURVE('',#11050,#11094,#11116,.T.);
#8906=FILL_AREA_STYLE('',(#11117));
#8907=EDGE_CURVE('',#11118,#11119,#11120,.T.);
#8908=EDGE_CURVE('',#11118,#11121,#11122,.T.);
#8909=EDGE_CURVE('',#11121,#11123,#11124,.T.);
#8910=EDGE_CURVE('',#11119,#11123,#11125,.T.);
#8911=FILL_AREA_STYLE('',(#11126));
#8912=EDGE_CURVE('',#11118,#11127,#11128,.T.);
#8913=EDGE_CURVE('',#11129,#11127,#11130,.T.);
#8914=EDGE_CURVE('',#11131,#11129,#11132,.T.);
#8915=EDGE_CURVE('',#11131,#11133,#11134,.T.);
#8916=EDGE_CURVE('',#11135,#11133,#11136,.T.);
#8917=EDGE_CURVE('',#11135,#11121,#11137,.T.);
#8918=FILL_AREA_STYLE('',(#11138));
#8919=EDGE_CURVE('',#11123,#11139,#11140,.T.);
#8920=EDGE_CURVE('',#11139,#11135,#11141,.T.);
#8921=FILL_AREA_STYLE('',(#11142));
#8922=EDGE_CURVE('',#11143,#11144,#11145,.T.);
#8923=EDGE_CURVE('',#11146,#11143,#11147,.T.);
#8924=EDGE_CURVE('',#10620,#11146,#11148,.T.);
#8925=EDGE_CURVE('',#11144,#10620,#11149,.T.);
#8926=FILL_AREA_STYLE('',(#11150));
#8927=EDGE_CURVE('',#11151,#10606,#11152,.T.);
#8928=EDGE_CURVE('',#10685,#11151,#11153,.T.);
#8929=FILL_AREA_STYLE('',(#11154));
#8930=EDGE_CURVE('',#11144,#10962,#11155,.T.);
#8931=FILL_AREA_STYLE('',(#11156));
#8932=EDGE_CURVE('',#11146,#10604,#11157,.T.);
#8933=EDGE_CURVE('',#11151,#11146,#11158,.T.);
#8934=EDGE_CURVE('',#10603,#11151,#11159,.T.);
#8935=FILL_AREA_STYLE('',(#11160));
#8936=FILL_AREA_STYLE('',(#11161));
#8937=FILL_AREA_STYLE('',(#11162));
#8938=EDGE_CURVE('',#11163,#11164,#11165,.T.);
#8939=EDGE_CURVE('',#10831,#11163,#11166,.T.);
#8940=EDGE_CURVE('',#10831,#11167,#11168,.T.);
#8941=EDGE_CURVE('',#11167,#11164,#11169,.T.);
#8942=FILL_AREA_STYLE('',(#11170));
#8943=EDGE_CURVE('',#11163,#10783,#11171,.T.);
#8944=FILL_AREA_STYLE('',(#11172));
#8945=EDGE_CURVE('',#11173,#10687,#11174,.T.);
#8946=EDGE_CURVE('',#11173,#11175,#11176,.T.);
#8947=EDGE_CURVE('',#10689,#11175,#11177,.T.);
#8948=FILL_AREA_STYLE('',(#11178));
#8949=EDGE_CURVE('',#11135,#10691,#11179,.T.);
#8950=EDGE_CURVE('',#11139,#11175,#11180,.T.);
#8951=FILL_AREA_STYLE('',(#11181));
#8952=EDGE_CURVE('',#10695,#11131,#11182,.T.);
#8953=FILL_AREA_STYLE('',(#11183));
#8954=EDGE_CURVE('',#11143,#11173,#11184,.T.);
#8955=FILL_AREA_STYLE('',(#11185));
#8956=EDGE_CURVE('',#11119,#10772,#11186,.T.);
#8957=EDGE_CURVE('',#10778,#10956,#11187,.T.);
#8958=EDGE_CURVE('',#10697,#11129,#11188,.T.);
#8959=FILL_AREA_STYLE('',(#11189));
#8960=FILL_AREA_STYLE('',(#11190));
#8961=EDGE_CURVE('',#10785,#11191,#11192,.T.);
#8962=EDGE_CURVE('',#11191,#11193,#11194,.T.);
#8963=EDGE_CURVE('',#11193,#10787,#11195,.T.);
#8964=FILL_AREA_STYLE('',(#11196));
#8965=EDGE_CURVE('',#11197,#11191,#11198,.T.);
#8966=EDGE_CURVE('',#11197,#11199,#11200,.T.);
#8967=EDGE_CURVE('',#11199,#11193,#11201,.T.);
#8968=FILL_AREA_STYLE('',(#11202));
#8969=EDGE_CURVE('',#11203,#10771,#11204,.T.);
#8970=EDGE_CURVE('',#11203,#11205,#11206,.T.);
#8971=EDGE_CURVE('',#11207,#11205,#11208,.T.);
#8972=EDGE_CURVE('',#11209,#11207,#11210,.T.);
#8973=EDGE_CURVE('',#11209,#11211,#11212,.T.);
#8974=EDGE_CURVE('',#10774,#11211,#11213,.T.);
#8975=FILL_AREA_STYLE('',(#11214));
#8976=EDGE_CURVE('',#11209,#10647,#11215,.T.);
#8977=EDGE_CURVE('',#10958,#10776,#11216,.T.);
#8978=FILL_AREA_STYLE('',(#11217));
#8979=EDGE_CURVE('',#10471,#11218,#11219,.T.);
#8980=EDGE_CURVE('',#11220,#11218,#11221,.T.);
#8981=EDGE_CURVE('',#10473,#11220,#11222,.T.);
#8982=FILL_AREA_STYLE('',(#11223));
#8983=EDGE_CURVE('',#11218,#11224,#11225,.T.);
#8984=EDGE_CURVE('',#11224,#10737,#11226,.T.);
#8985=FILL_AREA_STYLE('',(#11227));
#8986=EDGE_CURVE('',#10655,#11228,#11229,.T.);
#8987=EDGE_CURVE('',#11228,#11224,#11230,.T.);
#8988=EDGE_CURVE('',#10743,#10657,#11231,.T.);
#8989=FILL_AREA_STYLE('',(#11232));
#8990=EDGE_CURVE('',#11233,#10653,#11234,.T.);
#8991=EDGE_CURVE('',#11233,#11228,#11235,.T.);
#8992=FILL_AREA_STYLE('',(#11236));
#8993=EDGE_CURVE('',#10651,#11203,#11237,.T.);
#8994=EDGE_CURVE('',#11233,#11203,#11238,.T.);
#8995=FILL_AREA_STYLE('',(#11239));
#8996=EDGE_CURVE('',#11207,#10649,#11240,.T.);
#8997=FILL_AREA_STYLE('',(#11241));
#8998=FILL_AREA_STYLE('',(#11242));
#8999=FILL_AREA_STYLE('',(#11243));
#9000=EDGE_CURVE('',#11088,#11220,#11244,.T.);
#9001=FILL_AREA_STYLE('',(#11245));
#9002=EDGE_CURVE('',#10914,#11193,#11246,.T.);
#9003=FILL_AREA_STYLE('',(#11247));
#9004=EDGE_CURVE('',#11199,#11167,#11248,.T.);
#9005=FILL_AREA_STYLE('',(#11249));
#9006=EDGE_CURVE('',#11197,#11164,#11250,.T.);
#9007=FILL_AREA_STYLE('',(#11251));
#9008=EDGE_CURVE('',#11191,#11163,#11252,.T.);
#9009=FILL_AREA_STYLE('',(#11253));
#9010=FILL_AREA_STYLE('',(#11254));
#9011=FILL_AREA_STYLE('',(#11255));
#9012=FILL_AREA_STYLE('',(#11256));
#9013=EDGE_CURVE('',#11257,#11258,#11259,.T.);
#9014=EDGE_CURVE('',#11260,#11258,#11261,.T.);
#9015=EDGE_CURVE('',#11262,#11260,#11263,.T.);
#9016=EDGE_CURVE('',#11257,#11262,#11264,.T.);
#9017=FILL_AREA_STYLE('',(#11265));
#9018=EDGE_CURVE('',#11266,#11257,#11267,.T.);
#9019=EDGE_CURVE('',#11262,#11266,#11268,.T.);
#9020=FILL_AREA_STYLE('',(#11269));
#9021=EDGE_CURVE('',#11270,#11266,#11271,.T.);
#9022=EDGE_CURVE('',#11270,#11260,#11272,.T.);
#9023=FILL_AREA_STYLE('',(#11273));
#9024=EDGE_CURVE('',#11258,#11270,#11274,.T.);
#9025=FILL_AREA_STYLE('',(#11275));
#9026=FILL_AREA_STYLE('',(#11276));
#9027=FILL_AREA_STYLE_COLOUR('',#11277);
#9028=VERTEX_POINT('',#11278);
#9029=VERTEX_POINT('',#11279);
#9030=LINE('',#11280,#11281);
#9031=VERTEX_POINT('',#11282);
#9032=CIRCLE('',#11283,0.504);
#9033=VERTEX_POINT('',#11284);
#9034=LINE('',#11285,#11286);
#9035=CIRCLE('',#11287,0.504);
#9036=FILL_AREA_STYLE_COLOUR('',#11288);
#9037=VERTEX_POINT('',#11289);
#9038=VERTEX_POINT('',#11290);
#9039=LINE('',#11291,#11292);
#9040=VERTEX_POINT('',#11293);
#9041=ELLIPSE('',#11294,0.16337534376211,0.15);
#9042=VERTEX_POINT('',#11295);
#9043=LINE('',#11296,#11297);
#9044=ELLIPSE('',#11298,0.218681273036242,0.15);
#9045=FILL_AREA_STYLE_COLOUR('',#11299);
#9046=VERTEX_POINT('',#11300);
#9047=VERTEX_POINT('',#11301);
#9048=LINE('',#11302,#11303);
#9049=VERTEX_POINT('',#11304);
#9050=ELLIPSE('',#11305,0.218681273036242,0.15);
#9051=VERTEX_POINT('',#11306);
#9052=LINE('',#11307,#11308);
#9053=ELLIPSE('',#11309,0.16337534376211,0.15);
#9054=FILL_AREA_STYLE_COLOUR('',#11310);
#9055=VERTEX_POINT('',#11311);
#9056=VERTEX_POINT('',#11312);
#9057=LINE('',#11313,#11314);
#9058=VERTEX_POINT('',#11315);
#9059=CIRCLE('',#11316,0.504);
#9060=VERTEX_POINT('',#11317);
#9061=LINE('',#11318,#11319);
#9062=CIRCLE('',#11320,0.504);
#9063=FILL_AREA_STYLE_COLOUR('',#11321);
#9064=VERTEX_POINT('',#11322);
#9065=VERTEX_POINT('',#11323);
#9066=LINE('',#11324,#11325);
#9067=VERTEX_POINT('',#11326);
#9068=ELLIPSE('',#11327,0.16337534376211,0.15);
#9069=VERTEX_POINT('',#11328);
#9070=LINE('',#11329,#11330);
#9071=ELLIPSE('',#11331,0.218681273036242,0.15);
#9072=FILL_AREA_STYLE_COLOUR('',#11332);
#9073=VERTEX_POINT('',#11333);
#9074=VERTEX_POINT('',#11334);
#9075=LINE('',#11335,#11336);
#9076=VERTEX_POINT('',#11337);
#9077=ELLIPSE('',#11338,0.218681273036242,0.15);
#9078=VERTEX_POINT('',#11339);
#9079=LINE('',#11340,#11341);
#9080=ELLIPSE('',#11342,0.16337534376211,0.15);
#9081=FILL_AREA_STYLE_COLOUR('',#11343);
#9082=VERTEX_POINT('',#11344);
#9083=VERTEX_POINT('',#11345);
#9084=LINE('',#11346,#11347);
#9085=VERTEX_POINT('',#11348);
#9086=CIRCLE('',#11349,0.504);
#9087=VERTEX_POINT('',#11350);
#9088=LINE('',#11351,#11352);
#9089=CIRCLE('',#11353,0.504);
#9090=FILL_AREA_STYLE_COLOUR('',#11354);
#9091=VERTEX_POINT('',#11355);
#9092=VERTEX_POINT('',#11356);
#9093=LINE('',#11357,#11358);
#9094=VERTEX_POINT('',#11359);
#9095=ELLIPSE('',#11360,0.16337534376211,0.15);
#9096=VERTEX_POINT('',#11361);
#9097=LINE('',#11362,#11363);
#9098=ELLIPSE('',#11364,0.218681273036242,0.15);
#9099=FILL_AREA_STYLE_COLOUR('',#11365);
#9100=VERTEX_POINT('',#11366);
#9101=VERTEX_POINT('',#11367);
#9102=LINE('',#11368,#11369);
#9103=VERTEX_POINT('',#11370);
#9104=ELLIPSE('',#11371,0.218681273036242,0.15);
#9105=VERTEX_POINT('',#11372);
#9106=LINE('',#11373,#11374);
#9107=ELLIPSE('',#11375,0.16337534376211,0.15);
#9108=FILL_AREA_STYLE_COLOUR('',#11376);
#9109=VERTEX_POINT('',#11377);
#9110=VERTEX_POINT('',#11378);
#9111=LINE('',#11379,#11380);
#9112=VERTEX_POINT('',#11381);
#9113=ELLIPSE('',#11382,0.218681273036242,0.15);
#9114=VERTEX_POINT('',#11383);
#9115=LINE('',#11384,#11385);
#9116=ELLIPSE('',#11386,0.16337534376211,0.15);
#9117=FILL_AREA_STYLE_COLOUR('',#11387);
#9118=VERTEX_POINT('',#11388);
#9119=VERTEX_POINT('',#11389);
#9120=LINE('',#11390,#11391);
#9121=VERTEX_POINT('',#11392);
#9122=ELLIPSE('',#11393,0.16337534376211,0.15);
#9123=VERTEX_POINT('',#11394);
#9124=LINE('',#11395,#11396);
#9125=ELLIPSE('',#11397,0.218681273036242,0.15);
#9126=FILL_AREA_STYLE_COLOUR('',#11398);
#9127=VERTEX_POINT('',#11399);
#9128=VERTEX_POINT('',#11400);
#9129=LINE('',#11401,#11402);
#9130=VERTEX_POINT('',#11403);
#9131=CIRCLE('',#11404,0.504);
#9132=VERTEX_POINT('',#11405);
#9133=LINE('',#11406,#11407);
#9134=CIRCLE('',#11408,0.504);
#9135=FILL_AREA_STYLE_COLOUR('',#11409);
#9136=VERTEX_POINT('',#11410);
#9137=VERTEX_POINT('',#11411);
#9138=LINE('',#11412,#11413);
#9139=VERTEX_POINT('',#11414);
#9140=ELLIPSE('',#11415,0.218681273036242,0.15);
#9141=VERTEX_POINT('',#11416);
#9142=LINE('',#11417,#11418);
#9143=ELLIPSE('',#11419,0.16337534376211,0.15);
#9144=FILL_AREA_STYLE_COLOUR('',#11420);
#9145=VERTEX_POINT('',#11421);
#9146=VERTEX_POINT('',#11422);
#9147=LINE('',#11423,#11424);
#9148=VERTEX_POINT('',#11425);
#9149=ELLIPSE('',#11426,0.16337534376211,0.15);
#9150=VERTEX_POINT('',#11427);
#9151=LINE('',#11428,#11429);
#9152=ELLIPSE('',#11430,0.218681273036242,0.15);
#9153=FILL_AREA_STYLE_COLOUR('',#11431);
#9154=VERTEX_POINT('',#11432);
#9155=VERTEX_POINT('',#11433);
#9156=LINE('',#11434,#11435);
#9157=VERTEX_POINT('',#11436);
#9158=CIRCLE('',#11437,0.504);
#9159=VERTEX_POINT('',#11438);
#9160=LINE('',#11439,#11440);
#9161=CIRCLE('',#11441,0.504);
#9162=FILL_AREA_STYLE_COLOUR('',#11442);
#9163=VERTEX_POINT('',#11443);
#9164=VERTEX_POINT('',#11444);
#9165=LINE('',#11445,#11446);
#9166=VERTEX_POINT('',#11447);
#9167=ELLIPSE('',#11448,0.218681273036242,0.15);
#9168=VERTEX_POINT('',#11449);
#9169=LINE('',#11450,#11451);
#9170=ELLIPSE('',#11452,0.16337534376211,0.15);
#9171=FILL_AREA_STYLE_COLOUR('',#11453);
#9172=VERTEX_POINT('',#11454);
#9173=VERTEX_POINT('',#11455);
#9174=LINE('',#11456,#11457);
#9175=VERTEX_POINT('',#11458);
#9176=ELLIPSE('',#11459,0.16337534376211,0.15);
#9177=VERTEX_POINT('',#11460);
#9178=LINE('',#11461,#11462);
#9179=ELLIPSE('',#11463,0.218681273036242,0.15);
#9180=FILL_AREA_STYLE_COLOUR('',#11464);
#9181=VERTEX_POINT('',#11465);
#9182=VERTEX_POINT('',#11466);
#9183=LINE('',#11467,#11468);
#9184=VERTEX_POINT('',#11469);
#9185=CIRCLE('',#11470,0.504);
#9186=VERTEX_POINT('',#11471);
#9187=LINE('',#11472,#11473);
#9188=CIRCLE('',#11474,0.504);
#9189=FILL_AREA_STYLE_COLOUR('',#11475);
#9190=VERTEX_POINT('',#11476);
#9191=VERTEX_POINT('',#11477);
#9192=LINE('',#11478,#11479);
#9193=VERTEX_POINT('',#11480);
#9194=LINE('',#11481,#11482);
#9195=VERTEX_POINT('',#11483);
#9196=LINE('',#11484,#11485);
#9197=LINE('',#11486,#11487);
#9198=FILL_AREA_STYLE_COLOUR('',#11488);
#9199=VERTEX_POINT('',#11489);
#9200=LINE('',#11490,#11491);
#9201=VERTEX_POINT('',#11492);
#9202=LINE('',#11493,#11494);
#9203=VERTEX_POINT('',#11495);
#9204=CIRCLE('',#11496,0.38);
#9205=VERTEX_POINT('',#11497);
#9206=LINE('',#11498,#11499);
#9207=VERTEX_POINT('',#11500);
#9208=LINE('',#11501,#11502);
#9209=VERTEX_POINT('',#11503);
#9210=LINE('',#11504,#11505);
#9211=VERTEX_POINT('',#11506);
#9212=LINE('',#11507,#11508);
#9213=VERTEX_POINT('',#11509);
#9214=LINE('',#11510,#11511);
#9215=CIRCLE('',#11512,0.2);
#9216=FILL_AREA_STYLE_COLOUR('',#11513);
#9217=VERTEX_POINT('',#11514);
#9218=VERTEX_POINT('',#11515);
#9219=LINE('',#11516,#11517);
#9220=VERTEX_POINT('',#11518);
#9221=LINE('',#11519,#11520);
#9222=VERTEX_POINT('',#11521);
#9223=LINE('',#11522,#11523);
#9224=VERTEX_POINT('',#11524);
#9225=LINE('',#11525,#11526);
#9226=VERTEX_POINT('',#11527);
#9227=LINE('',#11528,#11529);
#9228=ELLIPSE('',#11530,0.218681273036242,0.15);
#9229=VERTEX_POINT('',#11531);
#9230=LINE('',#11532,#11533);
#9231=VERTEX_POINT('',#11534);
#9232=LINE('',#11535,#11536);
#9233=VERTEX_POINT('',#11537);
#9234=LINE('',#11538,#11539);
#9235=CIRCLE('',#11540,0.504);
#9236=LINE('',#11541,#11542);
#9237=FILL_AREA_STYLE_COLOUR('',#11543);
#9238=VERTEX_POINT('',#11544);
#9239=ELLIPSE('',#11545,0.052783945755307,0.05);
#9240=VERTEX_POINT('',#11546);
#9241=LINE('',#11547,#11548);
#9242=ELLIPSE('',#11549,0.0909876414799717,0.05);
#9243=FILL_AREA_STYLE_COLOUR('',#11550);
#9244=VERTEX_POINT('',#11551);
#9245=LINE('',#11552,#11553);
#9246=VERTEX_POINT('',#11554);
#9247=LINE('',#11555,#11556);
#9248=VERTEX_POINT('',#11557);
#9249=LINE('',#11558,#11559);
#9250=VERTEX_POINT('',#11560);
#9251=LINE('',#11561,#11562);
#9252=LINE('',#11563,#11564);
#9253=FILL_AREA_STYLE_COLOUR('',#11565);
#9254=VERTEX_POINT('',#11566);
#9255=VERTEX_POINT('',#11567);
#9256=LINE('',#11568,#11569);
#9257=VERTEX_POINT('',#11570);
#9258=LINE('',#11571,#11572);
#9259=LINE('',#11573,#11574);
#9260=FILL_AREA_STYLE_COLOUR('',#11575);
#9261=VERTEX_POINT('',#11576);
#9262=VERTEX_POINT('',#11577);
#9263=LINE('',#11578,#11579);
#9264=LINE('',#11580,#11581);
#9265=LINE('',#11582,#11583);
#9266=FILL_AREA_STYLE_COLOUR('',#11584);
#9267=VERTEX_POINT('',#11585);
#9268=VERTEX_POINT('',#11586);
#9269=LINE('',#11587,#11588);
#9270=LINE('',#11589,#11590);
#9271=LINE('',#11591,#11592);
#9272=FILL_AREA_STYLE_COLOUR('',#11593);
#9273=VERTEX_POINT('',#11594);
#9274=LINE('',#11595,#11596);
#9275=LINE('',#11597,#11598);
#9276=LINE('',#11599,#11600);
#9277=FILL_AREA_STYLE_COLOUR('',#11601);
#9278=VERTEX_POINT('',#11602);
#9279=LINE('',#11603,#11604);
#9280=LINE('',#11605,#11606);
#9281=FILL_AREA_STYLE_COLOUR('',#11607);
#9282=LINE('',#11608,#11609);
#9283=FILL_AREA_STYLE_COLOUR('',#11610);
#9284=VERTEX_POINT('',#11611);
#9285=LINE('',#11612,#11613);
#9286=LINE('',#11614,#11615);
#9287=FILL_AREA_STYLE_COLOUR('',#11616);
#9288=VERTEX_POINT('',#11617);
#9289=CIRCLE('',#11618,0.38);
#9290=LINE('',#11619,#11620);
#9291=FILL_AREA_STYLE_COLOUR('',#11621);
#9292=VERTEX_POINT('',#11622);
#9293=LINE('',#11623,#11624);
#9294=CIRCLE('',#11625,0.2);
#9295=LINE('',#11626,#11627);
#9296=FILL_AREA_STYLE_COLOUR('',#11628);
#9297=FILL_AREA_STYLE_COLOUR('',#11629);
#9298=LINE('',#11630,#11631);
#9299=FILL_AREA_STYLE_COLOUR('',#11632);
#9300=VERTEX_POINT('',#11633);
#9301=LINE('',#11634,#11635);
#9302=LINE('',#11636,#11637);
#9303=FILL_AREA_STYLE_COLOUR('',#11638);
#9304=VERTEX_POINT('',#11639);
#9305=VERTEX_POINT('',#11640);
#9306=LINE('',#11641,#11642);
#9307=VERTEX_POINT('',#11643);
#9308=LINE('',#11644,#11645);
#9309=VERTEX_POINT('',#11646);
#9310=LINE('',#11647,#11648);
#9311=VERTEX_POINT('',#11649);
#9312=LINE('',#11650,#11651);
#9313=VERTEX_POINT('',#11652);
#9314=LINE('',#11653,#11654);
#9315=LINE('',#11655,#11656);
#9316=LINE('',#11657,#11658);
#9317=FILL_AREA_STYLE_COLOUR('',#11659);
#9318=VERTEX_POINT('',#11660);
#9319=LINE('',#11661,#11662);
#9320=VERTEX_POINT('',#11663);
#9321=ELLIPSE('',#11664,0.212132034355965,0.15);
#9322=LINE('',#11665,#11666);
#9323=FILL_AREA_STYLE_COLOUR('',#11667);
#9324=CIRCLE('',#11668,0.504);
#9325=FILL_AREA_STYLE_COLOUR('',#11669);
#9326=VERTEX_POINT('',#11670);
#9327=LINE('',#11671,#11672);
#9328=LINE('',#11673,#11674);
#9329=FILL_AREA_STYLE_COLOUR('',#11675);
#9330=VERTEX_POINT('',#11676);
#9331=LINE('',#11677,#11678);
#9332=VERTEX_POINT('',#11679);
#9333=LINE('',#11680,#11681);
#9334=LINE('',#11682,#11683);
#9335=VERTEX_POINT('',#11684);
#9336=ELLIPSE('',#11685,0.218681273036242,0.15);
#9337=VERTEX_POINT('',#11686);
#9338=LINE('',#11687,#11688);
#9339=VERTEX_POINT('',#11689);
#9340=LINE('',#11690,#11691);
#9341=VERTEX_POINT('',#11692);
#9342=LINE('',#11693,#11694);
#9343=LINE('',#11695,#11696);
#9344=FILL_AREA_STYLE_COLOUR('',#11697);
#9345=ELLIPSE('',#11698,0.0909876414799717,0.05);
#9346=VERTEX_POINT('',#11699);
#9347=LINE('',#11700,#11701);
#9348=ELLIPSE('',#11702,0.212132034355965,0.15);
#9349=FILL_AREA_STYLE_COLOUR('',#11703);
#9350=ELLIPSE('',#11704,0.212132034355964,0.15);
#9351=LINE('',#11705,#11706);
#9352=FILL_AREA_STYLE_COLOUR('',#11707);
#9353=FILL_AREA_STYLE_COLOUR('',#11708);
#9354=ELLIPSE('',#11709,0.212132034355964,0.15);
#9355=LINE('',#11710,#11711);
#9356=FILL_AREA_STYLE_COLOUR('',#11712);
#9357=FILL_AREA_STYLE_COLOUR('',#11713);
#9358=ELLIPSE('',#11714,0.16337534376211,0.15);
#9359=FILL_AREA_STYLE_COLOUR('',#11715);
#9360=ELLIPSE('',#11716,0.16337534376211,0.15);
#9361=FILL_AREA_STYLE_COLOUR('',#11717);
#9362=FILL_AREA_STYLE_COLOUR('',#11718);
#9363=ELLIPSE('',#11719,0.052783945755307,0.05);
#9364=FILL_AREA_STYLE_COLOUR('',#11720);
#9365=VERTEX_POINT('',#11721);
#9366=LINE('',#11722,#11723);
#9367=VERTEX_POINT('',#11724);
#9368=LINE('',#11725,#11726);
#9369=VERTEX_POINT('',#11727);
#9370=LINE('',#11728,#11729);
#9371=VERTEX_POINT('',#11730);
#9372=LINE('',#11731,#11732);
#9373=LINE('',#11733,#11734);
#9374=FILL_AREA_STYLE_COLOUR('',#11735);
#9375=VERTEX_POINT('',#11736);
#9376=LINE('',#11737,#11738);
#9377=LINE('',#11739,#11740);
#9378=FILL_AREA_STYLE_COLOUR('',#11741);
#9379=VERTEX_POINT('',#11742);
#9380=VERTEX_POINT('',#11743);
#9381=LINE('',#11744,#11745);
#9382=VERTEX_POINT('',#11746);
#9383=LINE('',#11747,#11748);
#9384=VERTEX_POINT('',#11749);
#9385=LINE('',#11750,#11751);
#9386=LINE('',#11752,#11753);
#9387=FILL_AREA_STYLE_COLOUR('',#11754);
#9388=VERTEX_POINT('',#11755);
#9389=LINE('',#11756,#11757);
#9390=VERTEX_POINT('',#11758);
#9391=LINE('',#11759,#11760);
#9392=VERTEX_POINT('',#11761);
#9393=CIRCLE('',#11762,0.38);
#9394=VERTEX_POINT('',#11763);
#9395=LINE('',#11764,#11765);
#9396=VERTEX_POINT('',#11766);
#9397=LINE('',#11767,#11768);
#9398=VERTEX_POINT('',#11769);
#9399=LINE('',#11770,#11771);
#9400=VERTEX_POINT('',#11772);
#9401=LINE('',#11773,#11774);
#9402=VERTEX_POINT('',#11775);
#9403=LINE('',#11776,#11777);
#9404=CIRCLE('',#11778,0.2);
#9405=FILL_AREA_STYLE_COLOUR('',#11779);
#9406=VERTEX_POINT('',#11780);
#9407=VERTEX_POINT('',#11781);
#9408=LINE('',#11782,#11783);
#9409=VERTEX_POINT('',#11784);
#9410=LINE('',#11785,#11786);
#9411=VERTEX_POINT('',#11787);
#9412=LINE('',#11788,#11789);
#9413=VERTEX_POINT('',#11790);
#9414=LINE('',#11791,#11792);
#9415=VERTEX_POINT('',#11793);
#9416=LINE('',#11794,#11795);
#9417=ELLIPSE('',#11796,0.218681273036242,0.15);
#9418=VERTEX_POINT('',#11797);
#9419=LINE('',#11798,#11799);
#9420=VERTEX_POINT('',#11800);
#9421=LINE('',#11801,#11802);
#9422=VERTEX_POINT('',#11803);
#9423=LINE('',#11804,#11805);
#9424=CIRCLE('',#11806,0.504);
#9425=LINE('',#11807,#11808);
#9426=FILL_AREA_STYLE_COLOUR('',#11809);
#9427=VERTEX_POINT('',#11810);
#9428=ELLIPSE('',#11811,0.052783945755307,0.05);
#9429=VERTEX_POINT('',#11812);
#9430=LINE('',#11813,#11814);
#9431=ELLIPSE('',#11815,0.0909876414799717,0.05);
#9432=FILL_AREA_STYLE_COLOUR('',#11816);
#9433=VERTEX_POINT('',#11817);
#9434=LINE('',#11818,#11819);
#9435=VERTEX_POINT('',#11820);
#9436=LINE('',#11821,#11822);
#9437=VERTEX_POINT('',#11823);
#9438=LINE('',#11824,#11825);
#9439=VERTEX_POINT('',#11826);
#9440=LINE('',#11827,#11828);
#9441=LINE('',#11829,#11830);
#9442=FILL_AREA_STYLE_COLOUR('',#11831);
#9443=VERTEX_POINT('',#11832);
#9444=VERTEX_POINT('',#11833);
#9445=LINE('',#11834,#11835);
#9446=VERTEX_POINT('',#11836);
#9447=LINE('',#11837,#11838);
#9448=LINE('',#11839,#11840);
#9449=FILL_AREA_STYLE_COLOUR('',#11841);
#9450=VERTEX_POINT('',#11842);
#9451=VERTEX_POINT('',#11843);
#9452=LINE('',#11844,#11845);
#9453=LINE('',#11846,#11847);
#9454=LINE('',#11848,#11849);
#9455=FILL_AREA_STYLE_COLOUR('',#11850);
#9456=VERTEX_POINT('',#11851);
#9457=VERTEX_POINT('',#11852);
#9458=LINE('',#11853,#11854);
#9459=LINE('',#11855,#11856);
#9460=LINE('',#11857,#11858);
#9461=FILL_AREA_STYLE_COLOUR('',#11859);
#9462=VERTEX_POINT('',#11860);
#9463=LINE('',#11861,#11862);
#9464=LINE('',#11863,#11864);
#9465=LINE('',#11865,#11866);
#9466=FILL_AREA_STYLE_COLOUR('',#11867);
#9467=VERTEX_POINT('',#11868);
#9468=LINE('',#11869,#11870);
#9469=LINE('',#11871,#11872);
#9470=FILL_AREA_STYLE_COLOUR('',#11873);
#9471=LINE('',#11874,#11875);
#9472=FILL_AREA_STYLE_COLOUR('',#11876);
#9473=VERTEX_POINT('',#11877);
#9474=LINE('',#11878,#11879);
#9475=LINE('',#11880,#11881);
#9476=FILL_AREA_STYLE_COLOUR('',#11882);
#9477=VERTEX_POINT('',#11883);
#9478=CIRCLE('',#11884,0.38);
#9479=LINE('',#11885,#11886);
#9480=FILL_AREA_STYLE_COLOUR('',#11887);
#9481=VERTEX_POINT('',#11888);
#9482=LINE('',#11889,#11890);
#9483=CIRCLE('',#11891,0.2);
#9484=LINE('',#11892,#11893);
#9485=FILL_AREA_STYLE_COLOUR('',#11894);
#9486=FILL_AREA_STYLE_COLOUR('',#11895);
#9487=LINE('',#11896,#11897);
#9488=FILL_AREA_STYLE_COLOUR('',#11898);
#9489=VERTEX_POINT('',#11899);
#9490=LINE('',#11900,#11901);
#9491=LINE('',#11902,#11903);
#9492=FILL_AREA_STYLE_COLOUR('',#11904);
#9493=VERTEX_POINT('',#11905);
#9494=VERTEX_POINT('',#11906);
#9495=LINE('',#11907,#11908);
#9496=VERTEX_POINT('',#11909);
#9497=LINE('',#11910,#11911);
#9498=VERTEX_POINT('',#11912);
#9499=LINE('',#11913,#11914);
#9500=VERTEX_POINT('',#11915);
#9501=LINE('',#11916,#11917);
#9502=VERTEX_POINT('',#11918);
#9503=LINE('',#11919,#11920);
#9504=LINE('',#11921,#11922);
#9505=LINE('',#11923,#11924);
#9506=FILL_AREA_STYLE_COLOUR('',#11925);
#9507=VERTEX_POINT('',#11926);
#9508=LINE('',#11927,#11928);
#9509=VERTEX_POINT('',#11929);
#9510=ELLIPSE('',#11930,0.212132034355965,0.15);
#9511=LINE('',#11931,#11932);
#9512=FILL_AREA_STYLE_COLOUR('',#11933);
#9513=CIRCLE('',#11934,0.504);
#9514=FILL_AREA_STYLE_COLOUR('',#11935);
#9515=VERTEX_POINT('',#11936);
#9516=LINE('',#11937,#11938);
#9517=LINE('',#11939,#11940);
#9518=FILL_AREA_STYLE_COLOUR('',#11941);
#9519=VERTEX_POINT('',#11942);
#9520=LINE('',#11943,#11944);
#9521=VERTEX_POINT('',#11945);
#9522=LINE('',#11946,#11947);
#9523=LINE('',#11948,#11949);
#9524=VERTEX_POINT('',#11950);
#9525=ELLIPSE('',#11951,0.218681273036242,0.15);
#9526=VERTEX_POINT('',#11952);
#9527=LINE('',#11953,#11954);
#9528=VERTEX_POINT('',#11955);
#9529=LINE('',#11956,#11957);
#9530=VERTEX_POINT('',#11958);
#9531=LINE('',#11959,#11960);
#9532=LINE('',#11961,#11962);
#9533=FILL_AREA_STYLE_COLOUR('',#11963);
#9534=ELLIPSE('',#11964,0.0909876414799717,0.05);
#9535=VERTEX_POINT('',#11965);
#9536=LINE('',#11966,#11967);
#9537=ELLIPSE('',#11968,0.212132034355965,0.15);
#9538=FILL_AREA_STYLE_COLOUR('',#11969);
#9539=ELLIPSE('',#11970,0.212132034355964,0.15);
#9540=LINE('',#11971,#11972);
#9541=FILL_AREA_STYLE_COLOUR('',#11973);
#9542=FILL_AREA_STYLE_COLOUR('',#11974);
#9543=ELLIPSE('',#11975,0.212132034355964,0.15);
#9544=LINE('',#11976,#11977);
#9545=FILL_AREA_STYLE_COLOUR('',#11978);
#9546=FILL_AREA_STYLE_COLOUR('',#11979);
#9547=ELLIPSE('',#11980,0.16337534376211,0.15);
#9548=FILL_AREA_STYLE_COLOUR('',#11981);
#9549=ELLIPSE('',#11982,0.16337534376211,0.15);
#9550=FILL_AREA_STYLE_COLOUR('',#11983);
#9551=FILL_AREA_STYLE_COLOUR('',#11984);
#9552=ELLIPSE('',#11985,0.052783945755307,0.05);
#9553=FILL_AREA_STYLE_COLOUR('',#11986);
#9554=VERTEX_POINT('',#11987);
#9555=LINE('',#11988,#11989);
#9556=VERTEX_POINT('',#11990);
#9557=LINE('',#11991,#11992);
#9558=VERTEX_POINT('',#11993);
#9559=LINE('',#11994,#11995);
#9560=VERTEX_POINT('',#11996);
#9561=LINE('',#11997,#11998);
#9562=LINE('',#11999,#12000);
#9563=FILL_AREA_STYLE_COLOUR('',#12001);
#9564=VERTEX_POINT('',#12002);
#9565=LINE('',#12003,#12004);
#9566=LINE('',#12005,#12006);
#9567=FILL_AREA_STYLE_COLOUR('',#12007);
#9568=VERTEX_POINT('',#12008);
#9569=VERTEX_POINT('',#12009);
#9570=LINE('',#12010,#12011);
#9571=VERTEX_POINT('',#12012);
#9572=LINE('',#12013,#12014);
#9573=VERTEX_POINT('',#12015);
#9574=LINE('',#12016,#12017);
#9575=LINE('',#12018,#12019);
#9576=FILL_AREA_STYLE_COLOUR('',#12020);
#9577=VERTEX_POINT('',#12021);
#9578=LINE('',#12022,#12023);
#9579=VERTEX_POINT('',#12024);
#9580=LINE('',#12025,#12026);
#9581=VERTEX_POINT('',#12027);
#9582=CIRCLE('',#12028,0.38);
#9583=VERTEX_POINT('',#12029);
#9584=LINE('',#12030,#12031);
#9585=VERTEX_POINT('',#12032);
#9586=LINE('',#12033,#12034);
#9587=VERTEX_POINT('',#12035);
#9588=LINE('',#12036,#12037);
#9589=VERTEX_POINT('',#12038);
#9590=LINE('',#12039,#12040);
#9591=VERTEX_POINT('',#12041);
#9592=LINE('',#12042,#12043);
#9593=CIRCLE('',#12044,0.2);
#9594=FILL_AREA_STYLE_COLOUR('',#12045);
#9595=VERTEX_POINT('',#12046);
#9596=VERTEX_POINT('',#12047);
#9597=LINE('',#12048,#12049);
#9598=VERTEX_POINT('',#12050);
#9599=LINE('',#12051,#12052);
#9600=VERTEX_POINT('',#12053);
#9601=LINE('',#12054,#12055);
#9602=VERTEX_POINT('',#12056);
#9603=LINE('',#12057,#12058);
#9604=VERTEX_POINT('',#12059);
#9605=LINE('',#12060,#12061);
#9606=ELLIPSE('',#12062,0.218681273036242,0.15);
#9607=VERTEX_POINT('',#12063);
#9608=LINE('',#12064,#12065);
#9609=VERTEX_POINT('',#12066);
#9610=LINE('',#12067,#12068);
#9611=VERTEX_POINT('',#12069);
#9612=LINE('',#12070,#12071);
#9613=CIRCLE('',#12072,0.504);
#9614=LINE('',#12073,#12074);
#9615=FILL_AREA_STYLE_COLOUR('',#12075);
#9616=VERTEX_POINT('',#12076);
#9617=ELLIPSE('',#12077,0.052783945755307,0.05);
#9618=VERTEX_POINT('',#12078);
#9619=LINE('',#12079,#12080);
#9620=ELLIPSE('',#12081,0.0909876414799717,0.05);
#9621=FILL_AREA_STYLE_COLOUR('',#12082);
#9622=VERTEX_POINT('',#12083);
#9623=LINE('',#12084,#12085);
#9624=VERTEX_POINT('',#12086);
#9625=LINE('',#12087,#12088);
#9626=VERTEX_POINT('',#12089);
#9627=LINE('',#12090,#12091);
#9628=VERTEX_POINT('',#12092);
#9629=LINE('',#12093,#12094);
#9630=LINE('',#12095,#12096);
#9631=FILL_AREA_STYLE_COLOUR('',#12097);
#9632=VERTEX_POINT('',#12098);
#9633=VERTEX_POINT('',#12099);
#9634=LINE('',#12100,#12101);
#9635=VERTEX_POINT('',#12102);
#9636=LINE('',#12103,#12104);
#9637=LINE('',#12105,#12106);
#9638=FILL_AREA_STYLE_COLOUR('',#12107);
#9639=VERTEX_POINT('',#12108);
#9640=VERTEX_POINT('',#12109);
#9641=LINE('',#12110,#12111);
#9642=LINE('',#12112,#12113);
#9643=LINE('',#12114,#12115);
#9644=FILL_AREA_STYLE_COLOUR('',#12116);
#9645=VERTEX_POINT('',#12117);
#9646=VERTEX_POINT('',#12118);
#9647=LINE('',#12119,#12120);
#9648=LINE('',#12121,#12122);
#9649=LINE('',#12123,#12124);
#9650=FILL_AREA_STYLE_COLOUR('',#12125);
#9651=VERTEX_POINT('',#12126);
#9652=LINE('',#12127,#12128);
#9653=LINE('',#12129,#12130);
#9654=LINE('',#12131,#12132);
#9655=FILL_AREA_STYLE_COLOUR('',#12133);
#9656=VERTEX_POINT('',#12134);
#9657=LINE('',#12135,#12136);
#9658=LINE('',#12137,#12138);
#9659=FILL_AREA_STYLE_COLOUR('',#12139);
#9660=LINE('',#12140,#12141);
#9661=FILL_AREA_STYLE_COLOUR('',#12142);
#9662=VERTEX_POINT('',#12143);
#9663=LINE('',#12144,#12145);
#9664=LINE('',#12146,#12147);
#9665=FILL_AREA_STYLE_COLOUR('',#12148);
#9666=VERTEX_POINT('',#12149);
#9667=CIRCLE('',#12150,0.38);
#9668=LINE('',#12151,#12152);
#9669=FILL_AREA_STYLE_COLOUR('',#12153);
#9670=VERTEX_POINT('',#12154);
#9671=LINE('',#12155,#12156);
#9672=CIRCLE('',#12157,0.2);
#9673=LINE('',#12158,#12159);
#9674=FILL_AREA_STYLE_COLOUR('',#12160);
#9675=FILL_AREA_STYLE_COLOUR('',#12161);
#9676=LINE('',#12162,#12163);
#9677=FILL_AREA_STYLE_COLOUR('',#12164);
#9678=VERTEX_POINT('',#12165);
#9679=LINE('',#12166,#12167);
#9680=LINE('',#12168,#12169);
#9681=FILL_AREA_STYLE_COLOUR('',#12170);
#9682=VERTEX_POINT('',#12171);
#9683=VERTEX_POINT('',#12172);
#9684=LINE('',#12173,#12174);
#9685=VERTEX_POINT('',#12175);
#9686=LINE('',#12176,#12177);
#9687=VERTEX_POINT('',#12178);
#9688=LINE('',#12179,#12180);
#9689=VERTEX_POINT('',#12181);
#9690=LINE('',#12182,#12183);
#9691=VERTEX_POINT('',#12184);
#9692=LINE('',#12185,#12186);
#9693=LINE('',#12187,#12188);
#9694=LINE('',#12189,#12190);
#9695=FILL_AREA_STYLE_COLOUR('',#12191);
#9696=VERTEX_POINT('',#12192);
#9697=LINE('',#12193,#12194);
#9698=VERTEX_POINT('',#12195);
#9699=ELLIPSE('',#12196,0.212132034355965,0.15);
#9700=LINE('',#12197,#12198);
#9701=FILL_AREA_STYLE_COLOUR('',#12199);
#9702=CIRCLE('',#12200,0.504);
#9703=FILL_AREA_STYLE_COLOUR('',#12201);
#9704=VERTEX_POINT('',#12202);
#9705=LINE('',#12203,#12204);
#9706=LINE('',#12205,#12206);
#9707=FILL_AREA_STYLE_COLOUR('',#12207);
#9708=VERTEX_POINT('',#12208);
#9709=LINE('',#12209,#12210);
#9710=VERTEX_POINT('',#12211);
#9711=LINE('',#12212,#12213);
#9712=LINE('',#12214,#12215);
#9713=VERTEX_POINT('',#12216);
#9714=ELLIPSE('',#12217,0.218681273036242,0.15);
#9715=VERTEX_POINT('',#12218);
#9716=LINE('',#12219,#12220);
#9717=VERTEX_POINT('',#12221);
#9718=LINE('',#12222,#12223);
#9719=VERTEX_POINT('',#12224);
#9720=LINE('',#12225,#12226);
#9721=LINE('',#12227,#12228);
#9722=FILL_AREA_STYLE_COLOUR('',#12229);
#9723=ELLIPSE('',#12230,0.0909876414799717,0.05);
#9724=VERTEX_POINT('',#12231);
#9725=LINE('',#12232,#12233);
#9726=ELLIPSE('',#12234,0.212132034355965,0.15);
#9727=FILL_AREA_STYLE_COLOUR('',#12235);
#9728=ELLIPSE('',#12236,0.212132034355964,0.15);
#9729=LINE('',#12237,#12238);
#9730=FILL_AREA_STYLE_COLOUR('',#12239);
#9731=FILL_AREA_STYLE_COLOUR('',#12240);
#9732=ELLIPSE('',#12241,0.212132034355964,0.15);
#9733=LINE('',#12242,#12243);
#9734=FILL_AREA_STYLE_COLOUR('',#12244);
#9735=FILL_AREA_STYLE_COLOUR('',#12245);
#9736=ELLIPSE('',#12246,0.16337534376211,0.15);
#9737=FILL_AREA_STYLE_COLOUR('',#12247);
#9738=ELLIPSE('',#12248,0.16337534376211,0.15);
#9739=FILL_AREA_STYLE_COLOUR('',#12249);
#9740=FILL_AREA_STYLE_COLOUR('',#12250);
#9741=ELLIPSE('',#12251,0.052783945755307,0.05);
#9742=FILL_AREA_STYLE_COLOUR('',#12252);
#9743=VERTEX_POINT('',#12253);
#9744=LINE('',#12254,#12255);
#9745=VERTEX_POINT('',#12256);
#9746=LINE('',#12257,#12258);
#9747=VERTEX_POINT('',#12259);
#9748=LINE('',#12260,#12261);
#9749=VERTEX_POINT('',#12262);
#9750=LINE('',#12263,#12264);
#9751=LINE('',#12265,#12266);
#9752=FILL_AREA_STYLE_COLOUR('',#12267);
#9753=VERTEX_POINT('',#12268);
#9754=LINE('',#12269,#12270);
#9755=LINE('',#12271,#12272);
#9756=FILL_AREA_STYLE_COLOUR('',#12273);
#9757=VERTEX_POINT('',#12274);
#9758=VERTEX_POINT('',#12275);
#9759=LINE('',#12276,#12277);
#9760=VERTEX_POINT('',#12278);
#9761=LINE('',#12279,#12280);
#9762=VERTEX_POINT('',#12281);
#9763=LINE('',#12282,#12283);
#9764=VERTEX_POINT('',#12284);
#9765=CIRCLE('',#12285,0.05);
#9766=VERTEX_POINT('',#12286);
#9767=LINE('',#12287,#12288);
#9768=VERTEX_POINT('',#12289);
#9769=CIRCLE('',#12290,0.304);
#9770=VERTEX_POINT('',#12291);
#9771=LINE('',#12292,#12293);
#9772=VERTEX_POINT('',#12294);
#9773=LINE('',#12295,#12296);
#9774=VERTEX_POINT('',#12297);
#9775=LINE('',#12298,#12299);
#9776=VERTEX_POINT('',#12300);
#9777=LINE('',#12301,#12302);
#9778=VERTEX_POINT('',#12303);
#9779=LINE('',#12304,#12305);
#9780=VERTEX_POINT('',#12306);
#9781=CIRCLE('',#12307,0.05);
#9782=VERTEX_POINT('',#12308);
#9783=LINE('',#12309,#12310);
#9784=CIRCLE('',#12311,0.304);
#9785=FILL_AREA_STYLE_COLOUR('',#12312);
#9786=VERTEX_POINT('',#12313);
#9787=LINE('',#12314,#12315);
#9788=VERTEX_POINT('',#12316);
#9789=LINE('',#12317,#12318);
#9790=LINE('',#12319,#12320);
#9791=FILL_AREA_STYLE_COLOUR('',#12321);
#9792=VERTEX_POINT('',#12322);
#9793=LINE('',#12323,#12324);
#9794=VERTEX_POINT('',#12325);
#9795=CIRCLE('',#12326,0.45);
#9796=LINE('',#12327,#12328);
#9797=FILL_AREA_STYLE_COLOUR('',#12329);
#9798=VERTEX_POINT('',#12330);
#9799=LINE('',#12331,#12332);
#9800=VERTEX_POINT('',#12333);
#9801=CIRCLE('',#12334,0.45);
#9802=LINE('',#12335,#12336);
#9803=FILL_AREA_STYLE_COLOUR('',#12337);
#9804=VERTEX_POINT('',#12338);
#9805=VERTEX_POINT('',#12339);
#9806=LINE('',#12340,#12341);
#9807=VERTEX_POINT('',#12342);
#9808=LINE('',#12343,#12344);
#9809=VERTEX_POINT('',#12345);
#9810=LINE('',#12346,#12347);
#9811=VERTEX_POINT('',#12348);
#9812=LINE('',#12349,#12350);
#9813=VERTEX_POINT('',#12351);
#9814=LINE('',#12352,#12353);
#9815=ELLIPSE('',#12354,0.218681273036242,0.15);
#9816=VERTEX_POINT('',#12355);
#9817=LINE('',#12356,#12357);
#9818=VERTEX_POINT('',#12358);
#9819=LINE('',#12359,#12360);
#9820=VERTEX_POINT('',#12361);
#9821=LINE('',#12362,#12363);
#9822=CIRCLE('',#12364,0.504);
#9823=LINE('',#12365,#12366);
#9824=FILL_AREA_STYLE_COLOUR('',#12367);
#9825=VERTEX_POINT('',#12368);
#9826=ELLIPSE('',#12369,0.052783945755307,0.05);
#9827=VERTEX_POINT('',#12370);
#9828=LINE('',#12371,#12372);
#9829=ELLIPSE('',#12373,0.0909876414799717,0.05);
#9830=FILL_AREA_STYLE_COLOUR('',#12374);
#9831=VERTEX_POINT('',#12375);
#9832=LINE('',#12376,#12377);
#9833=VERTEX_POINT('',#12378);
#9834=LINE('',#12379,#12380);
#9835=VERTEX_POINT('',#12381);
#9836=LINE('',#12382,#12383);
#9837=VERTEX_POINT('',#12384);
#9838=LINE('',#12385,#12386);
#9839=LINE('',#12387,#12388);
#9840=FILL_AREA_STYLE_COLOUR('',#12389);
#9841=VERTEX_POINT('',#12390);
#9842=LINE('',#12391,#12392);
#9843=VERTEX_POINT('',#12393);
#9844=LINE('',#12394,#12395);
#9845=LINE('',#12396,#12397);
#9846=FILL_AREA_STYLE_COLOUR('',#12398);
#9847=LINE('',#12399,#12400);
#9848=FILL_AREA_STYLE_COLOUR('',#12401);
#9849=VERTEX_POINT('',#12402);
#9850=VERTEX_POINT('',#12403);
#9851=LINE('',#12404,#12405);
#9852=LINE('',#12406,#12407);
#9853=LINE('',#12408,#12409);
#9854=FILL_AREA_STYLE_COLOUR('',#12410);
#9855=VERTEX_POINT('',#12411);
#9856=CIRCLE('',#12412,0.05);
#9857=LINE('',#12413,#12414);
#9858=FILL_AREA_STYLE_COLOUR('',#12415);
#9859=VERTEX_POINT('',#12416);
#9860=LINE('',#12417,#12418);
#9861=LINE('',#12419,#12420);
#9862=FILL_AREA_STYLE_COLOUR('',#12421);
#9863=VERTEX_POINT('',#12422);
#9864=VERTEX_POINT('',#12423);
#9865=LINE('',#12424,#12425);
#9866=LINE('',#12426,#12427);
#9867=LINE('',#12428,#12429);
#9868=FILL_AREA_STYLE_COLOUR('',#12430);
#9869=VERTEX_POINT('',#12431);
#9870=CIRCLE('',#12432,0.304);
#9871=LINE('',#12433,#12434);
#9872=FILL_AREA_STYLE_COLOUR('',#12435);
#9873=VERTEX_POINT('',#12436);
#9874=LINE('',#12437,#12438);
#9875=VERTEX_POINT('',#12439);
#9876=LINE('',#12440,#12441);
#9877=VERTEX_POINT('',#12442);
#9878=LINE('',#12443,#12444);
#9879=LINE('',#12445,#12446);
#9880=FILL_AREA_STYLE_COLOUR('',#12447);
#9881=VERTEX_POINT('',#12448);
#9882=LINE('',#12449,#12450);
#9883=LINE('',#12451,#12452);
#9884=FILL_AREA_STYLE_COLOUR('',#12453);
#9885=VERTEX_POINT('',#12454);
#9886=LINE('',#12455,#12456);
#9887=LINE('',#12457,#12458);
#9888=FILL_AREA_STYLE_COLOUR('',#12459);
#9889=LINE('',#12460,#12461);
#9890=FILL_AREA_STYLE_COLOUR('',#12462);
#9891=VERTEX_POINT('',#12463);
#9892=LINE('',#12464,#12465);
#9893=CIRCLE('',#12466,0.304);
#9894=FILL_AREA_STYLE_COLOUR('',#12467);
#9895=VERTEX_POINT('',#12468);
#9896=LINE('',#12469,#12470);
#9897=CIRCLE('',#12471,0.05);
#9898=FILL_AREA_STYLE_COLOUR('',#12472);
#9899=VERTEX_POINT('',#12473);
#9900=LINE('',#12474,#12475);
#9901=VERTEX_POINT('',#12476);
#9902=LINE('',#12477,#12478);
#9903=LINE('',#12479,#12480);
#9904=FILL_AREA_STYLE_COLOUR('',#12481);
#9905=VERTEX_POINT('',#12482);
#9906=LINE('',#12483,#12484);
#9907=VERTEX_POINT('',#12485);
#9908=LINE('',#12486,#12487);
#9909=LINE('',#12488,#12489);
#9910=FILL_AREA_STYLE_COLOUR('',#12490);
#9911=LINE('',#12491,#12492);
#9912=FILL_AREA_STYLE_COLOUR('',#12493);
#9913=LINE('',#12494,#12495);
#9914=FILL_AREA_STYLE_COLOUR('',#12496);
#9915=VERTEX_POINT('',#12497);
#9916=LINE('',#12498,#12499);
#9917=LINE('',#12500,#12501);
#9918=FILL_AREA_STYLE_COLOUR('',#12502);
#9919=VERTEX_POINT('',#12503);
#9920=ELLIPSE('',#12504,0.16337534376211,0.15);
#9921=VERTEX_POINT('',#12505);
#9922=LINE('',#12506,#12507);
#9923=ELLIPSE('',#12508,0.218681273036242,0.15);
#9924=FILL_AREA_STYLE_COLOUR('',#12509);
#9925=VERTEX_POINT('',#12510);
#9926=VERTEX_POINT('',#12511);
#9927=LINE('',#12512,#12513);
#9928=ELLIPSE('',#12514,0.212132034355965,0.15);
#9929=VERTEX_POINT('',#12515);
#9930=ELLIPSE('',#12516,0.212132034355964,0.15);
#9931=VERTEX_POINT('',#12517);
#9932=LINE('',#12518,#12519);
#9933=ELLIPSE('',#12520,0.212132034355964,0.15);
#9934=VERTEX_POINT('',#12521);
#9935=ELLIPSE('',#12522,0.16337534376211,0.15);
#9936=ELLIPSE('',#12523,0.212132034355965,0.15);
#9937=FILL_AREA_STYLE_COLOUR('',#12524);
#9938=LINE('',#12525,#12526);
#9939=FILL_AREA_STYLE_COLOUR('',#12527);
#9940=LINE('',#12528,#12529);
#9941=FILL_AREA_STYLE_COLOUR('',#12530);
#9942=VERTEX_POINT('',#12531);
#9943=ELLIPSE('',#12532,0.0909876414799717,0.05);
#9944=LINE('',#12533,#12534);
#9945=LINE('',#12535,#12536);
#9946=FILL_AREA_STYLE_COLOUR('',#12537);
#9947=VERTEX_POINT('',#12538);
#9948=VERTEX_POINT('',#12539);
#9949=LINE('',#12540,#12541);
#9950=VERTEX_POINT('',#12542);
#9951=LINE('',#12543,#12544);
#9952=LINE('',#12545,#12546);
#9953=FILL_AREA_STYLE_COLOUR('',#12547);
#9954=LINE('',#12548,#12549);
#9955=LINE('',#12550,#12551);
#9956=FILL_AREA_STYLE_COLOUR('',#12552);
#9957=VERTEX_POINT('',#12553);
#9958=LINE('',#12554,#12555);
#9959=LINE('',#12556,#12557);
#9960=FILL_AREA_STYLE_COLOUR('',#12558);
#9961=LINE('',#12559,#12560);
#9962=FILL_AREA_STYLE_COLOUR('',#12561);
#9963=VERTEX_POINT('',#12562);
#9964=LINE('',#12563,#12564);
#9965=VERTEX_POINT('',#12565);
#9966=CIRCLE('',#12566,0.504);
#9967=LINE('',#12567,#12568);
#9968=VERTEX_POINT('',#12569);
#9969=LINE('',#12570,#12571);
#9970=VERTEX_POINT('',#12572);
#9971=LINE('',#12573,#12574);
#9972=LINE('',#12575,#12576);
#9973=FILL_AREA_STYLE_COLOUR('',#12577);
#9974=LINE('',#12578,#12579);
#9975=FILL_AREA_STYLE_COLOUR('',#12580);
#9976=FILL_AREA_STYLE_COLOUR('',#12581);
#9977=FILL_AREA_STYLE_COLOUR('',#12582);
#9978=ELLIPSE('',#12583,0.052783945755307,0.05);
#9979=FILL_AREA_STYLE_COLOUR('',#12584);
#9980=VERTEX_POINT('',#12585);
#9981=LINE('',#12586,#12587);
#9982=VERTEX_POINT('',#12588);
#9983=LINE('',#12589,#12590);
#9984=VERTEX_POINT('',#12591);
#9985=LINE('',#12592,#12593);
#9986=VERTEX_POINT('',#12594);
#9987=LINE('',#12595,#12596);
#9988=LINE('',#12597,#12598);
#9989=FILL_AREA_STYLE_COLOUR('',#12599);
#9990=VERTEX_POINT('',#12600);
#9991=LINE('',#12601,#12602);
#9992=LINE('',#12603,#12604);
#9993=FILL_AREA_STYLE_COLOUR('',#12605);
#9994=VERTEX_POINT('',#12606);
#9995=VERTEX_POINT('',#12607);
#9996=LINE('',#12608,#12609);
#9997=VERTEX_POINT('',#12610);
#9998=LINE('',#12611,#12612);
#9999=VERTEX_POINT('',#12613);
#10000=LINE('',#12614,#12615);
#10001=VERTEX_POINT('',#12616);
#10002=CIRCLE('',#12617,0.05);
#10003=VERTEX_POINT('',#12618);
#10004=LINE('',#12619,#12620);
#10005=VERTEX_POINT('',#12621);
#10006=CIRCLE('',#12622,0.304);
#10007=VERTEX_POINT('',#12623);
#10008=LINE('',#12624,#12625);
#10009=VERTEX_POINT('',#12626);
#10010=LINE('',#12627,#12628);
#10011=VERTEX_POINT('',#12629);
#10012=LINE('',#12630,#12631);
#10013=VERTEX_POINT('',#12632);
#10014=LINE('',#12633,#12634);
#10015=VERTEX_POINT('',#12635);
#10016=LINE('',#12636,#12637);
#10017=VERTEX_POINT('',#12638);
#10018=CIRCLE('',#12639,0.05);
#10019=VERTEX_POINT('',#12640);
#10020=LINE('',#12641,#12642);
#10021=CIRCLE('',#12643,0.304);
#10022=FILL_AREA_STYLE_COLOUR('',#12644);
#10023=VERTEX_POINT('',#12645);
#10024=LINE('',#12646,#12647);
#10025=VERTEX_POINT('',#12648);
#10026=LINE('',#12649,#12650);
#10027=LINE('',#12651,#12652);
#10028=FILL_AREA_STYLE_COLOUR('',#12653);
#10029=VERTEX_POINT('',#12654);
#10030=LINE('',#12655,#12656);
#10031=VERTEX_POINT('',#12657);
#10032=CIRCLE('',#12658,0.45);
#10033=LINE('',#12659,#12660);
#10034=FILL_AREA_STYLE_COLOUR('',#12661);
#10035=VERTEX_POINT('',#12662);
#10036=LINE('',#12663,#12664);
#10037=VERTEX_POINT('',#12665);
#10038=CIRCLE('',#12666,0.45);
#10039=LINE('',#12667,#12668);
#10040=FILL_AREA_STYLE_COLOUR('',#12669);
#10041=VERTEX_POINT('',#12670);
#10042=VERTEX_POINT('',#12671);
#10043=LINE('',#12672,#12673);
#10044=VERTEX_POINT('',#12674);
#10045=LINE('',#12675,#12676);
#10046=VERTEX_POINT('',#12677);
#10047=LINE('',#12678,#12679);
#10048=VERTEX_POINT('',#12680);
#10049=LINE('',#12681,#12682);
#10050=VERTEX_POINT('',#12683);
#10051=LINE('',#12684,#12685);
#10052=ELLIPSE('',#12686,0.218681273036242,0.15);
#10053=VERTEX_POINT('',#12687);
#10054=LINE('',#12688,#12689);
#10055=VERTEX_POINT('',#12690);
#10056=LINE('',#12691,#12692);
#10057=VERTEX_POINT('',#12693);
#10058=LINE('',#12694,#12695);
#10059=CIRCLE('',#12696,0.504);
#10060=LINE('',#12697,#12698);
#10061=FILL_AREA_STYLE_COLOUR('',#12699);
#10062=VERTEX_POINT('',#12700);
#10063=ELLIPSE('',#12701,0.052783945755307,0.05);
#10064=VERTEX_POINT('',#12702);
#10065=LINE('',#12703,#12704);
#10066=ELLIPSE('',#12705,0.0909876414799717,0.05);
#10067=FILL_AREA_STYLE_COLOUR('',#12706);
#10068=VERTEX_POINT('',#12707);
#10069=LINE('',#12708,#12709);
#10070=VERTEX_POINT('',#12710);
#10071=LINE('',#12711,#12712);
#10072=VERTEX_POINT('',#12713);
#10073=LINE('',#12714,#12715);
#10074=VERTEX_POINT('',#12716);
#10075=LINE('',#12717,#12718);
#10076=LINE('',#12719,#12720);
#10077=FILL_AREA_STYLE_COLOUR('',#12721);
#10078=VERTEX_POINT('',#12722);
#10079=LINE('',#12723,#12724);
#10080=VERTEX_POINT('',#12725);
#10081=LINE('',#12726,#12727);
#10082=LINE('',#12728,#12729);
#10083=FILL_AREA_STYLE_COLOUR('',#12730);
#10084=LINE('',#12731,#12732);
#10085=FILL_AREA_STYLE_COLOUR('',#12733);
#10086=VERTEX_POINT('',#12734);
#10087=VERTEX_POINT('',#12735);
#10088=LINE('',#12736,#12737);
#10089=LINE('',#12738,#12739);
#10090=LINE('',#12740,#12741);
#10091=FILL_AREA_STYLE_COLOUR('',#12742);
#10092=VERTEX_POINT('',#12743);
#10093=CIRCLE('',#12744,0.05);
#10094=LINE('',#12745,#12746);
#10095=FILL_AREA_STYLE_COLOUR('',#12747);
#10096=VERTEX_POINT('',#12748);
#10097=LINE('',#12749,#12750);
#10098=LINE('',#12751,#12752);
#10099=FILL_AREA_STYLE_COLOUR('',#12753);
#10100=VERTEX_POINT('',#12754);
#10101=VERTEX_POINT('',#12755);
#10102=LINE('',#12756,#12757);
#10103=LINE('',#12758,#12759);
#10104=LINE('',#12760,#12761);
#10105=FILL_AREA_STYLE_COLOUR('',#12762);
#10106=VERTEX_POINT('',#12763);
#10107=CIRCLE('',#12764,0.304);
#10108=LINE('',#12765,#12766);
#10109=FILL_AREA_STYLE_COLOUR('',#12767);
#10110=VERTEX_POINT('',#12768);
#10111=LINE('',#12769,#12770);
#10112=VERTEX_POINT('',#12771);
#10113=LINE('',#12772,#12773);
#10114=VERTEX_POINT('',#12774);
#10115=LINE('',#12775,#12776);
#10116=LINE('',#12777,#12778);
#10117=FILL_AREA_STYLE_COLOUR('',#12779);
#10118=VERTEX_POINT('',#12780);
#10119=LINE('',#12781,#12782);
#10120=LINE('',#12783,#12784);
#10121=FILL_AREA_STYLE_COLOUR('',#12785);
#10122=VERTEX_POINT('',#12786);
#10123=LINE('',#12787,#12788);
#10124=LINE('',#12789,#12790);
#10125=FILL_AREA_STYLE_COLOUR('',#12791);
#10126=LINE('',#12792,#12793);
#10127=FILL_AREA_STYLE_COLOUR('',#12794);
#10128=VERTEX_POINT('',#12795);
#10129=LINE('',#12796,#12797);
#10130=CIRCLE('',#12798,0.304);
#10131=FILL_AREA_STYLE_COLOUR('',#12799);
#10132=VERTEX_POINT('',#12800);
#10133=LINE('',#12801,#12802);
#10134=CIRCLE('',#12803,0.05);
#10135=FILL_AREA_STYLE_COLOUR('',#12804);
#10136=VERTEX_POINT('',#12805);
#10137=LINE('',#12806,#12807);
#10138=VERTEX_POINT('',#12808);
#10139=LINE('',#12809,#12810);
#10140=LINE('',#12811,#12812);
#10141=FILL_AREA_STYLE_COLOUR('',#12813);
#10142=VERTEX_POINT('',#12814);
#10143=LINE('',#12815,#12816);
#10144=VERTEX_POINT('',#12817);
#10145=LINE('',#12818,#12819);
#10146=LINE('',#12820,#12821);
#10147=FILL_AREA_STYLE_COLOUR('',#12822);
#10148=LINE('',#12823,#12824);
#10149=FILL_AREA_STYLE_COLOUR('',#12825);
#10150=LINE('',#12826,#12827);
#10151=FILL_AREA_STYLE_COLOUR('',#12828);
#10152=VERTEX_POINT('',#12829);
#10153=LINE('',#12830,#12831);
#10154=LINE('',#12832,#12833);
#10155=FILL_AREA_STYLE_COLOUR('',#12834);
#10156=VERTEX_POINT('',#12835);
#10157=ELLIPSE('',#12836,0.16337534376211,0.15);
#10158=VERTEX_POINT('',#12837);
#10159=LINE('',#12838,#12839);
#10160=ELLIPSE('',#12840,0.218681273036242,0.15);
#10161=FILL_AREA_STYLE_COLOUR('',#12841);
#10162=VERTEX_POINT('',#12842);
#10163=VERTEX_POINT('',#12843);
#10164=LINE('',#12844,#12845);
#10165=ELLIPSE('',#12846,0.212132034355965,0.15);
#10166=VERTEX_POINT('',#12847);
#10167=ELLIPSE('',#12848,0.212132034355964,0.15);
#10168=VERTEX_POINT('',#12849);
#10169=LINE('',#12850,#12851);
#10170=ELLIPSE('',#12852,0.212132034355964,0.15);
#10171=VERTEX_POINT('',#12853);
#10172=ELLIPSE('',#12854,0.16337534376211,0.15);
#10173=ELLIPSE('',#12855,0.212132034355965,0.15);
#10174=FILL_AREA_STYLE_COLOUR('',#12856);
#10175=LINE('',#12857,#12858);
#10176=FILL_AREA_STYLE_COLOUR('',#12859);
#10177=LINE('',#12860,#12861);
#10178=FILL_AREA_STYLE_COLOUR('',#12862);
#10179=VERTEX_POINT('',#12863);
#10180=ELLIPSE('',#12864,0.0909876414799717,0.05);
#10181=LINE('',#12865,#12866);
#10182=LINE('',#12867,#12868);
#10183=FILL_AREA_STYLE_COLOUR('',#12869);
#10184=VERTEX_POINT('',#12870);
#10185=VERTEX_POINT('',#12871);
#10186=LINE('',#12872,#12873);
#10187=VERTEX_POINT('',#12874);
#10188=LINE('',#12875,#12876);
#10189=LINE('',#12877,#12878);
#10190=FILL_AREA_STYLE_COLOUR('',#12879);
#10191=LINE('',#12880,#12881);
#10192=LINE('',#12882,#12883);
#10193=FILL_AREA_STYLE_COLOUR('',#12884);
#10194=VERTEX_POINT('',#12885);
#10195=LINE('',#12886,#12887);
#10196=LINE('',#12888,#12889);
#10197=FILL_AREA_STYLE_COLOUR('',#12890);
#10198=LINE('',#12891,#12892);
#10199=FILL_AREA_STYLE_COLOUR('',#12893);
#10200=VERTEX_POINT('',#12894);
#10201=LINE('',#12895,#12896);
#10202=VERTEX_POINT('',#12897);
#10203=CIRCLE('',#12898,0.504);
#10204=LINE('',#12899,#12900);
#10205=VERTEX_POINT('',#12901);
#10206=LINE('',#12902,#12903);
#10207=VERTEX_POINT('',#12904);
#10208=LINE('',#12905,#12906);
#10209=LINE('',#12907,#12908);
#10210=FILL_AREA_STYLE_COLOUR('',#12909);
#10211=LINE('',#12910,#12911);
#10212=FILL_AREA_STYLE_COLOUR('',#12912);
#10213=FILL_AREA_STYLE_COLOUR('',#12913);
#10214=FILL_AREA_STYLE_COLOUR('',#12914);
#10215=ELLIPSE('',#12915,0.052783945755307,0.05);
#10216=FILL_AREA_STYLE_COLOUR('',#12916);
#10217=VERTEX_POINT('',#12917);
#10218=LINE('',#12918,#12919);
#10219=VERTEX_POINT('',#12920);
#10220=LINE('',#12921,#12922);
#10221=VERTEX_POINT('',#12923);
#10222=LINE('',#12924,#12925);
#10223=VERTEX_POINT('',#12926);
#10224=LINE('',#12927,#12928);
#10225=LINE('',#12929,#12930);
#10226=FILL_AREA_STYLE_COLOUR('',#12931);
#10227=VERTEX_POINT('',#12932);
#10228=LINE('',#12933,#12934);
#10229=LINE('',#12935,#12936);
#10230=FILL_AREA_STYLE_COLOUR('',#12937);
#10231=VERTEX_POINT('',#12938);
#10232=VERTEX_POINT('',#12939);
#10233=LINE('',#12940,#12941);
#10234=VERTEX_POINT('',#12942);
#10235=LINE('',#12943,#12944);
#10236=VERTEX_POINT('',#12945);
#10237=LINE('',#12946,#12947);
#10238=VERTEX_POINT('',#12948);
#10239=CIRCLE('',#12949,0.05);
#10240=VERTEX_POINT('',#12950);
#10241=LINE('',#12951,#12952);
#10242=VERTEX_POINT('',#12953);
#10243=CIRCLE('',#12954,0.304);
#10244=VERTEX_POINT('',#12955);
#10245=LINE('',#12956,#12957);
#10246=VERTEX_POINT('',#12958);
#10247=LINE('',#12959,#12960);
#10248=VERTEX_POINT('',#12961);
#10249=LINE('',#12962,#12963);
#10250=VERTEX_POINT('',#12964);
#10251=LINE('',#12965,#12966);
#10252=VERTEX_POINT('',#12967);
#10253=LINE('',#12968,#12969);
#10254=VERTEX_POINT('',#12970);
#10255=CIRCLE('',#12971,0.05);
#10256=VERTEX_POINT('',#12972);
#10257=LINE('',#12973,#12974);
#10258=CIRCLE('',#12975,0.304);
#10259=FILL_AREA_STYLE_COLOUR('',#12976);
#10260=VERTEX_POINT('',#12977);
#10261=LINE('',#12978,#12979);
#10262=VERTEX_POINT('',#12980);
#10263=LINE('',#12981,#12982);
#10264=LINE('',#12983,#12984);
#10265=FILL_AREA_STYLE_COLOUR('',#12985);
#10266=VERTEX_POINT('',#12986);
#10267=LINE('',#12987,#12988);
#10268=VERTEX_POINT('',#12989);
#10269=CIRCLE('',#12990,0.45);
#10270=LINE('',#12991,#12992);
#10271=FILL_AREA_STYLE_COLOUR('',#12993);
#10272=VERTEX_POINT('',#12994);
#10273=LINE('',#12995,#12996);
#10274=VERTEX_POINT('',#12997);
#10275=CIRCLE('',#12998,0.45);
#10276=LINE('',#12999,#13000);
#10277=FILL_AREA_STYLE_COLOUR('',#13001);
#10278=VERTEX_POINT('',#13002);
#10279=VERTEX_POINT('',#13003);
#10280=LINE('',#13004,#13005);
#10281=VERTEX_POINT('',#13006);
#10282=LINE('',#13007,#13008);
#10283=VERTEX_POINT('',#13009);
#10284=LINE('',#13010,#13011);
#10285=VERTEX_POINT('',#13012);
#10286=LINE('',#13013,#13014);
#10287=VERTEX_POINT('',#13015);
#10288=LINE('',#13016,#13017);
#10289=ELLIPSE('',#13018,0.218681273036242,0.15);
#10290=VERTEX_POINT('',#13019);
#10291=LINE('',#13020,#13021);
#10292=VERTEX_POINT('',#13022);
#10293=LINE('',#13023,#13024);
#10294=VERTEX_POINT('',#13025);
#10295=LINE('',#13026,#13027);
#10296=CIRCLE('',#13028,0.504);
#10297=LINE('',#13029,#13030);
#10298=FILL_AREA_STYLE_COLOUR('',#13031);
#10299=VERTEX_POINT('',#13032);
#10300=ELLIPSE('',#13033,0.052783945755307,0.05);
#10301=VERTEX_POINT('',#13034);
#10302=LINE('',#13035,#13036);
#10303=ELLIPSE('',#13037,0.0909876414799717,0.05);
#10304=FILL_AREA_STYLE_COLOUR('',#13038);
#10305=VERTEX_POINT('',#13039);
#10306=LINE('',#13040,#13041);
#10307=VERTEX_POINT('',#13042);
#10308=LINE('',#13043,#13044);
#10309=VERTEX_POINT('',#13045);
#10310=LINE('',#13046,#13047);
#10311=VERTEX_POINT('',#13048);
#10312=LINE('',#13049,#13050);
#10313=LINE('',#13051,#13052);
#10314=FILL_AREA_STYLE_COLOUR('',#13053);
#10315=VERTEX_POINT('',#13054);
#10316=LINE('',#13055,#13056);
#10317=VERTEX_POINT('',#13057);
#10318=LINE('',#13058,#13059);
#10319=LINE('',#13060,#13061);
#10320=FILL_AREA_STYLE_COLOUR('',#13062);
#10321=LINE('',#13063,#13064);
#10322=FILL_AREA_STYLE_COLOUR('',#13065);
#10323=VERTEX_POINT('',#13066);
#10324=VERTEX_POINT('',#13067);
#10325=LINE('',#13068,#13069);
#10326=LINE('',#13070,#13071);
#10327=LINE('',#13072,#13073);
#10328=FILL_AREA_STYLE_COLOUR('',#13074);
#10329=VERTEX_POINT('',#13075);
#10330=CIRCLE('',#13076,0.05);
#10331=LINE('',#13077,#13078);
#10332=FILL_AREA_STYLE_COLOUR('',#13079);
#10333=VERTEX_POINT('',#13080);
#10334=LINE('',#13081,#13082);
#10335=LINE('',#13083,#13084);
#10336=FILL_AREA_STYLE_COLOUR('',#13085);
#10337=VERTEX_POINT('',#13086);
#10338=VERTEX_POINT('',#13087);
#10339=LINE('',#13088,#13089);
#10340=LINE('',#13090,#13091);
#10341=LINE('',#13092,#13093);
#10342=FILL_AREA_STYLE_COLOUR('',#13094);
#10343=VERTEX_POINT('',#13095);
#10344=CIRCLE('',#13096,0.304);
#10345=LINE('',#13097,#13098);
#10346=FILL_AREA_STYLE_COLOUR('',#13099);
#10347=VERTEX_POINT('',#13100);
#10348=LINE('',#13101,#13102);
#10349=VERTEX_POINT('',#13103);
#10350=LINE('',#13104,#13105);
#10351=VERTEX_POINT('',#13106);
#10352=LINE('',#13107,#13108);
#10353=LINE('',#13109,#13110);
#10354=FILL_AREA_STYLE_COLOUR('',#13111);
#10355=VERTEX_POINT('',#13112);
#10356=LINE('',#13113,#13114);
#10357=LINE('',#13115,#13116);
#10358=FILL_AREA_STYLE_COLOUR('',#13117);
#10359=VERTEX_POINT('',#13118);
#10360=LINE('',#13119,#13120);
#10361=LINE('',#13121,#13122);
#10362=FILL_AREA_STYLE_COLOUR('',#13123);
#10363=LINE('',#13124,#13125);
#10364=FILL_AREA_STYLE_COLOUR('',#13126);
#10365=VERTEX_POINT('',#13127);
#10366=LINE('',#13128,#13129);
#10367=CIRCLE('',#13130,0.304);
#10368=FILL_AREA_STYLE_COLOUR('',#13131);
#10369=VERTEX_POINT('',#13132);
#10370=LINE('',#13133,#13134);
#10371=CIRCLE('',#13135,0.05);
#10372=FILL_AREA_STYLE_COLOUR('',#13136);
#10373=VERTEX_POINT('',#13137);
#10374=LINE('',#13138,#13139);
#10375=VERTEX_POINT('',#13140);
#10376=LINE('',#13141,#13142);
#10377=LINE('',#13143,#13144);
#10378=FILL_AREA_STYLE_COLOUR('',#13145);
#10379=VERTEX_POINT('',#13146);
#10380=LINE('',#13147,#13148);
#10381=VERTEX_POINT('',#13149);
#10382=LINE('',#13150,#13151);
#10383=LINE('',#13152,#13153);
#10384=FILL_AREA_STYLE_COLOUR('',#13154);
#10385=LINE('',#13155,#13156);
#10386=FILL_AREA_STYLE_COLOUR('',#13157);
#10387=LINE('',#13158,#13159);
#10388=FILL_AREA_STYLE_COLOUR('',#13160);
#10389=VERTEX_POINT('',#13161);
#10390=LINE('',#13162,#13163);
#10391=LINE('',#13164,#13165);
#10392=FILL_AREA_STYLE_COLOUR('',#13166);
#10393=VERTEX_POINT('',#13167);
#10394=ELLIPSE('',#13168,0.16337534376211,0.15);
#10395=VERTEX_POINT('',#13169);
#10396=LINE('',#13170,#13171);
#10397=ELLIPSE('',#13172,0.218681273036242,0.15);
#10398=FILL_AREA_STYLE_COLOUR('',#13173);
#10399=VERTEX_POINT('',#13174);
#10400=VERTEX_POINT('',#13175);
#10401=LINE('',#13176,#13177);
#10402=ELLIPSE('',#13178,0.212132034355965,0.15);
#10403=VERTEX_POINT('',#13179);
#10404=ELLIPSE('',#13180,0.212132034355964,0.15);
#10405=VERTEX_POINT('',#13181);
#10406=LINE('',#13182,#13183);
#10407=ELLIPSE('',#13184,0.212132034355964,0.15);
#10408=VERTEX_POINT('',#13185);
#10409=ELLIPSE('',#13186,0.16337534376211,0.15);
#10410=ELLIPSE('',#13187,0.212132034355965,0.15);
#10411=FILL_AREA_STYLE_COLOUR('',#13188);
#10412=LINE('',#13189,#13190);
#10413=FILL_AREA_STYLE_COLOUR('',#13191);
#10414=LINE('',#13192,#13193);
#10415=FILL_AREA_STYLE_COLOUR('',#13194);
#10416=VERTEX_POINT('',#13195);
#10417=ELLIPSE('',#13196,0.0909876414799717,0.05);
#10418=LINE('',#13197,#13198);
#10419=LINE('',#13199,#13200);
#10420=FILL_AREA_STYLE_COLOUR('',#13201);
#10421=VERTEX_POINT('',#13202);
#10422=VERTEX_POINT('',#13203);
#10423=LINE('',#13204,#13205);
#10424=VERTEX_POINT('',#13206);
#10425=LINE('',#13207,#13208);
#10426=LINE('',#13209,#13210);
#10427=FILL_AREA_STYLE_COLOUR('',#13211);
#10428=LINE('',#13212,#13213);
#10429=LINE('',#13214,#13215);
#10430=FILL_AREA_STYLE_COLOUR('',#13216);
#10431=VERTEX_POINT('',#13217);
#10432=LINE('',#13218,#13219);
#10433=LINE('',#13220,#13221);
#10434=FILL_AREA_STYLE_COLOUR('',#13222);
#10435=LINE('',#13223,#13224);
#10436=FILL_AREA_STYLE_COLOUR('',#13225);
#10437=VERTEX_POINT('',#13226);
#10438=LINE('',#13227,#13228);
#10439=VERTEX_POINT('',#13229);
#10440=CIRCLE('',#13230,0.504);
#10441=LINE('',#13231,#13232);
#10442=VERTEX_POINT('',#13233);
#10443=LINE('',#13234,#13235);
#10444=VERTEX_POINT('',#13236);
#10445=LINE('',#13237,#13238);
#10446=LINE('',#13239,#13240);
#10447=FILL_AREA_STYLE_COLOUR('',#13241);
#10448=LINE('',#13242,#13243);
#10449=FILL_AREA_STYLE_COLOUR('',#13244);
#10450=FILL_AREA_STYLE_COLOUR('',#13245);
#10451=FILL_AREA_STYLE_COLOUR('',#13246);
#10452=ELLIPSE('',#13247,0.052783945755307,0.05);
#10453=FILL_AREA_STYLE_COLOUR('',#13248);
#10454=VERTEX_POINT('',#13249);
#10455=LINE('',#13250,#13251);
#10456=VERTEX_POINT('',#13252);
#10457=LINE('',#13253,#13254);
#10458=VERTEX_POINT('',#13255);
#10459=LINE('',#13256,#13257);
#10460=VERTEX_POINT('',#13258);
#10461=LINE('',#13259,#13260);
#10462=LINE('',#13261,#13262);
#10463=FILL_AREA_STYLE_COLOUR('',#13263);
#10464=VERTEX_POINT('',#13264);
#10465=LINE('',#13265,#13266);
#10466=LINE('',#13267,#13268);
#10467=FILL_AREA_STYLE_COLOUR('',#13269);
#10468=VERTEX_POINT('',#13270);
#10469=VERTEX_POINT('',#13271);
#10470=LINE('',#13272,#13273);
#10471=VERTEX_POINT('',#13274);
#10472=LINE('',#13275,#13276);
#10473=VERTEX_POINT('',#13277);
#10474=LINE('',#13278,#13279);
#10475=LINE('',#13280,#13281);
#10476=FILL_AREA_STYLE_COLOUR('',#13282);
#10477=VERTEX_POINT('',#13283);
#10478=VERTEX_POINT('',#13284);
#10479=LINE('',#13285,#13286);
#10480=VERTEX_POINT('',#13287);
#10481=LINE('',#13288,#13289);
#10482=VERTEX_POINT('',#13290);
#10483=LINE('',#13291,#13292);
#10484=LINE('',#13293,#13294);
#10485=FILL_AREA_STYLE_COLOUR('',#13295);
#10486=VERTEX_POINT('',#13296);
#10487=VERTEX_POINT('',#13297);
#10488=LINE('',#13298,#13299);
#10489=VERTEX_POINT('',#13300);
#10490=LINE('',#13301,#13302);
#10491=VERTEX_POINT('',#13303);
#10492=LINE('',#13304,#13305);
#10493=LINE('',#13306,#13307);
#10494=FILL_AREA_STYLE_COLOUR('',#13308);
#10495=VERTEX_POINT('',#13309);
#10496=VERTEX_POINT('',#13310);
#10497=LINE('',#13311,#13312);
#10498=VERTEX_POINT('',#13313);
#10499=LINE('',#13314,#13315);
#10500=VERTEX_POINT('',#13316);
#10501=LINE('',#13317,#13318);
#10502=LINE('',#13319,#13320);
#10503=FILL_AREA_STYLE_COLOUR('',#13321);
#10504=VERTEX_POINT('',#13322);
#10505=VERTEX_POINT('',#13323);
#10506=LINE('',#13324,#13325);
#10507=VERTEX_POINT('',#13326);
#10508=LINE('',#13327,#13328);
#10509=VERTEX_POINT('',#13329);
#10510=LINE('',#13330,#13331);
#10511=LINE('',#13332,#13333);
#10512=FILL_AREA_STYLE_COLOUR('',#13334);
#10513=VERTEX_POINT('',#13335);
#10514=VERTEX_POINT('',#13336);
#10515=LINE('',#13337,#13338);
#10516=VERTEX_POINT('',#13339);
#10517=LINE('',#13340,#13341);
#10518=VERTEX_POINT('',#13342);
#10519=LINE('',#13343,#13344);
#10520=VERTEX_POINT('',#13345);
#10521=LINE('',#13346,#13347);
#10522=VERTEX_POINT('',#13348);
#10523=LINE('',#13349,#13350);
#10524=VERTEX_POINT('',#13351);
#10525=LINE('',#13352,#13353);
#10526=VERTEX_POINT('',#13354);
#10527=LINE('',#13355,#13356);
#10528=LINE('',#13357,#13358);
#10529=LINE('',#13359,#13360);
#10530=FILL_AREA_STYLE_COLOUR('',#13361);
#10531=VERTEX_POINT('',#13362);
#10532=VERTEX_POINT('',#13363);
#10533=LINE('',#13364,#13365);
#10534=VERTEX_POINT('',#13366);
#10535=LINE('',#13367,#13368);
#10536=VERTEX_POINT('',#13369);
#10537=LINE('',#13370,#13371);
#10538=VERTEX_POINT('',#13372);
#10539=LINE('',#13373,#13374);
#10540=VERTEX_POINT('',#13375);
#10541=LINE('',#13376,#13377);
#10542=VERTEX_POINT('',#13378);
#10543=LINE('',#13379,#13380);
#10544=VERTEX_POINT('',#13381);
#10545=LINE('',#13382,#13383);
#10546=LINE('',#13384,#13385);
#10547=LINE('',#13386,#13387);
#10548=FILL_AREA_STYLE_COLOUR('',#13388);
#10549=VERTEX_POINT('',#13389);
#10550=VERTEX_POINT('',#13390);
#10551=LINE('',#13391,#13392);
#10552=VERTEX_POINT('',#13393);
#10553=LINE('',#13394,#13395);
#10554=VERTEX_POINT('',#13396);
#10555=LINE('',#13397,#13398);
#10556=VERTEX_POINT('',#13399);
#10557=LINE('',#13400,#13401);
#10558=VERTEX_POINT('',#13402);
#10559=LINE('',#13403,#13404);
#10560=VERTEX_POINT('',#13405);
#10561=LINE('',#13406,#13407);
#10562=VERTEX_POINT('',#13408);
#10563=LINE('',#13409,#13410);
#10564=LINE('',#13411,#13412);
#10565=LINE('',#13413,#13414);
#10566=FILL_AREA_STYLE_COLOUR('',#13415);
#10567=VERTEX_POINT('',#13416);
#10568=VERTEX_POINT('',#13417);
#10569=LINE('',#13418,#13419);
#10570=VERTEX_POINT('',#13420);
#10571=LINE('',#13421,#13422);
#10572=VERTEX_POINT('',#13423);
#10573=LINE('',#13424,#13425);
#10574=VERTEX_POINT('',#13426);
#10575=LINE('',#13427,#13428);
#10576=VERTEX_POINT('',#13429);
#10577=LINE('',#13430,#13431);
#10578=VERTEX_POINT('',#13432);
#10579=LINE('',#13433,#13434);
#10580=VERTEX_POINT('',#13435);
#10581=LINE('',#13436,#13437);
#10582=LINE('',#13438,#13439);
#10583=LINE('',#13440,#13441);
#10584=FILL_AREA_STYLE_COLOUR('',#13442);
#10585=VERTEX_POINT('',#13443);
#10586=VERTEX_POINT('',#13444);
#10587=LINE('',#13445,#13446);
#10588=VERTEX_POINT('',#13447);
#10589=LINE('',#13448,#13449);
#10590=VERTEX_POINT('',#13450);
#10591=LINE('',#13451,#13452);
#10592=VERTEX_POINT('',#13453);
#10593=LINE('',#13454,#13455);
#10594=VERTEX_POINT('',#13456);
#10595=LINE('',#13457,#13458);
#10596=VERTEX_POINT('',#13459);
#10597=LINE('',#13460,#13461);
#10598=VERTEX_POINT('',#13462);
#10599=LINE('',#13463,#13464);
#10600=LINE('',#13465,#13466);
#10601=LINE('',#13467,#13468);
#10602=FILL_AREA_STYLE_COLOUR('',#13469);
#10603=VERTEX_POINT('',#13470);
#10604=VERTEX_POINT('',#13471);
#10605=LINE('',#13472,#13473);
#10606=VERTEX_POINT('',#13474);
#10607=LINE('',#13475,#13476);
#10608=VERTEX_POINT('',#13477);
#10609=LINE('',#13478,#13479);
#10610=VERTEX_POINT('',#13480);
#10611=LINE('',#13481,#13482);
#10612=VERTEX_POINT('',#13483);
#10613=LINE('',#13484,#13485);
#10614=VERTEX_POINT('',#13486);
#10615=LINE('',#13487,#13488);
#10616=VERTEX_POINT('',#13489);
#10617=LINE('',#13490,#13491);
#10618=VERTEX_POINT('',#13492);
#10619=LINE('',#13493,#13494);
#10620=VERTEX_POINT('',#13495);
#10621=LINE('',#13496,#13497);
#10622=LINE('',#13498,#13499);
#10623=FILL_AREA_STYLE_COLOUR('',#13500);
#10624=VERTEX_POINT('',#13501);
#10625=LINE('',#13502,#13503);
#10626=VERTEX_POINT('',#13504);
#10627=LINE('',#13505,#13506);
#10628=LINE('',#13507,#13508);
#10629=FILL_AREA_STYLE_COLOUR('',#13509);
#10630=VERTEX_POINT('',#13510);
#10631=LINE('',#13511,#13512);
#10632=LINE('',#13513,#13514);
#10633=FILL_AREA_STYLE_COLOUR('',#13515);
#10634=VERTEX_POINT('',#13516);
#10635=LINE('',#13517,#13518);
#10636=LINE('',#13519,#13520);
#10637=FILL_AREA_STYLE_COLOUR('',#13521);
#10638=LINE('',#13522,#13523);
#10639=FILL_AREA_STYLE_COLOUR('',#13524);
#10640=VERTEX_POINT('',#13525);
#10641=LINE('',#13526,#13527);
#10642=LINE('',#13528,#13529);
#10643=FILL_AREA_STYLE_COLOUR('',#13530);
#10644=VERTEX_POINT('',#13531);
#10645=VERTEX_POINT('',#13532);
#10646=LINE('',#13533,#13534);
#10647=VERTEX_POINT('',#13535);
#10648=LINE('',#13536,#13537);
#10649=VERTEX_POINT('',#13538);
#10650=LINE('',#13539,#13540);
#10651=VERTEX_POINT('',#13541);
#10652=LINE('',#13542,#13543);
#10653=VERTEX_POINT('',#13544);
#10654=LINE('',#13545,#13546);
#10655=VERTEX_POINT('',#13547);
#10656=LINE('',#13548,#13549);
#10657=VERTEX_POINT('',#13550);
#10658=LINE('',#13551,#13552);
#10659=LINE('',#13553,#13554);
#10660=VERTEX_POINT('',#13555);
#10661=LINE('',#13556,#13557);
#10662=VERTEX_POINT('',#13558);
#10663=LINE('',#13559,#13560);
#10664=LINE('',#13561,#13562);
#10665=VERTEX_POINT('',#13563);
#10666=LINE('',#13564,#13565);
#10667=VERTEX_POINT('',#13566);
#10668=LINE('',#13567,#13568);
#10669=LINE('',#13569,#13570);
#10670=VERTEX_POINT('',#13571);
#10671=LINE('',#13572,#13573);
#10672=VERTEX_POINT('',#13574);
#10673=LINE('',#13575,#13576);
#10674=LINE('',#13577,#13578);
#10675=VERTEX_POINT('',#13579);
#10676=LINE('',#13580,#13581);
#10677=VERTEX_POINT('',#13582);
#10678=LINE('',#13583,#13584);
#10679=LINE('',#13585,#13586);
#10680=VERTEX_POINT('',#13587);
#10681=LINE('',#13588,#13589);
#10682=VERTEX_POINT('',#13590);
#10683=LINE('',#13591,#13592);
#10684=LINE('',#13593,#13594);
#10685=VERTEX_POINT('',#13595);
#10686=LINE('',#13596,#13597);
#10687=VERTEX_POINT('',#13598);
#10688=LINE('',#13599,#13600);
#10689=VERTEX_POINT('',#13601);
#10690=LINE('',#13602,#13603);
#10691=VERTEX_POINT('',#13604);
#10692=LINE('',#13605,#13606);
#10693=VERTEX_POINT('',#13607);
#10694=LINE('',#13608,#13609);
#10695=VERTEX_POINT('',#13610);
#10696=LINE('',#13611,#13612);
#10697=VERTEX_POINT('',#13613);
#10698=LINE('',#13614,#13615);
#10699=VERTEX_POINT('',#13616);
#10700=LINE('',#13617,#13618);
#10701=LINE('',#13619,#13620);
#10702=FILL_AREA_STYLE_COLOUR('',#13621);
#10703=VERTEX_POINT('',#13622);
#10704=LINE('',#13623,#13624);
#10705=LINE('',#13625,#13626);
#10706=FILL_AREA_STYLE_COLOUR('',#13627);
#10707=LINE('',#13628,#13629);
#10708=FILL_AREA_STYLE_COLOUR('',#13630);
#10709=VERTEX_POINT('',#13631);
#10710=LINE('',#13632,#13633);
#10711=LINE('',#13634,#13635);
#10712=FILL_AREA_STYLE_COLOUR('',#13636);
#10713=VERTEX_POINT('',#13637);
#10714=LINE('',#13638,#13639);
#10715=LINE('',#13640,#13641);
#10716=FILL_AREA_STYLE_COLOUR('',#13642);
#10717=LINE('',#13643,#13644);
#10718=FILL_AREA_STYLE_COLOUR('',#13645);
#10719=VERTEX_POINT('',#13646);
#10720=LINE('',#13647,#13648);
#10721=LINE('',#13649,#13650);
#10722=FILL_AREA_STYLE_COLOUR('',#13651);
#10723=VERTEX_POINT('',#13652);
#10724=LINE('',#13653,#13654);
#10725=LINE('',#13655,#13656);
#10726=FILL_AREA_STYLE_COLOUR('',#13657);
#10727=LINE('',#13658,#13659);
#10728=FILL_AREA_STYLE_COLOUR('',#13660);
#10729=VERTEX_POINT('',#13661);
#10730=LINE('',#13662,#13663);
#10731=LINE('',#13664,#13665);
#10732=FILL_AREA_STYLE_COLOUR('',#13666);
#10733=VERTEX_POINT('',#13667);
#10734=LINE('',#13668,#13669);
#10735=LINE('',#13670,#13671);
#10736=FILL_AREA_STYLE_COLOUR('',#13672);
#10737=VERTEX_POINT('',#13673);
#10738=LINE('',#13674,#13675);
#10739=LINE('',#13676,#13677);
#10740=FILL_AREA_STYLE_COLOUR('',#13678);
#10741=LINE('',#13679,#13680);
#10742=FILL_AREA_STYLE_COLOUR('',#13681);
#10743=VERTEX_POINT('',#13682);
#10744=LINE('',#13683,#13684);
#10745=LINE('',#13685,#13686);
#10746=FILL_AREA_STYLE_COLOUR('',#13687);
#10747=LINE('',#13688,#13689);
#10748=FILL_AREA_STYLE_COLOUR('',#13690);
#10749=VERTEX_POINT('',#13691);
#10750=VERTEX_POINT('',#13692);
#10751=LINE('',#13693,#13694);
#10752=LINE('',#13695,#13696);
#10753=LINE('',#13697,#13698);
#10754=FILL_AREA_STYLE_COLOUR('',#13699);
#10755=VERTEX_POINT('',#13700);
#10756=LINE('',#13701,#13702);
#10757=VERTEX_POINT('',#13703);
#10758=LINE('',#13704,#13705);
#10759=CIRCLE('',#13706,0.55);
#10760=FILL_AREA_STYLE_COLOUR('',#13707);
#10761=VERTEX_POINT('',#13708);
#10762=LINE('',#13709,#13710);
#10763=LINE('',#13711,#13712);
#10764=FILL_AREA_STYLE_COLOUR('',#13713);
#10765=VERTEX_POINT('',#13714);
#10766=LINE('',#13715,#13716);
#10767=VERTEX_POINT('',#13717);
#10768=CIRCLE('',#13718,0.55);
#10769=LINE('',#13719,#13720);
#10770=FILL_AREA_STYLE_COLOUR('',#13721);
#10771=VERTEX_POINT('',#13722);
#10772=VERTEX_POINT('',#13723);
#10773=LINE('',#13724,#13725);
#10774=VERTEX_POINT('',#13726);
#10775=LINE('',#13727,#13728);
#10776=VERTEX_POINT('',#13729);
#10777=LINE('',#13730,#13731);
#10778=VERTEX_POINT('',#13732);
#10779=LINE('',#13733,#13734);
#10780=LINE('',#13735,#13736);
#10781=VERTEX_POINT('',#13737);
#10782=LINE('',#13738,#13739);
#10783=VERTEX_POINT('',#13740);
#10784=LINE('',#13741,#13742);
#10785=VERTEX_POINT('',#13743);
#10786=LINE('',#13744,#13745);
#10787=VERTEX_POINT('',#13746);
#10788=LINE('',#13747,#13748);
#10789=VERTEX_POINT('',#13749);
#10790=LINE('',#13750,#13751);
#10791=VERTEX_POINT('',#13752);
#10792=LINE('',#13753,#13754);
#10793=VERTEX_POINT('',#13755);
#10794=LINE('',#13756,#13757);
#10795=VERTEX_POINT('',#13758);
#10796=LINE('',#13759,#13760);
#10797=VERTEX_POINT('',#13761);
#10798=LINE('',#13762,#13763);
#10799=VERTEX_POINT('',#13764);
#10800=LINE('',#13765,#13766);
#10801=VERTEX_POINT('',#13767);
#10802=LINE('',#13768,#13769);
#10803=VERTEX_POINT('',#13770);
#10804=LINE('',#13771,#13772);
#10805=VERTEX_POINT('',#13773);
#10806=LINE('',#13774,#13775);
#10807=VERTEX_POINT('',#13776);
#10808=LINE('',#13777,#13778);
#10809=VERTEX_POINT('',#13779);
#10810=LINE('',#13780,#13781);
#10811=VERTEX_POINT('',#13782);
#10812=LINE('',#13783,#13784);
#10813=VERTEX_POINT('',#13785);
#10814=LINE('',#13786,#13787);
#10815=VERTEX_POINT('',#13788);
#10816=LINE('',#13789,#13790);
#10817=VERTEX_POINT('',#13791);
#10818=LINE('',#13792,#13793);
#10819=VERTEX_POINT('',#13794);
#10820=LINE('',#13795,#13796);
#10821=VERTEX_POINT('',#13797);
#10822=LINE('',#13798,#13799);
#10823=VERTEX_POINT('',#13800);
#10824=LINE('',#13801,#13802);
#10825=VERTEX_POINT('',#13803);
#10826=LINE('',#13804,#13805);
#10827=VERTEX_POINT('',#13806);
#10828=LINE('',#13807,#13808);
#10829=LINE('',#13809,#13810);
#10830=FILL_AREA_STYLE_COLOUR('',#13811);
#10831=VERTEX_POINT('',#13812);
#10832=LINE('',#13813,#13814);
#10833=ELLIPSE('',#13815,0.585234995535981,0.55);
#10834=FILL_AREA_STYLE_COLOUR('',#13816);
#10835=LINE('',#13817,#13818);
#10836=LINE('',#13819,#13820);
#10837=FILL_AREA_STYLE_COLOUR('',#13821);
#10838=VERTEX_POINT('',#13822);
#10839=LINE('',#13823,#13824);
#10840=CIRCLE('',#13825,0.55);
#10841=FILL_AREA_STYLE_COLOUR('',#13826);
#10842=VERTEX_POINT('',#13827);
#10843=LINE('',#13828,#13829);
#10844=LINE('',#13830,#13831);
#10845=FILL_AREA_STYLE_COLOUR('',#13832);
#10846=VERTEX_POINT('',#13833);
#10847=CIRCLE('',#13834,0.55);
#10848=LINE('',#13835,#13836);
#10849=FILL_AREA_STYLE_COLOUR('',#13837);
#10850=LINE('',#13838,#13839);
#10851=FILL_AREA_STYLE_COLOUR('',#13840);
#10852=LINE('',#13841,#13842);
#10853=LINE('',#13843,#13844);
#10854=FILL_AREA_STYLE_COLOUR('',#13845);
#10855=VERTEX_POINT('',#13846);
#10856=LINE('',#13847,#13848);
#10857=CIRCLE('',#13849,0.55);
#10858=FILL_AREA_STYLE_COLOUR('',#13850);
#10859=VERTEX_POINT('',#13851);
#10860=LINE('',#13852,#13853);
#10861=LINE('',#13854,#13855);
#10862=FILL_AREA_STYLE_COLOUR('',#13856);
#10863=VERTEX_POINT('',#13857);
#10864=CIRCLE('',#13858,0.55);
#10865=LINE('',#13859,#13860);
#10866=FILL_AREA_STYLE_COLOUR('',#13861);
#10867=LINE('',#13862,#13863);
#10868=FILL_AREA_STYLE_COLOUR('',#13864);
#10869=LINE('',#13865,#13866);
#10870=LINE('',#13867,#13868);
#10871=FILL_AREA_STYLE_COLOUR('',#13869);
#10872=VERTEX_POINT('',#13870);
#10873=LINE('',#13871,#13872);
#10874=CIRCLE('',#13873,0.55);
#10875=FILL_AREA_STYLE_COLOUR('',#13874);
#10876=VERTEX_POINT('',#13875);
#10877=LINE('',#13876,#13877);
#10878=LINE('',#13878,#13879);
#10879=FILL_AREA_STYLE_COLOUR('',#13880);
#10880=VERTEX_POINT('',#13881);
#10881=CIRCLE('',#13882,0.55);
#10882=LINE('',#13883,#13884);
#10883=FILL_AREA_STYLE_COLOUR('',#13885);
#10884=LINE('',#13886,#13887);
#10885=FILL_AREA_STYLE_COLOUR('',#13888);
#10886=LINE('',#13889,#13890);
#10887=LINE('',#13891,#13892);
#10888=FILL_AREA_STYLE_COLOUR('',#13893);
#10889=VERTEX_POINT('',#13894);
#10890=LINE('',#13895,#13896);
#10891=CIRCLE('',#13897,0.55);
#10892=FILL_AREA_STYLE_COLOUR('',#13898);
#10893=VERTEX_POINT('',#13899);
#10894=LINE('',#13900,#13901);
#10895=LINE('',#13902,#13903);
#10896=FILL_AREA_STYLE_COLOUR('',#13904);
#10897=VERTEX_POINT('',#13905);
#10898=CIRCLE('',#13906,0.55);
#10899=LINE('',#13907,#13908);
#10900=FILL_AREA_STYLE_COLOUR('',#13909);
#10901=LINE('',#13910,#13911);
#10902=FILL_AREA_STYLE_COLOUR('',#13912);
#10903=LINE('',#13913,#13914);
#10904=LINE('',#13915,#13916);
#10905=FILL_AREA_STYLE_COLOUR('',#13917);
#10906=VERTEX_POINT('',#13918);
#10907=LINE('',#13919,#13920);
#10908=CIRCLE('',#13921,0.55);
#10909=FILL_AREA_STYLE_COLOUR('',#13922);
#10910=VERTEX_POINT('',#13923);
#10911=LINE('',#13924,#13925);
#10912=LINE('',#13926,#13927);
#10913=FILL_AREA_STYLE_COLOUR('',#13928);
#10914=VERTEX_POINT('',#13929);
#10915=CIRCLE('',#13930,0.55);
#10916=LINE('',#13931,#13932);
#10917=FILL_AREA_STYLE_COLOUR('',#13933);
#10918=LINE('',#13934,#13935);
#10919=FILL_AREA_STYLE_COLOUR('',#13936);
#10920=VERTEX_POINT('',#13937);
#10921=LINE('',#13938,#13939);
#10922=VERTEX_POINT('',#13940);
#10923=LINE('',#13941,#13942);
#10924=LINE('',#13943,#13944);
#10925=FILL_AREA_STYLE_COLOUR('',#13945);
#10926=LINE('',#13946,#13947);
#10927=FILL_AREA_STYLE_COLOUR('',#13948);
#10928=VERTEX_POINT('',#13949);
#10929=LINE('',#13950,#13951);
#10930=VERTEX_POINT('',#13952);
#10931=LINE('',#13953,#13954);
#10932=LINE('',#13955,#13956);
#10933=FILL_AREA_STYLE_COLOUR('',#13957);
#10934=VERTEX_POINT('',#13958);
#10935=LINE('',#13959,#13960);
#10936=VERTEX_POINT('',#13961);
#10937=LINE('',#13962,#13963);
#10938=LINE('',#13964,#13965);
#10939=FILL_AREA_STYLE_COLOUR('',#13966);
#10940=LINE('',#13967,#13968);
#10941=FILL_AREA_STYLE_COLOUR('',#13969);
#10942=LINE('',#13970,#13971);
#10943=FILL_AREA_STYLE_COLOUR('',#13972);
#10944=LINE('',#13973,#13974);
#10945=FILL_AREA_STYLE_COLOUR('',#13975);
#10946=VERTEX_POINT('',#13976);
#10947=LINE('',#13977,#13978);
#10948=LINE('',#13979,#13980);
#10949=FILL_AREA_STYLE_COLOUR('',#13981);
#10950=VERTEX_POINT('',#13982);
#10951=LINE('',#13983,#13984);
#10952=LINE('',#13985,#13986);
#10953=FILL_AREA_STYLE_COLOUR('',#13987);
#10954=LINE('',#13988,#13989);
#10955=FILL_AREA_STYLE_COLOUR('',#13990);
#10956=VERTEX_POINT('',#13991);
#10957=LINE('',#13992,#13993);
#10958=VERTEX_POINT('',#13994);
#10959=LINE('',#13995,#13996);
#10960=LINE('',#13997,#13998);
#10961=FILL_AREA_STYLE_COLOUR('',#13999);
#10962=VERTEX_POINT('',#14000);
#10963=LINE('',#14001,#14002);
#10964=LINE('',#14003,#14004);
#10965=FILL_AREA_STYLE_COLOUR('',#14005);
#10966=VERTEX_POINT('',#14006);
#10967=LINE('',#14007,#14008);
#10968=VERTEX_POINT('',#14009);
#10969=LINE('',#14010,#14011);
#10970=LINE('',#14012,#14013);
#10971=FILL_AREA_STYLE_COLOUR('',#14014);
#10972=LINE('',#14015,#14016);
#10973=FILL_AREA_STYLE_COLOUR('',#14017);
#10974=VERTEX_POINT('',#14018);
#10975=LINE('',#14019,#14020);
#10976=VERTEX_POINT('',#14021);
#10977=LINE('',#14022,#14023);
#10978=LINE('',#14024,#14025);
#10979=FILL_AREA_STYLE_COLOUR('',#14026);
#10980=VERTEX_POINT('',#14027);
#10981=LINE('',#14028,#14029);
#10982=VERTEX_POINT('',#14030);
#10983=LINE('',#14031,#14032);
#10984=LINE('',#14033,#14034);
#10985=FILL_AREA_STYLE_COLOUR('',#14035);
#10986=LINE('',#14036,#14037);
#10987=FILL_AREA_STYLE_COLOUR('',#14038);
#10988=LINE('',#14039,#14040);
#10989=FILL_AREA_STYLE_COLOUR('',#14041);
#10990=LINE('',#14042,#14043);
#10991=FILL_AREA_STYLE_COLOUR('',#14044);
#10992=VERTEX_POINT('',#14045);
#10993=LINE('',#14046,#14047);
#10994=LINE('',#14048,#14049);
#10995=FILL_AREA_STYLE_COLOUR('',#14050);
#10996=VERTEX_POINT('',#14051);
#10997=LINE('',#14052,#14053);
#10998=LINE('',#14054,#14055);
#10999=FILL_AREA_STYLE_COLOUR('',#14056);
#11000=LINE('',#14057,#14058);
#11001=FILL_AREA_STYLE_COLOUR('',#14059);
#11002=LINE('',#14060,#14061);
#11003=FILL_AREA_STYLE_COLOUR('',#14062);
#11004=VERTEX_POINT('',#14063);
#11005=LINE('',#14064,#14065);
#11006=VERTEX_POINT('',#14066);
#11007=LINE('',#14067,#14068);
#11008=LINE('',#14069,#14070);
#11009=FILL_AREA_STYLE_COLOUR('',#14071);
#11010=LINE('',#14072,#14073);
#11011=FILL_AREA_STYLE_COLOUR('',#14074);
#11012=VERTEX_POINT('',#14075);
#11013=LINE('',#14076,#14077);
#11014=VERTEX_POINT('',#14078);
#11015=LINE('',#14079,#14080);
#11016=LINE('',#14081,#14082);
#11017=FILL_AREA_STYLE_COLOUR('',#14083);
#11018=VERTEX_POINT('',#14084);
#11019=LINE('',#14085,#14086);
#11020=VERTEX_POINT('',#14087);
#11021=LINE('',#14088,#14089);
#11022=LINE('',#14090,#14091);
#11023=FILL_AREA_STYLE_COLOUR('',#14092);
#11024=LINE('',#14093,#14094);
#11025=FILL_AREA_STYLE_COLOUR('',#14095);
#11026=LINE('',#14096,#14097);
#11027=FILL_AREA_STYLE_COLOUR('',#14098);
#11028=LINE('',#14099,#14100);
#11029=FILL_AREA_STYLE_COLOUR('',#14101);
#11030=VERTEX_POINT('',#14102);
#11031=LINE('',#14103,#14104);
#11032=LINE('',#14105,#14106);
#11033=FILL_AREA_STYLE_COLOUR('',#14107);
#11034=VERTEX_POINT('',#14108);
#11035=LINE('',#14109,#14110);
#11036=LINE('',#14111,#14112);
#11037=FILL_AREA_STYLE_COLOUR('',#14113);
#11038=LINE('',#14114,#14115);
#11039=FILL_AREA_STYLE_COLOUR('',#14116);
#11040=LINE('',#14117,#14118);
#11041=FILL_AREA_STYLE_COLOUR('',#14119);
#11042=VERTEX_POINT('',#14120);
#11043=LINE('',#14121,#14122);
#11044=VERTEX_POINT('',#14123);
#11045=LINE('',#14124,#14125);
#11046=LINE('',#14126,#14127);
#11047=FILL_AREA_STYLE_COLOUR('',#14128);
#11048=LINE('',#14129,#14130);
#11049=FILL_AREA_STYLE_COLOUR('',#14131);
#11050=VERTEX_POINT('',#14132);
#11051=LINE('',#14133,#14134);
#11052=VERTEX_POINT('',#14135);
#11053=LINE('',#14136,#14137);
#11054=LINE('',#14138,#14139);
#11055=FILL_AREA_STYLE_COLOUR('',#14140);
#11056=VERTEX_POINT('',#14141);
#11057=LINE('',#14142,#14143);
#11058=VERTEX_POINT('',#14144);
#11059=LINE('',#14145,#14146);
#11060=LINE('',#14147,#14148);
#11061=FILL_AREA_STYLE_COLOUR('',#14149);
#11062=LINE('',#14150,#14151);
#11063=FILL_AREA_STYLE_COLOUR('',#14152);
#11064=LINE('',#14153,#14154);
#11065=FILL_AREA_STYLE_COLOUR('',#14155);
#11066=LINE('',#14156,#14157);
#11067=FILL_AREA_STYLE_COLOUR('',#14158);
#11068=VERTEX_POINT('',#14159);
#11069=LINE('',#14160,#14161);
#11070=LINE('',#14162,#14163);
#11071=FILL_AREA_STYLE_COLOUR('',#14164);
#11072=VERTEX_POINT('',#14165);
#11073=LINE('',#14166,#14167);
#11074=LINE('',#14168,#14169);
#11075=FILL_AREA_STYLE_COLOUR('',#14170);
#11076=LINE('',#14171,#14172);
#11077=FILL_AREA_STYLE_COLOUR('',#14173);
#11078=LINE('',#14174,#14175);
#11079=FILL_AREA_STYLE_COLOUR('',#14176);
#11080=VERTEX_POINT('',#14177);
#11081=LINE('',#14178,#14179);
#11082=VERTEX_POINT('',#14180);
#11083=LINE('',#14181,#14182);
#11084=LINE('',#14183,#14184);
#11085=FILL_AREA_STYLE_COLOUR('',#14185);
#11086=LINE('',#14186,#14187);
#11087=FILL_AREA_STYLE_COLOUR('',#14188);
#11088=VERTEX_POINT('',#14189);
#11089=LINE('',#14190,#14191);
#11090=VERTEX_POINT('',#14192);
#11091=LINE('',#14193,#14194);
#11092=LINE('',#14195,#14196);
#11093=FILL_AREA_STYLE_COLOUR('',#14197);
#11094=VERTEX_POINT('',#14198);
#11095=LINE('',#14199,#14200);
#11096=VERTEX_POINT('',#14201);
#11097=LINE('',#14202,#14203);
#11098=LINE('',#14204,#14205);
#11099=FILL_AREA_STYLE_COLOUR('',#14206);
#11100=LINE('',#14207,#14208);
#11101=FILL_AREA_STYLE_COLOUR('',#14209);
#11102=LINE('',#14210,#14211);
#11103=FILL_AREA_STYLE_COLOUR('',#14212);
#11104=LINE('',#14213,#14214);
#11105=FILL_AREA_STYLE_COLOUR('',#14215);
#11106=VERTEX_POINT('',#14216);
#11107=LINE('',#14217,#14218);
#11108=LINE('',#14219,#14220);
#11109=FILL_AREA_STYLE_COLOUR('',#14221);
#11110=VERTEX_POINT('',#14222);
#11111=LINE('',#14223,#14224);
#11112=LINE('',#14225,#14226);
#11113=FILL_AREA_STYLE_COLOUR('',#14227);
#11114=LINE('',#14228,#14229);
#11115=FILL_AREA_STYLE_COLOUR('',#14230);
#11116=LINE('',#14231,#14232);
#11117=FILL_AREA_STYLE_COLOUR('',#14233);
#11118=VERTEX_POINT('',#14234);
#11119=VERTEX_POINT('',#14235);
#11120=LINE('',#14236,#14237);
#11121=VERTEX_POINT('',#14238);
#11122=LINE('',#14239,#14240);
#11123=VERTEX_POINT('',#14241);
#11124=LINE('',#14242,#14243);
#11125=LINE('',#14244,#14245);
#11126=FILL_AREA_STYLE_COLOUR('',#14246);
#11127=VERTEX_POINT('',#14247);
#11128=LINE('',#14248,#14249);
#11129=VERTEX_POINT('',#14250);
#11130=LINE('',#14251,#14252);
#11131=VERTEX_POINT('',#14253);
#11132=LINE('',#14254,#14255);
#11133=VERTEX_POINT('',#14256);
#11134=LINE('',#14257,#14258);
#11135=VERTEX_POINT('',#14259);
#11136=LINE('',#14260,#14261);
#11137=LINE('',#14262,#14263);
#11138=FILL_AREA_STYLE_COLOUR('',#14264);
#11139=VERTEX_POINT('',#14265);
#11140=LINE('',#14266,#14267);
#11141=LINE('',#14268,#14269);
#11142=FILL_AREA_STYLE_COLOUR('',#14270);
#11143=VERTEX_POINT('',#14271);
#11144=VERTEX_POINT('',#14272);
#11145=LINE('',#14273,#14274);
#11146=VERTEX_POINT('',#14275);
#11147=LINE('',#14276,#14277);
#11148=LINE('',#14278,#14279);
#11149=LINE('',#14280,#14281);
#11150=FILL_AREA_STYLE_COLOUR('',#14282);
#11151=VERTEX_POINT('',#14283);
#11152=LINE('',#14284,#14285);
#11153=LINE('',#14286,#14287);
#11154=FILL_AREA_STYLE_COLOUR('',#14288);
#11155=LINE('',#14289,#14290);
#11156=FILL_AREA_STYLE_COLOUR('',#14291);
#11157=LINE('',#14292,#14293);
#11158=LINE('',#14294,#14295);
#11159=LINE('',#14296,#14297);
#11160=FILL_AREA_STYLE_COLOUR('',#14298);
#11161=FILL_AREA_STYLE_COLOUR('',#14299);
#11162=FILL_AREA_STYLE_COLOUR('',#14300);
#11163=VERTEX_POINT('',#14301);
#11164=VERTEX_POINT('',#14302);
#11165=LINE('',#14303,#14304);
#11166=LINE('',#14305,#14306);
#11167=VERTEX_POINT('',#14307);
#11168=LINE('',#14308,#14309);
#11169=LINE('',#14310,#14311);
#11170=FILL_AREA_STYLE_COLOUR('',#14312);
#11171=LINE('',#14313,#14314);
#11172=FILL_AREA_STYLE_COLOUR('',#14315);
#11173=VERTEX_POINT('',#14316);
#11174=LINE('',#14317,#14318);
#11175=VERTEX_POINT('',#14319);
#11176=LINE('',#14320,#14321);
#11177=LINE('',#14322,#14323);
#11178=FILL_AREA_STYLE_COLOUR('',#14324);
#11179=LINE('',#14325,#14326);
#11180=LINE('',#14327,#14328);
#11181=FILL_AREA_STYLE_COLOUR('',#14329);
#11182=LINE('',#14330,#14331);
#11183=FILL_AREA_STYLE_COLOUR('',#14332);
#11184=LINE('',#14333,#14334);
#11185=FILL_AREA_STYLE_COLOUR('',#14335);
#11186=LINE('',#14336,#14337);
#11187=LINE('',#14338,#14339);
#11188=LINE('',#14340,#14341);
#11189=FILL_AREA_STYLE_COLOUR('',#14342);
#11190=FILL_AREA_STYLE_COLOUR('',#14343);
#11191=VERTEX_POINT('',#14344);
#11192=LINE('',#14345,#14346);
#11193=VERTEX_POINT('',#14347);
#11194=LINE('',#14348,#14349);
#11195=ELLIPSE('',#14350,0.585234995535981,0.55);
#11196=FILL_AREA_STYLE_COLOUR('',#14351);
#11197=VERTEX_POINT('',#14352);
#11198=LINE('',#14353,#14354);
#11199=VERTEX_POINT('',#14355);
#11200=LINE('',#14356,#14357);
#11201=LINE('',#14358,#14359);
#11202=FILL_AREA_STYLE_COLOUR('',#14360);
#11203=VERTEX_POINT('',#14361);
#11204=LINE('',#14362,#14363);
#11205=VERTEX_POINT('',#14364);
#11206=LINE('',#14365,#14366);
#11207=VERTEX_POINT('',#14367);
#11208=LINE('',#14368,#14369);
#11209=VERTEX_POINT('',#14370);
#11210=LINE('',#14371,#14372);
#11211=VERTEX_POINT('',#14373);
#11212=LINE('',#14374,#14375);
#11213=LINE('',#14376,#14377);
#11214=FILL_AREA_STYLE_COLOUR('',#14378);
#11215=LINE('',#14379,#14380);
#11216=LINE('',#14381,#14382);
#11217=FILL_AREA_STYLE_COLOUR('',#14383);
#11218=VERTEX_POINT('',#14384);
#11219=LINE('',#14385,#14386);
#11220=VERTEX_POINT('',#14387);
#11221=LINE('',#14388,#14389);
#11222=LINE('',#14390,#14391);
#11223=FILL_AREA_STYLE_COLOUR('',#14392);
#11224=VERTEX_POINT('',#14393);
#11225=LINE('',#14394,#14395);
#11226=LINE('',#14396,#14397);
#11227=FILL_AREA_STYLE_COLOUR('',#14398);
#11228=VERTEX_POINT('',#14399);
#11229=LINE('',#14400,#14401);
#11230=LINE('',#14402,#14403);
#11231=LINE('',#14404,#14405);
#11232=FILL_AREA_STYLE_COLOUR('',#14406);
#11233=VERTEX_POINT('',#14407);
#11234=LINE('',#14408,#14409);
#11235=LINE('',#14410,#14411);
#11236=FILL_AREA_STYLE_COLOUR('',#14412);
#11237=LINE('',#14413,#14414);
#11238=LINE('',#14415,#14416);
#11239=FILL_AREA_STYLE_COLOUR('',#14417);
#11240=LINE('',#14418,#14419);
#11241=FILL_AREA_STYLE_COLOUR('',#14420);
#11242=FILL_AREA_STYLE_COLOUR('',#14421);
#11243=FILL_AREA_STYLE_COLOUR('',#14422);
#11244=LINE('',#14423,#14424);
#11245=FILL_AREA_STYLE_COLOUR('',#14425);
#11246=LINE('',#14426,#14427);
#11247=FILL_AREA_STYLE_COLOUR('',#14428);
#11248=LINE('',#14429,#14430);
#11249=FILL_AREA_STYLE_COLOUR('',#14431);
#11250=LINE('',#14432,#14433);
#11251=FILL_AREA_STYLE_COLOUR('',#14434);
#11252=LINE('',#14435,#14436);
#11253=FILL_AREA_STYLE_COLOUR('',#14437);
#11254=FILL_AREA_STYLE_COLOUR('',#14438);
#11255=FILL_AREA_STYLE_COLOUR('',#14439);
#11256=FILL_AREA_STYLE_COLOUR('',#14440);
#11257=VERTEX_POINT('',#14441);
#11258=VERTEX_POINT('',#14442);
#11259=LINE('',#14443,#14444);
#11260=VERTEX_POINT('',#14445);
#11261=LINE('',#14446,#14447);
#11262=VERTEX_POINT('',#14448);
#11263=LINE('',#14449,#14450);
#11264=LINE('',#14451,#14452);
#11265=FILL_AREA_STYLE_COLOUR('',#14453);
#11266=VERTEX_POINT('',#14454);
#11267=LINE('',#14455,#14456);
#11268=LINE('',#14457,#14458);
#11269=FILL_AREA_STYLE_COLOUR('',#14459);
#11270=VERTEX_POINT('',#14460);
#11271=LINE('',#14461,#14462);
#11272=LINE('',#14463,#14464);
#11273=FILL_AREA_STYLE_COLOUR('',#14465);
#11274=LINE('',#14466,#14467);
#11275=FILL_AREA_STYLE_COLOUR('',#14468);
#11276=FILL_AREA_STYLE_COLOUR('',#14469);
#11277=COLOUR_RGB('',0.768627464771271,0.780392169952393,0.670588254928589);
#11278=CARTESIAN_POINT('',(0.149999999999996,4.95,-0.646));
#11279=CARTESIAN_POINT('',(-0.150000000000003,4.95,-0.646));
#11280=CARTESIAN_POINT('',(-0.150000000000003,4.95,-0.646));
#11281=VECTOR('',#14470,1.0);
#11282=CARTESIAN_POINT('',(0.149999999999996,4.446,-1.15));
#11283=AXIS2_PLACEMENT_3D('',#14471,#14472,#14473);
#11284=CARTESIAN_POINT('',(-0.150000000000003,4.446,-1.15));
#11285=CARTESIAN_POINT('',(-0.150000000000003,4.446,-1.15));
#11286=VECTOR('',#14474,1000.0);
#11287=AXIS2_PLACEMENT_3D('',#14475,#14476,#14477);
#11288=COLOUR_RGB('',0.768627464771271,0.780392169952393,0.670588254928589);
#11289=CARTESIAN_POINT('',(-0.0776067505345885,3.049335293756,0.349998527211467));
#11290=CARTESIAN_POINT('',(-0.150000000000003,3.05041893024385,0.273207888182886));
#11291=CARTESIAN_POINT('',(-0.115032646060683,3.0498955126477,0.310299267199125));
#11292=VECTOR('',#14478,1.0);
#11293=CARTESIAN_POINT('',(-0.0757804414292793,3.08334531896015,0.346246674162001));
#11294=AXIS2_PLACEMENT_3D('',#14479,#14480,#14481);
#11295=CARTESIAN_POINT('',(-0.15,3.0844562930133,0.267518790372401));
#11296=CARTESIAN_POINT('',(-0.114627046476566,3.08392680409819,0.305040406344211));
#11297=VECTOR('',#14482,1000.0);
#11298=AXIS2_PLACEMENT_3D('',#14483,#14484,#14485);
#11299=COLOUR_RGB('',0.768627464771271,0.780392169952393,0.670588254928589);
#11300=CARTESIAN_POINT('',(0.149999999999996,3.05041893024385,0.273207888182886));
#11301=CARTESIAN_POINT('',(0.077606750534581,3.049335293756,0.349998527211467));
#11302=CARTESIAN_POINT('',(0.115032646060676,3.0498955126477,0.310299267199125));
#11303=VECTOR('',#14486,1.0);
#11304=CARTESIAN_POINT('',(0.149999999999995,3.0844562930133,0.267518790372401));
#11305=AXIS2_PLACEMENT_3D('',#14487,#14488,#14489);
#11306=CARTESIAN_POINT('',(0.0757804414292722,3.08334531896015,0.346246674162001));
#11307=CARTESIAN_POINT('',(0.143742036839056,3.08436261912422,0.274156881543811));
#11308=VECTOR('',#14490,1000.0);
#11309=AXIS2_PLACEMENT_3D('',#14491,#14492,#14493);
#11310=COLOUR_RGB('',0.768627464771271,0.780392169952393,0.670588254928589);
#11311=CARTESIAN_POINT('',(2.15,4.95,-0.646));
#11312=CARTESIAN_POINT('',(1.85,4.95,-0.646));
#11313=CARTESIAN_POINT('',(1.85,4.95,-0.646));
#11314=VECTOR('',#14494,1.0);
#11315=CARTESIAN_POINT('',(2.15,4.446,-1.15));
#11316=AXIS2_PLACEMENT_3D('',#14495,#14496,#14497);
#11317=CARTESIAN_POINT('',(1.85,4.446,-1.15));
#11318=CARTESIAN_POINT('',(1.85,4.446,-1.15));
#11319=VECTOR('',#14498,1000.0);
#11320=AXIS2_PLACEMENT_3D('',#14499,#14500,#14501);
#11321=COLOUR_RGB('',0.768627464771271,0.780392169952393,0.670588254928589);
#11322=CARTESIAN_POINT('',(1.92239324946541,3.049335293756,0.349998527211467));
#11323=CARTESIAN_POINT('',(1.85,3.05041893024385,0.273207888182886));
#11324=CARTESIAN_POINT('',(1.88496735393932,3.0498955126477,0.310299267199125));
#11325=VECTOR('',#14502,1.0);
#11326=CARTESIAN_POINT('',(1.92421955857072,3.08334531896015,0.346246674162001));
#11327=AXIS2_PLACEMENT_3D('',#14503,#14504,#14505);
#11328=CARTESIAN_POINT('',(1.85,3.0844562930133,0.267518790372401));
#11329=CARTESIAN_POINT('',(1.88537295352343,3.08392680409819,0.305040406344211));
#11330=VECTOR('',#14506,1000.0);
#11331=AXIS2_PLACEMENT_3D('',#14507,#14508,#14509);
#11332=COLOUR_RGB('',0.768627464771271,0.780392169952393,0.670588254928589);
#11333=CARTESIAN_POINT('',(2.15,3.05041893024385,0.273207888182886));
#11334=CARTESIAN_POINT('',(2.07760675053458,3.049335293756,0.349998527211467));
#11335=CARTESIAN_POINT('',(2.11503264606068,3.0498955126477,0.310299267199125));
#11336=VECTOR('',#14510,1.0);
#11337=CARTESIAN_POINT('',(2.15,3.0844562930133,0.267518790372401));
#11338=AXIS2_PLACEMENT_3D('',#14511,#14512,#14513);
#11339=CARTESIAN_POINT('',(2.07578044142927,3.08334531896015,0.346246674162001));
#11340=CARTESIAN_POINT('',(2.14374203683906,3.08436261912422,0.274156881543811));
#11341=VECTOR('',#14514,1000.0);
#11342=AXIS2_PLACEMENT_3D('',#14515,#14516,#14517);
#11343=COLOUR_RGB('',0.768627464771271,0.780392169952393,0.670588254928589);
#11344=CARTESIAN_POINT('',(4.15,4.95,-0.646));
#11345=CARTESIAN_POINT('',(3.85,4.95,-0.646));
#11346=CARTESIAN_POINT('',(3.85,4.95,-0.646));
#11347=VECTOR('',#14518,1.0);
#11348=CARTESIAN_POINT('',(4.15,4.446,-1.15));
#11349=AXIS2_PLACEMENT_3D('',#14519,#14520,#14521);
#11350=CARTESIAN_POINT('',(3.85,4.446,-1.15));
#11351=CARTESIAN_POINT('',(3.85,4.446,-1.15));
#11352=VECTOR('',#14522,1000.0);
#11353=AXIS2_PLACEMENT_3D('',#14523,#14524,#14525);
#11354=COLOUR_RGB('',0.768627464771271,0.780392169952393,0.670588254928589);
#11355=CARTESIAN_POINT('',(3.92239324946541,3.049335293756,0.349998527211467));
#11356=CARTESIAN_POINT('',(3.85,3.05041893024385,0.273207888182886));
#11357=CARTESIAN_POINT('',(3.88496735393932,3.0498955126477,0.310299267199125));
#11358=VECTOR('',#14526,1.0);
#11359=CARTESIAN_POINT('',(3.92421955857072,3.08334531896015,0.346246674162001));
#11360=AXIS2_PLACEMENT_3D('',#14527,#14528,#14529);
#11361=CARTESIAN_POINT('',(3.85,3.0844562930133,0.267518790372401));
#11362=CARTESIAN_POINT('',(3.88537295352343,3.08392680409819,0.305040406344211));
#11363=VECTOR('',#14530,1000.0);
#11364=AXIS2_PLACEMENT_3D('',#14531,#14532,#14533);
#11365=COLOUR_RGB('',0.768627464771271,0.780392169952393,0.670588254928589);
#11366=CARTESIAN_POINT('',(4.15,3.05041893024385,0.273207888182886));
#11367=CARTESIAN_POINT('',(4.07760675053458,3.049335293756,0.349998527211467));
#11368=CARTESIAN_POINT('',(4.11503264606068,3.0498955126477,0.310299267199125));
#11369=VECTOR('',#14534,1.0);
#11370=CARTESIAN_POINT('',(4.15,3.0844562930133,0.267518790372401));
#11371=AXIS2_PLACEMENT_3D('',#14535,#14536,#14537);
#11372=CARTESIAN_POINT('',(4.07578044142927,3.08334531896015,0.346246674162001));
#11373=CARTESIAN_POINT('',(4.14374203683906,3.08436261912422,0.274156881543811));
#11374=VECTOR('',#14538,1000.0);
#11375=AXIS2_PLACEMENT_3D('',#14539,#14540,#14541);
#11376=COLOUR_RGB('',0.768627464771271,0.780392169952393,0.670588254928589);
#11377=CARTESIAN_POINT('',(1.15,3.05041893024385,0.273207888182886));
#11378=CARTESIAN_POINT('',(1.07760675053458,3.049335293756,0.349998527211467));
#11379=CARTESIAN_POINT('',(1.11503264606068,3.0498955126477,0.310299267199125));
#11380=VECTOR('',#14542,1.0);
#11381=CARTESIAN_POINT('',(1.15,3.0844562930133,0.267518790372401));
#11382=AXIS2_PLACEMENT_3D('',#14543,#14544,#14545);
#11383=CARTESIAN_POINT('',(1.07578044142927,3.08334531896015,0.346246674162001));
#11384=CARTESIAN_POINT('',(1.14374203683906,3.08436261912421,0.274156881543811));
#11385=VECTOR('',#14546,1000.0);
#11386=AXIS2_PLACEMENT_3D('',#14547,#14548,#14549);
#11387=COLOUR_RGB('',0.768627464771271,0.780392169952393,0.670588254928589);
#11388=CARTESIAN_POINT('',(0.922393249465413,3.049335293756,0.349998527211467));
#11389=CARTESIAN_POINT('',(0.849999999999997,3.05041893024385,0.273207888182886));
#11390=CARTESIAN_POINT('',(0.884967353939318,3.04989551264771,0.310299267199126));
#11391=VECTOR('',#14550,1.0);
#11392=CARTESIAN_POINT('',(0.924219558570723,3.08334531896015,0.346246674162001));
#11393=AXIS2_PLACEMENT_3D('',#14551,#14552,#14553);
#11394=CARTESIAN_POINT('',(0.85,3.0844562930133,0.267518790372401));
#11395=CARTESIAN_POINT('',(0.885372953523433,3.08392680409818,0.305040406344211));
#11396=VECTOR('',#14554,1000.0);
#11397=AXIS2_PLACEMENT_3D('',#14555,#14556,#14557);
#11398=COLOUR_RGB('',0.768627464771271,0.780392169952393,0.670588254928589);
#11399=CARTESIAN_POINT('',(1.15,4.95,-0.646));
#11400=CARTESIAN_POINT('',(0.849999999999997,4.95,-0.646));
#11401=CARTESIAN_POINT('',(0.849999999999997,4.95,-0.646));
#11402=VECTOR('',#14558,1.0);
#11403=CARTESIAN_POINT('',(1.15,4.446,-1.15));
#11404=AXIS2_PLACEMENT_3D('',#14559,#14560,#14561);
#11405=CARTESIAN_POINT('',(0.849999999999997,4.446,-1.15));
#11406=CARTESIAN_POINT('',(0.849999999999997,4.446,-1.15));
#11407=VECTOR('',#14562,1000.0);
#11408=AXIS2_PLACEMENT_3D('',#14563,#14564,#14565);
#11409=COLOUR_RGB('',0.768627464771271,0.780392169952393,0.670588254928589);
#11410=CARTESIAN_POINT('',(3.15,3.05041893024385,0.273207888182886));
#11411=CARTESIAN_POINT('',(3.07760675053458,3.049335293756,0.349998527211467));
#11412=CARTESIAN_POINT('',(3.11503264606068,3.0498955126477,0.310299267199126));
#11413=VECTOR('',#14566,1.0);
#11414=CARTESIAN_POINT('',(3.15,3.0844562930133,0.267518790372401));
#11415=AXIS2_PLACEMENT_3D('',#14567,#14568,#14569);
#11416=CARTESIAN_POINT('',(3.07578044142927,3.08334531896015,0.346246674162001));
#11417=CARTESIAN_POINT('',(3.14374203683906,3.08436261912421,0.274156881543811));
#11418=VECTOR('',#14570,1000.0);
#11419=AXIS2_PLACEMENT_3D('',#14571,#14572,#14573);
#11420=COLOUR_RGB('',0.768627464771271,0.780392169952393,0.670588254928589);
#11421=CARTESIAN_POINT('',(2.92239324946541,3.049335293756,0.349998527211467));
#11422=CARTESIAN_POINT('',(2.85,3.05041893024385,0.273207888182886));
#11423=CARTESIAN_POINT('',(2.88496735393932,3.04989551264771,0.310299267199126));
#11424=VECTOR('',#14574,1.0);
#11425=CARTESIAN_POINT('',(2.92421955857072,3.08334531896015,0.346246674162001));
#11426=AXIS2_PLACEMENT_3D('',#14575,#14576,#14577);
#11427=CARTESIAN_POINT('',(2.85,3.0844562930133,0.267518790372401));
#11428=CARTESIAN_POINT('',(2.88537295352343,3.08392680409818,0.305040406344211));
#11429=VECTOR('',#14578,1000.0);
#11430=AXIS2_PLACEMENT_3D('',#14579,#14580,#14581);
#11431=COLOUR_RGB('',0.768627464771271,0.780392169952393,0.670588254928589);
#11432=CARTESIAN_POINT('',(3.15,4.95,-0.646));
#11433=CARTESIAN_POINT('',(2.85,4.95,-0.646));
#11434=CARTESIAN_POINT('',(2.85,4.95,-0.646));
#11435=VECTOR('',#14582,1.0);
#11436=CARTESIAN_POINT('',(3.15,4.446,-1.15));
#11437=AXIS2_PLACEMENT_3D('',#14583,#14584,#14585);
#11438=CARTESIAN_POINT('',(2.85,4.446,-1.15));
#11439=CARTESIAN_POINT('',(2.85,4.446,-1.15));
#11440=VECTOR('',#14586,1000.0);
#11441=AXIS2_PLACEMENT_3D('',#14587,#14588,#14589);
#11442=COLOUR_RGB('',0.768627464771271,0.780392169952393,0.670588254928589);
#11443=CARTESIAN_POINT('',(5.15,3.05041893024385,0.273207888182886));
#11444=CARTESIAN_POINT('',(5.07760675053458,3.049335293756,0.349998527211467));
#11445=CARTESIAN_POINT('',(5.11503264606068,3.0498955126477,0.310299267199125));
#11446=VECTOR('',#14590,1.0);
#11447=CARTESIAN_POINT('',(5.15,3.0844562930133,0.267518790372401));
#11448=AXIS2_PLACEMENT_3D('',#14591,#14592,#14593);
#11449=CARTESIAN_POINT('',(5.07578044142927,3.08334531896015,0.346246674162001));
#11450=CARTESIAN_POINT('',(5.14374203683906,3.08436261912421,0.274156881543811));
#11451=VECTOR('',#14594,1000.0);
#11452=AXIS2_PLACEMENT_3D('',#14595,#14596,#14597);
#11453=COLOUR_RGB('',0.768627464771271,0.780392169952393,0.670588254928589);
#11454=CARTESIAN_POINT('',(4.92239324946541,3.049335293756,0.349998527211467));
#11455=CARTESIAN_POINT('',(4.85,3.05041893024385,0.273207888182886));
#11456=CARTESIAN_POINT('',(4.88496735393932,3.04989551264771,0.310299267199126));
#11457=VECTOR('',#14598,1.0);
#11458=CARTESIAN_POINT('',(4.92421955857072,3.08334531896015,0.346246674162001));
#11459=AXIS2_PLACEMENT_3D('',#14599,#14600,#14601);
#11460=CARTESIAN_POINT('',(4.85,3.0844562930133,0.267518790372401));
#11461=CARTESIAN_POINT('',(4.88537295352343,3.08392680409818,0.305040406344211));
#11462=VECTOR('',#14602,1000.0);
#11463=AXIS2_PLACEMENT_3D('',#14603,#14604,#14605);
#11464=COLOUR_RGB('',0.768627464771271,0.780392169952393,0.670588254928589);
#11465=CARTESIAN_POINT('',(5.15,4.95,-0.646));
#11466=CARTESIAN_POINT('',(4.85,4.95,-0.646));
#11467=CARTESIAN_POINT('',(4.85,4.95,-0.646));
#11468=VECTOR('',#14606,1.0);
#11469=CARTESIAN_POINT('',(5.15,4.446,-1.15));
#11470=AXIS2_PLACEMENT_3D('',#14607,#14608,#14609);
#11471=CARTESIAN_POINT('',(4.85,4.446,-1.15));
#11472=CARTESIAN_POINT('',(4.85,4.446,-1.15));
#11473=VECTOR('',#14610,1000.0);
#11474=AXIS2_PLACEMENT_3D('',#14611,#14612,#14613);
#11475=COLOUR_RGB('',0.768627464771271,0.780392169952393,0.670588254928589);
#11476=CARTESIAN_POINT('',(5.175,0.5,-1.15));
#11477=CARTESIAN_POINT('',(4.825,0.5,-1.15));
#11478=CARTESIAN_POINT('',(3.675,0.5,-1.15));
#11479=VECTOR('',#14614,1.0);
#11480=CARTESIAN_POINT('',(5.175,0.404000276407946,-1.15));
#11481=CARTESIAN_POINT('',(5.175,-0.0499999999999999,-1.15));
#11482=VECTOR('',#14615,1000.0);
#11483=CARTESIAN_POINT('',(4.825,0.404000276407946,-1.15));
#11484=CARTESIAN_POINT('',(4.85,0.404000276407946,-1.15));
#11485=VECTOR('',#14616,1000.0);
#11486=CARTESIAN_POINT('',(4.825,-1.22,-1.15));
#11487=VECTOR('',#14617,1000.0);
#11488=COLOUR_RGB('',0.768627464771271,0.780392169952393,0.670588254928589);
#11489=CARTESIAN_POINT('',(5.175,0.5,-0.896));
#11490=CARTESIAN_POINT('',(5.175,0.5,-0.7125));
#11491=VECTOR('',#14618,1.0);
#11492=CARTESIAN_POINT('',(5.175,0.33,-0.896));
#11493=CARTESIAN_POINT('',(5.175,0.61,-0.896));
#11494=VECTOR('',#14619,1000.0);
#11495=CARTESIAN_POINT('',(5.175,-0.0499999999999999,-1.276));
#11496=AXIS2_PLACEMENT_3D('',#14620,#14621,#14622);
#11497=CARTESIAN_POINT('',(5.175,-0.0499999999999999,-1.30627676620511));
#11498=CARTESIAN_POINT('',(5.175,-0.0499999999999999,-0.896));
#11499=VECTOR('',#14623,1000.0);
#11500=CARTESIAN_POINT('',(5.175,0.0250000000000001,-1.30627676620511));
#11501=CARTESIAN_POINT('',(5.175,-0.0499999999999999,-1.30627676620511));
#11502=VECTOR('',#14624,1000.0);
#11503=CARTESIAN_POINT('',(5.175,0.0250000000000012,-2.50000038649554));
#11504=CARTESIAN_POINT('',(5.175,0.0250000000000001,-1.15));
#11505=VECTOR('',#14625,1000.0);
#11506=CARTESIAN_POINT('',(5.175,0.204000276407946,-2.50000038649554));
#11507=CARTESIAN_POINT('',(5.175,-0.0499997235920554,-2.50000038649554));
#11508=VECTOR('',#14626,1000.0);
#11509=CARTESIAN_POINT('',(5.175,0.204000276407946,-1.35));
#11510=CARTESIAN_POINT('',(5.175,0.204000276407946,-2.50000038649554));
#11511=VECTOR('',#14627,1000.0);
#11512=AXIS2_PLACEMENT_3D('',#14628,#14629,#14630);
#11513=COLOUR_RGB('',0.768627464771271,0.780392169952393,0.670588254928589);
#11514=CARTESIAN_POINT('',(4.85,4.35,-0.19));
#11515=CARTESIAN_POINT('',(4.85,4.35,-1.15));
#11516=CARTESIAN_POINT('',(4.85,4.35,-0.697903846153846));
#11517=VECTOR('',#14631,1.0);
#11518=CARTESIAN_POINT('',(4.85,3.1,-1.75737481401347E-14));
#11519=CARTESIAN_POINT('',(4.85,4.11828944076066,-0.154779994995624));
#11520=VECTOR('',#14632,1.0);
#11521=CARTESIAN_POINT('',(4.85,2.82260675667544,1.28305784111587E-15));
#11522=CARTESIAN_POINT('',(4.85,3.6855,1.33589481353803E-15));
#11523=VECTOR('',#14633,1.0);
#11524=CARTESIAN_POINT('',(4.85,2.89833676351525,0.22384375012839));
#11525=CARTESIAN_POINT('',(4.85,2.88536107567286,0.185490041363));
#11526=VECTOR('',#14634,1000.0);
#11527=CARTESIAN_POINT('',(4.85,3.0136522143662,0.266519633651201));
#11528=CARTESIAN_POINT('',(4.85,3.07378527154371,0.288773644931051));
#11529=VECTOR('',#14635,1000.0);
#11530=AXIS2_PLACEMENT_3D('',#14636,#14637,#14638);
#11531=CARTESIAN_POINT('',(4.85,4.39895967261276,-0.1771992322256));
#11532=CARTESIAN_POINT('',(4.85,2.88334732391,0.335557248435241));
#11533=VECTOR('',#14639,1000.0);
#11534=CARTESIAN_POINT('',(4.85,4.42299513264374,-0.10615490338016));
#11535=CARTESIAN_POINT('',(4.85,4.42299513264374,-0.10615490338016));
#11536=VECTOR('',#14640,1000.0);
#11537=CARTESIAN_POINT('',(4.85,4.60751829140817,-0.16858211015863));
#11538=CARTESIAN_POINT('',(4.85,3.04775468742765,0.359111463283461));
#11539=VECTOR('',#14641,1000.0);
#11540=AXIS2_PLACEMENT_3D('',#14642,#14643,#14644);
#11541=CARTESIAN_POINT('',(4.85,4.446,-1.15));
#11542=VECTOR('',#14645,1000.0);
#11543=COLOUR_RGB('',0.768627464771271,0.780392169952393,0.670588254928589);
#11544=CARTESIAN_POINT('',(4.9,2.76982281092013,1.27982575660509E-15));
#11545=AXIS2_PLACEMENT_3D('',#14646,#14647,#14648);
#11546=CARTESIAN_POINT('',(4.9,2.85861676185291,0.262458327879871));
#11547=CARTESIAN_POINT('',(4.9,2.46669133599823,-0.896));
#11548=VECTOR('',#14649,1000.0);
#11549=AXIS2_PLACEMENT_3D('',#14650,#14651,#14652);
#11550=COLOUR_RGB('',0.768627464771271,0.780392169952393,0.670588254928589);
#11551=CARTESIAN_POINT('',(5.1,2.76982281092014,1.27982575660509E-15));
#11552=CARTESIAN_POINT('',(5.025,2.76982281092014,1.27982575660509E-15));
#11553=VECTOR('',#14653,1.0);
#11554=CARTESIAN_POINT('',(5.1,2.85861676185291,0.26245832787987));
#11555=CARTESIAN_POINT('',(5.1,2.82598269263606,0.16599811692412));
#11556=VECTOR('',#14654,1000.0);
#11557=CARTESIAN_POINT('',(5.075,2.86892604789141,0.292930651127981));
#11558=CARTESIAN_POINT('',(5.075,2.86892604789141,0.292930651127981));
#11559=VECTOR('',#14655,1000.0);
#11560=CARTESIAN_POINT('',(4.925,2.86892604789141,0.292930651127981));
#11561=CARTESIAN_POINT('',(4.85,2.86892604789141,0.292930651127981));
#11562=VECTOR('',#14656,1000.0);
#11563=CARTESIAN_POINT('',(5.22013726950118,2.9906322291678,0.652671382280171));
#11564=VECTOR('',#14657,1000.0);
#11565=COLOUR_RGB('',0.768627464771271,0.780392169952393,0.670588254928589);
#11566=CARTESIAN_POINT('',(4.825,-0.0499999999999999,-1.31362636043255));
#11567=CARTESIAN_POINT('',(4.9,-0.0499999999999999,-1.31362636043255));
#11568=CARTESIAN_POINT('',(4.825,-0.0499999999999999,-1.31362636043255));
#11569=VECTOR('',#14658,1000.0);
#11570=CARTESIAN_POINT('',(4.825,0.0250000000000001,-1.31362636043255));
#11571=CARTESIAN_POINT('',(4.825,-0.0499999999999999,-1.31362636043255));
#11572=VECTOR('',#14659,1000.0);
#11573=CARTESIAN_POINT('',(4.8625,-0.0124999999999999,-1.31362636043255));
#11574=VECTOR('',#14660,1000.0);
#11575=COLOUR_RGB('',0.768627464771271,0.780392169952393,0.670588254928589);
#11576=CARTESIAN_POINT('',(4.89999981572803,-0.0499998157280369,-2.50000038649554));
#11577=CARTESIAN_POINT('',(4.825,0.0250000000000002,-2.50000038649554));
#11578=CARTESIAN_POINT('',(4.86249986179602,-0.0124998617960279,-2.50000038649554));
#11579=VECTOR('',#14661,1000.0);
#11580=CARTESIAN_POINT('',(4.9,-0.0499999999999999,-2.50000038649554));
#11581=VECTOR('',#14662,1000.0);
#11582=CARTESIAN_POINT('',(4.825,0.0250000000000001,-1.276));
#11583=VECTOR('',#14663,1000.0);
#11584=COLOUR_RGB('',0.768627464771271,0.780392169952393,0.670588254928589);
#11585=CARTESIAN_POINT('',(4.825,0.204000276407946,-2.50000038649554));
#11586=CARTESIAN_POINT('',(4.825,0.204000276407946,-1.35));
#11587=CARTESIAN_POINT('',(4.825,0.204000276407946,-2.50000038649554));
#11588=VECTOR('',#14664,1000.0);
#11589=CARTESIAN_POINT('',(4.825,0.204000276407946,-1.35));
#11590=VECTOR('',#14665,1000.0);
#11591=CARTESIAN_POINT('',(4.825,0.204000276407946,-2.50000038649554));
#11592=VECTOR('',#14666,1000.0);
#11593=COLOUR_RGB('',0.768627464771271,0.780392169952393,0.670588254928589);
#11594=CARTESIAN_POINT('',(5.10000018427196,-0.0499998157280369,-2.50000038649554));
#11595=CARTESIAN_POINT('',(4.825,-0.0499997235920554,-2.50000038649554));
#11596=VECTOR('',#14667,1000.0);
#11597=CARTESIAN_POINT('',(4.825,-0.0499997235920554,-2.50000038649554));
#11598=VECTOR('',#14668,1000.0);
#11599=CARTESIAN_POINT('',(4.96250013820397,-0.187499861796027,-2.50000038649554));
#11600=VECTOR('',#14669,1000.0);
#11601=COLOUR_RGB('',0.768627464771271,0.780392169952393,0.670588254928589);
#11602=CARTESIAN_POINT('',(5.1,-0.0499999999999999,-1.30627676620511));
#11603=CARTESIAN_POINT('',(5.1375,-0.0124999999999999,-1.30627676620511));
#11604=VECTOR('',#14670,1000.0);
#11605=CARTESIAN_POINT('',(5.1,-0.0499999999999999,-0.896));
#11606=VECTOR('',#14671,1000.0);
#11607=COLOUR_RGB('',0.768627464771271,0.780392169952393,0.670588254928589);
#11608=CARTESIAN_POINT('',(5.175,-0.0499999999999999,-1.30627676620511));
#11609=VECTOR('',#14672,1000.0);
#11610=COLOUR_RGB('',0.768627464771271,0.780392169952393,0.670588254928589);
#11611=CARTESIAN_POINT('',(4.825,-0.0499999999999999,-1.276));
#11612=CARTESIAN_POINT('',(4.825,-0.0499999999999999,-0.896));
#11613=VECTOR('',#14673,1000.0);
#11614=CARTESIAN_POINT('',(4.825,-0.0499999999999999,-1.276));
#11615=VECTOR('',#14674,1000.0);
#11616=COLOUR_RGB('',0.768627464771271,0.780392169952393,0.670588254928589);
#11617=CARTESIAN_POINT('',(4.825,0.33,-0.896));
#11618=AXIS2_PLACEMENT_3D('',#14675,#14676,#14677);
#11619=CARTESIAN_POINT('',(5.175,0.33,-0.896));
#11620=VECTOR('',#14678,1000.0);
#11621=COLOUR_RGB('',0.768627464771271,0.780392169952393,0.670588254928589);
#11622=CARTESIAN_POINT('',(4.825,0.5,-0.896));
#11623=CARTESIAN_POINT('',(4.825,0.5,-0.7125));
#11624=VECTOR('',#14679,1.0);
#11625=AXIS2_PLACEMENT_3D('',#14680,#14681,#14682);
#11626=CARTESIAN_POINT('',(4.825,-0.0499999999999999,-0.896));
#11627=VECTOR('',#14683,1000.0);
#11628=COLOUR_RGB('',0.768627464771271,0.780392169952393,0.670588254928589);
#11629=COLOUR_RGB('',0.768627464771271,0.780392169952393,0.670588254928589);
#11630=CARTESIAN_POINT('',(3.675,0.5,-0.896));
#11631=VECTOR('',#14684,1.0);
#11632=COLOUR_RGB('',0.768627464771271,0.780392169952393,0.670588254928589);
#11633=CARTESIAN_POINT('',(5.15,4.35,-1.15));
#11634=CARTESIAN_POINT('',(4.815,4.35,-1.15));
#11635=VECTOR('',#14685,1.0);
#11636=CARTESIAN_POINT('',(5.15,4.446,-1.15));
#11637=VECTOR('',#14686,1000.0);
#11638=COLOUR_RGB('',0.768627464771271,0.780392169952393,0.670588254928589);
#11639=CARTESIAN_POINT('',(4.925,3.09807092006195,0.342088657690881));
#11640=CARTESIAN_POINT('',(4.925,4.42299513264374,-0.10615490338016));
#11641=CARTESIAN_POINT('',(4.925,2.90738278394097,0.406601577280681));
#11642=VECTOR('',#14687,1000.0);
#11643=CARTESIAN_POINT('',(5.07499999999999,3.09807092006195,0.342088657690881));
#11644=CARTESIAN_POINT('',(4.85,3.09807092006195,0.342088657690881));
#11645=VECTOR('',#14688,1000.0);
#11646=CARTESIAN_POINT('',(5.07499999999999,4.42299513264374,-0.10615490338016));
#11647=CARTESIAN_POINT('',(5.07499999999999,2.90738278394097,0.406601577280691));
#11648=VECTOR('',#14689,1000.0);
#11649=CARTESIAN_POINT('',(5.15,4.42299513264374,-0.10615490338016));
#11650=CARTESIAN_POINT('',(5.07499999999999,4.42299513264374,-0.10615490338016));
#11651=VECTOR('',#14690,1000.0);
#11652=CARTESIAN_POINT('',(5.15,4.60751829140817,-0.16858211015863));
#11653=CARTESIAN_POINT('',(5.15,3.09807092006195,0.342088657690881));
#11654=VECTOR('',#14691,1000.0);
#11655=CARTESIAN_POINT('',(4.85,4.60751829140817,-0.16858211015863));
#11656=VECTOR('',#14692,1000.0);
#11657=CARTESIAN_POINT('',(4.925,4.42299513264374,-0.10615490338016));
#11658=VECTOR('',#14693,1000.0);
#11659=COLOUR_RGB('',0.768627464771271,0.780392169952393,0.670588254928589);
#11660=CARTESIAN_POINT('',(4.925,2.99793883176789,0.340675636704831));
#11661=CARTESIAN_POINT('',(4.925,2.86892604789141,0.292930651127981));
#11662=VECTOR('',#14694,1000.0);
#11663=CARTESIAN_POINT('',(4.92421955857072,3.01254124031305,0.345247517440801));
#11664=AXIS2_PLACEMENT_3D('',#14695,#14696,#14697);
#11665=CARTESIAN_POINT('',(5.02104412586451,3.01109189752467,0.447953508000151));
#11666=VECTOR('',#14698,1000.0);
#11667=COLOUR_RGB('',0.768627464771271,0.780392169952393,0.670588254928589);
#11668=AXIS2_PLACEMENT_3D('',#14699,#14700,#14701);
#11669=COLOUR_RGB('',0.768627464771271,0.780392169952393,0.670588254928589);
#11670=CARTESIAN_POINT('',(5.075,2.99793883176789,0.340675636704831));
#11671=CARTESIAN_POINT('',(5.075,2.86892604789141,0.292930651127981));
#11672=VECTOR('',#14702,1000.0);
#11673=CARTESIAN_POINT('',(4.85,2.9979388317679,0.340675636704831));
#11674=VECTOR('',#14703,1000.0);
#11675=COLOUR_RGB('',0.768627464771271,0.780392169952393,0.670588254928589);
#11676=CARTESIAN_POINT('',(5.15,4.35,-0.19));
#11677=CARTESIAN_POINT('',(5.15,4.35,-0.697903846153846));
#11678=VECTOR('',#14704,1.0);
#11679=CARTESIAN_POINT('',(5.15,4.39895967261276,-0.1771992322256));
#11680=CARTESIAN_POINT('',(5.15,4.42299513264374,-0.10615490338016));
#11681=VECTOR('',#14705,1000.0);
#11682=CARTESIAN_POINT('',(5.15,2.88334732391,0.335557248435241));
#11683=VECTOR('',#14706,1000.0);
#11684=CARTESIAN_POINT('',(5.15,3.0136522143662,0.266519633651201));
#11685=AXIS2_PLACEMENT_3D('',#14707,#14708,#14709);
#11686=CARTESIAN_POINT('',(5.15,2.89833676351525,0.22384375012839));
#11687=CARTESIAN_POINT('',(5.15,3.97643376209665,0.622825340177581));
#11688=VECTOR('',#14710,1000.0);
#11689=CARTESIAN_POINT('',(5.15,2.82260675667544,1.28305784111587E-15));
#11690=CARTESIAN_POINT('',(5.15,2.79322737842976,-0.08683995258133));
#11691=VECTOR('',#14711,1000.0);
#11692=CARTESIAN_POINT('',(5.15,3.1,-1.75737481401347E-14));
#11693=CARTESIAN_POINT('',(5.15,3.6855,1.33589481353803E-15));
#11694=VECTOR('',#14712,1.0);
#11695=CARTESIAN_POINT('',(5.15,4.11828944076066,-0.154779994995624));
#11696=VECTOR('',#14713,1.0);
#11697=COLOUR_RGB('',0.768627464771271,0.780392169952393,0.670588254928589);
#11698=AXIS2_PLACEMENT_3D('',#14714,#14715,#14716);
#11699=CARTESIAN_POINT('',(5.07578044142927,3.01254124031305,0.345247517440801));
#11700=CARTESIAN_POINT('',(5.06874203683906,3.01243588419094,0.352713456464341));
#11701=VECTOR('',#14717,1000.0);
#11702=AXIS2_PLACEMENT_3D('',#14718,#14719,#14720);
#11703=COLOUR_RGB('',0.768627464771271,0.780392169952393,0.670588254928589);
#11704=AXIS2_PLACEMENT_3D('',#14721,#14722,#14723);
#11705=CARTESIAN_POINT('',(4.85,4.39895967261276,-0.1771992322256));
#11706=VECTOR('',#14724,1000.0);
#11707=COLOUR_RGB('',0.768627464771271,0.780392169952393,0.670588254928589);
#11708=COLOUR_RGB('',0.768627464771271,0.780392169952393,0.670588254928589);
#11709=AXIS2_PLACEMENT_3D('',#14725,#14726,#14727);
#11710=CARTESIAN_POINT('',(5.15,4.39895967261276,-0.1771992322256));
#11711=VECTOR('',#14728,1000.0);
#11712=COLOUR_RGB('',0.768627464771271,0.780392169952393,0.670588254928589);
#11713=COLOUR_RGB('',0.768627464771271,0.780392169952393,0.670588254928589);
#11714=AXIS2_PLACEMENT_3D('',#14729,#14730,#14731);
#11715=COLOUR_RGB('',0.768627464771271,0.780392169952393,0.670588254928589);
#11716=AXIS2_PLACEMENT_3D('',#14732,#14733,#14734);
#11717=COLOUR_RGB('',0.768627464771271,0.780392169952393,0.670588254928589);
#11718=COLOUR_RGB('',0.768627464771271,0.780392169952393,0.670588254928589);
#11719=AXIS2_PLACEMENT_3D('',#14735,#14736,#14737);
#11720=COLOUR_RGB('',0.960784316062927,0.95686274766922,0.933333337306976);
#11721=CARTESIAN_POINT('',(5.22,4.35,-0.19));
#11722=CARTESIAN_POINT('',(4.78,4.35,-0.19));
#11723=VECTOR('',#14738,1.0);
#11724=CARTESIAN_POINT('',(5.22,4.35,-1.30961538461538));
#11725=CARTESIAN_POINT('',(5.22,4.35,-0.19));
#11726=VECTOR('',#14739,1.0);
#11727=CARTESIAN_POINT('',(4.78,4.35,-1.30961538461538));
#11728=CARTESIAN_POINT('',(4.78,4.35,-1.30961538461538));
#11729=VECTOR('',#14740,1.0);
#11730=CARTESIAN_POINT('',(4.78,4.35,-0.19));
#11731=CARTESIAN_POINT('',(4.78,4.35,-0.19));
#11732=VECTOR('',#14741,1.0);
#11733=CARTESIAN_POINT('',(4.78,4.35,-0.19));
#11734=VECTOR('',#14742,1.0);
#11735=COLOUR_RGB('',0.960784316062927,0.95686274766922,0.933333337306976);
#11736=CARTESIAN_POINT('',(5.22,3.1,-1.75737481401347E-14));
#11737=CARTESIAN_POINT('',(4.99,3.1,-1.75737481401347E-14));
#11738=VECTOR('',#14743,1.0);
#11739=CARTESIAN_POINT('',(5.22,3.1,-1.75737481401347E-14));
#11740=VECTOR('',#14744,1.0);
#11741=COLOUR_RGB('',0.768627464771271,0.780392169952393,0.670588254928589);
#11742=CARTESIAN_POINT('',(3.175,0.5,-1.15));
#11743=CARTESIAN_POINT('',(2.825,0.5,-1.15));
#11744=CARTESIAN_POINT('',(2.675,0.5,-1.15));
#11745=VECTOR('',#14745,1.0);
#11746=CARTESIAN_POINT('',(3.175,0.404000276407946,-1.15));
#11747=CARTESIAN_POINT('',(3.175,-0.0499999999999999,-1.15));
#11748=VECTOR('',#14746,1000.0);
#11749=CARTESIAN_POINT('',(2.825,0.404000276407946,-1.15));
#11750=CARTESIAN_POINT('',(2.85,0.404000276407946,-1.15));
#11751=VECTOR('',#14747,1000.0);
#11752=CARTESIAN_POINT('',(2.825,-1.22,-1.15));
#11753=VECTOR('',#14748,1000.0);
#11754=COLOUR_RGB('',0.768627464771271,0.780392169952393,0.670588254928589);
#11755=CARTESIAN_POINT('',(3.175,0.5,-0.896));
#11756=CARTESIAN_POINT('',(3.175,0.5,-0.7125));
#11757=VECTOR('',#14749,1.0);
#11758=CARTESIAN_POINT('',(3.175,0.33,-0.896));
#11759=CARTESIAN_POINT('',(3.175,0.61,-0.896));
#11760=VECTOR('',#14750,1000.0);
#11761=CARTESIAN_POINT('',(3.175,-0.0499999999999999,-1.276));
#11762=AXIS2_PLACEMENT_3D('',#14751,#14752,#14753);
#11763=CARTESIAN_POINT('',(3.175,-0.0499999999999999,-1.30627676620511));
#11764=CARTESIAN_POINT('',(3.175,-0.0499999999999999,-0.896));
#11765=VECTOR('',#14754,1000.0);
#11766=CARTESIAN_POINT('',(3.175,0.0250000000000001,-1.30627676620511));
#11767=CARTESIAN_POINT('',(3.175,-0.0499999999999999,-1.30627676620511));
#11768=VECTOR('',#14755,1000.0);
#11769=CARTESIAN_POINT('',(3.175,0.0250000000000012,-2.50000038649554));
#11770=CARTESIAN_POINT('',(3.175,0.0250000000000001,-1.15));
#11771=VECTOR('',#14756,1000.0);
#11772=CARTESIAN_POINT('',(3.175,0.204000276407946,-2.50000038649554));
#11773=CARTESIAN_POINT('',(3.175,-0.0499997235920554,-2.50000038649554));
#11774=VECTOR('',#14757,1000.0);
#11775=CARTESIAN_POINT('',(3.175,0.204000276407946,-1.35));
#11776=CARTESIAN_POINT('',(3.175,0.204000276407946,-2.50000038649554));
#11777=VECTOR('',#14758,1000.0);
#11778=AXIS2_PLACEMENT_3D('',#14759,#14760,#14761);
#11779=COLOUR_RGB('',0.768627464771271,0.780392169952393,0.670588254928589);
#11780=CARTESIAN_POINT('',(2.85,4.35,-0.19));
#11781=CARTESIAN_POINT('',(2.85,4.35,-1.15));
#11782=CARTESIAN_POINT('',(2.85,4.35,-0.697903846153846));
#11783=VECTOR('',#14762,1.0);
#11784=CARTESIAN_POINT('',(2.85,3.1,-1.75737481401347E-14));
#11785=CARTESIAN_POINT('',(2.85,4.11828944076066,-0.154779994995624));
#11786=VECTOR('',#14763,1.0);
#11787=CARTESIAN_POINT('',(2.85,2.82260675667544,1.28305784111587E-15));
#11788=CARTESIAN_POINT('',(2.85,3.6855,1.33589481353803E-15));
#11789=VECTOR('',#14764,1.0);
#11790=CARTESIAN_POINT('',(2.85,2.89833676351525,0.22384375012839));
#11791=CARTESIAN_POINT('',(2.85,2.88536107567286,0.185490041363));
#11792=VECTOR('',#14765,1000.0);
#11793=CARTESIAN_POINT('',(2.85,3.0136522143662,0.266519633651201));
#11794=CARTESIAN_POINT('',(2.85,3.07378527154371,0.288773644931051));
#11795=VECTOR('',#14766,1000.0);
#11796=AXIS2_PLACEMENT_3D('',#14767,#14768,#14769);
#11797=CARTESIAN_POINT('',(2.85,4.39895967261276,-0.1771992322256));
#11798=CARTESIAN_POINT('',(2.85,2.88334732391,0.335557248435241));
#11799=VECTOR('',#14770,1000.0);
#11800=CARTESIAN_POINT('',(2.85,4.42299513264374,-0.10615490338016));
#11801=CARTESIAN_POINT('',(2.85,4.42299513264374,-0.10615490338016));
#11802=VECTOR('',#14771,1000.0);
#11803=CARTESIAN_POINT('',(2.85,4.60751829140817,-0.16858211015863));
#11804=CARTESIAN_POINT('',(2.85,3.04775468742765,0.359111463283461));
#11805=VECTOR('',#14772,1000.0);
#11806=AXIS2_PLACEMENT_3D('',#14773,#14774,#14775);
#11807=CARTESIAN_POINT('',(2.85,4.446,-1.15));
#11808=VECTOR('',#14776,1000.0);
#11809=COLOUR_RGB('',0.768627464771271,0.780392169952393,0.670588254928589);
#11810=CARTESIAN_POINT('',(2.9,2.76982281092013,1.27982575660509E-15));
#11811=AXIS2_PLACEMENT_3D('',#14777,#14778,#14779);
#11812=CARTESIAN_POINT('',(2.9,2.85861676185291,0.262458327879871));
#11813=CARTESIAN_POINT('',(2.9,2.46669133599823,-0.896));
#11814=VECTOR('',#14780,1000.0);
#11815=AXIS2_PLACEMENT_3D('',#14781,#14782,#14783);
#11816=COLOUR_RGB('',0.768627464771271,0.780392169952393,0.670588254928589);
#11817=CARTESIAN_POINT('',(3.1,2.76982281092014,1.27982575660509E-15));
#11818=CARTESIAN_POINT('',(4.025,2.76982281092014,1.27982575660509E-15));
#11819=VECTOR('',#14784,1.0);
#11820=CARTESIAN_POINT('',(3.1,2.85861676185291,0.26245832787987));
#11821=CARTESIAN_POINT('',(3.1,2.82598269263606,0.16599811692412));
#11822=VECTOR('',#14785,1000.0);
#11823=CARTESIAN_POINT('',(3.075,2.86892604789141,0.292930651127981));
#11824=CARTESIAN_POINT('',(3.075,2.86892604789141,0.292930651127981));
#11825=VECTOR('',#14786,1000.0);
#11826=CARTESIAN_POINT('',(2.925,2.86892604789141,0.292930651127981));
#11827=CARTESIAN_POINT('',(2.85,2.86892604789141,0.292930651127981));
#11828=VECTOR('',#14787,1000.0);
#11829=CARTESIAN_POINT('',(3.22013726950118,2.9906322291678,0.652671382280171));
#11830=VECTOR('',#14788,1000.0);
#11831=COLOUR_RGB('',0.768627464771271,0.780392169952393,0.670588254928589);
#11832=CARTESIAN_POINT('',(2.825,-0.0499999999999999,-1.31362636043255));
#11833=CARTESIAN_POINT('',(2.9,-0.0499999999999999,-1.31362636043255));
#11834=CARTESIAN_POINT('',(2.825,-0.0499999999999999,-1.31362636043255));
#11835=VECTOR('',#14789,1000.0);
#11836=CARTESIAN_POINT('',(2.825,0.0250000000000001,-1.31362636043255));
#11837=CARTESIAN_POINT('',(2.825,-0.0499999999999999,-1.31362636043255));
#11838=VECTOR('',#14790,1000.0);
#11839=CARTESIAN_POINT('',(2.8625,-0.0124999999999999,-1.31362636043255));
#11840=VECTOR('',#14791,1000.0);
#11841=COLOUR_RGB('',0.768627464771271,0.780392169952393,0.670588254928589);
#11842=CARTESIAN_POINT('',(2.89999981572803,-0.0499998157280369,-2.50000038649554));
#11843=CARTESIAN_POINT('',(2.825,0.0250000000000002,-2.50000038649554));
#11844=CARTESIAN_POINT('',(2.86249986179602,-0.0124998617960279,-2.50000038649554));
#11845=VECTOR('',#14792,1000.0);
#11846=CARTESIAN_POINT('',(2.9,-0.0499999999999999,-2.50000038649554));
#11847=VECTOR('',#14793,1000.0);
#11848=CARTESIAN_POINT('',(2.825,0.0250000000000001,-1.276));
#11849=VECTOR('',#14794,1000.0);
#11850=COLOUR_RGB('',0.768627464771271,0.780392169952393,0.670588254928589);
#11851=CARTESIAN_POINT('',(2.825,0.204000276407946,-2.50000038649554));
#11852=CARTESIAN_POINT('',(2.825,0.204000276407946,-1.35));
#11853=CARTESIAN_POINT('',(2.825,0.204000276407946,-2.50000038649554));
#11854=VECTOR('',#14795,1000.0);
#11855=CARTESIAN_POINT('',(2.825,0.204000276407946,-1.35));
#11856=VECTOR('',#14796,1000.0);
#11857=CARTESIAN_POINT('',(2.825,0.204000276407946,-2.50000038649554));
#11858=VECTOR('',#14797,1000.0);
#11859=COLOUR_RGB('',0.768627464771271,0.780392169952393,0.670588254928589);
#11860=CARTESIAN_POINT('',(3.10000018427196,-0.0499998157280369,-2.50000038649554));
#11861=CARTESIAN_POINT('',(2.825,-0.0499997235920554,-2.50000038649554));
#11862=VECTOR('',#14798,1000.0);
#11863=CARTESIAN_POINT('',(2.825,-0.0499997235920554,-2.50000038649554));
#11864=VECTOR('',#14799,1000.0);
#11865=CARTESIAN_POINT('',(2.96250013820397,-0.187499861796027,-2.50000038649554));
#11866=VECTOR('',#14800,1000.0);
#11867=COLOUR_RGB('',0.768627464771271,0.780392169952393,0.670588254928589);
#11868=CARTESIAN_POINT('',(3.1,-0.0499999999999999,-1.30627676620511));
#11869=CARTESIAN_POINT('',(3.1375,-0.0124999999999999,-1.30627676620511));
#11870=VECTOR('',#14801,1000.0);
#11871=CARTESIAN_POINT('',(3.1,-0.0499999999999999,-0.896));
#11872=VECTOR('',#14802,1000.0);
#11873=COLOUR_RGB('',0.768627464771271,0.780392169952393,0.670588254928589);
#11874=CARTESIAN_POINT('',(3.175,-0.0499999999999999,-1.30627676620511));
#11875=VECTOR('',#14803,1000.0);
#11876=COLOUR_RGB('',0.768627464771271,0.780392169952393,0.670588254928589);
#11877=CARTESIAN_POINT('',(2.825,-0.0499999999999999,-1.276));
#11878=CARTESIAN_POINT('',(2.825,-0.0499999999999999,-0.896));
#11879=VECTOR('',#14804,1000.0);
#11880=CARTESIAN_POINT('',(2.825,-0.0499999999999999,-1.276));
#11881=VECTOR('',#14805,1000.0);
#11882=COLOUR_RGB('',0.768627464771271,0.780392169952393,0.670588254928589);
#11883=CARTESIAN_POINT('',(2.825,0.33,-0.896));
#11884=AXIS2_PLACEMENT_3D('',#14806,#14807,#14808);
#11885=CARTESIAN_POINT('',(3.175,0.33,-0.896));
#11886=VECTOR('',#14809,1000.0);
#11887=COLOUR_RGB('',0.768627464771271,0.780392169952393,0.670588254928589);
#11888=CARTESIAN_POINT('',(2.825,0.5,-0.896));
#11889=CARTESIAN_POINT('',(2.825,0.5,-0.7125));
#11890=VECTOR('',#14810,1.0);
#11891=AXIS2_PLACEMENT_3D('',#14811,#14812,#14813);
#11892=CARTESIAN_POINT('',(2.825,-0.0499999999999999,-0.896));
#11893=VECTOR('',#14814,1000.0);
#11894=COLOUR_RGB('',0.768627464771271,0.780392169952393,0.670588254928589);
#11895=COLOUR_RGB('',0.768627464771271,0.780392169952393,0.670588254928589);
#11896=CARTESIAN_POINT('',(2.675,0.5,-0.896));
#11897=VECTOR('',#14815,1.0);
#11898=COLOUR_RGB('',0.768627464771271,0.780392169952393,0.670588254928589);
#11899=CARTESIAN_POINT('',(3.15,4.35,-1.15));
#11900=CARTESIAN_POINT('',(2.815,4.35,-1.15));
#11901=VECTOR('',#14816,1.0);
#11902=CARTESIAN_POINT('',(3.15,4.446,-1.15));
#11903=VECTOR('',#14817,1000.0);
#11904=COLOUR_RGB('',0.768627464771271,0.780392169952393,0.670588254928589);
#11905=CARTESIAN_POINT('',(2.925,3.09807092006195,0.342088657690881));
#11906=CARTESIAN_POINT('',(2.925,4.42299513264374,-0.10615490338016));
#11907=CARTESIAN_POINT('',(2.925,2.90738278394097,0.406601577280681));
#11908=VECTOR('',#14818,1000.0);
#11909=CARTESIAN_POINT('',(3.07499999999999,3.09807092006195,0.342088657690881));
#11910=CARTESIAN_POINT('',(2.85,3.09807092006195,0.342088657690881));
#11911=VECTOR('',#14819,1000.0);
#11912=CARTESIAN_POINT('',(3.07499999999999,4.42299513264374,-0.10615490338016));
#11913=CARTESIAN_POINT('',(3.07499999999999,2.90738278394097,0.406601577280691));
#11914=VECTOR('',#14820,1000.0);
#11915=CARTESIAN_POINT('',(3.15,4.42299513264374,-0.10615490338016));
#11916=CARTESIAN_POINT('',(3.07499999999999,4.42299513264374,-0.10615490338016));
#11917=VECTOR('',#14821,1000.0);
#11918=CARTESIAN_POINT('',(3.15,4.60751829140817,-0.16858211015863));
#11919=CARTESIAN_POINT('',(3.15,3.09807092006195,0.342088657690881));
#11920=VECTOR('',#14822,1000.0);
#11921=CARTESIAN_POINT('',(2.85,4.60751829140817,-0.16858211015863));
#11922=VECTOR('',#14823,1000.0);
#11923=CARTESIAN_POINT('',(2.925,4.42299513264374,-0.10615490338016));
#11924=VECTOR('',#14824,1000.0);
#11925=COLOUR_RGB('',0.768627464771271,0.780392169952393,0.670588254928589);
#11926=CARTESIAN_POINT('',(2.925,2.99793883176789,0.340675636704831));
#11927=CARTESIAN_POINT('',(2.925,2.86892604789141,0.292930651127981));
#11928=VECTOR('',#14825,1000.0);
#11929=CARTESIAN_POINT('',(2.92421955857072,3.01254124031305,0.345247517440801));
#11930=AXIS2_PLACEMENT_3D('',#14826,#14827,#14828);
#11931=CARTESIAN_POINT('',(3.02104412586451,3.01109189752467,0.447953508000151));
#11932=VECTOR('',#14829,1000.0);
#11933=COLOUR_RGB('',0.768627464771271,0.780392169952393,0.670588254928589);
#11934=AXIS2_PLACEMENT_3D('',#14830,#14831,#14832);
#11935=COLOUR_RGB('',0.768627464771271,0.780392169952393,0.670588254928589);
#11936=CARTESIAN_POINT('',(3.075,2.99793883176789,0.340675636704831));
#11937=CARTESIAN_POINT('',(3.075,2.86892604789141,0.292930651127981));
#11938=VECTOR('',#14833,1000.0);
#11939=CARTESIAN_POINT('',(2.85,2.9979388317679,0.340675636704831));
#11940=VECTOR('',#14834,1000.0);
#11941=COLOUR_RGB('',0.768627464771271,0.780392169952393,0.670588254928589);
#11942=CARTESIAN_POINT('',(3.15,4.35,-0.19));
#11943=CARTESIAN_POINT('',(3.15,4.35,-0.697903846153846));
#11944=VECTOR('',#14835,1.0);
#11945=CARTESIAN_POINT('',(3.15,4.39895967261276,-0.1771992322256));
#11946=CARTESIAN_POINT('',(3.15,4.42299513264374,-0.10615490338016));
#11947=VECTOR('',#14836,1000.0);
#11948=CARTESIAN_POINT('',(3.15,2.88334732391,0.335557248435241));
#11949=VECTOR('',#14837,1000.0);
#11950=CARTESIAN_POINT('',(3.15,3.0136522143662,0.266519633651201));
#11951=AXIS2_PLACEMENT_3D('',#14838,#14839,#14840);
#11952=CARTESIAN_POINT('',(3.15,2.89833676351525,0.22384375012839));
#11953=CARTESIAN_POINT('',(3.15,3.97643376209665,0.622825340177581));
#11954=VECTOR('',#14841,1000.0);
#11955=CARTESIAN_POINT('',(3.15,2.82260675667544,1.28305784111587E-15));
#11956=CARTESIAN_POINT('',(3.15,2.79322737842976,-0.08683995258133));
#11957=VECTOR('',#14842,1000.0);
#11958=CARTESIAN_POINT('',(3.15,3.1,-1.75737481401347E-14));
#11959=CARTESIAN_POINT('',(3.15,3.6855,1.33589481353803E-15));
#11960=VECTOR('',#14843,1.0);
#11961=CARTESIAN_POINT('',(3.15,4.11828944076066,-0.154779994995624));
#11962=VECTOR('',#14844,1.0);
#11963=COLOUR_RGB('',0.768627464771271,0.780392169952393,0.670588254928589);
#11964=AXIS2_PLACEMENT_3D('',#14845,#14846,#14847);
#11965=CARTESIAN_POINT('',(3.07578044142927,3.01254124031305,0.345247517440801));
#11966=CARTESIAN_POINT('',(3.06874203683906,3.01243588419094,0.352713456464341));
#11967=VECTOR('',#14848,1000.0);
#11968=AXIS2_PLACEMENT_3D('',#14849,#14850,#14851);
#11969=COLOUR_RGB('',0.768627464771271,0.780392169952393,0.670588254928589);
#11970=AXIS2_PLACEMENT_3D('',#14852,#14853,#14854);
#11971=CARTESIAN_POINT('',(2.85,4.39895967261276,-0.1771992322256));
#11972=VECTOR('',#14855,1000.0);
#11973=COLOUR_RGB('',0.768627464771271,0.780392169952393,0.670588254928589);
#11974=COLOUR_RGB('',0.768627464771271,0.780392169952393,0.670588254928589);
#11975=AXIS2_PLACEMENT_3D('',#14856,#14857,#14858);
#11976=CARTESIAN_POINT('',(3.15,4.39895967261276,-0.1771992322256));
#11977=VECTOR('',#14859,1000.0);
#11978=COLOUR_RGB('',0.768627464771271,0.780392169952393,0.670588254928589);
#11979=COLOUR_RGB('',0.768627464771271,0.780392169952393,0.670588254928589);
#11980=AXIS2_PLACEMENT_3D('',#14860,#14861,#14862);
#11981=COLOUR_RGB('',0.768627464771271,0.780392169952393,0.670588254928589);
#11982=AXIS2_PLACEMENT_3D('',#14863,#14864,#14865);
#11983=COLOUR_RGB('',0.768627464771271,0.780392169952393,0.670588254928589);
#11984=COLOUR_RGB('',0.768627464771271,0.780392169952393,0.670588254928589);
#11985=AXIS2_PLACEMENT_3D('',#14866,#14867,#14868);
#11986=COLOUR_RGB('',0.960784316062927,0.95686274766922,0.933333337306976);
#11987=CARTESIAN_POINT('',(3.22,4.35,-0.19));
#11988=CARTESIAN_POINT('',(2.78,4.35,-0.19));
#11989=VECTOR('',#14869,1.0);
#11990=CARTESIAN_POINT('',(3.22,4.35,-1.30961538461538));
#11991=CARTESIAN_POINT('',(3.22,4.35,-0.19));
#11992=VECTOR('',#14870,1.0);
#11993=CARTESIAN_POINT('',(2.78,4.35,-1.30961538461538));
#11994=CARTESIAN_POINT('',(2.78,4.35,-1.30961538461538));
#11995=VECTOR('',#14871,1.0);
#11996=CARTESIAN_POINT('',(2.78,4.35,-0.19));
#11997=CARTESIAN_POINT('',(2.78,4.35,-0.19));
#11998=VECTOR('',#14872,1.0);
#11999=CARTESIAN_POINT('',(2.78,4.35,-0.19));
#12000=VECTOR('',#14873,1.0);
#12001=COLOUR_RGB('',0.960784316062927,0.95686274766922,0.933333337306976);
#12002=CARTESIAN_POINT('',(3.22,3.1,-1.75737481401347E-14));
#12003=CARTESIAN_POINT('',(3.99,3.1,-1.75737481401347E-14));
#12004=VECTOR('',#14874,1.0);
#12005=CARTESIAN_POINT('',(3.22,3.1,-1.75737481401347E-14));
#12006=VECTOR('',#14875,1.0);
#12007=COLOUR_RGB('',0.768627464771271,0.780392169952393,0.670588254928589);
#12008=CARTESIAN_POINT('',(1.175,0.5,-1.15));
#12009=CARTESIAN_POINT('',(0.824999999999997,0.5,-1.15));
#12010=CARTESIAN_POINT('',(1.675,0.5,-1.15));
#12011=VECTOR('',#14876,1.0);
#12012=CARTESIAN_POINT('',(1.175,0.404000276407946,-1.15));
#12013=CARTESIAN_POINT('',(1.175,-0.0499999999999999,-1.15));
#12014=VECTOR('',#14877,1000.0);
#12015=CARTESIAN_POINT('',(0.824999999999997,0.404000276407946,-1.15));
#12016=CARTESIAN_POINT('',(0.849999999999997,0.404000276407946,-1.15));
#12017=VECTOR('',#14878,1000.0);
#12018=CARTESIAN_POINT('',(0.824999999999997,-1.22,-1.15));
#12019=VECTOR('',#14879,1000.0);
#12020=COLOUR_RGB('',0.768627464771271,0.780392169952393,0.670588254928589);
#12021=CARTESIAN_POINT('',(1.175,0.5,-0.896));
#12022=CARTESIAN_POINT('',(1.175,0.5,-0.7125));
#12023=VECTOR('',#14880,1.0);
#12024=CARTESIAN_POINT('',(1.175,0.33,-0.896));
#12025=CARTESIAN_POINT('',(1.175,0.61,-0.896));
#12026=VECTOR('',#14881,1000.0);
#12027=CARTESIAN_POINT('',(1.175,-0.0499999999999999,-1.276));
#12028=AXIS2_PLACEMENT_3D('',#14882,#14883,#14884);
#12029=CARTESIAN_POINT('',(1.175,-0.0499999999999999,-1.30627676620511));
#12030=CARTESIAN_POINT('',(1.175,-0.0499999999999999,-0.896));
#12031=VECTOR('',#14885,1000.0);
#12032=CARTESIAN_POINT('',(1.175,0.0250000000000001,-1.30627676620511));
#12033=CARTESIAN_POINT('',(1.175,-0.0499999999999999,-1.30627676620511));
#12034=VECTOR('',#14886,1000.0);
#12035=CARTESIAN_POINT('',(1.175,0.0250000000000012,-2.50000038649554));
#12036=CARTESIAN_POINT('',(1.175,0.0250000000000001,-1.15));
#12037=VECTOR('',#14887,1000.0);
#12038=CARTESIAN_POINT('',(1.175,0.204000276407946,-2.50000038649554));
#12039=CARTESIAN_POINT('',(1.175,-0.0499997235920554,-2.50000038649554));
#12040=VECTOR('',#14888,1000.0);
#12041=CARTESIAN_POINT('',(1.175,0.204000276407946,-1.35));
#12042=CARTESIAN_POINT('',(1.175,0.204000276407946,-2.50000038649554));
#12043=VECTOR('',#14889,1000.0);
#12044=AXIS2_PLACEMENT_3D('',#14890,#14891,#14892);
#12045=COLOUR_RGB('',0.768627464771271,0.780392169952393,0.670588254928589);
#12046=CARTESIAN_POINT('',(0.849999999999997,4.35,-0.19));
#12047=CARTESIAN_POINT('',(0.849999999999997,4.35,-1.15));
#12048=CARTESIAN_POINT('',(0.849999999999997,4.35,-0.697903846153846));
#12049=VECTOR('',#14893,1.0);
#12050=CARTESIAN_POINT('',(0.849999999999997,3.1,-1.75737481401347E-14));
#12051=CARTESIAN_POINT('',(0.849999999999997,4.11828944076066,-0.154779994995624));
#12052=VECTOR('',#14894,1.0);
#12053=CARTESIAN_POINT('',(0.849999999999997,2.82260675667544,1.28305784111587E-15));
#12054=CARTESIAN_POINT('',(0.849999999999997,3.6855,1.33589481353803E-15));
#12055=VECTOR('',#14895,1.0);
#12056=CARTESIAN_POINT('',(0.849999999999997,2.89833676351525,0.22384375012839));
#12057=CARTESIAN_POINT('',(0.849999999999997,2.88536107567286,0.185490041363));
#12058=VECTOR('',#14896,1000.0);
#12059=CARTESIAN_POINT('',(0.849999999999997,3.0136522143662,0.266519633651201));
#12060=CARTESIAN_POINT('',(0.849999999999997,3.07378527154371,0.288773644931051));
#12061=VECTOR('',#14897,1000.0);
#12062=AXIS2_PLACEMENT_3D('',#14898,#14899,#14900);
#12063=CARTESIAN_POINT('',(0.85,4.39895967261276,-0.1771992322256));
#12064=CARTESIAN_POINT('',(0.85,2.88334732391,0.335557248435241));
#12065=VECTOR('',#14901,1000.0);
#12066=CARTESIAN_POINT('',(0.85,4.42299513264374,-0.10615490338016));
#12067=CARTESIAN_POINT('',(0.85,4.42299513264374,-0.10615490338016));
#12068=VECTOR('',#14902,1000.0);
#12069=CARTESIAN_POINT('',(0.849999999999997,4.60751829140817,-0.16858211015863));
#12070=CARTESIAN_POINT('',(0.849999999999997,3.04775468742765,0.359111463283461));
#12071=VECTOR('',#14903,1000.0);
#12072=AXIS2_PLACEMENT_3D('',#14904,#14905,#14906);
#12073=CARTESIAN_POINT('',(0.849999999999997,4.446,-1.15));
#12074=VECTOR('',#14907,1000.0);
#12075=COLOUR_RGB('',0.768627464771271,0.780392169952393,0.670588254928589);
#12076=CARTESIAN_POINT('',(0.899999999999997,2.76982281092013,1.27982575660509E-15));
#12077=AXIS2_PLACEMENT_3D('',#14908,#14909,#14910);
#12078=CARTESIAN_POINT('',(0.899999999999997,2.85861676185291,0.262458327879871));
#12079=CARTESIAN_POINT('',(0.899999999999997,2.46669133599823,-0.896));
#12080=VECTOR('',#14911,1000.0);
#12081=AXIS2_PLACEMENT_3D('',#14912,#14913,#14914);
#12082=COLOUR_RGB('',0.768627464771271,0.780392169952393,0.670588254928589);
#12083=CARTESIAN_POINT('',(1.1,2.76982281092014,1.27982575660509E-15));
#12084=CARTESIAN_POINT('',(3.025,2.76982281092014,1.27982575660509E-15));
#12085=VECTOR('',#14915,1.0);
#12086=CARTESIAN_POINT('',(1.1,2.85861676185291,0.26245832787987));
#12087=CARTESIAN_POINT('',(1.1,2.82598269263606,0.16599811692412));
#12088=VECTOR('',#14916,1000.0);
#12089=CARTESIAN_POINT('',(1.075,2.86892604789141,0.292930651127981));
#12090=CARTESIAN_POINT('',(1.075,2.86892604789141,0.292930651127981));
#12091=VECTOR('',#14917,1000.0);
#12092=CARTESIAN_POINT('',(0.924999999999996,2.86892604789141,0.292930651127981));
#12093=CARTESIAN_POINT('',(0.849999999999997,2.86892604789141,0.292930651127981));
#12094=VECTOR('',#14918,1000.0);
#12095=CARTESIAN_POINT('',(1.22013726950118,2.9906322291678,0.652671382280171));
#12096=VECTOR('',#14919,1000.0);
#12097=COLOUR_RGB('',0.768627464771271,0.780392169952393,0.670588254928589);
#12098=CARTESIAN_POINT('',(0.824999999999997,-0.0499999999999999,-1.31362636043255));
#12099=CARTESIAN_POINT('',(0.899999999999997,-0.0499999999999999,-1.31362636043255));
#12100=CARTESIAN_POINT('',(0.824999999999997,-0.0499999999999999,-1.31362636043255));
#12101=VECTOR('',#14920,1000.0);
#12102=CARTESIAN_POINT('',(0.824999999999997,0.0250000000000001,-1.31362636043255));
#12103=CARTESIAN_POINT('',(0.824999999999997,-0.0499999999999999,-1.31362636043255));
#12104=VECTOR('',#14921,1000.0);
#12105=CARTESIAN_POINT('',(0.862499999999997,-0.0124999999999999,-1.31362636043255));
#12106=VECTOR('',#14922,1000.0);
#12107=COLOUR_RGB('',0.768627464771271,0.780392169952393,0.670588254928589);
#12108=CARTESIAN_POINT('',(0.899999815728034,-0.0499998157280369,-2.50000038649554));
#12109=CARTESIAN_POINT('',(0.824999999999997,0.0250000000000002,-2.50000038649554));
#12110=CARTESIAN_POINT('',(0.862499861796025,-0.0124998617960279,-2.50000038649554));
#12111=VECTOR('',#14923,1000.0);
#12112=CARTESIAN_POINT('',(0.899999999999997,-0.0499999999999999,-2.50000038649554));
#12113=VECTOR('',#14924,1000.0);
#12114=CARTESIAN_POINT('',(0.824999999999997,0.0250000000000001,-1.276));
#12115=VECTOR('',#14925,1000.0);
#12116=COLOUR_RGB('',0.768627464771271,0.780392169952393,0.670588254928589);
#12117=CARTESIAN_POINT('',(0.824999999999997,0.204000276407946,-2.50000038649554));
#12118=CARTESIAN_POINT('',(0.824999999999997,0.204000276407946,-1.35));
#12119=CARTESIAN_POINT('',(0.824999999999997,0.204000276407946,-2.50000038649554));
#12120=VECTOR('',#14926,1000.0);
#12121=CARTESIAN_POINT('',(0.824999999999997,0.204000276407946,-1.35));
#12122=VECTOR('',#14927,1000.0);
#12123=CARTESIAN_POINT('',(0.824999999999997,0.204000276407946,-2.50000038649554));
#12124=VECTOR('',#14928,1000.0);
#12125=COLOUR_RGB('',0.768627464771271,0.780392169952393,0.670588254928589);
#12126=CARTESIAN_POINT('',(1.10000018427196,-0.0499998157280369,-2.50000038649554));
#12127=CARTESIAN_POINT('',(0.824999999999997,-0.0499997235920554,-2.50000038649554));
#12128=VECTOR('',#14929,1000.0);
#12129=CARTESIAN_POINT('',(0.824999999999997,-0.0499997235920554,-2.50000038649554));
#12130=VECTOR('',#14930,1000.0);
#12131=CARTESIAN_POINT('',(0.962500138203969,-0.187499861796027,-2.50000038649554));
#12132=VECTOR('',#14931,1000.0);
#12133=COLOUR_RGB('',0.768627464771271,0.780392169952393,0.670588254928589);
#12134=CARTESIAN_POINT('',(1.1,-0.0499999999999999,-1.30627676620511));
#12135=CARTESIAN_POINT('',(1.1375,-0.0124999999999999,-1.30627676620511));
#12136=VECTOR('',#14932,1000.0);
#12137=CARTESIAN_POINT('',(1.1,-0.0499999999999999,-0.896));
#12138=VECTOR('',#14933,1000.0);
#12139=COLOUR_RGB('',0.768627464771271,0.780392169952393,0.670588254928589);
#12140=CARTESIAN_POINT('',(1.175,-0.0499999999999999,-1.30627676620511));
#12141=VECTOR('',#14934,1000.0);
#12142=COLOUR_RGB('',0.768627464771271,0.780392169952393,0.670588254928589);
#12143=CARTESIAN_POINT('',(0.824999999999997,-0.0499999999999999,-1.276));
#12144=CARTESIAN_POINT('',(0.824999999999997,-0.0499999999999999,-0.896));
#12145=VECTOR('',#14935,1000.0);
#12146=CARTESIAN_POINT('',(0.824999999999997,-0.0499999999999999,-1.276));
#12147=VECTOR('',#14936,1000.0);
#12148=COLOUR_RGB('',0.768627464771271,0.780392169952393,0.670588254928589);
#12149=CARTESIAN_POINT('',(0.824999999999997,0.33,-0.896));
#12150=AXIS2_PLACEMENT_3D('',#14937,#14938,#14939);
#12151=CARTESIAN_POINT('',(1.175,0.33,-0.896));
#12152=VECTOR('',#14940,1000.0);
#12153=COLOUR_RGB('',0.768627464771271,0.780392169952393,0.670588254928589);
#12154=CARTESIAN_POINT('',(0.824999999999997,0.5,-0.896));
#12155=CARTESIAN_POINT('',(0.824999999999997,0.5,-0.7125));
#12156=VECTOR('',#14941,1.0);
#12157=AXIS2_PLACEMENT_3D('',#14942,#14943,#14944);
#12158=CARTESIAN_POINT('',(0.824999999999997,-0.0499999999999999,-0.896));
#12159=VECTOR('',#14945,1000.0);
#12160=COLOUR_RGB('',0.768627464771271,0.780392169952393,0.670588254928589);
#12161=COLOUR_RGB('',0.768627464771271,0.780392169952393,0.670588254928589);
#12162=CARTESIAN_POINT('',(1.675,0.5,-0.896));
#12163=VECTOR('',#14946,1.0);
#12164=COLOUR_RGB('',0.768627464771271,0.780392169952393,0.670588254928589);
#12165=CARTESIAN_POINT('',(1.15,4.35,-1.15));
#12166=CARTESIAN_POINT('',(0.814999999999998,4.35,-1.15));
#12167=VECTOR('',#14947,1.0);
#12168=CARTESIAN_POINT('',(1.15,4.446,-1.15));
#12169=VECTOR('',#14948,1000.0);
#12170=COLOUR_RGB('',0.768627464771271,0.780392169952393,0.670588254928589);
#12171=CARTESIAN_POINT('',(0.924999999999998,3.09807092006195,0.342088657690881));
#12172=CARTESIAN_POINT('',(0.924999999999998,4.42299513264374,-0.10615490338016));
#12173=CARTESIAN_POINT('',(0.924999999999998,2.90738278394097,0.406601577280681));
#12174=VECTOR('',#14949,1000.0);
#12175=CARTESIAN_POINT('',(1.075,3.09807092006195,0.342088657690881));
#12176=CARTESIAN_POINT('',(0.849999999999997,3.09807092006195,0.342088657690881));
#12177=VECTOR('',#14950,1000.0);
#12178=CARTESIAN_POINT('',(1.07499999999999,4.42299513264374,-0.10615490338016));
#12179=CARTESIAN_POINT('',(1.075,2.90738278394097,0.406601577280691));
#12180=VECTOR('',#14951,1000.0);
#12181=CARTESIAN_POINT('',(1.15,4.42299513264374,-0.10615490338016));
#12182=CARTESIAN_POINT('',(1.075,4.42299513264374,-0.10615490338016));
#12183=VECTOR('',#14952,1000.0);
#12184=CARTESIAN_POINT('',(1.15,4.60751829140817,-0.16858211015863));
#12185=CARTESIAN_POINT('',(1.15,3.09807092006195,0.342088657690881));
#12186=VECTOR('',#14953,1000.0);
#12187=CARTESIAN_POINT('',(0.849999999999997,4.60751829140817,-0.16858211015863));
#12188=VECTOR('',#14954,1000.0);
#12189=CARTESIAN_POINT('',(0.924999999999998,4.42299513264374,-0.10615490338016));
#12190=VECTOR('',#14955,1000.0);
#12191=COLOUR_RGB('',0.768627464771271,0.780392169952393,0.670588254928589);
#12192=CARTESIAN_POINT('',(0.924999999999996,2.99793883176789,0.340675636704831));
#12193=CARTESIAN_POINT('',(0.924999999999996,2.86892604789141,0.292930651127981));
#12194=VECTOR('',#14956,1000.0);
#12195=CARTESIAN_POINT('',(0.924219558570721,3.01254124031305,0.345247517440801));
#12196=AXIS2_PLACEMENT_3D('',#14957,#14958,#14959);
#12197=CARTESIAN_POINT('',(1.02104412586451,3.01109189752467,0.447953508000151));
#12198=VECTOR('',#14960,1000.0);
#12199=COLOUR_RGB('',0.768627464771271,0.780392169952393,0.670588254928589);
#12200=AXIS2_PLACEMENT_3D('',#14961,#14962,#14963);
#12201=COLOUR_RGB('',0.768627464771271,0.780392169952393,0.670588254928589);
#12202=CARTESIAN_POINT('',(1.075,2.99793883176789,0.340675636704831));
#12203=CARTESIAN_POINT('',(1.075,2.86892604789141,0.292930651127981));
#12204=VECTOR('',#14964,1000.0);
#12205=CARTESIAN_POINT('',(0.849999999999997,2.9979388317679,0.340675636704831));
#12206=VECTOR('',#14965,1000.0);
#12207=COLOUR_RGB('',0.768627464771271,0.780392169952393,0.670588254928589);
#12208=CARTESIAN_POINT('',(1.15,4.35,-0.19));
#12209=CARTESIAN_POINT('',(1.15,4.35,-0.697903846153846));
#12210=VECTOR('',#14966,1.0);
#12211=CARTESIAN_POINT('',(1.15,4.39895967261276,-0.1771992322256));
#12212=CARTESIAN_POINT('',(1.15,4.42299513264374,-0.10615490338016));
#12213=VECTOR('',#14967,1000.0);
#12214=CARTESIAN_POINT('',(1.15,2.88334732391,0.335557248435241));
#12215=VECTOR('',#14968,1000.0);
#12216=CARTESIAN_POINT('',(1.15,3.0136522143662,0.266519633651201));
#12217=AXIS2_PLACEMENT_3D('',#14969,#14970,#14971);
#12218=CARTESIAN_POINT('',(1.15,2.89833676351525,0.22384375012839));
#12219=CARTESIAN_POINT('',(1.15,3.97643376209665,0.622825340177581));
#12220=VECTOR('',#14972,1000.0);
#12221=CARTESIAN_POINT('',(1.15,2.82260675667544,1.28305784111587E-15));
#12222=CARTESIAN_POINT('',(1.15,2.79322737842976,-0.08683995258133));
#12223=VECTOR('',#14973,1000.0);
#12224=CARTESIAN_POINT('',(1.15,3.1,-1.75737481401347E-14));
#12225=CARTESIAN_POINT('',(1.15,3.6855,1.33589481353803E-15));
#12226=VECTOR('',#14974,1.0);
#12227=CARTESIAN_POINT('',(1.15,4.11828944076066,-0.154779994995624));
#12228=VECTOR('',#14975,1.0);
#12229=COLOUR_RGB('',0.768627464771271,0.780392169952393,0.670588254928589);
#12230=AXIS2_PLACEMENT_3D('',#14976,#14977,#14978);
#12231=CARTESIAN_POINT('',(1.07578044142927,3.01254124031305,0.345247517440801));
#12232=CARTESIAN_POINT('',(1.06874203683906,3.01243588419094,0.352713456464341));
#12233=VECTOR('',#14979,1000.0);
#12234=AXIS2_PLACEMENT_3D('',#14980,#14981,#14982);
#12235=COLOUR_RGB('',0.768627464771271,0.780392169952393,0.670588254928589);
#12236=AXIS2_PLACEMENT_3D('',#14983,#14984,#14985);
#12237=CARTESIAN_POINT('',(0.85,4.39895967261276,-0.1771992322256));
#12238=VECTOR('',#14986,1000.0);
#12239=COLOUR_RGB('',0.768627464771271,0.780392169952393,0.670588254928589);
#12240=COLOUR_RGB('',0.768627464771271,0.780392169952393,0.670588254928589);
#12241=AXIS2_PLACEMENT_3D('',#14987,#14988,#14989);
#12242=CARTESIAN_POINT('',(1.15,4.39895967261276,-0.1771992322256));
#12243=VECTOR('',#14990,1000.0);
#12244=COLOUR_RGB('',0.768627464771271,0.780392169952393,0.670588254928589);
#12245=COLOUR_RGB('',0.768627464771271,0.780392169952393,0.670588254928589);
#12246=AXIS2_PLACEMENT_3D('',#14991,#14992,#14993);
#12247=COLOUR_RGB('',0.768627464771271,0.780392169952393,0.670588254928589);
#12248=AXIS2_PLACEMENT_3D('',#14994,#14995,#14996);
#12249=COLOUR_RGB('',0.768627464771271,0.780392169952393,0.670588254928589);
#12250=COLOUR_RGB('',0.768627464771271,0.780392169952393,0.670588254928589);
#12251=AXIS2_PLACEMENT_3D('',#14997,#14998,#14999);
#12252=COLOUR_RGB('',0.960784316062927,0.95686274766922,0.933333337306976);
#12253=CARTESIAN_POINT('',(1.22,4.35,-0.19));
#12254=CARTESIAN_POINT('',(0.78,4.35,-0.19));
#12255=VECTOR('',#15000,1.0);
#12256=CARTESIAN_POINT('',(1.22,4.35,-1.30961538461538));
#12257=CARTESIAN_POINT('',(1.22,4.35,-0.19));
#12258=VECTOR('',#15001,1.0);
#12259=CARTESIAN_POINT('',(0.78,4.35,-1.30961538461538));
#12260=CARTESIAN_POINT('',(0.78,4.35,-1.30961538461538));
#12261=VECTOR('',#15002,1.0);
#12262=CARTESIAN_POINT('',(0.78,4.35,-0.19));
#12263=CARTESIAN_POINT('',(0.78,4.35,-0.19));
#12264=VECTOR('',#15003,1.0);
#12265=CARTESIAN_POINT('',(0.78,4.35,-0.19));
#12266=VECTOR('',#15004,1.0);
#12267=COLOUR_RGB('',0.960784316062927,0.95686274766922,0.933333337306976);
#12268=CARTESIAN_POINT('',(1.22,3.1,-1.75737481401347E-14));
#12269=CARTESIAN_POINT('',(2.99,3.1,-1.75737481401347E-14));
#12270=VECTOR('',#15005,1.0);
#12271=CARTESIAN_POINT('',(1.22,3.1,-1.75737481401347E-14));
#12272=VECTOR('',#15006,1.0);
#12273=COLOUR_RGB('',0.768627464771271,0.780392169952393,0.670588254928589);
#12274=CARTESIAN_POINT('',(3.825,0.5,-0.00999999999999998));
#12275=CARTESIAN_POINT('',(3.825,0.5,0.478107135846892));
#12276=CARTESIAN_POINT('',(3.825,0.5,0.862499570930051));
#12277=VECTOR('',#15007,1.0);
#12278=CARTESIAN_POINT('',(3.825,0.396000489162664,-0.00999999999999998));
#12279=CARTESIAN_POINT('',(3.825,-0.199999510837336,-0.01));
#12280=VECTOR('',#15008,1000.0);
#12281=CARTESIAN_POINT('',(3.825,0.396000489162664,0.216));
#12282=CARTESIAN_POINT('',(3.825,0.396000489162664,0.266));
#12283=VECTOR('',#15009,1000.0);
#12284=CARTESIAN_POINT('',(3.825,0.346000489162664,0.266));
#12285=AXIS2_PLACEMENT_3D('',#15010,#15011,#15012);
#12286=CARTESIAN_POINT('',(3.825,0.254000489162664,0.266));
#12287=CARTESIAN_POINT('',(3.825,-0.0499995108373359,0.266));
#12288=VECTOR('',#15013,1000.0);
#12289=CARTESIAN_POINT('',(3.825,-0.0499995108373359,0.57));
#12290=AXIS2_PLACEMENT_3D('',#15014,#15015,#15016);
#12291=CARTESIAN_POINT('',(3.825,-0.0499995108373359,0.749668952091811));
#12292=CARTESIAN_POINT('',(3.825,-0.0499995108373362,1.9999991418601));
#12293=VECTOR('',#15017,1000.0);
#12294=CARTESIAN_POINT('',(3.825,0.0250004891626641,0.749668952091811));
#12295=CARTESIAN_POINT('',(3.825,0.0250004891626641,0.749668952091811));
#12296=VECTOR('',#15018,1000.0);
#12297=CARTESIAN_POINT('',(3.825,0.025000489162664,1.9999991418601));
#12298=CARTESIAN_POINT('',(3.825,0.0250004891626638,1.9999991418601));
#12299=VECTOR('',#15019,1000.0);
#12300=CARTESIAN_POINT('',(3.825,0.204000489162664,1.9999991418601));
#12301=CARTESIAN_POINT('',(3.825,-0.199999510837336,1.9999991418601));
#12302=VECTOR('',#15020,1000.0);
#12303=CARTESIAN_POINT('',(3.825,0.204000489162664,0.57));
#12304=CARTESIAN_POINT('',(3.825,0.204000489162664,0.52));
#12305=VECTOR('',#15021,1000.0);
#12306=CARTESIAN_POINT('',(3.825,0.254000489162664,0.52));
#12307=AXIS2_PLACEMENT_3D('',#15022,#15023,#15024);
#12308=CARTESIAN_POINT('',(3.825,0.346000489162664,0.52));
#12309=CARTESIAN_POINT('',(3.825,0.650000489162664,0.52));
#12310=VECTOR('',#15025,1000.0);
#12311=AXIS2_PLACEMENT_3D('',#15026,#15027,#15028);
#12312=COLOUR_RGB('',0.768627464771271,0.780392169952393,0.670588254928589);
#12313=CARTESIAN_POINT('',(3.725,0.5,-0.00999999999999998));
#12314=CARTESIAN_POINT('',(3.1625,0.5,-0.0100000000000002));
#12315=VECTOR('',#15029,1.0);
#12316=CARTESIAN_POINT('',(3.725,0.396000489162664,-0.00999999999999998));
#12317=CARTESIAN_POINT('',(3.725,-0.199999510837336,-0.01));
#12318=VECTOR('',#15030,1000.0);
#12319=CARTESIAN_POINT('',(3.725,0.396000489162664,-0.00999999999999998));
#12320=VECTOR('',#15031,1000.0);
#12321=COLOUR_RGB('',0.768627464771271,0.780392169952393,0.670588254928589);
#12322=CARTESIAN_POINT('',(3.725,0.5,-0.987721499890427));
#12323=CARTESIAN_POINT('',(3.725,0.5,-0.5855));
#12324=VECTOR('',#15032,1.0);
#12325=CARTESIAN_POINT('',(3.725,0.396000489162664,-0.7));
#12326=AXIS2_PLACEMENT_3D('',#15033,#15034,#15035);
#12327=CARTESIAN_POINT('',(3.725,0.396000489162664,0.266));
#12328=VECTOR('',#15036,1000.0);
#12329=COLOUR_RGB('',0.768627464771271,0.780392169952393,0.670588254928589);
#12330=CARTESIAN_POINT('',(4.275,0.5,-0.987721499890427));
#12331=CARTESIAN_POINT('',(4.0,0.5,-0.987721499890427));
#12332=VECTOR('',#15037,1.0);
#12333=CARTESIAN_POINT('',(4.275,0.396000489162664,-0.7));
#12334=AXIS2_PLACEMENT_3D('',#15038,#15039,#15040);
#12335=CARTESIAN_POINT('',(4.275,0.396000489162664,-0.7));
#12336=VECTOR('',#15041,1000.0);
#12337=COLOUR_RGB('',0.768627464771271,0.780392169952393,0.670588254928589);
#12338=CARTESIAN_POINT('',(3.85,4.35,-0.19));
#12339=CARTESIAN_POINT('',(3.85,4.35,-1.15));
#12340=CARTESIAN_POINT('',(3.85,4.35,-0.697903846153846));
#12341=VECTOR('',#15042,1.0);
#12342=CARTESIAN_POINT('',(3.85,3.1,-1.75737481401347E-14));
#12343=CARTESIAN_POINT('',(3.85,4.11828944076066,-0.154779994995624));
#12344=VECTOR('',#15043,1.0);
#12345=CARTESIAN_POINT('',(3.85,2.82260675667544,1.28305784111587E-15));
#12346=CARTESIAN_POINT('',(3.85,3.6855,1.33589481353803E-15));
#12347=VECTOR('',#15044,1.0);
#12348=CARTESIAN_POINT('',(3.85,2.89833676351525,0.22384375012839));
#12349=CARTESIAN_POINT('',(3.85,2.88536107567286,0.185490041363));
#12350=VECTOR('',#15045,1000.0);
#12351=CARTESIAN_POINT('',(3.85,3.0136522143662,0.266519633651201));
#12352=CARTESIAN_POINT('',(3.85,2.96201737183355,0.24741063733387));
#12353=VECTOR('',#15046,1000.0);
#12354=AXIS2_PLACEMENT_3D('',#15047,#15048,#15049);
#12355=CARTESIAN_POINT('',(3.85,4.39895967261276,-0.1771992322256));
#12356=CARTESIAN_POINT('',(3.85,2.88334732391,0.335557248435251));
#12357=VECTOR('',#15050,1000.0);
#12358=CARTESIAN_POINT('',(3.85,4.42299513264374,-0.10615490338016));
#12359=CARTESIAN_POINT('',(3.85,4.42299513264374,-0.10615490338016));
#12360=VECTOR('',#15051,1000.0);
#12361=CARTESIAN_POINT('',(3.85,4.60751829140817,-0.16858211015863));
#12362=CARTESIAN_POINT('',(3.85,3.04775468742765,0.359111463283461));
#12363=VECTOR('',#15052,1000.0);
#12364=AXIS2_PLACEMENT_3D('',#15053,#15054,#15055);
#12365=CARTESIAN_POINT('',(3.85,4.446,-1.15));
#12366=VECTOR('',#15056,1000.0);
#12367=COLOUR_RGB('',0.768627464771271,0.780392169952393,0.670588254928589);
#12368=CARTESIAN_POINT('',(3.9,2.76982281092013,1.27982575660509E-15));
#12369=AXIS2_PLACEMENT_3D('',#15057,#15058,#15059);
#12370=CARTESIAN_POINT('',(3.9,2.85861676185291,0.262458327879871));
#12371=CARTESIAN_POINT('',(3.9,2.46669133599823,-0.896));
#12372=VECTOR('',#15060,1000.0);
#12373=AXIS2_PLACEMENT_3D('',#15061,#15062,#15063);
#12374=COLOUR_RGB('',0.768627464771271,0.780392169952393,0.670588254928589);
#12375=CARTESIAN_POINT('',(4.1,2.76982281092014,1.27982575660509E-15));
#12376=CARTESIAN_POINT('',(4.525,2.76982281092014,1.27982575660509E-15));
#12377=VECTOR('',#15064,1.0);
#12378=CARTESIAN_POINT('',(4.1,2.85861676185291,0.26245832787987));
#12379=CARTESIAN_POINT('',(4.1,2.82598269263606,0.16599811692412));
#12380=VECTOR('',#15065,1000.0);
#12381=CARTESIAN_POINT('',(4.075,2.86892604789141,0.292930651127981));
#12382=CARTESIAN_POINT('',(4.075,2.86892604789141,0.292930651127981));
#12383=VECTOR('',#15066,1000.0);
#12384=CARTESIAN_POINT('',(3.925,2.86892604789141,0.292930651127981));
#12385=CARTESIAN_POINT('',(3.85,2.86892604789141,0.292930651127981));
#12386=VECTOR('',#15067,1000.0);
#12387=CARTESIAN_POINT('',(4.22013726950118,2.9906322291678,0.652671382280171));
#12388=VECTOR('',#15068,1000.0);
#12389=COLOUR_RGB('',0.768627464771271,0.780392169952393,0.670588254928589);
#12390=CARTESIAN_POINT('',(3.9,-0.0499995108373362,1.9999991418601));
#12391=CARTESIAN_POINT('',(3.6855,0.164500489162664,1.9999991418601));
#12392=VECTOR('',#15069,1000.0);
#12393=CARTESIAN_POINT('',(3.9,-0.0499995108373359,0.749668952091811));
#12394=CARTESIAN_POINT('',(3.9,-0.0499995108373359,0.749668952091811));
#12395=VECTOR('',#15070,1000.0);
#12396=CARTESIAN_POINT('',(3.9,-0.0499995108373359,0.57));
#12397=VECTOR('',#15071,1000.0);
#12398=COLOUR_RGB('',0.768627464771271,0.780392169952393,0.670588254928589);
#12399=CARTESIAN_POINT('',(3.725,-0.0499995108373359,0.749668952091811));
#12400=VECTOR('',#15072,1000.0);
#12401=COLOUR_RGB('',0.768627464771271,0.780392169952393,0.670588254928589);
#12402=CARTESIAN_POINT('',(4.175,0.204000489162664,0.57));
#12403=CARTESIAN_POINT('',(4.175,0.204000489162664,1.9999991418601));
#12404=CARTESIAN_POINT('',(4.175,0.204000489162664,0.52));
#12405=VECTOR('',#15073,1000.0);
#12406=CARTESIAN_POINT('',(3.725,0.204000489162664,0.57));
#12407=VECTOR('',#15074,1000.0);
#12408=CARTESIAN_POINT('',(3.725,0.204000489162664,1.9999991418601));
#12409=VECTOR('',#15075,1000.0);
#12410=COLOUR_RGB('',0.768627464771271,0.780392169952393,0.670588254928589);
#12411=CARTESIAN_POINT('',(4.175,0.254000489162664,0.52));
#12412=AXIS2_PLACEMENT_3D('',#15076,#15077,#15078);
#12413=CARTESIAN_POINT('',(4.275,0.254000489162664,0.52));
#12414=VECTOR('',#15079,1000.0);
#12415=COLOUR_RGB('',0.768627464771271,0.780392169952393,0.670588254928589);
#12416=CARTESIAN_POINT('',(4.175,0.346000489162664,0.52));
#12417=CARTESIAN_POINT('',(4.175,0.650000489162664,0.52));
#12418=VECTOR('',#15080,1000.0);
#12419=CARTESIAN_POINT('',(4.0,0.346000489162664,0.52));
#12420=VECTOR('',#15081,1000.0);
#12421=COLOUR_RGB('',0.768627464771271,0.780392169952393,0.670588254928589);
#12422=CARTESIAN_POINT('',(4.175,0.254000489162664,0.266));
#12423=CARTESIAN_POINT('',(4.175,0.346000489162664,0.266));
#12424=CARTESIAN_POINT('',(4.175,-0.0499995108373359,0.266));
#12425=VECTOR('',#15082,1000.0);
#12426=CARTESIAN_POINT('',(3.725,0.254000489162664,0.266));
#12427=VECTOR('',#15083,1000.0);
#12428=CARTESIAN_POINT('',(4.275,0.346000489162664,0.266));
#12429=VECTOR('',#15084,1000.0);
#12430=COLOUR_RGB('',0.768627464771271,0.780392169952393,0.670588254928589);
#12431=CARTESIAN_POINT('',(4.175,-0.0499995108373359,0.57));
#12432=AXIS2_PLACEMENT_3D('',#15085,#15086,#15087);
#12433=CARTESIAN_POINT('',(3.725,-0.0499995108373359,0.57));
#12434=VECTOR('',#15088,1000.0);
#12435=COLOUR_RGB('',0.768627464771271,0.780392169952393,0.670588254928589);
#12436=CARTESIAN_POINT('',(4.1,-0.0499995108373362,1.9999991418601));
#12437=CARTESIAN_POINT('',(3.725,-0.0499995108373362,1.9999991418601));
#12438=VECTOR('',#15089,1000.0);
#12439=CARTESIAN_POINT('',(4.175,-0.0499995108373359,0.789075964344281));
#12440=CARTESIAN_POINT('',(4.175,-0.0499995108373362,1.9999991418601));
#12441=VECTOR('',#15090,1000.0);
#12442=CARTESIAN_POINT('',(4.1,-0.0499995108373359,0.789075964344281));
#12443=CARTESIAN_POINT('',(3.725,-0.0499995108373359,0.789075964344281));
#12444=VECTOR('',#15091,1000.0);
#12445=CARTESIAN_POINT('',(4.1,-0.0499995108373362,1.9999991418601));
#12446=VECTOR('',#15092,1000.0);
#12447=COLOUR_RGB('',0.768627464771271,0.780392169952393,0.670588254928589);
#12448=CARTESIAN_POINT('',(4.175,0.0250004891626641,0.789075964344281));
#12449=CARTESIAN_POINT('',(4.175,0.0250004891626641,0.789075964344281));
#12450=VECTOR('',#15093,1000.0);
#12451=CARTESIAN_POINT('',(4.175,0.0250004891626641,0.789075964344281));
#12452=VECTOR('',#15094,1000.0);
#12453=COLOUR_RGB('',0.768627464771271,0.780392169952393,0.670588254928589);
#12454=CARTESIAN_POINT('',(4.175,0.0250004891626638,1.9999991418601));
#12455=CARTESIAN_POINT('',(4.0395,-0.110499510837337,1.9999991418601));
#12456=VECTOR('',#15095,1000.0);
#12457=CARTESIAN_POINT('',(4.175,0.0250004891626641,0.57));
#12458=VECTOR('',#15096,1000.0);
#12459=COLOUR_RGB('',0.768627464771271,0.780392169952393,0.670588254928589);
#12460=CARTESIAN_POINT('',(4.175,-0.199999510837336,1.9999991418601));
#12461=VECTOR('',#15097,1000.0);
#12462=COLOUR_RGB('',0.768627464771271,0.780392169952393,0.670588254928589);
#12463=CARTESIAN_POINT('',(4.175,0.5,0.478107135846892));
#12464=CARTESIAN_POINT('',(4.0,0.5,0.478107135846892));
#12465=VECTOR('',#15098,1.0);
#12466=AXIS2_PLACEMENT_3D('',#15099,#15100,#15101);
#12467=COLOUR_RGB('',0.768627464771271,0.780392169952393,0.670588254928589);
#12468=CARTESIAN_POINT('',(4.175,0.396000489162664,0.216));
#12469=CARTESIAN_POINT('',(3.725,0.396000489162664,0.216));
#12470=VECTOR('',#15102,1000.0);
#12471=AXIS2_PLACEMENT_3D('',#15103,#15104,#15105);
#12472=COLOUR_RGB('',0.768627464771271,0.780392169952393,0.670588254928589);
#12473=CARTESIAN_POINT('',(4.175,0.5,-0.00999999999999998));
#12474=CARTESIAN_POINT('',(4.175,0.5,-0.1425));
#12475=VECTOR('',#15106,1.0);
#12476=CARTESIAN_POINT('',(4.175,0.396000489162664,-0.00999999999999998));
#12477=CARTESIAN_POINT('',(4.175,0.396000489162664,0.266));
#12478=VECTOR('',#15107,1000.0);
#12479=CARTESIAN_POINT('',(4.175,-0.199999510837336,-0.01));
#12480=VECTOR('',#15108,1000.0);
#12481=COLOUR_RGB('',0.768627464771271,0.780392169952393,0.670588254928589);
#12482=CARTESIAN_POINT('',(4.275,0.5,-0.00999999999999998));
#12483=CARTESIAN_POINT('',(3.1625,0.5,-0.0100000000000002));
#12484=VECTOR('',#15109,1.0);
#12485=CARTESIAN_POINT('',(4.275,0.396000489162664,-0.00999999999999998));
#12486=CARTESIAN_POINT('',(3.725,0.396000489162664,-0.00999999999999998));
#12487=VECTOR('',#15110,1000.0);
#12488=CARTESIAN_POINT('',(4.275,-0.199999510837336,-0.01));
#12489=VECTOR('',#15111,1000.0);
#12490=COLOUR_RGB('',0.768627464771271,0.780392169952393,0.670588254928589);
#12491=CARTESIAN_POINT('',(4.275,0.396000489162664,0.266));
#12492=VECTOR('',#15112,1000.0);
#12493=COLOUR_RGB('',0.768627464771271,0.780392169952393,0.670588254928589);
#12494=CARTESIAN_POINT('',(4.275,0.5,-0.5855));
#12495=VECTOR('',#15113,1.0);
#12496=COLOUR_RGB('',0.768627464771271,0.780392169952393,0.670588254928589);
#12497=CARTESIAN_POINT('',(4.15,4.35,-1.15));
#12498=CARTESIAN_POINT('',(3.815,4.35,-1.15));
#12499=VECTOR('',#15114,1.0);
#12500=CARTESIAN_POINT('',(4.15,4.446,-1.15));
#12501=VECTOR('',#15115,1000.0);
#12502=COLOUR_RGB('',0.768627464771271,0.780392169952393,0.670588254928589);
#12503=CARTESIAN_POINT('',(4.07578044142927,3.01254124031305,0.345247517440801));
#12504=AXIS2_PLACEMENT_3D('',#15116,#15117,#15118);
#12505=CARTESIAN_POINT('',(4.15,3.0136522143662,0.266519633651201));
#12506=CARTESIAN_POINT('',(4.06874203683906,3.01243588419095,0.352713456464341));
#12507=VECTOR('',#15119,1000.0);
#12508=AXIS2_PLACEMENT_3D('',#15120,#15121,#15122);
#12509=COLOUR_RGB('',0.768627464771271,0.780392169952393,0.670588254928589);
#12510=CARTESIAN_POINT('',(4.075,2.99793883176789,0.340675636704831));
#12511=CARTESIAN_POINT('',(3.925,2.99793883176789,0.340675636704831));
#12512=CARTESIAN_POINT('',(3.85,2.9979388317679,0.340675636704831));
#12513=VECTOR('',#15123,1000.0);
#12514=AXIS2_PLACEMENT_3D('',#15124,#15125,#15126);
#12515=CARTESIAN_POINT('',(4.075,3.09807092006196,0.342088657690891));
#12516=AXIS2_PLACEMENT_3D('',#15127,#15128,#15129);
#12517=CARTESIAN_POINT('',(3.925,3.09807092006196,0.342088657690891));
#12518=CARTESIAN_POINT('',(3.85,3.09807092006195,0.342088657690881));
#12519=VECTOR('',#15130,1000.0);
#12520=AXIS2_PLACEMENT_3D('',#15131,#15132,#15133);
#12521=CARTESIAN_POINT('',(3.92421955857072,3.01254124031305,0.345247517440801));
#12522=AXIS2_PLACEMENT_3D('',#15134,#15135,#15136);
#12523=AXIS2_PLACEMENT_3D('',#15137,#15138,#15139);
#12524=COLOUR_RGB('',0.768627464771271,0.780392169952393,0.670588254928589);
#12525=CARTESIAN_POINT('',(4.02104412586451,3.01109189752467,0.447953508000151));
#12526=VECTOR('',#15140,1000.0);
#12527=COLOUR_RGB('',0.768627464771271,0.780392169952393,0.670588254928589);
#12528=CARTESIAN_POINT('',(3.925,2.86892604789141,0.292930651127981));
#12529=VECTOR('',#15141,1000.0);
#12530=COLOUR_RGB('',0.768627464771271,0.780392169952393,0.670588254928589);
#12531=CARTESIAN_POINT('',(4.15,2.89833676351525,0.22384375012839));
#12532=AXIS2_PLACEMENT_3D('',#15142,#15143,#15144);
#12533=CARTESIAN_POINT('',(4.15,3.97643376209665,0.622825340177581));
#12534=VECTOR('',#15145,1000.0);
#12535=CARTESIAN_POINT('',(4.075,2.86892604789141,0.292930651127981));
#12536=VECTOR('',#15146,1000.0);
#12537=COLOUR_RGB('',0.768627464771271,0.780392169952393,0.670588254928589);
#12538=CARTESIAN_POINT('',(4.07499999999999,4.42299513264374,-0.10615490338016));
#12539=CARTESIAN_POINT('',(4.15,4.42299513264374,-0.10615490338016));
#12540=CARTESIAN_POINT('',(4.075,4.42299513264374,-0.10615490338016));
#12541=VECTOR('',#15147,1000.0);
#12542=CARTESIAN_POINT('',(4.15,4.39895967261276,-0.1771992322256));
#12543=CARTESIAN_POINT('',(4.15,4.39895967261276,-0.1771992322256));
#12544=VECTOR('',#15148,1000.0);
#12545=CARTESIAN_POINT('',(4.15,4.42299513264374,-0.10615490338016));
#12546=VECTOR('',#15149,1000.0);
#12547=COLOUR_RGB('',0.768627464771271,0.780392169952393,0.670588254928589);
#12548=CARTESIAN_POINT('',(4.15,2.88334732391,0.335557248435251));
#12549=VECTOR('',#15150,1000.0);
#12550=CARTESIAN_POINT('',(4.075,2.90738278394097,0.406601577280691));
#12551=VECTOR('',#15151,1000.0);
#12552=COLOUR_RGB('',0.768627464771271,0.780392169952393,0.670588254928589);
#12553=CARTESIAN_POINT('',(3.925,4.42299513264374,-0.10615490338016));
#12554=CARTESIAN_POINT('',(3.925,4.42299513264374,-0.10615490338016));
#12555=VECTOR('',#15152,1000.0);
#12556=CARTESIAN_POINT('',(3.85,4.39895967261276,-0.1771992322256));
#12557=VECTOR('',#15153,1000.0);
#12558=COLOUR_RGB('',0.768627464771271,0.780392169952393,0.670588254928589);
#12559=CARTESIAN_POINT('',(3.925,2.90738278394097,0.406601577280691));
#12560=VECTOR('',#15154,1000.0);
#12561=COLOUR_RGB('',0.768627464771271,0.780392169952393,0.670588254928589);
#12562=CARTESIAN_POINT('',(4.15,4.35,-0.19));
#12563=CARTESIAN_POINT('',(4.15,4.35,-0.697903846153846));
#12564=VECTOR('',#15155,1.0);
#12565=CARTESIAN_POINT('',(4.15,4.60751829140817,-0.16858211015863));
#12566=AXIS2_PLACEMENT_3D('',#15156,#15157,#15158);
#12567=CARTESIAN_POINT('',(4.15,3.09807092006195,0.342088657690881));
#12568=VECTOR('',#15159,1000.0);
#12569=CARTESIAN_POINT('',(4.15,2.82260675667544,1.28305784111587E-15));
#12570=CARTESIAN_POINT('',(4.15,2.79322737842976,-0.08683995258133));
#12571=VECTOR('',#15160,1000.0);
#12572=CARTESIAN_POINT('',(4.15,3.1,-1.75737481401347E-14));
#12573=CARTESIAN_POINT('',(4.15,3.6855,1.33589481353803E-15));
#12574=VECTOR('',#15161,1.0);
#12575=CARTESIAN_POINT('',(4.15,4.11828944076066,-0.154779994995624));
#12576=VECTOR('',#15162,1.0);
#12577=COLOUR_RGB('',0.768627464771271,0.780392169952393,0.670588254928589);
#12578=CARTESIAN_POINT('',(3.85,4.60751829140817,-0.16858211015863));
#12579=VECTOR('',#15163,1000.0);
#12580=COLOUR_RGB('',0.768627464771271,0.780392169952393,0.670588254928589);
#12581=COLOUR_RGB('',0.768627464771271,0.780392169952393,0.670588254928589);
#12582=COLOUR_RGB('',0.768627464771271,0.780392169952393,0.670588254928589);
#12583=AXIS2_PLACEMENT_3D('',#15164,#15165,#15166);
#12584=COLOUR_RGB('',0.960784316062927,0.95686274766922,0.933333337306976);
#12585=CARTESIAN_POINT('',(4.22,4.35,-0.19));
#12586=CARTESIAN_POINT('',(3.78,4.35,-0.19));
#12587=VECTOR('',#15167,1.0);
#12588=CARTESIAN_POINT('',(4.22,4.35,-1.30961538461538));
#12589=CARTESIAN_POINT('',(4.22,4.35,-0.19));
#12590=VECTOR('',#15168,1.0);
#12591=CARTESIAN_POINT('',(3.78,4.35,-1.30961538461538));
#12592=CARTESIAN_POINT('',(3.78,4.35,-1.30961538461538));
#12593=VECTOR('',#15169,1.0);
#12594=CARTESIAN_POINT('',(3.78,4.35,-0.19));
#12595=CARTESIAN_POINT('',(3.78,4.35,-0.19));
#12596=VECTOR('',#15170,1.0);
#12597=CARTESIAN_POINT('',(3.78,4.35,-0.19));
#12598=VECTOR('',#15171,1.0);
#12599=COLOUR_RGB('',0.960784316062927,0.95686274766922,0.933333337306976);
#12600=CARTESIAN_POINT('',(4.22,3.1,-1.75737481401347E-14));
#12601=CARTESIAN_POINT('',(4.49,3.1,-1.75737481401347E-14));
#12602=VECTOR('',#15172,1.0);
#12603=CARTESIAN_POINT('',(4.22,3.1,-1.75737481401347E-14));
#12604=VECTOR('',#15173,1.0);
#12605=COLOUR_RGB('',0.768627464771271,0.780392169952393,0.670588254928589);
#12606=CARTESIAN_POINT('',(1.825,0.5,-0.00999999999999998));
#12607=CARTESIAN_POINT('',(1.825,0.5,0.478107135846892));
#12608=CARTESIAN_POINT('',(1.825,0.5,0.862499570930051));
#12609=VECTOR('',#15174,1.0);
#12610=CARTESIAN_POINT('',(1.825,0.396000489162664,-0.00999999999999998));
#12611=CARTESIAN_POINT('',(1.825,-0.199999510837336,-0.01));
#12612=VECTOR('',#15175,1000.0);
#12613=CARTESIAN_POINT('',(1.825,0.396000489162664,0.216));
#12614=CARTESIAN_POINT('',(1.825,0.396000489162664,0.266));
#12615=VECTOR('',#15176,1000.0);
#12616=CARTESIAN_POINT('',(1.825,0.346000489162664,0.266));
#12617=AXIS2_PLACEMENT_3D('',#15177,#15178,#15179);
#12618=CARTESIAN_POINT('',(1.825,0.254000489162664,0.266));
#12619=CARTESIAN_POINT('',(1.825,-0.0499995108373359,0.266));
#12620=VECTOR('',#15180,1000.0);
#12621=CARTESIAN_POINT('',(1.825,-0.0499995108373359,0.57));
#12622=AXIS2_PLACEMENT_3D('',#15181,#15182,#15183);
#12623=CARTESIAN_POINT('',(1.825,-0.0499995108373359,0.749668952091811));
#12624=CARTESIAN_POINT('',(1.825,-0.0499995108373362,1.9999991418601));
#12625=VECTOR('',#15184,1000.0);
#12626=CARTESIAN_POINT('',(1.825,0.0250004891626641,0.749668952091811));
#12627=CARTESIAN_POINT('',(1.825,0.0250004891626641,0.749668952091811));
#12628=VECTOR('',#15185,1000.0);
#12629=CARTESIAN_POINT('',(1.825,0.025000489162664,1.9999991418601));
#12630=CARTESIAN_POINT('',(1.825,0.0250004891626638,1.9999991418601));
#12631=VECTOR('',#15186,1000.0);
#12632=CARTESIAN_POINT('',(1.825,0.204000489162664,1.9999991418601));
#12633=CARTESIAN_POINT('',(1.825,-0.199999510837336,1.9999991418601));
#12634=VECTOR('',#15187,1000.0);
#12635=CARTESIAN_POINT('',(1.825,0.204000489162664,0.57));
#12636=CARTESIAN_POINT('',(1.825,0.204000489162664,0.52));
#12637=VECTOR('',#15188,1000.0);
#12638=CARTESIAN_POINT('',(1.825,0.254000489162664,0.52));
#12639=AXIS2_PLACEMENT_3D('',#15189,#15190,#15191);
#12640=CARTESIAN_POINT('',(1.825,0.346000489162664,0.52));
#12641=CARTESIAN_POINT('',(1.825,0.650000489162664,0.52));
#12642=VECTOR('',#15192,1000.0);
#12643=AXIS2_PLACEMENT_3D('',#15193,#15194,#15195);
#12644=COLOUR_RGB('',0.768627464771271,0.780392169952393,0.670588254928589);
#12645=CARTESIAN_POINT('',(1.725,0.5,-0.00999999999999998));
#12646=CARTESIAN_POINT('',(2.1625,0.5,-0.0100000000000002));
#12647=VECTOR('',#15196,1.0);
#12648=CARTESIAN_POINT('',(1.725,0.396000489162664,-0.00999999999999998));
#12649=CARTESIAN_POINT('',(1.725,-0.199999510837336,-0.01));
#12650=VECTOR('',#15197,1000.0);
#12651=CARTESIAN_POINT('',(1.725,0.396000489162664,-0.00999999999999998));
#12652=VECTOR('',#15198,1000.0);
#12653=COLOUR_RGB('',0.768627464771271,0.780392169952393,0.670588254928589);
#12654=CARTESIAN_POINT('',(1.725,0.5,-0.987721499890427));
#12655=CARTESIAN_POINT('',(1.725,0.5,-0.5855));
#12656=VECTOR('',#15199,1.0);
#12657=CARTESIAN_POINT('',(1.725,0.396000489162664,-0.7));
#12658=AXIS2_PLACEMENT_3D('',#15200,#15201,#15202);
#12659=CARTESIAN_POINT('',(1.725,0.396000489162664,0.266));
#12660=VECTOR('',#15203,1000.0);
#12661=COLOUR_RGB('',0.768627464771271,0.780392169952393,0.670588254928589);
#12662=CARTESIAN_POINT('',(2.275,0.5,-0.987721499890427));
#12663=CARTESIAN_POINT('',(2.0,0.5,-0.987721499890427));
#12664=VECTOR('',#15204,1.0);
#12665=CARTESIAN_POINT('',(2.275,0.396000489162664,-0.7));
#12666=AXIS2_PLACEMENT_3D('',#15205,#15206,#15207);
#12667=CARTESIAN_POINT('',(2.275,0.396000489162664,-0.7));
#12668=VECTOR('',#15208,1000.0);
#12669=COLOUR_RGB('',0.768627464771271,0.780392169952393,0.670588254928589);
#12670=CARTESIAN_POINT('',(1.85,4.35,-0.19));
#12671=CARTESIAN_POINT('',(1.85,4.35,-1.15));
#12672=CARTESIAN_POINT('',(1.85,4.35,-0.697903846153846));
#12673=VECTOR('',#15209,1.0);
#12674=CARTESIAN_POINT('',(1.85,3.1,-1.75737481401347E-14));
#12675=CARTESIAN_POINT('',(1.85,4.11828944076066,-0.154779994995624));
#12676=VECTOR('',#15210,1.0);
#12677=CARTESIAN_POINT('',(1.85,2.82260675667544,1.28305784111587E-15));
#12678=CARTESIAN_POINT('',(1.85,3.6855,1.33589481353803E-15));
#12679=VECTOR('',#15211,1.0);
#12680=CARTESIAN_POINT('',(1.85,2.89833676351525,0.22384375012839));
#12681=CARTESIAN_POINT('',(1.85,2.88536107567286,0.185490041363));
#12682=VECTOR('',#15212,1000.0);
#12683=CARTESIAN_POINT('',(1.85,3.0136522143662,0.266519633651201));
#12684=CARTESIAN_POINT('',(1.85,2.96201737183355,0.24741063733387));
#12685=VECTOR('',#15213,1000.0);
#12686=AXIS2_PLACEMENT_3D('',#15214,#15215,#15216);
#12687=CARTESIAN_POINT('',(1.85,4.39895967261276,-0.1771992322256));
#12688=CARTESIAN_POINT('',(1.85,2.88334732391,0.335557248435251));
#12689=VECTOR('',#15217,1000.0);
#12690=CARTESIAN_POINT('',(1.85,4.42299513264374,-0.10615490338016));
#12691=CARTESIAN_POINT('',(1.85,4.42299513264374,-0.10615490338016));
#12692=VECTOR('',#15218,1000.0);
#12693=CARTESIAN_POINT('',(1.85,4.60751829140817,-0.16858211015863));
#12694=CARTESIAN_POINT('',(1.85,3.04775468742765,0.359111463283461));
#12695=VECTOR('',#15219,1000.0);
#12696=AXIS2_PLACEMENT_3D('',#15220,#15221,#15222);
#12697=CARTESIAN_POINT('',(1.85,4.446,-1.15));
#12698=VECTOR('',#15223,1000.0);
#12699=COLOUR_RGB('',0.768627464771271,0.780392169952393,0.670588254928589);
#12700=CARTESIAN_POINT('',(1.9,2.76982281092013,1.27982575660509E-15));
#12701=AXIS2_PLACEMENT_3D('',#15224,#15225,#15226);
#12702=CARTESIAN_POINT('',(1.9,2.85861676185291,0.262458327879871));
#12703=CARTESIAN_POINT('',(1.9,2.46669133599823,-0.896));
#12704=VECTOR('',#15227,1000.0);
#12705=AXIS2_PLACEMENT_3D('',#15228,#15229,#15230);
#12706=COLOUR_RGB('',0.768627464771271,0.780392169952393,0.670588254928589);
#12707=CARTESIAN_POINT('',(2.1,2.76982281092014,1.27982575660509E-15));
#12708=CARTESIAN_POINT('',(3.525,2.76982281092014,1.27982575660509E-15));
#12709=VECTOR('',#15231,1.0);
#12710=CARTESIAN_POINT('',(2.1,2.85861676185291,0.26245832787987));
#12711=CARTESIAN_POINT('',(2.1,2.82598269263606,0.16599811692412));
#12712=VECTOR('',#15232,1000.0);
#12713=CARTESIAN_POINT('',(2.075,2.86892604789141,0.292930651127981));
#12714=CARTESIAN_POINT('',(2.075,2.86892604789141,0.292930651127981));
#12715=VECTOR('',#15233,1000.0);
#12716=CARTESIAN_POINT('',(1.925,2.86892604789141,0.292930651127981));
#12717=CARTESIAN_POINT('',(1.85,2.86892604789141,0.292930651127981));
#12718=VECTOR('',#15234,1000.0);
#12719=CARTESIAN_POINT('',(2.22013726950118,2.9906322291678,0.652671382280171));
#12720=VECTOR('',#15235,1000.0);
#12721=COLOUR_RGB('',0.768627464771271,0.780392169952393,0.670588254928589);
#12722=CARTESIAN_POINT('',(1.9,-0.0499995108373362,1.9999991418601));
#12723=CARTESIAN_POINT('',(1.6855,0.164500489162664,1.9999991418601));
#12724=VECTOR('',#15236,1000.0);
#12725=CARTESIAN_POINT('',(1.9,-0.0499995108373359,0.749668952091811));
#12726=CARTESIAN_POINT('',(1.9,-0.0499995108373359,0.749668952091811));
#12727=VECTOR('',#15237,1000.0);
#12728=CARTESIAN_POINT('',(1.9,-0.0499995108373359,0.57));
#12729=VECTOR('',#15238,1000.0);
#12730=COLOUR_RGB('',0.768627464771271,0.780392169952393,0.670588254928589);
#12731=CARTESIAN_POINT('',(1.725,-0.0499995108373359,0.749668952091811));
#12732=VECTOR('',#15239,1000.0);
#12733=COLOUR_RGB('',0.768627464771271,0.780392169952393,0.670588254928589);
#12734=CARTESIAN_POINT('',(2.175,0.204000489162664,0.57));
#12735=CARTESIAN_POINT('',(2.175,0.204000489162664,1.9999991418601));
#12736=CARTESIAN_POINT('',(2.175,0.204000489162664,0.52));
#12737=VECTOR('',#15240,1000.0);
#12738=CARTESIAN_POINT('',(1.725,0.204000489162664,0.57));
#12739=VECTOR('',#15241,1000.0);
#12740=CARTESIAN_POINT('',(1.725,0.204000489162664,1.9999991418601));
#12741=VECTOR('',#15242,1000.0);
#12742=COLOUR_RGB('',0.768627464771271,0.780392169952393,0.670588254928589);
#12743=CARTESIAN_POINT('',(2.175,0.254000489162664,0.52));
#12744=AXIS2_PLACEMENT_3D('',#15243,#15244,#15245);
#12745=CARTESIAN_POINT('',(2.275,0.254000489162664,0.52));
#12746=VECTOR('',#15246,1000.0);
#12747=COLOUR_RGB('',0.768627464771271,0.780392169952393,0.670588254928589);
#12748=CARTESIAN_POINT('',(2.175,0.346000489162664,0.52));
#12749=CARTESIAN_POINT('',(2.175,0.650000489162664,0.52));
#12750=VECTOR('',#15247,1000.0);
#12751=CARTESIAN_POINT('',(2.0,0.346000489162664,0.52));
#12752=VECTOR('',#15248,1000.0);
#12753=COLOUR_RGB('',0.768627464771271,0.780392169952393,0.670588254928589);
#12754=CARTESIAN_POINT('',(2.175,0.254000489162664,0.266));
#12755=CARTESIAN_POINT('',(2.175,0.346000489162664,0.266));
#12756=CARTESIAN_POINT('',(2.175,-0.0499995108373359,0.266));
#12757=VECTOR('',#15249,1000.0);
#12758=CARTESIAN_POINT('',(1.725,0.254000489162664,0.266));
#12759=VECTOR('',#15250,1000.0);
#12760=CARTESIAN_POINT('',(2.275,0.346000489162664,0.266));
#12761=VECTOR('',#15251,1000.0);
#12762=COLOUR_RGB('',0.768627464771271,0.780392169952393,0.670588254928589);
#12763=CARTESIAN_POINT('',(2.175,-0.0499995108373359,0.57));
#12764=AXIS2_PLACEMENT_3D('',#15252,#15253,#15254);
#12765=CARTESIAN_POINT('',(1.725,-0.0499995108373359,0.57));
#12766=VECTOR('',#15255,1000.0);
#12767=COLOUR_RGB('',0.768627464771271,0.780392169952393,0.670588254928589);
#12768=CARTESIAN_POINT('',(2.1,-0.0499995108373362,1.9999991418601));
#12769=CARTESIAN_POINT('',(1.725,-0.0499995108373362,1.9999991418601));
#12770=VECTOR('',#15256,1000.0);
#12771=CARTESIAN_POINT('',(2.175,-0.0499995108373359,0.789075964344281));
#12772=CARTESIAN_POINT('',(2.175,-0.0499995108373362,1.9999991418601));
#12773=VECTOR('',#15257,1000.0);
#12774=CARTESIAN_POINT('',(2.1,-0.0499995108373359,0.789075964344281));
#12775=CARTESIAN_POINT('',(1.725,-0.0499995108373359,0.789075964344281));
#12776=VECTOR('',#15258,1000.0);
#12777=CARTESIAN_POINT('',(2.1,-0.0499995108373362,1.9999991418601));
#12778=VECTOR('',#15259,1000.0);
#12779=COLOUR_RGB('',0.768627464771271,0.780392169952393,0.670588254928589);
#12780=CARTESIAN_POINT('',(2.175,0.0250004891626641,0.789075964344281));
#12781=CARTESIAN_POINT('',(2.175,0.0250004891626641,0.789075964344281));
#12782=VECTOR('',#15260,1000.0);
#12783=CARTESIAN_POINT('',(2.175,0.0250004891626641,0.789075964344281));
#12784=VECTOR('',#15261,1000.0);
#12785=COLOUR_RGB('',0.768627464771271,0.780392169952393,0.670588254928589);
#12786=CARTESIAN_POINT('',(2.175,0.0250004891626638,1.9999991418601));
#12787=CARTESIAN_POINT('',(2.0395,-0.110499510837337,1.9999991418601));
#12788=VECTOR('',#15262,1000.0);
#12789=CARTESIAN_POINT('',(2.175,0.0250004891626641,0.57));
#12790=VECTOR('',#15263,1000.0);
#12791=COLOUR_RGB('',0.768627464771271,0.780392169952393,0.670588254928589);
#12792=CARTESIAN_POINT('',(2.175,-0.199999510837336,1.9999991418601));
#12793=VECTOR('',#15264,1000.0);
#12794=COLOUR_RGB('',0.768627464771271,0.780392169952393,0.670588254928589);
#12795=CARTESIAN_POINT('',(2.175,0.5,0.478107135846892));
#12796=CARTESIAN_POINT('',(2.0,0.5,0.478107135846892));
#12797=VECTOR('',#15265,1.0);
#12798=AXIS2_PLACEMENT_3D('',#15266,#15267,#15268);
#12799=COLOUR_RGB('',0.768627464771271,0.780392169952393,0.670588254928589);
#12800=CARTESIAN_POINT('',(2.175,0.396000489162664,0.216));
#12801=CARTESIAN_POINT('',(1.725,0.396000489162664,0.216));
#12802=VECTOR('',#15269,1000.0);
#12803=AXIS2_PLACEMENT_3D('',#15270,#15271,#15272);
#12804=COLOUR_RGB('',0.768627464771271,0.780392169952393,0.670588254928589);
#12805=CARTESIAN_POINT('',(2.175,0.5,-0.00999999999999998));
#12806=CARTESIAN_POINT('',(2.175,0.5,-0.1425));
#12807=VECTOR('',#15273,1.0);
#12808=CARTESIAN_POINT('',(2.175,0.396000489162664,-0.00999999999999998));
#12809=CARTESIAN_POINT('',(2.175,0.396000489162664,0.266));
#12810=VECTOR('',#15274,1000.0);
#12811=CARTESIAN_POINT('',(2.175,-0.199999510837336,-0.01));
#12812=VECTOR('',#15275,1000.0);
#12813=COLOUR_RGB('',0.768627464771271,0.780392169952393,0.670588254928589);
#12814=CARTESIAN_POINT('',(2.275,0.5,-0.00999999999999998));
#12815=CARTESIAN_POINT('',(2.1625,0.5,-0.0100000000000002));
#12816=VECTOR('',#15276,1.0);
#12817=CARTESIAN_POINT('',(2.275,0.396000489162664,-0.00999999999999998));
#12818=CARTESIAN_POINT('',(1.725,0.396000489162664,-0.00999999999999998));
#12819=VECTOR('',#15277,1000.0);
#12820=CARTESIAN_POINT('',(2.275,-0.199999510837336,-0.01));
#12821=VECTOR('',#15278,1000.0);
#12822=COLOUR_RGB('',0.768627464771271,0.780392169952393,0.670588254928589);
#12823=CARTESIAN_POINT('',(2.275,0.396000489162664,0.266));
#12824=VECTOR('',#15279,1000.0);
#12825=COLOUR_RGB('',0.768627464771271,0.780392169952393,0.670588254928589);
#12826=CARTESIAN_POINT('',(2.275,0.5,-0.5855));
#12827=VECTOR('',#15280,1.0);
#12828=COLOUR_RGB('',0.768627464771271,0.780392169952393,0.670588254928589);
#12829=CARTESIAN_POINT('',(2.15,4.35,-1.15));
#12830=CARTESIAN_POINT('',(1.815,4.35,-1.15));
#12831=VECTOR('',#15281,1.0);
#12832=CARTESIAN_POINT('',(2.15,4.446,-1.15));
#12833=VECTOR('',#15282,1000.0);
#12834=COLOUR_RGB('',0.768627464771271,0.780392169952393,0.670588254928589);
#12835=CARTESIAN_POINT('',(2.07578044142927,3.01254124031305,0.345247517440801));
#12836=AXIS2_PLACEMENT_3D('',#15283,#15284,#15285);
#12837=CARTESIAN_POINT('',(2.15,3.0136522143662,0.266519633651201));
#12838=CARTESIAN_POINT('',(2.06874203683906,3.01243588419095,0.352713456464341));
#12839=VECTOR('',#15286,1000.0);
#12840=AXIS2_PLACEMENT_3D('',#15287,#15288,#15289);
#12841=COLOUR_RGB('',0.768627464771271,0.780392169952393,0.670588254928589);
#12842=CARTESIAN_POINT('',(2.075,2.99793883176789,0.340675636704831));
#12843=CARTESIAN_POINT('',(1.925,2.99793883176789,0.340675636704831));
#12844=CARTESIAN_POINT('',(1.85,2.9979388317679,0.340675636704831));
#12845=VECTOR('',#15290,1000.0);
#12846=AXIS2_PLACEMENT_3D('',#15291,#15292,#15293);
#12847=CARTESIAN_POINT('',(2.075,3.09807092006196,0.342088657690891));
#12848=AXIS2_PLACEMENT_3D('',#15294,#15295,#15296);
#12849=CARTESIAN_POINT('',(1.925,3.09807092006196,0.342088657690891));
#12850=CARTESIAN_POINT('',(1.85,3.09807092006195,0.342088657690881));
#12851=VECTOR('',#15297,1000.0);
#12852=AXIS2_PLACEMENT_3D('',#15298,#15299,#15300);
#12853=CARTESIAN_POINT('',(1.92421955857072,3.01254124031305,0.345247517440801));
#12854=AXIS2_PLACEMENT_3D('',#15301,#15302,#15303);
#12855=AXIS2_PLACEMENT_3D('',#15304,#15305,#15306);
#12856=COLOUR_RGB('',0.768627464771271,0.780392169952393,0.670588254928589);
#12857=CARTESIAN_POINT('',(2.02104412586451,3.01109189752467,0.447953508000151));
#12858=VECTOR('',#15307,1000.0);
#12859=COLOUR_RGB('',0.768627464771271,0.780392169952393,0.670588254928589);
#12860=CARTESIAN_POINT('',(1.925,2.86892604789141,0.292930651127981));
#12861=VECTOR('',#15308,1000.0);
#12862=COLOUR_RGB('',0.768627464771271,0.780392169952393,0.670588254928589);
#12863=CARTESIAN_POINT('',(2.15,2.89833676351525,0.22384375012839));
#12864=AXIS2_PLACEMENT_3D('',#15309,#15310,#15311);
#12865=CARTESIAN_POINT('',(2.15,3.97643376209665,0.622825340177581));
#12866=VECTOR('',#15312,1000.0);
#12867=CARTESIAN_POINT('',(2.075,2.86892604789141,0.292930651127981));
#12868=VECTOR('',#15313,1000.0);
#12869=COLOUR_RGB('',0.768627464771271,0.780392169952393,0.670588254928589);
#12870=CARTESIAN_POINT('',(2.07499999999999,4.42299513264374,-0.10615490338016));
#12871=CARTESIAN_POINT('',(2.15,4.42299513264374,-0.10615490338016));
#12872=CARTESIAN_POINT('',(2.075,4.42299513264374,-0.10615490338016));
#12873=VECTOR('',#15314,1000.0);
#12874=CARTESIAN_POINT('',(2.15,4.39895967261276,-0.1771992322256));
#12875=CARTESIAN_POINT('',(2.15,4.39895967261276,-0.1771992322256));
#12876=VECTOR('',#15315,1000.0);
#12877=CARTESIAN_POINT('',(2.15,4.42299513264374,-0.10615490338016));
#12878=VECTOR('',#15316,1000.0);
#12879=COLOUR_RGB('',0.768627464771271,0.780392169952393,0.670588254928589);
#12880=CARTESIAN_POINT('',(2.15,2.88334732391,0.335557248435251));
#12881=VECTOR('',#15317,1000.0);
#12882=CARTESIAN_POINT('',(2.075,2.90738278394097,0.406601577280691));
#12883=VECTOR('',#15318,1000.0);
#12884=COLOUR_RGB('',0.768627464771271,0.780392169952393,0.670588254928589);
#12885=CARTESIAN_POINT('',(1.925,4.42299513264374,-0.10615490338016));
#12886=CARTESIAN_POINT('',(1.925,4.42299513264374,-0.10615490338016));
#12887=VECTOR('',#15319,1000.0);
#12888=CARTESIAN_POINT('',(1.85,4.39895967261276,-0.1771992322256));
#12889=VECTOR('',#15320,1000.0);
#12890=COLOUR_RGB('',0.768627464771271,0.780392169952393,0.670588254928589);
#12891=CARTESIAN_POINT('',(1.925,2.90738278394097,0.406601577280691));
#12892=VECTOR('',#15321,1000.0);
#12893=COLOUR_RGB('',0.768627464771271,0.780392169952393,0.670588254928589);
#12894=CARTESIAN_POINT('',(2.15,4.35,-0.19));
#12895=CARTESIAN_POINT('',(2.15,4.35,-0.697903846153846));
#12896=VECTOR('',#15322,1.0);
#12897=CARTESIAN_POINT('',(2.15,4.60751829140817,-0.16858211015863));
#12898=AXIS2_PLACEMENT_3D('',#15323,#15324,#15325);
#12899=CARTESIAN_POINT('',(2.15,3.09807092006195,0.342088657690881));
#12900=VECTOR('',#15326,1000.0);
#12901=CARTESIAN_POINT('',(2.15,2.82260675667544,1.28305784111587E-15));
#12902=CARTESIAN_POINT('',(2.15,2.79322737842976,-0.08683995258133));
#12903=VECTOR('',#15327,1000.0);
#12904=CARTESIAN_POINT('',(2.15,3.1,-1.75737481401347E-14));
#12905=CARTESIAN_POINT('',(2.15,3.6855,1.33589481353803E-15));
#12906=VECTOR('',#15328,1.0);
#12907=CARTESIAN_POINT('',(2.15,4.11828944076066,-0.154779994995624));
#12908=VECTOR('',#15329,1.0);
#12909=COLOUR_RGB('',0.768627464771271,0.780392169952393,0.670588254928589);
#12910=CARTESIAN_POINT('',(1.85,4.60751829140817,-0.16858211015863));
#12911=VECTOR('',#15330,1000.0);
#12912=COLOUR_RGB('',0.768627464771271,0.780392169952393,0.670588254928589);
#12913=COLOUR_RGB('',0.768627464771271,0.780392169952393,0.670588254928589);
#12914=COLOUR_RGB('',0.768627464771271,0.780392169952393,0.670588254928589);
#12915=AXIS2_PLACEMENT_3D('',#15331,#15332,#15333);
#12916=COLOUR_RGB('',0.960784316062927,0.95686274766922,0.933333337306976);
#12917=CARTESIAN_POINT('',(2.22,4.35,-0.19));
#12918=CARTESIAN_POINT('',(1.78,4.35,-0.19));
#12919=VECTOR('',#15334,1.0);
#12920=CARTESIAN_POINT('',(2.22,4.35,-1.30961538461538));
#12921=CARTESIAN_POINT('',(2.22,4.35,-0.19));
#12922=VECTOR('',#15335,1.0);
#12923=CARTESIAN_POINT('',(1.78,4.35,-1.30961538461538));
#12924=CARTESIAN_POINT('',(1.78,4.35,-1.30961538461538));
#12925=VECTOR('',#15336,1.0);
#12926=CARTESIAN_POINT('',(1.78,4.35,-0.19));
#12927=CARTESIAN_POINT('',(1.78,4.35,-0.19));
#12928=VECTOR('',#15337,1.0);
#12929=CARTESIAN_POINT('',(1.78,4.35,-0.19));
#12930=VECTOR('',#15338,1.0);
#12931=COLOUR_RGB('',0.960784316062927,0.95686274766922,0.933333337306976);
#12932=CARTESIAN_POINT('',(2.22,3.1,-1.75737481401347E-14));
#12933=CARTESIAN_POINT('',(3.49,3.1,-1.75737481401347E-14));
#12934=VECTOR('',#15339,1.0);
#12935=CARTESIAN_POINT('',(2.22,3.1,-1.75737481401347E-14));
#12936=VECTOR('',#15340,1.0);
#12937=COLOUR_RGB('',0.768627464771271,0.780392169952393,0.670588254928589);
#12938=CARTESIAN_POINT('',(-0.175000000000003,0.5,-0.00999999999999998));
#12939=CARTESIAN_POINT('',(-0.175000000000003,0.5,0.478107135846892));
#12940=CARTESIAN_POINT('',(-0.175000000000003,0.5,0.862499570930051));
#12941=VECTOR('',#15341,1.0);
#12942=CARTESIAN_POINT('',(-0.175000000000003,0.396000489162664,-0.00999999999999998));
#12943=CARTESIAN_POINT('',(-0.175000000000003,-0.199999510837336,-0.01));
#12944=VECTOR('',#15342,1000.0);
#12945=CARTESIAN_POINT('',(-0.175000000000003,0.396000489162664,0.216));
#12946=CARTESIAN_POINT('',(-0.175000000000003,0.396000489162664,0.266));
#12947=VECTOR('',#15343,1000.0);
#12948=CARTESIAN_POINT('',(-0.175000000000003,0.346000489162664,0.266));
#12949=AXIS2_PLACEMENT_3D('',#15344,#15345,#15346);
#12950=CARTESIAN_POINT('',(-0.175000000000003,0.254000489162664,0.266));
#12951=CARTESIAN_POINT('',(-0.175000000000003,-0.0499995108373359,0.266));
#12952=VECTOR('',#15347,1000.0);
#12953=CARTESIAN_POINT('',(-0.175000000000003,-0.0499995108373359,0.57));
#12954=AXIS2_PLACEMENT_3D('',#15348,#15349,#15350);
#12955=CARTESIAN_POINT('',(-0.175000000000003,-0.0499995108373359,0.749668952091811));
#12956=CARTESIAN_POINT('',(-0.175000000000003,-0.0499995108373362,1.9999991418601));
#12957=VECTOR('',#15351,1000.0);
#12958=CARTESIAN_POINT('',(-0.175000000000003,0.0250004891626641,0.749668952091811));
#12959=CARTESIAN_POINT('',(-0.175000000000003,0.0250004891626641,0.749668952091811));
#12960=VECTOR('',#15352,1000.0);
#12961=CARTESIAN_POINT('',(-0.175000000000003,0.025000489162664,1.9999991418601));
#12962=CARTESIAN_POINT('',(-0.175000000000003,0.0250004891626638,1.9999991418601));
#12963=VECTOR('',#15353,1000.0);
#12964=CARTESIAN_POINT('',(-0.175000000000003,0.204000489162664,1.9999991418601));
#12965=CARTESIAN_POINT('',(-0.175000000000003,-0.199999510837336,1.9999991418601));
#12966=VECTOR('',#15354,1000.0);
#12967=CARTESIAN_POINT('',(-0.175000000000003,0.204000489162664,0.57));
#12968=CARTESIAN_POINT('',(-0.175000000000003,0.204000489162664,0.52));
#12969=VECTOR('',#15355,1000.0);
#12970=CARTESIAN_POINT('',(-0.175000000000003,0.254000489162664,0.52));
#12971=AXIS2_PLACEMENT_3D('',#15356,#15357,#15358);
#12972=CARTESIAN_POINT('',(-0.175000000000003,0.346000489162664,0.52));
#12973=CARTESIAN_POINT('',(-0.175000000000003,0.650000489162664,0.52));
#12974=VECTOR('',#15359,1000.0);
#12975=AXIS2_PLACEMENT_3D('',#15360,#15361,#15362);
#12976=COLOUR_RGB('',0.768627464771271,0.780392169952393,0.670588254928589);
#12977=CARTESIAN_POINT('',(-0.275000000000004,0.5,-0.00999999999999998));
#12978=CARTESIAN_POINT('',(1.1625,0.5,-0.0100000000000002));
#12979=VECTOR('',#15363,1.0);
#12980=CARTESIAN_POINT('',(-0.275000000000004,0.396000489162664,-0.00999999999999998));
#12981=CARTESIAN_POINT('',(-0.275000000000004,-0.199999510837336,-0.01));
#12982=VECTOR('',#15364,1000.0);
#12983=CARTESIAN_POINT('',(-0.275000000000004,0.396000489162664,-0.00999999999999998));
#12984=VECTOR('',#15365,1000.0);
#12985=COLOUR_RGB('',0.768627464771271,0.780392169952393,0.670588254928589);
#12986=CARTESIAN_POINT('',(-0.275000000000004,0.5,-0.987721499890427));
#12987=CARTESIAN_POINT('',(-0.275000000000004,0.5,-0.5855));
#12988=VECTOR('',#15366,1.0);
#12989=CARTESIAN_POINT('',(-0.275000000000004,0.396000489162664,-0.7));
#12990=AXIS2_PLACEMENT_3D('',#15367,#15368,#15369);
#12991=CARTESIAN_POINT('',(-0.275000000000004,0.396000489162664,0.266));
#12992=VECTOR('',#15370,1000.0);
#12993=COLOUR_RGB('',0.768627464771271,0.780392169952393,0.670588254928589);
#12994=CARTESIAN_POINT('',(0.274999999999997,0.5,-0.987721499890427));
#12995=CARTESIAN_POINT('',(-3.5527136788005E-15,0.5,-0.987721499890427));
#12996=VECTOR('',#15371,1.0);
#12997=CARTESIAN_POINT('',(0.274999999999997,0.396000489162664,-0.7));
#12998=AXIS2_PLACEMENT_3D('',#15372,#15373,#15374);
#12999=CARTESIAN_POINT('',(0.274999999999997,0.396000489162664,-0.7));
#13000=VECTOR('',#15375,1000.0);
#13001=COLOUR_RGB('',0.768627464771271,0.780392169952393,0.670588254928589);
#13002=CARTESIAN_POINT('',(-0.150000000000003,4.35,-0.19));
#13003=CARTESIAN_POINT('',(-0.150000000000003,4.35,-1.15));
#13004=CARTESIAN_POINT('',(-0.150000000000003,4.35,-0.697903846153846));
#13005=VECTOR('',#15376,1.0);
#13006=CARTESIAN_POINT('',(-0.150000000000003,3.1,-1.75737481401347E-14));
#13007=CARTESIAN_POINT('',(-0.150000000000003,4.11828944076066,-0.154779994995624));
#13008=VECTOR('',#15377,1.0);
#13009=CARTESIAN_POINT('',(-0.150000000000003,2.82260675667544,1.28305784111587E-15));
#13010=CARTESIAN_POINT('',(-0.150000000000003,3.6855,1.33589481353803E-15));
#13011=VECTOR('',#15378,1.0);
#13012=CARTESIAN_POINT('',(-0.150000000000003,2.89833676351525,0.22384375012839));
#13013=CARTESIAN_POINT('',(-0.150000000000003,2.88536107567286,0.185490041363));
#13014=VECTOR('',#15379,1000.0);
#13015=CARTESIAN_POINT('',(-0.150000000000003,3.0136522143662,0.266519633651201));
#13016=CARTESIAN_POINT('',(-0.150000000000003,2.96201737183355,0.24741063733387));
#13017=VECTOR('',#15380,1000.0);
#13018=AXIS2_PLACEMENT_3D('',#15381,#15382,#15383);
#13019=CARTESIAN_POINT('',(-0.15,4.39895967261276,-0.1771992322256));
#13020=CARTESIAN_POINT('',(-0.15,2.88334732391,0.335557248435251));
#13021=VECTOR('',#15384,1000.0);
#13022=CARTESIAN_POINT('',(-0.15,4.42299513264374,-0.10615490338016));
#13023=CARTESIAN_POINT('',(-0.15,4.42299513264374,-0.10615490338016));
#13024=VECTOR('',#15385,1000.0);
#13025=CARTESIAN_POINT('',(-0.150000000000003,4.60751829140817,-0.16858211015863));
#13026=CARTESIAN_POINT('',(-0.150000000000003,3.04775468742765,0.359111463283461));
#13027=VECTOR('',#15386,1000.0);
#13028=AXIS2_PLACEMENT_3D('',#15387,#15388,#15389);
#13029=CARTESIAN_POINT('',(-0.150000000000003,4.446,-1.15));
#13030=VECTOR('',#15390,1000.0);
#13031=COLOUR_RGB('',0.768627464771271,0.780392169952393,0.670588254928589);
#13032=CARTESIAN_POINT('',(-0.100000000000003,2.76982281092013,1.27982575660509E-15));
#13033=AXIS2_PLACEMENT_3D('',#15391,#15392,#15393);
#13034=CARTESIAN_POINT('',(-0.100000000000003,2.85861676185291,0.262458327879871));
#13035=CARTESIAN_POINT('',(-0.100000000000003,2.46669133599823,-0.896));
#13036=VECTOR('',#15394,1000.0);
#13037=AXIS2_PLACEMENT_3D('',#15395,#15396,#15397);
#13038=COLOUR_RGB('',0.768627464771271,0.780392169952393,0.670588254928589);
#13039=CARTESIAN_POINT('',(0.0999999999999965,2.76982281092014,1.27982575660509E-15));
#13040=CARTESIAN_POINT('',(2.525,2.76982281092014,1.27982575660509E-15));
#13041=VECTOR('',#15398,1.0);
#13042=CARTESIAN_POINT('',(0.0999999999999965,2.85861676185291,0.26245832787987));
#13043=CARTESIAN_POINT('',(0.0999999999999965,2.82598269263606,0.16599811692412));
#13044=VECTOR('',#15399,1000.0);
#13045=CARTESIAN_POINT('',(0.0749999999999966,2.86892604789141,0.292930651127981));
#13046=CARTESIAN_POINT('',(0.0749999999999966,2.86892604789141,0.292930651127981));
#13047=VECTOR('',#15400,1000.0);
#13048=CARTESIAN_POINT('',(-0.0750000000000037,2.86892604789141,0.292930651127981));
#13049=CARTESIAN_POINT('',(-0.150000000000003,2.86892604789141,0.292930651127981));
#13050=VECTOR('',#15401,1000.0);
#13051=CARTESIAN_POINT('',(0.220137269501176,2.9906322291678,0.652671382280171));
#13052=VECTOR('',#15402,1000.0);
#13053=COLOUR_RGB('',0.768627464771271,0.780392169952393,0.670588254928589);
#13054=CARTESIAN_POINT('',(-0.1,-0.0499995108373362,1.9999991418601));
#13055=CARTESIAN_POINT('',(-0.314500000000004,0.164500489162664,1.9999991418601));
#13056=VECTOR('',#15403,1000.0);
#13057=CARTESIAN_POINT('',(-0.100000000000001,-0.0499995108373359,0.749668952091811));
#13058=CARTESIAN_POINT('',(-0.100000000000001,-0.0499995108373359,0.749668952091811));
#13059=VECTOR('',#15404,1000.0);
#13060=CARTESIAN_POINT('',(-0.100000000000001,-0.0499995108373359,0.57));
#13061=VECTOR('',#15405,1000.0);
#13062=COLOUR_RGB('',0.768627464771271,0.780392169952393,0.670588254928589);
#13063=CARTESIAN_POINT('',(-0.275000000000004,-0.0499995108373359,0.749668952091811));
#13064=VECTOR('',#15406,1000.0);
#13065=COLOUR_RGB('',0.768627464771271,0.780392169952393,0.670588254928589);
#13066=CARTESIAN_POINT('',(0.174999999999997,0.204000489162664,0.57));
#13067=CARTESIAN_POINT('',(0.175,0.204000489162664,1.9999991418601));
#13068=CARTESIAN_POINT('',(0.174999999999997,0.204000489162664,0.52));
#13069=VECTOR('',#15407,1000.0);
#13070=CARTESIAN_POINT('',(-0.275000000000004,0.204000489162664,0.57));
#13071=VECTOR('',#15408,1000.0);
#13072=CARTESIAN_POINT('',(-0.275000000000004,0.204000489162664,1.9999991418601));
#13073=VECTOR('',#15409,1000.0);
#13074=COLOUR_RGB('',0.768627464771271,0.780392169952393,0.670588254928589);
#13075=CARTESIAN_POINT('',(0.174999999999997,0.254000489162664,0.52));
#13076=AXIS2_PLACEMENT_3D('',#15410,#15411,#15412);
#13077=CARTESIAN_POINT('',(0.274999999999997,0.254000489162664,0.52));
#13078=VECTOR('',#15413,1000.0);
#13079=COLOUR_RGB('',0.768627464771271,0.780392169952393,0.670588254928589);
#13080=CARTESIAN_POINT('',(0.174999999999997,0.346000489162664,0.52));
#13081=CARTESIAN_POINT('',(0.174999999999997,0.650000489162664,0.52));
#13082=VECTOR('',#15414,1000.0);
#13083=CARTESIAN_POINT('',(-1.33226762955019E-15,0.346000489162664,0.52));
#13084=VECTOR('',#15415,1000.0);
#13085=COLOUR_RGB('',0.768627464771271,0.780392169952393,0.670588254928589);
#13086=CARTESIAN_POINT('',(0.174999999999997,0.254000489162664,0.266));
#13087=CARTESIAN_POINT('',(0.174999999999997,0.346000489162664,0.266));
#13088=CARTESIAN_POINT('',(0.174999999999997,-0.0499995108373359,0.266));
#13089=VECTOR('',#15416,1000.0);
#13090=CARTESIAN_POINT('',(-0.275000000000004,0.254000489162664,0.266));
#13091=VECTOR('',#15417,1000.0);
#13092=CARTESIAN_POINT('',(0.274999999999997,0.346000489162664,0.266));
#13093=VECTOR('',#15418,1000.0);
#13094=COLOUR_RGB('',0.768627464771271,0.780392169952393,0.670588254928589);
#13095=CARTESIAN_POINT('',(0.174999999999997,-0.0499995108373359,0.57));
#13096=AXIS2_PLACEMENT_3D('',#15419,#15420,#15421);
#13097=CARTESIAN_POINT('',(-0.275000000000004,-0.0499995108373359,0.57));
#13098=VECTOR('',#15422,1000.0);
#13099=COLOUR_RGB('',0.768627464771271,0.780392169952393,0.670588254928589);
#13100=CARTESIAN_POINT('',(0.1,-0.0499995108373362,1.9999991418601));
#13101=CARTESIAN_POINT('',(-0.275000000000004,-0.0499995108373362,1.9999991418601));
#13102=VECTOR('',#15423,1000.0);
#13103=CARTESIAN_POINT('',(0.174999999999997,-0.0499995108373359,0.789075964344281));
#13104=CARTESIAN_POINT('',(0.175,-0.0499995108373362,1.9999991418601));
#13105=VECTOR('',#15424,1000.0);
#13106=CARTESIAN_POINT('',(0.0999999999999983,-0.0499995108373359,0.789075964344281));
#13107=CARTESIAN_POINT('',(-0.275000000000004,-0.0499995108373359,0.789075964344281));
#13108=VECTOR('',#15425,1000.0);
#13109=CARTESIAN_POINT('',(0.1,-0.0499995108373362,1.9999991418601));
#13110=VECTOR('',#15426,1000.0);
#13111=COLOUR_RGB('',0.768627464771271,0.780392169952393,0.670588254928589);
#13112=CARTESIAN_POINT('',(0.174999999999997,0.0250004891626641,0.789075964344281));
#13113=CARTESIAN_POINT('',(0.174999999999997,0.0250004891626641,0.789075964344281));
#13114=VECTOR('',#15427,1000.0);
#13115=CARTESIAN_POINT('',(0.174999999999997,0.0250004891626641,0.789075964344281));
#13116=VECTOR('',#15428,1000.0);
#13117=COLOUR_RGB('',0.768627464771271,0.780392169952393,0.670588254928589);
#13118=CARTESIAN_POINT('',(0.175,0.0250004891626638,1.9999991418601));
#13119=CARTESIAN_POINT('',(0.039499999999999,-0.110499510837337,1.9999991418601));
#13120=VECTOR('',#15429,1000.0);
#13121=CARTESIAN_POINT('',(0.174999999999997,0.0250004891626641,0.57));
#13122=VECTOR('',#15430,1000.0);
#13123=COLOUR_RGB('',0.768627464771271,0.780392169952393,0.670588254928589);
#13124=CARTESIAN_POINT('',(0.175,-0.199999510837336,1.9999991418601));
#13125=VECTOR('',#15431,1000.0);
#13126=COLOUR_RGB('',0.768627464771271,0.780392169952393,0.670588254928589);
#13127=CARTESIAN_POINT('',(0.174999999999997,0.5,0.478107135846892));
#13128=CARTESIAN_POINT('',(-2.66453525910038E-15,0.5,0.478107135846892));
#13129=VECTOR('',#15432,1.0);
#13130=AXIS2_PLACEMENT_3D('',#15433,#15434,#15435);
#13131=COLOUR_RGB('',0.768627464771271,0.780392169952393,0.670588254928589);
#13132=CARTESIAN_POINT('',(0.174999999999997,0.396000489162664,0.216));
#13133=CARTESIAN_POINT('',(-0.275000000000004,0.396000489162664,0.216));
#13134=VECTOR('',#15436,1000.0);
#13135=AXIS2_PLACEMENT_3D('',#15437,#15438,#15439);
#13136=COLOUR_RGB('',0.768627464771271,0.780392169952393,0.670588254928589);
#13137=CARTESIAN_POINT('',(0.174999999999997,0.5,-0.00999999999999998));
#13138=CARTESIAN_POINT('',(0.174999999999997,0.5,-0.1425));
#13139=VECTOR('',#15440,1.0);
#13140=CARTESIAN_POINT('',(0.174999999999997,0.396000489162664,-0.00999999999999998));
#13141=CARTESIAN_POINT('',(0.174999999999997,0.396000489162664,0.266));
#13142=VECTOR('',#15441,1000.0);
#13143=CARTESIAN_POINT('',(0.174999999999997,-0.199999510837336,-0.01));
#13144=VECTOR('',#15442,1000.0);
#13145=COLOUR_RGB('',0.768627464771271,0.780392169952393,0.670588254928589);
#13146=CARTESIAN_POINT('',(0.274999999999997,0.5,-0.00999999999999998));
#13147=CARTESIAN_POINT('',(1.1625,0.5,-0.0100000000000002));
#13148=VECTOR('',#15443,1.0);
#13149=CARTESIAN_POINT('',(0.274999999999997,0.396000489162664,-0.00999999999999998));
#13150=CARTESIAN_POINT('',(-0.275000000000004,0.396000489162664,-0.00999999999999998));
#13151=VECTOR('',#15444,1000.0);
#13152=CARTESIAN_POINT('',(0.274999999999997,-0.199999510837336,-0.01));
#13153=VECTOR('',#15445,1000.0);
#13154=COLOUR_RGB('',0.768627464771271,0.780392169952393,0.670588254928589);
#13155=CARTESIAN_POINT('',(0.274999999999997,0.396000489162664,0.266));
#13156=VECTOR('',#15446,1000.0);
#13157=COLOUR_RGB('',0.768627464771271,0.780392169952393,0.670588254928589);
#13158=CARTESIAN_POINT('',(0.274999999999997,0.5,-0.5855));
#13159=VECTOR('',#15447,1.0);
#13160=COLOUR_RGB('',0.768627464771271,0.780392169952393,0.670588254928589);
#13161=CARTESIAN_POINT('',(0.149999999999996,4.35,-1.15));
#13162=CARTESIAN_POINT('',(-0.185000000000001,4.35,-1.15));
#13163=VECTOR('',#15448,1.0);
#13164=CARTESIAN_POINT('',(0.149999999999996,4.446,-1.15));
#13165=VECTOR('',#15449,1000.0);
#13166=COLOUR_RGB('',0.768627464771271,0.780392169952393,0.670588254928589);
#13167=CARTESIAN_POINT('',(0.0757804414292722,3.01254124031305,0.345247517440801));
#13168=AXIS2_PLACEMENT_3D('',#15450,#15451,#15452);
#13169=CARTESIAN_POINT('',(0.149999999999996,3.0136522143662,0.266519633651201));
#13170=CARTESIAN_POINT('',(0.0687420368390574,3.01243588419095,0.352713456464341));
#13171=VECTOR('',#15453,1000.0);
#13172=AXIS2_PLACEMENT_3D('',#15454,#15455,#15456);
#13173=COLOUR_RGB('',0.768627464771271,0.780392169952393,0.670588254928589);
#13174=CARTESIAN_POINT('',(0.0749999999999966,2.99793883176789,0.340675636704831));
#13175=CARTESIAN_POINT('',(-0.0750000000000037,2.99793883176789,0.340675636704831));
#13176=CARTESIAN_POINT('',(-0.150000000000003,2.9979388317679,0.340675636704831));
#13177=VECTOR('',#15457,1000.0);
#13178=AXIS2_PLACEMENT_3D('',#15458,#15459,#15460);
#13179=CARTESIAN_POINT('',(0.0749999999999953,3.09807092006196,0.342088657690891));
#13180=AXIS2_PLACEMENT_3D('',#15461,#15462,#15463);
#13181=CARTESIAN_POINT('',(-0.075000000000002,3.09807092006196,0.342088657690891));
#13182=CARTESIAN_POINT('',(-0.150000000000003,3.09807092006195,0.342088657690881));
#13183=VECTOR('',#15464,1000.0);
#13184=AXIS2_PLACEMENT_3D('',#15465,#15466,#15467);
#13185=CARTESIAN_POINT('',(-0.0757804414292793,3.01254124031305,0.345247517440801));
#13186=AXIS2_PLACEMENT_3D('',#15468,#15469,#15470);
#13187=AXIS2_PLACEMENT_3D('',#15471,#15472,#15473);
#13188=COLOUR_RGB('',0.768627464771271,0.780392169952393,0.670588254928589);
#13189=CARTESIAN_POINT('',(0.0210441258645093,3.01109189752467,0.447953508000151));
#13190=VECTOR('',#15474,1000.0);
#13191=COLOUR_RGB('',0.768627464771271,0.780392169952393,0.670588254928589);
#13192=CARTESIAN_POINT('',(-0.0750000000000037,2.86892604789141,0.292930651127981));
#13193=VECTOR('',#15475,1000.0);
#13194=COLOUR_RGB('',0.768627464771271,0.780392169952393,0.670588254928589);
#13195=CARTESIAN_POINT('',(0.149999999999996,2.89833676351525,0.22384375012839));
#13196=AXIS2_PLACEMENT_3D('',#15476,#15477,#15478);
#13197=CARTESIAN_POINT('',(0.149999999999996,3.97643376209665,0.622825340177581));
#13198=VECTOR('',#15479,1000.0);
#13199=CARTESIAN_POINT('',(0.0749999999999966,2.86892604789141,0.292930651127981));
#13200=VECTOR('',#15480,1000.0);
#13201=COLOUR_RGB('',0.768627464771271,0.780392169952393,0.670588254928589);
#13202=CARTESIAN_POINT('',(0.0749999999999948,4.42299513264374,-0.10615490338016));
#13203=CARTESIAN_POINT('',(0.149999999999995,4.42299513264374,-0.10615490338016));
#13204=CARTESIAN_POINT('',(0.0749999999999953,4.42299513264374,-0.10615490338016));
#13205=VECTOR('',#15481,1000.0);
#13206=CARTESIAN_POINT('',(0.149999999999995,4.39895967261276,-0.1771992322256));
#13207=CARTESIAN_POINT('',(0.149999999999995,4.39895967261276,-0.1771992322256));
#13208=VECTOR('',#15482,1000.0);
#13209=CARTESIAN_POINT('',(0.149999999999995,4.42299513264374,-0.10615490338016));
#13210=VECTOR('',#15483,1000.0);
#13211=COLOUR_RGB('',0.768627464771271,0.780392169952393,0.670588254928589);
#13212=CARTESIAN_POINT('',(0.149999999999995,2.88334732391,0.335557248435251));
#13213=VECTOR('',#15484,1000.0);
#13214=CARTESIAN_POINT('',(0.0749999999999953,2.90738278394097,0.406601577280691));
#13215=VECTOR('',#15485,1000.0);
#13216=COLOUR_RGB('',0.768627464771271,0.780392169952393,0.670588254928589);
#13217=CARTESIAN_POINT('',(-0.075000000000002,4.42299513264374,-0.10615490338016));
#13218=CARTESIAN_POINT('',(-0.075000000000002,4.42299513264374,-0.10615490338016));
#13219=VECTOR('',#15486,1000.0);
#13220=CARTESIAN_POINT('',(-0.15,4.39895967261276,-0.1771992322256));
#13221=VECTOR('',#15487,1000.0);
#13222=COLOUR_RGB('',0.768627464771271,0.780392169952393,0.670588254928589);
#13223=CARTESIAN_POINT('',(-0.075000000000002,2.90738278394097,0.406601577280691));
#13224=VECTOR('',#15488,1000.0);
#13225=COLOUR_RGB('',0.768627464771271,0.780392169952393,0.670588254928589);
#13226=CARTESIAN_POINT('',(0.149999999999996,4.35,-0.19));
#13227=CARTESIAN_POINT('',(0.149999999999996,4.35,-0.697903846153846));
#13228=VECTOR('',#15489,1.0);
#13229=CARTESIAN_POINT('',(0.149999999999996,4.60751829140817,-0.16858211015863));
#13230=AXIS2_PLACEMENT_3D('',#15490,#15491,#15492);
#13231=CARTESIAN_POINT('',(0.149999999999996,3.09807092006195,0.342088657690881));
#13232=VECTOR('',#15493,1000.0);
#13233=CARTESIAN_POINT('',(0.149999999999996,2.82260675667544,1.28305784111587E-15));
#13234=CARTESIAN_POINT('',(0.149999999999996,2.79322737842976,-0.08683995258133));
#13235=VECTOR('',#15494,1000.0);
#13236=CARTESIAN_POINT('',(0.149999999999996,3.1,-1.75737481401347E-14));
#13237=CARTESIAN_POINT('',(0.149999999999996,3.6855,1.33589481353803E-15));
#13238=VECTOR('',#15495,1.0);
#13239=CARTESIAN_POINT('',(0.149999999999996,4.11828944076066,-0.154779994995624));
#13240=VECTOR('',#15496,1.0);
#13241=COLOUR_RGB('',0.768627464771271,0.780392169952393,0.670588254928589);
#13242=CARTESIAN_POINT('',(-0.150000000000003,4.60751829140817,-0.16858211015863));
#13243=VECTOR('',#15497,1000.0);
#13244=COLOUR_RGB('',0.768627464771271,0.780392169952393,0.670588254928589);
#13245=COLOUR_RGB('',0.768627464771271,0.780392169952393,0.670588254928589);
#13246=COLOUR_RGB('',0.768627464771271,0.780392169952393,0.670588254928589);
#13247=AXIS2_PLACEMENT_3D('',#15498,#15499,#15500);
#13248=COLOUR_RGB('',0.960784316062927,0.95686274766922,0.933333337306976);
#13249=CARTESIAN_POINT('',(0.22,4.35,-0.19));
#13250=CARTESIAN_POINT('',(-0.22,4.35,-0.19));
#13251=VECTOR('',#15501,1.0);
#13252=CARTESIAN_POINT('',(0.22,4.35,-1.30961538461538));
#13253=CARTESIAN_POINT('',(0.22,4.35,-0.19));
#13254=VECTOR('',#15502,1.0);
#13255=CARTESIAN_POINT('',(-0.22,4.35,-1.30961538461538));
#13256=CARTESIAN_POINT('',(-0.22,4.35,-1.30961538461538));
#13257=VECTOR('',#15503,1.0);
#13258=CARTESIAN_POINT('',(-0.22,4.35,-0.19));
#13259=CARTESIAN_POINT('',(-0.22,4.35,-0.19));
#13260=VECTOR('',#15504,1.0);
#13261=CARTESIAN_POINT('',(-0.22,4.35,-0.19));
#13262=VECTOR('',#15505,1.0);
#13263=COLOUR_RGB('',0.960784316062927,0.95686274766922,0.933333337306976);
#13264=CARTESIAN_POINT('',(0.22,3.1,-1.75737481401347E-14));
#13265=CARTESIAN_POINT('',(2.49,3.1,-1.75737481401347E-14));
#13266=VECTOR('',#15506,1.0);
#13267=CARTESIAN_POINT('',(0.22,3.1,-1.75737481401347E-14));
#13268=VECTOR('',#15507,1.0);
#13269=COLOUR_RGB('',0.960784316062927,0.95686274766922,0.933333337306976);
#13270=CARTESIAN_POINT('',(0.324999999999997,0.5,-1.4));
#13271=CARTESIAN_POINT('',(0.324999999999993,0.65,-1.4));
#13272=CARTESIAN_POINT('',(0.324999999999997,0.65,-1.4));
#13273=VECTOR('',#15508,1000.0);
#13274=CARTESIAN_POINT('',(-0.325,0.5,-1.4));
#13275=CARTESIAN_POINT('',(2.5,0.5,-1.4));
#13276=VECTOR('',#15509,1.0);
#13277=CARTESIAN_POINT('',(-0.325,0.65,-1.4));
#13278=CARTESIAN_POINT('',(-0.325,0.65,-1.4));
#13279=VECTOR('',#15510,1000.0);
#13280=CARTESIAN_POINT('',(5.315,0.65,-1.4));
#13281=VECTOR('',#15511,1000.0);
#13282=COLOUR_RGB('',0.960784316062927,0.95686274766922,0.933333337306976);
#13283=CARTESIAN_POINT('',(1.325,0.5,-1.4));
#13284=CARTESIAN_POINT('',(1.32499999999999,0.65,-1.4));
#13285=CARTESIAN_POINT('',(1.325,0.65,-1.4));
#13286=VECTOR('',#15512,1000.0);
#13287=CARTESIAN_POINT('',(0.674999999999997,0.5,-1.4));
#13288=CARTESIAN_POINT('',(2.5,0.5,-1.4));
#13289=VECTOR('',#15513,1.0);
#13290=CARTESIAN_POINT('',(0.674999999999997,0.649999999999999,-1.4));
#13291=CARTESIAN_POINT('',(0.674999999999997,0.65,-1.4));
#13292=VECTOR('',#15514,1000.0);
#13293=CARTESIAN_POINT('',(5.315,0.65,-1.4));
#13294=VECTOR('',#15515,1000.0);
#13295=COLOUR_RGB('',0.960784316062927,0.95686274766922,0.933333337306976);
#13296=CARTESIAN_POINT('',(2.325,0.5,-1.4));
#13297=CARTESIAN_POINT('',(2.32499999999999,0.65,-1.4));
#13298=CARTESIAN_POINT('',(2.325,0.65,-1.4));
#13299=VECTOR('',#15516,1000.0);
#13300=CARTESIAN_POINT('',(1.675,0.5,-1.4));
#13301=CARTESIAN_POINT('',(2.5,0.5,-1.4));
#13302=VECTOR('',#15517,1.0);
#13303=CARTESIAN_POINT('',(1.675,0.65,-1.4));
#13304=CARTESIAN_POINT('',(1.675,0.65,-1.4));
#13305=VECTOR('',#15518,1000.0);
#13306=CARTESIAN_POINT('',(5.315,0.65,-1.4));
#13307=VECTOR('',#15519,1000.0);
#13308=COLOUR_RGB('',0.960784316062927,0.95686274766922,0.933333337306976);
#13309=CARTESIAN_POINT('',(3.325,0.5,-1.4));
#13310=CARTESIAN_POINT('',(3.32499999999999,0.65,-1.4));
#13311=CARTESIAN_POINT('',(3.325,0.65,-1.4));
#13312=VECTOR('',#15520,1000.0);
#13313=CARTESIAN_POINT('',(2.675,0.5,-1.4));
#13314=CARTESIAN_POINT('',(2.5,0.5,-1.4));
#13315=VECTOR('',#15521,1.0);
#13316=CARTESIAN_POINT('',(2.675,0.65,-1.4));
#13317=CARTESIAN_POINT('',(2.675,0.65,-1.4));
#13318=VECTOR('',#15522,1000.0);
#13319=CARTESIAN_POINT('',(5.315,0.65,-1.4));
#13320=VECTOR('',#15523,1000.0);
#13321=COLOUR_RGB('',0.960784316062927,0.95686274766922,0.933333337306976);
#13322=CARTESIAN_POINT('',(4.325,0.5,-1.4));
#13323=CARTESIAN_POINT('',(4.32499999999999,0.65,-1.4));
#13324=CARTESIAN_POINT('',(4.325,0.65,-1.4));
#13325=VECTOR('',#15524,1000.0);
#13326=CARTESIAN_POINT('',(3.675,0.5,-1.4));
#13327=CARTESIAN_POINT('',(2.5,0.5,-1.4));
#13328=VECTOR('',#15525,1.0);
#13329=CARTESIAN_POINT('',(3.675,0.65,-1.4));
#13330=CARTESIAN_POINT('',(3.675,0.65,-1.4));
#13331=VECTOR('',#15526,1000.0);
#13332=CARTESIAN_POINT('',(5.315,0.65,-1.4));
#13333=VECTOR('',#15527,1000.0);
#13334=COLOUR_RGB('',0.960784316062927,0.95686274766922,0.933333337306976);
#13335=CARTESIAN_POINT('',(0.390624999999996,0.5,-0.62));
#13336=CARTESIAN_POINT('',(0.390625000000001,0.5,-1.4));
#13337=CARTESIAN_POINT('',(0.390624999999989,0.5,0.287499999999993));
#13338=VECTOR('',#15528,1.0);
#13339=CARTESIAN_POINT('',(0.324999999999997,0.5,-0.62));
#13340=CARTESIAN_POINT('',(-5.9075,0.5,-0.62));
#13341=VECTOR('',#15529,1.0);
#13342=CARTESIAN_POINT('',(0.324999999999997,0.5,0.85));
#13343=CARTESIAN_POINT('',(0.324999999999997,0.5,0.85));
#13344=VECTOR('',#15530,1000.0);
#13345=CARTESIAN_POINT('',(-0.325,0.5,0.85));
#13346=CARTESIAN_POINT('',(2.5,0.5,0.85));
#13347=VECTOR('',#15531,1.0);
#13348=CARTESIAN_POINT('',(-0.325,0.499999999999938,-0.62));
#13349=CARTESIAN_POINT('',(-0.325,0.5,-0.62));
#13350=VECTOR('',#15532,1000.0);
#13351=CARTESIAN_POINT('',(-0.390625,0.5,-0.62));
#13352=CARTESIAN_POINT('',(1.0925,0.5,-0.62));
#13353=VECTOR('',#15533,1.0);
#13354=CARTESIAN_POINT('',(-0.390625000000005,0.5,-1.4));
#13355=CARTESIAN_POINT('',(-0.390625000000001,0.5,0.287500000000003));
#13356=VECTOR('',#15534,1.0);
#13357=CARTESIAN_POINT('',(1.4075,0.5,-1.4));
#13358=VECTOR('',#15535,1.0);
#13359=CARTESIAN_POINT('',(-5.5925,0.5,-1.4));
#13360=VECTOR('',#15536,1.0);
#13361=COLOUR_RGB('',0.960784316062927,0.95686274766922,0.933333337306976);
#13362=CARTESIAN_POINT('',(1.390625,0.5,-0.62));
#13363=CARTESIAN_POINT('',(1.390625,0.5,-1.4));
#13364=CARTESIAN_POINT('',(1.39062499999999,0.5,0.287499999999996));
#13365=VECTOR('',#15537,1.0);
#13366=CARTESIAN_POINT('',(1.325,0.5,-0.62));
#13367=CARTESIAN_POINT('',(-5.4075,0.5,-0.62));
#13368=VECTOR('',#15538,1.0);
#13369=CARTESIAN_POINT('',(1.325,0.5,0.85));
#13370=CARTESIAN_POINT('',(1.325,0.5,0.85));
#13371=VECTOR('',#15539,1000.0);
#13372=CARTESIAN_POINT('',(0.674999999999997,0.5,0.85));
#13373=CARTESIAN_POINT('',(2.5,0.5,0.85));
#13374=VECTOR('',#15540,1.0);
#13375=CARTESIAN_POINT('',(0.674999999999997,0.5,-0.62));
#13376=CARTESIAN_POINT('',(0.674999999999997,0.5,-0.62));
#13377=VECTOR('',#15541,1000.0);
#13378=CARTESIAN_POINT('',(0.609374999999994,0.5,-0.62));
#13379=CARTESIAN_POINT('',(-5.9075,0.5,-0.62));
#13380=VECTOR('',#15542,1.0);
#13381=CARTESIAN_POINT('',(0.609374999999992,0.5,-1.4));
#13382=CARTESIAN_POINT('',(0.609374999999995,0.5,0.287500000000002));
#13383=VECTOR('',#15543,1.0);
#13384=CARTESIAN_POINT('',(-5.5925,0.5,-1.4));
#13385=VECTOR('',#15544,1.0);
#13386=CARTESIAN_POINT('',(-5.0925,0.5,-1.4));
#13387=VECTOR('',#15545,1.0);
#13388=COLOUR_RGB('',0.960784316062927,0.95686274766922,0.933333337306976);
#13389=CARTESIAN_POINT('',(2.390625,0.5,-0.62));
#13390=CARTESIAN_POINT('',(2.390625,0.5,-1.4));
#13391=CARTESIAN_POINT('',(2.39062499999999,0.5,0.2875));
#13392=VECTOR('',#15546,1.0);
#13393=CARTESIAN_POINT('',(2.325,0.5,-0.62));
#13394=CARTESIAN_POINT('',(-4.9075,0.5,-0.62));
#13395=VECTOR('',#15547,1.0);
#13396=CARTESIAN_POINT('',(2.325,0.5,0.85));
#13397=CARTESIAN_POINT('',(2.325,0.5,0.85));
#13398=VECTOR('',#15548,1000.0);
#13399=CARTESIAN_POINT('',(1.675,0.5,0.85));
#13400=CARTESIAN_POINT('',(2.5,0.5,0.85));
#13401=VECTOR('',#15549,1.0);
#13402=CARTESIAN_POINT('',(1.675,0.5,-0.62));
#13403=CARTESIAN_POINT('',(1.675,0.5,-0.62));
#13404=VECTOR('',#15550,1000.0);
#13405=CARTESIAN_POINT('',(1.60937499999999,0.5,-0.62));
#13406=CARTESIAN_POINT('',(-5.4075,0.5,-0.62));
#13407=VECTOR('',#15551,1.0);
#13408=CARTESIAN_POINT('',(1.60937499999999,0.5,-1.4));
#13409=CARTESIAN_POINT('',(1.609375,0.5,0.287500000000001));
#13410=VECTOR('',#15552,1.0);
#13411=CARTESIAN_POINT('',(-5.0925,0.5,-1.4));
#13412=VECTOR('',#15553,1.0);
#13413=CARTESIAN_POINT('',(-4.5925,0.5,-1.4));
#13414=VECTOR('',#15554,1.0);
#13415=COLOUR_RGB('',0.960784316062927,0.95686274766922,0.933333337306976);
#13416=CARTESIAN_POINT('',(3.390625,0.5,-0.62));
#13417=CARTESIAN_POINT('',(3.390625,0.5,-1.4));
#13418=CARTESIAN_POINT('',(3.39062499999999,0.5,0.287500000000003));
#13419=VECTOR('',#15555,1.0);
#13420=CARTESIAN_POINT('',(3.325,0.5,-0.62));
#13421=CARTESIAN_POINT('',(-4.4075,0.5,-0.62));
#13422=VECTOR('',#15556,1.0);
#13423=CARTESIAN_POINT('',(3.325,0.5,0.85));
#13424=CARTESIAN_POINT('',(3.325,0.5,0.85));
#13425=VECTOR('',#15557,1000.0);
#13426=CARTESIAN_POINT('',(2.675,0.5,0.85));
#13427=CARTESIAN_POINT('',(2.5,0.5,0.85));
#13428=VECTOR('',#15558,1.0);
#13429=CARTESIAN_POINT('',(2.675,0.5,-0.62));
#13430=CARTESIAN_POINT('',(2.675,0.5,-0.62));
#13431=VECTOR('',#15559,1000.0);
#13432=CARTESIAN_POINT('',(2.60937499999999,0.5,-0.62));
#13433=CARTESIAN_POINT('',(-4.9075,0.5,-0.62));
#13434=VECTOR('',#15560,1.0);
#13435=CARTESIAN_POINT('',(2.60937499999999,0.5,-1.4));
#13436=CARTESIAN_POINT('',(2.609375,0.5,0.2875));
#13437=VECTOR('',#15561,1.0);
#13438=CARTESIAN_POINT('',(-4.5925,0.5,-1.4));
#13439=VECTOR('',#15562,1.0);
#13440=CARTESIAN_POINT('',(-4.0925,0.5,-1.4));
#13441=VECTOR('',#15563,1.0);
#13442=COLOUR_RGB('',0.960784316062927,0.95686274766922,0.933333337306976);
#13443=CARTESIAN_POINT('',(4.390625,0.5,-0.62));
#13444=CARTESIAN_POINT('',(4.390625,0.5,-1.4));
#13445=CARTESIAN_POINT('',(4.39062499999999,0.5,0.287500000000006));
#13446=VECTOR('',#15564,1.0);
#13447=CARTESIAN_POINT('',(4.325,0.5,-0.62));
#13448=CARTESIAN_POINT('',(-3.9075,0.5,-0.62));
#13449=VECTOR('',#15565,1.0);
#13450=CARTESIAN_POINT('',(4.325,0.5,0.85));
#13451=CARTESIAN_POINT('',(4.325,0.5,0.85));
#13452=VECTOR('',#15566,1000.0);
#13453=CARTESIAN_POINT('',(3.675,0.5,0.85));
#13454=CARTESIAN_POINT('',(2.5,0.5,0.85));
#13455=VECTOR('',#15567,1.0);
#13456=CARTESIAN_POINT('',(3.675,0.5,-0.62));
#13457=CARTESIAN_POINT('',(3.675,0.5,-0.62));
#13458=VECTOR('',#15568,1000.0);
#13459=CARTESIAN_POINT('',(3.60937499999999,0.5,-0.62));
#13460=CARTESIAN_POINT('',(-4.4075,0.5,-0.62));
#13461=VECTOR('',#15569,1.0);
#13462=CARTESIAN_POINT('',(3.60937499999999,0.5,-1.4));
#13463=CARTESIAN_POINT('',(3.609375,0.5,0.287499999999999));
#13464=VECTOR('',#15570,1.0);
#13465=CARTESIAN_POINT('',(-4.0925,0.5,-1.4));
#13466=VECTOR('',#15571,1.0);
#13467=CARTESIAN_POINT('',(-3.5925,0.5,-1.4));
#13468=VECTOR('',#15572,1.0);
#13469=COLOUR_RGB('',0.960784316062927,0.95686274766922,0.933333337306976);
#13470=CARTESIAN_POINT('',(5.390625,0.5,-0.62));
#13471=CARTESIAN_POINT('',(5.39062500000002,0.5,-1.4));
#13472=CARTESIAN_POINT('',(5.390625,0.5,0.28750000000001));
#13473=VECTOR('',#15573,1.0);
#13474=CARTESIAN_POINT('',(5.325,0.5,-0.62));
#13475=CARTESIAN_POINT('',(-10.9075,0.5,-0.62));
#13476=VECTOR('',#15574,1.0);
#13477=CARTESIAN_POINT('',(5.325,0.5,0.85));
#13478=CARTESIAN_POINT('',(5.325,0.5,0.85));
#13479=VECTOR('',#15575,1000.0);
#13480=CARTESIAN_POINT('',(4.675,0.5,0.85));
#13481=CARTESIAN_POINT('',(2.5,0.5,0.85));
#13482=VECTOR('',#15576,1.0);
#13483=CARTESIAN_POINT('',(4.675,0.5,-0.62));
#13484=CARTESIAN_POINT('',(4.675,0.5,-0.62));
#13485=VECTOR('',#15577,1000.0);
#13486=CARTESIAN_POINT('',(4.60937499999999,0.5,-0.62));
#13487=CARTESIAN_POINT('',(-3.9075,0.5,-0.62));
#13488=VECTOR('',#15578,1.0);
#13489=CARTESIAN_POINT('',(4.60937499999999,0.5,-1.4));
#13490=CARTESIAN_POINT('',(4.609375,0.5,0.287499999999998));
#13491=VECTOR('',#15579,1.0);
#13492=CARTESIAN_POINT('',(4.675,0.5,-1.4));
#13493=CARTESIAN_POINT('',(-3.5925,0.5,-1.4));
#13494=VECTOR('',#15580,1.0);
#13495=CARTESIAN_POINT('',(5.325,0.499999999999938,-1.4));
#13496=CARTESIAN_POINT('',(2.5,0.5,-1.4));
#13497=VECTOR('',#15581,1.0);
#13498=CARTESIAN_POINT('',(-10.5925,0.5,-1.4));
#13499=VECTOR('',#15582,1.0);
#13500=COLOUR_RGB('',0.960784316062927,0.95686274766922,0.933333337306976);
#13501=CARTESIAN_POINT('',(5.325,0.65,-1.4));
#13502=CARTESIAN_POINT('',(5.325,0.65,-1.4));
#13503=VECTOR('',#15583,1000.0);
#13504=CARTESIAN_POINT('',(4.675,0.65,-1.4));
#13505=CARTESIAN_POINT('',(4.675,0.65,-1.4));
#13506=VECTOR('',#15584,1000.0);
#13507=CARTESIAN_POINT('',(5.315,0.65,-1.4));
#13508=VECTOR('',#15585,1000.0);
#13509=COLOUR_RGB('',0.960784316062927,0.95686274766922,0.933333337306976);
#13510=CARTESIAN_POINT('',(4.57499999999999,0.25,-1.4));
#13511=CARTESIAN_POINT('',(4.36437892961201,-1.28178960282166,-1.4));
#13512=VECTOR('',#15586,1000.0);
#13513=CARTESIAN_POINT('',(4.815,0.85,-1.4));
#13514=VECTOR('',#15587,1000.0);
#13515=COLOUR_RGB('',0.960784316062927,0.95686274766922,0.933333337306976);
#13516=CARTESIAN_POINT('',(4.57499999999999,0.25,-0.62));
#13517=CARTESIAN_POINT('',(4.57499999999999,0.25,-0.62));
#13518=VECTOR('',#15588,1000.0);
#13519=CARTESIAN_POINT('',(4.57499999999999,0.25,-0.62));
#13520=VECTOR('',#15589,1000.0);
#13521=COLOUR_RGB('',0.960784316062927,0.95686274766922,0.933333337306976);
#13522=CARTESIAN_POINT('',(4.72810344827586,0.632758620689655,-0.62));
#13523=VECTOR('',#15590,1000.0);
#13524=COLOUR_RGB('',0.960784316062927,0.95686274766922,0.933333337306976);
#13525=CARTESIAN_POINT('',(3.57499999999999,0.25,-1.4));
#13526=CARTESIAN_POINT('',(3.36437892961201,-1.28178960282166,-1.4));
#13527=VECTOR('',#15591,1000.0);
#13528=CARTESIAN_POINT('',(3.815,0.85,-1.4));
#13529=VECTOR('',#15592,1000.0);
#13530=COLOUR_RGB('',0.960784316062927,0.95686274766922,0.933333337306976);
#13531=CARTESIAN_POINT('',(-2.0,0.75,0.85));
#13532=CARTESIAN_POINT('',(7.0,0.75,0.85));
#13533=CARTESIAN_POINT('',(3.85,0.75,0.85));
#13534=VECTOR('',#15593,1.0);
#13535=CARTESIAN_POINT('',(-2.0,-5.20474889637625E-17,0.85));
#13536=CARTESIAN_POINT('',(-2.0,-5.20474889637625E-17,0.85));
#13537=VECTOR('',#15594,1000.0);
#13538=CARTESIAN_POINT('',(-1.0,-5.20474889637625E-17,0.85));
#13539=CARTESIAN_POINT('',(-1.025,-5.20474889637625E-17,0.85));
#13540=VECTOR('',#15595,1000.0);
#13541=CARTESIAN_POINT('',(-1.0,0.45,0.85));
#13542=CARTESIAN_POINT('',(-1.0,-5.20474889637625E-17,0.85));
#13543=VECTOR('',#15596,1000.0);
#13544=CARTESIAN_POINT('',(-0.8,0.45,0.85));
#13545=CARTESIAN_POINT('',(-0.8,0.45,0.85));
#13546=VECTOR('',#15597,1000.0);
#13547=CARTESIAN_POINT('',(-0.8,0.25,0.85));
#13548=CARTESIAN_POINT('',(-0.8,0.0499999999999999,0.85));
#13549=VECTOR('',#15598,1000.0);
#13550=CARTESIAN_POINT('',(-0.425,0.25,0.85));
#13551=CARTESIAN_POINT('',(-0.5,0.25,0.85));
#13552=VECTOR('',#15599,1000.0);
#13553=CARTESIAN_POINT('',(-0.425,0.25,0.85));
#13554=VECTOR('',#15600,1000.0);
#13555=CARTESIAN_POINT('',(0.424999999999994,0.25,0.85));
#13556=CARTESIAN_POINT('',(0.324999999999997,0.5,0.85));
#13557=VECTOR('',#15601,1000.0);
#13558=CARTESIAN_POINT('',(0.574999999999995,0.25,0.85));
#13559=CARTESIAN_POINT('',(0.499999999999995,0.25,0.85));
#13560=VECTOR('',#15602,1000.0);
#13561=CARTESIAN_POINT('',(0.574999999999995,0.25,0.85));
#13562=VECTOR('',#15603,1000.0);
#13563=CARTESIAN_POINT('',(1.42499999999999,0.25,0.85));
#13564=CARTESIAN_POINT('',(1.325,0.5,0.85));
#13565=VECTOR('',#15604,1000.0);
#13566=CARTESIAN_POINT('',(1.575,0.25,0.85));
#13567=CARTESIAN_POINT('',(1.49999999999999,0.25,0.85));
#13568=VECTOR('',#15605,1000.0);
#13569=CARTESIAN_POINT('',(1.575,0.25,0.85));
#13570=VECTOR('',#15606,1000.0);
#13571=CARTESIAN_POINT('',(2.42499999999999,0.25,0.85));
#13572=CARTESIAN_POINT('',(2.325,0.5,0.85));
#13573=VECTOR('',#15607,1000.0);
#13574=CARTESIAN_POINT('',(2.575,0.25,0.85));
#13575=CARTESIAN_POINT('',(2.49999999999999,0.25,0.85));
#13576=VECTOR('',#15608,1000.0);
#13577=CARTESIAN_POINT('',(2.575,0.25,0.85));
#13578=VECTOR('',#15609,1000.0);
#13579=CARTESIAN_POINT('',(3.42499999999999,0.25,0.85));
#13580=CARTESIAN_POINT('',(3.325,0.5,0.85));
#13581=VECTOR('',#15610,1000.0);
#13582=CARTESIAN_POINT('',(3.575,0.25,0.85));
#13583=CARTESIAN_POINT('',(3.49999999999999,0.25,0.85));
#13584=VECTOR('',#15611,1000.0);
#13585=CARTESIAN_POINT('',(3.575,0.25,0.85));
#13586=VECTOR('',#15612,1000.0);
#13587=CARTESIAN_POINT('',(4.42499999999999,0.25,0.85));
#13588=CARTESIAN_POINT('',(4.325,0.5,0.85));
#13589=VECTOR('',#15613,1000.0);
#13590=CARTESIAN_POINT('',(4.575,0.25,0.85));
#13591=CARTESIAN_POINT('',(4.49999999999999,0.25,0.85));
#13592=VECTOR('',#15614,1000.0);
#13593=CARTESIAN_POINT('',(4.575,0.25,0.85));
#13594=VECTOR('',#15615,1000.0);
#13595=CARTESIAN_POINT('',(5.425,0.25,0.85));
#13596=CARTESIAN_POINT('',(5.325,0.5,0.85));
#13597=VECTOR('',#15616,1000.0);
#13598=CARTESIAN_POINT('',(5.8,0.25,0.85));
#13599=CARTESIAN_POINT('',(5.5,0.25,0.85));
#13600=VECTOR('',#15617,1000.0);
#13601=CARTESIAN_POINT('',(5.8,0.45,0.85));
#13602=CARTESIAN_POINT('',(5.8,0.0499999999999999,0.85));
#13603=VECTOR('',#15618,1000.0);
#13604=CARTESIAN_POINT('',(6.0,0.45,0.85));
#13605=CARTESIAN_POINT('',(5.8,0.45,0.85));
#13606=VECTOR('',#15619,1000.0);
#13607=CARTESIAN_POINT('',(6.0,0.0499999999999997,0.85));
#13608=CARTESIAN_POINT('',(6.0,0.0499999999999999,0.85));
#13609=VECTOR('',#15620,1000.0);
#13610=CARTESIAN_POINT('',(6.0,-5.20474889637625E-17,0.85));
#13611=CARTESIAN_POINT('',(6.0,-5.20474889637625E-17,0.85));
#13612=VECTOR('',#15621,1000.0);
#13613=CARTESIAN_POINT('',(7.0,-5.20474889637625E-17,0.85));
#13614=CARTESIAN_POINT('',(6.025,-5.20474889637625E-17,0.85));
#13615=VECTOR('',#15622,1000.0);
#13616=CARTESIAN_POINT('',(7.0,0.0499999999999999,0.85));
#13617=CARTESIAN_POINT('',(7.0,-5.20474889637625E-17,0.85));
#13618=VECTOR('',#15623,1000.0);
#13619=CARTESIAN_POINT('',(7.0,0.0499999999999999,0.85));
#13620=VECTOR('',#15624,1000.0);
#13621=COLOUR_RGB('',0.960784316062927,0.95686274766922,0.933333337306976);
#13622=CARTESIAN_POINT('',(3.57499999999999,0.25,-0.62));
#13623=CARTESIAN_POINT('',(3.57499999999999,0.25,-0.62));
#13624=VECTOR('',#15625,1000.0);
#13625=CARTESIAN_POINT('',(3.57499999999999,0.25,-0.62));
#13626=VECTOR('',#15626,1000.0);
#13627=COLOUR_RGB('',0.960784316062927,0.95686274766922,0.933333337306976);
#13628=CARTESIAN_POINT('',(3.72810344827586,0.632758620689655,-0.62));
#13629=VECTOR('',#15627,1000.0);
#13630=COLOUR_RGB('',0.960784316062927,0.95686274766922,0.933333337306976);
#13631=CARTESIAN_POINT('',(2.57499999999999,0.25,-1.4));
#13632=CARTESIAN_POINT('',(2.36437892961201,-1.28178960282166,-1.4));
#13633=VECTOR('',#15628,1000.0);
#13634=CARTESIAN_POINT('',(2.815,0.85,-1.4));
#13635=VECTOR('',#15629,1000.0);
#13636=COLOUR_RGB('',0.960784316062927,0.95686274766922,0.933333337306976);
#13637=CARTESIAN_POINT('',(2.57499999999999,0.25,-0.62));
#13638=CARTESIAN_POINT('',(2.57499999999999,0.25,-0.62));
#13639=VECTOR('',#15630,1000.0);
#13640=CARTESIAN_POINT('',(2.57499999999999,0.25,-0.62));
#13641=VECTOR('',#15631,1000.0);
#13642=COLOUR_RGB('',0.960784316062927,0.95686274766922,0.933333337306976);
#13643=CARTESIAN_POINT('',(2.72810344827586,0.632758620689655,-0.62));
#13644=VECTOR('',#15632,1000.0);
#13645=COLOUR_RGB('',0.960784316062927,0.95686274766922,0.933333337306976);
#13646=CARTESIAN_POINT('',(1.57499999999999,0.25,-1.4));
#13647=CARTESIAN_POINT('',(1.36437892961201,-1.28178960282166,-1.4));
#13648=VECTOR('',#15633,1000.0);
#13649=CARTESIAN_POINT('',(1.815,0.85,-1.4));
#13650=VECTOR('',#15634,1000.0);
#13651=COLOUR_RGB('',0.960784316062927,0.95686274766922,0.933333337306976);
#13652=CARTESIAN_POINT('',(1.57499999999999,0.25,-0.62));
#13653=CARTESIAN_POINT('',(1.57499999999999,0.25,-0.62));
#13654=VECTOR('',#15635,1000.0);
#13655=CARTESIAN_POINT('',(1.57499999999999,0.25,-0.62));
#13656=VECTOR('',#15636,1000.0);
#13657=COLOUR_RGB('',0.960784316062927,0.95686274766922,0.933333337306976);
#13658=CARTESIAN_POINT('',(1.72810344827586,0.632758620689655,-0.62));
#13659=VECTOR('',#15637,1000.0);
#13660=COLOUR_RGB('',0.960784316062927,0.95686274766922,0.933333337306976);
#13661=CARTESIAN_POINT('',(0.574999999999991,0.25,-1.4));
#13662=CARTESIAN_POINT('',(0.364378929612012,-1.28178960282166,-1.4));
#13663=VECTOR('',#15638,1000.0);
#13664=CARTESIAN_POINT('',(0.814999999999997,0.85,-1.4));
#13665=VECTOR('',#15639,1000.0);
#13666=COLOUR_RGB('',0.960784316062927,0.95686274766922,0.933333337306976);
#13667=CARTESIAN_POINT('',(0.574999999999994,0.25,-0.62));
#13668=CARTESIAN_POINT('',(0.574999999999993,0.25,-0.62));
#13669=VECTOR('',#15640,1000.0);
#13670=CARTESIAN_POINT('',(0.574999999999993,0.25,-0.62));
#13671=VECTOR('',#15641,1000.0);
#13672=COLOUR_RGB('',0.960784316062927,0.95686274766922,0.933333337306976);
#13673=CARTESIAN_POINT('',(-0.425,0.25,-1.4));
#13674=CARTESIAN_POINT('',(-0.425,0.25,-1.4));
#13675=VECTOR('',#15642,1000.0);
#13676=CARTESIAN_POINT('',(-0.185,0.85,-1.4));
#13677=VECTOR('',#15643,1000.0);
#13678=COLOUR_RGB('',0.960784316062927,0.95686274766922,0.933333337306976);
#13679=CARTESIAN_POINT('',(0.728103448275856,0.632758620689655,-0.62));
#13680=VECTOR('',#15644,1000.0);
#13681=COLOUR_RGB('',0.960784316062927,0.95686274766922,0.933333337306976);
#13682=CARTESIAN_POINT('',(-0.425,0.249999999999926,-0.62));
#13683=CARTESIAN_POINT('',(-0.425,0.25,-0.62));
#13684=VECTOR('',#15645,1000.0);
#13685=CARTESIAN_POINT('',(-0.425,0.25,-0.62));
#13686=VECTOR('',#15646,1000.0);
#13687=COLOUR_RGB('',0.960784316062927,0.95686274766922,0.933333337306976);
#13688=CARTESIAN_POINT('',(-0.2718965517241,0.632758620689655,-0.62));
#13689=VECTOR('',#15647,1000.0);
#13690=COLOUR_RGB('',0.960784316062927,0.95686274766922,0.933333337306976);
#13691=CARTESIAN_POINT('',(4.78,5.05,-1.35));
#13692=CARTESIAN_POINT('',(5.22,5.05,-1.35));
#13693=CARTESIAN_POINT('',(4.99,5.05,-1.35));
#13694=VECTOR('',#15648,1.0);
#13695=CARTESIAN_POINT('',(4.78,4.35,-1.30961538461538));
#13696=VECTOR('',#15649,1.0);
#13697=CARTESIAN_POINT('',(5.22,4.35,-1.30961538461538));
#13698=VECTOR('',#15650,1.0);
#13699=COLOUR_RGB('',0.960784316062927,0.95686274766922,0.933333337306976);
#13700=CARTESIAN_POINT('',(5.22,5.05,-0.55));
#13701=CARTESIAN_POINT('',(5.22,5.05,-0.781497991798728));
#13702=VECTOR('',#15651,1.0);
#13703=CARTESIAN_POINT('',(5.22,4.5,2.75545529808154E-16));
#13704=CARTESIAN_POINT('',(5.22,3.77476398347961,1.34136065612041E-15));
#13705=VECTOR('',#15652,1.0);
#13706=AXIS2_PLACEMENT_3D('',#15653,#15654,#15655);
#13707=COLOUR_RGB('',0.960784316062927,0.95686274766922,0.933333337306976);
#13708=CARTESIAN_POINT('',(4.78,3.1,-1.75737481401347E-14));
#13709=CARTESIAN_POINT('',(4.78,3.1,-1.75737481401347E-14));
#13710=VECTOR('',#15656,1.0);
#13711=CARTESIAN_POINT('',(4.99,3.1,-1.75737481401347E-14));
#13712=VECTOR('',#15657,1.0);
#13713=COLOUR_RGB('',0.960784316062927,0.95686274766922,0.933333337306976);
#13714=CARTESIAN_POINT('',(4.78,5.05,-0.55));
#13715=CARTESIAN_POINT('',(4.78,5.05,-0.781497991798728));
#13716=VECTOR('',#15658,1.0);
#13717=CARTESIAN_POINT('',(4.78,4.5,2.75545529808154E-16));
#13718=AXIS2_PLACEMENT_3D('',#15659,#15660,#15661);
#13719=CARTESIAN_POINT('',(4.78,3.77476398347961,1.34136065612041E-15));
#13720=VECTOR('',#15662,1.0);
#13721=COLOUR_RGB('',0.960784316062927,0.95686274766922,0.933333337306976);
#13722=CARTESIAN_POINT('',(-1.0,5.05,-1.75));
#13723=CARTESIAN_POINT('',(7.0,5.05,-1.75));
#13724=CARTESIAN_POINT('',(6.025,5.05,-1.75));
#13725=VECTOR('',#15663,1000.0);
#13726=CARTESIAN_POINT('',(-2.0,5.05,-0.91090036882272));
#13727=CARTESIAN_POINT('',(15.72900572654,5.05,-15.7873025351023));
#13728=VECTOR('',#15664,1000.0);
#13729=CARTESIAN_POINT('',(-2.0,5.05,1.25));
#13730=CARTESIAN_POINT('',(-2.0,5.05,1.25));
#13731=VECTOR('',#15665,1000.0);
#13732=CARTESIAN_POINT('',(7.0,5.05,1.25));
#13733=CARTESIAN_POINT('',(6.025,5.05,1.25));
#13734=VECTOR('',#15666,1000.0);
#13735=CARTESIAN_POINT('',(7.0,5.05,1.25));
#13736=VECTOR('',#15667,1000.0);
#13737=CARTESIAN_POINT('',(6.275,5.05,-0.55));
#13738=CARTESIAN_POINT('',(-25.025,5.05,-0.55));
#13739=VECTOR('',#15668,1000.0);
#13740=CARTESIAN_POINT('',(6.275,5.05,0.767542648054301));
#13741=CARTESIAN_POINT('',(6.275,5.05,3.09223316784707E-16));
#13742=VECTOR('',#15669,1000.0);
#13743=CARTESIAN_POINT('',(-1.275,5.05,0.767542648054301));
#13744=CARTESIAN_POINT('',(6.025,5.05,0.767542648054301));
#13745=VECTOR('',#15670,1000.0);
#13746=CARTESIAN_POINT('',(-1.275,5.05,-0.55));
#13747=CARTESIAN_POINT('',(-1.275,5.05,3.09223316784707E-16));
#13748=VECTOR('',#15671,1000.0);
#13749=CARTESIAN_POINT('',(-0.219999999999999,5.05,-0.55));
#13750=CARTESIAN_POINT('',(-25.025,5.05,-0.55));
#13751=VECTOR('',#15672,1000.0);
#13752=CARTESIAN_POINT('',(-0.22,5.05,-1.35));
#13753=CARTESIAN_POINT('',(-0.22,5.05,-0.781497991798728));
#13754=VECTOR('',#15673,1.0);
#13755=CARTESIAN_POINT('',(0.22,5.05,-1.35));
#13756=CARTESIAN_POINT('',(2.49,5.05,-1.35));
#13757=VECTOR('',#15674,1.0);
#13758=CARTESIAN_POINT('',(0.219999999999999,5.05,-0.55));
#13759=CARTESIAN_POINT('',(0.22,5.05,-0.781497991798728));
#13760=VECTOR('',#15675,1.0);
#13761=CARTESIAN_POINT('',(0.780000000000001,5.05,-0.55));
#13762=CARTESIAN_POINT('',(-25.025,5.05,-0.55));
#13763=VECTOR('',#15676,1000.0);
#13764=CARTESIAN_POINT('',(0.78,5.05,-1.35));
#13765=CARTESIAN_POINT('',(0.78,5.05,-0.781497991798728));
#13766=VECTOR('',#15677,1.0);
#13767=CARTESIAN_POINT('',(1.22,5.05,-1.35));
#13768=CARTESIAN_POINT('',(2.99,5.05,-1.35));
#13769=VECTOR('',#15678,1.0);
#13770=CARTESIAN_POINT('',(1.22,5.05,-0.55));
#13771=CARTESIAN_POINT('',(1.22,5.05,-0.781497991798728));
#13772=VECTOR('',#15679,1.0);
#13773=CARTESIAN_POINT('',(1.78,5.05,-0.55));
#13774=CARTESIAN_POINT('',(-25.025,5.05,-0.55));
#13775=VECTOR('',#15680,1000.0);
#13776=CARTESIAN_POINT('',(1.78,5.05,-1.35));
#13777=CARTESIAN_POINT('',(1.78,5.05,-0.781497991798728));
#13778=VECTOR('',#15681,1.0);
#13779=CARTESIAN_POINT('',(2.22,5.05,-1.35));
#13780=CARTESIAN_POINT('',(3.49,5.05,-1.35));
#13781=VECTOR('',#15682,1.0);
#13782=CARTESIAN_POINT('',(2.22,5.05,-0.55));
#13783=CARTESIAN_POINT('',(2.22,5.05,-0.781497991798728));
#13784=VECTOR('',#15683,1.0);
#13785=CARTESIAN_POINT('',(2.78,5.05,-0.55));
#13786=CARTESIAN_POINT('',(-25.025,5.05,-0.55));
#13787=VECTOR('',#15684,1000.0);
#13788=CARTESIAN_POINT('',(2.78,5.05,-1.35));
#13789=CARTESIAN_POINT('',(2.78,5.05,-0.781497991798728));
#13790=VECTOR('',#15685,1.0);
#13791=CARTESIAN_POINT('',(3.22,5.05,-1.35));
#13792=CARTESIAN_POINT('',(3.99,5.05,-1.35));
#13793=VECTOR('',#15686,1.0);
#13794=CARTESIAN_POINT('',(3.22,5.05,-0.55));
#13795=CARTESIAN_POINT('',(3.22,5.05,-0.781497991798728));
#13796=VECTOR('',#15687,1.0);
#13797=CARTESIAN_POINT('',(3.78,5.05,-0.55));
#13798=CARTESIAN_POINT('',(-25.025,5.05,-0.55));
#13799=VECTOR('',#15688,1000.0);
#13800=CARTESIAN_POINT('',(3.78,5.05,-1.35));
#13801=CARTESIAN_POINT('',(3.78,5.05,-0.781497991798728));
#13802=VECTOR('',#15689,1.0);
#13803=CARTESIAN_POINT('',(4.22,5.05,-1.35));
#13804=CARTESIAN_POINT('',(4.49,5.05,-1.35));
#13805=VECTOR('',#15690,1.0);
#13806=CARTESIAN_POINT('',(4.22,5.05,-0.55));
#13807=CARTESIAN_POINT('',(4.22,5.05,-0.781497991798728));
#13808=VECTOR('',#15691,1.0);
#13809=CARTESIAN_POINT('',(-25.025,5.05,-0.55));
#13810=VECTOR('',#15692,1000.0);
#13811=COLOUR_RGB('',0.960784316062927,0.95686274766922,0.933333337306976);
#13812=CARTESIAN_POINT('',(6.075,4.5,2.75545529808154E-16));
#13813=CARTESIAN_POINT('',(-24.5,4.5,2.75545529808154E-16));
#13814=VECTOR('',#15693,1000.0);
#13815=AXIS2_PLACEMENT_3D('',#15694,#15695,#15696);
#13816=COLOUR_RGB('',0.960784316062927,0.95686274766922,0.933333337306976);
#13817=CARTESIAN_POINT('',(3.78,4.35,-1.30961538461538));
#13818=VECTOR('',#15697,1.0);
#13819=CARTESIAN_POINT('',(4.22,4.35,-1.30961538461538));
#13820=VECTOR('',#15698,1.0);
#13821=COLOUR_RGB('',0.960784316062927,0.95686274766922,0.933333337306976);
#13822=CARTESIAN_POINT('',(4.22,4.5,2.75545529808154E-16));
#13823=CARTESIAN_POINT('',(4.22,3.77476398347961,1.34136065612041E-15));
#13824=VECTOR('',#15699,1.0);
#13825=AXIS2_PLACEMENT_3D('',#15700,#15701,#15702);
#13826=COLOUR_RGB('',0.960784316062927,0.95686274766922,0.933333337306976);
#13827=CARTESIAN_POINT('',(3.78,3.1,-1.75737481401347E-14));
#13828=CARTESIAN_POINT('',(3.78,3.1,-1.75737481401347E-14));
#13829=VECTOR('',#15703,1.0);
#13830=CARTESIAN_POINT('',(4.49,3.1,-1.75737481401347E-14));
#13831=VECTOR('',#15704,1.0);
#13832=COLOUR_RGB('',0.960784316062927,0.95686274766922,0.933333337306976);
#13833=CARTESIAN_POINT('',(3.78,4.5,2.75545529808154E-16));
#13834=AXIS2_PLACEMENT_3D('',#15705,#15706,#15707);
#13835=CARTESIAN_POINT('',(3.78,3.77476398347961,1.34136065612041E-15));
#13836=VECTOR('',#15708,1.0);
#13837=COLOUR_RGB('',0.960784316062927,0.95686274766922,0.933333337306976);
#13838=CARTESIAN_POINT('',(-24.5,4.5,2.75545529808154E-16));
#13839=VECTOR('',#15709,1000.0);
#13840=COLOUR_RGB('',0.960784316062927,0.95686274766922,0.933333337306976);
#13841=CARTESIAN_POINT('',(2.78,4.35,-1.30961538461538));
#13842=VECTOR('',#15710,1.0);
#13843=CARTESIAN_POINT('',(3.22,4.35,-1.30961538461538));
#13844=VECTOR('',#15711,1.0);
#13845=COLOUR_RGB('',0.960784316062927,0.95686274766922,0.933333337306976);
#13846=CARTESIAN_POINT('',(3.22,4.5,2.75545529808154E-16));
#13847=CARTESIAN_POINT('',(3.22,3.77476398347961,1.34136065612041E-15));
#13848=VECTOR('',#15712,1.0);
#13849=AXIS2_PLACEMENT_3D('',#15713,#15714,#15715);
#13850=COLOUR_RGB('',0.960784316062927,0.95686274766922,0.933333337306976);
#13851=CARTESIAN_POINT('',(2.78,3.1,-1.75737481401347E-14));
#13852=CARTESIAN_POINT('',(2.78,3.1,-1.75737481401347E-14));
#13853=VECTOR('',#15716,1.0);
#13854=CARTESIAN_POINT('',(3.99,3.1,-1.75737481401347E-14));
#13855=VECTOR('',#15717,1.0);
#13856=COLOUR_RGB('',0.960784316062927,0.95686274766922,0.933333337306976);
#13857=CARTESIAN_POINT('',(2.78,4.5,2.75545529808154E-16));
#13858=AXIS2_PLACEMENT_3D('',#15718,#15719,#15720);
#13859=CARTESIAN_POINT('',(2.78,3.77476398347961,1.34136065612041E-15));
#13860=VECTOR('',#15721,1.0);
#13861=COLOUR_RGB('',0.960784316062927,0.95686274766922,0.933333337306976);
#13862=CARTESIAN_POINT('',(-24.5,4.5,2.75545529808154E-16));
#13863=VECTOR('',#15722,1000.0);
#13864=COLOUR_RGB('',0.960784316062927,0.95686274766922,0.933333337306976);
#13865=CARTESIAN_POINT('',(1.78,4.35,-1.30961538461538));
#13866=VECTOR('',#15723,1.0);
#13867=CARTESIAN_POINT('',(2.22,4.35,-1.30961538461538));
#13868=VECTOR('',#15724,1.0);
#13869=COLOUR_RGB('',0.960784316062927,0.95686274766922,0.933333337306976);
#13870=CARTESIAN_POINT('',(2.22,4.5,2.75545529808154E-16));
#13871=CARTESIAN_POINT('',(2.22,3.77476398347961,1.34136065612041E-15));
#13872=VECTOR('',#15725,1.0);
#13873=AXIS2_PLACEMENT_3D('',#15726,#15727,#15728);
#13874=COLOUR_RGB('',0.960784316062927,0.95686274766922,0.933333337306976);
#13875=CARTESIAN_POINT('',(1.78,3.1,-1.75737481401347E-14));
#13876=CARTESIAN_POINT('',(1.78,3.1,-1.75737481401347E-14));
#13877=VECTOR('',#15729,1.0);
#13878=CARTESIAN_POINT('',(3.49,3.1,-1.75737481401347E-14));
#13879=VECTOR('',#15730,1.0);
#13880=COLOUR_RGB('',0.960784316062927,0.95686274766922,0.933333337306976);
#13881=CARTESIAN_POINT('',(1.78,4.5,2.75545529808154E-16));
#13882=AXIS2_PLACEMENT_3D('',#15731,#15732,#15733);
#13883=CARTESIAN_POINT('',(1.78,3.77476398347961,1.34136065612041E-15));
#13884=VECTOR('',#15734,1.0);
#13885=COLOUR_RGB('',0.960784316062927,0.95686274766922,0.933333337306976);
#13886=CARTESIAN_POINT('',(-24.5,4.5,2.75545529808154E-16));
#13887=VECTOR('',#15735,1000.0);
#13888=COLOUR_RGB('',0.960784316062927,0.95686274766922,0.933333337306976);
#13889=CARTESIAN_POINT('',(0.78,4.35,-1.30961538461538));
#13890=VECTOR('',#15736,1.0);
#13891=CARTESIAN_POINT('',(1.22,4.35,-1.30961538461538));
#13892=VECTOR('',#15737,1.0);
#13893=COLOUR_RGB('',0.960784316062927,0.95686274766922,0.933333337306976);
#13894=CARTESIAN_POINT('',(1.22,4.5,2.75545529808154E-16));
#13895=CARTESIAN_POINT('',(1.22,3.77476398347961,1.34136065612041E-15));
#13896=VECTOR('',#15738,1.0);
#13897=AXIS2_PLACEMENT_3D('',#15739,#15740,#15741);
#13898=COLOUR_RGB('',0.960784316062927,0.95686274766922,0.933333337306976);
#13899=CARTESIAN_POINT('',(0.78,3.1,-1.75737481401347E-14));
#13900=CARTESIAN_POINT('',(0.78,3.1,-1.75737481401347E-14));
#13901=VECTOR('',#15742,1.0);
#13902=CARTESIAN_POINT('',(2.99,3.1,-1.75737481401347E-14));
#13903=VECTOR('',#15743,1.0);
#13904=COLOUR_RGB('',0.960784316062927,0.95686274766922,0.933333337306976);
#13905=CARTESIAN_POINT('',(0.780000000000001,4.5,2.75545529808154E-16));
#13906=AXIS2_PLACEMENT_3D('',#15744,#15745,#15746);
#13907=CARTESIAN_POINT('',(0.78,3.77476398347961,1.34136065612041E-15));
#13908=VECTOR('',#15747,1.0);
#13909=COLOUR_RGB('',0.960784316062927,0.95686274766922,0.933333337306976);
#13910=CARTESIAN_POINT('',(-24.5,4.5,2.75545529808154E-16));
#13911=VECTOR('',#15748,1000.0);
#13912=COLOUR_RGB('',0.960784316062927,0.95686274766922,0.933333337306976);
#13913=CARTESIAN_POINT('',(-0.22,4.35,-1.30961538461538));
#13914=VECTOR('',#15749,1.0);
#13915=CARTESIAN_POINT('',(0.22,4.35,-1.30961538461538));
#13916=VECTOR('',#15750,1.0);
#13917=COLOUR_RGB('',0.960784316062927,0.95686274766922,0.933333337306976);
#13918=CARTESIAN_POINT('',(0.219999999999999,4.5,2.75545529808154E-16));
#13919=CARTESIAN_POINT('',(0.22,3.77476398347961,1.34136065612041E-15));
#13920=VECTOR('',#15751,1.0);
#13921=AXIS2_PLACEMENT_3D('',#15752,#15753,#15754);
#13922=COLOUR_RGB('',0.960784316062927,0.95686274766922,0.933333337306976);
#13923=CARTESIAN_POINT('',(-0.22,3.1,-1.75737481401347E-14));
#13924=CARTESIAN_POINT('',(-0.22,3.1,-1.75737481401347E-14));
#13925=VECTOR('',#15755,1.0);
#13926=CARTESIAN_POINT('',(2.49,3.1,-1.75737481401347E-14));
#13927=VECTOR('',#15756,1.0);
#13928=COLOUR_RGB('',0.960784316062927,0.95686274766922,0.933333337306976);
#13929=CARTESIAN_POINT('',(-0.219999999999999,4.5,2.75545529808154E-16));
#13930=AXIS2_PLACEMENT_3D('',#15757,#15758,#15759);
#13931=CARTESIAN_POINT('',(-0.22,3.77476398347961,1.34136065612041E-15));
#13932=VECTOR('',#15760,1.0);
#13933=COLOUR_RGB('',0.960784316062927,0.95686274766922,0.933333337306976);
#13934=CARTESIAN_POINT('',(-24.5,4.5,2.75545529808154E-16));
#13935=VECTOR('',#15761,1000.0);
#13936=COLOUR_RGB('',0.960784316062927,0.95686274766922,0.933333337306976);
#13937=CARTESIAN_POINT('',(4.425,0.25,-1.4));
#13938=CARTESIAN_POINT('',(4.425,0.25,-1.4));
#13939=VECTOR('',#15762,1000.0);
#13940=CARTESIAN_POINT('',(4.425,0.25,-0.62));
#13941=CARTESIAN_POINT('',(4.425,0.25,-1.4));
#13942=VECTOR('',#15763,1000.0);
#13943=CARTESIAN_POINT('',(4.425,0.25,-0.62));
#13944=VECTOR('',#15764,1000.0);
#13945=COLOUR_RGB('',0.960784316062927,0.95686274766922,0.933333337306976);
#13946=CARTESIAN_POINT('',(4.27189655172413,0.632758620689654,-1.4));
#13947=VECTOR('',#15765,1000.0);
#13948=COLOUR_RGB('',0.960784316062927,0.95686274766922,0.933333337306976);
#13949=CARTESIAN_POINT('',(4.325,0.65,-1.75));
#13950=CARTESIAN_POINT('',(4.32499999999999,0.65,-0.8725));
#13951=VECTOR('',#15766,1.0);
#13952=CARTESIAN_POINT('',(4.325,0.5,-1.75));
#13953=CARTESIAN_POINT('',(4.325,0.25,-1.75));
#13954=VECTOR('',#15767,1000.0);
#13955=CARTESIAN_POINT('',(4.325,0.5,-1.75));
#13956=VECTOR('',#15768,1000.0);
#13957=COLOUR_RGB('',0.960784316062927,0.95686274766922,0.933333337306976);
#13958=CARTESIAN_POINT('',(4.675,0.65,-1.75));
#13959=CARTESIAN_POINT('',(4.675,0.65,-0.8725));
#13960=VECTOR('',#15769,1.0);
#13961=CARTESIAN_POINT('',(4.675,0.5,-1.75));
#13962=CARTESIAN_POINT('',(4.675,0.5,-1.75));
#13963=VECTOR('',#15770,1000.0);
#13964=CARTESIAN_POINT('',(4.675,0.65,-1.75));
#13965=VECTOR('',#15771,1000.0);
#13966=COLOUR_RGB('',0.960784316062927,0.95686274766922,0.933333337306976);
#13967=CARTESIAN_POINT('',(4.185,0.85,-0.62));
#13968=VECTOR('',#15772,1000.0);
#13969=COLOUR_RGB('',0.960784316062927,0.95686274766922,0.933333337306976);
#13970=CARTESIAN_POINT('',(4.42499999999999,0.25,-0.62));
#13971=VECTOR('',#15773,1000.0);
#13972=COLOUR_RGB('',0.960784316062927,0.95686274766922,0.933333337306976);
#13973=CARTESIAN_POINT('',(4.575,0.25,0.85));
#13974=VECTOR('',#15774,1000.0);
#13975=COLOUR_RGB('',0.960784316062927,0.95686274766922,0.933333337306976);
#13976=CARTESIAN_POINT('',(4.425,0.25,-1.75));
#13977=CARTESIAN_POINT('',(4.325,0.5,-1.75));
#13978=VECTOR('',#15775,1000.0);
#13979=CARTESIAN_POINT('',(4.425,0.25,0.85));
#13980=VECTOR('',#15776,1000.0);
#13981=COLOUR_RGB('',0.960784316062927,0.95686274766922,0.933333337306976);
#13982=CARTESIAN_POINT('',(4.575,0.25,-1.75));
#13983=CARTESIAN_POINT('',(4.49999999999999,0.25,-1.75));
#13984=VECTOR('',#15777,1000.0);
#13985=CARTESIAN_POINT('',(4.575,0.25,0.85));
#13986=VECTOR('',#15778,1000.0);
#13987=COLOUR_RGB('',0.960784316062927,0.95686274766922,0.933333337306976);
#13988=CARTESIAN_POINT('',(4.575,0.25,-1.75));
#13989=VECTOR('',#15779,1000.0);
#13990=COLOUR_RGB('',0.960784316062927,0.95686274766922,0.933333337306976);
#13991=CARTESIAN_POINT('',(7.0,0.75,1.25));
#13992=CARTESIAN_POINT('',(7.0,0.75,0.85));
#13993=VECTOR('',#15780,1000.0);
#13994=CARTESIAN_POINT('',(-2.0,0.75,1.25));
#13995=CARTESIAN_POINT('',(6.025,0.75,1.25));
#13996=VECTOR('',#15781,1000.0);
#13997=CARTESIAN_POINT('',(-2.0,0.75,0.85));
#13998=VECTOR('',#15782,1000.0);
#13999=COLOUR_RGB('',0.960784316062927,0.95686274766922,0.933333337306976);
#14000=CARTESIAN_POINT('',(5.325,0.65,-1.75));
#14001=CARTESIAN_POINT('',(5.2,0.65,-1.75));
#14002=VECTOR('',#15783,1.0);
#14003=CARTESIAN_POINT('',(5.325,0.65,-1.75));
#14004=VECTOR('',#15784,1000.0);
#14005=COLOUR_RGB('',0.960784316062927,0.95686274766922,0.933333337306976);
#14006=CARTESIAN_POINT('',(3.425,0.25,-1.4));
#14007=CARTESIAN_POINT('',(3.425,0.25,-1.4));
#14008=VECTOR('',#15785,1000.0);
#14009=CARTESIAN_POINT('',(3.425,0.25,-0.62));
#14010=CARTESIAN_POINT('',(3.425,0.25,-1.4));
#14011=VECTOR('',#15786,1000.0);
#14012=CARTESIAN_POINT('',(3.425,0.25,-0.62));
#14013=VECTOR('',#15787,1000.0);
#14014=COLOUR_RGB('',0.960784316062927,0.95686274766922,0.933333337306976);
#14015=CARTESIAN_POINT('',(3.27189655172414,0.632758620689654,-1.4));
#14016=VECTOR('',#15788,1000.0);
#14017=COLOUR_RGB('',0.960784316062927,0.95686274766922,0.933333337306976);
#14018=CARTESIAN_POINT('',(3.325,0.65,-1.75));
#14019=CARTESIAN_POINT('',(3.32499999999999,0.65,-0.8725));
#14020=VECTOR('',#15789,1.0);
#14021=CARTESIAN_POINT('',(3.325,0.5,-1.75));
#14022=CARTESIAN_POINT('',(3.325,0.25,-1.75));
#14023=VECTOR('',#15790,1000.0);
#14024=CARTESIAN_POINT('',(3.325,0.5,-1.75));
#14025=VECTOR('',#15791,1000.0);
#14026=COLOUR_RGB('',0.960784316062927,0.95686274766922,0.933333337306976);
#14027=CARTESIAN_POINT('',(3.675,0.65,-1.75));
#14028=CARTESIAN_POINT('',(3.675,0.65,-0.8725));
#14029=VECTOR('',#15792,1.0);
#14030=CARTESIAN_POINT('',(3.675,0.5,-1.75));
#14031=CARTESIAN_POINT('',(3.675,0.5,-1.75));
#14032=VECTOR('',#15793,1000.0);
#14033=CARTESIAN_POINT('',(3.675,0.65,-1.75));
#14034=VECTOR('',#15794,1000.0);
#14035=COLOUR_RGB('',0.960784316062927,0.95686274766922,0.933333337306976);
#14036=CARTESIAN_POINT('',(3.185,0.85,-0.62));
#14037=VECTOR('',#15795,1000.0);
#14038=COLOUR_RGB('',0.960784316062927,0.95686274766922,0.933333337306976);
#14039=CARTESIAN_POINT('',(3.42499999999999,0.25,-0.62));
#14040=VECTOR('',#15796,1000.0);
#14041=COLOUR_RGB('',0.960784316062927,0.95686274766922,0.933333337306976);
#14042=CARTESIAN_POINT('',(3.575,0.25,0.85));
#14043=VECTOR('',#15797,1000.0);
#14044=COLOUR_RGB('',0.960784316062927,0.95686274766922,0.933333337306976);
#14045=CARTESIAN_POINT('',(3.425,0.25,-1.75));
#14046=CARTESIAN_POINT('',(3.325,0.5,-1.75));
#14047=VECTOR('',#15798,1000.0);
#14048=CARTESIAN_POINT('',(3.425,0.25,0.85));
#14049=VECTOR('',#15799,1000.0);
#14050=COLOUR_RGB('',0.960784316062927,0.95686274766922,0.933333337306976);
#14051=CARTESIAN_POINT('',(3.575,0.25,-1.75));
#14052=CARTESIAN_POINT('',(3.49999999999999,0.25,-1.75));
#14053=VECTOR('',#15800,1000.0);
#14054=CARTESIAN_POINT('',(3.575,0.25,0.85));
#14055=VECTOR('',#15801,1000.0);
#14056=COLOUR_RGB('',0.960784316062927,0.95686274766922,0.933333337306976);
#14057=CARTESIAN_POINT('',(3.575,0.25,-1.75));
#14058=VECTOR('',#15802,1000.0);
#14059=COLOUR_RGB('',0.960784316062927,0.95686274766922,0.933333337306976);
#14060=CARTESIAN_POINT('',(5.2,0.65,-1.75));
#14061=VECTOR('',#15803,1.0);
#14062=COLOUR_RGB('',0.960784316062927,0.95686274766922,0.933333337306976);
#14063=CARTESIAN_POINT('',(2.425,0.25,-1.4));
#14064=CARTESIAN_POINT('',(2.425,0.25,-1.4));
#14065=VECTOR('',#15804,1000.0);
#14066=CARTESIAN_POINT('',(2.425,0.25,-0.62));
#14067=CARTESIAN_POINT('',(2.425,0.25,-1.4));
#14068=VECTOR('',#15805,1000.0);
#14069=CARTESIAN_POINT('',(2.425,0.25,-0.62));
#14070=VECTOR('',#15806,1000.0);
#14071=COLOUR_RGB('',0.960784316062927,0.95686274766922,0.933333337306976);
#14072=CARTESIAN_POINT('',(2.27189655172414,0.632758620689654,-1.4));
#14073=VECTOR('',#15807,1000.0);
#14074=COLOUR_RGB('',0.960784316062927,0.95686274766922,0.933333337306976);
#14075=CARTESIAN_POINT('',(2.325,0.65,-1.75));
#14076=CARTESIAN_POINT('',(2.32499999999999,0.65,-0.8725));
#14077=VECTOR('',#15808,1.0);
#14078=CARTESIAN_POINT('',(2.325,0.5,-1.75));
#14079=CARTESIAN_POINT('',(2.325,0.25,-1.75));
#14080=VECTOR('',#15809,1000.0);
#14081=CARTESIAN_POINT('',(2.325,0.5,-1.75));
#14082=VECTOR('',#15810,1000.0);
#14083=COLOUR_RGB('',0.960784316062927,0.95686274766922,0.933333337306976);
#14084=CARTESIAN_POINT('',(2.675,0.65,-1.75));
#14085=CARTESIAN_POINT('',(2.675,0.65,-0.8725));
#14086=VECTOR('',#15811,1.0);
#14087=CARTESIAN_POINT('',(2.675,0.5,-1.75));
#14088=CARTESIAN_POINT('',(2.675,0.5,-1.75));
#14089=VECTOR('',#15812,1000.0);
#14090=CARTESIAN_POINT('',(2.675,0.65,-1.75));
#14091=VECTOR('',#15813,1000.0);
#14092=COLOUR_RGB('',0.960784316062927,0.95686274766922,0.933333337306976);
#14093=CARTESIAN_POINT('',(2.185,0.85,-0.62));
#14094=VECTOR('',#15814,1000.0);
#14095=COLOUR_RGB('',0.960784316062927,0.95686274766922,0.933333337306976);
#14096=CARTESIAN_POINT('',(2.42499999999999,0.25,-0.62));
#14097=VECTOR('',#15815,1000.0);
#14098=COLOUR_RGB('',0.960784316062927,0.95686274766922,0.933333337306976);
#14099=CARTESIAN_POINT('',(2.575,0.25,0.85));
#14100=VECTOR('',#15816,1000.0);
#14101=COLOUR_RGB('',0.960784316062927,0.95686274766922,0.933333337306976);
#14102=CARTESIAN_POINT('',(2.425,0.25,-1.75));
#14103=CARTESIAN_POINT('',(2.325,0.5,-1.75));
#14104=VECTOR('',#15817,1000.0);
#14105=CARTESIAN_POINT('',(2.425,0.25,0.85));
#14106=VECTOR('',#15818,1000.0);
#14107=COLOUR_RGB('',0.960784316062927,0.95686274766922,0.933333337306976);
#14108=CARTESIAN_POINT('',(2.575,0.25,-1.75));
#14109=CARTESIAN_POINT('',(2.49999999999999,0.25,-1.75));
#14110=VECTOR('',#15819,1000.0);
#14111=CARTESIAN_POINT('',(2.575,0.25,0.85));
#14112=VECTOR('',#15820,1000.0);
#14113=COLOUR_RGB('',0.960784316062927,0.95686274766922,0.933333337306976);
#14114=CARTESIAN_POINT('',(2.575,0.25,-1.75));
#14115=VECTOR('',#15821,1000.0);
#14116=COLOUR_RGB('',0.960784316062927,0.95686274766922,0.933333337306976);
#14117=CARTESIAN_POINT('',(5.2,0.65,-1.75));
#14118=VECTOR('',#15822,1.0);
#14119=COLOUR_RGB('',0.960784316062927,0.95686274766922,0.933333337306976);
#14120=CARTESIAN_POINT('',(1.425,0.25,-1.4));
#14121=CARTESIAN_POINT('',(1.425,0.25,-1.4));
#14122=VECTOR('',#15823,1000.0);
#14123=CARTESIAN_POINT('',(1.425,0.25,-0.62));
#14124=CARTESIAN_POINT('',(1.425,0.25,-1.4));
#14125=VECTOR('',#15824,1000.0);
#14126=CARTESIAN_POINT('',(1.425,0.25,-0.62));
#14127=VECTOR('',#15825,1000.0);
#14128=COLOUR_RGB('',0.960784316062927,0.95686274766922,0.933333337306976);
#14129=CARTESIAN_POINT('',(1.27189655172414,0.632758620689654,-1.4));
#14130=VECTOR('',#15826,1000.0);
#14131=COLOUR_RGB('',0.960784316062927,0.95686274766922,0.933333337306976);
#14132=CARTESIAN_POINT('',(1.325,0.65,-1.75));
#14133=CARTESIAN_POINT('',(1.32499999999999,0.65,-0.8725));
#14134=VECTOR('',#15827,1.0);
#14135=CARTESIAN_POINT('',(1.325,0.5,-1.75));
#14136=CARTESIAN_POINT('',(1.325,0.25,-1.75));
#14137=VECTOR('',#15828,1000.0);
#14138=CARTESIAN_POINT('',(1.325,0.5,-1.75));
#14139=VECTOR('',#15829,1000.0);
#14140=COLOUR_RGB('',0.960784316062927,0.95686274766922,0.933333337306976);
#14141=CARTESIAN_POINT('',(1.675,0.65,-1.75));
#14142=CARTESIAN_POINT('',(1.675,0.65,-0.8725));
#14143=VECTOR('',#15830,1.0);
#14144=CARTESIAN_POINT('',(1.675,0.5,-1.75));
#14145=CARTESIAN_POINT('',(1.675,0.5,-1.75));
#14146=VECTOR('',#15831,1000.0);
#14147=CARTESIAN_POINT('',(1.675,0.65,-1.75));
#14148=VECTOR('',#15832,1000.0);
#14149=COLOUR_RGB('',0.960784316062927,0.95686274766922,0.933333337306976);
#14150=CARTESIAN_POINT('',(1.185,0.85,-0.62));
#14151=VECTOR('',#15833,1000.0);
#14152=COLOUR_RGB('',0.960784316062927,0.95686274766922,0.933333337306976);
#14153=CARTESIAN_POINT('',(1.42499999999999,0.25,-0.62));
#14154=VECTOR('',#15834,1000.0);
#14155=COLOUR_RGB('',0.960784316062927,0.95686274766922,0.933333337306976);
#14156=CARTESIAN_POINT('',(1.575,0.25,0.85));
#14157=VECTOR('',#15835,1000.0);
#14158=COLOUR_RGB('',0.960784316062927,0.95686274766922,0.933333337306976);
#14159=CARTESIAN_POINT('',(1.425,0.25,-1.75));
#14160=CARTESIAN_POINT('',(1.325,0.5,-1.75));
#14161=VECTOR('',#15836,1000.0);
#14162=CARTESIAN_POINT('',(1.425,0.25,0.85));
#14163=VECTOR('',#15837,1000.0);
#14164=COLOUR_RGB('',0.960784316062927,0.95686274766922,0.933333337306976);
#14165=CARTESIAN_POINT('',(1.575,0.25,-1.75));
#14166=CARTESIAN_POINT('',(1.49999999999999,0.25,-1.75));
#14167=VECTOR('',#15838,1000.0);
#14168=CARTESIAN_POINT('',(1.575,0.25,0.85));
#14169=VECTOR('',#15839,1000.0);
#14170=COLOUR_RGB('',0.960784316062927,0.95686274766922,0.933333337306976);
#14171=CARTESIAN_POINT('',(1.575,0.25,-1.75));
#14172=VECTOR('',#15840,1000.0);
#14173=COLOUR_RGB('',0.960784316062927,0.95686274766922,0.933333337306976);
#14174=CARTESIAN_POINT('',(5.2,0.65,-1.75));
#14175=VECTOR('',#15841,1.0);
#14176=COLOUR_RGB('',0.960784316062927,0.95686274766922,0.933333337306976);
#14177=CARTESIAN_POINT('',(0.425000000000001,0.25,-1.4));
#14178=CARTESIAN_POINT('',(0.425000000000001,0.25,-1.4));
#14179=VECTOR('',#15842,1000.0);
#14180=CARTESIAN_POINT('',(0.424999999999996,0.25,-0.62));
#14181=CARTESIAN_POINT('',(0.425000000000001,0.25,-1.4));
#14182=VECTOR('',#15843,1000.0);
#14183=CARTESIAN_POINT('',(0.424999999999996,0.25,-0.62));
#14184=VECTOR('',#15844,1000.0);
#14185=COLOUR_RGB('',0.960784316062927,0.95686274766922,0.933333337306976);
#14186=CARTESIAN_POINT('',(0.271896551724135,0.632758620689654,-1.4));
#14187=VECTOR('',#15845,1000.0);
#14188=COLOUR_RGB('',0.960784316062927,0.95686274766922,0.933333337306976);
#14189=CARTESIAN_POINT('',(0.325,0.65,-1.75));
#14190=CARTESIAN_POINT('',(0.324999999999993,0.65,-0.8725));
#14191=VECTOR('',#15846,1.0);
#14192=CARTESIAN_POINT('',(0.324999999999997,0.5,-1.75));
#14193=CARTESIAN_POINT('',(0.324999999999997,0.25,-1.75));
#14194=VECTOR('',#15847,1000.0);
#14195=CARTESIAN_POINT('',(0.324999999999997,0.5,-1.75));
#14196=VECTOR('',#15848,1000.0);
#14197=COLOUR_RGB('',0.960784316062927,0.95686274766922,0.933333337306976);
#14198=CARTESIAN_POINT('',(0.674999999999997,0.65,-1.75));
#14199=CARTESIAN_POINT('',(0.674999999999997,0.65,-0.8725));
#14200=VECTOR('',#15849,1.0);
#14201=CARTESIAN_POINT('',(0.674999999999997,0.5,-1.75));
#14202=CARTESIAN_POINT('',(0.674999999999997,0.5,-1.75));
#14203=VECTOR('',#15850,1000.0);
#14204=CARTESIAN_POINT('',(0.674999999999997,0.65,-1.75));
#14205=VECTOR('',#15851,1000.0);
#14206=COLOUR_RGB('',0.960784316062927,0.95686274766922,0.933333337306976);
#14207=CARTESIAN_POINT('',(0.184999999999996,0.85,-0.62));
#14208=VECTOR('',#15852,1000.0);
#14209=COLOUR_RGB('',0.960784316062927,0.95686274766922,0.933333337306976);
#14210=CARTESIAN_POINT('',(0.424999999999994,0.25,-0.62));
#14211=VECTOR('',#15853,1000.0);
#14212=COLOUR_RGB('',0.960784316062927,0.95686274766922,0.933333337306976);
#14213=CARTESIAN_POINT('',(0.574999999999995,0.25,0.85));
#14214=VECTOR('',#15854,1000.0);
#14215=COLOUR_RGB('',0.960784316062927,0.95686274766922,0.933333337306976);
#14216=CARTESIAN_POINT('',(0.424999999999996,0.25,-1.75));
#14217=CARTESIAN_POINT('',(0.324999999999997,0.5,-1.75));
#14218=VECTOR('',#15855,1000.0);
#14219=CARTESIAN_POINT('',(0.424999999999996,0.25,0.85));
#14220=VECTOR('',#15856,1000.0);
#14221=COLOUR_RGB('',0.960784316062927,0.95686274766922,0.933333337306976);
#14222=CARTESIAN_POINT('',(0.574999999999995,0.25,-1.75));
#14223=CARTESIAN_POINT('',(0.499999999999995,0.25,-1.75));
#14224=VECTOR('',#15857,1000.0);
#14225=CARTESIAN_POINT('',(0.574999999999995,0.25,0.85));
#14226=VECTOR('',#15858,1000.0);
#14227=COLOUR_RGB('',0.960784316062927,0.95686274766922,0.933333337306976);
#14228=CARTESIAN_POINT('',(0.574999999999995,0.25,-1.75));
#14229=VECTOR('',#15859,1000.0);
#14230=COLOUR_RGB('',0.960784316062927,0.95686274766922,0.933333337306976);
#14231=CARTESIAN_POINT('',(5.2,0.65,-1.75));
#14232=VECTOR('',#15860,1.0);
#14233=COLOUR_RGB('',0.960784316062927,0.95686274766922,0.933333337306976);
#14234=CARTESIAN_POINT('',(7.0,4.25,-1.65));
#14235=CARTESIAN_POINT('',(7.0,4.25,-1.75));
#14236=CARTESIAN_POINT('',(7.0,4.25,-1.65));
#14237=VECTOR('',#15861,1000.0);
#14238=CARTESIAN_POINT('',(6.0,4.25,-1.65));
#14239=CARTESIAN_POINT('',(6.0,4.25,-1.65));
#14240=VECTOR('',#15862,1000.0);
#14241=CARTESIAN_POINT('',(6.0,4.25,-1.75));
#14242=CARTESIAN_POINT('',(6.0,4.25,-1.75));
#14243=VECTOR('',#15863,1000.0);
#14244=CARTESIAN_POINT('',(7.0,4.25,-1.75));
#14245=VECTOR('',#15864,1000.0);
#14246=COLOUR_RGB('',0.960784316062927,0.95686274766922,0.933333337306976);
#14247=CARTESIAN_POINT('',(7.0,0.0500000000000001,-1.65));
#14248=CARTESIAN_POINT('',(7.0,4.25,-1.65));
#14249=VECTOR('',#15865,1000.0);
#14250=CARTESIAN_POINT('',(7.0,1.01033360929657E-16,-1.65));
#14251=CARTESIAN_POINT('',(7.0,1.01033360929657E-16,-1.65));
#14252=VECTOR('',#15866,1000.0);
#14253=CARTESIAN_POINT('',(6.0,1.01033360929657E-16,-1.65));
#14254=CARTESIAN_POINT('',(6.0,1.01033360929657E-16,-1.65));
#14255=VECTOR('',#15867,1000.0);
#14256=CARTESIAN_POINT('',(6.0,0.0500000000000001,-1.65));
#14257=CARTESIAN_POINT('',(6.0,1.01033360929657E-16,-1.65));
#14258=VECTOR('',#15868,1000.0);
#14259=CARTESIAN_POINT('',(6.0,0.45,-1.65));
#14260=CARTESIAN_POINT('',(6.0,4.25,-1.65));
#14261=VECTOR('',#15869,1000.0);
#14262=CARTESIAN_POINT('',(6.0,4.25,-1.65));
#14263=VECTOR('',#15870,1000.0);
#14264=COLOUR_RGB('',0.960784316062927,0.95686274766922,0.933333337306976);
#14265=CARTESIAN_POINT('',(6.0,0.45,-1.75));
#14266=CARTESIAN_POINT('',(6.0,4.25,-1.75));
#14267=VECTOR('',#15871,1000.0);
#14268=CARTESIAN_POINT('',(6.0,0.45,0.85));
#14269=VECTOR('',#15872,1000.0);
#14270=COLOUR_RGB('',0.960784316062927,0.95686274766922,0.933333337306976);
#14271=CARTESIAN_POINT('',(5.425,0.25,-1.75));
#14272=CARTESIAN_POINT('',(5.325,0.5,-1.75));
#14273=CARTESIAN_POINT('',(5.325,0.5,-1.75));
#14274=VECTOR('',#15873,1000.0);
#14275=CARTESIAN_POINT('',(5.425,0.249999999999926,-1.4));
#14276=CARTESIAN_POINT('',(5.425,0.25,0.85));
#14277=VECTOR('',#15874,1000.0);
#14278=CARTESIAN_POINT('',(5.27189655172409,0.632758620689654,-1.4));
#14279=VECTOR('',#15875,1000.0);
#14280=CARTESIAN_POINT('',(5.325,0.5,-1.75));
#14281=VECTOR('',#15876,1000.0);
#14282=COLOUR_RGB('',0.960784316062927,0.95686274766922,0.933333337306976);
#14283=CARTESIAN_POINT('',(5.425,0.25,-0.62));
#14284=CARTESIAN_POINT('',(5.185,0.85,-0.62));
#14285=VECTOR('',#15877,1000.0);
#14286=CARTESIAN_POINT('',(5.425,0.25,-0.62));
#14287=VECTOR('',#15878,1000.0);
#14288=COLOUR_RGB('',0.960784316062927,0.95686274766922,0.933333337306976);
#14289=CARTESIAN_POINT('',(5.325,0.25,-1.75));
#14290=VECTOR('',#15879,1000.0);
#14291=COLOUR_RGB('',0.960784316062927,0.95686274766922,0.933333337306976);
#14292=CARTESIAN_POINT('',(5.425,0.25,-1.4));
#14293=VECTOR('',#15880,1000.0);
#14294=CARTESIAN_POINT('',(5.425,0.25,-1.4));
#14295=VECTOR('',#15881,1000.0);
#14296=CARTESIAN_POINT('',(5.425,0.25,-0.62));
#14297=VECTOR('',#15882,1000.0);
#14298=COLOUR_RGB('',0.960784316062927,0.95686274766922,0.933333337306976);
#14299=COLOUR_RGB('',0.960784316062927,0.95686274766922,0.933333337306976);
#14300=COLOUR_RGB('',0.960784316062927,0.95686274766922,0.933333337306976);
#14301=CARTESIAN_POINT('',(6.075,4.5,0.45));
#14302=CARTESIAN_POINT('',(6.025,1.35,0.45));
#14303=CARTESIAN_POINT('',(6.025,1.35,0.45));
#14304=VECTOR('',#15883,1000.0);
#14305=CARTESIAN_POINT('',(6.075,4.5,2.75545529808154E-16));
#14306=VECTOR('',#15884,1000.0);
#14307=CARTESIAN_POINT('',(6.025,1.35,8.26636589424463E-17));
#14308=CARTESIAN_POINT('',(6.025,1.35,8.26636589424463E-17));
#14309=VECTOR('',#15885,1000.0);
#14310=CARTESIAN_POINT('',(6.025,1.35,0.45));
#14311=VECTOR('',#15886,1000.0);
#14312=COLOUR_RGB('',0.960784316062927,0.95686274766922,0.933333337306976);
#14313=CARTESIAN_POINT('',(6.0231203007519,4.35733082706767,0.367629914602461));
#14314=VECTOR('',#15887,1000.0);
#14315=COLOUR_RGB('',0.960784316062927,0.95686274766922,0.933333337306976);
#14316=CARTESIAN_POINT('',(5.8,0.25,-1.75));
#14317=CARTESIAN_POINT('',(5.8,0.25,-1.75));
#14318=VECTOR('',#15888,1000.0);
#14319=CARTESIAN_POINT('',(5.8,0.45,-1.75));
#14320=CARTESIAN_POINT('',(5.8,0.45,-1.75));
#14321=VECTOR('',#15889,1000.0);
#14322=CARTESIAN_POINT('',(5.8,0.45,0.85));
#14323=VECTOR('',#15890,1000.0);
#14324=COLOUR_RGB('',0.960784316062927,0.95686274766922,0.933333337306976);
#14325=CARTESIAN_POINT('',(6.0,0.45,0.85));
#14326=VECTOR('',#15891,1000.0);
#14327=CARTESIAN_POINT('',(5.8,0.45,-1.75));
#14328=VECTOR('',#15892,1000.0);
#14329=COLOUR_RGB('',0.960784316062927,0.95686274766922,0.933333337306976);
#14330=CARTESIAN_POINT('',(6.0,1.07156594925393E-16,-1.75));
#14331=VECTOR('',#15893,1000.0);
#14332=COLOUR_RGB('',0.960784316062927,0.95686274766922,0.933333337306976);
#14333=CARTESIAN_POINT('',(5.5,0.25,-1.75));
#14334=VECTOR('',#15894,1000.0);
#14335=COLOUR_RGB('',0.960784316062927,0.95686274766922,0.933333337306976);
#14336=CARTESIAN_POINT('',(7.0,5.05,-1.75));
#14337=VECTOR('',#15895,1000.0);
#14338=CARTESIAN_POINT('',(7.0,0.75,1.25));
#14339=VECTOR('',#15896,1000.0);
#14340=CARTESIAN_POINT('',(7.0,1.07156594925393E-16,-1.75));
#14341=VECTOR('',#15897,1000.0);
#14342=COLOUR_RGB('',0.960784316062927,0.95686274766922,0.933333337306976);
#14343=COLOUR_RGB('',0.960784316062927,0.95686274766922,0.933333337306976);
#14344=CARTESIAN_POINT('',(-1.075,4.5,0.45));
#14345=CARTESIAN_POINT('',(1.6836466165413,-3.08627819548866,-3.92993975831276));
#14346=VECTOR('',#15898,1000.0);
#14347=CARTESIAN_POINT('',(-1.075,4.5,2.75545529808154E-16));
#14348=CARTESIAN_POINT('',(-1.075,4.5,2.75545529808154E-16));
#14349=VECTOR('',#15899,1000.0);
#14350=AXIS2_PLACEMENT_3D('',#15900,#15901,#15902);
#14351=COLOUR_RGB('',0.960784316062927,0.95686274766922,0.933333337306976);
#14352=CARTESIAN_POINT('',(-1.025,1.35,0.45));
#14353=CARTESIAN_POINT('',(-1.025,1.35,0.45));
#14354=VECTOR('',#15903,1000.0);
#14355=CARTESIAN_POINT('',(-1.025,1.35,8.26636589424463E-17));
#14356=CARTESIAN_POINT('',(-1.025,1.35,0.45));
#14357=VECTOR('',#15904,1000.0);
#14358=CARTESIAN_POINT('',(-1.025,1.35,8.26636589424463E-17));
#14359=VECTOR('',#15905,1000.0);
#14360=COLOUR_RGB('',0.960784316062927,0.95686274766922,0.933333337306976);
#14361=CARTESIAN_POINT('',(-1.0,0.45,-1.75));
#14362=CARTESIAN_POINT('',(-1.0,5.05,-1.75));
#14363=VECTOR('',#15906,1000.0);
#14364=CARTESIAN_POINT('',(-1.0,0.0500000000000001,-1.75));
#14365=CARTESIAN_POINT('',(-1.0,0.25,-1.75));
#14366=VECTOR('',#15907,1000.0);
#14367=CARTESIAN_POINT('',(-1.0,1.07156594925393E-16,-1.75));
#14368=CARTESIAN_POINT('',(-1.0,1.07156594925393E-16,-1.75));
#14369=VECTOR('',#15908,1000.0);
#14370=CARTESIAN_POINT('',(-2.0,5.57765610510425E-17,-0.91090036882269));
#14371=CARTESIAN_POINT('',(-1.0146706022208,1.0640281888633E-16,-1.73768990308735));
#14372=VECTOR('',#15909,1000.0);
#14373=CARTESIAN_POINT('',(-2.0,0.0500000000000001,-0.9109003688227));
#14374=CARTESIAN_POINT('',(-2.0,5.57765610510425E-17,-0.91090036882269));
#14375=VECTOR('',#15910,1000.0);
#14376=CARTESIAN_POINT('',(-2.0,1.35,-0.91090036882272));
#14377=VECTOR('',#15911,1000.0);
#14378=COLOUR_RGB('',0.960784316062927,0.95686274766922,0.933333337306976);
#14379=CARTESIAN_POINT('',(-2.0,1.07156594925393E-16,-1.75));
#14380=VECTOR('',#15912,1000.0);
#14381=CARTESIAN_POINT('',(-2.0,0.75,1.25));
#14382=VECTOR('',#15913,1000.0);
#14383=COLOUR_RGB('',0.960784316062927,0.95686274766922,0.933333337306976);
#14384=CARTESIAN_POINT('',(-0.325,0.5,-1.75));
#14385=CARTESIAN_POINT('',(-0.325,0.5,-1.75));
#14386=VECTOR('',#15914,1000.0);
#14387=CARTESIAN_POINT('',(-0.325,0.65,-1.75));
#14388=CARTESIAN_POINT('',(-0.325,0.65,-1.75));
#14389=VECTOR('',#15915,1000.0);
#14390=CARTESIAN_POINT('',(-0.325,0.65,-1.75));
#14391=VECTOR('',#15916,1000.0);
#14392=COLOUR_RGB('',0.960784316062927,0.95686274766922,0.933333337306976);
#14393=CARTESIAN_POINT('',(-0.425,0.25,-1.75));
#14394=CARTESIAN_POINT('',(-0.425,0.25,-1.75));
#14395=VECTOR('',#15917,1000.0);
#14396=CARTESIAN_POINT('',(-0.425,0.25,0.85));
#14397=VECTOR('',#15918,1000.0);
#14398=COLOUR_RGB('',0.960784316062927,0.95686274766922,0.933333337306976);
#14399=CARTESIAN_POINT('',(-0.8,0.25,-1.75));
#14400=CARTESIAN_POINT('',(-0.8,0.25,-1.75));
#14401=VECTOR('',#15919,1000.0);
#14402=CARTESIAN_POINT('',(-0.5,0.25,-1.75));
#14403=VECTOR('',#15920,1000.0);
#14404=CARTESIAN_POINT('',(-0.425,0.25,0.85));
#14405=VECTOR('',#15921,1000.0);
#14406=COLOUR_RGB('',0.960784316062927,0.95686274766922,0.933333337306976);
#14407=CARTESIAN_POINT('',(-0.8,0.45,-1.75));
#14408=CARTESIAN_POINT('',(-0.8,0.45,0.85));
#14409=VECTOR('',#15922,1000.0);
#14410=CARTESIAN_POINT('',(-0.8,0.45,-1.75));
#14411=VECTOR('',#15923,1000.0);
#14412=COLOUR_RGB('',0.960784316062927,0.95686274766922,0.933333337306976);
#14413=CARTESIAN_POINT('',(-1.0,0.45,0.85));
#14414=VECTOR('',#15924,1000.0);
#14415=CARTESIAN_POINT('',(-0.8,0.45,-1.75));
#14416=VECTOR('',#15925,1000.0);
#14417=COLOUR_RGB('',0.960784316062927,0.95686274766922,0.933333337306976);
#14418=CARTESIAN_POINT('',(-1.0,1.07156594925393E-16,-1.75));
#14419=VECTOR('',#15926,1000.0);
#14420=COLOUR_RGB('',0.960784316062927,0.95686274766922,0.933333337306976);
#14421=COLOUR_RGB('',0.960784316062927,0.95686274766922,0.933333337306976);
#14422=COLOUR_RGB('',0.960784316062927,0.95686274766922,0.933333337306976);
#14423=CARTESIAN_POINT('',(5.2,0.65,-1.75));
#14424=VECTOR('',#15927,1.0);
#14425=COLOUR_RGB('',0.960784316062927,0.95686274766922,0.933333337306976);
#14426=CARTESIAN_POINT('',(-24.5,4.5,2.75545529808154E-16));
#14427=VECTOR('',#15928,1000.0);
#14428=COLOUR_RGB('',0.960784316062927,0.95686274766922,0.933333337306976);
#14429=CARTESIAN_POINT('',(-24.5,1.35,8.26636589424463E-17));
#14430=VECTOR('',#15929,1000.0);
#14431=COLOUR_RGB('',0.960784316062927,0.95686274766922,0.933333337306976);
#14432=CARTESIAN_POINT('',(4.5,1.35,0.45));
#14433=VECTOR('',#15930,1000.0);
#14434=COLOUR_RGB('',0.960784316062927,0.95686274766922,0.933333337306976);
#14435=CARTESIAN_POINT('',(5.5,4.5,0.45));
#14436=VECTOR('',#15931,1000.0);
#14437=COLOUR_RGB('',0.960784316062927,0.95686274766922,0.933333337306976);
#14438=COLOUR_RGB('',0.960784316062927,0.95686274766922,0.933333337306976);
#14439=COLOUR_RGB('',0.960784316062927,0.95686274766922,0.933333337306976);
#14440=COLOUR_RGB('',0.960784316062927,0.95686274766922,0.933333337306976);
#14441=CARTESIAN_POINT('',(-0.349375,0.8,-0.71375));
#14442=CARTESIAN_POINT('',(-0.349374999999966,0.8,-1.30625));
#14443=CARTESIAN_POINT('',(-0.349375000000001,0.8,0.287500000000003));
#14444=VECTOR('',#15932,1.0);
#14445=CARTESIAN_POINT('',(-0.325,0.977272727272574,-1.19545454545464));
#14446=CARTESIAN_POINT('',(-0.3692622769094,0.655365258840484,-1.3966467132247));
#14447=VECTOR('',#15933,1000.0);
#14448=CARTESIAN_POINT('',(-0.325,0.977272727272742,-0.82454545454547));
#14449=CARTESIAN_POINT('',(-0.325,0.977272727272731,0.850000000000013));
#14450=VECTOR('',#15934,1000.0);
#14451=CARTESIAN_POINT('',(-0.315,1.05,-0.87));
#14452=VECTOR('',#15935,1000.0);
#14453=COLOUR_RGB('',0.960784316062927,0.95686274766922,0.933333337306976);
#14454=CARTESIAN_POINT('',(-0.325,0.8,-0.71375));
#14455=CARTESIAN_POINT('',(1.0925,0.8,-0.71375));
#14456=VECTOR('',#15936,1.0);
#14457=CARTESIAN_POINT('',(-0.325,1.05,-0.87));
#14458=VECTOR('',#15937,1000.0);
#14459=COLOUR_RGB('',0.960784316062927,0.95686274766922,0.933333337306976);
#14460=CARTESIAN_POINT('',(-0.325,0.8,-1.30625));
#14461=CARTESIAN_POINT('',(-0.325,0.8,-0.2225));
#14462=VECTOR('',#15938,1.0);
#14463=CARTESIAN_POINT('',(-0.325,0.65,-1.4));
#14464=VECTOR('',#15939,1000.0);
#14465=COLOUR_RGB('',0.960784316062927,0.95686274766922,0.933333337306976);
#14466=CARTESIAN_POINT('',(3.85,0.8,-1.30625));
#14467=VECTOR('',#15940,1.0);
#14468=COLOUR_RGB('',0.960784316062927,0.95686274766922,0.933333337306976);
#14469=COLOUR_RGB('',0.960784316062927,0.95686274766922,0.933333337306976);
#14470=DIRECTION('',(-1.0,0.0,0.0));
#14471=CARTESIAN_POINT('',(0.149999999999996,4.446,-0.646));
#14472=DIRECTION('',(-1.0,-0.0,0.0));
#14473=DIRECTION('',(0.0,-1.0,-2.76351818625127E-16));
#14474=DIRECTION('',(1.0,0.0,0.0));
#14475=CARTESIAN_POINT('',(-0.150000000000003,4.446,-0.646));
#14476=DIRECTION('',(-1.0,-0.0,0.0));
#14477=DIRECTION('',(0.0,-1.0,-2.76351818625127E-16));
#14478=DIRECTION('',(-0.685929791414468,0.0102675118960544,-0.727595285477832));
#14479=CARTESIAN_POINT('',(-0.0128679656440398,3.05,0.2));
#14480=DIRECTION('',(0.918131197437073,-0.00559152761866485,0.396237099615439));
#14481=DIRECTION('',(0.396276550268579,0.0129549829394341,-0.918039794412134));
#14482=DIRECTION('',(0.685929791414468,-0.0102675118960544,0.727595285477833));
#14483=CARTESIAN_POINT('',(-0.150000000000003,3.0520526952054,0.0545381423372302));
#14484=DIRECTION('',(-1.0,0.0,0.0));
#14485=DIRECTION('',(0.0,-0.0141101652744155,0.999900446662531));
#14486=DIRECTION('',(-0.685929791414468,-0.0102675118960516,0.727595285477832));
#14487=CARTESIAN_POINT('',(0.149999999999996,3.0520526952054,0.0545381423372302));
#14488=DIRECTION('',(1.0,0.0,0.0));
#14489=DIRECTION('',(0.0,0.0141101652744116,-0.999900446662531));
#14490=DIRECTION('',(0.685929791414468,0.0102675118960516,-0.727595285477833));
#14491=CARTESIAN_POINT('',(0.0128679656440323,3.05,0.2));
#14492=DIRECTION('',(0.918131197437073,0.00559152761866332,-0.396237099615439));
#14493=DIRECTION('',(0.396276550268579,-0.0129549829394306,0.918039794412134));
#14494=DIRECTION('',(-1.0,0.0,0.0));
#14495=CARTESIAN_POINT('',(2.15,4.446,-0.646));
#14496=DIRECTION('',(-1.0,-0.0,0.0));
#14497=DIRECTION('',(0.0,-1.0,-2.76351818625127E-16));
#14498=DIRECTION('',(1.0,0.0,0.0));
#14499=CARTESIAN_POINT('',(1.85,4.446,-0.646));
#14500=DIRECTION('',(-1.0,-0.0,0.0));
#14501=DIRECTION('',(0.0,-1.0,-2.76351818625127E-16));
#14502=DIRECTION('',(-0.685929791414468,0.0102675118960544,-0.727595285477832));
#14503=CARTESIAN_POINT('',(1.98713203435596,3.05,0.2));
#14504=DIRECTION('',(0.918131197437073,-0.00559152761866485,0.396237099615439));
#14505=DIRECTION('',(0.396276550268579,0.0129549829394341,-0.918039794412134));
#14506=DIRECTION('',(0.685929791414468,-0.0102675118960544,0.727595285477833));
#14507=CARTESIAN_POINT('',(1.85,3.0520526952054,0.0545381423372302));
#14508=DIRECTION('',(-1.0,0.0,0.0));
#14509=DIRECTION('',(0.0,-0.0141101652744155,0.999900446662531));
#14510=DIRECTION('',(-0.685929791414468,-0.0102675118960516,0.727595285477832));
#14511=CARTESIAN_POINT('',(2.15,3.0520526952054,0.0545381423372302));
#14512=DIRECTION('',(1.0,0.0,0.0));
#14513=DIRECTION('',(0.0,0.0141101652744116,-0.999900446662531));
#14514=DIRECTION('',(0.685929791414468,0.0102675118960516,-0.727595285477833));
#14515=CARTESIAN_POINT('',(2.01286796564403,3.05,0.2));
#14516=DIRECTION('',(0.918131197437073,0.00559152761866332,-0.396237099615439));
#14517=DIRECTION('',(0.396276550268579,-0.0129549829394306,0.918039794412134));
#14518=DIRECTION('',(-1.0,0.0,0.0));
#14519=CARTESIAN_POINT('',(4.15,4.446,-0.646));
#14520=DIRECTION('',(-1.0,-0.0,0.0));
#14521=DIRECTION('',(0.0,-1.0,-2.76351818625127E-16));
#14522=DIRECTION('',(1.0,0.0,0.0));
#14523=CARTESIAN_POINT('',(3.85,4.446,-0.646));
#14524=DIRECTION('',(-1.0,-0.0,0.0));
#14525=DIRECTION('',(0.0,-1.0,-2.76351818625127E-16));
#14526=DIRECTION('',(-0.685929791414468,0.0102675118960544,-0.727595285477832));
#14527=CARTESIAN_POINT('',(3.98713203435596,3.05,0.2));
#14528=DIRECTION('',(0.918131197437073,-0.00559152761866485,0.396237099615439));
#14529=DIRECTION('',(0.396276550268579,0.0129549829394341,-0.918039794412134));
#14530=DIRECTION('',(0.685929791414468,-0.0102675118960544,0.727595285477833));
#14531=CARTESIAN_POINT('',(3.85,3.0520526952054,0.0545381423372302));
#14532=DIRECTION('',(-1.0,0.0,0.0));
#14533=DIRECTION('',(0.0,-0.0141101652744155,0.999900446662531));
#14534=DIRECTION('',(-0.685929791414468,-0.0102675118960516,0.727595285477832));
#14535=CARTESIAN_POINT('',(4.15,3.0520526952054,0.0545381423372302));
#14536=DIRECTION('',(1.0,0.0,0.0));
#14537=DIRECTION('',(0.0,0.0141101652744116,-0.999900446662531));
#14538=DIRECTION('',(0.685929791414468,0.0102675118960516,-0.727595285477833));
#14539=CARTESIAN_POINT('',(4.01286796564403,3.05,0.2));
#14540=DIRECTION('',(0.918131197437073,0.00559152761866332,-0.396237099615439));
#14541=DIRECTION('',(0.396276550268579,-0.0129549829394306,0.918039794412134));
#14542=DIRECTION('',(-0.685929791414468,-0.0102675118960516,0.727595285477833));
#14543=CARTESIAN_POINT('',(1.15,3.0520526952054,0.0545381423372302));
#14544=DIRECTION('',(1.0,0.0,0.0));
#14545=DIRECTION('',(0.0,0.0141101652744116,-0.999900446662531));
#14546=DIRECTION('',(0.685929791414468,0.0102675118960516,-0.727595285477833));
#14547=CARTESIAN_POINT('',(1.01286796564403,3.05,0.2));
#14548=DIRECTION('',(0.918131197437073,0.00559152761866332,-0.396237099615439));
#14549=DIRECTION('',(0.396276550268579,-0.0129549829394306,0.918039794412134));
#14550=DIRECTION('',(-0.685929791414468,0.0102675118960543,-0.727595285477832));
#14551=CARTESIAN_POINT('',(0.987132034355961,3.05,0.2));
#14552=DIRECTION('',(0.918131197437073,-0.0055915276186648,0.396237099615439));
#14553=DIRECTION('',(0.396276550268579,0.012954982939434,-0.918039794412134));
#14554=DIRECTION('',(0.685929791414468,-0.0102675118960543,0.727595285477833));
#14555=CARTESIAN_POINT('',(0.849999999999997,3.0520526952054,0.0545381423372302));
#14556=DIRECTION('',(-1.0,0.0,0.0));
#14557=DIRECTION('',(0.0,0.0141101652744154,-0.999900446662531));
#14558=DIRECTION('',(-1.0,0.0,0.0));
#14559=CARTESIAN_POINT('',(1.15,4.446,-0.646));
#14560=DIRECTION('',(-1.0,-0.0,0.0));
#14561=DIRECTION('',(0.0,-1.0,-2.76351818625127E-16));
#14562=DIRECTION('',(1.0,0.0,0.0));
#14563=CARTESIAN_POINT('',(0.849999999999997,4.446,-0.646));
#14564=DIRECTION('',(-1.0,-0.0,0.0));
#14565=DIRECTION('',(0.0,-1.0,-2.76351818625127E-16));
#14566=DIRECTION('',(-0.685929791414468,-0.0102675118960516,0.727595285477833));
#14567=CARTESIAN_POINT('',(3.15,3.0520526952054,0.0545381423372302));
#14568=DIRECTION('',(1.0,0.0,0.0));
#14569=DIRECTION('',(0.0,0.0141101652744116,-0.999900446662531));
#14570=DIRECTION('',(0.685929791414468,0.0102675118960516,-0.727595285477833));
#14571=CARTESIAN_POINT('',(3.01286796564403,3.05,0.2));
#14572=DIRECTION('',(0.918131197437073,0.00559152761866332,-0.396237099615439));
#14573=DIRECTION('',(0.396276550268579,-0.0129549829394306,0.918039794412134));
#14574=DIRECTION('',(-0.685929791414468,0.0102675118960543,-0.727595285477832));
#14575=CARTESIAN_POINT('',(2.98713203435596,3.05,0.2));
#14576=DIRECTION('',(0.918131197437073,-0.0055915276186648,0.396237099615439));
#14577=DIRECTION('',(0.396276550268579,0.012954982939434,-0.918039794412134));
#14578=DIRECTION('',(0.685929791414468,-0.0102675118960543,0.727595285477833));
#14579=CARTESIAN_POINT('',(2.85,3.0520526952054,0.0545381423372302));
#14580=DIRECTION('',(-1.0,0.0,0.0));
#14581=DIRECTION('',(0.0,0.0141101652744154,-0.999900446662531));
#14582=DIRECTION('',(-1.0,0.0,0.0));
#14583=CARTESIAN_POINT('',(3.15,4.446,-0.646));
#14584=DIRECTION('',(-1.0,-0.0,0.0));
#14585=DIRECTION('',(0.0,-1.0,-2.76351818625127E-16));
#14586=DIRECTION('',(1.0,0.0,0.0));
#14587=CARTESIAN_POINT('',(2.85,4.446,-0.646));
#14588=DIRECTION('',(-1.0,-0.0,0.0));
#14589=DIRECTION('',(0.0,-1.0,-2.76351818625127E-16));
#14590=DIRECTION('',(-0.685929791414468,-0.0102675118960516,0.727595285477833));
#14591=CARTESIAN_POINT('',(5.15,3.0520526952054,0.0545381423372302));
#14592=DIRECTION('',(1.0,0.0,0.0));
#14593=DIRECTION('',(0.0,0.0141101652744116,-0.999900446662531));
#14594=DIRECTION('',(0.685929791414468,0.0102675118960516,-0.727595285477833));
#14595=CARTESIAN_POINT('',(5.01286796564403,3.05,0.2));
#14596=DIRECTION('',(0.918131197437073,0.00559152761866332,-0.396237099615439));
#14597=DIRECTION('',(0.396276550268579,-0.0129549829394306,0.918039794412134));
#14598=DIRECTION('',(-0.685929791414468,0.0102675118960543,-0.727595285477832));
#14599=CARTESIAN_POINT('',(4.98713203435596,3.05,0.2));
#14600=DIRECTION('',(0.918131197437073,-0.0055915276186648,0.396237099615439));
#14601=DIRECTION('',(0.396276550268579,0.012954982939434,-0.918039794412134));
#14602=DIRECTION('',(0.685929791414468,-0.0102675118960543,0.727595285477833));
#14603=CARTESIAN_POINT('',(4.85,3.0520526952054,0.0545381423372302));
#14604=DIRECTION('',(-1.0,0.0,0.0));
#14605=DIRECTION('',(0.0,0.0141101652744154,-0.999900446662531));
#14606=DIRECTION('',(-1.0,0.0,0.0));
#14607=CARTESIAN_POINT('',(5.15,4.446,-0.646));
#14608=DIRECTION('',(-1.0,-0.0,0.0));
#14609=DIRECTION('',(0.0,-1.0,-2.76351818625127E-16));
#14610=DIRECTION('',(1.0,0.0,0.0));
#14611=CARTESIAN_POINT('',(4.85,4.446,-0.646));
#14612=DIRECTION('',(-1.0,-0.0,0.0));
#14613=DIRECTION('',(0.0,-1.0,-2.76351818625127E-16));
#14614=DIRECTION('',(-1.0,0.0,0.0));
#14615=DIRECTION('',(0.0,1.0,1.2792720087087E-16));
#14616=DIRECTION('',(-1.0,0.0,0.0));
#14617=DIRECTION('',(0.0,1.0,-1.40131441501734E-17));
#14618=DIRECTION('',(0.0,6.12323399573676E-17,-1.0));
#14619=DIRECTION('',(0.0,-1.0,-6.12323399573676E-17));
#14620=CARTESIAN_POINT('',(5.175,0.33,-1.276));
#14621=DIRECTION('',(1.0,0.0,0.0));
#14622=DIRECTION('',(0.0,-1.0,-6.12323399573676E-17));
#14623=DIRECTION('',(0.0,6.12323399573676E-17,-1.0));
#14624=DIRECTION('',(0.0,1.0,-1.15689278239845E-16));
#14625=DIRECTION('',(0.0,6.12323399573676E-17,-1.0));
#14626=DIRECTION('',(0.0,1.0,6.12323399573676E-17));
#14627=DIRECTION('',(0.0,-6.12323399573676E-17,1.0));
#14628=CARTESIAN_POINT('',(5.175,0.404000276407946,-1.35));
#14629=DIRECTION('',(-1.0,-0.0,0.0));
#14630=DIRECTION('',(0.0,-1.0,-6.12323399573676E-17));
#14631=DIRECTION('',(0.0,6.12323399573676E-17,-1.0));
#14632=DIRECTION('',(0.0,0.988644395383376,-0.150273948098259));
#14633=DIRECTION('',(0.0,1.0,6.12323399573676E-17));
#14634=DIRECTION('',(0.0,0.320472800413029,0.947257717939226));
#14635=DIRECTION('',(0.0,0.937837578032179,0.347074454880702));
#14636=CARTESIAN_POINT('',(4.85,3.0520526952054,0.0545381423372302));
#14637=DIRECTION('',(-1.0,0.0,0.0));
#14638=DIRECTION('',(0.0,0.0141101652744154,-0.999900446662531));
#14639=DIRECTION('',(0.0,0.947257717939226,-0.320472800413029));
#14640=DIRECTION('',(3.61400724161834E-16,-0.320472800413029,-0.947257717939226));
#14641=DIRECTION('',(0.0,0.947257717939229,-0.32047280041302));
#14642=CARTESIAN_POINT('',(4.85,4.446,-0.646));
#14643=DIRECTION('',(-1.0,-0.0,0.0));
#14644=DIRECTION('',(0.0,-1.0,-2.76351818625127E-16));
#14645=DIRECTION('',(0.0,-1.0,-3.02858220945208E-16));
#14646=CARTESIAN_POINT('',(4.9,2.82260675667544,1.28305784111587E-15));
#14647=DIRECTION('',(0.0,6.12323399573676E-17,-1.0));
#14648=DIRECTION('',(0.0,1.0,6.12323399573676E-17));
#14649=DIRECTION('',(0.0,0.320472800413029,0.947257717939227));
#14650=CARTESIAN_POINT('',(4.9,2.91895533559225,0.284788396624614));
#14651=DIRECTION('',(-0.707106781186547,-0.245418700622769,0.663151311078123));
#14652=DIRECTION('',(-0.465091089791121,-0.545001802748308,-0.697612581020442));
#14653=DIRECTION('',(-1.0,0.0,0.0));
#14654=DIRECTION('',(0.0,0.320472800413029,0.947257717939227));
#14655=DIRECTION('',(-0.613629726340555,0.253043374822873,0.747948935027965));
#14656=DIRECTION('',(1.0,0.0,0.0));
#14657=DIRECTION('',(-0.613629726340554,-0.253043374822873,-0.747948935027965));
#14658=DIRECTION('',(1.0,0.0,0.0));
#14659=DIRECTION('',(0.0,-1.0,1.14599995861823E-16));
#14660=DIRECTION('',(0.707106781186547,-0.707106781186548,8.10344341978453E-17));
#14661=DIRECTION('',(-0.707106781186547,0.707106781186548,4.32978028117747E-17));
#14662=DIRECTION('',(0.0,6.12323399573676E-17,-1.0));
#14663=DIRECTION('',(0.0,-6.12323399573676E-17,1.0));
#14664=DIRECTION('',(0.0,-6.12323399573676E-17,1.0));
#14665=DIRECTION('',(1.0,0.0,0.0));
#14666=DIRECTION('',(1.0,0.0,0.0));
#14667=DIRECTION('',(1.0,0.0,0.0));
#14668=DIRECTION('',(0.0,1.0,6.12323399573676E-17));
#14669=DIRECTION('',(-0.707106781186547,-0.707106781186548,-4.32978028117747E-17));
#14670=DIRECTION('',(0.707106781186547,0.707106781186548,-8.18046731539723E-17));
#14671=DIRECTION('',(0.0,-6.12323399573676E-17,1.0));
#14672=DIRECTION('',(1.0,0.0,0.0));
#14673=DIRECTION('',(0.0,6.12323399573676E-17,-1.0));
#14674=DIRECTION('',(-1.0,0.0,0.0));
#14675=CARTESIAN_POINT('',(4.825,0.33,-1.276));
#14676=DIRECTION('',(-1.0,-0.0,0.0));
#14677=DIRECTION('',(0.0,-1.0,-6.12323399573676E-17));
#14678=DIRECTION('',(1.0,0.0,0.0));
#14679=DIRECTION('',(0.0,-6.12323399573676E-17,1.0));
#14680=CARTESIAN_POINT('',(4.825,0.404000276407946,-1.35));
#14681=DIRECTION('',(1.0,0.0,0.0));
#14682=DIRECTION('',(0.0,-1.0,-6.12323399573676E-17));
#14683=DIRECTION('',(0.0,-1.0,-6.12323399573676E-17));
#14684=DIRECTION('',(1.0,0.0,0.0));
#14685=DIRECTION('',(1.0,6.12323399573676E-17,3.74939945665464E-33));
#14686=DIRECTION('',(0.0,-1.0,-3.02858220945208E-16));
#14687=DIRECTION('',(0.0,0.947257717939226,-0.320472800413029));
#14688=DIRECTION('',(1.0,0.0,0.0));
#14689=DIRECTION('',(0.0,0.947257717939226,-0.320472800413029));
#14690=DIRECTION('',(1.0,0.0,0.0));
#14691=DIRECTION('',(0.0,0.947257717939227,-0.320472800413027));
#14692=DIRECTION('',(1.0,0.0,0.0));
#14693=DIRECTION('',(-1.0,1.73472347597681E-14,-5.78241158658936E-15));
#14694=DIRECTION('',(0.0,-0.937837578032179,-0.347074454880702));
#14695=CARTESIAN_POINT('',(4.775,3.05,0.2));
#14696=DIRECTION('',(-0.707106781186547,-0.245418700622769,0.663151311078123));
#14697=DIRECTION('',(0.707106781186549,-0.245418700622769,0.663151311078121));
#14698=DIRECTION('',(-0.685929791414468,0.0102675118960544,-0.727595285477833));
#14699=CARTESIAN_POINT('',(5.15,4.446,-0.646));
#14700=DIRECTION('',(-1.0,-0.0,0.0));
#14701=DIRECTION('',(0.0,-1.0,-2.76351818625127E-16));
#14702=DIRECTION('',(0.0,0.937837578032179,0.347074454880702));
#14703=DIRECTION('',(-1.0,0.0,0.0));
#14704=DIRECTION('',(-0.0,-6.12323399573676E-17,1.0));
#14705=DIRECTION('',(-3.61400724161834E-16,-0.320472800413029,-0.947257717939226));
#14706=DIRECTION('',(0.0,0.947257717939226,-0.320472800413029));
#14707=CARTESIAN_POINT('',(5.15,3.0520526952054,0.0545381423372302));
#14708=DIRECTION('',(1.0,0.0,0.0));
#14709=DIRECTION('',(0.0,0.0141101652744116,-0.999900446662531));
#14710=DIRECTION('',(0.0,-0.937837578032179,-0.347074454880702));
#14711=DIRECTION('',(0.0,0.320472800413029,0.947257717939226));
#14712=DIRECTION('',(-0.0,-1.0,-6.12323399573676E-17));
#14713=DIRECTION('',(-0.0,-0.988644395383376,0.150273948098259));
#14714=CARTESIAN_POINT('',(5.1,2.91895533559225,0.284788396624615));
#14715=DIRECTION('',(-0.707106781186546,0.245418700622769,-0.663151311078123));
#14716=DIRECTION('',(-0.465091089791121,0.545001802748309,0.697612581020441));
#14717=DIRECTION('',(-0.685929791414468,-0.0102675118960516,0.727595285477833));
#14718=CARTESIAN_POINT('',(5.225,3.05,0.2));
#14719=DIRECTION('',(0.707106781186546,-0.245418700622769,0.663151311078123));
#14720=DIRECTION('',(0.707106781186549,0.245418700622769,-0.66315131107812));
#14721=CARTESIAN_POINT('',(4.775,3.05,0.2));
#14722=DIRECTION('',(-0.707106781186548,0.226608490357896,0.66981235588612));
#14723=DIRECTION('',(0.707106781186547,0.226608490357896,0.669812355886121));
#14724=DIRECTION('',(-0.707106781186548,-0.226608490357892,-0.669812355886122));
#14725=CARTESIAN_POINT('',(5.225,3.05,0.2));
#14726=DIRECTION('',(0.707106781186548,0.226608490357895,0.66981235588612));
#14727=DIRECTION('',(0.707106781186547,-0.226608490357896,-0.669812355886122));
#14728=DIRECTION('',(0.707106781186547,-0.226608490357884,-0.669812355886126));
#14729=CARTESIAN_POINT('',(4.98713203435596,3.05,0.2));
#14730=DIRECTION('',(0.918131197437073,-0.0055915276186648,0.396237099615439));
#14731=DIRECTION('',(0.396276550268579,0.012954982939434,-0.918039794412134));
#14732=CARTESIAN_POINT('',(5.01286796564403,3.05,0.2));
#14733=DIRECTION('',(0.918131197437073,0.00559152761866332,-0.396237099615439));
#14734=DIRECTION('',(0.396276550268579,-0.0129549829394306,0.918039794412134));
#14735=CARTESIAN_POINT('',(5.1,2.82260675667544,1.28305784111587E-15));
#14736=DIRECTION('',(0.0,6.12323399573676E-17,-1.0));
#14737=DIRECTION('',(0.0,-1.0,-6.12323399573676E-17));
#14738=DIRECTION('',(1.0,6.12323399573676E-17,3.74939945665464E-33));
#14739=DIRECTION('',(0.0,-6.12323399573676E-17,1.0));
#14740=DIRECTION('',(1.0,6.12323399573676E-17,3.74939945665464E-33));
#14741=DIRECTION('',(0.0,6.12323399573676E-17,-1.0));
#14742=DIRECTION('',(1.0,6.12323399573676E-17,3.74939945665464E-33));
#14743=DIRECTION('',(-1.0,-6.12323399573676E-17,-3.74939945665464E-33));
#14744=DIRECTION('',(6.05370097150611E-17,-0.988644395383376,0.150273948098259));
#14745=DIRECTION('',(-1.0,0.0,0.0));
#14746=DIRECTION('',(0.0,1.0,1.2792720087087E-16));
#14747=DIRECTION('',(-1.0,0.0,0.0));
#14748=DIRECTION('',(0.0,1.0,-1.40131441501734E-17));
#14749=DIRECTION('',(0.0,6.12323399573676E-17,-1.0));
#14750=DIRECTION('',(0.0,-1.0,-6.12323399573676E-17));
#14751=CARTESIAN_POINT('',(3.175,0.33,-1.276));
#14752=DIRECTION('',(1.0,0.0,0.0));
#14753=DIRECTION('',(0.0,-1.0,-6.12323399573676E-17));
#14754=DIRECTION('',(0.0,6.12323399573676E-17,-1.0));
#14755=DIRECTION('',(0.0,1.0,-1.15689278239845E-16));
#14756=DIRECTION('',(0.0,6.12323399573676E-17,-1.0));
#14757=DIRECTION('',(0.0,1.0,6.12323399573676E-17));
#14758=DIRECTION('',(0.0,-6.12323399573676E-17,1.0));
#14759=CARTESIAN_POINT('',(3.175,0.404000276407946,-1.35));
#14760=DIRECTION('',(-1.0,-0.0,0.0));
#14761=DIRECTION('',(0.0,-1.0,-6.12323399573676E-17));
#14762=DIRECTION('',(0.0,6.12323399573676E-17,-1.0));
#14763=DIRECTION('',(0.0,0.988644395383376,-0.150273948098259));
#14764=DIRECTION('',(0.0,1.0,6.12323399573676E-17));
#14765=DIRECTION('',(0.0,0.320472800413029,0.947257717939226));
#14766=DIRECTION('',(0.0,0.937837578032179,0.347074454880702));
#14767=CARTESIAN_POINT('',(2.85,3.0520526952054,0.0545381423372302));
#14768=DIRECTION('',(-1.0,0.0,0.0));
#14769=DIRECTION('',(0.0,0.0141101652744154,-0.999900446662531));
#14770=DIRECTION('',(0.0,0.947257717939226,-0.320472800413029));
#14771=DIRECTION('',(3.61400724161834E-16,-0.320472800413029,-0.947257717939226));
#14772=DIRECTION('',(0.0,0.947257717939229,-0.32047280041302));
#14773=CARTESIAN_POINT('',(2.85,4.446,-0.646));
#14774=DIRECTION('',(-1.0,-0.0,0.0));
#14775=DIRECTION('',(0.0,-1.0,-2.76351818625127E-16));
#14776=DIRECTION('',(0.0,-1.0,-3.02858220945208E-16));
#14777=CARTESIAN_POINT('',(2.9,2.82260675667544,1.28305784111587E-15));
#14778=DIRECTION('',(0.0,6.12323399573676E-17,-1.0));
#14779=DIRECTION('',(0.0,1.0,6.12323399573676E-17));
#14780=DIRECTION('',(0.0,0.320472800413029,0.947257717939227));
#14781=CARTESIAN_POINT('',(2.9,2.91895533559225,0.284788396624614));
#14782=DIRECTION('',(-0.707106781186547,-0.245418700622769,0.663151311078123));
#14783=DIRECTION('',(-0.465091089791121,-0.545001802748308,-0.697612581020442));
#14784=DIRECTION('',(-1.0,0.0,0.0));
#14785=DIRECTION('',(0.0,0.320472800413029,0.947257717939227));
#14786=DIRECTION('',(-0.613629726340555,0.253043374822873,0.747948935027965));
#14787=DIRECTION('',(1.0,0.0,0.0));
#14788=DIRECTION('',(-0.613629726340554,-0.253043374822873,-0.747948935027965));
#14789=DIRECTION('',(1.0,0.0,0.0));
#14790=DIRECTION('',(0.0,-1.0,1.14599995861823E-16));
#14791=DIRECTION('',(0.707106781186547,-0.707106781186548,8.10344341978453E-17));
#14792=DIRECTION('',(-0.707106781186547,0.707106781186548,4.32978028117747E-17));
#14793=DIRECTION('',(0.0,6.12323399573676E-17,-1.0));
#14794=DIRECTION('',(0.0,-6.12323399573676E-17,1.0));
#14795=DIRECTION('',(0.0,-6.12323399573676E-17,1.0));
#14796=DIRECTION('',(1.0,0.0,0.0));
#14797=DIRECTION('',(1.0,0.0,0.0));
#14798=DIRECTION('',(1.0,0.0,0.0));
#14799=DIRECTION('',(0.0,1.0,6.12323399573676E-17));
#14800=DIRECTION('',(-0.707106781186547,-0.707106781186548,-4.32978028117747E-17));
#14801=DIRECTION('',(0.707106781186547,0.707106781186548,-8.18046731539723E-17));
#14802=DIRECTION('',(0.0,-6.12323399573676E-17,1.0));
#14803=DIRECTION('',(1.0,0.0,0.0));
#14804=DIRECTION('',(0.0,6.12323399573676E-17,-1.0));
#14805=DIRECTION('',(-1.0,0.0,0.0));
#14806=CARTESIAN_POINT('',(2.825,0.33,-1.276));
#14807=DIRECTION('',(-1.0,-0.0,0.0));
#14808=DIRECTION('',(0.0,-1.0,-6.12323399573676E-17));
#14809=DIRECTION('',(1.0,0.0,0.0));
#14810=DIRECTION('',(0.0,-6.12323399573676E-17,1.0));
#14811=CARTESIAN_POINT('',(2.825,0.404000276407946,-1.35));
#14812=DIRECTION('',(1.0,0.0,0.0));
#14813=DIRECTION('',(0.0,-1.0,-6.12323399573676E-17));
#14814=DIRECTION('',(0.0,-1.0,-6.12323399573676E-17));
#14815=DIRECTION('',(1.0,0.0,0.0));
#14816=DIRECTION('',(1.0,6.12323399573676E-17,3.74939945665464E-33));
#14817=DIRECTION('',(0.0,-1.0,-3.02858220945208E-16));
#14818=DIRECTION('',(0.0,0.947257717939226,-0.320472800413029));
#14819=DIRECTION('',(1.0,0.0,0.0));
#14820=DIRECTION('',(0.0,0.947257717939226,-0.320472800413029));
#14821=DIRECTION('',(1.0,0.0,0.0));
#14822=DIRECTION('',(0.0,0.947257717939227,-0.320472800413027));
#14823=DIRECTION('',(1.0,0.0,0.0));
#14824=DIRECTION('',(-1.0,1.73472347597681E-14,-5.78241158658936E-15));
#14825=DIRECTION('',(0.0,-0.937837578032179,-0.347074454880702));
#14826=CARTESIAN_POINT('',(2.775,3.05,0.2));
#14827=DIRECTION('',(-0.707106781186547,-0.245418700622769,0.663151311078123));
#14828=DIRECTION('',(0.707106781186549,-0.245418700622769,0.663151311078121));
#14829=DIRECTION('',(-0.685929791414468,0.0102675118960544,-0.727595285477833));
#14830=CARTESIAN_POINT('',(3.15,4.446,-0.646));
#14831=DIRECTION('',(-1.0,-0.0,0.0));
#14832=DIRECTION('',(0.0,-1.0,-2.76351818625127E-16));
#14833=DIRECTION('',(0.0,0.937837578032179,0.347074454880702));
#14834=DIRECTION('',(-1.0,0.0,0.0));
#14835=DIRECTION('',(-0.0,-6.12323399573676E-17,1.0));
#14836=DIRECTION('',(-3.61400724161834E-16,-0.320472800413029,-0.947257717939226));
#14837=DIRECTION('',(0.0,0.947257717939226,-0.320472800413029));
#14838=CARTESIAN_POINT('',(3.15,3.0520526952054,0.0545381423372302));
#14839=DIRECTION('',(1.0,0.0,0.0));
#14840=DIRECTION('',(0.0,0.0141101652744116,-0.999900446662531));
#14841=DIRECTION('',(0.0,-0.937837578032179,-0.347074454880702));
#14842=DIRECTION('',(0.0,0.320472800413029,0.947257717939226));
#14843=DIRECTION('',(-0.0,-1.0,-6.12323399573676E-17));
#14844=DIRECTION('',(-0.0,-0.988644395383376,0.150273948098259));
#14845=CARTESIAN_POINT('',(3.1,2.91895533559225,0.284788396624615));
#14846=DIRECTION('',(-0.707106781186546,0.245418700622769,-0.663151311078123));
#14847=DIRECTION('',(-0.465091089791121,0.545001802748309,0.697612581020441));
#14848=DIRECTION('',(-0.685929791414468,-0.0102675118960516,0.727595285477833));
#14849=CARTESIAN_POINT('',(3.225,3.05,0.2));
#14850=DIRECTION('',(0.707106781186546,-0.245418700622769,0.663151311078123));
#14851=DIRECTION('',(0.707106781186549,0.245418700622769,-0.66315131107812));
#14852=CARTESIAN_POINT('',(2.775,3.05,0.2));
#14853=DIRECTION('',(-0.707106781186548,0.226608490357896,0.66981235588612));
#14854=DIRECTION('',(0.707106781186547,0.226608490357896,0.669812355886121));
#14855=DIRECTION('',(-0.707106781186548,-0.226608490357892,-0.669812355886122));
#14856=CARTESIAN_POINT('',(3.225,3.05,0.2));
#14857=DIRECTION('',(0.707106781186548,0.226608490357895,0.66981235588612));
#14858=DIRECTION('',(0.707106781186547,-0.226608490357896,-0.669812355886122));
#14859=DIRECTION('',(0.707106781186547,-0.226608490357884,-0.669812355886126));
#14860=CARTESIAN_POINT('',(2.98713203435596,3.05,0.2));
#14861=DIRECTION('',(0.918131197437073,-0.0055915276186648,0.396237099615439));
#14862=DIRECTION('',(0.396276550268579,0.012954982939434,-0.918039794412134));
#14863=CARTESIAN_POINT('',(3.01286796564403,3.05,0.2));
#14864=DIRECTION('',(0.918131197437073,0.00559152761866332,-0.396237099615439));
#14865=DIRECTION('',(0.396276550268579,-0.0129549829394306,0.918039794412134));
#14866=CARTESIAN_POINT('',(3.1,2.82260675667544,1.28305784111587E-15));
#14867=DIRECTION('',(0.0,6.12323399573676E-17,-1.0));
#14868=DIRECTION('',(0.0,-1.0,-6.12323399573676E-17));
#14869=DIRECTION('',(1.0,6.12323399573676E-17,3.74939945665464E-33));
#14870=DIRECTION('',(0.0,-6.12323399573676E-17,1.0));
#14871=DIRECTION('',(1.0,6.12323399573676E-17,3.74939945665464E-33));
#14872=DIRECTION('',(0.0,6.12323399573676E-17,-1.0));
#14873=DIRECTION('',(1.0,6.12323399573676E-17,3.74939945665464E-33));
#14874=DIRECTION('',(-1.0,-6.12323399573676E-17,-3.74939945665464E-33));
#14875=DIRECTION('',(6.05370097150611E-17,-0.988644395383376,0.150273948098259));
#14876=DIRECTION('',(-1.0,0.0,0.0));
#14877=DIRECTION('',(0.0,1.0,1.2792720087087E-16));
#14878=DIRECTION('',(-1.0,0.0,0.0));
#14879=DIRECTION('',(0.0,1.0,-1.40131441501734E-17));
#14880=DIRECTION('',(0.0,6.12323399573676E-17,-1.0));
#14881=DIRECTION('',(0.0,-1.0,-6.12323399573676E-17));
#14882=CARTESIAN_POINT('',(1.175,0.33,-1.276));
#14883=DIRECTION('',(1.0,0.0,0.0));
#14884=DIRECTION('',(0.0,-1.0,-6.12323399573676E-17));
#14885=DIRECTION('',(0.0,6.12323399573676E-17,-1.0));
#14886=DIRECTION('',(0.0,1.0,-1.15689278239845E-16));
#14887=DIRECTION('',(0.0,6.12323399573676E-17,-1.0));
#14888=DIRECTION('',(0.0,1.0,6.12323399573676E-17));
#14889=DIRECTION('',(0.0,-6.12323399573676E-17,1.0));
#14890=CARTESIAN_POINT('',(1.175,0.404000276407946,-1.35));
#14891=DIRECTION('',(-1.0,-0.0,0.0));
#14892=DIRECTION('',(0.0,-1.0,-6.12323399573676E-17));
#14893=DIRECTION('',(0.0,6.12323399573676E-17,-1.0));
#14894=DIRECTION('',(0.0,0.988644395383376,-0.150273948098259));
#14895=DIRECTION('',(0.0,1.0,6.12323399573676E-17));
#14896=DIRECTION('',(0.0,0.320472800413029,0.947257717939226));
#14897=DIRECTION('',(0.0,0.937837578032179,0.347074454880702));
#14898=CARTESIAN_POINT('',(0.849999999999997,3.0520526952054,0.0545381423372302));
#14899=DIRECTION('',(-1.0,0.0,0.0));
#14900=DIRECTION('',(0.0,0.0141101652744154,-0.999900446662531));
#14901=DIRECTION('',(0.0,0.947257717939226,-0.320472800413029));
#14902=DIRECTION('',(3.61400724161834E-16,-0.320472800413029,-0.947257717939226));
#14903=DIRECTION('',(0.0,0.947257717939229,-0.32047280041302));
#14904=CARTESIAN_POINT('',(0.849999999999997,4.446,-0.646));
#14905=DIRECTION('',(-1.0,-0.0,0.0));
#14906=DIRECTION('',(0.0,-1.0,-2.76351818625127E-16));
#14907=DIRECTION('',(0.0,-1.0,-3.02858220945208E-16));
#14908=CARTESIAN_POINT('',(0.899999999999997,2.82260675667544,1.28305784111587E-15));
#14909=DIRECTION('',(0.0,6.12323399573676E-17,-1.0));
#14910=DIRECTION('',(0.0,1.0,6.12323399573676E-17));
#14911=DIRECTION('',(0.0,0.320472800413029,0.947257717939227));
#14912=CARTESIAN_POINT('',(0.899999999999997,2.91895533559225,0.284788396624614));
#14913=DIRECTION('',(-0.707106781186547,-0.245418700622769,0.663151311078123));
#14914=DIRECTION('',(-0.465091089791121,-0.545001802748308,-0.697612581020442));
#14915=DIRECTION('',(-1.0,0.0,0.0));
#14916=DIRECTION('',(0.0,0.320472800413029,0.947257717939227));
#14917=DIRECTION('',(-0.613629726340555,0.253043374822873,0.747948935027965));
#14918=DIRECTION('',(1.0,0.0,0.0));
#14919=DIRECTION('',(-0.613629726340554,-0.253043374822873,-0.747948935027965));
#14920=DIRECTION('',(1.0,0.0,0.0));
#14921=DIRECTION('',(0.0,-1.0,1.14599995861823E-16));
#14922=DIRECTION('',(0.707106781186547,-0.707106781186548,8.10344341978453E-17));
#14923=DIRECTION('',(-0.707106781186547,0.707106781186548,4.32978028117747E-17));
#14924=DIRECTION('',(0.0,6.12323399573676E-17,-1.0));
#14925=DIRECTION('',(0.0,-6.12323399573676E-17,1.0));
#14926=DIRECTION('',(0.0,-6.12323399573676E-17,1.0));
#14927=DIRECTION('',(1.0,0.0,0.0));
#14928=DIRECTION('',(1.0,0.0,0.0));
#14929=DIRECTION('',(1.0,0.0,0.0));
#14930=DIRECTION('',(0.0,1.0,6.12323399573676E-17));
#14931=DIRECTION('',(-0.707106781186547,-0.707106781186548,-4.32978028117747E-17));
#14932=DIRECTION('',(0.707106781186547,0.707106781186548,-8.18046731539723E-17));
#14933=DIRECTION('',(0.0,-6.12323399573676E-17,1.0));
#14934=DIRECTION('',(1.0,0.0,0.0));
#14935=DIRECTION('',(0.0,6.12323399573676E-17,-1.0));
#14936=DIRECTION('',(-1.0,0.0,0.0));
#14937=CARTESIAN_POINT('',(0.824999999999997,0.33,-1.276));
#14938=DIRECTION('',(-1.0,-0.0,0.0));
#14939=DIRECTION('',(0.0,-1.0,-6.12323399573676E-17));
#14940=DIRECTION('',(1.0,0.0,0.0));
#14941=DIRECTION('',(0.0,-6.12323399573676E-17,1.0));
#14942=CARTESIAN_POINT('',(0.824999999999997,0.404000276407946,-1.35));
#14943=DIRECTION('',(1.0,0.0,0.0));
#14944=DIRECTION('',(0.0,-1.0,-6.12323399573676E-17));
#14945=DIRECTION('',(0.0,-1.0,-6.12323399573676E-17));
#14946=DIRECTION('',(1.0,0.0,0.0));
#14947=DIRECTION('',(1.0,6.12323399573676E-17,3.74939945665464E-33));
#14948=DIRECTION('',(0.0,-1.0,-3.02858220945208E-16));
#14949=DIRECTION('',(0.0,0.947257717939226,-0.320472800413029));
#14950=DIRECTION('',(1.0,0.0,0.0));
#14951=DIRECTION('',(0.0,0.947257717939226,-0.320472800413029));
#14952=DIRECTION('',(1.0,0.0,0.0));
#14953=DIRECTION('',(0.0,0.947257717939227,-0.320472800413027));
#14954=DIRECTION('',(1.0,0.0,0.0));
#14955=DIRECTION('',(-1.0,1.73472347597681E-14,-5.78241158658936E-15));
#14956=DIRECTION('',(0.0,-0.937837578032179,-0.347074454880702));
#14957=CARTESIAN_POINT('',(0.774999999999997,3.05,0.2));
#14958=DIRECTION('',(-0.707106781186547,-0.245418700622769,0.663151311078123));
#14959=DIRECTION('',(0.707106781186549,-0.245418700622769,0.663151311078121));
#14960=DIRECTION('',(-0.685929791414468,0.0102675118960544,-0.727595285477833));
#14961=CARTESIAN_POINT('',(1.15,4.446,-0.646));
#14962=DIRECTION('',(-1.0,-0.0,0.0));
#14963=DIRECTION('',(0.0,-1.0,-2.76351818625127E-16));
#14964=DIRECTION('',(0.0,0.937837578032179,0.347074454880702));
#14965=DIRECTION('',(-1.0,0.0,0.0));
#14966=DIRECTION('',(-0.0,-6.12323399573676E-17,1.0));
#14967=DIRECTION('',(-3.61400724161834E-16,-0.320472800413029,-0.947257717939226));
#14968=DIRECTION('',(0.0,0.947257717939226,-0.320472800413029));
#14969=CARTESIAN_POINT('',(1.15,3.0520526952054,0.0545381423372302));
#14970=DIRECTION('',(1.0,0.0,0.0));
#14971=DIRECTION('',(0.0,0.0141101652744116,-0.999900446662531));
#14972=DIRECTION('',(0.0,-0.937837578032179,-0.347074454880702));
#14973=DIRECTION('',(0.0,0.320472800413029,0.947257717939226));
#14974=DIRECTION('',(-0.0,-1.0,-6.12323399573676E-17));
#14975=DIRECTION('',(-0.0,-0.988644395383376,0.150273948098259));
#14976=CARTESIAN_POINT('',(1.1,2.91895533559225,0.284788396624615));
#14977=DIRECTION('',(-0.707106781186546,0.245418700622769,-0.663151311078123));
#14978=DIRECTION('',(-0.465091089791121,0.545001802748309,0.697612581020441));
#14979=DIRECTION('',(-0.685929791414468,-0.0102675118960516,0.727595285477833));
#14980=CARTESIAN_POINT('',(1.225,3.05,0.2));
#14981=DIRECTION('',(0.707106781186546,-0.245418700622769,0.663151311078123));
#14982=DIRECTION('',(0.707106781186549,0.245418700622769,-0.66315131107812));
#14983=CARTESIAN_POINT('',(0.774999999999997,3.05,0.2));
#14984=DIRECTION('',(-0.707106781186548,0.226608490357896,0.66981235588612));
#14985=DIRECTION('',(0.707106781186547,0.226608490357896,0.669812355886121));
#14986=DIRECTION('',(-0.707106781186548,-0.226608490357892,-0.669812355886122));
#14987=CARTESIAN_POINT('',(1.225,3.05,0.2));
#14988=DIRECTION('',(0.707106781186548,0.226608490357895,0.66981235588612));
#14989=DIRECTION('',(0.707106781186547,-0.226608490357896,-0.669812355886122));
#14990=DIRECTION('',(0.707106781186547,-0.226608490357884,-0.669812355886126));
#14991=CARTESIAN_POINT('',(0.987132034355961,3.05,0.2));
#14992=DIRECTION('',(0.918131197437073,-0.0055915276186648,0.396237099615439));
#14993=DIRECTION('',(0.396276550268579,0.012954982939434,-0.918039794412134));
#14994=CARTESIAN_POINT('',(1.01286796564403,3.05,0.2));
#14995=DIRECTION('',(0.918131197437073,0.00559152761866332,-0.396237099615439));
#14996=DIRECTION('',(0.396276550268579,-0.0129549829394306,0.918039794412134));
#14997=CARTESIAN_POINT('',(1.1,2.82260675667544,1.28305784111587E-15));
#14998=DIRECTION('',(0.0,6.12323399573676E-17,-1.0));
#14999=DIRECTION('',(0.0,-1.0,-6.12323399573676E-17));
#15000=DIRECTION('',(1.0,6.12323399573676E-17,3.74939945665464E-33));
#15001=DIRECTION('',(0.0,-6.12323399573676E-17,1.0));
#15002=DIRECTION('',(1.0,6.12323399573676E-17,3.74939945665464E-33));
#15003=DIRECTION('',(0.0,6.12323399573676E-17,-1.0));
#15004=DIRECTION('',(1.0,6.12323399573676E-17,3.74939945665464E-33));
#15005=DIRECTION('',(-1.0,-6.12323399573676E-17,-3.74939945665464E-33));
#15006=DIRECTION('',(6.05370097150611E-17,-0.988644395383376,0.150273948098259));
#15007=DIRECTION('',(0.0,-6.12323399573676E-17,1.0));
#15008=DIRECTION('',(0.0,-1.0,-6.12323399573676E-17));
#15009=DIRECTION('',(1.88791503671367E-16,-2.47842008199279E-16,1.0));
#15010=CARTESIAN_POINT('',(3.825,0.346000489162664,0.216));
#15011=DIRECTION('',(-1.0,0.0,0.0));
#15012=DIRECTION('',(0.0,6.12323399573676E-17,-1.0));
#15013=DIRECTION('',(0.0,-1.0,-6.12323399573676E-17));
#15014=CARTESIAN_POINT('',(3.825,0.254000489162664,0.57));
#15015=DIRECTION('',(-1.0,-1.09191177644982E-32,1.78322725737747E-16));
#15016=DIRECTION('',(-1.78322725737747E-16,6.12323399573676E-17,-1.0));
#15017=DIRECTION('',(1.88791503671367E-16,-1.8928577006761E-16,1.0));
#15018=DIRECTION('',(2.41753996207889E-32,1.0,1.8928577006761E-16));
#15019=DIRECTION('',(1.88791503671367E-16,-1.8928577006761E-16,1.0));
#15020=DIRECTION('',(0.0,1.0,6.12323399573676E-17));
#15021=DIRECTION('',(-1.88791503671367E-16,6.12323399573676E-17,-1.0));
#15022=CARTESIAN_POINT('',(3.825,0.254000489162664,0.57));
#15023=DIRECTION('',(-1.0,0.0,0.0));
#15024=DIRECTION('',(0.0,6.12323399573676E-17,-1.0));
#15025=DIRECTION('',(0.0,1.0,6.12323399573676E-17));
#15026=CARTESIAN_POINT('',(3.825,0.346000489162664,0.216));
#15027=DIRECTION('',(1.0,0.0,0.0));
#15028=DIRECTION('',(0.0,-1.0,-6.12323399573676E-17));
#15029=DIRECTION('',(1.0,0.0,0.0));
#15030=DIRECTION('',(0.0,1.0,6.12323399573676E-17));
#15031=DIRECTION('',(1.0,-5.37421687445657E-31,2.16840434497101E-15));
#15032=DIRECTION('',(0.0,-6.12323399573676E-17,1.0));
#15033=CARTESIAN_POINT('',(3.725,0.846000489162664,-0.7));
#15034=DIRECTION('',(-1.0,-3.61400724161835E-16,-2.21294120027163E-32));
#15035=DIRECTION('',(-3.61400724161835E-16,1.0,6.12323399573676E-17));
#15036=DIRECTION('',(0.0,2.47842008199279E-16,-1.0));
#15037=DIRECTION('',(-1.0,-0.0,0.0));
#15038=CARTESIAN_POINT('',(4.275,0.846000489162664,-0.7));
#15039=DIRECTION('',(1.0,1.20466908053945E-16,7.37647066757211E-33));
#15040=DIRECTION('',(1.20466908053945E-16,-1.0,-6.12323399573676E-17));
#15041=DIRECTION('',(1.0,0.0,0.0));
#15042=DIRECTION('',(0.0,6.12323399573676E-17,-1.0));
#15043=DIRECTION('',(0.0,0.988644395383376,-0.150273948098259));
#15044=DIRECTION('',(0.0,1.0,6.12323399573676E-17));
#15045=DIRECTION('',(0.0,0.320472800413029,0.947257717939226));
#15046=DIRECTION('',(0.0,0.937837578032179,0.347074454880702));
#15047=CARTESIAN_POINT('',(3.85,3.0520526952054,0.0545381423372302));
#15048=DIRECTION('',(-1.0,0.0,0.0));
#15049=DIRECTION('',(0.0,-0.0141101652744155,0.999900446662531));
#15050=DIRECTION('',(0.0,0.947257717939226,-0.320472800413029));
#15051=DIRECTION('',(3.61400724161834E-16,-0.320472800413029,-0.947257717939226));
#15052=DIRECTION('',(0.0,0.947257717939229,-0.32047280041302));
#15053=CARTESIAN_POINT('',(3.85,4.446,-0.646));
#15054=DIRECTION('',(-1.0,-0.0,0.0));
#15055=DIRECTION('',(0.0,-1.0,-2.76351818625127E-16));
#15056=DIRECTION('',(0.0,-1.0,-3.02858220945208E-16));
#15057=CARTESIAN_POINT('',(3.9,2.82260675667544,1.28305784111587E-15));
#15058=DIRECTION('',(0.0,6.12323399573676E-17,-1.0));
#15059=DIRECTION('',(0.0,1.0,6.12323399573676E-17));
#15060=DIRECTION('',(0.0,0.320472800413029,0.947257717939227));
#15061=CARTESIAN_POINT('',(3.9,2.91895533559225,0.284788396624614));
#15062=DIRECTION('',(-0.707106781186547,-0.245418700622769,0.663151311078123));
#15063=DIRECTION('',(-0.465091089791121,-0.545001802748308,-0.697612581020442));
#15064=DIRECTION('',(-1.0,0.0,0.0));
#15065=DIRECTION('',(0.0,0.320472800413029,0.947257717939227));
#15066=DIRECTION('',(-0.613629726340555,0.253043374822873,0.747948935027965));
#15067=DIRECTION('',(1.0,0.0,0.0));
#15068=DIRECTION('',(-0.613629726340554,-0.253043374822873,-0.747948935027965));
#15069=DIRECTION('',(0.707106781186548,-0.707106781186547,-4.32978028117746E-17));
#15070=DIRECTION('',(-0.707106781186548,0.707106781186547,4.32978028117746E-17));
#15071=DIRECTION('',(-1.88791503671367E-16,1.8928577006761E-16,-1.0));
#15072=DIRECTION('',(-1.0,-3.57355451546567E-32,1.88791503671367E-16));
#15073=DIRECTION('',(6.60770262849785E-16,-6.12323399573676E-17,1.0));
#15074=DIRECTION('',(-1.0,0.0,0.0));
#15075=DIRECTION('',(1.0,0.0,0.0));
#15076=CARTESIAN_POINT('',(4.175,0.254000489162664,0.57));
#15077=DIRECTION('',(1.0,3.31941180040745E-32,-5.42101086242753E-16));
#15078=DIRECTION('',(5.42101086242753E-16,-6.12323399573676E-17,1.0));
#15079=DIRECTION('',(1.0,0.0,0.0));
#15080=DIRECTION('',(0.0,-1.0,-6.12323399573676E-17));
#15081=DIRECTION('',(-1.0,0.0,0.0));
#15082=DIRECTION('',(0.0,1.0,6.12323399573676E-17));
#15083=DIRECTION('',(-1.0,0.0,0.0));
#15084=DIRECTION('',(1.0,0.0,0.0));
#15085=CARTESIAN_POINT('',(4.175,0.254000489162664,0.57));
#15086=DIRECTION('',(1.0,3.82169121757437E-32,-6.24129540082117E-16));
#15087=DIRECTION('',(6.24129540082117E-16,-6.12323399573676E-17,1.0));
#15088=DIRECTION('',(1.0,0.0,0.0));
#15089=DIRECTION('',(1.0,0.0,0.0));
#15090=DIRECTION('',(-6.60770262849785E-16,1.8928577006761E-16,-1.0));
#15091=DIRECTION('',(-1.0,-1.25074408041298E-31,6.60770262849785E-16));
#15092=DIRECTION('',(6.60770262849785E-16,-1.8928577006761E-16,1.0));
#15093=DIRECTION('',(-8.4613898672761E-32,-1.0,-1.8928577006761E-16));
#15094=DIRECTION('',(0.707106781186548,0.707106781186547,4.32978028117746E-17));
#15095=DIRECTION('',(0.707106781186548,0.707106781186547,4.32978028117746E-17));
#15096=DIRECTION('',(-6.60770262849785E-16,1.8928577006761E-16,-1.0));
#15097=DIRECTION('',(0.0,1.0,6.12323399573676E-17));
#15098=DIRECTION('',(1.0,0.0,0.0));
#15099=CARTESIAN_POINT('',(4.175,0.346000489162664,0.216));
#15100=DIRECTION('',(-1.0,0.0,0.0));
#15101=DIRECTION('',(0.0,1.0,6.12323399573676E-17));
#15102=DIRECTION('',(-1.0,0.0,0.0));
#15103=CARTESIAN_POINT('',(4.175,0.346000489162664,0.216));
#15104=DIRECTION('',(1.0,3.31941180040745E-32,-5.42101086242753E-16));
#15105=DIRECTION('',(5.42101086242753E-16,-6.12323399573676E-17,1.0));
#15106=DIRECTION('',(0.0,6.12323399573676E-17,-1.0));
#15107=DIRECTION('',(-6.60770262849785E-16,2.47842008199279E-16,-1.0));
#15108=DIRECTION('',(0.0,-1.0,-6.12323399573676E-17));
#15109=DIRECTION('',(1.0,0.0,0.0));
#15110=DIRECTION('',(1.0,0.0,0.0));
#15111=DIRECTION('',(0.0,1.0,6.12323399573676E-17));
#15112=DIRECTION('',(0.0,2.47842008199279E-16,-1.0));
#15113=DIRECTION('',(0.0,6.12323399573676E-17,-1.0));
#15114=DIRECTION('',(1.0,6.12323399573676E-17,3.74939945665464E-33));
#15115=DIRECTION('',(0.0,-1.0,-3.02858220945208E-16));
#15116=CARTESIAN_POINT('',(4.01286796564403,3.05,0.2));
#15117=DIRECTION('',(0.918131197437073,0.00559152761866332,-0.396237099615439));
#15118=DIRECTION('',(0.396276550268579,-0.0129549829394306,0.918039794412134));
#15119=DIRECTION('',(-0.685929791414468,-0.0102675118960516,0.727595285477833));
#15120=CARTESIAN_POINT('',(4.15,3.0520526952054,0.0545381423372302));
#15121=DIRECTION('',(1.0,0.0,0.0));
#15122=DIRECTION('',(0.0,0.0141101652744116,-0.999900446662531));
#15123=DIRECTION('',(-1.0,0.0,0.0));
#15124=CARTESIAN_POINT('',(4.225,3.05,0.2));
#15125=DIRECTION('',(0.707106781186546,-0.245418700622769,0.663151311078123));
#15126=DIRECTION('',(0.707106781186549,0.245418700622769,-0.66315131107812));
#15127=CARTESIAN_POINT('',(4.225,3.05,0.2));
#15128=DIRECTION('',(0.707106781186548,0.226608490357895,0.66981235588612));
#15129=DIRECTION('',(0.707106781186547,-0.226608490357896,-0.669812355886122));
#15130=DIRECTION('',(1.0,0.0,0.0));
#15131=CARTESIAN_POINT('',(3.775,3.05,0.2));
#15132=DIRECTION('',(-0.707106781186548,0.226608490357896,0.66981235588612));
#15133=DIRECTION('',(0.707106781186547,0.226608490357896,0.669812355886121));
#15134=CARTESIAN_POINT('',(3.98713203435596,3.05,0.2));
#15135=DIRECTION('',(0.918131197437073,-0.00559152761866485,0.396237099615439));
#15136=DIRECTION('',(0.396276550268579,0.0129549829394341,-0.918039794412134));
#15137=CARTESIAN_POINT('',(3.775,3.05,0.2));
#15138=DIRECTION('',(-0.707106781186547,-0.245418700622769,0.663151311078123));
#15139=DIRECTION('',(0.707106781186549,-0.245418700622769,0.663151311078121));
#15140=DIRECTION('',(-0.685929791414468,0.0102675118960544,-0.727595285477833));
#15141=DIRECTION('',(0.0,-0.937837578032179,-0.347074454880702));
#15142=CARTESIAN_POINT('',(4.1,2.91895533559225,0.284788396624615));
#15143=DIRECTION('',(-0.707106781186546,0.245418700622769,-0.663151311078123));
#15144=DIRECTION('',(-0.465091089791121,0.545001802748309,0.697612581020441));
#15145=DIRECTION('',(0.0,-0.937837578032179,-0.347074454880702));
#15146=DIRECTION('',(0.0,0.937837578032179,0.347074454880702));
#15147=DIRECTION('',(1.0,0.0,0.0));
#15148=DIRECTION('',(0.707106781186547,-0.226608490357884,-0.669812355886126));
#15149=DIRECTION('',(-3.61400724161834E-16,-0.320472800413029,-0.947257717939226));
#15150=DIRECTION('',(0.0,0.947257717939226,-0.320472800413029));
#15151=DIRECTION('',(0.0,0.947257717939226,-0.320472800413029));
#15152=DIRECTION('',(-1.0,1.73472347597681E-14,-5.78241158658936E-15));
#15153=DIRECTION('',(-0.707106781186548,-0.226608490357892,-0.669812355886122));
#15154=DIRECTION('',(0.0,0.947257717939226,-0.320472800413029));
#15155=DIRECTION('',(-0.0,-6.12323399573676E-17,1.0));
#15156=CARTESIAN_POINT('',(4.15,4.446,-0.646));
#15157=DIRECTION('',(-1.0,-0.0,0.0));
#15158=DIRECTION('',(0.0,-1.0,-2.76351818625127E-16));
#15159=DIRECTION('',(0.0,0.947257717939227,-0.320472800413027));
#15160=DIRECTION('',(0.0,0.320472800413029,0.947257717939226));
#15161=DIRECTION('',(-0.0,-1.0,-6.12323399573676E-17));
#15162=DIRECTION('',(-0.0,-0.988644395383376,0.150273948098259));
#15163=DIRECTION('',(1.0,0.0,0.0));
#15164=CARTESIAN_POINT('',(4.1,2.82260675667544,1.28305784111587E-15));
#15165=DIRECTION('',(0.0,6.12323399573676E-17,-1.0));
#15166=DIRECTION('',(0.0,-1.0,-6.12323399573676E-17));
#15167=DIRECTION('',(1.0,6.12323399573676E-17,3.74939945665464E-33));
#15168=DIRECTION('',(0.0,-6.12323399573676E-17,1.0));
#15169=DIRECTION('',(1.0,6.12323399573676E-17,3.74939945665464E-33));
#15170=DIRECTION('',(0.0,6.12323399573676E-17,-1.0));
#15171=DIRECTION('',(1.0,6.12323399573676E-17,3.74939945665464E-33));
#15172=DIRECTION('',(-1.0,-6.12323399573676E-17,-3.74939945665464E-33));
#15173=DIRECTION('',(6.05370097150611E-17,-0.988644395383376,0.150273948098259));
#15174=DIRECTION('',(0.0,-6.12323399573676E-17,1.0));
#15175=DIRECTION('',(0.0,-1.0,-6.12323399573676E-17));
#15176=DIRECTION('',(1.88791503671367E-16,-2.47842008199279E-16,1.0));
#15177=CARTESIAN_POINT('',(1.825,0.346000489162664,0.216));
#15178=DIRECTION('',(-1.0,0.0,0.0));
#15179=DIRECTION('',(0.0,6.12323399573676E-17,-1.0));
#15180=DIRECTION('',(0.0,-1.0,-6.12323399573676E-17));
#15181=CARTESIAN_POINT('',(1.825,0.254000489162664,0.57));
#15182=DIRECTION('',(-1.0,-1.09191177644982E-32,1.78322725737747E-16));
#15183=DIRECTION('',(-1.78322725737747E-16,6.12323399573676E-17,-1.0));
#15184=DIRECTION('',(1.88791503671367E-16,-1.8928577006761E-16,1.0));
#15185=DIRECTION('',(2.41753996207889E-32,1.0,1.8928577006761E-16));
#15186=DIRECTION('',(1.88791503671367E-16,-1.8928577006761E-16,1.0));
#15187=DIRECTION('',(0.0,1.0,6.12323399573676E-17));
#15188=DIRECTION('',(-1.88791503671367E-16,6.12323399573676E-17,-1.0));
#15189=CARTESIAN_POINT('',(1.825,0.254000489162664,0.57));
#15190=DIRECTION('',(-1.0,0.0,0.0));
#15191=DIRECTION('',(0.0,6.12323399573676E-17,-1.0));
#15192=DIRECTION('',(0.0,1.0,6.12323399573676E-17));
#15193=CARTESIAN_POINT('',(1.825,0.346000489162664,0.216));
#15194=DIRECTION('',(1.0,0.0,0.0));
#15195=DIRECTION('',(0.0,-1.0,-6.12323399573676E-17));
#15196=DIRECTION('',(1.0,0.0,0.0));
#15197=DIRECTION('',(0.0,1.0,6.12323399573676E-17));
#15198=DIRECTION('',(1.0,-5.37421687445657E-31,2.16840434497101E-15));
#15199=DIRECTION('',(0.0,-6.12323399573676E-17,1.0));
#15200=CARTESIAN_POINT('',(1.725,0.846000489162664,-0.7));
#15201=DIRECTION('',(-1.0,-3.61400724161835E-16,-2.21294120027163E-32));
#15202=DIRECTION('',(-3.61400724161835E-16,1.0,6.12323399573676E-17));
#15203=DIRECTION('',(0.0,2.47842008199279E-16,-1.0));
#15204=DIRECTION('',(-1.0,-0.0,0.0));
#15205=CARTESIAN_POINT('',(2.275,0.846000489162664,-0.7));
#15206=DIRECTION('',(1.0,1.20466908053945E-16,7.37647066757211E-33));
#15207=DIRECTION('',(1.20466908053945E-16,-1.0,-6.12323399573676E-17));
#15208=DIRECTION('',(1.0,0.0,0.0));
#15209=DIRECTION('',(0.0,6.12323399573676E-17,-1.0));
#15210=DIRECTION('',(0.0,0.988644395383376,-0.150273948098259));
#15211=DIRECTION('',(0.0,1.0,6.12323399573676E-17));
#15212=DIRECTION('',(0.0,0.320472800413029,0.947257717939226));
#15213=DIRECTION('',(0.0,0.937837578032179,0.347074454880702));
#15214=CARTESIAN_POINT('',(1.85,3.0520526952054,0.0545381423372302));
#15215=DIRECTION('',(-1.0,0.0,0.0));
#15216=DIRECTION('',(0.0,-0.0141101652744155,0.999900446662531));
#15217=DIRECTION('',(0.0,0.947257717939226,-0.320472800413029));
#15218=DIRECTION('',(3.61400724161834E-16,-0.320472800413029,-0.947257717939226));
#15219=DIRECTION('',(0.0,0.947257717939229,-0.32047280041302));
#15220=CARTESIAN_POINT('',(1.85,4.446,-0.646));
#15221=DIRECTION('',(-1.0,-0.0,0.0));
#15222=DIRECTION('',(0.0,-1.0,-2.76351818625127E-16));
#15223=DIRECTION('',(0.0,-1.0,-3.02858220945208E-16));
#15224=CARTESIAN_POINT('',(1.9,2.82260675667544,1.28305784111587E-15));
#15225=DIRECTION('',(0.0,6.12323399573676E-17,-1.0));
#15226=DIRECTION('',(0.0,1.0,6.12323399573676E-17));
#15227=DIRECTION('',(0.0,0.320472800413029,0.947257717939227));
#15228=CARTESIAN_POINT('',(1.9,2.91895533559225,0.284788396624614));
#15229=DIRECTION('',(-0.707106781186547,-0.245418700622769,0.663151311078123));
#15230=DIRECTION('',(-0.465091089791121,-0.545001802748308,-0.697612581020442));
#15231=DIRECTION('',(-1.0,0.0,0.0));
#15232=DIRECTION('',(0.0,0.320472800413029,0.947257717939227));
#15233=DIRECTION('',(-0.613629726340555,0.253043374822873,0.747948935027965));
#15234=DIRECTION('',(1.0,0.0,0.0));
#15235=DIRECTION('',(-0.613629726340554,-0.253043374822873,-0.747948935027965));
#15236=DIRECTION('',(0.707106781186548,-0.707106781186547,-4.32978028117746E-17));
#15237=DIRECTION('',(-0.707106781186548,0.707106781186547,4.32978028117746E-17));
#15238=DIRECTION('',(-1.88791503671367E-16,1.8928577006761E-16,-1.0));
#15239=DIRECTION('',(-1.0,-3.57355451546567E-32,1.88791503671367E-16));
#15240=DIRECTION('',(6.60770262849785E-16,-6.12323399573676E-17,1.0));
#15241=DIRECTION('',(-1.0,0.0,0.0));
#15242=DIRECTION('',(1.0,0.0,0.0));
#15243=CARTESIAN_POINT('',(2.175,0.254000489162664,0.57));
#15244=DIRECTION('',(1.0,3.31941180040745E-32,-5.42101086242753E-16));
#15245=DIRECTION('',(5.42101086242753E-16,-6.12323399573676E-17,1.0));
#15246=DIRECTION('',(1.0,0.0,0.0));
#15247=DIRECTION('',(0.0,-1.0,-6.12323399573676E-17));
#15248=DIRECTION('',(-1.0,0.0,0.0));
#15249=DIRECTION('',(0.0,1.0,6.12323399573676E-17));
#15250=DIRECTION('',(-1.0,0.0,0.0));
#15251=DIRECTION('',(1.0,0.0,0.0));
#15252=CARTESIAN_POINT('',(2.175,0.254000489162664,0.57));
#15253=DIRECTION('',(1.0,3.82169121757437E-32,-6.24129540082117E-16));
#15254=DIRECTION('',(6.24129540082117E-16,-6.12323399573676E-17,1.0));
#15255=DIRECTION('',(1.0,0.0,0.0));
#15256=DIRECTION('',(1.0,0.0,0.0));
#15257=DIRECTION('',(-6.60770262849785E-16,1.8928577006761E-16,-1.0));
#15258=DIRECTION('',(-1.0,-1.25074408041298E-31,6.60770262849785E-16));
#15259=DIRECTION('',(6.60770262849785E-16,-1.8928577006761E-16,1.0));
#15260=DIRECTION('',(-8.4613898672761E-32,-1.0,-1.8928577006761E-16));
#15261=DIRECTION('',(0.707106781186548,0.707106781186547,4.32978028117746E-17));
#15262=DIRECTION('',(0.707106781186548,0.707106781186547,4.32978028117746E-17));
#15263=DIRECTION('',(-6.60770262849785E-16,1.8928577006761E-16,-1.0));
#15264=DIRECTION('',(0.0,1.0,6.12323399573676E-17));
#15265=DIRECTION('',(1.0,0.0,0.0));
#15266=CARTESIAN_POINT('',(2.175,0.346000489162664,0.216));
#15267=DIRECTION('',(-1.0,0.0,0.0));
#15268=DIRECTION('',(0.0,1.0,6.12323399573676E-17));
#15269=DIRECTION('',(-1.0,0.0,0.0));
#15270=CARTESIAN_POINT('',(2.175,0.346000489162664,0.216));
#15271=DIRECTION('',(1.0,3.31941180040745E-32,-5.42101086242753E-16));
#15272=DIRECTION('',(5.42101086242753E-16,-6.12323399573676E-17,1.0));
#15273=DIRECTION('',(0.0,6.12323399573676E-17,-1.0));
#15274=DIRECTION('',(-6.60770262849785E-16,2.47842008199279E-16,-1.0));
#15275=DIRECTION('',(0.0,-1.0,-6.12323399573676E-17));
#15276=DIRECTION('',(1.0,0.0,0.0));
#15277=DIRECTION('',(1.0,0.0,0.0));
#15278=DIRECTION('',(0.0,1.0,6.12323399573676E-17));
#15279=DIRECTION('',(0.0,2.47842008199279E-16,-1.0));
#15280=DIRECTION('',(0.0,6.12323399573676E-17,-1.0));
#15281=DIRECTION('',(1.0,6.12323399573676E-17,3.74939945665464E-33));
#15282=DIRECTION('',(0.0,-1.0,-3.02858220945208E-16));
#15283=CARTESIAN_POINT('',(2.01286796564403,3.05,0.2));
#15284=DIRECTION('',(0.918131197437073,0.00559152761866332,-0.396237099615439));
#15285=DIRECTION('',(0.396276550268579,-0.0129549829394306,0.918039794412134));
#15286=DIRECTION('',(-0.685929791414468,-0.0102675118960516,0.727595285477833));
#15287=CARTESIAN_POINT('',(2.15,3.0520526952054,0.0545381423372302));
#15288=DIRECTION('',(1.0,0.0,0.0));
#15289=DIRECTION('',(0.0,0.0141101652744116,-0.999900446662531));
#15290=DIRECTION('',(-1.0,0.0,0.0));
#15291=CARTESIAN_POINT('',(2.225,3.05,0.2));
#15292=DIRECTION('',(0.707106781186546,-0.245418700622769,0.663151311078123));
#15293=DIRECTION('',(0.707106781186549,0.245418700622769,-0.66315131107812));
#15294=CARTESIAN_POINT('',(2.225,3.05,0.2));
#15295=DIRECTION('',(0.707106781186548,0.226608490357895,0.66981235588612));
#15296=DIRECTION('',(0.707106781186547,-0.226608490357896,-0.669812355886122));
#15297=DIRECTION('',(1.0,0.0,0.0));
#15298=CARTESIAN_POINT('',(1.775,3.05,0.2));
#15299=DIRECTION('',(-0.707106781186548,0.226608490357896,0.66981235588612));
#15300=DIRECTION('',(0.707106781186547,0.226608490357896,0.669812355886121));
#15301=CARTESIAN_POINT('',(1.98713203435596,3.05,0.2));
#15302=DIRECTION('',(0.918131197437073,-0.00559152761866485,0.396237099615439));
#15303=DIRECTION('',(0.396276550268579,0.0129549829394341,-0.918039794412134));
#15304=CARTESIAN_POINT('',(1.775,3.05,0.2));
#15305=DIRECTION('',(-0.707106781186547,-0.245418700622769,0.663151311078123));
#15306=DIRECTION('',(0.707106781186549,-0.245418700622769,0.663151311078121));
#15307=DIRECTION('',(-0.685929791414468,0.0102675118960544,-0.727595285477833));
#15308=DIRECTION('',(0.0,-0.937837578032179,-0.347074454880702));
#15309=CARTESIAN_POINT('',(2.1,2.91895533559225,0.284788396624615));
#15310=DIRECTION('',(-0.707106781186546,0.245418700622769,-0.663151311078123));
#15311=DIRECTION('',(-0.465091089791121,0.545001802748309,0.697612581020441));
#15312=DIRECTION('',(0.0,-0.937837578032179,-0.347074454880702));
#15313=DIRECTION('',(0.0,0.937837578032179,0.347074454880702));
#15314=DIRECTION('',(1.0,0.0,0.0));
#15315=DIRECTION('',(0.707106781186547,-0.226608490357884,-0.669812355886126));
#15316=DIRECTION('',(-3.61400724161834E-16,-0.320472800413029,-0.947257717939226));
#15317=DIRECTION('',(0.0,0.947257717939226,-0.320472800413029));
#15318=DIRECTION('',(0.0,0.947257717939226,-0.320472800413029));
#15319=DIRECTION('',(-1.0,1.73472347597681E-14,-5.78241158658936E-15));
#15320=DIRECTION('',(-0.707106781186548,-0.226608490357892,-0.669812355886122));
#15321=DIRECTION('',(0.0,0.947257717939226,-0.320472800413029));
#15322=DIRECTION('',(-0.0,-6.12323399573676E-17,1.0));
#15323=CARTESIAN_POINT('',(2.15,4.446,-0.646));
#15324=DIRECTION('',(-1.0,-0.0,0.0));
#15325=DIRECTION('',(0.0,-1.0,-2.76351818625127E-16));
#15326=DIRECTION('',(0.0,0.947257717939227,-0.320472800413027));
#15327=DIRECTION('',(0.0,0.320472800413029,0.947257717939226));
#15328=DIRECTION('',(-0.0,-1.0,-6.12323399573676E-17));
#15329=DIRECTION('',(-0.0,-0.988644395383376,0.150273948098259));
#15330=DIRECTION('',(1.0,0.0,0.0));
#15331=CARTESIAN_POINT('',(2.1,2.82260675667544,1.28305784111587E-15));
#15332=DIRECTION('',(0.0,6.12323399573676E-17,-1.0));
#15333=DIRECTION('',(0.0,-1.0,-6.12323399573676E-17));
#15334=DIRECTION('',(1.0,6.12323399573676E-17,3.74939945665464E-33));
#15335=DIRECTION('',(0.0,-6.12323399573676E-17,1.0));
#15336=DIRECTION('',(1.0,6.12323399573676E-17,3.74939945665464E-33));
#15337=DIRECTION('',(0.0,6.12323399573676E-17,-1.0));
#15338=DIRECTION('',(1.0,6.12323399573676E-17,3.74939945665464E-33));
#15339=DIRECTION('',(-1.0,-6.12323399573676E-17,-3.74939945665464E-33));
#15340=DIRECTION('',(6.05370097150611E-17,-0.988644395383376,0.150273948098259));
#15341=DIRECTION('',(0.0,-6.12323399573676E-17,1.0));
#15342=DIRECTION('',(0.0,-1.0,-6.12323399573676E-17));
#15343=DIRECTION('',(1.88791503671367E-16,-2.47842008199279E-16,1.0));
#15344=CARTESIAN_POINT('',(-0.175000000000003,0.346000489162664,0.216));
#15345=DIRECTION('',(-1.0,0.0,0.0));
#15346=DIRECTION('',(0.0,6.12323399573676E-17,-1.0));
#15347=DIRECTION('',(0.0,-1.0,-6.12323399573676E-17));
#15348=CARTESIAN_POINT('',(-0.175000000000003,0.254000489162664,0.57));
#15349=DIRECTION('',(-1.0,-1.09191177644982E-32,1.78322725737747E-16));
#15350=DIRECTION('',(-1.78322725737747E-16,6.12323399573676E-17,-1.0));
#15351=DIRECTION('',(1.88791503671367E-16,-1.8928577006761E-16,1.0));
#15352=DIRECTION('',(2.41753996207889E-32,1.0,1.8928577006761E-16));
#15353=DIRECTION('',(1.88791503671367E-16,-1.8928577006761E-16,1.0));
#15354=DIRECTION('',(0.0,1.0,6.12323399573676E-17));
#15355=DIRECTION('',(-1.88791503671367E-16,6.12323399573676E-17,-1.0));
#15356=CARTESIAN_POINT('',(-0.175000000000003,0.254000489162664,0.57));
#15357=DIRECTION('',(-1.0,0.0,0.0));
#15358=DIRECTION('',(0.0,6.12323399573676E-17,-1.0));
#15359=DIRECTION('',(0.0,1.0,6.12323399573676E-17));
#15360=CARTESIAN_POINT('',(-0.175000000000003,0.346000489162664,0.216));
#15361=DIRECTION('',(1.0,0.0,0.0));
#15362=DIRECTION('',(0.0,-1.0,-6.12323399573676E-17));
#15363=DIRECTION('',(1.0,0.0,0.0));
#15364=DIRECTION('',(0.0,1.0,6.12323399573676E-17));
#15365=DIRECTION('',(1.0,-5.37421687445657E-31,2.16840434497101E-15));
#15366=DIRECTION('',(0.0,-6.12323399573676E-17,1.0));
#15367=CARTESIAN_POINT('',(-0.275000000000004,0.846000489162664,-0.7));
#15368=DIRECTION('',(-1.0,-3.61400724161835E-16,-2.21294120027163E-32));
#15369=DIRECTION('',(-3.61400724161835E-16,1.0,6.12323399573676E-17));
#15370=DIRECTION('',(0.0,2.47842008199279E-16,-1.0));
#15371=DIRECTION('',(-1.0,-0.0,0.0));
#15372=CARTESIAN_POINT('',(0.274999999999997,0.846000489162664,-0.7));
#15373=DIRECTION('',(1.0,1.20466908053945E-16,7.37647066757211E-33));
#15374=DIRECTION('',(1.20466908053945E-16,-1.0,-6.12323399573676E-17));
#15375=DIRECTION('',(1.0,0.0,0.0));
#15376=DIRECTION('',(0.0,6.12323399573676E-17,-1.0));
#15377=DIRECTION('',(0.0,0.988644395383376,-0.150273948098259));
#15378=DIRECTION('',(0.0,1.0,6.12323399573676E-17));
#15379=DIRECTION('',(0.0,0.320472800413029,0.947257717939226));
#15380=DIRECTION('',(0.0,0.937837578032179,0.347074454880702));
#15381=CARTESIAN_POINT('',(-0.150000000000003,3.0520526952054,0.0545381423372302));
#15382=DIRECTION('',(-1.0,0.0,0.0));
#15383=DIRECTION('',(0.0,-0.0141101652744155,0.999900446662531));
#15384=DIRECTION('',(0.0,0.947257717939226,-0.320472800413029));
#15385=DIRECTION('',(3.61400724161834E-16,-0.320472800413029,-0.947257717939226));
#15386=DIRECTION('',(0.0,0.947257717939229,-0.32047280041302));
#15387=CARTESIAN_POINT('',(-0.150000000000003,4.446,-0.646));
#15388=DIRECTION('',(-1.0,-0.0,0.0));
#15389=DIRECTION('',(0.0,-1.0,-2.76351818625127E-16));
#15390=DIRECTION('',(0.0,-1.0,-3.02858220945208E-16));
#15391=CARTESIAN_POINT('',(-0.100000000000003,2.82260675667544,1.28305784111587E-15));
#15392=DIRECTION('',(0.0,6.12323399573676E-17,-1.0));
#15393=DIRECTION('',(0.0,1.0,6.12323399573676E-17));
#15394=DIRECTION('',(0.0,0.320472800413029,0.947257717939227));
#15395=CARTESIAN_POINT('',(-0.100000000000003,2.91895533559225,0.284788396624614));
#15396=DIRECTION('',(-0.707106781186547,-0.245418700622769,0.663151311078123));
#15397=DIRECTION('',(-0.465091089791121,-0.545001802748308,-0.697612581020442));
#15398=DIRECTION('',(-1.0,0.0,0.0));
#15399=DIRECTION('',(0.0,0.320472800413029,0.947257717939227));
#15400=DIRECTION('',(-0.613629726340555,0.253043374822873,0.747948935027965));
#15401=DIRECTION('',(1.0,0.0,0.0));
#15402=DIRECTION('',(-0.613629726340554,-0.253043374822873,-0.747948935027965));
#15403=DIRECTION('',(0.707106781186548,-0.707106781186547,-4.32978028117746E-17));
#15404=DIRECTION('',(-0.707106781186548,0.707106781186547,4.32978028117746E-17));
#15405=DIRECTION('',(-1.88791503671367E-16,1.8928577006761E-16,-1.0));
#15406=DIRECTION('',(-1.0,-3.57355451546567E-32,1.88791503671367E-16));
#15407=DIRECTION('',(6.60770262849785E-16,-6.12323399573676E-17,1.0));
#15408=DIRECTION('',(-1.0,0.0,0.0));
#15409=DIRECTION('',(1.0,0.0,0.0));
#15410=CARTESIAN_POINT('',(0.174999999999997,0.254000489162664,0.57));
#15411=DIRECTION('',(1.0,3.31941180040745E-32,-5.42101086242753E-16));
#15412=DIRECTION('',(5.42101086242753E-16,-6.12323399573676E-17,1.0));
#15413=DIRECTION('',(1.0,0.0,0.0));
#15414=DIRECTION('',(0.0,-1.0,-6.12323399573676E-17));
#15415=DIRECTION('',(-1.0,0.0,0.0));
#15416=DIRECTION('',(0.0,1.0,6.12323399573676E-17));
#15417=DIRECTION('',(-1.0,0.0,0.0));
#15418=DIRECTION('',(1.0,0.0,0.0));
#15419=CARTESIAN_POINT('',(0.174999999999997,0.254000489162664,0.57));
#15420=DIRECTION('',(1.0,3.82169121757437E-32,-6.24129540082117E-16));
#15421=DIRECTION('',(6.24129540082117E-16,-6.12323399573676E-17,1.0));
#15422=DIRECTION('',(1.0,0.0,0.0));
#15423=DIRECTION('',(1.0,0.0,0.0));
#15424=DIRECTION('',(-6.60770262849785E-16,1.8928577006761E-16,-1.0));
#15425=DIRECTION('',(-1.0,-1.25074408041298E-31,6.60770262849785E-16));
#15426=DIRECTION('',(6.60770262849785E-16,-1.8928577006761E-16,1.0));
#15427=DIRECTION('',(-8.4613898672761E-32,-1.0,-1.8928577006761E-16));
#15428=DIRECTION('',(0.707106781186548,0.707106781186547,4.32978028117746E-17));
#15429=DIRECTION('',(0.707106781186548,0.707106781186547,4.32978028117746E-17));
#15430=DIRECTION('',(-6.60770262849785E-16,1.8928577006761E-16,-1.0));
#15431=DIRECTION('',(0.0,1.0,6.12323399573676E-17));
#15432=DIRECTION('',(1.0,0.0,0.0));
#15433=CARTESIAN_POINT('',(0.174999999999997,0.346000489162664,0.216));
#15434=DIRECTION('',(-1.0,0.0,0.0));
#15435=DIRECTION('',(0.0,1.0,6.12323399573676E-17));
#15436=DIRECTION('',(-1.0,0.0,0.0));
#15437=CARTESIAN_POINT('',(0.174999999999997,0.346000489162664,0.216));
#15438=DIRECTION('',(1.0,3.31941180040745E-32,-5.42101086242753E-16));
#15439=DIRECTION('',(5.42101086242753E-16,-6.12323399573676E-17,1.0));
#15440=DIRECTION('',(0.0,6.12323399573676E-17,-1.0));
#15441=DIRECTION('',(-6.60770262849785E-16,2.47842008199279E-16,-1.0));
#15442=DIRECTION('',(0.0,-1.0,-6.12323399573676E-17));
#15443=DIRECTION('',(1.0,0.0,0.0));
#15444=DIRECTION('',(1.0,0.0,0.0));
#15445=DIRECTION('',(0.0,1.0,6.12323399573676E-17));
#15446=DIRECTION('',(0.0,2.47842008199279E-16,-1.0));
#15447=DIRECTION('',(0.0,6.12323399573676E-17,-1.0));
#15448=DIRECTION('',(1.0,6.12323399573676E-17,3.74939945665464E-33));
#15449=DIRECTION('',(0.0,-1.0,-3.02858220945208E-16));
#15450=CARTESIAN_POINT('',(0.0128679656440323,3.05,0.2));
#15451=DIRECTION('',(0.918131197437073,0.00559152761866332,-0.396237099615439));
#15452=DIRECTION('',(0.396276550268579,-0.0129549829394306,0.918039794412134));
#15453=DIRECTION('',(-0.685929791414468,-0.0102675118960516,0.727595285477833));
#15454=CARTESIAN_POINT('',(0.149999999999996,3.0520526952054,0.0545381423372302));
#15455=DIRECTION('',(1.0,0.0,0.0));
#15456=DIRECTION('',(0.0,0.0141101652744116,-0.999900446662531));
#15457=DIRECTION('',(-1.0,0.0,0.0));
#15458=CARTESIAN_POINT('',(0.224999999999996,3.05,0.2));
#15459=DIRECTION('',(0.707106781186546,-0.245418700622769,0.663151311078123));
#15460=DIRECTION('',(0.707106781186549,0.245418700622769,-0.66315131107812));
#15461=CARTESIAN_POINT('',(0.224999999999996,3.05,0.2));
#15462=DIRECTION('',(0.707106781186548,0.226608490357895,0.66981235588612));
#15463=DIRECTION('',(0.707106781186547,-0.226608490357896,-0.669812355886122));
#15464=DIRECTION('',(1.0,0.0,0.0));
#15465=CARTESIAN_POINT('',(-0.225000000000003,3.05,0.2));
#15466=DIRECTION('',(-0.707106781186548,0.226608490357896,0.66981235588612));
#15467=DIRECTION('',(0.707106781186547,0.226608490357896,0.669812355886121));
#15468=CARTESIAN_POINT('',(-0.0128679656440398,3.05,0.2));
#15469=DIRECTION('',(0.918131197437073,-0.00559152761866485,0.396237099615439));
#15470=DIRECTION('',(0.396276550268579,0.0129549829394341,-0.918039794412134));
#15471=CARTESIAN_POINT('',(-0.225000000000003,3.05,0.2));
#15472=DIRECTION('',(-0.707106781186547,-0.245418700622769,0.663151311078123));
#15473=DIRECTION('',(0.707106781186549,-0.245418700622769,0.663151311078121));
#15474=DIRECTION('',(-0.685929791414468,0.0102675118960544,-0.727595285477833));
#15475=DIRECTION('',(0.0,-0.937837578032179,-0.347074454880702));
#15476=CARTESIAN_POINT('',(0.0999999999999965,2.91895533559225,0.284788396624615));
#15477=DIRECTION('',(-0.707106781186546,0.245418700622769,-0.663151311078123));
#15478=DIRECTION('',(-0.465091089791121,0.545001802748309,0.697612581020441));
#15479=DIRECTION('',(0.0,-0.937837578032179,-0.347074454880702));
#15480=DIRECTION('',(0.0,0.937837578032179,0.347074454880702));
#15481=DIRECTION('',(1.0,0.0,0.0));
#15482=DIRECTION('',(0.707106781186547,-0.226608490357884,-0.669812355886126));
#15483=DIRECTION('',(-3.61400724161834E-16,-0.320472800413029,-0.947257717939226));
#15484=DIRECTION('',(0.0,0.947257717939226,-0.320472800413029));
#15485=DIRECTION('',(0.0,0.947257717939226,-0.320472800413029));
#15486=DIRECTION('',(-1.0,1.73472347597681E-14,-5.78241158658936E-15));
#15487=DIRECTION('',(-0.707106781186548,-0.226608490357892,-0.669812355886122));
#15488=DIRECTION('',(0.0,0.947257717939226,-0.320472800413029));
#15489=DIRECTION('',(-0.0,-6.12323399573676E-17,1.0));
#15490=CARTESIAN_POINT('',(0.149999999999996,4.446,-0.646));
#15491=DIRECTION('',(-1.0,-0.0,0.0));
#15492=DIRECTION('',(0.0,-1.0,-2.76351818625127E-16));
#15493=DIRECTION('',(0.0,0.947257717939227,-0.320472800413027));
#15494=DIRECTION('',(0.0,0.320472800413029,0.947257717939226));
#15495=DIRECTION('',(-0.0,-1.0,-6.12323399573676E-17));
#15496=DIRECTION('',(-0.0,-0.988644395383376,0.150273948098259));
#15497=DIRECTION('',(1.0,0.0,0.0));
#15498=CARTESIAN_POINT('',(0.0999999999999965,2.82260675667544,1.28305784111587E-15));
#15499=DIRECTION('',(0.0,6.12323399573676E-17,-1.0));
#15500=DIRECTION('',(0.0,-1.0,-6.12323399573676E-17));
#15501=DIRECTION('',(1.0,6.12323399573676E-17,3.74939945665464E-33));
#15502=DIRECTION('',(0.0,-6.12323399573676E-17,1.0));
#15503=DIRECTION('',(1.0,6.12323399573676E-17,3.74939945665464E-33));
#15504=DIRECTION('',(0.0,6.12323399573676E-17,-1.0));
#15505=DIRECTION('',(1.0,6.12323399573676E-17,3.74939945665464E-33));
#15506=DIRECTION('',(-1.0,-6.12323399573676E-17,-3.74939945665464E-33));
#15507=DIRECTION('',(6.05370097150611E-17,-0.988644395383376,0.150273948098259));
#15508=DIRECTION('',(8.67361737988404E-15,1.0,6.12323399573684E-17));
#15509=DIRECTION('',(1.0,0.0,0.0));
#15510=DIRECTION('',(4.33680868994202E-15,-1.0,-6.12323399573673E-17));
#15511=DIRECTION('',(-1.0,5.2689076196943E-33,-8.60477914671025E-17));
#15512=DIRECTION('',(8.67361737988404E-15,1.0,6.12323399573684E-17));
#15513=DIRECTION('',(1.0,0.0,0.0));
#15514=DIRECTION('',(0.0,-1.0,-6.12323399573676E-17));
#15515=DIRECTION('',(-1.0,5.2689076196943E-33,-8.60477914671025E-17));
#15516=DIRECTION('',(8.67361737988404E-15,1.0,6.12323399573684E-17));
#15517=DIRECTION('',(1.0,0.0,0.0));
#15518=DIRECTION('',(0.0,-1.0,-6.12323399573676E-17));
#15519=DIRECTION('',(-1.0,5.2689076196943E-33,-8.60477914671025E-17));
#15520=DIRECTION('',(8.67361737988404E-15,1.0,6.12323399573684E-17));
#15521=DIRECTION('',(1.0,0.0,0.0));
#15522=DIRECTION('',(0.0,-1.0,-6.12323399573676E-17));
#15523=DIRECTION('',(-1.0,5.2689076196943E-33,-8.60477914671025E-17));
#15524=DIRECTION('',(8.67361737988404E-15,1.0,6.12323399573684E-17));
#15525=DIRECTION('',(1.0,0.0,0.0));
#15526=DIRECTION('',(0.0,-1.0,-6.12323399573676E-17));
#15527=DIRECTION('',(-1.0,5.2689076196943E-33,-8.60477914671025E-17));
#15528=DIRECTION('',(6.694948415098E-15,6.12323399573676E-17,-1.0));
#15529=DIRECTION('',(1.0,0.0,0.0));
#15530=DIRECTION('',(1.60751364215014E-31,-2.28032674185907E-16,1.0));
#15531=DIRECTION('',(-1.0,0.0,0.0));
#15532=DIRECTION('',(0.0,2.28032674185907E-16,-1.0));
#15533=DIRECTION('',(1.0,0.0,0.0));
#15534=DIRECTION('',(2.24693950233695E-15,-6.12323399573676E-17,1.0));
#15535=DIRECTION('',(-1.0,5.2689076196943E-33,-8.60477914671025E-17));
#15536=DIRECTION('',(-1.0,5.2689076196943E-33,-8.60477914671025E-17));
#15537=DIRECTION('',(6.694948415098E-15,6.12323399573676E-17,-1.0));
#15538=DIRECTION('',(1.0,0.0,0.0));
#15539=DIRECTION('',(1.60751364215014E-31,-2.28032674185907E-16,1.0));
#15540=DIRECTION('',(-1.0,0.0,0.0));
#15541=DIRECTION('',(0.0,2.28032674185907E-16,-1.0));
#15542=DIRECTION('',(1.0,0.0,0.0));
#15543=DIRECTION('',(2.24693950233695E-15,-6.12323399573676E-17,1.0));
#15544=DIRECTION('',(-1.0,5.2689076196943E-33,-8.60477914671025E-17));
#15545=DIRECTION('',(-1.0,5.2689076196943E-33,-8.60477914671025E-17));
#15546=DIRECTION('',(6.694948415098E-15,6.12323399573676E-17,-1.0));
#15547=DIRECTION('',(1.0,0.0,0.0));
#15548=DIRECTION('',(1.60751364215014E-31,-2.28032674185907E-16,1.0));
#15549=DIRECTION('',(-1.0,0.0,0.0));
#15550=DIRECTION('',(0.0,2.28032674185907E-16,-1.0));
#15551=DIRECTION('',(1.0,0.0,0.0));
#15552=DIRECTION('',(2.24693950233695E-15,-6.12323399573676E-17,1.0));
#15553=DIRECTION('',(-1.0,5.2689076196943E-33,-8.60477914671025E-17));
#15554=DIRECTION('',(-1.0,5.2689076196943E-33,-8.60477914671025E-17));
#15555=DIRECTION('',(6.694948415098E-15,6.12323399573676E-17,-1.0));
#15556=DIRECTION('',(1.0,0.0,0.0));
#15557=DIRECTION('',(1.60751364215014E-31,-2.28032674185907E-16,1.0));
#15558=DIRECTION('',(-1.0,0.0,0.0));
#15559=DIRECTION('',(0.0,2.28032674185907E-16,-1.0));
#15560=DIRECTION('',(1.0,0.0,0.0));
#15561=DIRECTION('',(2.24693950233695E-15,-6.12323399573676E-17,1.0));
#15562=DIRECTION('',(-1.0,5.2689076196943E-33,-8.60477914671025E-17));
#15563=DIRECTION('',(-1.0,5.2689076196943E-33,-8.60477914671025E-17));
#15564=DIRECTION('',(6.694948415098E-15,6.12323399573676E-17,-1.0));
#15565=DIRECTION('',(1.0,0.0,0.0));
#15566=DIRECTION('',(1.60751364215014E-31,-2.28032674185907E-16,1.0));
#15567=DIRECTION('',(-1.0,0.0,0.0));
#15568=DIRECTION('',(0.0,2.28032674185907E-16,-1.0));
#15569=DIRECTION('',(1.0,0.0,0.0));
#15570=DIRECTION('',(2.24693950233695E-15,-6.12323399573676E-17,1.0));
#15571=DIRECTION('',(-1.0,5.2689076196943E-33,-8.60477914671025E-17));
#15572=DIRECTION('',(-1.0,5.2689076196943E-33,-8.60477914671025E-17));
#15573=DIRECTION('',(6.694948415098E-15,6.12323399573676E-17,-1.0));
#15574=DIRECTION('',(1.0,0.0,0.0));
#15575=DIRECTION('',(1.60751364215014E-31,-2.28032674185907E-16,1.0));
#15576=DIRECTION('',(-1.0,0.0,0.0));
#15577=DIRECTION('',(0.0,2.28032674185907E-16,-1.0));
#15578=DIRECTION('',(1.0,0.0,0.0));
#15579=DIRECTION('',(2.24693950233695E-15,-6.12323399573676E-17,1.0));
#15580=DIRECTION('',(-1.0,5.2689076196943E-33,-8.60477914671025E-17));
#15581=DIRECTION('',(1.0,0.0,0.0));
#15582=DIRECTION('',(-1.0,5.2689076196943E-33,-8.60477914671025E-17));
#15583=DIRECTION('',(8.67361737988404E-15,1.0,6.12323399573684E-17));
#15584=DIRECTION('',(0.0,-1.0,-6.12323399573676E-17));
#15585=DIRECTION('',(-1.0,5.2689076196943E-33,-8.60477914671025E-17));
#15586=DIRECTION('',(0.136218340478729,0.990678839845296,7.23828708654861E-17));
#15587=DIRECTION('',(0.371390676354101,0.92847669088526,8.88101478505219E-17));
#15588=DIRECTION('',(0.136218340478729,0.990678839845296,1.07546732932012E-16));
#15589=DIRECTION('',(2.22400445638053E-15,-2.28032674185907E-16,1.0));
#15590=DIRECTION('',(-0.371390676354102,-0.92847669088526,-1.84682190265755E-16));
#15591=DIRECTION('',(0.136218340478729,0.990678839845296,7.23828708654861E-17));
#15592=DIRECTION('',(0.371390676354101,0.92847669088526,8.88101478505219E-17));
#15593=DIRECTION('',(1.0,-6.12323399573676E-17,-3.74939945665464E-33));
#15594=DIRECTION('',(0.0,1.0,6.12323399573676E-17));
#15595=DIRECTION('',(-1.0,0.0,0.0));
#15596=DIRECTION('',(0.0,1.0,6.12323399573676E-17));
#15597=DIRECTION('',(-1.0,0.0,0.0));
#15598=DIRECTION('',(0.0,1.0,6.12323399573676E-17));
#15599=DIRECTION('',(1.0,0.0,0.0));
#15600=DIRECTION('',(0.371390676354102,0.92847669088526,5.6852800378778E-17));
#15601=DIRECTION('',(0.371390676354102,-0.92847669088526,-5.6852800378778E-17));
#15602=DIRECTION('',(1.0,0.0,0.0));
#15603=DIRECTION('',(0.371390676354102,0.92847669088526,5.6852800378778E-17));
#15604=DIRECTION('',(0.371390676354102,-0.92847669088526,-5.6852800378778E-17));
#15605=DIRECTION('',(1.0,0.0,0.0));
#15606=DIRECTION('',(0.371390676354102,0.92847669088526,5.6852800378778E-17));
#15607=DIRECTION('',(0.371390676354102,-0.92847669088526,-5.6852800378778E-17));
#15608=DIRECTION('',(1.0,0.0,0.0));
#15609=DIRECTION('',(0.371390676354102,0.92847669088526,5.6852800378778E-17));
#15610=DIRECTION('',(0.371390676354102,-0.92847669088526,-5.6852800378778E-17));
#15611=DIRECTION('',(1.0,0.0,0.0));
#15612=DIRECTION('',(0.371390676354102,0.92847669088526,5.6852800378778E-17));
#15613=DIRECTION('',(0.371390676354102,-0.92847669088526,-5.6852800378778E-17));
#15614=DIRECTION('',(1.0,0.0,0.0));
#15615=DIRECTION('',(0.371390676354102,0.92847669088526,5.6852800378778E-17));
#15616=DIRECTION('',(0.371390676354102,-0.92847669088526,-5.6852800378778E-17));
#15617=DIRECTION('',(1.0,0.0,0.0));
#15618=DIRECTION('',(0.0,-1.0,-6.12323399573676E-17));
#15619=DIRECTION('',(-1.0,0.0,0.0));
#15620=DIRECTION('',(0.0,-1.0,-6.12323399573676E-17));
#15621=DIRECTION('',(0.0,1.0,6.12323399573676E-17));
#15622=DIRECTION('',(-1.0,0.0,0.0));
#15623=DIRECTION('',(0.0,1.0,6.12323399573676E-17));
#15624=DIRECTION('',(0.0,-1.0,-6.12323399573676E-17));
#15625=DIRECTION('',(0.136218340478729,0.990678839845296,1.07546732932012E-16));
#15626=DIRECTION('',(2.22400445638053E-15,-2.28032674185907E-16,1.0));
#15627=DIRECTION('',(-0.371390676354102,-0.92847669088526,-1.84682190265755E-16));
#15628=DIRECTION('',(0.136218340478729,0.990678839845296,7.23828708654861E-17));
#15629=DIRECTION('',(0.371390676354101,0.92847669088526,8.88101478505219E-17));
#15630=DIRECTION('',(0.136218340478729,0.990678839845296,1.07546732932012E-16));
#15631=DIRECTION('',(2.22400445638053E-15,-2.28032674185907E-16,1.0));
#15632=DIRECTION('',(-0.371390676354102,-0.92847669088526,-1.84682190265755E-16));
#15633=DIRECTION('',(0.136218340478729,0.990678839845296,7.23828708654861E-17));
#15634=DIRECTION('',(0.371390676354101,0.92847669088526,8.88101478505219E-17));
#15635=DIRECTION('',(0.136218340478729,0.990678839845296,1.07546732932012E-16));
#15636=DIRECTION('',(2.22400445638053E-15,-2.28032674185907E-16,1.0));
#15637=DIRECTION('',(-0.371390676354102,-0.92847669088526,-1.84682190265755E-16));
#15638=DIRECTION('',(0.136218340478729,0.990678839845296,7.23828708654861E-17));
#15639=DIRECTION('',(0.371390676354101,0.92847669088526,8.88101478505219E-17));
#15640=DIRECTION('',(0.136218340478729,0.990678839845296,1.07546732932012E-16));
#15641=DIRECTION('',(2.22400445638053E-15,-2.28032674185907E-16,1.0));
#15642=DIRECTION('',(-0.136218340478729,-0.990678839845296,-7.23828708654861E-17));
#15643=DIRECTION('',(0.371390676354101,0.92847669088526,8.88101478505219E-17));
#15644=DIRECTION('',(-0.371390676354102,-0.92847669088526,-1.84682190265755E-16));
#15645=DIRECTION('',(0.136218340478729,0.990678839845296,1.07546732932012E-16));
#15646=DIRECTION('',(2.22400445638053E-15,-2.28032674185907E-16,1.0));
#15647=DIRECTION('',(-0.371390676354102,-0.92847669088526,-1.84682190265755E-16));
#15648=DIRECTION('',(1.0,-6.12323399573676E-17,7.06526999508087E-18));
#15649=DIRECTION('',(-6.11306907016995E-17,0.998339941675609,-0.0575965350966696));
#15650=DIRECTION('',(6.11306907016995E-17,-0.998339941675609,0.0575965350966696));
#15651=DIRECTION('',(0.0,-6.12323399573676E-17,1.0));
#15652=DIRECTION('',(6.12323399573676E-17,-1.0,-6.12323399573676E-17));
#15653=CARTESIAN_POINT('',(5.22,4.5,-0.549999999999999));
#15654=DIRECTION('',(1.0,6.12323399573676E-17,3.74939945665464E-33));
#15655=DIRECTION('',(-6.12323399573676E-17,1.0,6.12323399573676E-17));
#15656=DIRECTION('',(-6.05370097150611E-17,0.988644395383376,-0.150273948098259));
#15657=DIRECTION('',(-1.0,-6.12323399573676E-17,-3.74939945665464E-33));
#15658=DIRECTION('',(0.0,6.12323399573676E-17,-1.0));
#15659=CARTESIAN_POINT('',(4.78,4.5,-0.549999999999999));
#15660=DIRECTION('',(-1.0,-6.12323399573676E-17,-3.74939945665464E-33));
#15661=DIRECTION('',(-6.12323399573676E-17,1.0,6.12323399573676E-17));
#15662=DIRECTION('',(-6.12323399573676E-17,1.0,6.12323399573676E-17));
#15663=DIRECTION('',(1.0,0.0,0.0));
#15664=DIRECTION('',(-0.766044443118979,-3.93593894367099E-17,0.642787609686539));
#15665=DIRECTION('',(0.0,6.12323399573676E-17,-1.0));
#15666=DIRECTION('',(-1.0,0.0,0.0));
#15667=DIRECTION('',(0.0,-6.12323399573676E-17,1.0));
#15668=DIRECTION('',(1.0,0.0,0.0));
#15669=DIRECTION('',(0.0,6.12323399573676E-17,-1.0));
#15670=DIRECTION('',(-1.0,0.0,0.0));
#15671=DIRECTION('',(0.0,-6.12323399573676E-17,1.0));
#15672=DIRECTION('',(1.0,0.0,0.0));
#15673=DIRECTION('',(0.0,6.12323399573676E-17,-1.0));
#15674=DIRECTION('',(1.0,-6.12323399573676E-17,7.06526999508087E-18));
#15675=DIRECTION('',(0.0,-6.12323399573676E-17,1.0));
#15676=DIRECTION('',(1.0,0.0,0.0));
#15677=DIRECTION('',(0.0,6.12323399573676E-17,-1.0));
#15678=DIRECTION('',(1.0,-6.12323399573676E-17,7.06526999508087E-18));
#15679=DIRECTION('',(0.0,-6.12323399573676E-17,1.0));
#15680=DIRECTION('',(1.0,0.0,0.0));
#15681=DIRECTION('',(0.0,6.12323399573676E-17,-1.0));
#15682=DIRECTION('',(1.0,-6.12323399573676E-17,7.06526999508087E-18));
#15683=DIRECTION('',(0.0,-6.12323399573676E-17,1.0));
#15684=DIRECTION('',(1.0,0.0,0.0));
#15685=DIRECTION('',(0.0,6.12323399573676E-17,-1.0));
#15686=DIRECTION('',(1.0,-6.12323399573676E-17,7.06526999508087E-18));
#15687=DIRECTION('',(0.0,-6.12323399573676E-17,1.0));
#15688=DIRECTION('',(1.0,0.0,0.0));
#15689=DIRECTION('',(0.0,6.12323399573676E-17,-1.0));
#15690=DIRECTION('',(1.0,-6.12323399573676E-17,7.06526999508087E-18));
#15691=DIRECTION('',(0.0,-6.12323399573676E-17,1.0));
#15692=DIRECTION('',(1.0,0.0,0.0));
#15693=DIRECTION('',(-1.0,0.0,0.0));
#15694=CARTESIAN_POINT('',(6.075,4.5,-0.55));
#15695=DIRECTION('',(0.939793423488438,-0.341743063086701,-2.0925727416997E-17));
#15696=DIRECTION('',(0.341743063086701,0.939793423488438,5.75457503967424E-17));
#15697=DIRECTION('',(-6.11306907016995E-17,0.998339941675609,-0.0575965350966696));
#15698=DIRECTION('',(6.11306907016995E-17,-0.998339941675609,0.0575965350966696));
#15699=DIRECTION('',(6.12323399573676E-17,-1.0,-6.12323399573676E-17));
#15700=CARTESIAN_POINT('',(4.22,4.5,-0.549999999999999));
#15701=DIRECTION('',(1.0,6.12323399573676E-17,3.74939945665464E-33));
#15702=DIRECTION('',(-6.12323399573676E-17,1.0,6.12323399573676E-17));
#15703=DIRECTION('',(-6.05370097150611E-17,0.988644395383376,-0.150273948098259));
#15704=DIRECTION('',(-1.0,-6.12323399573676E-17,-3.74939945665464E-33));
#15705=CARTESIAN_POINT('',(3.78,4.5,-0.549999999999999));
#15706=DIRECTION('',(-1.0,-6.12323399573676E-17,-3.74939945665464E-33));
#15707=DIRECTION('',(-6.12323399573676E-17,1.0,6.12323399573676E-17));
#15708=DIRECTION('',(-6.12323399573676E-17,1.0,6.12323399573676E-17));
#15709=DIRECTION('',(-1.0,0.0,0.0));
#15710=DIRECTION('',(-6.11306907016995E-17,0.998339941675609,-0.0575965350966696));
#15711=DIRECTION('',(6.11306907016995E-17,-0.998339941675609,0.0575965350966696));
#15712=DIRECTION('',(6.12323399573676E-17,-1.0,-6.12323399573676E-17));
#15713=CARTESIAN_POINT('',(3.22,4.5,-0.549999999999999));
#15714=DIRECTION('',(1.0,6.12323399573676E-17,3.74939945665464E-33));
#15715=DIRECTION('',(-6.12323399573676E-17,1.0,6.12323399573676E-17));
#15716=DIRECTION('',(-6.05370097150611E-17,0.988644395383376,-0.150273948098259));
#15717=DIRECTION('',(-1.0,-6.12323399573676E-17,-3.74939945665464E-33));
#15718=CARTESIAN_POINT('',(2.78,4.5,-0.549999999999999));
#15719=DIRECTION('',(-1.0,-6.12323399573676E-17,-3.74939945665464E-33));
#15720=DIRECTION('',(-6.12323399573676E-17,1.0,6.12323399573676E-17));
#15721=DIRECTION('',(-6.12323399573676E-17,1.0,6.12323399573676E-17));
#15722=DIRECTION('',(-1.0,0.0,0.0));
#15723=DIRECTION('',(-6.11306907016995E-17,0.998339941675609,-0.0575965350966696));
#15724=DIRECTION('',(6.11306907016995E-17,-0.998339941675609,0.0575965350966696));
#15725=DIRECTION('',(6.12323399573676E-17,-1.0,-6.12323399573676E-17));
#15726=CARTESIAN_POINT('',(2.22,4.5,-0.549999999999999));
#15727=DIRECTION('',(1.0,6.12323399573676E-17,3.74939945665464E-33));
#15728=DIRECTION('',(-6.12323399573676E-17,1.0,6.12323399573676E-17));
#15729=DIRECTION('',(-6.05370097150611E-17,0.988644395383376,-0.150273948098259));
#15730=DIRECTION('',(-1.0,-6.12323399573676E-17,-3.74939945665464E-33));
#15731=CARTESIAN_POINT('',(1.78,4.5,-0.549999999999999));
#15732=DIRECTION('',(-1.0,-6.12323399573676E-17,-3.74939945665464E-33));
#15733=DIRECTION('',(-6.12323399573676E-17,1.0,6.12323399573676E-17));
#15734=DIRECTION('',(-6.12323399573676E-17,1.0,6.12323399573676E-17));
#15735=DIRECTION('',(-1.0,0.0,0.0));
#15736=DIRECTION('',(-6.11306907016995E-17,0.998339941675609,-0.0575965350966696));
#15737=DIRECTION('',(6.11306907016995E-17,-0.998339941675609,0.0575965350966696));
#15738=DIRECTION('',(6.12323399573676E-17,-1.0,-6.12323399573676E-17));
#15739=CARTESIAN_POINT('',(1.22,4.5,-0.549999999999999));
#15740=DIRECTION('',(1.0,6.12323399573676E-17,3.74939945665464E-33));
#15741=DIRECTION('',(-6.12323399573676E-17,1.0,6.12323399573676E-17));
#15742=DIRECTION('',(-6.05370097150611E-17,0.988644395383376,-0.150273948098259));
#15743=DIRECTION('',(-1.0,-6.12323399573676E-17,-3.74939945665464E-33));
#15744=CARTESIAN_POINT('',(0.78,4.5,-0.549999999999999));
#15745=DIRECTION('',(-1.0,-6.12323399573676E-17,-3.74939945665464E-33));
#15746=DIRECTION('',(-6.12323399573676E-17,1.0,6.12323399573676E-17));
#15747=DIRECTION('',(-6.12323399573676E-17,1.0,6.12323399573676E-17));
#15748=DIRECTION('',(-1.0,0.0,0.0));
#15749=DIRECTION('',(-6.11306907016995E-17,0.998339941675609,-0.0575965350966696));
#15750=DIRECTION('',(6.11306907016995E-17,-0.998339941675609,0.0575965350966696));
#15751=DIRECTION('',(6.12323399573676E-17,-1.0,-6.12323399573676E-17));
#15752=CARTESIAN_POINT('',(0.22,4.5,-0.549999999999999));
#15753=DIRECTION('',(1.0,6.12323399573676E-17,3.74939945665464E-33));
#15754=DIRECTION('',(-6.12323399573676E-17,1.0,6.12323399573676E-17));
#15755=DIRECTION('',(-6.05370097150611E-17,0.988644395383376,-0.150273948098259));
#15756=DIRECTION('',(-1.0,-6.12323399573676E-17,-3.74939945665464E-33));
#15757=CARTESIAN_POINT('',(-0.22,4.5,-0.549999999999999));
#15758=DIRECTION('',(-1.0,-6.12323399573676E-17,-3.74939945665464E-33));
#15759=DIRECTION('',(-6.12323399573676E-17,1.0,6.12323399573676E-17));
#15760=DIRECTION('',(-6.12323399573676E-17,1.0,6.12323399573676E-17));
#15761=DIRECTION('',(-1.0,0.0,0.0));
#15762=DIRECTION('',(-0.136218340478728,0.990678839845296,4.89402961544693E-17));
#15763=DIRECTION('',(6.67201336914158E-15,2.28032674185907E-16,-1.0));
#15764=DIRECTION('',(0.136218340478728,-0.990678839845296,-1.37764340879436E-17));
#15765=DIRECTION('',(0.371390676354101,-0.92847669088526,-2.48954529070342E-17));
#15766=DIRECTION('',(0.0,-6.12323399573676E-17,1.0));
#15767=DIRECTION('',(8.67361737988404E-15,1.0,6.12323399573676E-17));
#15768=DIRECTION('',(-1.44676227793512E-30,-2.28032674185907E-16,1.0));
#15769=DIRECTION('',(0.0,6.12323399573676E-17,-1.0));
#15770=DIRECTION('',(-7.23381138967562E-31,2.28032674185907E-16,-1.0));
#15771=DIRECTION('',(4.33680868994202E-15,-1.0,-6.12323399573676E-17));
#15772=DIRECTION('',(-0.371390676354102,0.92847669088526,-7.0976589508199E-17));
#15773=DIRECTION('',(-1.60751364215014E-31,2.28032674185907E-16,-1.0));
#15774=DIRECTION('',(0.0,-2.28032674185907E-16,1.0));
#15775=DIRECTION('',(-0.371390676354101,0.92847669088526,1.6171284677044E-16));
#15776=DIRECTION('',(1.44676227793512E-30,2.28032674185907E-16,-1.0));
#15777=DIRECTION('',(1.0,0.0,0.0));
#15778=DIRECTION('',(7.23381138967562E-31,-2.28032674185907E-16,1.0));
#15779=DIRECTION('',(-0.371390676354101,-0.92847669088526,-1.6171284677044E-16));
#15780=DIRECTION('',(0.0,6.12323399573676E-17,-1.0));
#15781=DIRECTION('',(1.0,0.0,0.0));
#15782=DIRECTION('',(0.0,-6.12323399573676E-17,1.0));
#15783=DIRECTION('',(-1.0,6.12323399573676E-17,3.74939945665464E-33));
#15784=DIRECTION('',(0.0,6.12323399573676E-17,-1.0));
#15785=DIRECTION('',(-0.136218340478728,0.990678839845296,4.89402961544693E-17));
#15786=DIRECTION('',(6.67201336914158E-15,2.28032674185907E-16,-1.0));
#15787=DIRECTION('',(0.136218340478728,-0.990678839845296,-1.37764340879436E-17));
#15788=DIRECTION('',(0.371390676354101,-0.92847669088526,-2.48954529070342E-17));
#15789=DIRECTION('',(0.0,-6.12323399573676E-17,1.0));
#15790=DIRECTION('',(8.67361737988404E-15,1.0,6.12323399573676E-17));
#15791=DIRECTION('',(-1.44676227793512E-30,-2.28032674185907E-16,1.0));
#15792=DIRECTION('',(0.0,6.12323399573676E-17,-1.0));
#15793=DIRECTION('',(-7.23381138967562E-31,2.28032674185907E-16,-1.0));
#15794=DIRECTION('',(4.33680868994202E-15,-1.0,-6.12323399573676E-17));
#15795=DIRECTION('',(-0.371390676354102,0.92847669088526,-7.0976589508199E-17));
#15796=DIRECTION('',(-1.60751364215014E-31,2.28032674185907E-16,-1.0));
#15797=DIRECTION('',(0.0,-2.28032674185907E-16,1.0));
#15798=DIRECTION('',(-0.371390676354101,0.92847669088526,1.6171284677044E-16));
#15799=DIRECTION('',(1.44676227793512E-30,2.28032674185907E-16,-1.0));
#15800=DIRECTION('',(1.0,0.0,0.0));
#15801=DIRECTION('',(7.23381138967562E-31,-2.28032674185907E-16,1.0));
#15802=DIRECTION('',(-0.371390676354101,-0.92847669088526,-1.6171284677044E-16));
#15803=DIRECTION('',(-1.0,6.12323399573676E-17,3.74939945665464E-33));
#15804=DIRECTION('',(-0.136218340478728,0.990678839845296,4.89402961544693E-17));
#15805=DIRECTION('',(6.67201336914158E-15,2.28032674185907E-16,-1.0));
#15806=DIRECTION('',(0.136218340478728,-0.990678839845296,-1.37764340879436E-17));
#15807=DIRECTION('',(0.371390676354101,-0.92847669088526,-2.48954529070342E-17));
#15808=DIRECTION('',(0.0,-6.12323399573676E-17,1.0));
#15809=DIRECTION('',(8.67361737988404E-15,1.0,6.12323399573676E-17));
#15810=DIRECTION('',(-1.44676227793512E-30,-2.28032674185907E-16,1.0));
#15811=DIRECTION('',(0.0,6.12323399573676E-17,-1.0));
#15812=DIRECTION('',(-7.23381138967562E-31,2.28032674185907E-16,-1.0));
#15813=DIRECTION('',(4.33680868994202E-15,-1.0,-6.12323399573676E-17));
#15814=DIRECTION('',(-0.371390676354102,0.92847669088526,-7.0976589508199E-17));
#15815=DIRECTION('',(-1.60751364215014E-31,2.28032674185907E-16,-1.0));
#15816=DIRECTION('',(0.0,-2.28032674185907E-16,1.0));
#15817=DIRECTION('',(-0.371390676354101,0.92847669088526,1.6171284677044E-16));
#15818=DIRECTION('',(1.44676227793512E-30,2.28032674185907E-16,-1.0));
#15819=DIRECTION('',(1.0,0.0,0.0));
#15820=DIRECTION('',(7.23381138967562E-31,-2.28032674185907E-16,1.0));
#15821=DIRECTION('',(-0.371390676354101,-0.92847669088526,-1.6171284677044E-16));
#15822=DIRECTION('',(-1.0,6.12323399573676E-17,3.74939945665464E-33));
#15823=DIRECTION('',(-0.136218340478728,0.990678839845296,4.89402961544693E-17));
#15824=DIRECTION('',(6.67201336914158E-15,2.28032674185907E-16,-1.0));
#15825=DIRECTION('',(0.136218340478728,-0.990678839845296,-1.37764340879436E-17));
#15826=DIRECTION('',(0.371390676354101,-0.92847669088526,-2.48954529070342E-17));
#15827=DIRECTION('',(0.0,-6.12323399573676E-17,1.0));
#15828=DIRECTION('',(8.67361737988404E-15,1.0,6.12323399573676E-17));
#15829=DIRECTION('',(-1.44676227793512E-30,-2.28032674185907E-16,1.0));
#15830=DIRECTION('',(0.0,6.12323399573676E-17,-1.0));
#15831=DIRECTION('',(-7.23381138967562E-31,2.28032674185907E-16,-1.0));
#15832=DIRECTION('',(4.33680868994202E-15,-1.0,-6.12323399573676E-17));
#15833=DIRECTION('',(-0.371390676354102,0.92847669088526,-7.0976589508199E-17));
#15834=DIRECTION('',(-1.60751364215014E-31,2.28032674185907E-16,-1.0));
#15835=DIRECTION('',(0.0,-2.28032674185907E-16,1.0));
#15836=DIRECTION('',(-0.371390676354101,0.92847669088526,1.6171284677044E-16));
#15837=DIRECTION('',(1.44676227793512E-30,2.28032674185907E-16,-1.0));
#15838=DIRECTION('',(1.0,0.0,0.0));
#15839=DIRECTION('',(7.23381138967562E-31,-2.28032674185907E-16,1.0));
#15840=DIRECTION('',(-0.371390676354101,-0.92847669088526,-1.6171284677044E-16));
#15841=DIRECTION('',(-1.0,6.12323399573676E-17,3.74939945665464E-33));
#15842=DIRECTION('',(-0.136218340478728,0.990678839845296,4.89402961544693E-17));
#15843=DIRECTION('',(6.67201336914158E-15,2.28032674185907E-16,-1.0));
#15844=DIRECTION('',(0.136218340478728,-0.990678839845296,-1.37764340879436E-17));
#15845=DIRECTION('',(0.371390676354101,-0.92847669088526,-2.48954529070342E-17));
#15846=DIRECTION('',(0.0,-6.12323399573676E-17,1.0));
#15847=DIRECTION('',(8.67361737988404E-15,1.0,6.12323399573676E-17));
#15848=DIRECTION('',(-1.44676227793512E-30,-2.28032674185907E-16,1.0));
#15849=DIRECTION('',(0.0,6.12323399573676E-17,-1.0));
#15850=DIRECTION('',(-7.23381138967562E-31,2.28032674185907E-16,-1.0));
#15851=DIRECTION('',(4.33680868994202E-15,-1.0,-6.12323399573676E-17));
#15852=DIRECTION('',(-0.371390676354102,0.92847669088526,-7.0976589508199E-17));
#15853=DIRECTION('',(-1.60751364215014E-31,2.28032674185907E-16,-1.0));
#15854=DIRECTION('',(0.0,-2.28032674185907E-16,1.0));
#15855=DIRECTION('',(-0.371390676354101,0.92847669088526,1.6171284677044E-16));
#15856=DIRECTION('',(1.44676227793512E-30,2.28032674185907E-16,-1.0));
#15857=DIRECTION('',(1.0,0.0,0.0));
#15858=DIRECTION('',(7.23381138967562E-31,-2.28032674185907E-16,1.0));
#15859=DIRECTION('',(-0.371390676354101,-0.92847669088526,-1.6171284677044E-16));
#15860=DIRECTION('',(-1.0,6.12323399573676E-17,3.74939945665464E-33));
#15861=DIRECTION('',(0.0,6.12323399573676E-17,-1.0));
#15862=DIRECTION('',(-1.0,0.0,0.0));
#15863=DIRECTION('',(0.0,6.12323399573676E-17,-1.0));
#15864=DIRECTION('',(-1.0,1.99164708024447E-32,-3.25260651745651E-16));
#15865=DIRECTION('',(0.0,-1.0,-6.12323399573676E-17));
#15866=DIRECTION('',(0.0,1.0,6.12323399573676E-17));
#15867=DIRECTION('',(1.0,0.0,0.0));
#15868=DIRECTION('',(0.0,1.0,6.12323399573676E-17));
#15869=DIRECTION('',(0.0,-1.0,-6.12323399573676E-17));
#15870=DIRECTION('',(0.0,1.0,6.12323399573676E-17));
#15871=DIRECTION('',(0.0,-1.0,-6.12323399573676E-17));
#15872=DIRECTION('',(0.0,-1.02932423514502E-16,1.0));
#15873=DIRECTION('',(-0.371390676354101,0.92847669088526,1.6171284677044E-16));
#15874=DIRECTION('',(1.44676227793512E-30,2.28032674185907E-16,-1.0));
#15875=DIRECTION('',(0.371390676354101,-0.92847669088526,-2.48954529070342E-17));
#15876=DIRECTION('',(-1.44676227793512E-30,-2.28032674185907E-16,1.0));
#15877=DIRECTION('',(-0.371390676354102,0.92847669088526,-7.0976589508199E-17));
#15878=DIRECTION('',(-1.60751364215014E-31,2.28032674185907E-16,-1.0));
#15879=DIRECTION('',(8.67361737988404E-15,1.0,6.12323399573676E-17));
#15880=DIRECTION('',(-0.136218340478728,0.990678839845296,4.89402961544693E-17));
#15881=DIRECTION('',(6.67201336914158E-15,2.28032674185907E-16,-1.0));
#15882=DIRECTION('',(0.136218340478728,-0.990678839845296,-1.37764340879436E-17));
#15883=DIRECTION('',(-0.0158710166267242,-0.999874047483599,-6.12246275900649E-17));
#15884=DIRECTION('',(0.0,-6.12323399573676E-17,1.0));
#15885=DIRECTION('',(-0.0158710166267242,-0.999874047483599,-6.12246275900649E-17));
#15886=DIRECTION('',(0.0,-6.12323399573676E-17,1.0));
#15887=DIRECTION('',(0.300375704593053,0.826033187630903,0.476910483238266));
#15888=DIRECTION('',(0.0,2.21678271569019E-17,1.0));
#15889=DIRECTION('',(0.0,1.0,3.32282883078744E-16));
#15890=DIRECTION('',(0.0,1.02932423514502E-16,-1.0));
#15891=DIRECTION('',(0.0,-1.02932423514502E-16,1.0));
#15892=DIRECTION('',(-1.0,0.0,0.0));
#15893=DIRECTION('',(0.0,2.28032674185907E-16,-1.0));
#15894=DIRECTION('',(1.0,0.0,0.0));
#15895=DIRECTION('',(0.0,1.0,1.69652557205918E-16));
#15896=DIRECTION('',(0.0,-1.0,-1.62088356002531E-16));
#15897=DIRECTION('',(0.0,2.28032674185907E-16,-1.0));
#15898=DIRECTION('',(0.300375704593053,-0.826033187630903,-0.476910483238266));
#15899=DIRECTION('',(0.0,6.12323399573676E-17,-1.0));
#15900=CARTESIAN_POINT('',(-1.075,4.5,-0.55));
#15901=DIRECTION('',(-0.939793423488438,-0.341743063086701,-2.0925727416997E-17));
#15902=DIRECTION('',(-0.341743063086701,0.939793423488438,5.75457503967424E-17));
#15903=DIRECTION('',(-0.0158710166267242,0.999874047483599,6.12246275900649E-17));
#15904=DIRECTION('',(0.0,6.12323399573676E-17,-1.0));
#15905=DIRECTION('',(-0.0158710166267242,0.999874047483599,6.12246275900649E-17));
#15906=DIRECTION('',(0.0,1.0,1.69652557205918E-16));
#15907=DIRECTION('',(0.0,-1.0,-6.12323399573676E-17));
#15908=DIRECTION('',(0.0,1.0,6.12323399573676E-17));
#15909=DIRECTION('',(0.766044443118979,1.46576577570388E-16,-0.642787609686539));
#15910=DIRECTION('',(0.0,1.0,6.12323399573676E-17));
#15911=DIRECTION('',(0.0,-1.0,-1.69652557205918E-16));
#15912=DIRECTION('',(0.0,-2.28032674185907E-16,1.0));
#15913=DIRECTION('',(0.0,1.0,1.62088356002531E-16));
#15914=DIRECTION('',(-7.23381138967562E-31,2.28032674185907E-16,-1.0));
#15915=DIRECTION('',(4.33680868994202E-15,-1.0,-6.12323399573676E-17));
#15916=DIRECTION('',(0.0,6.12323399573676E-17,-1.0));
#15917=DIRECTION('',(-0.371390676354101,-0.92847669088526,-1.6171284677044E-16));
#15918=DIRECTION('',(7.23381138967562E-31,-2.28032674185907E-16,1.0));
#15919=DIRECTION('',(0.0,-2.21678271569019E-17,-1.0));
#15920=DIRECTION('',(1.0,0.0,0.0));
#15921=DIRECTION('',(0.0,-2.28032674185907E-16,1.0));
#15922=DIRECTION('',(0.0,-1.02932423514502E-16,1.0));
#15923=DIRECTION('',(0.0,-1.0,-3.32282883078744E-16));
#15924=DIRECTION('',(0.0,1.02932423514502E-16,-1.0));
#15925=DIRECTION('',(-1.0,0.0,0.0));
#15926=DIRECTION('',(0.0,-2.28032674185907E-16,1.0));
#15927=DIRECTION('',(-1.0,6.12323399573676E-17,3.74939945665464E-33));
#15928=DIRECTION('',(-1.0,0.0,0.0));
#15929=DIRECTION('',(1.0,0.0,0.0));
#15930=DIRECTION('',(1.0,0.0,0.0));
#15931=DIRECTION('',(1.0,0.0,0.0));
#15932=DIRECTION('',(-2.24693950233695E-15,6.12323399573676E-17,-1.0));
#15933=DIRECTION('',(-0.11581514193407,-0.842291941338675,-0.526432463336672));
#15934=DIRECTION('',(0.0,1.64026105387715E-14,-1.0));
#15935=DIRECTION('',(0.115815141934067,0.842291941338676,-0.526432463336672));
#15936=DIRECTION('',(-1.0,0.0,0.0));
#15937=DIRECTION('',(0.0,-0.847998304005088,0.52999894000318));
#15938=DIRECTION('',(0.0,-6.12323399573676E-17,1.0));
#15939=DIRECTION('',(0.0,0.847998304005088,0.52999894000318));
#15940=DIRECTION('',(1.0,-2.34337466040915E-33,3.82702124733548E-17));
#15941=PRESENTATION_LAYER_ASSIGNMENT('','',(#425,#427,#429,#431,#433,#435,#437,#439,#441,#443,#445,#447,#449,#451,#453,#455,#457,#459,#471,#473,#475,#477,#479,#481,#483,#485,#487,#489,#491,#493,#495,#497,#499,#501,#503,#505,#507,#509,#511,#513,#515,#517,#519,#521,#537,#539,#541,#543,#545,#547,#549,#551,#553,#555,#557,#559,#561,#563,#565,#567,#569,#571,#573,#575,#577,#579,#581,#583,#585,#587,#603,#605,#607,#609,#611,#613,#615,#617,#619,#621,#623,#625,#627,#629,#631,#633,#635,#637,#639,#641,#643,#645,#647,#649,#651,#653,#673,#675,#677,#679,#681,#683,#685,#687,#689,#691,#693,#695,#697,#699,#701,#703,#705,#707,#709,#711,#713,#715,#717,#719,#721,#723,#725,#727,#729,#731,#733,#735,#755,#757,#759,#761,#763,#765,#767,#769,#771,#773,#775,#777,#779,#781,#783,#785,#787,#789,#791,#793,#795,#797,#799,#801,#803,#805,#807,#809,#811,#813,#815,#817,#837,#839,#841,#843,#845,#847,#849,#851,#853,#855,#857,#859,#861,#863,#865,#867,#869,#871,#873,#875,#877,#879,#881,#883,#885,#887,#889,#891,#893,#895,#897,#899,#1037,#1039,#1041,#1043,#1045,#1047,#1061,#1063,#1065,#1067,#1069,#1071,#1083,#1085,#1087,#1089,#1091,#1093,#1105,#1107,#1109,#1111,#1113,#1115,#1127,#1129,#1131,#1133,#1135,#1137,#1141,#1143,#1145,#1147,#1149,#1151,#1153,#1155,#1157,#1159,#1161,#1163,#1165,#1167,#1169,#1171,#1173,#1175,#1177,#1179,#1181,#1183,#1185,#1187,#1189,#1191,#1193,#1195,#1197,#1215,#1217,#7509,#7510,#7511,#7514,#7515,#7516,#7519,#7520,#7521,#7524,#7525,#7526,#7529,#7530,#7531,#7534,#7535,#7536,#7539,#7540,#7541,#7544,#7545,#7546,#7549,#7550,#7551,#7554,#7555,#7556,#7559,#7560,#7561,#7564,#7565,#7566,#7569,#7570,#7571,#7574,#7575,#7576,#7579,#7580,#7581,#7584,#7585,#7586,#7589,#7590,#7591,#7594,#7595,#7596,#7599,#7600,#7601,#7605,#7606,#7607,#7608,#7609,#7610,#7611,#7617,#7618,#7619,#7620,#7621,#7622,#7623,#7626,#7627,#7631,#7632,#7633,#7635,#7636,#7637,#7639,#7640,#7641,#7643,#7644,#7645,#7647,#7648,#7649,#7651,#7652,#7654,#7656,#7657,#7659,#7660,#7663,#7670,#7672,#7673,#7674,#7675,#7676,#7677,#7678,#7680,#7681,#7682,#7684,#7686,#7687,#7690,#7691,#7692,#7693,#7694,#7698,#7699,#7700,#7702,#7703,#7706,#7707,#7710,#7712,#7727,#7728,#7729,#7733,#7734,#7735,#7736,#7737,#7738,#7739,#7745,#7746,#7747,#7748,#7749,#7750,#7751,#7754,#7755,#7759,#7760,#7761,#7763,#7764,#7765,#7767,#7768,#7769,#7771,#7772,#7773,#7775,#7776,#7777,#7779,#7780,#7782,#7784,#7785,#7787,#7788,#7791,#7798,#7800,#7801,#7802,#7803,#7804,#7805,#7806,#7808,#7809,#7810,#7812,#7814,#7815,#7818,#7819,#7820,#7821,#7822,#7826,#7827,#7828,#7830,#7831,#7834,#7835,#7838,#7840,#7855,#7856,#7857,#7861,#7862,#7863,#7864,#7865,#7866,#7867,#7873,#7874,#7875,#7876,#7877,#7878,#7879,#7882,#7883,#7887,#7888,#7889,#7891,#7892,#7893,#7895,#7896,#7897,#7899,#7900,#7901,#7903,#7904,#7905,#7907,#7908,#7910,#7912,#7913,#7915,#7916,#7919,#7926,#7928,#7929,#7930,#7931,#7932,#7933,#7934,#7936,#7937,#7938,#7940,#7942,#7943,#7946,#7947,#7948,#7949,#7950,#7954,#7955,#7956,#7958,#7959,#7962,#7963,#7966,#7968,#7984,#7985,#7986,#7987,#7988,#7989,#7990,#7991,#7992,#7993,#7994,#7995,#7998,#7999,#8003,#8006,#8007,#8013,#8014,#8015,#8016,#8017,#8018,#8019,#8022,#8023,#8027,#8028,#8029,#8031,#8032,#8033,#8035,#8037,#8038,#8039,#8041,#8042,#8044,#8045,#8047,#8048,#8049,#8051,#8052,#8054,#8055,#8056,#8057,#8059,#8060,#8062,#8063,#8065,#8070,#8071,#8074,#8078,#8079,#8081,#8086,#8088,#8089,#8090,#8092,#8093,#8094,#8095,#8096,#8097,#8098,#8100,#8102,#8104,#8105,#8106,#8108,#8109,#8110,#8112,#8113,#8115,#8116,#8118,#8121,#8122,#8123,#8127,#8144,#8145,#8146,#8147,#8148,#8149,#8150,#8151,#8152,#8153,#8154,#8155,#8158,#8159,#8163,#8166,#8167,#8173,#8174,#8175,#8176,#8177,#8178,#8179,#8182,#8183,#8187,#8188,#8189,#8191,#8192,#8193,#8195,#8197,#8198,#8199,#8201,#8202,#8204,#8205,#8207,#8208,#8209,#8211,#8212,#8214,#8215,#8216,#8217,#8219,#8220,#8222,#8223,#8225,#8230,#8231,#8234,#8238,#8239,#8241,#8246,#8248,#8249,#8250,#8252,#8253,#8254,#8255,#8256,#8257,#8258,#8260,#8262,#8264,#8265,#8266,#8268,#8269,#8270,#8272,#8273,#8275,#8276,#8278,#8281,#8282,#8283,#8287,#8304,#8305,#8306,#8307,#8308,#8309,#8310,#8311,#8312,#8313,#8314,#8315,#8318,#8319,#8323,#8326,#8327,#8333,#8334,#8335,#8336,#8337,#8338,#8339,#8342,#8343,#8347,#8348,#8349,#8351,#8352,#8353,#8355,#8357,#8358,#8359,#8361,#8362,#8364,#8365,#8367,#8368,#8369,#8371,#8372,#8374,#8375,#8376,#8377,#8379,#8380,#8382,#8383,#8385,#8390,#8391,#8394,#8398,#8399,#8401,#8406,#8408,#8409,#8410,#8412,#8413,#8414,#8415,#8416,#8417,#8418,#8420,#8422,#8424,#8425,#8426,#8428,#8429,#8430,#8432,#8433,#8435,#8436,#8438,#8441,#8442,#8443,#8447,#8462,#8464,#8467,#8472,#8477,#8482,#8489,#8491,#8499,#8501,#8509,#8511,#8519,#8521,#8529,#8531,#8539,#8541,#8548,#8550,#8553,#8555,#8556,#8558,#8561,#8564,#8565,#8566,#8567,#8568,#8569,#8570,#8571,#8572,#8573,#8574,#8575,#8576,#8577,#8578,#8579,#8580,#8581,#8582,#8583,#8584,#8585,#8586,#8587,#8588,#8589,#8590,#8591,#8592,#8593,#8594,#8596,#8597,#8599,#8602,#8604,#8605,#8607,#8610,#8612,#8613,#8615,#8618,#8620,#8621,#8624,#8626,#8628,#8629,#8631,#8648,#8649,#8650,#8651,#8652,#8654,#8655,#8656,#8657,#8679,#8680,#8752,#8753,#8756,#8759,#8760,#8763,#8764,#8766,#8768,#8770,#8772,#8773,#8775,#8776,#8778,#8780,#8781,#8782,#8785,#8787,#8788,#8791,#8794,#8795,#8798,#8799,#8801,#8803,#8805,#8807,#8808,#8810,#8811,#8813,#8817,#8818,#8821,#8824,#8825,#8828,#8829,#8831,#8833,#8835,#8837,#8838,#8840,#8841,#8843,#8847,#8848,#8851,#8854,#8855,#8858,#8859,#8861,#8863,#8865,#8867,#8868,#8870,#8871,#8873,#8877,#8878,#8881,#8884,#8885,#8888,#8889,#8891,#8893,#8895,#8897,#8898,#8900,#8901,#8903,#8907,#8908,#8909,#8910,#8912,#8913,#8914,#8915,#8916,#8917,#8919,#8920,#8922,#8923,#8924,#8925,#8927,#8928,#8930,#8932,#8933,#8938,#8939,#8940,#8941,#8943,#8945,#8946,#8947,#8949,#8950,#8952,#8954,#8956,#8957,#8958,#8961,#8962,#8963,#8965,#8966,#8967,#8969,#8970,#8971,#8972,#8973,#8974,#8976,#8977,#8979,#8980,#8981,#8983,#8984,#8986,#8987,#8988,#8990,#8991,#8993,#8994,#8996,#9004,#9006,#9008,#9014,#9015,#9019,#9031,#9033,#9040,#9042,#9049,#9051,#9058,#9060,#9067,#9069,#9076,#9078,#9085,#9087,#9094,#9096,#9103,#9105,#9112,#9114,#9121,#9123,#9130,#9132,#9139,#9141,#9148,#9150,#9157,#9159,#9166,#9168,#9175,#9177,#9184,#9186,#9193,#9195,#9201,#9203,#9205,#9207,#9209,#9211,#9213,#9224,#9226,#9229,#9231,#9233,#9240,#9246,#9248,#9250,#9254,#9255,#9257,#9261,#9262,#9267,#9268,#9273,#9278,#9284,#9288,#9304,#9305,#9307,#9309,#9311,#9313,#9318,#9320,#9326,#9332,#9335,#9337,#9346,#9382,#9384,#9390,#9392,#9394,#9396,#9398,#9400,#9402,#9413,#9415,#9418,#9420,#9422,#9429,#9435,#9437,#9439,#9443,#9444,#9446,#9450,#9451,#9456,#9457,#9462,#9467,#9473,#9477,#9493,#9494,#9496,#9498,#9500,#9502,#9507,#9509,#9515,#9521,#9524,#9526,#9535,#9571,#9573,#9579,#9581,#9583,#9585,#9587,#9589,#9591,#9602,#9604,#9607,#9609,#9611,#9618,#9624,#9626,#9628,#9632,#9633,#9635,#9639,#9640,#9645,#9646,#9651,#9656,#9662,#9666,#9682,#9683,#9685,#9687,#9689,#9691,#9696,#9698,#9704,#9710,#9713,#9715,#9724,#9760,#9762,#9764,#9766,#9768,#9770,#9772,#9774,#9776,#9778,#9780,#9782,#9788,#9794,#9800,#9811,#9813,#9816,#9818,#9820,#9827,#9833,#9835,#9837,#9841,#9843,#9849,#9850,#9855,#9859,#9863,#9864,#9869,#9873,#9875,#9877,#9881,#9885,#9895,#9901,#9907,#9919,#9921,#9925,#9926,#9929,#9931,#9934,#9942,#9947,#9948,#9950,#9957,#9965,#9997,#9999,#10001,#10003,#10005,#10007,#10009,#10011,#10013,#10015,#10017,#10019,#10025,#10031,#10037,#10048,#10050,#10053,#10055,#10057,#10064,#10070,#10072,#10074,#10078,#10080,#10086,#10087,#10092,#10096,#10100,#10101,#10106,#10110,#10112,#10114,#10118,#10122,#10132,#10138,#10144,#10156,#10158,#10162,#10163,#10166,#10168,#10171,#10179,#10184,#10185,#10187,#10194,#10202,#10234,#10236,#10238,#10240,#10242,#10244,#10246,#10248,#10250,#10252,#10254,#10256,#10262,#10268,#10274,#10285,#10287,#10290,#10292,#10294,#10301,#10307,#10309,#10311,#10315,#10317,#10323,#10324,#10329,#10333,#10337,#10338,#10343,#10347,#10349,#10351,#10355,#10359,#10369,#10375,#10381,#10393,#10395,#10399,#10400,#10403,#10405,#10408,#10416,#10421,#10422,#10424,#10431,#10439,#10468,#10471,#10473,#10477,#10480,#10486,#10489,#10495,#10498,#10504,#10507,#10516,#10518,#10520,#10522,#10534,#10536,#10538,#10540,#10552,#10554,#10556,#10558,#10570,#10572,#10574,#10576,#10588,#10590,#10592,#10594,#10606,#10608,#10610,#10612,#10618,#10620,#10624,#10630,#10634,#10640,#10644,#10645,#10647,#10649,#10651,#10653,#10655,#10657,#10660,#10662,#10665,#10667,#10670,#10672,#10675,#10677,#10680,#10682,#10685,#10687,#10689,#10691,#10693,#10695,#10697,#10699,#10703,#10709,#10713,#10719,#10723,#10729,#10733,#10737,#10743,#10771,#10772,#10774,#10776,#10778,#10781,#10783,#10785,#10787,#10831,#10920,#10922,#10930,#10936,#10946,#10950,#10956,#10958,#10962,#10966,#10968,#10976,#10982,#10992,#10996,#11004,#11006,#11014,#11020,#11030,#11034,#11042,#11044,#11052,#11058,#11068,#11072,#11080,#11082,#11090,#11096,#11106,#11110,#11118,#11119,#11121,#11123,#11127,#11129,#11131,#11133,#11135,#11139,#11143,#11144,#11146,#11151,#11163,#11164,#11167,#11173,#11175,#11191,#11193,#11197,#11199,#11203,#11205,#11207,#11209,#11211,#11218,#11220,#11224,#11228,#11233,#11260,#11262));
ENDSEC;
END-ISO-10303-21;
