ISO-10303-21;
HEADER;
FILE_DESCRIPTION (( 'STEP AP214' ),
    '1' );
FILE_NAME ('7B3D012A-BBEF-48F1-9D35-46DE45769AA7.STEP',
    '2026-07-10T09:49:46',
    ( '' ),
    ( '' ),
    'SwSTEP 2.0',
    'SolidWorks 2022',
    '' );
FILE_SCHEMA (( 'AUTOMOTIVE_DESIGN' ));
ENDSEC;

DATA;
#1 = CARTESIAN_POINT ( 'NONE',  ( -3.048689687284909855, -0.3743984045665565974, 2.593200000000003058 ) ) ;
#2 = CARTESIAN_POINT ( 'NONE',  ( -4.673234227476674718, -0.9559295199190744885, 2.593200000000003058 ) ) ;
#3 = ORIENTED_EDGE ( 'NONE', *, *, #4289, .F. ) ;
#4 = CARTESIAN_POINT ( 'NONE',  ( -4.797835063865440119, -1.428860895425527078, 1.552641559986888131 ) ) ;
#5 = CARTESIAN_POINT ( 'NONE',  ( -0.8332884910378899335, -1.456579081962651401, 1.526590114598171066 ) ) ;
#6 = UNCERTAINTY_MEASURE_WITH_UNIT (LENGTH_MEASURE( 1.000000000000000082E-05 ), #2145, 'distance_accuracy_value', 'NONE');
#7 = CARTESIAN_POINT ( 'NONE',  ( -14.12140046512274694, -1.734723475976807094E-15, 0.0000000000000000000 ) ) ;
#8 = DIRECTION ( 'NONE',  ( -1.000000000000000000, -0.0000000000000000000, -0.0000000000000000000 ) ) ;
#9 = VERTEX_POINT ( 'NONE', #5630 ) ;
#10 = DIRECTION ( 'NONE',  ( 0.0000000000000000000, 0.9998476951563912696, 0.01745240643728354982 ) ) ;
#11 = FACE_OUTER_BOUND ( 'NONE', #3578, .T. ) ;
#12 = CARTESIAN_POINT ( 'NONE',  ( -4.678733694539560339, -0.5396267150536920854, 2.593200000000003058 ) ) ;
#13 = DIRECTION ( 'NONE',  ( 1.000000000000000000, 0.0000000000000000000, 0.0000000000000000000 ) ) ;
#14 = EDGE_LOOP ( 'NONE', ( #5409, #2910, #4075, #160 ) ) ;
#15 = CARTESIAN_POINT ( 'NONE',  ( -1.738796490429361130, -1.248814037023710855, 0.0000000000000000000 ) ) ;
#16 = CARTESIAN_POINT ( 'NONE',  ( -5.463050338838908893, -1.280263428729601971, 0.0000000000000000000 ) ) ;
#17 = ORIENTED_EDGE ( 'NONE', *, *, #2760, .T. ) ;
#18 = CARTESIAN_POINT ( 'NONE',  ( -4.961733852625797248, -1.475170154467875694, 2.593200000000003058 ) ) ;
#19 = EDGE_CURVE ( 'NONE', #4184, #3676, #4860, .T. ) ;
#20 = CARTESIAN_POINT ( 'NONE',  ( -0.9763616475089843538, -0.3000898847359437793, 0.0000000000000000000 ) ) ;
#21 = SURFACE_STYLE_USAGE ( .BOTH. , #4734 ) ;
#22 = CARTESIAN_POINT ( 'NONE',  ( -1.035354676722677558, -0.4930774553329473342, 2.051578568576493122 ) ) ;
#23 = CARTESIAN_POINT ( 'NONE',  ( -4.954596959167623105, -1.578085663292407625, 0.0000000000000000000 ) ) ;
#24 = FACE_OUTER_BOUND ( 'NONE', #550, .T. ) ;
#25 = CARTESIAN_POINT ( 'NONE',  ( -5.227400895939190661, -0.7262133614547398031, 0.9464093874582623078 ) ) ;
#26 = CARTESIAN_POINT ( 'NONE',  ( -4.094926766863794754, -0.7167941299149209744, 1.991703347027969695 ) ) ;
#27 = EDGE_CURVE ( 'NONE', #2319, #1937, #3468, .T. ) ;
#28 = CARTESIAN_POINT ( 'NONE',  ( -2.413994603757061874, -1.397177548321496543, 0.01095839389077074046 ) ) ;
#29 = ORIENTED_EDGE ( 'NONE', *, *, #545, .T. ) ;
#30 = PLANE ( 'NONE',  #2072 ) ;
#31 = CARTESIAN_POINT ( 'NONE',  ( -0.6899497640109589769, -1.408855553649155823, 1.570940348298870415 ) ) ;
#32 = DIRECTION ( 'NONE',  ( -1.000000000000000000, 6.260656153901261667E-16, 0.0000000000000000000 ) ) ;
#33 = CARTESIAN_POINT ( 'NONE',  ( -4.813864939451824476, -0.3305730604374774173, 2.593200000000003058 ) ) ;
#34 = ORIENTED_EDGE ( 'NONE', *, *, #973, .T. ) ;
#35 = CARTESIAN_POINT ( 'NONE',  ( -1.738796490429361130, -1.084178223889362691, 0.0000000000000000000 ) ) ;
#36 = CARTESIAN_POINT ( 'NONE',  ( -3.483936109653454682, -0.8372245041878402239, 0.0000000000000000000 ) ) ;
#37 = CARTESIAN_POINT ( 'NONE',  ( -4.915158280316301642, -0.3667304266629929366, 2.593200000000003058 ) ) ;
#38 = DIRECTION ( 'NONE',  ( -0.01744974916068272111, -0.01744974916068272111, -0.9996954598818874604 ) ) ;
#39 = ORIENTED_EDGE ( 'NONE', *, *, #5510, .F. ) ;
#40 = CARTESIAN_POINT ( 'NONE',  ( 0.7142771252724282594, -0.4256349713519693712, 0.0000000000000000000 ) ) ;
#41 = CARTESIAN_POINT ( 'NONE',  ( -5.290394698256976724, -1.443356224398189891, 2.593200000000003058 ) ) ;
#42 = ORIENTED_EDGE ( 'NONE', *, *, #5056, .F. ) ;
#43 = CARTESIAN_POINT ( 'NONE',  ( -4.997248001385066196, -0.2853881665797409206, 1.396810827470687855 ) ) ;
#44 = CARTESIAN_POINT ( 'NONE',  ( -0.9458696568102548108, -0.3380667326782441084, 2.593200000000003058 ) ) ;
#45 = SURFACE_STYLE_FILL_AREA ( #2611 ) ;
#46 = B_SPLINE_CURVE_WITH_KNOTS ( 'NONE', 3,
 ( #5581, #4630, #3388, #742, #2480, #4209, #3001, #5520, #3849, #2057 ),
 .UNSPECIFIED., .F., .F.,
 ( 4, 2, 2, 2, 4 ),
 ( 8.455688063523671128E-07, 0.0001362271123169502777, 0.0002716086558275480900, 0.0004069901993381459023, 0.0005423717428487437146 ),
 .UNSPECIFIED. ) ;
#47 = CARTESIAN_POINT ( 'NONE',  ( -10.09140046512274580, -2.021446729073326217E-15, -1.150000000000001465 ) ) ;
#48 = CARTESIAN_POINT ( 'NONE',  ( -4.515379232129892451, -1.333902044527661035, 2.143779822451709159E-19 ) ) ;
#49 = CARTESIAN_POINT ( 'NONE',  ( -1.023832846578122568, -0.5442754158563004596, 0.0000000000000000000 ) ) ;
#50 = CARTESIAN_POINT ( 'NONE',  ( -0.7429744331980028260, -1.569911088869446303, -3.632736160938781104E-20 ) ) ;
#51 = CARTESIAN_POINT ( 'NONE',  ( -4.989838399082059617, -0.3729180270227315797, 2.076784087266051237 ) ) ;
#52 =( NAMED_UNIT ( * ) SI_UNIT ( $, .STERADIAN. ) SOLID_ANGLE_UNIT ( ) );
#53 = ORIENTED_EDGE ( 'NONE', *, *, #1219, .F. ) ;
#54 = EDGE_CURVE ( 'NONE', #2999, #4193, #5201, .T. ) ;
#55 = CARTESIAN_POINT ( 'NONE',  ( -0.04379578636243319778, -0.8544362567181343904, 1.929258583810246286 ) ) ;
#56 = CARTESIAN_POINT ( 'NONE',  ( -2.837688278012553411, -1.142043683702672618, 2.593200000000003058 ) ) ;
#57 = AXIS2_PLACEMENT_3D ( 'NONE', #1659, #2926, #739 ) ;
#58 = B_SPLINE_CURVE_WITH_KNOTS ( 'NONE', 3,
 ( #4007, #2169, #1390, #4826, #48, #452, #4399, #1826, #2199, #1793, #5262, #3561, #3926, #23 ),
 .UNSPECIFIED., .F., .F.,
 ( 4, 2, 2, 2, 2, 2, 4 ),
 ( 0.0000000000000000000, 8.343660476412918857E-05, 0.0001668732095282583771, 0.0003337464190565167543, 0.0005006196285847751585, 0.0005840562333489043335, 0.0006674928381130335086 ),
 .UNSPECIFIED. ) ;
#59 = AXIS2_PLACEMENT_3D ( 'NONE', #3364, #2487, #1202 ) ;
#60 = PRESENTATION_LAYER_ASSIGNMENT (  '', '', ( #4859 ) ) ;
#61 = EDGE_CURVE ( 'NONE', #4445, #3794, #1952, .T. ) ;
#62 = CARTESIAN_POINT ( 'NONE',  ( -5.238415381463528142, -1.319581754218946967, 0.0000000000000000000 ) ) ;
#63 = CARTESIAN_POINT ( 'NONE',  ( -4.741573507789349939, -0.3596383842382204765, 2.593200000000003058 ) ) ;
#64 = VECTOR ( 'NONE', #1786, 1000.000000000000000 ) ;
#65 = CARTESIAN_POINT ( 'NONE',  ( -5.492493029892501433, -1.117105386516232146, 0.0000000000000000000 ) ) ;
#66 = CARTESIAN_POINT ( 'NONE',  ( -1.216027137612481823, -0.9282097398647558562, 1.653388631237682871 ) ) ;
#67 = ORIENTED_EDGE ( 'NONE', *, *, #570, .F. ) ;
#68 = CARTESIAN_POINT ( 'NONE',  ( -1.015031497606347921, -0.5288611992831374620, -7.471130231984299497E-20 ) ) ;
#69 = CARTESIAN_POINT ( 'NONE',  ( -5.278531974285292527, -0.6009432712299509483, 0.9464089917804390240 ) ) ;
#70 = ORIENTED_EDGE ( 'NONE', *, *, #1163, .F. ) ;
#71 = DIRECTION ( 'NONE',  ( -1.000000000000000000, 0.0000000000000000000, 0.0000000000000000000 ) ) ;
#72 = CARTESIAN_POINT ( 'NONE',  ( -0.9589262945608396649, -0.2946821388026402144, 0.0000000000000000000 ) ) ;
#73 = COLOUR_RGB ( '',0.0000000000000000000, 0.0000000000000000000, 0.0000000000000000000 ) ;
#74 = CARTESIAN_POINT ( 'NONE',  ( -0.6760941976847081314, -1.501723549848763550, 2.593200000000003058 ) ) ;
#75 = FACE_OUTER_BOUND ( 'NONE', #4290, .T. ) ;
#76 = LINE ( 'NONE', #2747, #2969 ) ;
#77 = CARTESIAN_POINT ( 'NONE',  ( -14.12140046512274694, -1.734723475976807094E-15, 0.0000000000000000000 ) ) ;
#78 = LINE ( 'NONE', #3640, #514 ) ;
#79 = AXIS2_PLACEMENT_3D ( 'NONE', #4491, #1891, #4893 ) ;
#80 = CARTESIAN_POINT ( 'NONE',  ( -4.795917023692397585, -1.008255298265791300, 1.506467487139928174 ) ) ;
#81 = ORIENTED_EDGE ( 'NONE', *, *, #4328, .T. ) ;
#82 = DIRECTION ( 'NONE',  ( -1.000000000000000000, -0.0000000000000000000, -0.0000000000000000000 ) ) ;
#83 = CARTESIAN_POINT ( 'NONE',  ( -2.894555920171763219, -1.189343679332259818, 2.593200000000003058 ) ) ;
#84 = EDGE_CURVE ( 'NONE', #466, #409, #1687, .T. ) ;
#85 = SURFACE_STYLE_USAGE ( .BOTH. , #1857 ) ;
#86 = B_SPLINE_SURFACE_WITH_KNOTS ( 'NONE', 1, 3, ( 
 ( #699, #1125, #2855, #2441, #4170, #4487, #592, #5320, #3648, #1050, #1426, #3788 ),
 ( #771, #3333, #339, #5553, #5067, #1285, #5206, #1, #2140, #3868, #5605, #913 ) ),
 .UNSPECIFIED., .F., .F., .F.,
 ( 2, 2 ),
 ( 4, 2, 2, 2, 2, 4 ),
 ( 0.0000000000000000000, 1.000000000000000000 ),
 ( 0.0000000000000000000, 0.1250000000000000000, 0.2500000000000000000, 0.5000000000000000000, 0.7500000000000000000, 1.000000000000000000 ),
 .UNSPECIFIED. ) ;
#87 = CARTESIAN_POINT ( 'NONE',  ( -5.058355432692615672, -1.466845380592608716, 2.593200000000003058 ) ) ;
#88 = CARTESIAN_POINT ( 'NONE',  ( -4.568319620602553144, -0.6138704193706920886, 2.593200000000003058 ) ) ;
#89 = EDGE_CURVE ( 'NONE', #2384, #5190, #3163, .T. ) ;
#90 = SURFACE_STYLE_FILL_AREA ( #1029 ) ;
#91 = CARTESIAN_POINT ( 'NONE',  ( -0.8395463082128753474, -1.430151488002369353, 0.0000000000000000000 ) ) ;
#92 = VERTEX_POINT ( 'NONE', #3978 ) ;
#93 = FACE_OUTER_BOUND ( 'NONE', #384, .T. ) ;
#94 = CARTESIAN_POINT ( 'NONE',  ( -5.457098763421223353, -1.295843772685762119, 0.0000000000000000000 ) ) ;
#95 = VERTEX_POINT ( 'NONE', #877 ) ;
#96 = CARTESIAN_POINT ( 'NONE',  ( -4.758088338776545356, -1.427687069579133050, 2.593200000000003058 ) ) ;
#97 = CARTESIAN_POINT ( 'NONE',  ( -5.332125436082772119, -1.189700138398040341, 1.743325225255378363 ) ) ;
#98 = CARTESIAN_POINT ( 'NONE',  ( -0.6104677580460832198, -1.512807275374129956, 0.0000000000000000000 ) ) ;
#99 = CARTESIAN_POINT ( 'NONE',  ( -4.518135913634939271, -1.196739701748104956, 1.713657329761393955 ) ) ;
#100 = CARTESIAN_POINT ( 'NONE',  ( -0.04494818514666132359, -0.7053656238162476777, 1.995279465941937724 ) ) ;
#101 = CARTESIAN_POINT ( 'NONE',  ( -1.574160677295012745, -1.561622081978972565, 0.0000000000000000000 ) ) ;
#102 = CARTESIAN_POINT ( 'NONE',  ( -0.6900673125759387849, -1.556846778121951047, -3.632736160938781104E-20 ) ) ;
#103 = DIRECTION ( 'NONE',  ( -1.000000000000000000, 0.0000000000000000000, -0.0000000000000000000 ) ) ;
#104 =( BOUNDED_CURVE ( )  B_SPLINE_CURVE ( 3, ( #1803, #1317, #2622, #2260 ),
 .UNSPECIFIED., .F., .F. ) 
 B_SPLINE_CURVE_WITH_KNOTS ( ( 4, 4 ),
 ( 5.467579346576487254, 5.667392172210647061 ),
 .UNSPECIFIED. ) 
 CURVE ( )  GEOMETRIC_REPRESENTATION_ITEM ( )  RATIONAL_B_SPLINE_CURVE ( ( 1.000000000000000000, 0.9966756693658901378, 0.9966756693658901378, 1.000000000000000000 ) ) 
 REPRESENTATION_ITEM ( '' )  );
#105 = SURFACE_STYLE_FILL_AREA ( #5233 ) ;
#106 = CARTESIAN_POINT ( 'NONE',  ( -4.625430745860766635, -0.9915312879322235595, 2.593200000000003058 ) ) ;
#107 = ORIENTED_EDGE ( 'NONE', *, *, #2704, .T. ) ;
#108 = CARTESIAN_POINT ( 'NONE',  ( -3.024587089600756062, -1.373529929797904225, 0.0000000000000000000 ) ) ;
#109 = CARTESIAN_POINT ( 'NONE',  ( -3.026271455350148187, -0.5080472272311414850, 0.0000000000000000000 ) ) ;
#110 = CARTESIAN_POINT ( 'NONE',  ( -2.696045623209085029, -0.4586863995696168761, 0.0000000000000000000 ) ) ;
#111 = EDGE_CURVE ( 'NONE', #255, #2176, #58, .T. ) ;
#112 = FACE_OUTER_BOUND ( 'NONE', #2858, .T. ) ;
#113 = CARTESIAN_POINT ( 'NONE',  ( -0.8353817815312554185, -1.429992783648452503, 0.0000000000000000000 ) ) ;
#114 = VERTEX_POINT ( 'NONE', #1335 ) ;
#115 = CARTESIAN_POINT ( 'NONE',  ( -3.059451705214342621, -1.372494933308820553, 1.602958258591980600 ) ) ;
#116 = CARTESIAN_POINT ( 'NONE',  ( -3.210975531692725760, -1.456008176984114888, 1.527134633407144504 ) ) ;
#117 = EDGE_CURVE ( 'NONE', #3660, #2999, #4132, .T. ) ;
#118 = ORIENTED_EDGE ( 'NONE', *, *, #2802, .T. ) ;
#119 = EDGE_CURVE ( 'NONE', #1349, #9, #2961, .T. ) ;
#120 = CARTESIAN_POINT ( 'NONE',  ( -4.671515513743647929, -1.240235772126566882, 0.0000000000000000000 ) ) ;
#121 = CARTESIAN_POINT ( 'NONE',  ( -4.515379232129892451, -1.333902044527661035, 0.0000000000000000000 ) ) ;
#122 = EDGE_LOOP ( 'NONE', ( #5011, #1295, #5373, #2272 ) ) ;
#123 = CARTESIAN_POINT ( 'NONE',  ( -5.226370311333060847, -0.4298812301441201633, 2.593200000000003058 ) ) ;
#124 = CARTESIAN_POINT ( 'NONE',  ( -2.941605236654579514, -1.082595745433018619, 0.0000000000000000000 ) ) ;
#125 = LINE ( 'NONE', #3609, #2263 ) ;
#126 = EDGE_CURVE ( 'NONE', #4180, #466, #650, .T. ) ;
#127 = CARTESIAN_POINT ( 'NONE',  ( -0.5693950732125613312, -1.476961729250868771, -3.632736160938781104E-20 ) ) ;
#128 = CARTESIAN_POINT ( 'NONE',  ( -0.1912198469664873057, -1.561622081978972565, 0.0000000000000000000 ) ) ;
#129 = CARTESIAN_POINT ( 'NONE',  ( -0.1908288284781388400, -0.2778537580194044287, 0.02240143419440111805 ) ) ;
#130 = CARTESIAN_POINT ( 'NONE',  ( -3.233207500841123405, -1.541658424872735189, 1.143717149625929297 ) ) ;
#131 = FACE_OUTER_BOUND ( 'NONE', #3707, .T. ) ;
#132 = ORIENTED_EDGE ( 'NONE', *, *, #541, .F. ) ;
#133 = LINE ( 'NONE', #510, #4500 ) ;
#134 = CARTESIAN_POINT ( 'NONE',  ( -3.253480868233432410, -1.542251390493127650, 0.0000000000000000000 ) ) ;
#135 = CARTESIAN_POINT ( 'NONE',  ( -2.651058157645641788, -0.4339467052142446102, 2.593200000000003058 ) ) ;
#136 = COLOUR_RGB ( '',0.7803921568627451011, 0.7607843137254901578, 0.7411764705882353255 ) ;
#137 = CARTESIAN_POINT ( 'NONE',  ( -17.07237392568151790, -2.123270045287784227E-15, 0.0000000000000000000 ) ) ;
#138 = CARTESIAN_POINT ( 'NONE',  ( -0.7815372614749925839, -1.424104139522909263, 0.0000000000000000000 ) ) ;
#139 = ORIENTED_EDGE ( 'NONE', *, *, #5240, .F. ) ;
#140 = SURFACE_STYLE_FILL_AREA ( #3654 ) ;
#141 = DIRECTION ( 'NONE',  ( -0.0000000000000000000, -0.0000000000000000000, -1.000000000000000000 ) ) ;
#142 = ORIENTED_EDGE ( 'NONE', *, *, #4046, .T. ) ;
#143 =( GEOMETRIC_REPRESENTATION_CONTEXT ( 3 ) GLOBAL_UNCERTAINTY_ASSIGNED_CONTEXT ( ( #394 ) ) GLOBAL_UNIT_ASSIGNED_CONTEXT ( ( #788, #3800, #2020 ) ) REPRESENTATION_CONTEXT ( 'NONE', 'WORKASPACE' ) );
#144 = CARTESIAN_POINT ( 'NONE',  ( -4.528897263595371925, -1.293799723467558449, 1.667729024673810345 ) ) ;
#145 = CARTESIAN_POINT ( 'NONE',  ( -4.670054703872180468, -1.223012331182208312, -7.684581296706453857E-20 ) ) ;
#146 = ADVANCED_FACE ( 'NONE', ( #4928 ), #2641, .T. ) ;
#147 = AXIS2_PLACEMENT_3D ( 'NONE', #1550, #687, #3736 ) ;
#148 = ORIENTED_EDGE ( 'NONE', *, *, #1452, .F. ) ;
#149 = CARTESIAN_POINT ( 'NONE',  ( -5.151305129927633786, -0.3880330172611842765, 2.593200000000003058 ) ) ;
#150 = CARTESIAN_POINT ( 'NONE',  ( -2.761960845239494589, -0.9885679663355715352, 2.593200000000003058 ) ) ;
#151 = CARTESIAN_POINT ( 'NONE',  ( -2.860447734432603362, -0.4263559670007995850, 1.027451534519531468E-19 ) ) ;
#152 = CARTESIAN_POINT ( 'NONE',  ( -5.396832834576167137, -0.5873224298516449560, 2.593200000000003058 ) ) ;
#153 = STYLED_ITEM ( 'NONE', ( #4342 ), #4568 ) ;
#154 = STYLED_ITEM ( 'NONE', ( #2532 ), #2963 ) ;
#155 = CARTESIAN_POINT ( 'NONE',  ( -1.098905770338134191, -1.437643529224957861, 1.544435522361685686 ) ) ;
#156 = DIRECTION ( 'NONE',  ( -1.000000000000000000, 0.0000000000000000000, 0.0000000000000000000 ) ) ;
#157 = EDGE_CURVE ( 'NONE', #185, #3692, #4528, .T. ) ;
#158 = CARTESIAN_POINT ( 'NONE',  ( -1.167489428747836122, -1.376120415897906124, 0.0000000000000000000 ) ) ;
#159 = CARTESIAN_POINT ( 'NONE',  ( -0.6123698146200506898, -0.5077668970488989908, 2.593200000000003058 ) ) ;
#160 = ORIENTED_EDGE ( 'NONE', *, *, #784, .F. ) ;
#161 = ORIENTED_EDGE ( 'NONE', *, *, #5439, .T. ) ;
#162 = CARTESIAN_POINT ( 'NONE',  ( -3.093698475892701527, -1.390709212706624287, 2.593200000000003058 ) ) ;
#163 = CARTESIAN_POINT ( 'NONE',  ( -2.461138049389639537, -0.6318047532813454437, 1.768131060740877558 ) ) ;
#164 = VECTOR ( 'NONE', #3231, 1000.000000000000000 ) ;
#165 = CARTESIAN_POINT ( 'NONE',  ( -2.972028641353182898, -0.4094268303936343667, 2.593200000000003058 ) ) ;
#166 = CARTESIAN_POINT ( 'NONE',  ( -2.677662671863158206, -0.4706043926963392465, 0.0000000000000000000 ) ) ;
#167 = CARTESIAN_POINT ( 'NONE',  ( -3.165616509060118933, -1.305033910331311553, 0.0000000000000000000 ) ) ;
#168 = FACE_OUTER_BOUND ( 'NONE', #208, .T. ) ;
#169 = ORIENTED_EDGE ( 'NONE', *, *, #937, .F. ) ;
#170 = CARTESIAN_POINT ( 'NONE',  ( -5.408007644500536948, -0.7555727794790444429, 1.465529562548776761E-19 ) ) ;
#171 = CARTESIAN_POINT ( 'NONE',  ( -14.12140046512274516, -0.5000000000000022204, 6.123233995736774664E-17 ) ) ;
#172 = VERTEX_POINT ( 'NONE', #3716 ) ;
#173 = CARTESIAN_POINT ( 'NONE',  ( -5.261558410156727206, -0.6113303369225601136, 2.719045378242563815E-20 ) ) ;
#174 = CARTESIAN_POINT ( 'NONE',  ( -4.898542393603192657, -1.576577686494282649, 0.0000000000000000000 ) ) ;
#175 = ORIENTED_EDGE ( 'NONE', *, *, #5541, .F. ) ;
#176 = CARTESIAN_POINT ( 'NONE',  ( -5.210953782437403703, -0.4180285946592892099, 2.593200000000003058 ) ) ;
#177 = CARTESIAN_POINT ( 'NONE',  ( -2.595198411492678936, -0.6456148955363255615, 0.0000000000000000000 ) ) ;
#178 = EDGE_CURVE ( 'NONE', #192, #5308, #1592, .T. ) ;
#179 = CARTESIAN_POINT ( 'NONE',  ( -2.585153970493696995, -0.9730654277600165880, 0.0000000000000000000 ) ) ;
#180 = CARTESIAN_POINT ( 'NONE',  ( -4.837898387362941754, -0.9731341319942675705, 2.593200000000003058 ) ) ;
#181 = CARTESIAN_POINT ( 'NONE',  ( -5.463050338838908893, -1.280263428729601971, 2.148347352056795812E-19 ) ) ;
#182 = CARTESIAN_POINT ( 'NONE',  ( -1.107291852043585711, -1.393139356414610841, 2.593200000000003058 ) ) ;
#183 = CARTESIAN_POINT ( 'NONE',  ( -4.710987404420391655, -0.8866152481281446285, 0.0000000000000000000 ) ) ;
#184 = CARTESIAN_POINT ( 'NONE',  ( -0.5410552446606377019, -0.9316758208948858755, 2.593200000000003058 ) ) ;
#185 = VERTEX_POINT ( 'NONE', #3258 ) ;
#186 = EDGE_CURVE ( 'NONE', #1565, #185, #4986, .T. ) ;
#187 = CARTESIAN_POINT ( 'NONE',  ( -2.775697208338486544, -0.2787525771386565321, 0.0000000000000000000 ) ) ;
#188 = CARTESIAN_POINT ( 'NONE',  ( -2.444632733254873624, -0.6318790777507040657, 0.8227999850663664239 ) ) ;
#189 = CARTESIAN_POINT ( 'NONE',  ( -0.8343275416795532529, -0.4256147489676603834, 0.0000000000000000000 ) ) ;
#190 = CARTESIAN_POINT ( 'NONE',  ( -2.695220869166436550, -0.4072701473141958628, 2.593200000000003058 ) ) ;
#191 = B_SPLINE_CURVE_WITH_KNOTS ( 'NONE', 3,
 ( #4998, #323, #2589, #4117, #5539, #2948, #215, #5141, #794, #389, #1249, #356 ),
 .UNSPECIFIED., .F., .F.,
 ( 4, 2, 2, 2, 2, 4 ),
 ( 9.044169253341962776E-07, 0.0001463210116513674088, 0.0002917376063774006320, 0.0004371542011034338011, 0.0005098624984664500061, 0.0005825707958294660486 ),
 .UNSPECIFIED. ) ;
#192 = VERTEX_POINT ( 'NONE', #5499 ) ;
#193 = DIRECTION ( 'NONE',  ( -1.000000000000000000, 0.0000000000000000000, 0.0000000000000000000 ) ) ;
#194 =( NAMED_UNIT ( * ) PLANE_ANGLE_UNIT ( ) SI_UNIT ( $, .RADIAN. ) );
#195 = ORIENTED_EDGE ( 'NONE', *, *, #1067, .T. ) ;
#196 = CARTESIAN_POINT ( 'NONE',  ( -0.7970320514343113283, -0.2785283069549473467, -5.733611658969716177E-20 ) ) ;
#197 = CARTESIAN_POINT ( 'NONE',  ( -4.955698750711549749, -1.532834600370593714, 2.593200000000003058 ) ) ;
#198 = CARTESIAN_POINT ( 'NONE',  ( -3.234006447093952907, -0.6143088067257347351, -1.789160090686218391E-20 ) ) ;
#199 = EDGE_LOOP ( 'NONE', ( #4521, #2744, #1756, #1676 ) ) ;
#200 = CARTESIAN_POINT ( 'NONE',  ( -5.307314778150027834, -0.6019564679319419076, 2.593200000000003058 ) ) ;
#201 = DIRECTION ( 'NONE',  ( 0.0000000000000000000, -1.000000000000000000, 0.0000000000000000000 ) ) ;
#202 = CARTESIAN_POINT ( 'NONE',  ( -2.703453953180086966, -1.087254512122281858, 0.0000000000000000000 ) ) ;
#203 = CARTESIAN_POINT ( 'NONE',  ( -5.473152928181165500, -1.248541417237588380, 2.148347352056795812E-19 ) ) ;
#204 = CARTESIAN_POINT ( 'NONE',  ( -1.243562240502908089, -1.019707276613365021, 1.783248038321555445E-19 ) ) ;
#205 = ADVANCED_FACE ( 'NONE', ( #3365 ), #1737, .T. ) ;
#206 = SURFACE_STYLE_USAGE ( .BOTH. , #1100 ) ;
#207 = CARTESIAN_POINT ( 'NONE',  ( -0.5863457984889230978, -0.9277742014117316138, 0.0000000000000000000 ) ) ;
#208 = EDGE_LOOP ( 'NONE', ( #5559, #2315, #4021, #294, #3703, #5124, #1746, #3679, #1555, #5550, #2554, #1087 ) ) ;
#209 = ORIENTED_EDGE ( 'NONE', *, *, #3915, .T. ) ;
#210 = CARTESIAN_POINT ( 'NONE',  ( -0.8871981623794639171, -1.576091342799820438, 0.0000000000000000000 ) ) ;
#211 = CARTESIAN_POINT ( 'NONE',  ( -2.630697291934569026, -0.3120094666433196329, 2.199675876008892974E-19 ) ) ;
#212 = ADVANCED_FACE ( 'NONE', ( #4611 ), #1668, .T. ) ;
#213 = CARTESIAN_POINT ( 'NONE',  ( -0.9869052636637999365, -0.4290913232971423907, 2.593200000000003058 ) ) ;
#214 = CARTESIAN_POINT ( 'NONE',  ( -2.830193679529020567, -0.3803282312857407810, 2.593200000000003058 ) ) ;
#215 = CARTESIAN_POINT ( 'NONE',  ( -5.350547942786869626, -0.4335690257292391103, 2.065433022847695366 ) ) ;
#216 = EDGE_CURVE ( 'NONE', #3692, #172, #4246, .T. ) ;
#217 = VECTOR ( 'NONE', #3249, 1000.000000000000000 ) ;
#218 = VERTEX_POINT ( 'NONE', #2488 ) ;
#219 = CARTESIAN_POINT ( 'NONE',  ( -5.438014217465658717, -0.6716540210635162378, 0.0000000000000000000 ) ) ;
#220 = CARTESIAN_POINT ( 'NONE',  ( -5.388947666500577327, -0.7156600284737957285, 1.985103803255013455 ) ) ;
#221 = CARTESIAN_POINT ( 'NONE',  ( -4.569933098276995231, -1.380464659662138605, 1.596732647504924607 ) ) ;
#222 =( GEOMETRIC_REPRESENTATION_CONTEXT ( 3 ) GLOBAL_UNCERTAINTY_ASSIGNED_CONTEXT ( ( #3651 ) ) GLOBAL_UNIT_ASSIGNED_CONTEXT ( ( #3318, #5051, #3723 ) ) REPRESENTATION_CONTEXT ( 'NONE', 'WORKASPACE' ) );
#223 = CARTESIAN_POINT ( 'NONE',  ( -5.238554974291097288, -0.8612658306512901429, 1.866593869258992511 ) ) ;
#224 = SURFACE_STYLE_FILL_AREA ( #2767 ) ;
#225 = EDGE_LOOP ( 'NONE', ( #680, #2540, #1585, #1047 ) ) ;
#226 = CARTESIAN_POINT ( 'NONE',  ( -5.176939732720991394, -0.3985625329871142486, 2.593200000000003058 ) ) ;
#227 = CARTESIAN_POINT ( 'NONE',  ( -0.5662676127919249458, -0.9277749535133742453, 1.150254332770777044 ) ) ;
#228 = EDGE_LOOP ( 'NONE', ( #2348, #4651, #5536, #3005 ) ) ;
#229 = CARTESIAN_POINT ( 'NONE',  ( -4.674231084134562231, -0.6073783664505986168, 1.849501110925949821 ) ) ;
#230 =( GEOMETRIC_REPRESENTATION_CONTEXT ( 3 ) GLOBAL_UNCERTAINTY_ASSIGNED_CONTEXT ( ( #3989 ) ) GLOBAL_UNIT_ASSIGNED_CONTEXT ( ( #4542, #5302, #2794 ) ) REPRESENTATION_CONTEXT ( 'NONE', 'WORKASPACE' ) );
#231 = DIRECTION ( 'NONE',  ( -1.000000000000000000, 0.0000000000000000000, 0.0000000000000000000 ) ) ;
#232 = VECTOR ( 'NONE', #1292, 1000.000000000000000 ) ;
#233 = FACE_OUTER_BOUND ( 'NONE', #1323, .T. ) ;
#234 = CARTESIAN_POINT ( 'NONE',  ( -0.5410687546240124934, -0.9295791182947303888, 2.593200000000003058 ) ) ;
#235 = ORIENTED_EDGE ( 'NONE', *, *, #178, .T. ) ;
#236 = STYLED_ITEM ( 'NONE', ( #1142 ), #4745 ) ;
#237 = VERTEX_POINT ( 'NONE', #5071 ) ;
#238 = CARTESIAN_POINT ( 'NONE',  ( -0.9402674180130812243, -1.566838423654926205, 0.0000000000000000000 ) ) ;
#239 = CARTESIAN_POINT ( 'NONE',  ( -0.9338938850243355683, -0.3982966898725844862, 2.593200000000003058 ) ) ;
#240 =( BOUNDED_CURVE ( )  B_SPLINE_CURVE ( 3, ( #1491, #3172, #5332, #4926 ),
 .UNSPECIFIED., .F., .F. ) 
 B_SPLINE_CURVE_WITH_KNOTS ( ( 4, 4 ),
 ( 5.823611618544253687, 5.866265434321131345 ),
 .UNSPECIFIED. ) 
 CURVE ( )  GEOMETRIC_REPRESENTATION_ITEM ( )  RATIONAL_B_SPLINE_CURVE ( ( 1.000000000000000000, 0.9998483934131270345, 0.9998483934131270345, 1.000000000000000000 ) ) 
 REPRESENTATION_ITEM ( '' )  );
#241 = CARTESIAN_POINT ( 'NONE',  ( -0.5272772128605519582, -0.5083541093500952845, 2.048110467791337541 ) ) ;
#242 = CARTESIAN_POINT ( 'NONE',  ( -4.990096556374717274, -0.4091713900385345881, 0.0000000000000000000 ) ) ;
#243 = AXIS2_PLACEMENT_3D ( 'NONE', #65, #3054, #1353 ) ;
#244 = EDGE_CURVE ( 'NONE', #4164, #409, #2102, .T. ) ;
#245 = EDGE_LOOP ( 'NONE', ( #352, #3420, #628, #3347, #3315 ) ) ;
#246 = CARTESIAN_POINT ( 'NONE',  ( -2.992388305889658540, -0.4748534838634407285, 1.027451534519531468E-19 ) ) ;
#247 = CARTESIAN_POINT ( 'NONE',  ( -5.258262514952721567, -0.8362044984027776628, 2.593200000000003058 ) ) ;
#248 = CARTESIAN_POINT ( 'NONE',  ( -2.671876702474879295, -0.4750614539241188594, 1.435983751217075051E-19 ) ) ;
#249 = ORIENTED_EDGE ( 'NONE', *, *, #824, .T. ) ;
#250 = EDGE_CURVE ( 'NONE', #2833, #2728, #1836, .T. ) ;
#251 = CARTESIAN_POINT ( 'NONE',  ( -17.07237392568151790, -2.123270045287784227E-15, 0.0000000000000000000 ) ) ;
#252 = CARTESIAN_POINT ( 'NONE',  ( -4.704379714758882614, -0.6225661929267545247, 4.762539561707135955E-20 ) ) ;
#253 = CARTESIAN_POINT ( 'NONE',  ( -5.010552826000555626, -0.7977674442236764030, -1.489991402804790564E-19 ) ) ;
#254 = CARTESIAN_POINT ( 'NONE',  ( -5.261558410156727206, -0.6113303369225601136, 0.0000000000000000000 ) ) ;
#255 = VERTEX_POINT ( 'NONE', #2099 ) ;
#256 = CARTESIAN_POINT ( 'NONE',  ( -2.585153970493696995, -0.9730654277600165880, 1.784069190337640891E-19 ) ) ;
#257 = CARTESIAN_POINT ( 'NONE',  ( -0.7970320514343113283, -0.2785283069549473467, 0.0000000000000000000 ) ) ;
#258 = VERTEX_POINT ( 'NONE', #5558 ) ;
#259 = CARTESIAN_POINT ( 'NONE',  ( -2.432933141630384544, -0.6868096550259903399, 0.0000000000000000000 ) ) ;
#260 = CARTESIAN_POINT ( 'NONE',  ( -2.590960939519268980, -0.6334871171802705092, 0.2257564891300783694 ) ) ;
#261 = CARTESIAN_POINT ( 'NONE',  ( -0.5876059959800578048, -1.032080770798492697, 0.0000000000000000000 ) ) ;
#262 = PRODUCT ( '7B3D012A-BBEF-48F1-9D35-46DE45769AA7', '7B3D012A-BBEF-48F1-9D35-46DE45769AA7', '', ( #3901 ) ) ;
#263 = CARTESIAN_POINT ( 'NONE',  ( -1.176619036073775160, -1.355019497635271852, 1.783248038321555445E-19 ) ) ;
#264 = SURFACE_STYLE_USAGE ( .BOTH. , #2915 ) ;
#265 = CARTESIAN_POINT ( 'NONE',  ( -4.671701362287389969, -0.6043745207920276918, 2.021591313450228355 ) ) ;
#266 = ORIENTED_EDGE ( 'NONE', *, *, #3504, .F. ) ;
#267 = CARTESIAN_POINT ( 'NONE',  ( -0.8332995181904455650, -1.578085663292407403, 0.0000000000000000000 ) ) ;
#268 = CARTESIAN_POINT ( 'NONE',  ( -0.8347546723214673836, -0.3803459565507042450, 2.593200000000003058 ) ) ;
#269 = CARTESIAN_POINT ( 'NONE',  ( -5.253513857389673802, -0.8902166565404584508, 0.0000000000000000000 ) ) ;
#270 = CARTESIAN_POINT ( 'NONE',  ( -4.241260850071457256, -0.2774627395310562128, 0.0000000000000000000 ) ) ;
#271 = ORIENTED_EDGE ( 'NONE', *, *, #4709, .T. ) ;
#272 = CARTESIAN_POINT ( 'NONE',  ( -3.236210659577863691, -1.447405986617018359, 0.0000000000000000000 ) ) ;
#273 = CARTESIAN_POINT ( 'NONE',  ( -5.245318252702618089, -0.7487113563355347612, 2.593200000000003058 ) ) ;
#274 = DIRECTION ( 'NONE',  ( -1.000000000000000000, 0.0000000000000000000, 0.0000000000000000000 ) ) ;
#275 = ORIENTED_EDGE ( 'NONE', *, *, #4504, .T. ) ;
#276 = CARTESIAN_POINT ( 'NONE',  ( -17.07237392568151790, -2.123270045287784227E-15, 0.0000000000000000000 ) ) ;
#277 = CARTESIAN_POINT ( 'NONE',  ( -3.205751690826402989, -1.373876280494437996, 1.107397396157585897E-19 ) ) ;
#278 = FILL_AREA_STYLE_COLOUR ( '', #1806 ) ;
#279 = B_SPLINE_CURVE_WITH_KNOTS ( 'NONE', 3,
 ( #3831, #381, #3861, #3173, #1927, #1493, #4169, #3182, #1955, #1073 ),
 .UNSPECIFIED., .F., .F.,
 ( 4, 3, 3, 4 ),
 ( 0.0001419587296828174765, 0.0004145526770467458134, 0.001287941136138106993, 0.002161329595231584536 ),
 .UNSPECIFIED. ) ;
#280 = CARTESIAN_POINT ( 'NONE',  ( -0.8333657959394225045, -0.2870849606757301942, 0.5511295549349686240 ) ) ;
#281 = ADVANCED_FACE ( 'NONE', ( #5130 ), #3601, .T. ) ;
#282 = CARTESIAN_POINT ( 'NONE',  ( -5.307285626807086487, -0.6013422906598263618, 2.593200000000003058 ) ) ;
#283 = ORIENTED_EDGE ( 'NONE', *, *, #888, .T. ) ;
#284 = DIRECTION ( 'NONE',  ( 0.8825855050550603931, 0.0000000000000000000, -0.4701519182846158884 ) ) ;
#285 = SURFACE_SIDE_STYLE ('',( #2129 ) ) ;
#286 = ORIENTED_EDGE ( 'NONE', *, *, #5180, .T. ) ;
#287 = CARTESIAN_POINT ( 'NONE',  ( -2.552483608643885127, -0.8626780777945172174, 2.593200000000003058 ) ) ;
#288 = CARTESIAN_POINT ( 'NONE',  ( -7.320840341273962437, -1.870992804663429286E-15, -2.060000000000002274 ) ) ;
#289 = CARTESIAN_POINT ( 'NONE',  ( -2.298541171840717823, -1.084184043864957703, 0.0009786984750723857953 ) ) ;
#290 = CARTESIAN_POINT ( 'NONE',  ( -0.8976291403338180208, -1.420325772176055379, 0.0000000000000000000 ) ) ;
#291 = EDGE_CURVE ( 'NONE', #1436, #4577, #4789, .T. ) ;
#292 =( NAMED_UNIT ( * ) PLANE_ANGLE_UNIT ( ) SI_UNIT ( $, .RADIAN. ) );
#293 = CARTESIAN_POINT ( 'NONE',  ( -2.267522193172625489, -1.137128408303857308, 1.778054796195453591 ) ) ;
#294 = ORIENTED_EDGE ( 'NONE', *, *, #2791, .T. ) ;
#295 = CARTESIAN_POINT ( 'NONE',  ( -2.610807913784531475, -0.3742109705449366830, 2.593200000000003058 ) ) ;
#296 = FILL_AREA_STYLE_COLOUR ( '', #2954 ) ;
#297 = B_SPLINE_SURFACE_WITH_KNOTS ( 'NONE', 1, 3, ( 
 ( #5595, #2914, #4279, #1642, #3799, #4197, #1278, #2105, #2134, #1208, #3769, #4640, #4311, #413, #290, #5533, #3369, #5106, #3745, #2942, #5481, #3012 ),
 ( #2468, #350, #2042, #5078, #5506, #1707, #5136, #2523, #819, #5563, #4665, #3312, #5044, #4616, #730, #1239, #2979, #3343, #785, #4251, #3438, #4702 ) ),
 .UNSPECIFIED., .F., .F., .F.,
 ( 2, 2 ),
 ( 4, 3, 2, 2, 2, 2, 2, 2, 3, 4 ),
 ( 0.0000000000000000000, 1.000000000000000000 ),
 ( -0.01000000000000000021, 0.0000000000000000000, 0.2500000000000000000, 0.5000000000000000000, 0.6250000000000000000, 0.7500000000000000000, 0.8750000000000000000, 0.9375000000000000000, 1.000000000000000000, 1.010000000000000009 ),
 .UNSPECIFIED. ) ;
#298 = CARTESIAN_POINT ( 'NONE',  ( -1.053545108557917942, -0.5050706059947596138, 2.593200000000003058 ) ) ;
#299 = CARTESIAN_POINT ( 'NONE',  ( -5.132584718092171983, -0.8084332840932034747, 2.593200000000003058 ) ) ;
#300 = CARTESIAN_POINT ( 'NONE',  ( -3.104067068383594030, -0.6188942596908738603, 1.941543825900666986 ) ) ;
#301 = CARTESIAN_POINT ( 'NONE',  ( -2.619170755619036228, -0.5352629607638814679, 1.435983751217075051E-19 ) ) ;
#302 = ORIENTED_EDGE ( 'NONE', *, *, #4943, .F. ) ;
#303 = CARTESIAN_POINT ( 'NONE',  ( -3.057665725205641838, -1.404873579335809142, 0.4518637154098710251 ) ) ;
#304 = CARTESIAN_POINT ( 'NONE',  ( -5.241848971132456292, -0.8676436581553481631, 1.455425403630552506 ) ) ;
#305 = CARTESIAN_POINT ( 'NONE',  ( -0.8332939792928176770, -1.443308114611997039, 0.7668363633288597381 ) ) ;
#306 = CARTESIAN_POINT ( 'NONE',  ( -0.9008860768130108054, -0.4347598687562038711, 4.230571947171311365E-20 ) ) ;
#307 = ORIENTED_EDGE ( 'NONE', *, *, #4018, .F. ) ;
#308 = CARTESIAN_POINT ( 'NONE',  ( -1.865269579452393911, -0.7287653111312520915, 1.992179365392760859 ) ) ;
#309 = CARTESIAN_POINT ( 'NONE',  ( -0.6902098565810255160, -0.2999109975640775194, 0.0000000000000000000 ) ) ;
#310 = ORIENTED_EDGE ( 'NONE', *, *, #3259, .T. ) ;
#311 = VECTOR ( 'NONE', #601, 1000.000000000000000 ) ;
#312 = CARTESIAN_POINT ( 'NONE',  ( -4.514532803591602139, -1.064888489258546844, -4.580658754754668732E-20 ) ) ;
#313 = CARTESIAN_POINT ( 'NONE',  ( -4.962649477348935356, -1.443134600633107167, 0.7572283468226203018 ) ) ;
#314 = CARTESIAN_POINT ( 'NONE',  ( -0.5866855473895284945, -0.9798960702463175299, 0.0000000000000000000 ) ) ;
#315 = CONICAL_SURFACE ( 'NONE', #5610, 2.060000000000002274, 0.4894628988117458723 ) ;
#316 = VECTOR ( 'NONE', #3693, 1000.000000000000000 ) ;
#317 = CARTESIAN_POINT ( 'NONE',  ( -17.07237392568151790, -1.440363795116893719, 1.541898874023998944 ) ) ;
#318 = CARTESIAN_POINT ( 'NONE',  ( -2.806433872500804227, -1.134930484247743454, 1.778772834266702407 ) ) ;
#319 = EDGE_LOOP ( 'NONE', ( #954, #4965, #4715, #3737, #747 ) ) ;
#320 = DIRECTION ( 'NONE',  ( 1.000000000000000000, 0.0000000000000000000, 0.0000000000000000000 ) ) ;
#321 = AXIS2_PLACEMENT_3D ( 'NONE', #3378, #3448, #1160 ) ;
#322 = EDGE_CURVE ( 'NONE', #2100, #3487, #3232, .T. ) ;
#323 = CARTESIAN_POINT ( 'NONE',  ( -5.046088396240436147, -0.2987990751448347804, 2.088736677334611436 ) ) ;
#324 = CYLINDRICAL_SURFACE ( 'NONE', #4330, 2.110000000000002540 ) ;
#325 = AXIS2_PLACEMENT_3D ( 'NONE', #1997, #4177, #3166 ) ;
#326 = VECTOR ( 'NONE', #2555, 1000.000000000000000 ) ;
#327 = LINE ( 'NONE', #1622, #3694 ) ;
#328 = DIRECTION ( 'NONE',  ( -1.000000000000000000, 0.0000000000000000000, 0.0000000000000000000 ) ) ;
#329 = CARTESIAN_POINT ( 'NONE',  ( -0.8011237436374543108, -1.455373448799871072, 1.527740456152615334 ) ) ;
#330 = VECTOR ( 'NONE', #1708, 1000.000000000000000 ) ;
#331 = B_SPLINE_CURVE_WITH_KNOTS ( 'NONE', 3,
 ( #421, #3838, #5570, #5606, #1715, #2419, #3806, #3445, #2174, #4971 ),
 .UNSPECIFIED., .F., .F.,
 ( 4, 3, 3, 4 ),
 ( 0.0003907425249006341549, 0.0004679390777531529356, 0.001314760366834203742, 0.002161581674915805627 ),
 .UNSPECIFIED. ) ;
#332 = CARTESIAN_POINT ( 'NONE',  ( 2.686101209246400945, -2.168404344971008868E-15, 0.7566776936709389556 ) ) ;
#333 = CARTESIAN_POINT ( 'NONE',  ( -0.9046196832807564814, -0.3150684808459856545, 2.086344474982605224 ) ) ;
#334 = DIRECTION ( 'NONE',  ( 0.01745240643728354635, 0.0000000000000000000, -0.9998476951563911586 ) ) ;
#335 = CARTESIAN_POINT ( 'NONE',  ( -4.962728699183156067, -1.456567806522290009, 1.526600872855397251 ) ) ;
#336 = ORIENTED_EDGE ( 'NONE', *, *, #926, .T. ) ;
#337 = CARTESIAN_POINT ( 'NONE',  ( 2.662990836728402311, -2.123270045287784227E-15, 0.0000000000000000000 ) ) ;
#338 = DIRECTION ( 'NONE',  ( -0.0000000000000000000, 1.000000000000000000, 1.224646799147353207E-16 ) ) ;
#339 = CARTESIAN_POINT ( 'NONE',  ( -3.186061722779410577, -0.5966146687855433672, 2.593200000000003058 ) ) ;
#340 = CARTESIAN_POINT ( 'NONE',  ( -5.053908611826066988, -0.7867817498232156925, -1.489991402804790564E-19 ) ) ;
#341 = LINE ( 'NONE', #5068, #2616 ) ;
#342 = ORIENTED_EDGE ( 'NONE', *, *, #633, .F. ) ;
#343 = CARTESIAN_POINT ( 'NONE',  ( -2.728440832974948993, -1.067341888812450623, 1.821897147765099589 ) ) ;
#344 = CARTESIAN_POINT ( 'NONE',  ( -0.5069835613475097702, -0.5814862635914076483, 2.593200000000003058 ) ) ;
#345 = ORIENTED_EDGE ( 'NONE', *, *, #2976, .T. ) ;
#346 = CARTESIAN_POINT ( 'NONE',  ( -4.965321449958584488, -1.429964263705579164, 0.0000000000000000000 ) ) ;
#347 = B_SPLINE_SURFACE_WITH_KNOTS ( 'NONE', 1, 3, ( 
 ( #562, #2287, #4458, #5207, #3985, #3537, #3122, #1800, #3502, #2620, #2309, #5293, #2727, #4854, #882, #4349 ),
 ( #3930, #1339, #2, #1314, #106, #944, #3565, #967, #456, #5268, #1771, #3591, #2229, #4830, #1369, #4882 ) ),
 .UNSPECIFIED., .F., .F., .F.,
 ( 2, 2 ),
 ( 4, 2, 2, 2, 2, 2, 2, 4 ),
 ( 0.0000000000000000000, 1.000000000000000000 ),
 ( 0.0000000000000000000, 0.2500000000000000000, 0.3750000000000000000, 0.5000000000000000000, 0.6250000000000000000, 0.7500000000000000000, 0.8750000000000000000, 1.000000000000000000 ),
 .UNSPECIFIED. ) ;
#348 = CARTESIAN_POINT ( 'NONE',  ( -1.080253237891968032, -0.9277742014117316138, 0.0000000000000000000 ) ) ;
#349 = LINE ( 'NONE', #2913, #2347 ) ;
#350 = CARTESIAN_POINT ( 'NONE',  ( -1.125544318025067492, -0.9239024021633213124, 2.593200000000003058 ) ) ;
#351 = LINE ( 'NONE', #3346, #1968 ) ;
#352 = ORIENTED_EDGE ( 'NONE', *, *, #3044, .T. ) ;
#353 = EDGE_CURVE ( 'NONE', #2591, #4790, #3888, .T. ) ;
#354 = CARTESIAN_POINT ( 'NONE',  ( -0.5238339022112851184, -1.420331839377912964, -3.632736160938781104E-20 ) ) ;
#355 = CARTESIAN_POINT ( 'NONE',  ( -5.482307995635301801, -1.126855909978487169, 0.5586071150324131152 ) ) ;
#356 = CARTESIAN_POINT ( 'NONE',  ( -5.407837458799090946, -0.6127682507551089897, 2.019062918987892807 ) ) ;
#357 = DIRECTION ( 'NONE',  ( -1.000000000000000000, -0.0000000000000000000, -0.0000000000000000000 ) ) ;
#358 = B_SPLINE_CURVE_WITH_KNOTS ( 'NONE', 3,
 ( #4703, #820, #2856, #4735, #4312, #1279, #3013, #849, #2583, #1673 ),
 .UNSPECIFIED., .F., .F.,
 ( 4, 3, 3, 4 ),
 ( 0.0001394569922685172858, 0.0005582538982201557887, 0.001359988907746934820, 0.002161723999271880896 ),
 .UNSPECIFIED. ) ;
#359 = DIRECTION ( 'NONE',  ( 0.0000000000000000000, 1.000000000000000000, 0.0000000000000000000 ) ) ;
#360 = EDGE_CURVE ( 'NONE', #2400, #2027, #1479, .T. ) ;
#361 = ADVANCED_FACE ( 'NONE', ( #4817 ), #3556, .T. ) ;
#362 = CARTESIAN_POINT ( 'NONE',  ( -1.738796490429361130, -1.561622081978972565, 0.0000000000000000000 ) ) ;
#363 = CARTESIAN_POINT ( 'NONE',  ( -5.095102277272287594, -0.9025204066177091589, 2.593200000000003058 ) ) ;
#364 = CARTESIAN_POINT ( 'NONE',  ( -0.7461654760356525307, -0.4442889398942895807, 4.328710526699272534E-20 ) ) ;
#365 = EDGE_CURVE ( 'NONE', #3762, #2827, #5597, .T. ) ;
#366 = CARTESIAN_POINT ( 'NONE',  ( -0.01012045251870416669, -1.413449850158059240, 0.0000000000000000000 ) ) ;
#367 = CARTESIAN_POINT ( 'NONE',  ( -4.943152681573174334, -0.3076078588765328026, 2.593200000000003058 ) ) ;
#368 = FACE_OUTER_BOUND ( 'NONE', #1994, .T. ) ;
#369 = ORIENTED_EDGE ( 'NONE', *, *, #668, .F. ) ;
#370 = CARTESIAN_POINT ( 'NONE',  ( -4.683463024453574874, -0.5349794566709182853, 2.042337647462062922 ) ) ;
#371 = CARTESIAN_POINT ( 'NONE',  ( -0.5531539068582772556, -0.8742931940097377064, 1.921264512704323968 ) ) ;
#372 = CARTESIAN_POINT ( 'NONE',  ( 0.6648863813321239657, -0.9689331546953188212, 0.0000000000000000000 ) ) ;
#373 = CARTESIAN_POINT ( 'NONE',  ( -1.235268417061377244, -0.9282623476787635886, 0.5511295438117517209 ) ) ;
#374 = ORIENTED_EDGE ( 'NONE', *, *, #782, .F. ) ;
#375 = CARTESIAN_POINT ( 'NONE',  ( -4.669313964220759061, -1.205854379533966902, 0.0000000000000000000 ) ) ;
#376 = FILL_AREA_STYLE_COLOUR ( '', #5403 ) ;
#377 = EDGE_LOOP ( 'NONE', ( #5281, #2808, #4924, #5473 ) ) ;
#378 = CARTESIAN_POINT ( 'NONE',  ( -4.684558860093350319, -0.3397902376336949248, 3.529904119173037149E-21 ) ) ;
#379 = CARTESIAN_POINT ( 'NONE',  ( -0.01012045251870416669, -0.8207609228744052743, 0.0000000000000000000 ) ) ;
#380 = CARTESIAN_POINT ( 'NONE',  ( -0.5423576928411263376, -1.034124452928132820, 2.593200000000003058 ) ) ;
#381 = CARTESIAN_POINT ( 'NONE',  ( -5.409424269600235036, -0.6127629032471937354, 1.928212126680812544 ) ) ;
#382 = FILL_AREA_STYLE_COLOUR ( '', #3436 ) ;
#383 = CARTESIAN_POINT ( 'NONE',  ( -1.064370543493035948, -1.188146004321870119, 9.193313190974646717E-20 ) ) ;
#384 = EDGE_LOOP ( 'NONE', ( #1102, #2239, #3771, #482 ) ) ;
#385 = CARTESIAN_POINT ( 'NONE',  ( -4.640342689616625549, -1.120053895906161445, 2.593200000000003058 ) ) ;
#386 = CARTESIAN_POINT ( 'NONE',  ( 0.7472042878992980475, -1.561622081978972565, 0.0000000000000000000 ) ) ;
#387 = CARTESIAN_POINT ( 'NONE',  ( -5.239854685417256519, -0.7392184270485823161, 1.976273290087135148 ) ) ;
#388 = EDGE_CURVE ( 'NONE', #4378, #2464, #1021, .T. ) ;
#389 = CARTESIAN_POINT ( 'NONE',  ( -5.405144050105594289, -0.5656997990165217871, 2.032894181798509781 ) ) ;
#390 = CARTESIAN_POINT ( 'NONE',  ( -3.205751690826402989, -1.373876280494437996, 0.0000000000000000000 ) ) ;
#391 = ORIENTED_EDGE ( 'NONE', *, *, #322, .T. ) ;
#392 = CARTESIAN_POINT ( 'NONE',  ( -2.440359587603521341, -1.462935846240474680, 1.521407306850054653 ) ) ;
#393 = LINE ( 'NONE', #2117, #2341 ) ;
#394 = UNCERTAINTY_MEASURE_WITH_UNIT (LENGTH_MEASURE( 1.000000000000000082E-05 ), #788, 'distance_accuracy_value', 'NONE');
#395 = EDGE_CURVE ( 'NONE', #114, #2496, #3525, .T. ) ;
#396 = CARTESIAN_POINT ( 'NONE',  ( -1.125547712905506481, -0.9300907170382902711, 2.593200000000003058 ) ) ;
#397 = B_SPLINE_SURFACE_WITH_KNOTS ( 'NONE', 1, 3, ( 
 ( #1106, #4093, #189, #1916, #4176, #4916, #4516, #626, #2448, #2838, #647, #1026, #5377, #5400, #4563, #3293 ),
 ( #1506, #268, #673, #4488, #4143, #3624, #5350, #239, #2389, #213, #3697, #1996, #5462, #593, #1481, #4260 ) ),
 .UNSPECIFIED., .F., .F., .F.,
 ( 2, 2 ),
 ( 4, 3, 2, 2, 2, 3, 4 ),
 ( 0.0000000000000000000, 1.000000000000000000 ),
 ( -0.01161651178294938191, 0.0000000000000000000, 0.2500000000000000000, 0.5000000000000000000, 0.7500000000000000000, 1.000000000000000000, 1.019436692323506088 ),
 .UNSPECIFIED. ) ;
#398 = CARTESIAN_POINT ( 'NONE',  ( -1.211811710973212053, -0.9281982245085975691, 1.894874153082231505 ) ) ;
#399 = CARTESIAN_POINT ( 'NONE',  ( -0.1547994560788532870, -0.3138831304186899263, 2.086522796529808765 ) ) ;
#400 = ORIENTED_EDGE ( 'NONE', *, *, #5348, .F. ) ;
#401 = CARTESIAN_POINT ( 'NONE',  ( -4.060161455623673810, -0.9853967360087538818, 0.0000000000000000000 ) ) ;
#402 = EDGE_CURVE ( 'NONE', #2323, #3617, #2298, .T. ) ;
#403 = CARTESIAN_POINT ( 'NONE',  ( -5.253952336075127683, -0.5470356180951433389, -3.135031547352176236E-20 ) ) ;
#404 = DIRECTION ( 'NONE',  ( -1.000000000000000000, -0.0000000000000000000, -0.0000000000000000000 ) ) ;
#405 = CARTESIAN_POINT ( 'NONE',  ( -1.230458098160382763, -0.9282491898917953899, 0.8266943156847362806 ) ) ;
#406 = VERTEX_POINT ( 'NONE', #985 ) ;
#407 = CARTESIAN_POINT ( 'NONE',  ( -1.190987816140783861, -0.5337751845383691407, 2.561349295854137319E-19 ) ) ;
#408 = CARTESIAN_POINT ( 'NONE',  ( -9.991400465122746155, -2.027569963069062895E-15, -1.150000000000002132 ) ) ;
#409 = VERTEX_POINT ( 'NONE', #1865 ) ;
#410 = CARTESIAN_POINT ( 'NONE',  ( -4.883966787194383485, -0.2683469210437880448, 3.529904119173037149E-21 ) ) ;
#411 = CARTESIAN_POINT ( 'NONE',  ( -1.244232451397389916, -0.8556165212524637909, 0.0000000000000000000 ) ) ;
#412 = CARTESIAN_POINT ( 'NONE',  ( -0.6247541797923209517, -1.466417344270765311, 2.593200000000003058 ) ) ;
#413 = CARTESIAN_POINT ( 'NONE',  ( -0.9338834447371472391, -1.405561717442419534, 0.0000000000000000000 ) ) ;
#414 = B_SPLINE_CURVE_WITH_KNOTS ( 'NONE', 3,
 ( #4607, #2008, #3391, #1198, #305, #4240, #3361 ),
 .UNSPECIFIED., .F., .F.,
 ( 4, 3, 4 ),
 ( 0.0006345066611035379747, 0.001010899638605939179, 0.002161329648560359092 ),
 .UNSPECIFIED. ) ;
#415 = VECTOR ( 'NONE', #1139, 1000.000000000000000 ) ;
#416 = CARTESIAN_POINT ( 'NONE',  ( -4.512973382381042065, -1.196802997672960389, 1.417991013544912970 ) ) ;
#417 = DIRECTION ( 'NONE',  ( -1.000000000000000000, -0.0000000000000000000, -0.0000000000000000000 ) ) ;
#418 = CARTESIAN_POINT ( 'NONE',  ( -4.733870158726026567, -1.066847779829687370, 0.0000000000000000000 ) ) ;
#419 = LINE ( 'NONE', #3928, #518 ) ;
#420 = CARTESIAN_POINT ( 'NONE',  ( -2.482709721754007060, -0.4428558201224720992, 2.199675876008892974E-19 ) ) ;
#421 = CARTESIAN_POINT ( 'NONE',  ( -5.338537423736248400, -1.148007160063621690, 1.770361420852371470 ) ) ;
#422 = CARTESIAN_POINT ( 'NONE',  ( -3.222564956246130929, -1.409967198773179220, 0.0000000000000000000 ) ) ;
#423 = FILL_AREA_STYLE_COLOUR ( '', #5049 ) ;
#424 = VERTEX_POINT ( 'NONE', #4050 ) ;
#425 = AXIS2_PLACEMENT_3D ( 'NONE', #812, #1146, #2462 ) ;
#426 = DIRECTION ( 'NONE',  ( 0.0000000000000000000, 0.0000000000000000000, 1.000000000000000000 ) ) ;
#427 = AXIS2_PLACEMENT_3D ( 'NONE', #5503, #1611, #5624 ) ;
#428 = DIRECTION ( 'NONE',  ( -0.01744974916068272111, -0.01744974916068272111, -0.9996954598818874604 ) ) ;
#429 = AXIS2_PLACEMENT_3D ( 'NONE', #5300, #3751, #4466 ) ;
#430 = CARTESIAN_POINT ( 'NONE',  ( -0.7345268386380678916, -0.4504178007915659032, 4.328710526699272534E-20 ) ) ;
#431 = DIRECTION ( 'NONE',  ( 1.000000000000000000, 0.0000000000000000000, 0.0000000000000000000 ) ) ;
#432 = CARTESIAN_POINT ( 'NONE',  ( -4.940478240054768655, -0.2623739259969847248, 0.0000000000000000000 ) ) ;
#433 = EDGE_CURVE ( 'NONE', #92, #2384, #2715, .T. ) ;
#434 = ORIENTED_EDGE ( 'NONE', *, *, #1219, .T. ) ;
#435 = COLOUR_RGB ( '',0.8980392156862745390, 0.8980392156862745390, 0.8980392156862745390 ) ;
#436 = AXIS2_PLACEMENT_3D ( 'NONE', #4620, #3777, #4713 ) ;
#437 = CARTESIAN_POINT ( 'NONE',  ( -1.689405746489056614, -0.2939263208444906628, 0.0000000000000000000 ) ) ;
#438 = CARTESIAN_POINT ( 'NONE',  ( -5.261550262354484531, -0.5852213719717082041, -3.135031547352176236E-20 ) ) ;
#439 = CARTESIAN_POINT ( 'NONE',  ( -3.253445971265365610, -1.561622081978972565, 0.0000000000000000000 ) ) ;
#440 = ORIENTED_EDGE ( 'NONE', *, *, #4524, .T. ) ;
#441 = B_SPLINE_CURVE_WITH_KNOTS ( 'NONE', 3,
 ( #2364, #3690, #130, #5427, #1879, #3615, #5107 ),
 .UNSPECIFIED., .F., .F.,
 ( 4, 3, 4 ),
 ( 0.0007149819532035594366, 0.001168927819341067809, 0.002161683005444878236 ),
 .UNSPECIFIED. ) ;
#442 = FILL_AREA_STYLE_COLOUR ( '', #2508 ) ;
#443 = CARTESIAN_POINT ( 'NONE',  ( -5.379669323299751227, -1.423541591227426961, 0.0000000000000000000 ) ) ;
#444 = EDGE_CURVE ( 'NONE', #488, #5491, #4543, .T. ) ;
#445 = ORIENTED_EDGE ( 'NONE', *, *, #2354, .T. ) ;
#446 = FACE_OUTER_BOUND ( 'NONE', #2841, .T. ) ;
#447 = VECTOR ( 'NONE', #5014, 1000.000000000000000 ) ;
#448 = CARTESIAN_POINT ( 'NONE',  ( -1.064863274317646047, -0.4108170529122663339, 2.593200000000003058 ) ) ;
#449 = CARTESIAN_POINT ( 'NONE',  ( -0.4760483756523012366, -1.322297875317414162, 0.0000000000000000000 ) ) ;
#450 = AXIS2_PLACEMENT_3D ( 'NONE', #4287, #3245, #2141 ) ;
#451 = LINE ( 'NONE', #4848, #2866 ) ;
#452 = CARTESIAN_POINT ( 'NONE',  ( -4.554503483225873062, -1.408340606599633782, 2.143779822451709159E-19 ) ) ;
#453 = CARTESIAN_POINT ( 'NONE',  ( -4.657764078900373583, -1.087708645519686712, 2.593200000000003058 ) ) ;
#454 = CARTESIAN_POINT ( 'NONE',  ( 3.231685845587584982, 0.4999999999999982792, 0.0000000000000000000 ) ) ;
#455 = CARTESIAN_POINT ( 'NONE',  ( -15.87140046512274694, -10.00000000000000178, 0.0000000000000000000 ) ) ;
#456 = CARTESIAN_POINT ( 'NONE',  ( -4.568960026073080272, -1.058354983117635539, 2.593200000000003058 ) ) ;
#457 = ORIENTED_EDGE ( 'NONE', *, *, #1485, .F. ) ;
#458 = FACE_OUTER_BOUND ( 'NONE', #3184, .T. ) ;
#459 = CARTESIAN_POINT ( 'NONE',  ( -2.413803324280189511, -1.561622081978972565, 0.0000000000000000000 ) ) ;
#460 = CARTESIAN_POINT ( 'NONE',  ( -4.984386943863493791, -1.429252714087902776, 0.0000000000000000000 ) ) ;
#461 = CARTESIAN_POINT ( 'NONE',  ( -3.105249629774274212, -0.6174411356376137139, 2.017638828934095407 ) ) ;
#462 = ORIENTED_EDGE ( 'NONE', *, *, #5085, .T. ) ;
#463 = CARTESIAN_POINT ( 'NONE',  ( -2.435055493776372870, -0.6319224020811095022, 0.2742666620476094108 ) ) ;
#464 = CARTESIAN_POINT ( 'NONE',  ( -5.197016802405964420, -0.4645267510974173675, -3.135031547352176236E-20 ) ) ;
#465 = CARTESIAN_POINT ( 'NONE',  ( -15.87140046512274694, -10.00000000000000178, 0.0000000000000000000 ) ) ;
#466 = VERTEX_POINT ( 'NONE', #116 ) ;
#467 = DIRECTION ( 'NONE',  ( 0.0000000000000000000, 0.0000000000000000000, 1.000000000000000000 ) ) ;
#468 = CARTESIAN_POINT ( 'NONE',  ( -5.081247141077313678, -1.527331868904488799, 2.593200000000003058 ) ) ;
#469 = VERTEX_POINT ( 'NONE', #171 ) ;
#470 = CARTESIAN_POINT ( 'NONE',  ( -4.669132212133257021, -1.201644407078225063, 0.0000000000000000000 ) ) ;
#471 = CARTESIAN_POINT ( 'NONE',  ( -1.175729758920578183, -0.6477552900623958498, 2.593200000000003058 ) ) ;
#472 = EDGE_CURVE ( 'NONE', #1502, #5566, #1032, .T. ) ;
#473 = CARTESIAN_POINT ( 'NONE',  ( -0.7050277349836266971, -1.513916970568676579, 2.593200000000003058 ) ) ;
#474 = DIRECTION ( 'NONE',  ( 0.0000000000000000000, -0.01745240643728354635, -0.9998476951563911586 ) ) ;
#475 = CARTESIAN_POINT ( 'NONE',  ( -3.197339935397601973, -0.6081828108485912709, 2.020448877994273751 ) ) ;
#476 = CARTESIAN_POINT ( 'NONE',  ( -4.645527858286699896, -1.109269193929146802, 2.593200000000003058 ) ) ;
#477 = CARTESIAN_POINT ( 'NONE',  ( -5.022811147981841806, -0.3069720235802629316, 2.593200000000003058 ) ) ;
#478 = CARTESIAN_POINT ( 'NONE',  ( -0.01012045251870416669, -0.8207609228744052743, 0.0000000000000000000 ) ) ;
#479 = EDGE_CURVE ( 'NONE', #1056, #3487, #2244, .T. ) ;
#480 =( NAMED_UNIT ( * ) SI_UNIT ( $, .STERADIAN. ) SOLID_ANGLE_UNIT ( ) );
#481 = CARTESIAN_POINT ( 'NONE',  ( -4.085405871054737403, -1.536377666547909415, 1.446251591436572337 ) ) ;
#482 = ORIENTED_EDGE ( 'NONE', *, *, #1190, .F. ) ;
#483 = CARTESIAN_POINT ( 'NONE',  ( -2.298558255086145419, -1.248814037023710855, 0.0000000000000000000 ) ) ;
#484 = CARTESIAN_POINT ( 'NONE',  ( -4.060161455623673810, -0.4256349713519695932, 0.0000000000000000000 ) ) ;
#485 = CARTESIAN_POINT ( 'NONE',  ( 2.679159658726035786, -2.168404344971008868E-15, 0.7512058792506822735 ) ) ;
#486 = CARTESIAN_POINT ( 'NONE',  ( -2.828973566177347632, -0.3930852764371570718, 1.864253891380326156 ) ) ;
#487 = DIRECTION ( 'NONE',  ( -0.0000000000000000000, 1.000000000000000000, 1.224646799147353207E-16 ) ) ;
#488 = VERTEX_POINT ( 'NONE', #1488 ) ;
#489 = DIRECTION ( 'NONE',  ( 0.01745240643728354635, 0.0000000000000000000, -0.9998476951563911586 ) ) ;
#490 = CARTESIAN_POINT ( 'NONE',  ( -0.8335476544482333106, -0.3138917999665414849, 2.086521492320119631 ) ) ;
#491 = CARTESIAN_POINT ( 'NONE',  ( -5.247759018050987656, -0.7465316250970559508, 2.593200000000003058 ) ) ;
#492 = ORIENTED_EDGE ( 'NONE', *, *, #2704, .F. ) ;
#493 = CARTESIAN_POINT ( 'NONE',  ( -15.87140046512274694, -1.250000000000002887, 0.0000000000000000000 ) ) ;
#494 = CARTESIAN_POINT ( 'NONE',  ( -5.262002891504413249, -0.6008177662652368634, 0.0000000000000000000 ) ) ;
#495 = ORIENTED_EDGE ( 'NONE', *, *, #5088, .F. ) ;
#496 = CARTESIAN_POINT ( 'NONE',  ( -4.964431466810317772, -1.475220018923023568, 2.593200000000003058 ) ) ;
#497 = CARTESIAN_POINT ( 'NONE',  ( -0.8987154123485536772, -0.3260692431211370534, 2.593200000000003058 ) ) ;
#498 = CARTESIAN_POINT ( 'NONE',  ( -0.5238339022112851184, -1.420331839377912964, 0.0000000000000000000 ) ) ;
#499 = CARTESIAN_POINT ( 'NONE',  ( -4.493166292222663394, -1.197046887754221078, 0.2835982033670865765 ) ) ;
#500 = CARTESIAN_POINT ( 'NONE',  ( -3.230745494689602371, -1.449269924116148189, 0.3307501630943546211 ) ) ;
#501 = CARTESIAN_POINT ( 'NONE',  ( -3.071798751586182430, -0.6403704156608367448, 1.027451534519531468E-19 ) ) ;
#502 = ADVANCED_FACE ( 'NONE', ( #4946 ), #653, .T. ) ;
#503 = CARTESIAN_POINT ( 'NONE',  ( -5.129184992528771581, -0.2731431854929479153, 0.0000000000000000000 ) ) ;
#504 = CARTESIAN_POINT ( 'NONE',  ( -3.385199739290731813, -0.4255898538340832649, 0.002584780868584743690 ) ) ;
#505 =( BOUNDED_CURVE ( )  B_SPLINE_CURVE ( 3, ( #4595, #4564, #520, #4996 ),
 .UNSPECIFIED., .F., .F. ) 
 B_SPLINE_CURVE_WITH_KNOTS ( ( 4, 4 ),
 ( 5.726181650008618007, 6.125997363008085728 ),
 .UNSPECIFIED. ) 
 CURVE ( )  GEOMETRIC_REPRESENTATION_ITEM ( )  RATIONAL_B_SPLINE_CURVE ( ( 1.000000000000000000, 0.9867232531787732963, 0.9867232531787732963, 1.000000000000000000 ) ) 
 REPRESENTATION_ITEM ( '' )  );
#506 = CARTESIAN_POINT ( 'NONE',  ( -4.866841667208044342, -0.9770917245828264486, 1.870168846939050500 ) ) ;
#507 = VERTEX_POINT ( 'NONE', #335 ) ;
#508 = CARTESIAN_POINT ( 'NONE',  ( -1.574160677295012745, -1.084178223889362691, 0.0000000000000000000 ) ) ;
#509 = ADVANCED_FACE ( 'NONE', ( #4207 ), #2091, .T. ) ;
#510 = CARTESIAN_POINT ( 'NONE',  ( -3.484111566667456916, -0.8373999612018427907, 0.01005192560005178752 ) ) ;
#511 = COLOUR_RGB ( '',0.8980392156862745390, 0.8980392156862745390, 0.8980392156862745390 ) ;
#512 = MECHANICAL_DESIGN_GEOMETRIC_PRESENTATION_REPRESENTATION (  '', ( #154 ), #4865 ) ;
#513 = CYLINDRICAL_SURFACE ( 'NONE', #4690, 1.250000000000001998 ) ;
#514 = VECTOR ( 'NONE', #2307, 999.9999999999998863 ) ;
#515 = CARTESIAN_POINT ( 'NONE',  ( -5.274012176745911162, -1.264593833170700954, 0.0000000000000000000 ) ) ;
#516 = CARTESIAN_POINT ( 'NONE',  ( -0.7927351702918986609, -1.552515147561071007, 1.428914832146540803 ) ) ;
#517 = PRESENTATION_LAYER_ASSIGNMENT (  '', '', ( #1516 ) ) ;
#518 = VECTOR ( 'NONE', #4707, 1000.000000000000114 ) ;
#519 = SURFACE_SIDE_STYLE ('',( #5380 ) ) ;
#520 = CARTESIAN_POINT ( 'NONE',  ( -1.609763264264642002, -0.6099053467577887355, 2.039670841445802019 ) ) ;
#521 = ORIENTED_EDGE ( 'NONE', *, *, #3802, .F. ) ;
#522 = DIRECTION ( 'NONE',  ( 0.0000000000000000000, -0.9998476951563912696, 0.01745240643728354982 ) ) ;
#523 = CARTESIAN_POINT ( 'NONE',  ( -5.267512586035338451, -0.6008595979647805008, 0.3154696639225224586 ) ) ;
#524 = ORIENTED_EDGE ( 'NONE', *, *, #2030, .F. ) ;
#525 = CARTESIAN_POINT ( 'NONE',  ( -4.868702375778275027, -1.466869966809776660, 2.593200000000003058 ) ) ;
#526 = CARTESIAN_POINT ( 'NONE',  ( -5.492493029892501433, -1.117105386516232146, 0.0000000000000000000 ) ) ;
#527 = AXIS2_PLACEMENT_3D ( 'NONE', #4220, #700, #5174 ) ;
#528 = CARTESIAN_POINT ( 'NONE',  ( -0.4223807683200219154, -1.000822114189338086, 0.0000000000000000000 ) ) ;
#529 = CARTESIAN_POINT ( 'NONE',  ( -4.657326945857874101, -0.6340411204183215022, 2.593200000000003058 ) ) ;
#530 = FACE_OUTER_BOUND ( 'NONE', #5069, .T. ) ;
#531 = CARTESIAN_POINT ( 'NONE',  ( -3.219814500975989535, -1.452995988266656990, 0.9922504885156007148 ) ) ;
#532 = DIRECTION ( 'NONE',  ( 0.01745240643728354635, 0.0000000000000000000, -0.9998476951563911586 ) ) ;
#533 = CIRCLE ( 'NONE', #4439, 0.1000000000000002554 ) ;
#534 = CARTESIAN_POINT ( 'NONE',  ( -5.050323723575901980, -0.2625223024400286098, 0.0000000000000000000 ) ) ;
#535 = CARTESIAN_POINT ( 'NONE',  ( -0.5960959138897047316, -1.136011930843849216, 2.001454675372553567E-20 ) ) ;
#536 = EDGE_CURVE ( 'NONE', #4819, #4180, #1343, .T. ) ;
#537 = CARTESIAN_POINT ( 'NONE',  ( -4.979764809993018737, -0.9460277447860271360, 1.886069837692909257 ) ) ;
#538 = VERTEX_POINT ( 'NONE', #2505 ) ;
#539 = CARTESIAN_POINT ( 'NONE',  ( -4.669313964220759949, -1.205854379533967125, 0.0000000000000000000 ) ) ;
#540 = CARTESIAN_POINT ( 'NONE',  ( -3.078341994570784834, -1.370013327950275306, 2.593200000000003058 ) ) ;
#541 = EDGE_CURVE ( 'NONE', #945, #3764, #1610, .T. ) ;
#542 = ADVANCED_FACE ( 'NONE', ( #368 ), #2928, .T. ) ;
#543 =( NAMED_UNIT ( * ) PLANE_ANGLE_UNIT ( ) SI_UNIT ( $, .RADIAN. ) );
#544 = CYLINDRICAL_SURFACE ( 'NONE', #890, 0.5000000000000004441 ) ;
#545 = EDGE_CURVE ( 'NONE', #3462, #2545, #3649, .T. ) ;
#546 = CARTESIAN_POINT ( 'NONE',  ( -4.806167483888685865, -1.032472288826856266, 0.0000000000000000000 ) ) ;
#547 = EDGE_LOOP ( 'NONE', ( #2445, #3872, #524, #5590 ) ) ;
#548 = CARTESIAN_POINT ( 'NONE',  ( -2.862223812442196369, -1.181012440677130071, 1.749370644106198469 ) ) ;
#549 = CARTESIAN_POINT ( 'NONE',  ( -5.446020063045226678, -1.146838094406125164, 2.593200000000003058 ) ) ;
#550 = EDGE_LOOP ( 'NONE', ( #4089, #923, #2792, #1201 ) ) ;
#551 = CARTESIAN_POINT ( 'NONE',  ( -4.714271181522450505, -1.333469942729130775, 0.0000000000000000000 ) ) ;
#552 = CARTESIAN_POINT ( 'NONE',  ( -5.321293696918734994, -1.230068404808041027, 1.714997352278726961 ) ) ;
#553 = ORIENTED_EDGE ( 'NONE', *, *, #4709, .F. ) ;
#554 = CARTESIAN_POINT ( 'NONE',  ( -5.262070471895087032, -0.6033135266064653113, 0.0000000000000000000 ) ) ;
#555 = CARTESIAN_POINT ( 'NONE',  ( -0.5796530699232104178, -0.9277744521116226828, 0.3834181109235915152 ) ) ;
#556 = CARTESIAN_POINT ( 'NONE',  ( -3.062095528772609931, -0.5780269993518486471, 1.027451534519531468E-19 ) ) ;
#557 = B_SPLINE_CURVE_WITH_KNOTS ( 'NONE', 3,
 ( #2940, #2853, #2466, #2491, #1123, #4167, #1150, #5076, #260, #4195 ),
 .UNSPECIFIED., .F., .F.,
 ( 4, 3, 3, 4 ),
 ( 0.0001483627359165238732, 0.0002967913364583740451, 0.001483956682291870605, 0.002161329378871774259 ),
 .UNSPECIFIED. ) ;
#558 = CARTESIAN_POINT ( 'NONE',  ( -5.397871131114883703, -0.6143874192620524255, 2.593200000000003058 ) ) ;
#559 = DIRECTION ( 'NONE',  ( 1.000000000000000000, 0.0000000000000000000, 0.0000000000000000000 ) ) ;
#560 = CARTESIAN_POINT ( 'NONE',  ( -5.261415639802096145, -1.514775523011407721, 2.148347352056795812E-19 ) ) ;
#561 = LINE ( 'NONE', #3590, #3805 ) ;
#562 = CARTESIAN_POINT ( 'NONE',  ( -4.710987404420390767, -0.8866152481281445175, 0.0000000000000000000 ) ) ;
#563 = ORIENTED_EDGE ( 'NONE', *, *, #2667, .F. ) ;
#564 = CARTESIAN_POINT ( 'NONE',  ( -3.041991848770936979, -1.396986268844624401, 0.0000000000000000000 ) ) ;
#565 = DIRECTION ( 'NONE',  ( 0.01745240643728354982, 0.0000000000000000000, 0.9998476951563911586 ) ) ;
#566 = ADVANCED_FACE ( 'NONE', ( #2541 ), #2902, .T. ) ;
#567 =( NAMED_UNIT ( * ) PLANE_ANGLE_UNIT ( ) SI_UNIT ( $, .RADIAN. ) );
#568 = CARTESIAN_POINT ( 'NONE',  ( -2.607103304339954963, -0.5618874019107372719, 0.0000000000000000000 ) ) ;
#569 = UNCERTAINTY_MEASURE_WITH_UNIT (LENGTH_MEASURE( 1.000000000000000082E-05 ), #1358, 'distance_accuracy_value', 'NONE');
#570 = EDGE_CURVE ( 'NONE', #2355, #4445, #46, .T. ) ;
#571 = CARTESIAN_POINT ( 'NONE',  ( -4.993699957235408604, -0.9764050746257233460, 8.594257207030009252E-20 ) ) ;
#572 = EDGE_LOOP ( 'NONE', ( #4078, #2153, #2741, #3583 ) ) ;
#573 = LINE ( 'NONE', #4975, #2070 ) ;
#574 = PRESENTATION_STYLE_ASSIGNMENT (( #4469 ) ) ;
#575 = EDGE_LOOP ( 'NONE', ( #2005, #4550, #3854, #1526 ) ) ;
#576 = B_SPLINE_CURVE_WITH_KNOTS ( 'NONE', 3,
 ( #5304, #1820, #3136, #3945, #43, #1009, #5224, #1437, #4843, #987 ),
 .UNSPECIFIED., .F., .F.,
 ( 4, 3, 3, 4 ),
 ( 7.208544737012080540E-05, 0.0004849009063618910532, 0.001323115146922515528, 0.002161329387483143689 ),
 .UNSPECIFIED. ) ;
#577 = ADVANCED_FACE ( 'NONE', ( #4604 ), #2572, .T. ) ;
#578 = CARTESIAN_POINT ( 'NONE',  ( -4.734405452074565090, -1.541406138429425088, 0.0000000000000000000 ) ) ;
#579 = ORIENTED_EDGE ( 'NONE', *, *, #3775, .F. ) ;
#580 = CARTESIAN_POINT ( 'NONE',  ( -5.159532260055258668, -0.3910667031778855551, 2.593200000000003058 ) ) ;
#581 = CARTESIAN_POINT ( 'NONE',  ( -2.595817405591415383, -0.6577249306283383667, 0.0000000000000000000 ) ) ;
#582 = CARTESIAN_POINT ( 'NONE',  ( -2.825334271253838292, -0.3087578898945325667, 1.792573903407998603 ) ) ;
#583 = CARTESIAN_POINT ( 'NONE',  ( -5.354285040750356828, -0.4603657592441905977, 2.593200000000003058 ) ) ;
#584 = CARTESIAN_POINT ( 'NONE',  ( -4.993699957235408604, -0.9764050746257233460, 0.0000000000000000000 ) ) ;
#585 = LINE ( 'NONE', #664, #4605 ) ;
#586 = CARTESIAN_POINT ( 'NONE',  ( -4.954711582533685821, -1.563780673839006319, 0.8194492631989962472 ) ) ;
#587 = CARTESIAN_POINT ( 'NONE',  ( -4.714971026644046326, -0.8956806519882941631, 0.5671963954639229755 ) ) ;
#588 = CARTESIAN_POINT ( 'NONE',  ( -0.5425739078799309834, -0.8210277671465546767, 2.593200000000003058 ) ) ;
#589 = EDGE_LOOP ( 'NONE', ( #4051, #1465, #4692, #2191 ) ) ;
#590 = FACE_OUTER_BOUND ( 'NONE', #822, .T. ) ;
#591 = CARTESIAN_POINT ( 'NONE',  ( -2.463277430065984763, -0.6317951409443348654, 1.890662153197019579 ) ) ;
#592 = CARTESIAN_POINT ( 'NONE',  ( -3.150227699360526934, -0.4017605646974612421, 0.0000000000000000000 ) ) ;
#593 = CARTESIAN_POINT ( 'NONE',  ( -1.041942963282186607, -0.4861872130178157003, 2.593200000000003058 ) ) ;
#594 = CARTESIAN_POINT ( 'NONE',  ( -2.549593910447750744, -0.6347266845676527991, 2.593200000000003058 ) ) ;
#595 = STYLED_ITEM ( 'NONE', ( #574 ), #502 ) ;
#596 = LINE ( 'NONE', #3652, #2181 ) ;
#597 = AXIS2_PLACEMENT_3D ( 'NONE', #4885, #4832, #3988 ) ;
#598 = EDGE_CURVE ( 'NONE', #2037, #2991, #2028, .T. ) ;
#599 = ORIENTED_EDGE ( 'NONE', *, *, #1242, .T. ) ;
#600 = CARTESIAN_POINT ( 'NONE',  ( -3.197339935397601973, -0.6081828108485912709, 2.020448877994273751 ) ) ;
#601 = DIRECTION ( 'NONE',  ( -1.000000000000000000, 0.0000000000000000000, 0.0000000000000000000 ) ) ;
#602 = ORIENTED_EDGE ( 'NONE', *, *, #2518, .F. ) ;
#603 = CIRCLE ( 'NONE', #59, 2.060000000000002274 ) ;
#604 = VECTOR ( 'NONE', #605, 1000.000000000000000 ) ;
#605 = DIRECTION ( 'NONE',  ( 1.000000000000000000, 0.0000000000000000000, 0.0000000000000000000 ) ) ;
#606 = LINE ( 'NONE', #4080, #4074 ) ;
#607 =( LENGTH_UNIT ( ) NAMED_UNIT ( * ) SI_UNIT ( .MILLI., .METRE. ) );
#608 = AXIS2_PLACEMENT_3D ( 'NONE', #5270, #82, #1747 ) ;
#609 = EDGE_CURVE ( 'NONE', #2100, #1486, #5239, .T. ) ;
#610 = EDGE_LOOP ( 'NONE', ( #2561, #2257, #2883, #3936 ) ) ;
#611 = CARTESIAN_POINT ( 'NONE',  ( -5.261550262354484531, -0.5852213719717082041, 0.0000000000000000000 ) ) ;
#612 = CARTESIAN_POINT ( 'NONE',  ( -3.187043355602777073, -1.393010341553925002, 1.587198338019458976 ) ) ;
#613 = CARTESIAN_POINT ( 'NONE',  ( -2.825324163729876492, -0.3138897196156361091, 2.086521805282568920 ) ) ;
#614 = CARTESIAN_POINT ( 'NONE',  ( -4.688736610964792995, -0.6242709429282583544, 0.8817260526761576678 ) ) ;
#615 = COLOUR_RGB ( '',0.8980392156862745390, 0.8980392156862745390, 0.8980392156862745390 ) ;
#616 = CARTESIAN_POINT ( 'NONE',  ( -4.788983101170559920, -0.9905966439869593465, 2.593200000000003058 ) ) ;
#617 = CARTESIAN_POINT ( 'NONE',  ( -2.809189207443417491, -1.177210227543355803, 1.041885070563473011E-19 ) ) ;
#618 = CARTESIAN_POINT ( 'NONE',  ( -2.298558255086145419, -1.084178223889362691, 0.0000000000000000000 ) ) ;
#619 = LINE ( 'NONE', #5344, #2612 ) ;
#620 = VERTEX_POINT ( 'NONE', #4185 ) ;
#621 = EDGE_LOOP ( 'NONE', ( #2506, #271, #837, #4128, #1772, #2033, #667, #4731, #1175, #2146, #5449, #3141 ) ) ;
#622 = CARTESIAN_POINT ( 'NONE',  ( -1.086305702109217730, -1.424267313987712891, 2.593200000000003058 ) ) ;
#623 = UNCERTAINTY_MEASURE_WITH_UNIT (LENGTH_MEASURE( 1.000000000000000082E-05 ), #900, 'distance_accuracy_value', 'NONE');
#624 = CARTESIAN_POINT ( 'NONE',  ( -2.930169514580574841, -1.093531957136820054, 0.9012263347880206110 ) ) ;
#625 = CIRCLE ( 'NONE', #1259, 0.008838884357004672329 ) ;
#626 = CARTESIAN_POINT ( 'NONE',  ( -0.9167114855938542917, -0.4404229864930181426, 0.0000000000000000000 ) ) ;
#627 = CARTESIAN_POINT ( 'NONE',  ( -2.832496066088264097, -0.4255502441749004494, 0.0000000000000000000 ) ) ;
#628 = ORIENTED_EDGE ( 'NONE', *, *, #1897, .T. ) ;
#629 = LINE ( 'NONE', #2372, #4425 ) ;
#630 = SURFACE_SIDE_STYLE ('',( #4520 ) ) ;
#631 = ORIENTED_EDGE ( 'NONE', *, *, #1445, .F. ) ;
#632 = CARTESIAN_POINT ( 'NONE',  ( -5.230295763468275183, -0.6988446917334498742, 2.719045378242563815E-20 ) ) ;
#633 = EDGE_CURVE ( 'NONE', #4790, #3521, #4321, .T. ) ;
#634 = CARTESIAN_POINT ( 'NONE',  ( -5.194968259177568548, -1.395784176481906114, 1.582798252761062674 ) ) ;
#635 = ORIENTED_EDGE ( 'NONE', *, *, #1067, .F. ) ;
#636 = CARTESIAN_POINT ( 'NONE',  ( -4.989122016164685647, -0.3638983181809737899, 2.593200000000003058 ) ) ;
#637 = CARTESIAN_POINT ( 'NONE',  ( -2.915449919587982830, -1.119745058513896163, 2.593200000000003058 ) ) ;
#638 = CARTESIAN_POINT ( 'NONE',  ( -2.940123439394059179, -1.081348545851115839, 0.0000000000000000000 ) ) ;
#639 = ADVANCED_FACE ( 'NONE', ( #2507 ), #4238, .T. ) ;
#640 = DIRECTION ( 'NONE',  ( 0.0000000000000000000, -0.9998476951563912696, 0.01745240643728354982 ) ) ;
#641 = FILL_AREA_STYLE_COLOUR ( '', #1070 ) ;
#642 = CARTESIAN_POINT ( 'NONE',  ( -0.7021769666015770239, -0.4726386726545987460, 0.0000000000000000000 ) ) ;
#643 = VERTEX_POINT ( 'NONE', #5551 ) ;
#644 = CARTESIAN_POINT ( 'NONE',  ( -2.520856365858084480, -0.4674549582072244913, 2.593200000000003058 ) ) ;
#645 = CARTESIAN_POINT ( 'NONE',  ( -2.775697208338486544, -0.2787525771386565321, 2.199675876008892974E-19 ) ) ;
#646 = EDGE_CURVE ( 'NONE', #4161, #3056, #3421, .T. ) ;
#647 = CARTESIAN_POINT ( 'NONE',  ( -0.9847720374992319226, -0.4877789868174372545, 0.0000000000000000000 ) ) ;
#648 = CARTESIAN_POINT ( 'NONE',  ( -2.712471505936167926, -0.3997188000740352631, 2.593200000000003058 ) ) ;
#649 = DIRECTION ( 'NONE',  ( -1.000000000000000000, -0.0000000000000000000, -0.0000000000000000000 ) ) ;
#650 = B_SPLINE_CURVE_WITH_KNOTS ( 'NONE', 3,
 ( #1554, #2304, #4903, #1467, #612, #4083 ),
 .UNSPECIFIED., .F., .F.,
 ( 4, 2, 4 ),
 ( 3.122230414528808538E-06, 0.0002726670855310148710, 0.0005422119406475009885 ),
 .UNSPECIFIED. ) ;
#651 = ORIENTED_EDGE ( 'NONE', *, *, #5378, .F. ) ;
#652 = CARTESIAN_POINT ( 'NONE',  ( -3.421575012660480031, -0.3138831304186902038, 2.086522796529808765 ) ) ;
#653 = CYLINDRICAL_SURFACE ( 'NONE', #1053, 2.060000000000002274 ) ;
#654 = ORIENTED_EDGE ( 'NONE', *, *, #3843, .T. ) ;
#655 = CARTESIAN_POINT ( 'NONE',  ( -4.060161455623673810, -0.8372245041878402239, 0.0000000000000000000 ) ) ;
#656 = DIRECTION ( 'NONE',  ( 0.0000000000000000000, -0.0000000000000000000, 1.000000000000000000 ) ) ;
#657 = CARTESIAN_POINT ( 'NONE',  ( -3.211167746189691474, -0.5147132772509275256, -1.789160090686218391E-20 ) ) ;
#658 = CARTESIAN_POINT ( 'NONE',  ( -0.5668624819654828340, -1.444353972500445060, 1.539322103250045926 ) ) ;
#659 = VERTEX_POINT ( 'NONE', #5125 ) ;
#660 = DIRECTION ( 'NONE',  ( -0.0000000000000000000, -0.0000000000000000000, -1.000000000000000000 ) ) ;
#661 = CARTESIAN_POINT ( 'NONE',  ( -2.660071507215265196, -0.8132762544950083994, 0.0000000000000000000 ) ) ;
#662 = ORIENTED_EDGE ( 'NONE', *, *, #5013, .T. ) ;
#663 = CARTESIAN_POINT ( 'NONE',  ( -5.023427414436604010, -1.552556928530659075, 1.428869399297770570 ) ) ;
#664 = CARTESIAN_POINT ( 'NONE',  ( -1.574160677295012745, -1.561622081978972565, 0.0000000000000000000 ) ) ;
#665 = DIRECTION ( 'NONE',  ( 0.0000000000000000000, -1.000000000000000000, 0.0000000000000000000 ) ) ;
#666 = CARTESIAN_POINT ( 'NONE',  ( -0.7569760319600058462, -0.3913158471791216564, 2.593200000000003058 ) ) ;
#667 = ORIENTED_EDGE ( 'NONE', *, *, #2456, .T. ) ;
#668 = EDGE_CURVE ( 'NONE', #1020, #3386, #3507, .T. ) ;
#669 = ORIENTED_EDGE ( 'NONE', *, *, #4504, .F. ) ;
#670 = DIRECTION ( 'NONE',  ( 0.01745240643728354635, 0.0000000000000000000, -0.9998476951563911586 ) ) ;
#671 = B_SPLINE_CURVE_WITH_KNOTS ( 'NONE', 3,
 ( #1572, #2876, #4574, #5096, #2929, #2429, #1548, #685 ),
 .UNSPECIFIED., .F., .F.,
 ( 4, 2, 2, 4 ),
 ( 1.001798616206141925E-06, 0.0001018080643674054063, 0.0002026143301186046749, 0.0004042268616210032122 ),
 .UNSPECIFIED. ) ;
#672 = PRESENTATION_STYLE_ASSIGNMENT (( #2472 ) ) ;
#673 = CARTESIAN_POINT ( 'NONE',  ( -0.8355212497625428281, -0.3803660179084908943, 2.593200000000003058 ) ) ;
#674 = CARTESIAN_POINT ( 'NONE',  ( -0.7979499219604880844, -0.3149580725895622102, 2.086361084564034574 ) ) ;
#675 = EDGE_CURVE ( 'NONE', #2056, #2021, #1264, .T. ) ;
#676 = PRODUCT_DEFINITION_SHAPE ( 'NONE', 'NONE',  #1760 ) ;
#677 = CARTESIAN_POINT ( 'NONE',  ( -2.602456974476364149, -0.5757167909658605920, 0.0000000000000000000 ) ) ;
#678 =( BOUNDED_CURVE ( )  B_SPLINE_CURVE ( 3, ( #3280, #2849, #308, #776 ),
 .UNSPECIFIED., .F., .F. ) 
 B_SPLINE_CURVE_WITH_KNOTS ( ( 4, 4 ),
 ( 0.9852099382668476624, 1.294745945969213219 ),
 .UNSPECIFIED. ) 
 CURVE ( )  GEOMETRIC_REPRESENTATION_ITEM ( )  RATIONAL_B_SPLINE_CURVE ( ( 1.000000000000000000, 0.9920315465159497137, 0.9920315465159497137, 1.000000000000000000 ) ) 
 REPRESENTATION_ITEM ( '' )  );
#679 = AXIS2_PLACEMENT_3D ( 'NONE', #401, #2093, #3819 ) ;
#680 = ORIENTED_EDGE ( 'NONE', *, *, #4092, .F. ) ;
#681 = CARTESIAN_POINT ( 'NONE',  ( -14.12140046512274516, -1.250000000000002220, 0.0000000000000000000 ) ) ;
#682 = CARTESIAN_POINT ( 'NONE',  ( -2.561313878554248191, -0.6854583077783388267, 1.996300580267708735 ) ) ;
#683 = ORIENTED_EDGE ( 'NONE', *, *, #536, .F. ) ;
#684 = MECHANICAL_DESIGN_GEOMETRIC_PRESENTATION_REPRESENTATION (  '', ( #971 ), #3689 ) ;
#685 = CARTESIAN_POINT ( 'NONE',  ( -4.724334162504157497, -0.9169879482056234599, 1.900324473042869222 ) ) ;
#686 =( NAMED_UNIT ( * ) SI_UNIT ( $, .STERADIAN. ) SOLID_ANGLE_UNIT ( ) );
#687 = DIRECTION ( 'NONE',  ( 1.000000000000000000, 0.0000000000000000000, 0.0000000000000000000 ) ) ;
#688 = ORIENTED_EDGE ( 'NONE', *, *, #2013, .F. ) ;
#689 = VECTOR ( 'NONE', #1936, 1000.000000000000000 ) ;
#690 = CARTESIAN_POINT ( 'NONE',  ( -2.515245569252892999, -0.8886039046043496814, 1.784069190337640891E-19 ) ) ;
#691 = CARTESIAN_POINT ( 'NONE',  ( -0.8346296869814172625, -0.3227076651155649234, 2.593200000000003058 ) ) ;
#692 = ORIENTED_EDGE ( 'NONE', *, *, #3277, .T. ) ;
#693 = CARTESIAN_POINT ( 'NONE',  ( -4.702241126847629182, -0.6396615284266221613, 0.0000000000000000000 ) ) ;
#694 = B_SPLINE_CURVE_WITH_KNOTS ( 'NONE', 3,
 ( #4305, #3999, #1357, #2687, #3086, #2577, #407, #3110, #2604, #5195, #5165, #3033, #1301, #2189, #4417, #4729, #1757, #4788, #2162, #3519 ),
 .UNSPECIFIED., .F., .F.,
 ( 4, 2, 2, 2, 2, 2, 2, 2, 2, 4 ),
 ( 0.0000000000000000000, 0.0002175295585490281795, 0.0003262943378235422828, 0.0004350591170980563590, 0.0005438238963725704894, 0.0005982062860098274733, 0.0006525886756470845656, 0.0007069710652843415495, 0.0007613534549215986418, 0.0008701182341961127180 ),
 .UNSPECIFIED. ) ;
#695 = CIRCLE ( 'NONE', #2259, 0.8616197760533003125 ) ;
#696 = PLANE ( 'NONE',  #5349 ) ;
#697 = CARTESIAN_POINT ( 'NONE',  ( -1.574160677295012745, -1.248814037023710855, 0.0000000000000000000 ) ) ;
#698 = CARTESIAN_POINT ( 'NONE',  ( -1.201478149848687060, -1.290996406878770930, 0.0000000000000000000 ) ) ;
#699 = CARTESIAN_POINT ( 'NONE',  ( -3.236982389951930994, -0.6396615284266221613, 0.0000000000000000000 ) ) ;
#700 = DIRECTION ( 'NONE',  ( 6.260656153901262653E-16, 1.000000000000000000, 0.0000000000000000000 ) ) ;
#701 = CARTESIAN_POINT ( 'NONE',  ( -0.7831666191637978169, -0.4311641070632050710, 0.0000000000000000000 ) ) ;
#702 = ORIENTED_EDGE ( 'NONE', *, *, #711, .T. ) ;
#703 = MECHANICAL_DESIGN_GEOMETRIC_PRESENTATION_REPRESENTATION (  '', ( #3704 ), #3536 ) ;
#704 = CARTESIAN_POINT ( 'NONE',  ( -2.430731813060387658, -0.6070916867322475596, 0.0000000000000000000 ) ) ;
#705 = EDGE_CURVE ( 'NONE', #4267, #3801, #4091, .T. ) ;
#706 = B_SPLINE_CURVE_WITH_KNOTS ( 'NONE', 3,
 ( #761, #3841, #3379, #1685, #3725, #5116, #3296, #709, #3412, #4717 ),
 .UNSPECIFIED., .F., .F.,
 ( 4, 2, 2, 2, 4 ),
 ( 0.0000000000000000000, 5.835110794089414221E-05, 8.752666191134120992E-05, 0.0001167022158817882844, 0.0002334044317635765688 ),
 .UNSPECIFIED. ) ;
#707 = CARTESIAN_POINT ( 'NONE',  ( -3.083895752045013428, -0.5125357730462863914, 2.593200000000003058 ) ) ;
#708 = CARTESIAN_POINT ( 'NONE',  ( -0.6040054757259343265, -0.3920217873423507693, 2.073362267648624968 ) ) ;
#709 = CARTESIAN_POINT ( 'NONE',  ( -4.733870158726026567, -1.066847779829687370, 6.580220753501264833E-20 ) ) ;
#710 = CIRCLE ( 'NONE', #2086, 0.5000000000000004441 ) ;
#711 = EDGE_CURVE ( 'NONE', #469, #2827, #2337, .T. ) ;
#712 = TOROIDAL_SURFACE ( 'NONE', #3907, -0.1116197760532974814, 0.8616197760533003125 ) ;
#713 = ORIENTED_EDGE ( 'NONE', *, *, #1870, .F. ) ;
#714 = CARTESIAN_POINT ( 'NONE',  ( -5.010552826000555626, -0.7977674442236764030, 0.0000000000000000000 ) ) ;
#715 = CARTESIAN_POINT ( 'NONE',  ( -5.352329163325357797, -0.8250580573801401529, 0.0000000000000000000 ) ) ;
#716 = CARTESIAN_POINT ( 'NONE',  ( -2.600722755486859494, -0.5828195357017037503, 1.435983751217075051E-19 ) ) ;
#717 = VERTEX_POINT ( 'NONE', #3937 ) ;
#718 = DIRECTION ( 'NONE',  ( 0.01745240643728354635, 0.0000000000000000000, -0.9998476951563911586 ) ) ;
#719 = ADVANCED_FACE ( 'NONE', ( #3913 ), #4329, .T. ) ;
#720 = CARTESIAN_POINT ( 'NONE',  ( 3.231685845587584982, -2.127746763502802452E-15, 0.0000000000000000000 ) ) ;
#721 = CARTESIAN_POINT ( 'NONE',  ( -5.179280456884207240, -0.7396546485862072196, -1.489991402804790564E-19 ) ) ;
#722 = DIRECTION ( 'NONE',  ( -1.000000000000000000, -0.0000000000000000000, -0.0000000000000000000 ) ) ;
#723 = ORIENTED_EDGE ( 'NONE', *, *, #1730, .T. ) ;
#724 = CARTESIAN_POINT ( 'NONE',  ( -0.4264770094814864243, -0.9282850535157175509, 0.2730928773557458333 ) ) ;
#725 = CARTESIAN_POINT ( 'NONE',  ( -3.253445971265365610, -1.561622081978972565, 0.0000000000000000000 ) ) ;
#726 = ORIENTED_EDGE ( 'NONE', *, *, #61, .T. ) ;
#727 = CARTESIAN_POINT ( 'NONE',  ( -4.671701362287389969, -0.6043745207920276918, 2.021591313450228355 ) ) ;
#728 = CARTESIAN_POINT ( 'NONE',  ( -1.095513098679063990, -0.9277359508694595913, 0.8742032098267293883 ) ) ;
#729 = CARTESIAN_POINT ( 'NONE',  ( -2.665424888994482266, -0.4323707969926328665, 2.065358699014343546 ) ) ;
#730 = CARTESIAN_POINT ( 'NONE',  ( -0.9119486486480467002, -1.463368298704798898, 2.593200000000003058 ) ) ;
#731 = PLANE ( 'NONE',  #1427 ) ;
#732 = ORIENTED_EDGE ( 'NONE', *, *, #353, .F. ) ;
#733 = CARTESIAN_POINT ( 'NONE',  ( -2.509438745719666741, -0.4867126518683849712, 2.593200000000003058 ) ) ;
#734 = DIRECTION ( 'NONE',  ( 1.000000000000000000, 1.224646799147353207E-16, -0.0000000000000000000 ) ) ;
#735 = CARTESIAN_POINT ( 'NONE',  ( -2.912000257681515603, -1.116816267662975815, 2.593200000000003058 ) ) ;
#736 = DIRECTION ( 'NONE',  ( 1.000000000000000000, 0.0000000000000000000, 0.0000000000000000000 ) ) ;
#737 = CARTESIAN_POINT ( 'NONE',  ( 0.7472042878992980475, -1.413449850158059240, 0.0000000000000000000 ) ) ;
#738 = CARTESIAN_POINT ( 'NONE',  ( -0.8350155658365253641, -0.3941044059686318879, 1.805639726375803944 ) ) ;
#739 = DIRECTION ( 'NONE',  ( 0.0000000000000000000, -0.01745240643728354635, -0.9998476951563911586 ) ) ;
#740 = ADVANCED_FACE ( 'NONE', ( #4753 ), #1024, .T. ) ;
#741 = EDGE_LOOP ( 'NONE', ( #169, #3337, #1545, #1604 ) ) ;
#742 = CARTESIAN_POINT ( 'NONE',  ( -2.509588930914928628, -0.4629440316863387972, 2.059017646248262778 ) ) ;
#743 = B_SPLINE_CURVE_WITH_KNOTS ( 'NONE', 3,
 ( #4186, #1663, #2904, #277, #2846, #4631, #1172, #3787, #5442, #5492 ),
 .UNSPECIFIED., .F., .F.,
 ( 4, 2, 2, 2, 4 ),
 ( 0.0000000000000000000, 5.921704140551359931E-05, 0.0001184340828110271986, 0.0002368681656220543972, 0.0004737363312441087945 ),
 .UNSPECIFIED. ) ;
#744 = CARTESIAN_POINT ( 'NONE',  ( -4.820877620460016111, -0.4400533332995808511, 4.762539561707135955E-20 ) ) ;
#745 = CARTESIAN_POINT ( 'NONE',  ( -5.169246972531671425, -0.7446009333315664058, -1.489991402804790564E-19 ) ) ;
#746 = CARTESIAN_POINT ( 'NONE',  ( -5.262061770566980989, -0.5994251987059626696, 0.0000000000000000000 ) ) ;
#747 = ORIENTED_EDGE ( 'NONE', *, *, #3138, .T. ) ;
#748 = CARTESIAN_POINT ( 'NONE',  ( -0.4360110592065178370, -0.9282777858774927671, 0.8192786320415830215 ) ) ;
#749 = CARTESIAN_POINT ( 'NONE',  ( -0.4440030445513194479, -0.6388219644271126985, 0.0000000000000000000 ) ) ;
#750 = ADVANCED_FACE ( 'NONE', ( #1753 ), #1165, .T. ) ;
#751 = ORIENTED_EDGE ( 'NONE', *, *, #2030, .T. ) ;
#752 = CARTESIAN_POINT ( 'NONE',  ( -4.530191655360600755, -1.034799031032221039, -4.580658754754668732E-20 ) ) ;
#753 = CARTESIAN_POINT ( 'NONE',  ( -3.197339935397601973, -0.6081828108485912709, 2.020448877994273751 ) ) ;
#754 = CARTESIAN_POINT ( 'NONE',  ( -1.069446806875225864, -1.471451764655619776, 1.512965001174607416 ) ) ;
#755 = DIRECTION ( 'NONE',  ( -1.000000000000000000, -0.0000000000000000000, -0.0000000000000000000 ) ) ;
#756 = CARTESIAN_POINT ( 'NONE',  ( -1.043892903834082952, -1.263641019555152178, 9.193313190974646717E-20 ) ) ;
#757 = VERTEX_POINT ( 'NONE', #4359 ) ;
#758 = CARTESIAN_POINT ( 'NONE',  ( -5.239150996107857949, -0.7384835897732309196, 1.918081877483280628 ) ) ;
#759 = CARTESIAN_POINT ( 'NONE',  ( -3.517265974537557405, -0.8983043019884773273, 1.909466680368618885 ) ) ;
#760 = CARTESIAN_POINT ( 'NONE',  ( -0.9529436467394352128, -1.426069670237852804, 1.555214922383697296 ) ) ;
#761 = CARTESIAN_POINT ( 'NONE',  ( -4.669313964220759061, -1.205854379533966902, 0.0000000000000000000 ) ) ;
#762 = B_SPLINE_CURVE_WITH_KNOTS ( 'NONE', 3,
 ( #4097, #4922, #115, #4896, #2817, #2394, #548, #4468 ),
 .UNSPECIFIED., .F., .F.,
 ( 4, 2, 2, 4 ),
 ( 2.967093540905782099E-05, 0.0001470546931408832098, 0.0002644384508727086122, 0.0004992059663363596338 ),
 .UNSPECIFIED. ) ;
#763 = CARTESIAN_POINT ( 'NONE',  ( -0.8220256130157399532, -0.4260474207657243828, 4.328710526699272534E-20 ) ) ;
#764 = DIRECTION ( 'NONE',  ( -1.000000000000000000, -0.0000000000000000000, -0.0000000000000000000 ) ) ;
#765 = CARTESIAN_POINT ( 'NONE',  ( 0.7142771252724282594, -0.2774627395310559907, 0.0000000000000000000 ) ) ;
#766 = CARTESIAN_POINT ( 'NONE',  ( -2.842673253440893610, -1.041232030265818675, 1.836751216334741255 ) ) ;
#767 = ORIENTED_EDGE ( 'NONE', *, *, #1999, .T. ) ;
#768 = DIRECTION ( 'NONE',  ( 0.0000000000000000000, 0.0000000000000000000, 1.000000000000000000 ) ) ;
#769 = CARTESIAN_POINT ( 'NONE',  ( -4.715400504941526627, -0.5720174971701149635, 4.762539561707135955E-20 ) ) ;
#770 = EDGE_CURVE ( 'NONE', #4180, #4685, #1061, .T. ) ;
#771 = CARTESIAN_POINT ( 'NONE',  ( -3.192026645875353452, -0.6449391902840631019, 2.593200000000003058 ) ) ;
#772 = LINE ( 'NONE', #1634, #4792 ) ;
#773 = DIRECTION ( 'NONE',  ( 0.01744974916068272111, 0.01744974916068272111, -0.9996954598818874604 ) ) ;
#774 = CARTESIAN_POINT ( 'NONE',  ( -1.113333994835863150, -0.9276912808032791169, 1.895122393810380279 ) ) ;
#775 = ORIENTED_EDGE ( 'NONE', *, *, #2978, .T. ) ;
#776 = CARTESIAN_POINT ( 'NONE',  ( -1.703088304587126789, -0.5168435351295538327, 2.045720596805634450 ) ) ;
#777 = CARTESIAN_POINT ( 'NONE',  ( -1.116408844820468760, -1.451427292440491845, 0.2704602695401070456 ) ) ;
#778 = ORIENTED_EDGE ( 'NONE', *, *, #5414, .F. ) ;
#779 = STYLED_ITEM ( 'NONE', ( #3740 ), #281 ) ;
#780 = CARTESIAN_POINT ( 'NONE',  ( -4.523124809021915382, -0.6112936508994516460, 3.529904119173037149E-21 ) ) ;
#781 = CARTESIAN_POINT ( 'NONE',  ( -1.113333994835863150, -0.9276912808032791169, 1.895122393810380279 ) ) ;
#782 = EDGE_CURVE ( 'NONE', #1144, #2288, #4486, .T. ) ;
#784 = EDGE_CURVE ( 'NONE', #2355, #4993, #5057, .T. ) ;
#783 = CARTESIAN_POINT ( 'NONE',  ( -0.5863186185768747283, -0.9236044519049647628, 0.0000000000000000000 ) ) ;
#785 = CARTESIAN_POINT ( 'NONE',  ( -0.8349890418599749120, -1.475146363610924771, 2.593200000000003058 ) ) ;
#786 = VECTOR ( 'NONE', #2659, 999.9999999999998863 ) ;
#787 = VECTOR ( 'NONE', #734, 1000.000000000000000 ) ;
#788 =( LENGTH_UNIT ( ) NAMED_UNIT ( * ) SI_UNIT ( .MILLI., .METRE. ) );
#789 = ORIENTED_EDGE ( 'NONE', *, *, #2726, .T. ) ;
#790 = CARTESIAN_POINT ( 'NONE',  ( -4.806882071491089370, -1.032160609028670795, 0.0000000000000000000 ) ) ;
#791 = CARTESIAN_POINT ( 'NONE',  ( -0.5572207114896294833, -1.463393856697462692, -3.632736160938781104E-20 ) ) ;
#792 = CARTESIAN_POINT ( 'NONE',  ( -4.724334162504157497, -0.9169879482056234599, 1.900324473042869222 ) ) ;
#793 = EDGE_CURVE ( 'NONE', #1359, #4743, #3515, .T. ) ;
#794 = CARTESIAN_POINT ( 'NONE',  ( -5.393090964023872225, -0.5193532020841575836, 2.045225481085764851 ) ) ;
#795 = CARTESIAN_POINT ( 'NONE',  ( -3.229427117595320862, -1.428672244438015770, 0.0000000000000000000 ) ) ;
#796 = CARTESIAN_POINT ( 'NONE',  ( -4.723403620024090088, -0.9148703586183033476, 1.767834280468968844 ) ) ;
#797 = VECTOR ( 'NONE', #2897, 1000.000000000000000 ) ;
#798 = CARTESIAN_POINT ( 'NONE',  ( -3.165580235825383060, -1.394834992911045290, 2.593200000000003058 ) ) ;
#799 = CARTESIAN_POINT ( 'NONE',  ( -4.989961466520312250, -0.3902004855548441009, 1.086753592832507165 ) ) ;
#800 = CARTESIAN_POINT ( 'NONE',  ( -5.233464492308166349, -0.8496346950305871948, 2.593200000000003058 ) ) ;
#801 = CARTESIAN_POINT ( 'NONE',  ( -1.080189462590968930, -0.5624637591199070918, 2.593200000000003058 ) ) ;
#802 = AXIS2_PLACEMENT_3D ( 'NONE', #3613, #5392, #231 ) ;
#803 = CARTESIAN_POINT ( 'NONE',  ( -17.07237392568151790, -1.424161644605728583, 1.556876234655126146 ) ) ;
#804 = CARTESIAN_POINT ( 'NONE',  ( -5.408007644500536948, -0.7555727794790444429, 0.0000000000000000000 ) ) ;
#805 = CARTESIAN_POINT ( 'NONE',  ( -2.696045623209085029, -0.4586863995696168761, 1.435983751217075051E-19 ) ) ;
#806 = ORIENTED_EDGE ( 'NONE', *, *, #2476, .T. ) ;
#807 = CARTESIAN_POINT ( 'NONE',  ( -4.841170327870470302, -0.3844127354481853831, 2.075111266151834499 ) ) ;
#808 = CARTESIAN_POINT ( 'NONE',  ( -0.6293930421768736405, -0.4899844212020112444, 2.052716063741072627 ) ) ;
#809 = CARTESIAN_POINT ( 'NONE',  ( 2.679159658726035786, -2.123270045287784227E-15, 0.0000000000000000000 ) ) ;
#810 = CARTESIAN_POINT ( 'NONE',  ( -5.248429592191510729, -0.7458108133843475152, 2.593200000000003058 ) ) ;
#811 = VERTEX_POINT ( 'NONE', #4514 ) ;
#812 = CARTESIAN_POINT ( 'NONE',  ( -0.01012045251870416669, -0.9689331546953188212, 0.0000000000000000000 ) ) ;
#813 = CARTESIAN_POINT ( 'NONE',  ( -0.4697413780869593714, -0.7851154787127361256, 2.593200000000003058 ) ) ;
#814 = EDGE_LOOP ( 'NONE', ( #998, #5030, #1046, #1281 ) ) ;
#815 = CARTESIAN_POINT ( 'NONE',  ( -4.539371326747322577, -1.020469050981763326, -4.580658754754668732E-20 ) ) ;
#816 = B_SPLINE_SURFACE_WITH_KNOTS ( 'NONE', 1, 3, ( 
 ( #4088, #1501, #4483, #207, #3233, #4556, #3691, #4533, #3667, #4992, #2408, #4961, #2857, #4110, #642, #2383, #4911, #5394, #4586, #701, #3720, #3643, #1450, #3265, #3183, #1019 ),
 ( #4136, #184, #234, #3616, #1074, #588, #2338, #5428, #4036, #1531, #159, #1101, #2807, #1475, #2832, #3209, #1992, #4935, #666, #5456, #2365, #4067, #1560, #3288, #5018, #1126 ) ),
 .UNSPECIFIED., .F., .F., .F.,
 ( 2, 2 ),
 ( 4, 3, 2, 2, 2, 2, 2, 2, 2, 2, 3, 4 ),
 ( 0.0000000000000000000, 1.000000000000000000 ),
 ( -0.009999999999999998473, 0.0000000000000000000, 0.2499999999999999722, 0.4999999999999999445, 0.6249999999999998890, 0.6874999999999998890, 0.7499999999999998890, 0.8124999999999998890, 0.8749999999999998890, 0.9374999999999998890, 0.9999999999999998890, 1.009999999999999787 ),
 .UNSPECIFIED. ) ;
#817 = DIRECTION ( 'NONE',  ( -0.0000000000000000000, 1.000000000000000000, 1.224646799147353207E-16 ) ) ;
#818 = CARTESIAN_POINT ( 'NONE',  ( -0.6227548512846929896, -1.263570398275241979, 0.0000000000000000000 ) ) ;
#819 = CARTESIAN_POINT ( 'NONE',  ( -1.086956012627525059, -1.277786722882900072, 2.593200000000003058 ) ) ;
#820 = CARTESIAN_POINT ( 'NONE',  ( -4.556961443994739014, -0.6068103887425181364, 1.882040532029037205 ) ) ;
#821 = DIRECTION ( 'NONE',  ( -1.000000000000000000, 0.0000000000000000000, 0.0000000000000000000 ) ) ;
#822 = EDGE_LOOP ( 'NONE', ( #3834, #4416, #2526, #2299 ) ) ;
#823 = CARTESIAN_POINT ( 'NONE',  ( -4.701529324567319534, -1.104117309416108750, 0.0000000000000000000 ) ) ;
#824 = EDGE_CURVE ( 'NONE', #3794, #1036, #2558, .T. ) ;
#825 = CARTESIAN_POINT ( 'NONE',  ( -10.09140046512274580, -1.241190815920423785E-15, 0.0000000000000000000 ) ) ;
#826 = CARTESIAN_POINT ( 'NONE',  ( -5.205039326604272709, -0.7686496712717998392, 1.965264631431526077 ) ) ;
#827 =( LENGTH_UNIT ( ) NAMED_UNIT ( * ) SI_UNIT ( .MILLI., .METRE. ) );
#828 = FILL_AREA_STYLE_COLOUR ( '', #1812 ) ;
#829 = SURFACE_SIDE_STYLE ('',( #3871 ) ) ;
#830 = ORIENTED_EDGE ( 'NONE', *, *, #2077, .F. ) ;
#831 = CARTESIAN_POINT ( 'NONE',  ( -4.919921762583105540, -1.455789496534173111, 1.527343477744693478 ) ) ;
#832 = ADVANCED_FACE ( 'NONE', ( #5513 ), #1187, .T. ) ;
#833 = CARTESIAN_POINT ( 'NONE',  ( -0.5532663385465629302, -0.9277754405211586786, 1.895081194029903493 ) ) ;
#834 = CARTESIAN_POINT ( 'NONE',  ( -1.125514650465070821, -0.9272477300947387091, 2.593200000000003058 ) ) ;
#835 = B_SPLINE_CURVE_WITH_KNOTS ( 'NONE', 3,
 ( #5200, #4006, #99, #1849, #416, #1308, #2198, #4313, #499, #1364 ),
 .UNSPECIFIED., .F., .F.,
 ( 4, 3, 3, 4 ),
 ( 0.0004232709591012263949, 0.0004594808214247772765, 0.001310405129631944015, 0.002161329437839808708 ),
 .UNSPECIFIED. ) ;
#836 = CARTESIAN_POINT ( 'NONE',  ( -4.539792963856624120, -0.5278091804178867141, 0.0000000000000000000 ) ) ;
#837 = ORIENTED_EDGE ( 'NONE', *, *, #3922, .T. ) ;
#838 = VERTEX_POINT ( 'NONE', #5021 ) ;
#839 = CARTESIAN_POINT ( 'NONE',  ( -3.091340813253749431, -1.421819348414786521, 1.422686175748181459 ) ) ;
#840 = CARTESIAN_POINT ( 'NONE',  ( -0.6952639214792667444, -0.4308582005140178528, 2.065639901795607525 ) ) ;
#841 = MANIFOLD_SOLID_BREP ( 'Boss-Extrude1[6]', #3959 ) ;
#842 = CARTESIAN_POINT ( 'NONE',  ( -5.338537423736248400, -1.148007160063621690, 1.770361420852371470 ) ) ;
#843 = FACE_OUTER_BOUND ( 'NONE', #4637, .T. ) ;
#844 = ORIENTED_EDGE ( 'NONE', *, *, #3879, .F. ) ;
#845 = CARTESIAN_POINT ( 'NONE',  ( -4.954223428797514650, -1.532822730165810166, 2.593200000000003058 ) ) ;
#846 = ORIENTED_EDGE ( 'NONE', *, *, #2378, .F. ) ;
#847 = CARTESIAN_POINT ( 'NONE',  ( -4.962571506366317386, -1.429913431471494079, 0.0000000000000000000 ) ) ;
#848 = CARTESIAN_POINT ( 'NONE',  ( 0.6780796871332060993, -0.3894375332127472111, 2.073749842127825982 ) ) ;
#849 = CARTESIAN_POINT ( 'NONE',  ( -4.531163182837457448, -0.6303350303119474862, 0.5343147191390733575 ) ) ;
#850 = CARTESIAN_POINT ( 'NONE',  ( -5.180595642503264209, -0.2861543112434205005, 1.306159568464606993E-19 ) ) ;
#851 = VERTEX_POINT ( 'NONE', #2447 ) ;
#852 = CARTESIAN_POINT ( 'NONE',  ( -4.788069784122733097, -0.9909831829875924702, 2.593200000000003058 ) ) ;
#853 = DIRECTION ( 'NONE',  ( 0.0000000000000000000, 0.0000000000000000000, -1.000000000000000000 ) ) ;
#854 = DIRECTION ( 'NONE',  ( 0.0000000000000000000, 0.0000000000000000000, 1.000000000000000000 ) ) ;
#855 = ORIENTED_EDGE ( 'NONE', *, *, #3675, .F. ) ;
#856 = CARTESIAN_POINT ( 'NONE',  ( -4.761459799382018687, -1.411201746069864704, 1.568930582488295977 ) ) ;
#857 = CARTESIAN_POINT ( 'NONE',  ( -1.574160677295012745, -1.248814037023710855, 0.0000000000000000000 ) ) ;
#858 = UNCERTAINTY_MEASURE_WITH_UNIT (LENGTH_MEASURE( 1.000000000000000082E-05 ), #607, 'distance_accuracy_value', 'NONE');
#859 = EDGE_CURVE ( 'NONE', #2576, #5411, #3268, .T. ) ;
#860 = CARTESIAN_POINT ( 'NONE',  ( -0.6232790777505650137, -0.5910499884661541969, 4.328710526699272534E-20 ) ) ;
#861 = B_SPLINE_SURFACE_WITH_KNOTS ( 'NONE', 1, 3, ( 
 ( #1657, #2089, #3815, #2452, #5090, #2151, #3298, #1260, #1166, #4600, #2537, #714, #4181, #5547, #1595 ),
 ( #5061, #2924, #5027, #273, #3754, #4648, #5120, #1220, #2053, #299, #5488, #2899, #2477, #3781, #1628 ) ),
 .UNSPECIFIED., .F., .F., .F.,
 ( 2, 2 ),
 ( 4, 3, 2, 2, 2, 2, 4 ),
 ( 0.0000000000000000000, 1.000000000000000000 ),
 ( -0.01017117113428282413, 0.0000000000000000000, 0.06250000000000000000, 0.1250000000000000000, 0.2500000000000000000, 0.5000000000000000000, 1.000000000000000000 ),
 .UNSPECIFIED. ) ;
#862 = CARTESIAN_POINT ( 'NONE',  ( -5.350634085209746260, -1.168099467127392765, 2.593200000000003058 ) ) ;
#863 = CARTESIAN_POINT ( 'NONE',  ( -0.1560393579839335076, -0.7860777317426057564, 2.015488863961779398 ) ) ;
#864 = ORIENTED_EDGE ( 'NONE', *, *, #1580, .T. ) ;
#865 = CARTESIAN_POINT ( 'NONE',  ( -2.923553184714540176, -1.101630216781006588, 1.500267498122618948 ) ) ;
#866 = B_SPLINE_CURVE_WITH_KNOTS ( 'NONE', 3,
 ( #2647, #4347, #912, #3804, #3900, #5603, #3471, #1313, #4673, #1337 ),
 .UNSPECIFIED., .F., .F.,
 ( 4, 3, 3, 4 ),
 ( 0.0001094381810697355449, 0.0003554144500297503587, 0.001066243350089251347, 0.002161330794321728119 ),
 .UNSPECIFIED. ) ;
#867 = DIRECTION ( 'NONE',  ( -0.9998476951563912696, 0.0000000000000000000, 0.01745240643728355329 ) ) ;
#868 = CARTESIAN_POINT ( 'NONE',  ( -5.281812461332759945, -0.7040099104923952522, 2.593200000000003058 ) ) ;
#869 = ORIENTED_EDGE ( 'NONE', *, *, #2978, .F. ) ;
#870 = EDGE_LOOP ( 'NONE', ( #2371, #5528, #1841, #5154, #654, #864, #3028, #4617, #4840, #4364 ) ) ;
#871 = CARTESIAN_POINT ( 'NONE',  ( -2.487993761572093288, -0.7278877049961951506, 2.593200000000003058 ) ) ;
#872 = CLOSED_SHELL ( 'NONE', ( #566, #639, #4666, #5372, #1559, #3316, #1311, #1814, #4876, #1518, #1025, #3738 ) ) ;
#873 = CARTESIAN_POINT ( 'NONE',  ( -1.056197486961465870, -0.3431630361296996168, 0.0000000000000000000 ) ) ;
#874 = LINE ( 'NONE', #1387, #1522 ) ;
#875 = AXIS2_PLACEMENT_3D ( 'NONE', #408, #3034, #2578 ) ;
#876 = CARTESIAN_POINT ( 'NONE',  ( -5.392741231381693368, -0.4362346257173875808, 1.306159568464606993E-19 ) ) ;
#877 = CARTESIAN_POINT ( 'NONE',  ( -0.8332995181904455650, -0.2774627395310559907, 0.0000000000000000000 ) ) ;
#878 = CARTESIAN_POINT ( 'NONE',  ( -4.788809957342816226, -0.9906603438278762663, 2.593200000000003058 ) ) ;
#879 = MANIFOLD_SOLID_BREP ( 'Boss-Extrude1[2]', #872 ) ;
#880 = DIRECTION ( 'NONE',  ( -0.09948856412263518134, -0.9948856412263492599, 0.01745240643728354635 ) ) ;
#881 = VECTOR ( 'NONE', #2498, 1000.000000000000000 ) ;
#882 = CARTESIAN_POINT ( 'NONE',  ( -4.488471553336762732, -1.180161464386340731, 0.0000000000000000000 ) ) ;
#883 = ORIENTED_EDGE ( 'NONE', *, *, #4046, .F. ) ;
#884 = AXIS2_PLACEMENT_3D ( 'NONE', #5086, #1189, #854 ) ;
#885 = CARTESIAN_POINT ( 'NONE',  ( -2.082792222263309512, -0.8599132951403551939, 1.946334576492492197 ) ) ;
#886 = VECTOR ( 'NONE', #1678, 1000.000000000000227 ) ;
#887 = CARTESIAN_POINT ( 'NONE',  ( -0.8332053500889397002, -1.563919871764629432, 0.8113806632419270359 ) ) ;
#888 = EDGE_CURVE ( 'NONE', #469, #1666, #4590, .T. ) ;
#889 = CIRCLE ( 'NONE', #1345, 0.5000000000000004441 ) ;
#890 = AXIS2_PLACEMENT_3D ( 'NONE', #7, #1347, #3454 ) ;
#891 = CARTESIAN_POINT ( 'NONE',  ( -2.992388305889658540, -0.4748534838634407285, 0.0000000000000000000 ) ) ;
#892 = CARTESIAN_POINT ( 'NONE',  ( -5.049463838212424172, -1.422385904961112724, 0.0000000000000000000 ) ) ;
#893 = CARTESIAN_POINT ( 'NONE',  ( -4.969721906729709815, -0.3069071851023732478, 2.593200000000003058 ) ) ;
#894 = ORIENTED_EDGE ( 'NONE', *, *, #859, .F. ) ;
#895 = EDGE_CURVE ( 'NONE', #5303, #4993, #2756, .T. ) ;
#896 = DIRECTION ( 'NONE',  ( -0.9998476951563912696, 0.0000000000000000000, 0.01745240643728355329 ) ) ;
#897 = DIRECTION ( 'NONE',  ( 0.01744974916068272111, 0.01744974916068272111, -0.9996954598818874604 ) ) ;
#898 = DIRECTION ( 'NONE',  ( -1.000000000000000000, -0.0000000000000000000, -0.0000000000000000000 ) ) ;
#899 = ORIENTED_EDGE ( 'NONE', *, *, #2593, .F. ) ;
#900 =( LENGTH_UNIT ( ) NAMED_UNIT ( * ) SI_UNIT ( .MILLI., .METRE. ) );
#901 = CARTESIAN_POINT ( 'NONE',  ( -5.296110595322733872, -0.6010767683058377830, 1.952911710248978805 ) ) ;
#902 = ORIENTED_EDGE ( 'NONE', *, *, #964, .T. ) ;
#903 = EDGE_CURVE ( 'NONE', #3363, #1912, #866, .T. ) ;
#904 = FILL_AREA_STYLE ('',( #3060 ) ) ;
#905 = AXIS2_PLACEMENT_3D ( 'NONE', #5314, #2308, #2725 ) ;
#906 = CARTESIAN_POINT ( 'NONE',  ( -1.161238342736266471, -0.4674366702959891762, 0.0000000000000000000 ) ) ;
#907 = FACE_OUTER_BOUND ( 'NONE', #2621, .T. ) ;
#908 = LINE ( 'NONE', #2643, #4781 ) ;
#909 = CARTESIAN_POINT ( 'NONE',  ( -4.649837490916896243, -1.205820717886245230, 1.114684896478307596 ) ) ;
#910 = DIRECTION ( 'NONE',  ( 0.0000000000000000000, -0.9998476951563912696, 0.01745240643728354982 ) ) ;
#911 = CARTESIAN_POINT ( 'NONE',  ( -5.095956907851910245, -0.3131474751599895856, 2.593200000000003058 ) ) ;
#912 = CARTESIAN_POINT ( 'NONE',  ( -1.033001492566155033, -0.4947185637767766986, 1.887619487247384154 ) ) ;
#913 = CARTESIAN_POINT ( 'NONE',  ( -2.824454870379024207, -0.3227174942098891552, 2.593200000000003058 ) ) ;
#914 = DIRECTION ( 'NONE',  ( 1.000000000000000000, 0.0000000000000000000, 0.0000000000000000000 ) ) ;
#915 = CARTESIAN_POINT ( 'NONE',  ( -4.798299206702949071, -1.013883256664389387, 1.156368677683263790 ) ) ;
#916 = ORIENTED_EDGE ( 'NONE', *, *, #4262, .F. ) ;
#917 = CARTESIAN_POINT ( 'NONE',  ( -4.060161455623673810, -0.9853967360087538818, 0.0000000000000000000 ) ) ;
#918 = CARTESIAN_POINT ( 'NONE',  ( -7.320840341273962437, -2.123270045287784227E-15, 0.0000000000000000000 ) ) ;
#919 = UNCERTAINTY_MEASURE_WITH_UNIT (LENGTH_MEASURE( 1.000000000000000082E-05 ), #827, 'distance_accuracy_value', 'NONE');
#920 = B_SPLINE_CURVE_WITH_KNOTS ( 'NONE', 3,
 ( #2654, #1778, #5188, #486, #1375, #4442, #3510, #4808, #2234, #3026 ),
 .UNSPECIFIED., .F., .F.,
 ( 4, 3, 3, 4 ),
 ( 8.726156472662595311E-05, 0.0002967913364583741535, 0.001483956682291871255, 0.002161329363583109828 ),
 .UNSPECIFIED. ) ;
#921 = CARTESIAN_POINT ( 'NONE',  ( -5.305962227111122864, -1.160438374284800345, 0.0000000000000000000 ) ) ;
#922 = CARTESIAN_POINT ( 'NONE',  ( -4.591992982753622776, -0.4270415171399231657, 0.0000000000000000000 ) ) ;
#923 = ORIENTED_EDGE ( 'NONE', *, *, #4915, .T. ) ;
#924 = DIRECTION ( 'NONE',  ( 0.9998476951563912696, 0.0000000000000000000, 0.01745240643728354982 ) ) ;
#925 = CARTESIAN_POINT ( 'NONE',  ( 2.679159658726035786, -2.123270045287784227E-15, 0.7512058792506818294 ) ) ;
#926 = EDGE_CURVE ( 'NONE', #2801, #1327, #2481, .T. ) ;
#927 = DIRECTION ( 'NONE',  ( 1.000000000000000000, 0.0000000000000000000, 0.0000000000000000000 ) ) ;
#928 = ORIENTED_EDGE ( 'NONE', *, *, #2258, .F. ) ;
#929 =( NAMED_UNIT ( * ) SI_UNIT ( $, .STERADIAN. ) SOLID_ANGLE_UNIT ( ) );
#930 = CARTESIAN_POINT ( 'NONE',  ( -5.088084094693321902, -1.572322310488755814, 0.0000000000000000000 ) ) ;
#931 = ORIENTED_EDGE ( 'NONE', *, *, #2760, .F. ) ;
#932 = B_SPLINE_CURVE_WITH_KNOTS ( 'NONE', 3,
 ( #2201, #3042, #1646, #1768, #5083, #2946, #4672, #3443, #354, #791, #127, #4009, #2306, #2225, #102, #50, #4828, #3951, #5339, #2252 ),
 .UNSPECIFIED., .F., .F.,
 ( 4, 2, 2, 2, 2, 2, 2, 2, 2, 4 ),
 ( 0.0000000000000000000, 0.0002174293795216057873, 0.0003261440692824086945, 0.0004348587590432115746, 0.0005435734488040144547, 0.0005979307936844159219, 0.0006522881385648173890, 0.0007610028283256202149, 0.0008153601732060216821, 0.0008697175180864231492 ),
 .UNSPECIFIED. ) ;
#933 = SURFACE_STYLE_FILL_AREA ( #904 ) ;
#934 = CARTESIAN_POINT ( 'NONE',  ( -4.714271181522450505, -1.333469942729130775, -7.684581296706453857E-20 ) ) ;
#935 = CARTESIAN_POINT ( 'NONE',  ( -0.7969654196588931150, -1.577331695019349223, 0.0000000000000000000 ) ) ;
#936 =( NAMED_UNIT ( * ) PLANE_ANGLE_UNIT ( ) SI_UNIT ( $, .RADIAN. ) );
#937 = EDGE_CURVE ( 'NONE', #990, #1370, #5212, .T. ) ;
#938 = CARTESIAN_POINT ( 'NONE',  ( -5.427075045014760235, -0.5081076762160400273, 1.306159568464606993E-19 ) ) ;
#939 = CARTESIAN_POINT ( 'NONE',  ( -3.236210659577863691, -1.447405986617018359, 0.0000000000000000000 ) ) ;
#940 = DIRECTION ( 'NONE',  ( -3.965082230804130713E-16, 1.000000000000000000, -0.0000000000000000000 ) ) ;
#941 = DIRECTION ( 'NONE',  ( 0.0000000000000000000, 0.9998476951563912696, 0.01745240643728354982 ) ) ;
#942 = CARTESIAN_POINT ( 'NONE',  ( 3.231685845587584982, -2.127746763502802452E-15, 0.0000000000000000000 ) ) ;
#943 = SHAPE_DEFINITION_REPRESENTATION ( #676, #1373 ) ;
#944 = CARTESIAN_POINT ( 'NONE',  ( -4.603826445337604767, -1.012099034721376967, 2.593200000000003058 ) ) ;
#945 = VERTEX_POINT ( 'NONE', #3043 ) ;
#946 = FACE_OUTER_BOUND ( 'NONE', #3195, .T. ) ;
#947 = CARTESIAN_POINT ( 'NONE',  ( -2.786549094954674732, -1.158778826715864296, 0.0000000000000000000 ) ) ;
#948 = CARTESIAN_POINT ( 'NONE',  ( -5.082210658235087664, -1.461342801549180725, 2.593200000000003058 ) ) ;
#949 = CARTESIAN_POINT ( 'NONE',  ( -0.6791039151379615335, -1.525562766060224229, 1.457747007921560201 ) ) ;
#950 = CARTESIAN_POINT ( 'NONE',  ( -0.6940907747418243456, -0.3372609485782962491, 2.082894854133306772 ) ) ;
#951 = EDGE_LOOP ( 'NONE', ( #4987, #336, #4151, #4864 ) ) ;
#952 = DIRECTION ( 'NONE',  ( -1.000000000000000000, -0.0000000000000000000, -0.0000000000000000000 ) ) ;
#953 = CARTESIAN_POINT ( 'NONE',  ( -5.296718901465810703, -0.6010813884078011204, 1.987741622145526410 ) ) ;
#954 = ORIENTED_EDGE ( 'NONE', *, *, #2530, .T. ) ;
#955 = CARTESIAN_POINT ( 'NONE',  ( -4.680729235522727905, -1.273383270296057912, 0.0000000000000000000 ) ) ;
#956 = EDGE_CURVE ( 'NONE', #838, #192, #5140, .T. ) ;
#957 = CARTESIAN_POINT ( 'NONE',  ( -1.198974313411575565, -0.8565223362210295788, 2.593200000000003058 ) ) ;
#958 = CARTESIAN_POINT ( 'NONE',  ( -4.853707854105757669, -0.4272092163806412435, 0.0000000000000000000 ) ) ;
#959 = PLANE ( 'NONE',  #3063 ) ;
#960 = CARTESIAN_POINT ( 'NONE',  ( -4.669313964220759061, -1.205854379533966902, 0.0000000000000000000 ) ) ;
#961 = CARTESIAN_POINT ( 'NONE',  ( -2.825357608051522806, -0.2966155414553529046, 1.097066635374768895 ) ) ;
#962 = PLANE ( 'NONE',  #1241 ) ;
#963 = CARTESIAN_POINT ( 'NONE',  ( -0.7690379657901067478, -1.420148925807080298, 2.001454675372553567E-20 ) ) ;
#964 = EDGE_CURVE ( 'NONE', #4199, #3762, #2617, .T. ) ;
#965 = EDGE_CURVE ( 'NONE', #2130, #1120, #4179, .T. ) ;
#966 =( NAMED_UNIT ( * ) PLANE_ANGLE_UNIT ( ) SI_UNIT ( $, .RADIAN. ) );
#967 = CARTESIAN_POINT ( 'NONE',  ( -4.577305220370447181, -1.045305852754837339, 2.593200000000003058 ) ) ;
#968 = ORIENTED_EDGE ( 'NONE', *, *, #3321, .F. ) ;
#969 = CARTESIAN_POINT ( 'NONE',  ( -4.669264996037870041, -1.206904403293374228, 0.0000000000000000000 ) ) ;
#970 = FACE_OUTER_BOUND ( 'NONE', #2880, .T. ) ;
#971 = STYLED_ITEM ( 'NONE', ( #672 ), #841 ) ;
#972 = UNCERTAINTY_MEASURE_WITH_UNIT (LENGTH_MEASURE( 1.000000000000000082E-05 ), #2228, 'distance_accuracy_value', 'NONE');
#973 = EDGE_CURVE ( 'NONE', #218, #2833, #3924, .T. ) ;
#974 = CARTESIAN_POINT ( 'NONE',  ( -2.979393044306732907, -0.4657365648174279782, 0.0000000000000000000 ) ) ;
#975 = VECTOR ( 'NONE', #5290, 1000.000000000000000 ) ;
#976 = DIRECTION ( 'NONE',  ( 6.260656153901261667E-16, 1.000000000000000000, 0.0000000000000000000 ) ) ;
#977 = B_SPLINE_CURVE_WITH_KNOTS ( 'NONE', 3,
 ( #22, #1741, #4796, #3925, #1792, #4825 ),
 .UNSPECIFIED., .F., .F.,
 ( 4, 2, 4 ),
 ( 1.361198370830995863E-06, 0.0001186004683403570520, 0.0002358397383098831228 ),
 .UNSPECIFIED. ) ;
#978 = CIRCLE ( 'NONE', #1247, 0.7512058792506818294 ) ;
#979 = VECTOR ( 'NONE', #3325, 1000.000000000000000 ) ;
#980 = CARTESIAN_POINT ( 'NONE',  ( -5.296102016071327689, -0.6268949710242301965, 2.014901394335647744 ) ) ;
#981 = CARTESIAN_POINT ( 'NONE',  ( -2.825324163729876492, -0.3138897196156361091, 2.086521805282568920 ) ) ;
#982 = ORIENTED_EDGE ( 'NONE', *, *, #1242, .F. ) ;
#983 = PRESENTATION_LAYER_ASSIGNMENT (  '', '', ( #236 ) ) ;
#984 = CARTESIAN_POINT ( 'NONE',  ( -5.443102285952195807, -0.6126509653342681050, 0.0000000000000000000 ) ) ;
#985 = CARTESIAN_POINT ( 'NONE',  ( -0.8332884910378899335, -1.456579081962651401, 1.526590114598171066 ) ) ;
#986 = ORIENTED_EDGE ( 'NONE', *, *, #1002, .T. ) ;
#987 = CARTESIAN_POINT ( 'NONE',  ( -4.997299373199344252, -0.2609991582176210967, 0.0000000000000000000 ) ) ;
#988 = CARTESIAN_POINT ( 'NONE',  ( 8.758599534877255621, -1.249999999999999334, 0.0000000000000000000 ) ) ;
#989 = FILL_AREA_STYLE ('',( #1869 ) ) ;
#990 = VERTEX_POINT ( 'NONE', #1016 ) ;
#991 = CARTESIAN_POINT ( 'NONE',  ( -5.307282698360372919, -0.6007715207427407611, 2.593200000000003058 ) ) ;
#992 = CARTESIAN_POINT ( 'NONE',  ( -0.04631789065792643600, -0.3894375332127471556, 2.073749842127825982 ) ) ;
#993 = CARTESIAN_POINT ( 'NONE',  ( -4.241260850071457256, -1.561622081978972787, 0.0000000000000000000 ) ) ;
#994 = COLOUR_RGB ( '',0.6941176470588235059, 0.09803921568627450844, 0.09803921568627450844 ) ;
#995 = CARTESIAN_POINT ( 'NONE',  ( -5.311641770147428332, -0.4078289093081535754, 2.593200000000003058 ) ) ;
#996 = CARTESIAN_POINT ( 'NONE',  ( -4.852283323975823848, -1.016057588469001516, 0.0000000000000000000 ) ) ;
#997 = CARTESIAN_POINT ( 'NONE',  ( -2.932205885559413971, -1.280403454365296456, 1.041885070563473011E-19 ) ) ;
#998 = ORIENTED_EDGE ( 'NONE', *, *, #3398, .F. ) ;
#999 = DIRECTION ( 'NONE',  ( 0.0000000000000000000, -0.01745240643728354635, -0.9998476951563911586 ) ) ;
#1000 = CARTESIAN_POINT ( 'NONE',  ( -3.211503949372655597, -0.6192952171670131900, 1.306236145764422707 ) ) ;
#1001 = SURFACE_STYLE_FILL_AREA ( #5241 ) ;
#1002 = EDGE_CURVE ( 'NONE', #4886, #4096, #3523, .T. ) ;
#1003 = CARTESIAN_POINT ( 'NONE',  ( -2.558822334670295628, -0.5634655705138342796, 2.593200000000003058 ) ) ;
#1004 = CARTESIAN_POINT ( 'NONE',  ( -3.227547035787738050, -1.534009097294009027, 1.448767762844723306 ) ) ;
#1005 = CARTESIAN_POINT ( 'NONE',  ( -3.483936109653454682, -0.8372245041878402239, 0.0000000000000000000 ) ) ;
#1006 = ORIENTED_EDGE ( 'NONE', *, *, #5620, .F. ) ;
#1007 = CARTESIAN_POINT ( 'NONE',  ( -5.381420358241801871, -1.345932224000322641, 2.593200000000003058 ) ) ;
#1008 = VERTEX_POINT ( 'NONE', #1906 ) ;
#1009 = CARTESIAN_POINT ( 'NONE',  ( -4.997258288155363992, -0.2805103621560121607, 1.117448662025046335 ) ) ;
#1010 = CARTESIAN_POINT ( 'NONE',  ( -4.554503483225873062, -1.408340606599633782, 0.0000000000000000000 ) ) ;
#1011 = ORIENTED_EDGE ( 'NONE', *, *, #3547, .T. ) ;
#1012 = CARTESIAN_POINT ( 'NONE',  ( -5.257911959040639793, -0.5621161917209307468, 0.0000000000000000000 ) ) ;
#1013 = CARTESIAN_POINT ( 'NONE',  ( -2.594808097043266315, -0.6296069782013669069, 0.0000000000000000000 ) ) ;
#1014 = FACE_OUTER_BOUND ( 'NONE', #572, .T. ) ;
#1015 = CARTESIAN_POINT ( 'NONE',  ( -5.180595642503264209, -0.2861543112434205005, 0.0000000000000000000 ) ) ;
#1016 = CARTESIAN_POINT ( 'NONE',  ( -4.724334162504157497, -0.9169879482056234599, 1.900324473042869222 ) ) ;
#1017 = CARTESIAN_POINT ( 'NONE',  ( -5.492493029892501433, -1.117105386516232146, 0.0000000000000000000 ) ) ;
#1018 = PRESENTATION_STYLE_ASSIGNMENT (( #5425 ) ) ;
#1019 = CARTESIAN_POINT ( 'NONE',  ( -0.8413760348994167027, -0.4254369956333670655, 0.0000000000000000000 ) ) ;
#1020 = VERTEX_POINT ( 'NONE', #51 ) ;
#1021 =( BOUNDED_CURVE ( )  B_SPLINE_CURVE ( 3, ( #4120, #5383, #1435, #1921 ),
 .UNSPECIFIED., .F., .T. ) 
 B_SPLINE_CURVE_WITH_KNOTS ( ( 4, 4 ),
 ( 3.290906630376276176, 3.957198614192891650 ),
 .UNSPECIFIED. ) 
 CURVE ( )  GEOMETRIC_REPRESENTATION_ITEM ( )  RATIONAL_B_SPLINE_CURVE ( ( 1.000000000000000000, 0.9633454845684338297, 0.9633454845684338297, 1.000000000000000000 ) ) 
 REPRESENTATION_ITEM ( '' )  );
#1022 = VERTEX_POINT ( 'NONE', #478 ) ;
#1023 = CARTESIAN_POINT ( 'NONE',  ( -0.5532663385465629302, -0.9277754405211586786, 1.895081194029903493 ) ) ;
#1024 = PLANE ( 'NONE',  #2775 ) ;
#1025 = ADVANCED_FACE ( 'NONE', ( #2773 ), #4063, .T. ) ;
#1026 = CARTESIAN_POINT ( 'NONE',  ( -0.9954801315419586905, -0.5006850234618122064, 0.0000000000000000000 ) ) ;
#1027 = CARTESIAN_POINT ( 'NONE',  ( -2.671876702474879295, -0.4750614539241188594, 0.0000000000000000000 ) ) ;
#1028 = EDGE_CURVE ( 'NONE', #3986, #3358, #2607, .T. ) ;
#1029 = FILL_AREA_STYLE ('',( #5352 ) ) ;
#1030 = EDGE_LOOP ( 'NONE', ( #4350, #3396, #1011, #17 ) ) ;
#1031 = SURFACE_STYLE_USAGE ( .BOTH. , #4022 ) ;
#1032 = LINE ( 'NONE', #3194, #2861 ) ;
#1033 = ORIENTED_EDGE ( 'NONE', *, *, #4558, .F. ) ;
#1034 = LINE ( 'NONE', #5385, #1804 ) ;
#1035 = CARTESIAN_POINT ( 'NONE',  ( -4.533442997946020903, -1.195302021908707379, 2.593200000000003058 ) ) ;
#1036 = VERTEX_POINT ( 'NONE', #1367 ) ;
#1037 = CARTESIAN_POINT ( 'NONE',  ( -5.262002891504413249, -0.6008177662652368634, 0.0000000000000000000 ) ) ;
#1038 = CARTESIAN_POINT ( 'NONE',  ( -2.913958451280717732, -1.118489719005522964, 2.593200000000003058 ) ) ;
#1039 = DIRECTION ( 'NONE',  ( -1.000000000000000000, -0.0000000000000000000, -0.0000000000000000000 ) ) ;
#1040 = CARTESIAN_POINT ( 'NONE',  ( -5.218455413030829604, -1.510844983281140141, 1.473127387660180698 ) ) ;
#1041 = CARTESIAN_POINT ( 'NONE',  ( -1.211811710973212053, -0.9281982245085975691, 1.894874153082231505 ) ) ;
#1042 = CARTESIAN_POINT ( 'NONE',  ( -1.409574994736093823, -1.248763906448281613, 0.002871978742871938300 ) ) ;
#1043 = CARTESIAN_POINT ( 'NONE',  ( -1.082926007820485870, -1.428563284257506005, 2.593200000000003058 ) ) ;
#1044 = B_SPLINE_SURFACE_WITH_KNOTS ( 'NONE', 1, 3, ( 
 ( #4160, #746, #5128, #5524, #254, #1200, #1603, #1574, #4243, #5035, #1665, #2879, #3392, #4188, #4608, #2460 ),
 ( #1981, #282, #3336, #2032, #3884, #1815, #1379, #5163, #1731, #868, #4332, #4691, #3916, #810, #491, #3940 ) ),
 .UNSPECIFIED., .F., .F., .F.,
 ( 2, 2 ),
 ( 4, 3, 2, 2, 2, 3, 4 ),
 ( 0.0000000000000000000, 1.000000000000000000 ),
 ( -0.01655836146870616130, 0.0000000000000000000, 0.2500000000000000000, 0.5000000000000000000, 0.7500000000000000000, 1.000000000000000000, 1.023578172536811826 ),
 .UNSPECIFIED. ) ;
#1045 = CARTESIAN_POINT ( 'NONE',  ( -4.060161455623673810, -0.4256349713519695932, 0.0000000000000000000 ) ) ;
#1046 = ORIENTED_EDGE ( 'NONE', *, *, #5004, .F. ) ;
#1047 = ORIENTED_EDGE ( 'NONE', *, *, #1798, .F. ) ;
#1048 = CARTESIAN_POINT ( 'NONE',  ( -5.239854685417256519, -0.7392184270485823161, 1.976273290087135148 ) ) ;
#1049 = DIRECTION ( 'NONE',  ( 0.0000000000000000000, -0.01745240643728354635, 0.9998476951563911586 ) ) ;
#1050 = CARTESIAN_POINT ( 'NONE',  ( -2.927835750624535383, -0.2830609584037316329, 0.0000000000000000000 ) ) ;
#1051 = B_SPLINE_CURVE_WITH_KNOTS ( 'NONE', 3,
 ( #5319, #3620, #1424, #2729, #1453, #3186, #2755, #4913 ),
 .UNSPECIFIED., .F., .F.,
 ( 4, 2, 2, 4 ),
 ( 1.540596216573103924E-06, 0.0001536642634831368365, 0.0002297260971164188047, 0.0003057879307497007458 ),
 .UNSPECIFIED. ) ;
#1052 = CARTESIAN_POINT ( 'NONE',  ( -2.831328799234967608, -0.4255784865672567752, 0.0000000000000000000 ) ) ;
#1053 = AXIS2_PLACEMENT_3D ( 'NONE', #5438, #5490, #3730 ) ;
#1054 = AXIS2_PLACEMENT_3D ( 'NONE', #5543, #2049, #3019 ) ;
#1055 = TOROIDAL_SURFACE ( 'NONE', #1599, 1.960000000000002185, 0.1000000000000002831 ) ;
#1056 = VERTEX_POINT ( 'NONE', #5341 ) ;
#1057 = DIRECTION ( 'NONE',  ( 0.0000000000000000000, 0.0000000000000000000, 1.000000000000000000 ) ) ;
#1058 = EDGE_CURVE ( 'NONE', #3371, #4470, #78, .T. ) ;
#1059 = VERTEX_POINT ( 'NONE', #128 ) ;
#1060 = AXIS2_PLACEMENT_3D ( 'NONE', #5616, #2209, #1726 ) ;
#1061 = B_SPLINE_CURVE_WITH_KNOTS ( 'NONE', 3,
 ( #4040, #5246, #865, #1454, #4914, #624, #1351, #3187, #2757, #2185 ),
 .UNSPECIFIED., .F., .F.,
 ( 4, 3, 3, 4 ),
 ( 0.0003639319504401987752, 0.0008092837819982321703, 0.001485306516629194325, 0.002161329251260156372 ),
 .UNSPECIFIED. ) ;
#1062 = CARTESIAN_POINT ( 'NONE',  ( -4.954596959167623105, -1.578085663292407625, 0.0000000000000000000 ) ) ;
#1063 = CARTESIAN_POINT ( 'NONE',  ( -3.230743331180097044, -0.5888920698452928537, -1.789160090686218391E-20 ) ) ;
#1064 = AXIS2_PLACEMENT_3D ( 'NONE', #3469, #910, #4766 ) ;
#1065 = CARTESIAN_POINT ( 'NONE',  ( -5.253952336075127683, -0.5470356180951433389, 0.0000000000000000000 ) ) ;
#1066 = CARTESIAN_POINT ( 'NONE',  ( -2.613500656615836526, -0.7281527721523776142, 0.0000000000000000000 ) ) ;
#1067 = EDGE_CURVE ( 'NONE', #2242, #9, #3295, .T. ) ;
#1068 = ORIENTED_EDGE ( 'NONE', *, *, #1153, .F. ) ;
#1069 = AXIS2_PLACEMENT_3D ( 'NONE', #2459, #1115, #1601 ) ;
#1070 = COLOUR_RGB ( '',0.8980392156862745390, 0.8980392156862745390, 0.8980392156862745390 ) ;
#1071 = CARTESIAN_POINT ( 'NONE',  ( -4.797976549462027229, -0.9869048015006003371, 2.593200000000003058 ) ) ;
#1072 = LINE ( 'NONE', #2774, #3710 ) ;
#1073 = CARTESIAN_POINT ( 'NONE',  ( -5.443102285952195807, -0.6126509653342681050, 0.0000000000000000000 ) ) ;
#1074 = CARTESIAN_POINT ( 'NONE',  ( -0.5414200136717570722, -0.8750648506906867352, 2.593200000000003058 ) ) ;
#1075 = ORIENTED_EDGE ( 'NONE', *, *, #4394, .F. ) ;
#1076 = DIRECTION ( 'NONE',  ( 1.000000000000000000, 0.0000000000000000000, 0.0000000000000000000 ) ) ;
#1077 =( LENGTH_UNIT ( ) NAMED_UNIT ( * ) SI_UNIT ( .MILLI., .METRE. ) );
#1078 = AXIS2_PLACEMENT_3D ( 'NONE', #3390, #4159, #4653 ) ;
#1079 = CARTESIAN_POINT ( 'NONE',  ( -2.827422072358194427, -0.3803225692746816655, 2.593200000000003058 ) ) ;
#1080 = CARTESIAN_POINT ( 'NONE',  ( -2.600722755486859494, -0.5828195357017037503, 0.0000000000000000000 ) ) ;
#1081 = PRODUCT_DEFINITION_FORMATION_WITH_SPECIFIED_SOURCE ( 'ANY', '', #262, .NOT_KNOWN. ) ;
#1082 = CARTESIAN_POINT ( 'NONE',  ( -0.8335476544482333106, -0.3138917999665414849, 2.086521492320119631 ) ) ;
#1083 =( BOUNDED_CURVE ( )  B_SPLINE_CURVE ( 3, ( #3294, #4894, #1133, #2685 ),
 .UNSPECIFIED., .F., .T. ) 
 B_SPLINE_CURVE_WITH_KNOTS ( ( 4, 4 ),
 ( 5.667392172210647061, 5.726181650008618007 ),
 .UNSPECIFIED. ) 
 CURVE ( )  GEOMETRIC_REPRESENTATION_ITEM ( )  RATIONAL_B_SPLINE_CURVE ( ( 1.000000000000000000, 0.9997120038461885239, 0.9997120038461885239, 1.000000000000000000 ) ) 
 REPRESENTATION_ITEM ( '' )  );
#1084 = ORIENTED_EDGE ( 'NONE', *, *, #2802, .F. ) ;
#1085 = CARTESIAN_POINT ( 'NONE',  ( -5.434434853413746325, -0.6861256788570804233, 1.465529562548776761E-19 ) ) ;
#1086 = CARTESIAN_POINT ( 'NONE',  ( -5.396671085219463926, -1.319383050532916268, 2.593200000000003058 ) ) ;
#1087 = ORIENTED_EDGE ( 'NONE', *, *, #4018, .T. ) ;
#1088 = DIRECTION ( 'NONE',  ( -1.000000000000000000, -0.0000000000000000000, -0.0000000000000000000 ) ) ;
#1089 = CARTESIAN_POINT ( 'NONE',  ( -4.901919116423177236, -1.531375384590060396, 2.593200000000003058 ) ) ;
#1090 = EDGE_CURVE ( 'NONE', #538, #3118, #3099, .T. ) ;
#1091 =( LENGTH_UNIT ( ) NAMED_UNIT ( * ) SI_UNIT ( .MILLI., .METRE. ) );
#1092 = VERTEX_POINT ( 'NONE', #2253 ) ;
#1093 = CARTESIAN_POINT ( 'NONE',  ( -5.164452766249842064, -0.4430022918929414355, 0.0000000000000000000 ) ) ;
#1094 = CARTESIAN_POINT ( 'NONE',  ( -0.5863457984889230978, -0.9277742014117316138, 0.0000000000000000000 ) ) ;
#1095 = ORIENTED_EDGE ( 'NONE', *, *, #1942, .F. ) ;
#1096 = CARTESIAN_POINT ( 'NONE',  ( -5.407099048257905771, -1.366736286222074437, 1.610968390073366674 ) ) ;
#1097 = CARTESIAN_POINT ( 'NONE',  ( -5.317833778923942489, -1.479397970675351948, 2.148347352056795812E-19 ) ) ;
#1098 = ADVANCED_FACE ( 'NONE', ( #3983 ), #3400, .T. ) ;
#1099 = DIRECTION ( 'NONE',  ( -0.6105078603393030434, -0.7920101971969338850, 0.0000000000000000000 ) ) ;
#1100 = SURFACE_SIDE_STYLE ('',( #5455 ) ) ;
#1101 = CARTESIAN_POINT ( 'NONE',  ( -0.6212871721639399158, -0.4944785809974338586, 2.593200000000003058 ) ) ;
#1102 = ORIENTED_EDGE ( 'NONE', *, *, #322, .F. ) ;
#1103 = EDGE_LOOP ( 'NONE', ( #5464, #4419, #2819, #3791 ) ) ;
#1104 = CARTESIAN_POINT ( 'NONE',  ( -2.529760904308490321, -0.3849979393877317468, 0.0000000000000000000 ) ) ;
#1105 = CARTESIAN_POINT ( 'NONE',  ( -2.512672068271225800, -0.4032162724399949716, 2.199675876008892974E-19 ) ) ;
#1106 = CARTESIAN_POINT ( 'NONE',  ( -0.8327821802454546951, -0.4255743041990424080, 0.0000000000000000000 ) ) ;
#1107 = CARTESIAN_POINT ( 'NONE',  ( -0.5418517898971239033, -0.4765414925587328487, 2.055699002692883859 ) ) ;
#1108 = CARTESIAN_POINT ( 'NONE',  ( -2.627022098744519418, -0.5228559673590861268, 0.0000000000000000000 ) ) ;
#1109 =( NAMED_UNIT ( * ) PLANE_ANGLE_UNIT ( ) SI_UNIT ( $, .RADIAN. ) );
#1110 = ORIENTED_EDGE ( 'NONE', *, *, #4410, .T. ) ;
#1111 = CARTESIAN_POINT ( 'NONE',  ( -5.305526654575983159, -0.8615216593403920431, 0.0000000000000000000 ) ) ;
#1112 = ORIENTED_EDGE ( 'NONE', *, *, #3579, .F. ) ;
#1113 = FACE_OUTER_BOUND ( 'NONE', #1408, .T. ) ;
#1114 = CARTESIAN_POINT ( 'NONE',  ( -4.702241126847629182, -0.6396615284266221613, 0.0000000000000000000 ) ) ;
#1115 = DIRECTION ( 'NONE',  ( 0.0000000000000000000, 0.9998476951563912696, 0.01745240643728354982 ) ) ;
#1116 = CARTESIAN_POINT ( 'NONE',  ( -4.997222489251886834, -0.2974728467764339856, 2.088925538507955260 ) ) ;
#1117 = ORIENTED_EDGE ( 'NONE', *, *, #5203, .T. ) ;
#1118 = CARTESIAN_POINT ( 'NONE',  ( -2.466659633608822677, -0.6856120707787810575, 1.996301260843781344 ) ) ;
#1119 = CARTESIAN_POINT ( 'NONE',  ( -0.5584262786835715309, -0.9277752472401331607, 1.599474629317098939 ) ) ;
#1120 = VERTEX_POINT ( 'NONE', #4773 ) ;
#1121 = EDGE_CURVE ( 'NONE', #3599, #1356, #1256, .T. ) ;
#1122 = CARTESIAN_POINT ( 'NONE',  ( -2.595198411492678936, -0.6456148955363255615, 1.151232187994347909E-19 ) ) ;
#1123 = CARTESIAN_POINT ( 'NONE',  ( -2.569260634771405538, -0.6334839897894103400, 1.468592418111490661 ) ) ;
#1124 = CARTESIAN_POINT ( 'NONE',  ( -4.954768029355356873, -1.556695848948459249, 1.225296898885636088 ) ) ;
#1125 = CARTESIAN_POINT ( 'NONE',  ( -3.234006447093952907, -0.6143088067257347351, 0.0000000000000000000 ) ) ;
#1126 = CARTESIAN_POINT ( 'NONE',  ( -0.8397239181164231070, -0.3802021310432009416, 2.593200000000003058 ) ) ;
#1127 = ORIENTED_EDGE ( 'NONE', *, *, #4362, .T. ) ;
#1128 = ADVANCED_FACE ( 'NONE', ( #5147 ), #5186, .T. ) ;
#1129 = CARTESIAN_POINT ( 'NONE',  ( -2.469898704826183788, -0.4643328539919612252, 0.0000000000000000000 ) ) ;
#1130 = EDGE_CURVE ( 'NONE', #3490, #4125, #2821, .T. ) ;
#1131 = FILL_AREA_STYLE ('',( #3750 ) ) ;
#1132 = CARTESIAN_POINT ( 'NONE',  ( -3.048701678032439411, -0.4650853955332664991, 2.593200000000003058 ) ) ;
#1133 = CARTESIAN_POINT ( 'NONE',  ( -1.440406307060341895, -1.150544788723112388, 1.769196678824954017 ) ) ;
#1134 = EDGE_CURVE ( 'NONE', #4470, #4983, #5604, .T. ) ;
#1135 = ORIENTED_EDGE ( 'NONE', *, *, #3996, .T. ) ;
#1136 = DIRECTION ( 'NONE',  ( -0.0000000000000000000, -0.0000000000000000000, -1.000000000000000000 ) ) ;
#1137 = CARTESIAN_POINT ( 'NONE',  ( -2.756529390780292132, -0.4335759627165053920, 1.435983751217075051E-19 ) ) ;
#1138 = EDGE_LOOP ( 'NONE', ( #5384, #1785, #751, #4951, #3211, #4213, #2296, #4118, #3204, #209, #4081 ) ) ;
#1139 = DIRECTION ( 'NONE',  ( 0.0000000000000000000, -1.000000000000000000, 0.0000000000000000000 ) ) ;
#1140 = AXIS2_PLACEMENT_3D ( 'NONE', #942, #559, #4402 ) ;
#1141 = CARTESIAN_POINT ( 'NONE',  ( -5.244181393454560691, -0.8721585660252343386, 1.164340323238388653 ) ) ;
#1142 = PRESENTATION_STYLE_ASSIGNMENT (( #3760 ) ) ;
#1143 = CARTESIAN_POINT ( 'NONE',  ( -0.9847720374992319226, -0.4877789868174372545, 4.230571947171311365E-20 ) ) ;
#1144 = VERTEX_POINT ( 'NONE', #5237 ) ;
#1145 = MECHANICAL_DESIGN_GEOMETRIC_PRESENTATION_REPRESENTATION (  '', ( #3064 ), #1887 ) ;
#1146 = DIRECTION ( 'NONE',  ( 0.9998476951563912696, 0.0000000000000000000, 0.01745240643728354982 ) ) ;
#1147 = CARTESIAN_POINT ( 'NONE',  ( -0.7984646252251279552, -0.3237702275707029509, 2.593200000000003058 ) ) ;
#1148 = ORIENTED_EDGE ( 'NONE', *, *, #250, .T. ) ;
#1149 = CARTESIAN_POINT ( 'NONE',  ( -4.693201198044653744, -0.6294011479206843562, 0.5878168055021422145 ) ) ;
#1150 = CARTESIAN_POINT ( 'NONE',  ( -2.583077381321205124, -0.6334859807347786864, 0.6772694673940650167 ) ) ;
#1151 = AXIS2_PLACEMENT_3D ( 'NONE', #332, #2087, #3382 ) ;
#1152 = CARTESIAN_POINT ( 'NONE',  ( -0.6386946356967740934, -1.384849280187490539, 2.593200000000003058 ) ) ;
#1153 = EDGE_CURVE ( 'NONE', #1349, #406, #1273, .T. ) ;
#1154 = CARTESIAN_POINT ( 'NONE',  ( -0.04153457663871456401, -1.120512530778507321, 1.799713965499234902 ) ) ;
#1155 = EDGE_LOOP ( 'NONE', ( #1597, #4048, #3393, #651 ) ) ;
#1156 = VECTOR ( 'NONE', #3808, 1000.000000000000000 ) ;
#1157 = CARTESIAN_POINT ( 'NONE',  ( -2.779572739688322525, -0.3239065169246525544, 2.593200000000003058 ) ) ;
#1158 = EDGE_CURVE ( 'NONE', #5308, #192, #3142, .T. ) ;
#1159 = FACE_OUTER_BOUND ( 'NONE', #1138, .T. ) ;
#1160 = DIRECTION ( 'NONE',  ( 0.01745240643728354635, 0.0000000000000000000, -0.9998476951563911586 ) ) ;
#1161 = DIRECTION ( 'NONE',  ( 0.01744974916068272111, 0.01744974916068272111, -0.9996954598818874604 ) ) ;
#1162 = AXIS2_PLACEMENT_3D ( 'NONE', #988, #2375, #5386 ) ;
#1163 = EDGE_CURVE ( 'NONE', #5491, #2907, #1748, .T. ) ;
#1164 = CARTESIAN_POINT ( 'NONE',  ( -1.080286220393540608, -0.9306103141390626998, 0.0000000000000000000 ) ) ;
#1165 = B_SPLINE_SURFACE_WITH_KNOTS ( 'NONE', 1, 3, ( 
 ( #1914, #134, #4071, #3482, #3622, #5217 ),
 ( #1324, #1478, #1781, #2342, #2632, #2312 ) ),
 .UNSPECIFIED., .F., .F., .F.,
 ( 2, 2 ),
 ( 4, 2, 4 ),
 ( 0.0000000000000000000, 1.000000000000000000 ),
 ( 0.0000000000000000000, 0.5000000000000000000, 1.000000000000000000 ),
 .UNSPECIFIED. ) ;
#1166 = CARTESIAN_POINT ( 'NONE',  ( -5.138635106829525512, -0.7582365237168688932, 0.0000000000000000000 ) ) ;
#1167 = CARTESIAN_POINT ( 'NONE',  ( -0.1912198469664873057, -0.2774627395310559907, 0.0000000000000000000 ) ) ;
#1168 =( NAMED_UNIT ( * ) SI_UNIT ( $, .STERADIAN. ) SOLID_ANGLE_UNIT ( ) );
#1169 = EDGE_LOOP ( 'NONE', ( #4448, #2451, #2339, #4999 ) ) ;
#1170 = CARTESIAN_POINT ( 'NONE',  ( -3.065502663132735783, -1.408817234581577482, 0.6777955731248718196 ) ) ;
#1171 = PRESENTATION_LAYER_ASSIGNMENT (  '', '', ( #2810 ) ) ;
#1172 = CARTESIAN_POINT ( 'NONE',  ( -3.141885617097802896, -1.272859447628306828, 1.107397396157585897E-19 ) ) ;
#1173 = CARTESIAN_POINT ( 'NONE',  ( 8.258599534877250292, -1.250000000000004441, 6.123233995736814107E-17 ) ) ;
#1174 = CARTESIAN_POINT ( 'NONE',  ( -4.571444926157976596, -0.5104493775195765304, 2.049671154850130073 ) ) ;
#1175 = ORIENTED_EDGE ( 'NONE', *, *, #4744, .T. ) ;
#1176 = CARTESIAN_POINT ( 'NONE',  ( -2.431028879825301470, -0.6593277730328203079, 1.784069190337640891E-19 ) ) ;
#1177 = CARTESIAN_POINT ( 'NONE',  ( -3.252737913582337104, -1.522903448043468888, -1.159464996628269268E-20 ) ) ;
#1178 = VERTEX_POINT ( 'NONE', #459 ) ;
#1179 = CARTESIAN_POINT ( 'NONE',  ( -4.649776012225780519, -0.3644059257990648892, 3.529904119173037149E-21 ) ) ;
#1180 = CARTESIAN_POINT ( 'NONE',  ( -14.12140046512274694, -1.734723475976807094E-15, 0.0000000000000000000 ) ) ;
#1181 = CARTESIAN_POINT ( 'NONE',  ( -0.7690379657901067478, -1.420148925807080298, 0.0000000000000000000 ) ) ;
#1182 = FACE_OUTER_BOUND ( 'NONE', #1816, .T. ) ;
#1183 = CARTESIAN_POINT ( 'NONE',  ( -14.12140046512274516, 0.4999999999999987232, 0.0000000000000000000 ) ) ;
#1184 = CARTESIAN_POINT ( 'NONE',  ( -1.079008259453186458, -1.032104910596705949, 9.193313190974646717E-20 ) ) ;
#1185 = ORIENTED_EDGE ( 'NONE', *, *, #2726, .F. ) ;
#1186 = LINE ( 'NONE', #3470, #5512 ) ;
#1187 = PLANE ( 'NONE',  #1425 ) ;
#1188 = CARTESIAN_POINT ( 'NONE',  ( -2.806433872500804227, -1.134930484247743454, 1.778772834266702407 ) ) ;
#1189 = DIRECTION ( 'NONE',  ( -1.000000000000000000, -0.0000000000000000000, -0.0000000000000000000 ) ) ;
#1190 = EDGE_CURVE ( 'NONE', #3487, #1056, #4776, .T. ) ;
#1191 = CARTESIAN_POINT ( 'NONE',  ( -0.7831666191637978169, -0.4311641070632050710, 4.328710526699272534E-20 ) ) ;
#1192 = CARTESIAN_POINT ( 'NONE',  ( -8.841400465122747576, -2.123270045287784227E-15, 0.0000000000000000000 ) ) ;
#1193 = CARTESIAN_POINT ( 'NONE',  ( -17.07237392568151790, -1.218748981412659083, 1.722425882383802564 ) ) ;
#1194 = ORIENTED_EDGE ( 'NONE', *, *, #3217, .F. ) ;
#1195 = ADVANCED_FACE ( 'NONE', ( #1342 ), #1055, .T. ) ;
#1196 = CARTESIAN_POINT ( 'NONE',  ( -9.991400465122744379, -2.123270045287784227E-15, 0.0000000000000000000 ) ) ;
#1197 = CARTESIAN_POINT ( 'NONE',  ( -2.825392857116060252, -0.2774627395310559907, 0.0000000000000000000 ) ) ;
#1198 = CARTESIAN_POINT ( 'NONE',  ( -0.8332912096107133459, -1.450005455932022791, 1.150254544997658890 ) ) ;
#1199 = CARTESIAN_POINT ( 'NONE',  ( -0.8333327507429639791, -0.2822738398416822503, 0.2755647776353161715 ) ) ;
#1200 = CARTESIAN_POINT ( 'NONE',  ( -5.261112690564118566, -0.6218429702165932937, 0.0000000000000000000 ) ) ;
#1201 = ORIENTED_EDGE ( 'NONE', *, *, #903, .F. ) ;
#1202 = DIRECTION ( 'NONE',  ( 0.0000000000000000000, 0.0000000000000000000, 1.000000000000000000 ) ) ;
#1203 = CARTESIAN_POINT ( 'NONE',  ( -0.6230107724963002136, -0.3882048968641243492, 2.593200000000003058 ) ) ;
#1204 = ORIENTED_EDGE ( 'NONE', *, *, #2976, .F. ) ;
#1205 = CARTESIAN_POINT ( 'NONE',  ( -4.539792963856624120, -0.5278091804178867141, 3.529904119173037149E-21 ) ) ;
#1206 = CARTESIAN_POINT ( 'NONE',  ( -1.100599718941398741, -0.9277232006882796256, 1.165604279768972962 ) ) ;
#1207 = CARTESIAN_POINT ( 'NONE',  ( -0.6728174614885490401, -1.354790349121623771, 0.0000000000000000000 ) ) ;
#1208 = CARTESIAN_POINT ( 'NONE',  ( -1.035663103180616496, -1.288648884352340263, 0.0000000000000000000 ) ) ;
#1209 = EDGE_LOOP ( 'NONE', ( #4643, #1931, #1231, #462, #3824, #2395, #2713, #4283, #2844, #3169, #4057, #3538, #1575, #3495, #1636, #2366 ) ) ;
#1210 = LINE ( 'NONE', #3899, #886 ) ;
#1211 = CARTESIAN_POINT ( 'NONE',  ( -5.290079664691836214, -1.223993838412301471, 2.391702549246664028E-19 ) ) ;
#1212 = B_SPLINE_SURFACE_WITH_KNOTS ( 'NONE', 1, 3, ( 
 ( #272, #795, #422, #390, #4918, #167, #3674, #3671, #4562, #5458, #1770, #1630, #2990 ),
 ( #3411, #2590, #1652, #798, #2115, #4621, #3778, #4261, #4742, #735, #2473, #4645, #1215 ) ),
 .UNSPECIFIED., .F., .F., .F.,
 ( 2, 2 ),
 ( 4, 2, 2, 2, 3, 4 ),
 ( 0.0000000000000000000, 1.000000000000000000 ),
 ( 0.0000000000000000000, 0.1250000000000000000, 0.2500000000000000000, 0.5000000000000000000, 1.000000000000000000, 1.010000000000000009 ),
 .UNSPECIFIED. ) ;
#1213 = CARTESIAN_POINT ( 'NONE',  ( -4.706764316401435444, -0.6054182783518885502, 0.0000000000000000000 ) ) ;
#1214 = CARTESIAN_POINT ( 'NONE',  ( -17.07237392568151790, -1.970189195394364898E-15, -1.250000000000001998 ) ) ;
#1215 = CARTESIAN_POINT ( 'NONE',  ( -2.908324474918810409, -1.113901684525683944, 2.593200000000003058 ) ) ;
#1216 = B_SPLINE_CURVE_WITH_KNOTS ( 'NONE', 3,
 ( #4123, #223, #3759, #2482, #304, #1141, #3302, #5005, #1978, #3711 ),
 .UNSPECIFIED., .F., .F.,
 ( 4, 3, 3, 4 ),
 ( 0.0002344001510150155480, 0.0004145526770468522279, 0.001287940985602869723, 0.002161329294167774369 ),
 .UNSPECIFIED. ) ;
#1217 = DIRECTION ( 'NONE',  ( 0.0000000000000000000, -1.000000000000000000, 0.0000000000000000000 ) ) ;
#1218 = CARTESIAN_POINT ( 'NONE',  ( -1.101529282341541016, -0.6355713494790582452, 2.593200000000003058 ) ) ;
#1219 = EDGE_CURVE ( 'NONE', #1144, #2184, #5117, .T. ) ;
#1220 = CARTESIAN_POINT ( 'NONE',  ( -5.188805125838795718, -0.7854409665051241829, 2.593200000000003058 ) ) ;
#1221 = CARTESIAN_POINT ( 'NONE',  ( -5.253513857389673802, -0.8902166565404584508, 0.0000000000000000000 ) ) ;
#1222 = CARTESIAN_POINT ( 'NONE',  ( -2.594902718727972513, -0.6334876854340841801, 0.0000000000000000000 ) ) ;
#1223 = ORIENTED_EDGE ( 'NONE', *, *, #2391, .F. ) ;
#1224 = DIRECTION ( 'NONE',  ( 0.0000000000000000000, 0.0000000000000000000, 1.000000000000000000 ) ) ;
#1225 = B_SPLINE_CURVE_WITH_KNOTS ( 'NONE', 3,
 ( #546, #3724, #2737, #1431, #3573, #2449, #4144, #1563, #571, #3131, #2295, #269 ),
 .UNSPECIFIED., .F., .F.,
 ( 4, 2, 2, 2, 2, 4 ),
 ( 0.0000000000000000000, 2.937246179289297674E-05, 5.874492358578595349E-05, 0.0001174898471715719070, 0.0002349796943431438139, 0.0004699593886862876279 ),
 .UNSPECIFIED. ) ;
#1226 = CARTESIAN_POINT ( 'NONE',  ( -4.955667760529411048, -0.4099204473810035276, 4.762539561707135955E-20 ) ) ;
#1227 = VECTOR ( 'NONE', #4447, 1000.000000000000000 ) ;
#1228 = FACE_OUTER_BOUND ( 'NONE', #3246, .T. ) ;
#1229 = EDGE_CURVE ( 'NONE', #4577, #2056, #393, .T. ) ;
#1230 = CARTESIAN_POINT ( 'NONE',  ( -0.5338478447518749670, -1.388655860127383068, 1.590474515391518517 ) ) ;
#1231 = ORIENTED_EDGE ( 'NONE', *, *, #965, .T. ) ;
#1232 = CARTESIAN_POINT ( 'NONE',  ( -4.989838399082059617, -0.3729180270227315797, 2.076784087266051237 ) ) ;
#1233 = CARTESIAN_POINT ( 'NONE',  ( -7.320840341273962437, -2.123270045287784227E-15, 0.0000000000000000000 ) ) ;
#1234 = VERTEX_POINT ( 'NONE', #1686 ) ;
#1235 = AXIS2_PLACEMENT_3D ( 'NONE', #2111, #4768, #3373 ) ;
#1236 = CARTESIAN_POINT ( 'NONE',  ( -4.576308184104451726, -0.4507464879554249904, 3.529904119173037149E-21 ) ) ;
#1237 = DIRECTION ( 'NONE',  ( 0.0000000000000000000, -1.000000000000000000, 0.0000000000000000000 ) ) ;
#1238 = CARTESIAN_POINT ( 'NONE',  ( -2.794636175523427468, -0.3902609241414307650, 2.073595218513147653 ) ) ;
#1239 = CARTESIAN_POINT ( 'NONE',  ( -0.8963677757427026549, -1.468016208525504851, 2.593200000000003058 ) ) ;
#1240 = AXIS2_PLACEMENT_3D ( 'NONE', #2082, #3809, #4317 ) ;
#1241 = AXIS2_PLACEMENT_3D ( 'NONE', #1416, #941, #1795 ) ;
#1242 = EDGE_CURVE ( 'NONE', #3210, #4569, #3196, .T. ) ;
#1243 = CARTESIAN_POINT ( 'NONE',  ( -5.459677141648800358, -1.148007160063623022, 1.770361420852439638 ) ) ;
#1244 = CARTESIAN_POINT ( 'NONE',  ( -0.9556949796085102422, -1.390460848812351324, 9.193313190974646717E-20 ) ) ;
#1245 = EDGE_LOOP ( 'NONE', ( #2436, #662, #5196, #1727 ) ) ;
#1246 = CARTESIAN_POINT ( 'NONE',  ( -4.751061123118569540, -1.007125140973401001, 2.593200000000003058 ) ) ;
#1247 = AXIS2_PLACEMENT_3D ( 'NONE', #2160, #898, #3517 ) ;
#1248 = CARTESIAN_POINT ( 'NONE',  ( -5.477141174226565212, -1.131731147838949347, 0.8379093049991159781 ) ) ;
#1249 = CARTESIAN_POINT ( 'NONE',  ( -5.406790565778861080, -0.5892596348771128589, 2.026197581960046179 ) ) ;
#1250 = CARTESIAN_POINT ( 'NONE',  ( -4.955667760529411048, -0.4099204473810035276, 0.0000000000000000000 ) ) ;
#1251 = AXIS2_PLACEMENT_3D ( 'NONE', #3199, #1492, #2930 ) ;
#1252 = VECTOR ( 'NONE', #736, 1000.000000000000000 ) ;
#1253 = CARTESIAN_POINT ( 'NONE',  ( -1.111579178259593847, -1.043440226163025564, 1.838461521814397148 ) ) ;
#1254 = ORIENTED_EDGE ( 'NONE', *, *, #1473, .T. ) ;
#1255 = CARTESIAN_POINT ( 'NONE',  ( -4.954596959167623105, -1.578085663292407625, 0.0000000000000000000 ) ) ;
#1256 = LINE ( 'NONE', #4806, #1703 ) ;
#1257 = B_SPLINE_CURVE_WITH_KNOTS ( 'NONE', 3,
 ( #2069, #2938, #1670, #410, #2101, #2165, #3341, #5560, #5074, #4217, #378, #1179, #2131, #3795, #4276, #1236, #5103, #5592, #1205, #3891, #780, #3399 ),
 .UNSPECIFIED., .F., .F.,
 ( 4, 2, 2, 2, 2, 2, 2, 2, 2, 2, 4 ),
 ( 0.0000000000000000000, 8.451555859986554110E-05, 0.0001690311171997310822, 0.0002535466757995966233, 0.0002958044550995293938, 0.0003380622343994621644, 0.0004225777929993277055, 0.0004648355722992604760, 0.0005070933515991932466, 0.0005916089101990587877, 0.0006761244687989243288 ),
 .UNSPECIFIED. ) ;
#1258 = CARTESIAN_POINT ( 'NONE',  ( -1.738796490429361130, -0.6216544863650528274, 0.0000000000000000000 ) ) ;
#1259 = AXIS2_PLACEMENT_3D ( 'NONE', #2509, #338, #2058 ) ;
#1260 = CARTESIAN_POINT ( 'NONE',  ( -5.169246972531671425, -0.7446009333315664058, 0.0000000000000000000 ) ) ;
#1261 = CARTESIAN_POINT ( 'NONE',  ( -4.773596622525616340, -0.2957853731895726535, 0.0000000000000000000 ) ) ;
#1262 = ORIENTED_EDGE ( 'NONE', *, *, #5173, .T. ) ;
#1263 = VERTEX_POINT ( 'NONE', #3906 ) ;
#1264 = LINE ( 'NONE', #2155, #4053 ) ;
#1265 = DIRECTION ( 'NONE',  ( 0.01745240643728354982, 0.0000000000000000000, 0.9998476951563911586 ) ) ;
#1266 = FACE_OUTER_BOUND ( 'NONE', #2163, .T. ) ;
#1267 = CARTESIAN_POINT ( 'NONE',  ( -4.989111193770687791, -0.3639176421197289346, 2.593200000000003058 ) ) ;
#1268 = CARTESIAN_POINT ( 'NONE',  ( -4.639059863764198433, -1.205802089638874142, 1.731514169916735568 ) ) ;
#1269 = VERTEX_POINT ( 'NONE', #484 ) ;
#1270 = FACE_OUTER_BOUND ( 'NONE', #2700, .T. ) ;
#1271 = DIRECTION ( 'NONE',  ( 0.01744974916068272111, -0.01744974916068272111, -0.9996954598818874604 ) ) ;
#1272 = ORIENTED_EDGE ( 'NONE', *, *, #2149, .F. ) ;
#1273 = B_SPLINE_CURVE_WITH_KNOTS ( 'NONE', 3,
 ( #833, #1318, #5573, #3024, #2565, #31, #4229, #2085, #329, #5 ),
 .UNSPECIFIED., .F., .F.,
 ( 4, 2, 2, 2, 4 ),
 ( 4.218540288225901954E-06, 0.0003901086032792257957, 0.0005830536347747257734, 0.0006795261505224758436, 0.0007759986662702259138 ),
 .UNSPECIFIED. ) ;
#1274 = CARTESIAN_POINT ( 'NONE',  ( -4.488214569772976503, -1.197108101961204651, 0.0000000000000000000 ) ) ;
#1275 = EDGE_CURVE ( 'NONE', #2636, #2591, #5507, .T. ) ;
#1276 = CARTESIAN_POINT ( 'NONE',  ( -0.8332995181904455650, -0.2774627395310559907, 0.0000000000000000000 ) ) ;
#1277 = CARTESIAN_POINT ( 'NONE',  ( -0.8336101088699350292, -1.475222595103645951, 2.593200000000003058 ) ) ;
#1278 = CARTESIAN_POINT ( 'NONE',  ( -1.070521997529445546, -1.136060363318593502, 0.0000000000000000000 ) ) ;
#1279 = CARTESIAN_POINT ( 'NONE',  ( -4.541282594290871444, -0.6210085649848818834, 1.068627559877269428 ) ) ;
#1280 = CARTESIAN_POINT ( 'NONE',  ( -1.035663103180616496, -1.288648884352340263, 9.193313190974646717E-20 ) ) ;
#1281 = ORIENTED_EDGE ( 'NONE', *, *, #4782, .F. ) ;
#1282 = CARTESIAN_POINT ( 'NONE',  ( -4.790290303782982484, -0.9900146655084439695, 2.593200000000003058 ) ) ;
#1283 = CARTESIAN_POINT ( 'NONE',  ( -5.238415381463528142, -1.319581754218946967, 2.391702549246664028E-19 ) ) ;
#1284 = ADVANCED_FACE ( 'NONE', ( #1372 ), #2088, .T. ) ;
#1285 = CARTESIAN_POINT ( 'NONE',  ( -3.141971922206861390, -0.4683344284780136535, 2.593200000000003058 ) ) ;
#1286 = CARTESIAN_POINT ( 'NONE',  ( -1.039670713716311923, -1.525512158718120626, -1.894435147432296521E-19 ) ) ;
#1287 = CARTESIAN_POINT ( 'NONE',  ( -4.723868890964011413, -0.9159291530769866352, 1.834079376763381175 ) ) ;
#1288 = CARTESIAN_POINT ( 'NONE',  ( 0.7469736872523233817, -1.413680450805034017, 0.01321110221721092000 ) ) ;
#1289 = EDGE_LOOP ( 'NONE', ( #2010, #345, #1095, #3101 ) ) ;
#1290 = CARTESIAN_POINT ( 'NONE',  ( -4.639059863764198433, -1.205802089638874142, 1.731514169916735568 ) ) ;
#1291 = CARTESIAN_POINT ( 'NONE',  ( -4.887024739353766023, -0.9584182946482497911, 2.593200000000003058 ) ) ;
#1292 = DIRECTION ( 'NONE',  ( 0.6105078603393030434, 0.7920101971969338850, 0.0000000000000000000 ) ) ;
#1293 = CARTESIAN_POINT ( 'NONE',  ( -4.959081036366769446, -1.430019146252868634, 0.0000000000000000000 ) ) ;
#1294 = CARTESIAN_POINT ( 'NONE',  ( -3.517483708858973213, -0.8707721033933588650, 1.921940671288247637 ) ) ;
#1295 = ORIENTED_EDGE ( 'NONE', *, *, #4289, .T. ) ;
#1296 = CARTESIAN_POINT ( 'NONE',  ( -3.206339076259022924, -0.6152288954639917318, 1.567482117847323719 ) ) ;
#1297 = CARTESIAN_POINT ( 'NONE',  ( -5.245082938867069444, -0.5253958751703196040, -3.135031547352176236E-20 ) ) ;
#1298 = CARTESIAN_POINT ( 'NONE',  ( -4.954560717177319162, -0.3646693436201470240, 2.593200000000003058 ) ) ;
#1299 = LINE ( 'NONE', #1005, #2701 ) ;
#1300 = ORIENTED_EDGE ( 'NONE', *, *, #3080, .T. ) ;
#1301 = CARTESIAN_POINT ( 'NONE',  ( -1.056197486961465870, -0.3431630361296996168, 2.561349295854137319E-19 ) ) ;
#1302 = DIRECTION ( 'NONE',  ( 1.000000000000000000, 0.0000000000000000000, 0.0000000000000000000 ) ) ;
#1303 = ORIENTED_EDGE ( 'NONE', *, *, #2736, .F. ) ;
#1304 = B_SPLINE_CURVE_WITH_KNOTS ( 'NONE', 3,
 ( #3796, #2550, #5561, #5478, #313, #4638, #2039 ),
 .UNSPECIFIED., .F., .F.,
 ( 4, 3, 4 ),
 ( 0.0006344958213798760098, 0.001025313732847509809, 0.002161329376624779135 ),
 .UNSPECIFIED. ) ;
#1305 = CARTESIAN_POINT ( 'NONE',  ( -4.963946478162450937, -1.429938847588536621, 0.0000000000000000000 ) ) ;
#1306 = CARTESIAN_POINT ( 'NONE',  ( -1.097252263225662938, -0.3791139219912877945, 0.0000000000000000000 ) ) ;
#1307 = CARTESIAN_POINT ( 'NONE',  ( -0.5917315474012087018, -1.434032131131880439, 2.593200000000003058 ) ) ;
#1308 = CARTESIAN_POINT ( 'NONE',  ( -4.508021587034408029, -1.196863844480208883, 1.134392811371750742 ) ) ;
#1309 = CARTESIAN_POINT ( 'NONE',  ( -3.184333514535060861, -0.5242346521080791799, 2.045718424631568944 ) ) ;
#1310 = CARTESIAN_POINT ( 'NONE',  ( -1.113113952330663015, -0.8563502611182390867, 1.930044909707814504 ) ) ;
#1311 = ADVANCED_FACE ( 'NONE', ( #970 ), #3646, .T. ) ;
#1312 = CARTESIAN_POINT ( 'NONE',  ( -5.231317592704898267, -0.7303034415884941399, 1.270300217455532454 ) ) ;
#1313 = CARTESIAN_POINT ( 'NONE',  ( -1.016386264377818760, -0.5063060098214374749, 0.7299465598332979255 ) ) ;
#1314 = CARTESIAN_POINT ( 'NONE',  ( -4.636812738682933421, -0.9820765022779942566, 2.593200000000003058 ) ) ;
#1315 = ORIENTED_EDGE ( 'NONE', *, *, #1730, .F. ) ;
#1316 = EDGE_CURVE ( 'NONE', #3998, #1866, #133, .T. ) ;
#1317 = CARTESIAN_POINT ( 'NONE',  ( -1.601194235479508787, -1.439890536325798553, 1.548751511132634873 ) ) ;
#1318 = CARTESIAN_POINT ( 'NONE',  ( -0.5550081623320244351, -1.043403547599764281, 1.838473108677440848 ) ) ;
#1319 = CARTESIAN_POINT ( 'NONE',  ( -2.827736126772204983, -0.4256061315260161737, 0.0000000000000000000 ) ) ;
#1320 = EDGE_CURVE ( 'NONE', #3386, #851, #1834, .T. ) ;
#1321 = FACE_OUTER_BOUND ( 'NONE', #4557, .T. ) ;
#1322 = CARTESIAN_POINT ( 'NONE',  ( -4.569052998179504499, -0.4630024732406588517, 0.0000000000000000000 ) ) ;
#1323 = EDGE_LOOP ( 'NONE', ( #2945, #2516, #1765, #1432 ) ) ;
#1324 = CARTESIAN_POINT ( 'NONE',  ( -3.208181566742705826, -1.561542562363597897, 2.593200000000003058 ) ) ;
#1325 = CARTESIAN_POINT ( 'NONE',  ( -1.738796490429361130, -1.561622081978972565, 0.0000000000000000000 ) ) ;
#1326 = CARTESIAN_POINT ( 'NONE',  ( -0.1909341026865404023, -1.561336337699025689, 0.01637027883437005421 ) ) ;
#1327 = VERTEX_POINT ( 'NONE', #1882 ) ;
#1328 = CARTESIAN_POINT ( 'NONE',  ( -5.240012810155592504, -1.474849691219146219, 2.593200000000003058 ) ) ;
#1329 = ORIENTED_EDGE ( 'NONE', *, *, #2068, .F. ) ;
#1330 = FACE_BOUND ( 'NONE', #319, .T. ) ;
#1331 = CARTESIAN_POINT ( 'NONE',  ( -0.8677722814064677825, -0.3232690577117418029, 2.593200000000003058 ) ) ;
#1332 = B_SPLINE_CURVE_WITH_KNOTS ( 'NONE', 3,
 ( #613, #1874, #582, #1468, #1443, #961, #1851, #4454, #3203, #4875 ),
 .UNSPECIFIED., .F., .F.,
 ( 4, 3, 3, 4 ),
 ( 7.448954409437334061E-05, 0.0005154785868023834721, 0.001338403944202292035, 0.002161329301603382921 ),
 .UNSPECIFIED. ) ;
#1333 = AXIS2_PLACEMENT_3D ( 'NONE', #5375, #3647, #5347 ) ;
#1334 = CARTESIAN_POINT ( 'NONE',  ( -5.342557599559146553, -0.3744647612862431751, 1.306159568464606993E-19 ) ) ;
#1335 = CARTESIAN_POINT ( 'NONE',  ( -5.407837458799090946, -0.6127682507551089897, 2.019062918987892807 ) ) ;
#1336 = CARTESIAN_POINT ( 'NONE',  ( -5.190808730303288598, -0.3370350141931950372, 2.593200000000003058 ) ) ;
#1337 = CARTESIAN_POINT ( 'NONE',  ( -1.005909878523489009, -0.5136122339956367133, 0.0000000000000000000 ) ) ;
#1338 = AXIS2_PLACEMENT_3D ( 'NONE', #2705, #1856, #999 ) ;
#1339 = CARTESIAN_POINT ( 'NONE',  ( -4.700717216770704532, -0.9411934810696606091, 2.593200000000003058 ) ) ;
#1340 = EDGE_LOOP ( 'NONE', ( #67, #4912, #5487, #5099 ) ) ;
#1341 = FACE_OUTER_BOUND ( 'NONE', #814, .T. ) ;
#1342 = FACE_OUTER_BOUND ( 'NONE', #2937, .T. ) ;
#1343 = B_SPLINE_CURVE_WITH_KNOTS ( 'NONE', 3,
 ( #2900, #682, #3817, #3385, #3327, #5122, #766, #2425 ),
 .UNSPECIFIED., .F., .F.,
 ( 4, 2, 2, 4 ),
 ( 3.567742769788470131E-06, 0.0001642283039243352841, 0.0003248888650788821285, 0.0006462099873879758715 ),
 .UNSPECIFIED. ) ;
#1344 = EDGE_CURVE ( 'NONE', #237, #4184, #1051, .T. ) ;
#1345 = AXIS2_PLACEMENT_3D ( 'NONE', #3084, #13, #3549 ) ;
#1346 = CARTESIAN_POINT ( 'NONE',  ( -2.828994265528374186, -0.4256349713519693712, 0.0000000000000000000 ) ) ;
#1347 = DIRECTION ( 'NONE',  ( 1.000000000000000000, 1.224646799147353207E-16, -0.0000000000000000000 ) ) ;
#1348 = CARTESIAN_POINT ( 'NONE',  ( -4.576308184104451726, -0.4507464879554249904, 0.0000000000000000000 ) ) ;
#1349 = VERTEX_POINT ( 'NONE', #1023 ) ;
#1350 = MECHANICAL_DESIGN_GEOMETRIC_PRESENTATION_REPRESENTATION (  '', ( #5156 ), #3071 ) ;
#1351 = CARTESIAN_POINT ( 'NONE',  ( -2.932657995785895810, -1.090486104317053506, 0.6759197510910145423 ) ) ;
#1352 = ADVANCED_FACE ( 'NONE', ( #590 ), #1913, .T. ) ;
#1353 = DIRECTION ( 'NONE',  ( 0.0000000000000000000, -0.01745240643728354635, 0.9998476951563911586 ) ) ;
#1354 = CARTESIAN_POINT ( 'NONE',  ( -1.409524864160664581, -1.084178223889362691, 0.0000000000000000000 ) ) ;
#1355 = FACE_OUTER_BOUND ( 'NONE', #245, .T. ) ;
#1356 = VERTEX_POINT ( 'NONE', #3348 ) ;
#1357 = CARTESIAN_POINT ( 'NONE',  ( -1.241340556338873080, -0.7828258426228352773, 2.561349295854137319E-19 ) ) ;
#1358 =( LENGTH_UNIT ( ) NAMED_UNIT ( * ) SI_UNIT ( .MILLI., .METRE. ) );
#1359 = VERTEX_POINT ( 'NONE', #4174 ) ;
#1360 = CARTESIAN_POINT ( 'NONE',  ( -4.687553387523541559, -1.289274583543482455, 0.0000000000000000000 ) ) ;
#1361 = AXIS2_PLACEMENT_3D ( 'NONE', #1180, #3284, #3743 ) ;
#1362 = CARTESIAN_POINT ( 'NONE',  ( -4.795590036457499039, -1.395855913517877855, -7.684581296706453857E-20 ) ) ;
#1363 = CARTESIAN_POINT ( 'NONE',  ( -0.5572207114896294833, -1.463393856697462692, 0.0000000000000000000 ) ) ;
#1364 = CARTESIAN_POINT ( 'NONE',  ( -4.488214569772976503, -1.197108101961204651, 0.0000000000000000000 ) ) ;
#1365 = CARTESIAN_POINT ( 'NONE',  ( -1.704022870257775324, -0.7287653111312528686, 1.992179365392760859 ) ) ;
#1366 = CARTESIAN_POINT ( 'NONE',  ( -4.997299373199344252, -0.2609991582176210967, 0.0000000000000000000 ) ) ;
#1367 = CARTESIAN_POINT ( 'NONE',  ( -3.236982389951930994, -0.6396615284266221613, 0.0000000000000000000 ) ) ;
#1368 = CARTESIAN_POINT ( 'NONE',  ( -5.253513857389673802, -0.8902166565404584508, 0.0000000000000000000 ) ) ;
#1369 = CARTESIAN_POINT ( 'NONE',  ( -4.533731703690381032, -1.180790588415695730, 2.593200000000003058 ) ) ;
#1370 = VERTEX_POINT ( 'NONE', #1048 ) ;
#1371 = PLANE ( 'NONE',  #4787 ) ;
#1372 = FACE_OUTER_BOUND ( 'NONE', #2816, .T. ) ;
#1373 = ADVANCED_BREP_SHAPE_REPRESENTATION ( '7B3D012A-BBEF-48F1-9D35-46DE45769AA7', ( #2751, #4591, #879, #2734, #4568, #2887, #841, #5079 ), #4716 ) ;
#1374 = FILL_AREA_STYLE_COLOUR ( '', #73 ) ;
#1375 = CARTESIAN_POINT ( 'NONE',  ( -2.828977958826356609, -0.3999934879848713876, 1.468592413220970450 ) ) ;
#1376 = CARTESIAN_POINT ( 'NONE',  ( -4.855921506398406251, -0.2733287567331409429, 0.0000000000000000000 ) ) ;
#1377 = EDGE_CURVE ( 'NONE', #1946, #5063, #2386, .T. ) ;
#1378 =( NAMED_UNIT ( * ) PLANE_ANGLE_UNIT ( ) SI_UNIT ( $, .RADIAN. ) );
#1379 = CARTESIAN_POINT ( 'NONE',  ( -5.301872453964509013, -0.6532725104722164611, 2.593200000000003058 ) ) ;
#1380 = ORIENTED_EDGE ( 'NONE', *, *, #4403, .F. ) ;
#1381 = CARTESIAN_POINT ( 'NONE',  ( -1.037279847840222535, -0.5771226503870823255, -7.471130231984299497E-20 ) ) ;
#1382 = EDGE_CURVE ( 'NONE', #2021, #1512, #2779, .T. ) ;
#1383 = ORIENTED_EDGE ( 'NONE', *, *, #4984, .T. ) ;
#1384 = ADVANCED_FACE ( 'NONE', ( #4588 ), #2996, .T. ) ;
#1385 = DIRECTION ( 'NONE',  ( -3.965082230804130713E-16, 1.000000000000000000, -0.0000000000000000000 ) ) ;
#1386 = CARTESIAN_POINT ( 'NONE',  ( 0.6779973904884580849, -0.3643314351390740113, 2.078464613747712075 ) ) ;
#1387 = CARTESIAN_POINT ( 'NONE',  ( -1.738796490429361130, -1.084178223889362691, 0.0000000000000000000 ) ) ;
#1388 = CARTESIAN_POINT ( 'NONE',  ( -4.994228011876154838, -0.4090815031574383531, 0.0000000000000000000 ) ) ;
#1389 = CARTESIAN_POINT ( 'NONE',  ( 2.662990836728402311, -2.123270045287784227E-15, 2.051575658258941726 ) ) ;
#1390 = CARTESIAN_POINT ( 'NONE',  ( -4.491411198841100294, -1.253178503746956274, 2.143779822451709159E-19 ) ) ;
#1391 = CARTESIAN_POINT ( 'NONE',  ( -0.5065430066863905179, -0.4679559064747331742, -5.733611658969716177E-20 ) ) ;
#1392 = EDGE_CURVE ( 'NONE', #4199, #1631, #4953, .T. ) ;
#1393 = CARTESIAN_POINT ( 'NONE',  ( -5.440191820646670173, -0.5595730767946778261, 0.0000000000000000000 ) ) ;
#1394 = CARTESIAN_POINT ( 'NONE',  ( -0.6227548512846929896, -1.263570398275241979, 2.001454675372553567E-20 ) ) ;
#1395 = DIRECTION ( 'NONE',  ( 1.669508307706998772E-16, -1.000000000000000000, 0.0000000000000000000 ) ) ;
#1396 = ORIENTED_EDGE ( 'NONE', *, *, #3726, .T. ) ;
#1397 = DIRECTION ( 'NONE',  ( -0.9998476951563912696, 0.0000000000000000000, 0.01745240643728354982 ) ) ;
#1398 = CARTESIAN_POINT ( 'NONE',  ( -3.088690281051624353, -1.459921598763051165, 0.0000000000000000000 ) ) ;
#1399 = CARTESIAN_POINT ( 'NONE',  ( -17.07237392568151790, -2.123270045287784227E-15, 0.0000000000000000000 ) ) ;
#1400 = CARTESIAN_POINT ( 'NONE',  ( -9.991400465122744379, -1.970189195394364898E-15, -1.250000000000001998 ) ) ;
#1401 = CARTESIAN_POINT ( 'NONE',  ( -4.582808475715816066, -0.5423182844060084884, 2.593200000000003058 ) ) ;
#1402 = DIRECTION ( 'NONE',  ( -1.000000000000000000, -0.0000000000000000000, -0.0000000000000000000 ) ) ;
#1403 = ADVANCED_FACE ( 'NONE', ( #4139 ), #2680, .T. ) ;
#1404 = CARTESIAN_POINT ( 'NONE',  ( -0.8334967074069007387, -0.3063295762033245162, 1.653388661975111473 ) ) ;
#1405 = CARTESIAN_POINT ( 'NONE',  ( -0.8374640448720653829, -1.430072135825410928, 0.0000000000000000000 ) ) ;
#1406 = ORIENTED_EDGE ( 'NONE', *, *, #3277, .F. ) ;
#1407 = CARTESIAN_POINT ( 'NONE',  ( -4.241260850071457256, -0.2774627395310562128, 0.0000000000000000000 ) ) ;
#1408 = EDGE_LOOP ( 'NONE', ( #4898, #3965, #1006, #5445 ) ) ;
#1409 = CARTESIAN_POINT ( 'NONE',  ( -4.623913589055336004, -1.203682922044081227, 2.593200000000003058 ) ) ;
#1410 = CARTESIAN_POINT ( 'NONE',  ( -4.825229356205777087, -1.519599498806639248, 2.593200000000003058 ) ) ;
#1411 = EDGE_CURVE ( 'NONE', #620, #3000, #2918, .T. ) ;
#1412 = CARTESIAN_POINT ( 'NONE',  ( -0.8155991026454566528, -1.532546745416158540, 2.593200000000003058 ) ) ;
#1413 = ORIENTED_EDGE ( 'NONE', *, *, #1445, .T. ) ;
#1414 = CARTESIAN_POINT ( 'NONE',  ( -5.205949274136924210, -0.2942833934783137262, 1.306159568464606993E-19 ) ) ;
#1415 = CARTESIAN_POINT ( 'NONE',  ( -3.145862415904350673, -0.4396310542813078315, 2.064410401751032076 ) ) ;
#1416 = CARTESIAN_POINT ( 'NONE',  ( -4.060161455623673810, -0.8372245041878402239, 0.0000000000000000000 ) ) ;
#1417 = CARTESIAN_POINT ( 'NONE',  ( -0.7108897085756700207, -1.390439837370425868, 2.001454675372553567E-20 ) ) ;
#1418 = LINE ( 'NONE', #4908, #164 ) ;
#1419 = EDGE_CURVE ( 'NONE', #1370, #2393, #4379, .T. ) ;
#1420 = CARTESIAN_POINT ( 'NONE',  ( -15.37140046512274516, -10.00000000000000178, 0.0000000000000000000 ) ) ;
#1421 = MECHANICAL_DESIGN_GEOMETRIC_PRESENTATION_REPRESENTATION (  '', ( #779 ), #3963 ) ;
#1422 = CARTESIAN_POINT ( 'NONE',  ( -4.793534836482686856, -1.002627341706741282, 1.856566296597591537 ) ) ;
#1423 = ORIENTED_EDGE ( 'NONE', *, *, #2829, .T. ) ;
#1424 = CARTESIAN_POINT ( 'NONE',  ( -4.704143999770153073, -1.048254021415437442, 1.831688048038945249 ) ) ;
#1425 = AXIS2_PLACEMENT_3D ( 'NONE', #1588, #3292, #1505 ) ;
#1426 = CARTESIAN_POINT ( 'NONE',  ( -2.876366702220425342, -0.2785185101657056683, 0.0000000000000000000 ) ) ;
#1427 = AXIS2_PLACEMENT_3D ( 'NONE', #2469, #1616, #4252 ) ;
#1428 = CARTESIAN_POINT ( 'NONE',  ( -3.071098345242853966, -0.6245478060659966912, 0.0000000000000000000 ) ) ;
#1429 = CARTESIAN_POINT ( 'NONE',  ( -2.814403429862168071, -0.4259880012564232765, 0.0000000000000000000 ) ) ;
#1430 = AXIS2_PLACEMENT_3D ( 'NONE', #2863, #2023, #4020 ) ;
#1431 = CARTESIAN_POINT ( 'NONE',  ( -4.843035410072108249, -1.019277215160640626, 8.594257207030009252E-20 ) ) ;
#1432 = ORIENTED_EDGE ( 'NONE', *, *, #250, .F. ) ;
#1433 = CIRCLE ( 'NONE', #527, 0.5000000000000004441 ) ;
#1434 = CARTESIAN_POINT ( 'NONE',  ( -5.279568121187648622, -0.8761419492745146087, 1.465529562548776761E-19 ) ) ;
#1435 = CARTESIAN_POINT ( 'NONE',  ( -4.209947431845829868, -1.209080886101390639, 1.793944528674123129 ) ) ;
#1436 = VERTEX_POINT ( 'NONE', #2984 ) ;
#1437 = CARTESIAN_POINT ( 'NONE',  ( -4.997278844068943293, -0.2707547573729292556, 0.5587243310621482495 ) ) ;
#1438 = CARTESIAN_POINT ( 'NONE',  ( -4.488214569772976503, -1.197108101961204651, 0.0000000000000000000 ) ) ;
#1439 = PRESENTATION_STYLE_ASSIGNMENT (( #4055 ) ) ;
#1440 = ORIENTED_EDGE ( 'NONE', *, *, #2837, .F. ) ;
#1441 = CARTESIAN_POINT ( 'NONE',  ( -5.056572622472620182, -0.3660006872777345488, 2.593200000000003058 ) ) ;
#1442 = CARTESIAN_POINT ( 'NONE',  ( -2.594902718727972513, -0.6334876854340841801, 0.0000000000000000000 ) ) ;
#1443 = CARTESIAN_POINT ( 'NONE',  ( -2.825348518938179954, -0.3014037559985996428, 1.371333293963742150 ) ) ;
#1444 = PRESENTATION_LAYER_ASSIGNMENT (  '', '', ( #3902 ) ) ;
#1445 = EDGE_CURVE ( 'NONE', #2045, #538, #1186, .T. ) ;
#1446 = CYLINDRICAL_SURFACE ( 'NONE', #1606, 0.5000000000000004441 ) ;
#1447 = CARTESIAN_POINT ( 'NONE',  ( -0.8202853723103833428, -1.429417480365503534, 2.001454675372553567E-20 ) ) ;
#1448 = FACE_OUTER_BOUND ( 'NONE', #1030, .T. ) ;
#1449 = MECHANICAL_DESIGN_GEOMETRIC_PRESENTATION_REPRESENTATION (  '', ( #2633 ), #1626 ) ;
#1450 = CARTESIAN_POINT ( 'NONE',  ( -0.8351002223966025317, -0.4256349713519693712, 0.0000000000000000000 ) ) ;
#1451 = ORIENTED_EDGE ( 'NONE', *, *, #536, .T. ) ;
#1452 = EDGE_CURVE ( 'NONE', #2288, #1937, #419, .T. ) ;
#1453 = CARTESIAN_POINT ( 'NONE',  ( -4.653295917230547474, -1.123042706580297256, 1.786470401846829592 ) ) ;
#1454 = CARTESIAN_POINT ( 'NONE',  ( -2.925192552162051207, -1.099623662769646071, 1.351839502182036190 ) ) ;
#1455 = CARTESIAN_POINT ( 'NONE',  ( -3.116284333880144697, -0.6205070036045843285, 2.593200000000003058 ) ) ;
#1456 = FACE_OUTER_BOUND ( 'NONE', #2981, .T. ) ;
#1457 = B_SPLINE_CURVE_WITH_KNOTS ( 'NONE', 3,
 ( #5426, #2406, #5454, #4134, #263, #1990, #1558, #1956, #204, #3287 ),
 .UNSPECIFIED., .F., .F.,
 ( 4, 2, 2, 2, 4 ),
 ( 0.0000000000000000000, 6.821726024531862289E-05, 0.0001364345204906372458, 0.0002728690409812744916, 0.0005457380819625489831 ),
 .UNSPECIFIED. ) ;
#1458 =( LENGTH_UNIT ( ) NAMED_UNIT ( * ) SI_UNIT ( .MILLI., .METRE. ) );
#1459 = ORIENTED_EDGE ( 'NONE', *, *, #4262, .T. ) ;
#1460 = CARTESIAN_POINT ( 'NONE',  ( -1.077257210471021187, -0.7858024870409495710, -7.471130231984299497E-20 ) ) ;
#1461 = FILL_AREA_STYLE_COLOUR ( '', #136 ) ;
#1462 = EDGE_LOOP ( 'NONE', ( #2754, #2123, #3518, #2686 ) ) ;
#1463 =( NAMED_UNIT ( * ) PLANE_ANGLE_UNIT ( ) SI_UNIT ( $, .RADIAN. ) );
#1464 = CARTESIAN_POINT ( 'NONE',  ( -4.851114842953993644, -1.524856290997093966, 2.593200000000003058 ) ) ;
#1465 = ORIENTED_EDGE ( 'NONE', *, *, #5131, .T. ) ;
#1466 = CARTESIAN_POINT ( 'NONE',  ( -4.986358979353671117, -0.4091433136565593154, 0.0000000000000000000 ) ) ;
#1467 = CARTESIAN_POINT ( 'NONE',  ( -3.151296272097662943, -1.329161827498138937, 1.640376146504125554 ) ) ;
#1468 = CARTESIAN_POINT ( 'NONE',  ( -2.825339242375836779, -0.3061919784163206759, 1.645599952408853150 ) ) ;
#1469 = CARTESIAN_POINT ( 'NONE',  ( 0.7219598724682346758, -1.536377666547909193, 1.446251591436572559 ) ) ;
#1470 = CARTESIAN_POINT ( 'NONE',  ( -4.804716535210900474, -1.033067901804398891, 0.0000000000000000000 ) ) ;
#1471 = CARTESIAN_POINT ( 'NONE',  ( -5.088084094693321902, -1.572322310488755814, 2.148347352056795812E-19 ) ) ;
#1472 = CARTESIAN_POINT ( 'NONE',  ( -1.243562240502908089, -1.019707276613365021, 0.0000000000000000000 ) ) ;
#1473 = EDGE_CURVE ( 'NONE', #258, #1666, #1970, .T. ) ;
#1474 = CARTESIAN_POINT ( 'NONE',  ( -4.712979211867195595, -0.8911479443995996563, 0.2835981978481426080 ) ) ;
#1475 = CARTESIAN_POINT ( 'NONE',  ( -0.6502708071496527964, -0.4594403078444189714, 2.593200000000003058 ) ) ;
#1476 = EDGE_LOOP ( 'NONE', ( #1084, #5436, #5002, #266 ) ) ;
#1477 = DIRECTION ( 'NONE',  ( 0.9998476951563912696, 0.0000000000000000000, 0.01745240643728354982 ) ) ;
#1478 = CARTESIAN_POINT ( 'NONE',  ( -3.208216652485625264, -1.542060467128927970, 2.593200000000003058 ) ) ;
#1479 = B_SPLINE_CURVE_WITH_KNOTS ( 'NONE', 3,
 ( #5280, #953, #901, #2688, #3967, #1734, #69, #4418, #523, #494 ),
 .UNSPECIFIED., .F., .F.,
 ( 4, 3, 3, 4 ),
 ( 0.0001384495778417131878, 0.0002429552493809789416, 0.001214776246904895277, 0.002161329576650209382 ),
 .UNSPECIFIED. ) ;
#1480 = ADVANCED_FACE ( 'NONE', ( #2557 ), #4285, .T. ) ;
#1481 = CARTESIAN_POINT ( 'NONE',  ( -1.042749126513646374, -0.4871864183245224189, 2.593200000000003058 ) ) ;
#1482 = CARTESIAN_POINT ( 'NONE',  ( -2.589619393890196353, -0.4971880175748206732, 2.593200000000003058 ) ) ;
#1483 = UNCERTAINTY_MEASURE_WITH_UNIT (LENGTH_MEASURE( 1.000000000000000082E-05 ), #4156, 'distance_accuracy_value', 'NONE');
#1484 = PRESENTATION_STYLE_ASSIGNMENT (( #3191 ) ) ;
#1485 = EDGE_CURVE ( 'NONE', #1436, #2548, #4346, .T. ) ;
#1486 = VERTEX_POINT ( 'NONE', #2078 ) ;
#1487 = CARTESIAN_POINT ( 'NONE',  ( -5.438014217465658717, -0.6716540210635162378, 1.465529562548776761E-19 ) ) ;
#1488 = CARTESIAN_POINT ( 'NONE',  ( -3.483936109653454682, -0.9853967360087538818, 0.0000000000000000000 ) ) ;
#1489 = ORIENTED_EDGE ( 'NONE', *, *, #1130, .T. ) ;
#1490 = PRESENTATION_STYLE_ASSIGNMENT (( #4496 ) ) ;
#1491 = CARTESIAN_POINT ( 'NONE',  ( 0.6318776328011230792, -0.9359244061643178236, 1.891069936820418906 ) ) ;
#1492 = DIRECTION ( 'NONE',  ( 0.0000000000000000000, 0.9998476951563912696, 0.01745240643728354982 ) ) ;
#1493 = CARTESIAN_POINT ( 'NONE',  ( -5.422766082905448926, -0.6127177916922262879, 1.164340362467223500 ) ) ;
#1494 = CARTESIAN_POINT ( 'NONE',  ( -5.219127458378865825, -0.4865141815919189483, 0.0000000000000000000 ) ) ;
#1495 = CARTESIAN_POINT ( 'NONE',  ( -2.549936218478912053, -0.6462614906511439106, 2.593200000000003058 ) ) ;
#1496 = VERTEX_POINT ( 'NONE', #454 ) ;
#1497 = FACE_OUTER_BOUND ( 'NONE', #14, .T. ) ;
#1498 = CARTESIAN_POINT ( 'NONE',  ( -5.183129505241684143, -0.9249937411013271493, 0.0000000000000000000 ) ) ;
#1499 = FACE_OUTER_BOUND ( 'NONE', #122, .T. ) ;
#1500 = VECTOR ( 'NONE', #3040, 1000.000000000000000 ) ;
#1501 = CARTESIAN_POINT ( 'NONE',  ( -0.5863188500567080297, -0.9319565091784811628, 0.0000000000000000000 ) ) ;
#1502 = VERTEX_POINT ( 'NONE', #3803 ) ;
#1503 = ORIENTED_EDGE ( 'NONE', *, *, #1473, .F. ) ;
#1504 = CARTESIAN_POINT ( 'NONE',  ( -0.8320088716445317445, -1.532839593058035188, 2.593200000000003058 ) ) ;
#1505 = DIRECTION ( 'NONE',  ( 0.0000000000000000000, -0.01745240643728354635, -0.9998476951563911586 ) ) ;
#1506 = CARTESIAN_POINT ( 'NONE',  ( -0.8339880948803920502, -0.3803258951929175402, 2.593200000000003058 ) ) ;
#1507 = CARTESIAN_POINT ( 'NONE',  ( -2.643377870590563727, -0.4398609743408282147, 2.593200000000003058 ) ) ;
#1508 = STYLED_ITEM ( 'NONE', ( #5001 ), #542 ) ;
#1509 = EDGE_CURVE ( 'NONE', #3210, #2907, #1210, .T. ) ;
#1510 = VECTOR ( 'NONE', #2113, 1000.000000000000114 ) ;
#1511 = CARTESIAN_POINT ( 'NONE',  ( -1.016225140951060313, -1.539157060827295531, -1.894435147432296521E-19 ) ) ;
#1512 = VERTEX_POINT ( 'NONE', #386 ) ;
#1513 = CARTESIAN_POINT ( 'NONE',  ( -5.442148915068160342, -0.6423415765145681355, 1.465529562548776761E-19 ) ) ;
#1514 = CARTESIAN_POINT ( 'NONE',  ( -5.404311692300914238, -0.6654314793532287720, 2.002500270246775571 ) ) ;
#1515 = ORIENTED_EDGE ( 'NONE', *, *, #3992, .T. ) ;
#1516 = STYLED_ITEM ( 'NONE', ( #1894 ), #3837 ) ;
#1517 = VECTOR ( 'NONE', #3586, 1000.000000000000000 ) ;
#1518 = ADVANCED_FACE ( 'NONE', ( #5537 ), #2615, .T. ) ;
#1519 = CARTESIAN_POINT ( 'NONE',  ( -4.599917758631844045, -1.420073884733535019, 1.561247939723703571 ) ) ;
#1520 = CARTESIAN_POINT ( 'NONE',  ( -4.591950946100008757, -1.451880967903121267, 0.0000000000000000000 ) ) ;
#1521 = FACE_BOUND ( 'NONE', #3550, .T. ) ;
#1522 = VECTOR ( 'NONE', #5306, 1000.000000000000114 ) ;
#1523 = ORIENTED_EDGE ( 'NONE', *, *, #4211, .F. ) ;
#1524 = CARTESIAN_POINT ( 'NONE',  ( -5.281407464772332361, -0.4968365800993674863, 2.593200000000003058 ) ) ;
#1525 = CARTESIAN_POINT ( 'NONE',  ( -0.5623469457377403558, -0.9277751003766355753, 1.374864481043937658 ) ) ;
#1526 = ORIENTED_EDGE ( 'NONE', *, *, #3259, .F. ) ;
#1527 = CARTESIAN_POINT ( 'NONE',  ( -10.09140046512274580, -0.5000000000000016653, 6.123233995736772199E-17 ) ) ;
#1528 = AXIS2_PLACEMENT_3D ( 'NONE', #4440, #2626, #4353 ) ;
#1529 = CARTESIAN_POINT ( 'NONE',  ( -3.006602978840774654, -1.350451938062714241, 1.041885070563473011E-19 ) ) ;
#1530 =( LENGTH_UNIT ( ) NAMED_UNIT ( * ) SI_UNIT ( .MILLI., .METRE. ) );
#1531 = CARTESIAN_POINT ( 'NONE',  ( -0.5898650157575608954, -0.5487194303154373509, 2.593200000000003058 ) ) ;
#1532 = VERTEX_POINT ( 'NONE', #3866 ) ;
#1533 = CARTESIAN_POINT ( 'NONE',  ( -0.8826035428714016362, -1.530945091371360034, 2.593200000000003058 ) ) ;
#1534 = UNCERTAINTY_MEASURE_WITH_UNIT (LENGTH_MEASURE( 1.000000000000000082E-05 ), #5226, 'distance_accuracy_value', 'NONE');
#1535 = CARTESIAN_POINT ( 'NONE',  ( -3.236982389951930994, -0.6396615284266221613, 0.0000000000000000000 ) ) ;
#1536 = CIRCLE ( 'NONE', #3631, 0.5000000000000004441 ) ;
#1537 = CARTESIAN_POINT ( 'NONE',  ( -2.900772698063648125, -0.3843957814267567330, 2.593200000000003058 ) ) ;
#1538 = CARTESIAN_POINT ( 'NONE',  ( -1.689332252931119660, -0.2940757658303772559, 0.008561697507348444564 ) ) ;
#1539 = PRESENTATION_LAYER_ASSIGNMENT (  '', '', ( #2633 ) ) ;
#1540 = CARTESIAN_POINT ( 'NONE',  ( -2.550015946047399673, -0.6176182497678238681, 2.593200000000003058 ) ) ;
#1541 = SURFACE_STYLE_FILL_AREA ( #2081 ) ;
#1542 = EDGE_CURVE ( 'NONE', #3597, #4125, #932, .T. ) ;
#1543 = ORIENTED_EDGE ( 'NONE', *, *, #2164, .T. ) ;
#1544 = CARTESIAN_POINT ( 'NONE',  ( -0.8351002223966025317, -0.4256349713519693712, 0.0000000000000000000 ) ) ;
#1545 = ORIENTED_EDGE ( 'NONE', *, *, #4629, .F. ) ;
#1546 = LINE ( 'NONE', #5358, #4230 ) ;
#1547 = B_SPLINE_SURFACE_WITH_KNOTS ( 'NONE', 1, 3, ( 
 ( #3466, #528, #4005, #2280, #4310, #5199, #449, #2582, #498, #1363, #3092, #4423, #98, #2246, #1847, #3973, #2167, #935, #3582, #4795 ),
 ( #4823, #2668, #3895, #3493, #1791, #5627, #1740, #2195, #4370, #1307, #1763, #412, #3558, #74, #473, #1823, #3038, #3923, #1412, #4763 ) ),
 .UNSPECIFIED., .F., .F., .F.,
 ( 2, 2 ),
 ( 4, 2, 2, 2, 2, 2, 2, 2, 2, 4 ),
 ( 0.0000000000000000000, 1.000000000000000000 ),
 ( 0.0000000000000000000, 0.2500000000000000000, 0.3750000000000000000, 0.5000000000000000000, 0.6250000000000000000, 0.6875000000000000000, 0.7500000000000000000, 0.8750000000000000000, 0.9375000000000000000, 1.000000000000000000 ),
 .UNSPECIFIED. ) ;
#1548 = CARTESIAN_POINT ( 'NONE',  ( -4.663314336433660223, -0.9449133733603038987, 1.886849259374174137 ) ) ;
#1549 = ADVANCED_FACE ( 'NONE', ( #3067 ), #1446, .T. ) ;
#1550 = CARTESIAN_POINT ( 'NONE',  ( 3.231685845587584982, -2.127746763502802452E-15, 0.0000000000000000000 ) ) ;
#1551 = ORIENTED_EDGE ( 'NONE', *, *, #3746, .F. ) ;
#1552 = EDGE_CURVE ( 'NONE', #5190, #2664, #3179, .T. ) ;
#1553 = CARTESIAN_POINT ( 'NONE',  ( -5.108301266487529801, -0.3751505175001623726, 2.593200000000003058 ) ) ;
#1554 = CARTESIAN_POINT ( 'NONE',  ( -2.920274449816193663, -1.105643324800896554, 1.797123490003786017 ) ) ;
#1555 = ORIENTED_EDGE ( 'NONE', *, *, #1552, .T. ) ;
#1556 = LINE ( 'NONE', #2805, #2867 ) ;
#1557 = CARTESIAN_POINT ( 'NONE',  ( 7.508599534877254733, -1.249999999999999556, 0.0000000000000000000 ) ) ;
#1558 = CARTESIAN_POINT ( 'NONE',  ( -1.213123157815775288, -1.246525344336627539, 1.783248038321555445E-19 ) ) ;
#1559 = ADVANCED_FACE ( 'NONE', ( #5312 ), #962, .T. ) ;
#1560 = CARTESIAN_POINT ( 'NONE',  ( -0.8336698889981550842, -0.3803931015129639048, 2.593200000000003058 ) ) ;
#1561 = EDGE_LOOP ( 'NONE', ( #1380, #4253, #3653, #4024 ) ) ;
#1562 = CARTESIAN_POINT ( 'NONE',  ( -1.016225140951060313, -1.539157060827295531, 0.0000000000000000000 ) ) ;
#1563 = CARTESIAN_POINT ( 'NONE',  ( -4.955795539341981915, -0.9862867325752646686, 8.594257207030009252E-20 ) ) ;
#1564 = CARTESIAN_POINT ( 'NONE',  ( -1.574195768697813413, -0.2939614122472911095, 0.002010385120010358372 ) ) ;
#1565 = VERTEX_POINT ( 'NONE', #3980 ) ;
#1566 = LINE ( 'NONE', #4264, #4686 ) ;
#1567 = CARTESIAN_POINT ( 'NONE',  ( -5.368574805182176668, -0.7328850167181271136, 2.593200000000003058 ) ) ;
#1568 = SURFACE_STYLE_USAGE ( .BOTH. , #5467 ) ;
#1569 = ORIENTED_EDGE ( 'NONE', *, *, #2800, .F. ) ;
#1570 = LINE ( 'NONE', #655, #604 ) ;
#1571 = ADVANCED_FACE ( 'NONE', ( #2333 ), #4355, .T. ) ;
#1572 = CARTESIAN_POINT ( 'NONE',  ( -4.518557348400291218, -1.196734535434252233, 1.737793558437602526 ) ) ;
#1573 = PLANE ( 'NONE',  #2706 ) ;
#1574 = CARTESIAN_POINT ( 'NONE',  ( -5.254788916272429056, -0.6526285693401923105, 0.0000000000000000000 ) ) ;
#1575 = ORIENTED_EDGE ( 'NONE', *, *, #1809, .T. ) ;
#1576 = CARTESIAN_POINT ( 'NONE',  ( -3.385154621772845651, -0.2774627395310562128, 0.0000000000000000000 ) ) ;
#1577 = CARTESIAN_POINT ( 'NONE',  ( -0.6562419493197862996, -0.3139956407888669365, 0.0000000000000000000 ) ) ;
#1578 = ORIENTED_EDGE ( 'NONE', *, *, #19, .F. ) ;
#1579 = CARTESIAN_POINT ( 'NONE',  ( -2.515245569252892999, -0.8886039046043496814, 0.0000000000000000000 ) ) ;
#1580 = EDGE_CURVE ( 'NONE', #1269, #4333, #5477, .T. ) ;
#1581 = CARTESIAN_POINT ( 'NONE',  ( -2.298558255086145419, -1.248814037023710855, 0.0000000000000000000 ) ) ;
#1582 = CARTESIAN_POINT ( 'NONE',  ( -0.5410822864986192249, -0.9280693665584617280, 2.593200000000003058 ) ) ;
#1583 =( NAMED_UNIT ( * ) PLANE_ANGLE_UNIT ( ) SI_UNIT ( $, .RADIAN. ) );
#1584 = CARTESIAN_POINT ( 'NONE',  ( -2.792241116520758126, -1.151952094941725457, 0.5091802198694114212 ) ) ;
#1585 = ORIENTED_EDGE ( 'NONE', *, *, #1739, .F. ) ;
#1586 = B_SPLINE_CURVE_WITH_KNOTS ( 'NONE', 3,
 ( #5089, #3025, #3354, #3814, #2995, #860, #5576, #2150, #4748, #4720, #2923, #1656, #4263, #430, #364, #3908, #1191, #2119, #763, #2502 ),
 .UNSPECIFIED., .F., .F.,
 ( 4, 2, 2, 2, 2, 2, 2, 2, 2, 4 ),
 ( 0.0000000000000000000, 0.0001565885122795676013, 0.0003131770245591352026, 0.0003914712806989189761, 0.0004306184087688108629, 0.0004697655368387028039, 0.0005089126649085946906, 0.0005480597929784866316, 0.0005872069210483785726, 0.0006263540491182704052 ),
 .UNSPECIFIED. ) ;
#1587 = CARTESIAN_POINT ( 'NONE',  ( -2.826167846290338570, -0.3227205789839063810, 2.593200000000003058 ) ) ;
#1588 = CARTESIAN_POINT ( 'NONE',  ( -4.521141732399845736, -0.6396615284266221613, 0.0000000000000000000 ) ) ;
#1589 = EDGE_CURVE ( 'NONE', #2184, #1356, #2884, .T. ) ;
#1590 = LINE ( 'NONE', #1288, #4589 ) ;
#1591 = LINE ( 'NONE', #2865, #4512 ) ;
#1592 = CIRCLE ( 'NONE', #3130, 0.7478607546577126231 ) ;
#1593 = VECTOR ( 'NONE', #1884, 1000.000000000000000 ) ;
#1594 = ORIENTED_EDGE ( 'NONE', *, *, #244, .F. ) ;
#1595 = CARTESIAN_POINT ( 'NONE',  ( -4.710987404420391655, -0.8866152481281446285, 0.0000000000000000000 ) ) ;
#1596 = CARTESIAN_POINT ( 'NONE',  ( -3.102876240005683961, -0.6203482079203226363, 1.865448966667179853 ) ) ;
#1597 = ORIENTED_EDGE ( 'NONE', *, *, #3811, .F. ) ;
#1598 = CARTESIAN_POINT ( 'NONE',  ( -3.093668150160806096, -1.422990496510347480, 1.489781205206816228 ) ) ;
#1599 = AXIS2_PLACEMENT_3D ( 'NONE', #4320, #3874, #2178 ) ;
#1600 = CARTESIAN_POINT ( 'NONE',  ( -3.072346576817582608, -0.6561251097400569998, 0.0000000000000000000 ) ) ;
#1601 = DIRECTION ( 'NONE',  ( 0.0000000000000000000, -0.01745240643728354635, 0.9998476951563911586 ) ) ;
#1602 = CARTESIAN_POINT ( 'NONE',  ( -1.409574994736093823, -1.084228354464791932, 0.002871978742871938300 ) ) ;
#1603 = CARTESIAN_POINT ( 'NONE',  ( -5.257764929747400728, -0.6424926194692263115, 0.0000000000000000000 ) ) ;
#1604 = ORIENTED_EDGE ( 'NONE', *, *, #1419, .F. ) ;
#1605 = STYLED_ITEM ( 'NONE', ( #3403 ), #3389 ) ;
#1606 = AXIS2_PLACEMENT_3D ( 'NONE', #77, #2696, #3120 ) ;
#1607 = CARTESIAN_POINT ( 'NONE',  ( -2.095335923248434096, -1.084178223889362691, 0.0000000000000000000 ) ) ;
#1608 = CARTESIAN_POINT ( 'NONE',  ( -0.6758811112803926324, -0.3551039176405820785, 2.593200000000003058 ) ) ;
#1609 = ORIENTED_EDGE ( 'NONE', *, *, #2196, .T. ) ;
#1610 = B_SPLINE_CURVE_WITH_KNOTS ( 'NONE', 3,
 ( #1222, #2957, #4650, #716, #4602, #4627, #5549, #301, #4234, #4154, #2055, #248, #5029, #2003, #805, #2454, #2539, #1137, #3783, #4183, #4266, #5518 ),
 .UNSPECIFIED., .F., .F.,
 ( 4, 2, 2, 2, 2, 2, 2, 2, 2, 2, 4 ),
 ( 0.0000000000000000000, 4.332525443317411718E-05, 6.498788164976117916E-05, 8.665050886634823436E-05, 0.0001299757632995223583, 0.0001733010177326964687, 0.0001949636449492835239, 0.0002166262721658705791, 0.0002599515265990447166, 0.0003032767810322188270, 0.0003466020354653929375 ),
 .UNSPECIFIED. ) ;
#1611 = DIRECTION ( 'NONE',  ( 6.260656153901262653E-16, 1.000000000000000000, 0.0000000000000000000 ) ) ;
#1612 = VECTOR ( 'NONE', #5277, 1000.000000000000227 ) ;
#1613 = DIRECTION ( 'NONE',  ( 0.0000000000000000000, -1.224646799147362821E-16, 1.000000000000000000 ) ) ;
#1614 = CIRCLE ( 'NONE', #2521, 1.250000000000002220 ) ;
#1615 = CARTESIAN_POINT ( 'NONE',  ( -0.8188388911470296794, -1.474659705695444245, 2.593200000000003058 ) ) ;
#1616 = DIRECTION ( 'NONE',  ( 1.000000000000000000, 0.0000000000000000000, 0.0000000000000000000 ) ) ;
#1617 = ORIENTED_EDGE ( 'NONE', *, *, #360, .T. ) ;
#1618 = EDGE_CURVE ( 'NONE', #3818, #3617, #1556, .T. ) ;
#1619 = VECTOR ( 'NONE', #5608, 1000.000000000000000 ) ;
#1620 = CARTESIAN_POINT ( 'NONE',  ( -2.486066302936397854, -0.5449451865961588704, 2.593200000000003058 ) ) ;
#1621 = PLANE ( 'NONE',  #436 ) ;
#1622 = CARTESIAN_POINT ( 'NONE',  ( -1.738796490429361130, -1.084178223889362691, 0.0000000000000000000 ) ) ;
#1623 = EDGE_CURVE ( 'NONE', #5063, #5039, #4719, .T. ) ;
#1624 = DIRECTION ( 'NONE',  ( -0.0000000000000000000, -0.0000000000000000000, -1.000000000000000000 ) ) ;
#1625 = VECTOR ( 'NONE', #897, 1000.000000000000114 ) ;
#1626 =( GEOMETRIC_REPRESENTATION_CONTEXT ( 3 ) GLOBAL_UNCERTAINTY_ASSIGNED_CONTEXT ( ( #919 ) ) GLOBAL_UNIT_ASSIGNED_CONTEXT ( ( #827, #1109, #4257 ) ) REPRESENTATION_CONTEXT ( 'NONE', 'WORKASPACE' ) );
#1627 = CARTESIAN_POINT ( 'NONE',  ( -0.8351002223966025317, -0.4256349713519693712, 0.0000000000000000000 ) ) ;
#1628 = CARTESIAN_POINT ( 'NONE',  ( -4.728449137644352263, -0.9283760013897354169, 2.593200000000003058 ) ) ;
#1629 = CARTESIAN_POINT ( 'NONE',  ( -0.8350831113157449748, -0.4192617136527183042, 0.3649730597083994388 ) ) ;
#1630 = CARTESIAN_POINT ( 'NONE',  ( -2.937633000304134878, -1.079373839475431307, 0.0000000000000000000 ) ) ;
#1631 = VERTEX_POINT ( 'NONE', #4930 ) ;
#1632 = DIRECTION ( 'NONE',  ( 0.9998476951563912696, 0.0000000000000000000, 0.01745240643728354982 ) ) ;
#1633 = CARTESIAN_POINT ( 'NONE',  ( -4.765266425417204132, -0.4809396848408515890, 4.762539561707135955E-20 ) ) ;
#1634 = CARTESIAN_POINT ( 'NONE',  ( -0.1912198469664873057, -1.561622081978972565, 0.0000000000000000000 ) ) ;
#1635 = CARTESIAN_POINT ( 'NONE',  ( -0.4548944927920425818, -1.072647293989017703, 1.824110056550960257 ) ) ;
#1636 = ORIENTED_EDGE ( 'NONE', *, *, #1745, .T. ) ;
#1637 = CARTESIAN_POINT ( 'NONE',  ( -4.710987404420391655, -0.8866152481281446285, 0.0000000000000000000 ) ) ;
#1638 = CARTESIAN_POINT ( 'NONE',  ( -0.5628889992124079811, -0.4582737503521325251, 2.593200000000003058 ) ) ;
#1639 = ORIENTED_EDGE ( 'NONE', *, *, #3416, .T. ) ;
#1640 = CARTESIAN_POINT ( 'NONE',  ( -4.489176853545177259, -1.163167499850753295, -4.580658754754668732E-20 ) ) ;
#1641 = LINE ( 'NONE', #697, #4786 ) ;
#1642 = CARTESIAN_POINT ( 'NONE',  ( -1.080253237891968032, -0.9277742014117316138, 0.0000000000000000000 ) ) ;
#1643 = FILL_AREA_STYLE ('',( #3440 ) ) ;
#1644 = FILL_AREA_STYLE_COLOUR ( '', #3882 ) ;
#1645 = ORIENTED_EDGE ( 'NONE', *, *, #2118, .T. ) ;
#1646 = CARTESIAN_POINT ( 'NONE',  ( -0.4245880870785258554, -1.073728043341328542, -3.632736160938781104E-20 ) ) ;
#1647 = CARTESIAN_POINT ( 'NONE',  ( -5.075889938048668171, -0.8156957196349194916, 1.946019426205927161 ) ) ;
#1648 = EDGE_CURVE ( 'NONE', #2801, #1819, #5602, .T. ) ;
#1649 = CARTESIAN_POINT ( 'NONE',  ( -0.8601866086409342138, -1.577319186722496269, -1.894435147432296521E-19 ) ) ;
#1650 = CARTESIAN_POINT ( 'NONE',  ( -4.704379714758882614, -0.6225661929267545247, 0.0000000000000000000 ) ) ;
#1651 = CARTESIAN_POINT ( 'NONE',  ( -3.421434356556814826, -0.3643314351390740113, 2.078464613747712075 ) ) ;
#1652 = CARTESIAN_POINT ( 'NONE',  ( -3.180675353371364089, -1.427237707391634025, 2.593200000000003058 ) ) ;
#1653 = DIRECTION ( 'NONE',  ( 0.9998476951563912696, 0.0000000000000000000, 0.01745240643728355329 ) ) ;
#1654 = UNCERTAINTY_MEASURE_WITH_UNIT (LENGTH_MEASURE( 1.000000000000000082E-05 ), #1077, 'distance_accuracy_value', 'NONE');
#1655 = EDGE_CURVE ( 'NONE', #4685, #945, #3160, .T. ) ;
#1656 = CARTESIAN_POINT ( 'NONE',  ( -0.7021769666015770239, -0.4726386726545987460, 4.328710526699272534E-20 ) ) ;
#1657 = CARTESIAN_POINT ( 'NONE',  ( -5.220113678206296903, -0.7107175796040018367, 0.0000000000000000000 ) ) ;
#1658 = DIRECTION ( 'NONE',  ( 1.000000000000000000, 0.0000000000000000000, 0.0000000000000000000 ) ) ;
#1659 = CARTESIAN_POINT ( 'NONE',  ( -1.409524864160664581, -1.248814037023710855, 0.0000000000000000000 ) ) ;
#1660 = ORIENTED_EDGE ( 'NONE', *, *, #1915, .T. ) ;
#1661 = DIRECTION ( 'NONE',  ( -1.000000000000000000, -0.0000000000000000000, -0.0000000000000000000 ) ) ;
#1662 = EDGE_CURVE ( 'NONE', #3386, #5019, #2079, .T. ) ;
#1663 = CARTESIAN_POINT ( 'NONE',  ( -3.229427117595320862, -1.428672244438015770, 1.107397396157585897E-19 ) ) ;
#1664 = LINE ( 'NONE', #372, #2618 ) ;
#1665 = CARTESIAN_POINT ( 'NONE',  ( -5.230295763468275183, -0.6988446917334498742, 0.0000000000000000000 ) ) ;
#1666 = VERTEX_POINT ( 'NONE', #1527 ) ;
#1667 = CARTESIAN_POINT ( 'NONE',  ( -5.229029299214183801, -0.4417668215618422711, 2.063338042417554252 ) ) ;
#1668 = PLANE ( 'NONE',  #5493 ) ;
#1669 = ORIENTED_EDGE ( 'NONE', *, *, #1316, .F. ) ;
#1670 = CARTESIAN_POINT ( 'NONE',  ( -4.940478240054768655, -0.2623739259969847248, 3.529904119173037149E-21 ) ) ;
#1671 = CARTESIAN_POINT ( 'NONE',  ( -1.110772959465976095, -0.9276977003246364983, 1.748406419653462107 ) ) ;
#1672 = CARTESIAN_POINT ( 'NONE',  ( -2.560398250198722803, -0.6002487133542608877, 2.023120212307296217 ) ) ;
#1673 = CARTESIAN_POINT ( 'NONE',  ( -4.521141732399845736, -0.6396615284266221613, 0.0000000000000000000 ) ) ;
#1674 =( BOUNDED_CURVE ( )  B_SPLINE_CURVE ( 3, ( #3447, #1651, #5182, #3377 ),
 .UNSPECIFIED., .F., .T. ) 
 B_SPLINE_CURVE_WITH_KNOTS ( ( 4, 4 ),
 ( 6.097553471172102668, 6.133871330393103172 ),
 .UNSPECIFIED. ) 
 CURVE ( )  GEOMETRIC_REPRESENTATION_ITEM ( )  RATIONAL_B_SPLINE_CURVE ( ( 1.000000000000000000, 0.9998900874454588195, 0.9998900874454588195, 1.000000000000000000 ) ) 
 REPRESENTATION_ITEM ( '' )  );
#1675 = CARTESIAN_POINT ( 'NONE',  ( -2.795087155144554636, -1.148538752034837573, 0.7637703298009898001 ) ) ;
#1676 = ORIENTED_EDGE ( 'NONE', *, *, #1509, .F. ) ;
#1677 = CARTESIAN_POINT ( 'NONE',  ( -4.707332453104929648, -1.028365454271107149, 2.593200000000003058 ) ) ;
#1678 = DIRECTION ( 'NONE',  ( 0.01744974916068272111, -0.01744974916068272111, -0.9996954598818874604 ) ) ;
#1679 = CARTESIAN_POINT ( 'NONE',  ( -2.430266905593624127, -0.6319442246859495738, 0.0000000000000000000 ) ) ;
#1680 = DIRECTION ( 'NONE',  ( 0.0000000000000000000, -1.000000000000000000, 0.0000000000000000000 ) ) ;
#1681 = B_SPLINE_SURFACE_WITH_KNOTS ( 'NONE', 1, 3, ( 
 ( #1466, #4082, #4501, #4126, #4954, #4548, #2328, #4452, #3201, #2720, #3175, #1093, #5446, #1901, #1494, #2401, #3661, #4527, #3257, #1065, #1012, #3635, #611, #4985, #1037, #2825, #554, #2769 ),
 ( #2356, #2803, #636, #5362, #4927, #1441, #1553, #4030, #149, #580, #226, #2376, #176, #123, #4902, #2745, #1524, #1929, #3715, #5388, #1983, #1950, #1872, #3685, #4873, #991, #200, #5419 ) ),
 .UNSPECIFIED., .F., .F., .F.,
 ( 2, 2 ),
 ( 4, 3, 2, 2, 2, 2, 2, 2, 2, 2, 2, 3, 4 ),
 ( 0.0000000000000000000, 1.000000000000000000 ),
 ( -0.01000000000000000021, 0.0000000000000000000, 0.2500000000000000000, 0.3750000000000000000, 0.4375000000000000000, 0.5000000000000000000, 0.6250000000000000000, 0.7500000000000000000, 0.8125000000000000000, 0.8750000000000000000, 0.9375000000000000000, 1.000000000000000000, 1.010000000000000009 ),
 .UNSPECIFIED. ) ;
#1682 = CARTESIAN_POINT ( 'NONE',  ( -4.715400504941526627, -0.5720174971701149635, 0.0000000000000000000 ) ) ;
#1683 = FACE_BOUND ( 'NONE', #3073, .T. ) ;
#1684 = SURFACE_STYLE_USAGE ( .BOTH. , #829 ) ;
#1685 = CARTESIAN_POINT ( 'NONE',  ( -4.681863078689855406, -1.138367336572402078, 6.580220753501264833E-20 ) ) ;
#1686 = CARTESIAN_POINT ( 'NONE',  ( -4.997299373199344252, -0.2609991582176210967, 0.0000000000000000000 ) ) ;
#1687 = B_SPLINE_CURVE_WITH_KNOTS ( 'NONE', 3,
 ( #3948, #4765, #3144, #531, #4428, #500, #939 ),
 .UNSPECIFIED., .F., .F.,
 ( 4, 3, 4 ),
 ( 0.0006339619574041146979, 0.001168927609680378826, 0.002161329299570640024 ),
 .UNSPECIFIED. ) ;
#1688 = FILL_AREA_STYLE_COLOUR ( '', #3244 ) ;
#1689 = DIRECTION ( 'NONE',  ( 0.9998476951563912696, 0.0000000000000000000, 0.01745240643728355329 ) ) ;
#1690 = LINE ( 'NONE', #3027, #4511 ) ;
#1691 = ORIENTED_EDGE ( 'NONE', *, *, #2593, .T. ) ;
#1692 = ORIENTED_EDGE ( 'NONE', *, *, #1962, .F. ) ;
#1693 = DIRECTION ( 'NONE',  ( -1.000000000000000000, -0.0000000000000000000, -0.0000000000000000000 ) ) ;
#1694 = CARTESIAN_POINT ( 'NONE',  ( -0.8053110522552092698, -0.3903622502531562954, 2.073576192899693638 ) ) ;
#1695 = PRESENTATION_LAYER_ASSIGNMENT (  '', '', ( #1508 ) ) ;
#1696 = DIRECTION ( 'NONE',  ( -1.000000000000000000, 0.0000000000000000000, 0.0000000000000000000 ) ) ;
#1697 = CARTESIAN_POINT ( 'NONE',  ( 0.6648412638142375819, -0.9688880371774323264, 0.002584780868584745858 ) ) ;
#1698 = EDGE_LOOP ( 'NONE', ( #2738, #692, #1645, #4723 ) ) ;
#1699 = LINE ( 'NONE', #5254, #4507 ) ;
#1700 = CARTESIAN_POINT ( 'NONE',  ( -0.5471572169781654393, -0.4880890677847921633, 2.593200000000003058 ) ) ;
#1701 = ADVANCED_FACE ( 'NONE', ( #1497 ), #2142, .T. ) ;
#1702 = VERTEX_POINT ( 'NONE', #3858 ) ;
#1703 = VECTOR ( 'NONE', #3933, 1000.000000000000114 ) ;
#1704 = CARTESIAN_POINT ( 'NONE',  ( -4.508195900251454447, -1.080699737192995391, -4.580658754754668732E-20 ) ) ;
#1705 = CARTESIAN_POINT ( 'NONE',  ( -0.9060854837687025709, -0.2812378258570613077, 0.0000000000000000000 ) ) ;
#1706 = CARTESIAN_POINT ( 'NONE',  ( 7.508599534877251180, 0.5000000000000004441, 0.0000000000000000000 ) ) ;
#1707 = CARTESIAN_POINT ( 'NONE',  ( -1.124257052355984721, -1.034141499656330065, 2.593200000000003058 ) ) ;
#1708 = DIRECTION ( 'NONE',  ( -1.000000000000000000, -0.0000000000000000000, -0.0000000000000000000 ) ) ;
#1709 = ORIENTED_EDGE ( 'NONE', *, *, #3922, .F. ) ;
#1710 = CARTESIAN_POINT ( 'NONE',  ( -3.041991848770936979, -1.396986268844624401, 0.0000000000000000000 ) ) ;
#1711 = CARTESIAN_POINT ( 'NONE',  ( -5.219771170642939495, -0.7182458783563939742, 0.3154697958091308152 ) ) ;
#1712 = VECTOR ( 'NONE', #4570, 1000.000000000000227 ) ;
#1713 = AXIS2_PLACEMENT_3D ( 'NONE', #2415, #1624, #328 ) ;
#1714 = CARTESIAN_POINT ( 'NONE',  ( -5.463097544212349277, -1.144854724594898565, 1.589758513805780815 ) ) ;
#1715 = CARTESIAN_POINT ( 'NONE',  ( -5.333088104960857834, -1.141734258915778844, 1.410987154778887032 ) ) ;
#1716 = FACE_OUTER_BOUND ( 'NONE', #4779, .T. ) ;
#1717 = CARTESIAN_POINT ( 'NONE',  ( -1.120125973885442994, -1.454351559983623643, 0.0000000000000000000 ) ) ;
#1718 = CONICAL_SURFACE ( 'NONE', #4597, 0.7512058792506818294, 1.558362948938338155 ) ;
#1719 = PLANE ( 'NONE',  #321 ) ;
#1720 = ORIENTED_EDGE ( 'NONE', *, *, #3843, .F. ) ;
#1721 = DIRECTION ( 'NONE',  ( 1.000000000000000000, -4.336808689942013792E-16, 0.0000000000000000000 ) ) ;
#1722 = CARTESIAN_POINT ( 'NONE',  ( -4.088525524907236530, -1.368137068117930344, 1.624976440947524026 ) ) ;
#1723 = FILL_AREA_STYLE ('',( #1688 ) ) ;
#1724 = VECTOR ( 'NONE', #3310, 1000.000000000000000 ) ;
#1725 = CARTESIAN_POINT ( 'NONE',  ( -4.957335801366995476, -1.430072003643555911, 0.0000000000000000000 ) ) ;
#1726 = DIRECTION ( 'NONE',  ( 0.0000000000000000000, 0.0000000000000000000, -1.000000000000000000 ) ) ;
#1727 = ORIENTED_EDGE ( 'NONE', *, *, #5234, .F. ) ;
#1728 = CARTESIAN_POINT ( 'NONE',  ( 0.6648863813321239657, -0.8207609228744052743, 0.0000000000000000000 ) ) ;
#1729 = CARTESIAN_POINT ( 'NONE',  ( -5.157493946321315192, -0.4394716202931337468, -3.135031547352176236E-20 ) ) ;
#1730 = EDGE_CURVE ( 'NONE', #3297, #4297, #3323, .T. ) ;
#1731 = CARTESIAN_POINT ( 'NONE',  ( -5.288031393475875142, -0.6915303960083836188, 2.593200000000003058 ) ) ;
#1732 = ORIENTED_EDGE ( 'NONE', *, *, #4655, .T. ) ;
#1733 = SURFACE_SIDE_STYLE ('',( #3057 ) ) ;
#1734 = CARTESIAN_POINT ( 'NONE',  ( -5.284188746214359078, -0.6009862264536012244, 1.270299927299738174 ) ) ;
#1735 = ORIENTED_EDGE ( 'NONE', *, *, #1938, .T. ) ;
#1736 = CARTESIAN_POINT ( 'NONE',  ( -2.523738707036464746, -0.8194468908719961808, 2.593200000000003058 ) ) ;
#1737 = B_SPLINE_SURFACE_WITH_KNOTS ( 'NONE', 1, 3, ( 
 ( #3856, #257, #2909, #309, #1577, #4659, #2066, #3395, #2515, #5101, #749, #5475, #5589, #2971 ),
 ( #691, #1147, #4694, #3432, #1608, #1203, #2547, #1638, #1700, #344, #4579, #813, #3339, #4215 ) ),
 .UNSPECIFIED., .F., .F., .F.,
 ( 2, 2 ),
 ( 4, 2, 2, 2, 2, 2, 4 ),
 ( 0.0000000000000000000, 1.000000000000000000 ),
 ( 0.0000000000000000000, 0.1250000000000000000, 0.2500000000000000000, 0.3750000000000000000, 0.5000000000000000000, 0.7500000000000000000, 1.000000000000000000 ),
 .UNSPECIFIED. ) ;
#1738 = CARTESIAN_POINT ( 'NONE',  ( -4.928199110719528875, -1.429228689607728864, -7.684581296706453857E-20 ) ) ;
#1739 = EDGE_CURVE ( 'NONE', #1234, #659, #1257, .T. ) ;
#1740 = CARTESIAN_POINT ( 'NONE',  ( -0.5186854673909798707, -1.306811467305200480, 2.593200000000003058 ) ) ;
#1741 = CARTESIAN_POINT ( 'NONE',  ( -1.011164013360117631, -0.4628924916706002035, 2.058833238370733287 ) ) ;
#1742 = CARTESIAN_POINT ( 'NONE',  ( -4.664618077610295899, -1.205846263752424763, 0.2687567532524278713 ) ) ;
#1743 = PLANE ( 'NONE',  #1064 ) ;
#1744 = CARTESIAN_POINT ( 'NONE',  ( -2.475523434006355661, -0.6327923262057570941, 2.593200000000003058 ) ) ;
#1745 = EDGE_CURVE ( 'NONE', #3656, #255, #5532, .T. ) ;
#1746 = ORIENTED_EDGE ( 'NONE', *, *, #433, .T. ) ;
#1747 = DIRECTION ( 'NONE',  ( 0.0000000000000000000, 0.0000000000000000000, 1.000000000000000000 ) ) ;
#1748 = LINE ( 'NONE', #3812, #3237 ) ;
#1749 = CARTESIAN_POINT ( 'NONE',  ( -1.079428675352660738, -0.8568713832284569065, 0.0000000000000000000 ) ) ;
#1750 = CARTESIAN_POINT ( 'NONE',  ( -5.171207839283974650, -1.375342463139759053, 0.0000000000000000000 ) ) ;
#1751 = CARTESIAN_POINT ( 'NONE',  ( -2.862675442202103682, -0.3902025784466975344, 2.073606175184376177 ) ) ;
#1752 = EDGE_LOOP ( 'NONE', ( #4609, #1735, #5556, #2639 ) ) ;
#1753 = FACE_OUTER_BOUND ( 'NONE', #2596, .T. ) ;
#1754 = CARTESIAN_POINT ( 'NONE',  ( -5.164452766249842064, -0.4430022918929414355, -3.135031547352176236E-20 ) ) ;
#1755 = CARTESIAN_POINT ( 'NONE',  ( -3.227704882937779907, -1.536377666547909193, 1.446251591436572337 ) ) ;
#1756 = ORIENTED_EDGE ( 'NONE', *, *, #4769, .F. ) ;
#1757 = CARTESIAN_POINT ( 'NONE',  ( -0.9589262945608396649, -0.2946821388026402144, 2.561349295854137319E-19 ) ) ;
#1758 =( NAMED_UNIT ( * ) SI_UNIT ( $, .STERADIAN. ) SOLID_ANGLE_UNIT ( ) );
#1759 = ORIENTED_EDGE ( 'NONE', *, *, #5510, .T. ) ;
#1760 = PRODUCT_DEFINITION ( 'UNKNOWN', '', #1081, #3875 ) ;
#1761 = CARTESIAN_POINT ( 'NONE',  ( -4.623972979650152304, -1.205058658169542385, 2.593200000000003058 ) ) ;
#1762 = CARTESIAN_POINT ( 'NONE',  ( -0.8696307654892633243, -0.2780280134334649489, 0.0000000000000000000 ) ) ;
#1763 = CARTESIAN_POINT ( 'NONE',  ( -0.6020889138811826857, -1.445536297174109919, 2.593200000000003058 ) ) ;
#1764 = DIRECTION ( 'NONE',  ( 0.0000000000000000000, -1.000000000000000000, 0.0000000000000000000 ) ) ;
#1765 = ORIENTED_EDGE ( 'NONE', *, *, #3044, .F. ) ;
#1766 = CARTESIAN_POINT ( 'NONE',  ( 2.624800446169661239, -2.127746763502802452E-15, 0.0000000000000000000 ) ) ;
#1767 = ADVANCED_FACE ( 'NONE', ( #4248 ), #2536, .T. ) ;
#1768 = CARTESIAN_POINT ( 'NONE',  ( -0.4400704278900973709, -1.181565904182823923, -3.632736160938781104E-20 ) ) ;
#1769 = CARTESIAN_POINT ( 'NONE',  ( -5.473061831292904245, -1.135580277805463112, 1.058425813092491286 ) ) ;
#1770 = CARTESIAN_POINT ( 'NONE',  ( -2.938878219849097029, -1.080361192663273462, 0.0000000000000000000 ) ) ;
#1771 = CARTESIAN_POINT ( 'NONE',  ( -4.550388708528051218, -1.097365082940074732, 2.593200000000003058 ) ) ;
#1772 = ORIENTED_EDGE ( 'NONE', *, *, #216, .T. ) ;
#1773 = CARTESIAN_POINT ( 'NONE',  ( -0.1912198469664873057, -1.561622081978972565, 0.0000000000000000000 ) ) ;
#1774 = ADVANCED_FACE ( 'NONE', ( #4339 ), #5330, .T. ) ;
#1775 = CARTESIAN_POINT ( 'NONE',  ( -4.943759531749114089, -0.9426517159413042579, 2.593200000000003058 ) ) ;
#1776 = B_SPLINE_CURVE_WITH_KNOTS ( 'NONE', 3,
 ( #3526, #5259, #1738, #3465, #2132, #5170, #3114, #1362, #3091, #4822, #4733, #934, #4395, #4844, #3010, #4309, #145, #5415 ),
 .UNSPECIFIED., .F., .F.,
 ( 4, 2, 2, 2, 2, 2, 2, 2, 4 ),
 ( 0.0000000000000000000, 5.104429491381040792E-05, 0.0001020885898276208158, 0.0001531328847414312102, 0.0002041771796552416317, 0.0002552214745690520531, 0.0003062657694828624204, 0.0003573100643966728419, 0.0004083543593104832633 ),
 .UNSPECIFIED. ) ;
#1777 =( NAMED_UNIT ( * ) SI_UNIT ( $, .STERADIAN. ) SOLID_ANGLE_UNIT ( ) );
#1778 = CARTESIAN_POINT ( 'NONE',  ( -2.828972015619585445, -0.3906467349267483402, 2.003919119131033710 ) ) ;
#1779 = CARTESIAN_POINT ( 'NONE',  ( -4.788726698732618914, -0.3385604440188094699, 2.593200000000003058 ) ) ;
#1780 = ORIENTED_EDGE ( 'NONE', *, *, #19, .T. ) ;
#1781 = CARTESIAN_POINT ( 'NONE',  ( -3.207660359947838824, -1.527484502906135688, 2.593200000000003058 ) ) ;
#1782 = DIRECTION ( 'NONE',  ( 0.0000000000000000000, 0.0000000000000000000, 1.000000000000000000 ) ) ;
#1783 = CARTESIAN_POINT ( 'NONE',  ( -4.990493212834421932, -0.3638875740597122266, 2.593200000000003058 ) ) ;
#1784 = CYLINDRICAL_SURFACE ( 'NONE', #3329, 0.5000000000000004441 ) ;
#1785 = ORIENTED_EDGE ( 'NONE', *, *, #1589, .T. ) ;
#1786 = DIRECTION ( 'NONE',  ( -3.965082230804130713E-16, -1.000000000000000000, 0.0000000000000000000 ) ) ;
#1787 = CARTESIAN_POINT ( 'NONE',  ( -5.184754231478957642, -1.547216735953633515, 0.0000000000000000000 ) ) ;
#1788 = ORIENTED_EDGE ( 'NONE', *, *, #2667, .T. ) ;
#1789 = CARTESIAN_POINT ( 'NONE',  ( -4.827290442110476754, -1.409161580124867807, 0.0000000000000000000 ) ) ;
#1790 = CARTESIAN_POINT ( 'NONE',  ( -1.121349462712343037, -0.4891084965692369391, 2.593200000000003058 ) ) ;
#1791 = CARTESIAN_POINT ( 'NONE',  ( -0.4907617676422614261, -1.208330928420585204, 2.593200000000003058 ) ) ;
#1792 = CARTESIAN_POINT ( 'NONE',  ( -0.8745234860672820298, -0.3904602147128465317, 2.073557796506465767 ) ) ;
#1793 = CARTESIAN_POINT ( 'NONE',  ( -4.815403276527479903, -1.563846730717119327, 2.143779822451709159E-19 ) ) ;
#1794 = CARTESIAN_POINT ( 'NONE',  ( -1.037279847840222535, -0.5771226503870823255, 0.0000000000000000000 ) ) ;
#1795 = DIRECTION ( 'NONE',  ( 0.0000000000000000000, -0.01745240643728354635, 0.9998476951563911586 ) ) ;
#1796 = DIRECTION ( 'NONE',  ( 0.0000000000000000000, 0.0000000000000000000, 1.000000000000000000 ) ) ;
#1797 = VECTOR ( 'NONE', #4273, 1000.000000000000000 ) ;
#1798 = EDGE_CURVE ( 'NONE', #2967, #1234, #576, .T. ) ;
#1799 = B_SPLINE_CURVE_WITH_KNOTS ( 'NONE', 3,
 ( #4162, #1176, #3855, #4578, #2970, #4610, #690, #2514, #256, #2011, #3792, #3306, #3739, #5037 ),
 .UNSPECIFIED., .F., .F.,
 ( 4, 2, 2, 2, 2, 2, 4 ),
 ( 0.0000000000000000000, 8.167557442210405974E-05, 0.0001633511488442081195, 0.0003267022976884162390, 0.0004083778721105202716, 0.0004900534465326244126, 0.0006534045953768324779 ),
 .UNSPECIFIED. ) ;
#1800 = CARTESIAN_POINT ( 'NONE',  ( -4.539371326747322577, -1.020469050981763326, 0.0000000000000000000 ) ) ;
#1801 = EDGE_LOOP ( 'NONE', ( #2426, #775, #2796, #2409 ) ) ;
#1802 = MECHANICAL_DESIGN_GEOMETRIC_PRESENTATION_REPRESENTATION (  '', ( #2427 ), #3531 ) ;
#1803 = CARTESIAN_POINT ( 'NONE',  ( -1.599405092726076338, -1.536377666547909193, 1.446251591436572337 ) ) ;
#1804 = VECTOR ( 'NONE', #4100, 1000.000000000000000 ) ;
#1805 = CARTESIAN_POINT ( 'NONE',  ( -2.865301157841419588, -1.223884234422021988, 0.0000000000000000000 ) ) ;
#1806 = COLOUR_RGB ( '',0.7803921568627451011, 0.7607843137254901578, 0.7411764705882353255 ) ;
#1807 = AXIS2_PLACEMENT_3D ( 'NONE', #5272, #976, #32 ) ;
#1808 = ADVANCED_FACE ( 'NONE', ( #446, #1330 ), #4821, .T. ) ;
#1809 = EDGE_CURVE ( 'NONE', #2027, #2393, #5391, .T. ) ;
#1810 = CARTESIAN_POINT ( 'NONE',  ( -5.006227834808179900, -1.428465809743324932, 0.0000000000000000000 ) ) ;
#1811 = CARTESIAN_POINT ( 'NONE',  ( -4.678637834508728943, -0.3994333666638913427, 2.593200000000003058 ) ) ;
#1812 = COLOUR_RGB ( '',1.000000000000000000, 0.0000000000000000000, 0.0000000000000000000 ) ;
#1813 = DIRECTION ( 'NONE',  ( -1.000000000000000000, 0.0000000000000000000, 0.0000000000000000000 ) ) ;
#1814 = ADVANCED_FACE ( 'NONE', ( #1113 ), #3252, .T. ) ;
#1815 = CARTESIAN_POINT ( 'NONE',  ( -5.306367938145052143, -0.6255470557812432553, 2.593200000000003058 ) ) ;
#1816 = EDGE_LOOP ( 'NONE', ( #1959, #1732, #3324, #2585 ) ) ;
#1817 = SURFACE_STYLE_USAGE ( .BOTH. , #1733 ) ;
#1818 = CARTESIAN_POINT ( 'NONE',  ( -5.324897371408503055, -1.414926248913077833, 2.593200000000003058 ) ) ;
#1819 = VERTEX_POINT ( 'NONE', #5469 ) ;
#1820 = CARTESIAN_POINT ( 'NONE',  ( -4.997227563572574027, -0.2950705550434487012, 1.951341356640709845 ) ) ;
#1821 = STYLED_ITEM ( 'NONE', ( #1859 ), #5448 ) ;
#1822 = CARTESIAN_POINT ( 'NONE',  ( -1.190987816140783861, -0.5337751845383691407, 0.0000000000000000000 ) ) ;
#1823 = CARTESIAN_POINT ( 'NONE',  ( -0.7517705390347849681, -1.525459037741040191, 2.593200000000003058 ) ) ;
#1824 = CARTESIAN_POINT ( 'NONE',  ( -4.743153491394401122, -0.5088264792465991837, 0.0000000000000000000 ) ) ;
#1825 = CARTESIAN_POINT ( 'NONE',  ( -5.440191820646670173, -0.5595730767946778261, 1.306159568464606993E-19 ) ) ;
#1826 = CARTESIAN_POINT ( 'NONE',  ( -4.682491551417110820, -1.517902779497379617, 2.143779822451709159E-19 ) ) ;
#1827 = PLANE ( 'NONE',  #2261 ) ;
#1828 = CARTESIAN_POINT ( 'NONE',  ( -5.023803300536294536, -0.2617178140236137152, 0.0000000000000000000 ) ) ;
#1829 = CARTESIAN_POINT ( 'NONE',  ( -5.049463838212424172, -1.422385904961112724, 2.391702549246664028E-19 ) ) ;
#1830 = B_SPLINE_SURFACE_WITH_KNOTS ( 'NONE', 1, 3, ( 
 ( #3286, #2854, #4584, #158, #4933, #698, #2440, #2363, #1472, #3207 ),
 ( #1043, #4087, #182, #1935, #3376, #4259, #4225, #4824, #5607, #3974 ) ),
 .UNSPECIFIED., .F., .F., .F.,
 ( 2, 2 ),
 ( 4, 2, 2, 2, 4 ),
 ( 0.0000000000000000000, 1.000000000000000000 ),
 ( 0.0000000000000000000, 0.1250000000000000000, 0.2500000000000000000, 0.5000000000000000000, 1.000000000000000000 ),
 .UNSPECIFIED. ) ;
#1831 = CARTESIAN_POINT ( 'NONE',  ( -4.804338786881072743, -1.028151930445224238, 0.2687566227419481146 ) ) ;
#1832 = ORIENTED_EDGE ( 'NONE', *, *, #2391, .T. ) ;
#1833 = CARTESIAN_POINT ( 'NONE',  ( -5.215956312518400750, -0.7142621312531238775, 0.0000000000000000000 ) ) ;
#1834 = LINE ( 'NONE', #5296, #2782 ) ;
#1835 = UNCERTAINTY_MEASURE_WITH_UNIT (LENGTH_MEASURE( 1.000000000000000082E-05 ), #1091, 'distance_accuracy_value', 'NONE');
#1836 = B_SPLINE_CURVE_WITH_KNOTS ( 'NONE', 3,
 ( #5166, #2850, #4191, #3793, #5527, #777, #4163 ),
 .UNSPECIFIED., .F., .F.,
 ( 4, 3, 4 ),
 ( 0.0006166587559058311647, 0.001349825559707260167, 0.002161330416196906301 ),
 .UNSPECIFIED. ) ;
#1837 = CARTESIAN_POINT ( 'NONE',  ( -5.132717125920231105, -1.395917951867386098, 0.0000000000000000000 ) ) ;
#1838 = CARTESIAN_POINT ( 'NONE',  ( -4.628879955223855980, -0.4533219838726646467, 2.593200000000003058 ) ) ;
#1839 = EDGE_CURVE ( 'NONE', #4333, #1866, #1570, .T. ) ;
#1840 = FACE_OUTER_BOUND ( 'NONE', #4587, .T. ) ;
#1841 = ORIENTED_EDGE ( 'NONE', *, *, #402, .T. ) ;
#1842 = CARTESIAN_POINT ( 'NONE',  ( -5.304316226241757803, -1.489184849691242762, 0.0000000000000000000 ) ) ;
#1843 = ORIENTED_EDGE ( 'NONE', *, *, #5180, .F. ) ;
#1844 = EDGE_CURVE ( 'NONE', #1819, #1971, #3093, .T. ) ;
#1845 = CARTESIAN_POINT ( 'NONE',  ( -4.678578301523297789, -1.361627112281016627, 2.593200000000003058 ) ) ;
#1846 = CARTESIAN_POINT ( 'NONE',  ( -5.338537423736248400, -1.148007160063621690, 1.770361420852371470 ) ) ;
#1847 = CARTESIAN_POINT ( 'NONE',  ( -0.6900673125759387849, -1.556846778121951047, 0.0000000000000000000 ) ) ;
#1848 = ORIENTED_EDGE ( 'NONE', *, *, #3603, .T. ) ;
#1849 = CARTESIAN_POINT ( 'NONE',  ( -4.517925196302482682, -1.196742285276956252, 1.701589215422492307 ) ) ;
#1850 = CARTESIAN_POINT ( 'NONE',  ( -4.655226304705676554, -1.205830031649699707, 0.8062702597627942058 ) ) ;
#1851 = CARTESIAN_POINT ( 'NONE',  ( -2.825366535207496810, -0.2918273349257842209, 0.8227999766406832727 ) ) ;
#1852 = CARTESIAN_POINT ( 'NONE',  ( -5.289346402586087237, -0.3347298933927778108, 0.0000000000000000000 ) ) ;
#1853 = CARTESIAN_POINT ( 'NONE',  ( -4.803265586533115084, -1.033663514781941517, 0.0000000000000000000 ) ) ;
#1854 = CARTESIAN_POINT ( 'NONE',  ( -5.238073996680897793, -0.8603344763965077302, 1.926635561989751055 ) ) ;
#1855 = VERTEX_POINT ( 'NONE', #1896 ) ;
#1856 = DIRECTION ( 'NONE',  ( 0.0000000000000000000, -0.9998476951563912696, 0.01745240643728354982 ) ) ;
#1857 = SURFACE_SIDE_STYLE ('',( #4411 ) ) ;
#1858 = CARTESIAN_POINT ( 'NONE',  ( -2.596395577306858105, -0.6043113368215980996, 0.0000000000000000000 ) ) ;
#1859 = PRESENTATION_STYLE_ASSIGNMENT (( #4518 ) ) ;
#1860 = EDGE_CURVE ( 'NONE', #3340, #1092, #1546, .T. ) ;
#1861 = CARTESIAN_POINT ( 'NONE',  ( -0.8332995181904455650, -1.429913431471494079, 0.0000000000000000000 ) ) ;
#1862 = ORIENTED_EDGE ( 'NONE', *, *, #2149, .T. ) ;
#1863 = B_SPLINE_CURVE_WITH_KNOTS ( 'NONE', 3,
 ( #5542, #1287, #796, #4532, #4109, #4555, #2382, #587, #1474, #183 ),
 .UNSPECIFIED., .F., .F.,
 ( 4, 3, 3, 4 ),
 ( 0.0002607152490730790155, 0.0004594808214247387873, 0.001310405056651332660, 0.002161329291877935911 ),
 .UNSPECIFIED. ) ;
#1864 = CARTESIAN_POINT ( 'NONE',  ( -1.244889051026316418, -0.9282886883277764456, 0.0000000000000000000 ) ) ;
#1865 = CARTESIAN_POINT ( 'NONE',  ( -3.236210659577863691, -1.447405986617018359, 0.0000000000000000000 ) ) ;
#1866 = VERTEX_POINT ( 'NONE', #4925 ) ;
#1867 = CARTESIAN_POINT ( 'NONE',  ( -4.646435037497181675, -1.308484962807538121, 2.593200000000003058 ) ) ;
#1868 = CARTESIAN_POINT ( 'NONE',  ( -4.505291520553614149, -1.307557273947756782, 0.0000000000000000000 ) ) ;
#1869 = FILL_AREA_STYLE_COLOUR ( '', #435 ) ;
#1870 = EDGE_CURVE ( 'NONE', #2545, #4208, #1034, .T. ) ;
#1871 = ORIENTED_EDGE ( 'NONE', *, *, #4148, .T. ) ;
#1872 = CARTESIAN_POINT ( 'NONE',  ( -5.306749159531715776, -0.5817440918386291848, 2.593200000000003058 ) ) ;
#1873 = CARTESIAN_POINT ( 'NONE',  ( -2.692278123372567666, -0.8500649162606472853, 0.0000000000000000000 ) ) ;
#1874 = CARTESIAN_POINT ( 'NONE',  ( -2.825329246308494469, -0.3113238036340980064, 1.939547854365855306 ) ) ;
#1875 = CARTESIAN_POINT ( 'NONE',  ( -5.255780969882723141, -0.3672538662443519675, 2.593200000000003058 ) ) ;
#1876 = CARTESIAN_POINT ( 'NONE',  ( -0.6024255356954953955, -1.188038445381518926, 2.001454675372553567E-20 ) ) ;
#1877 = CARTESIAN_POINT ( 'NONE',  ( -5.491181433646167953, -1.150343818324375045, 2.148347352056795812E-19 ) ) ;
#1878 = VECTOR ( 'NONE', #4336, 999.9999999999998863 ) ;
#1879 = CARTESIAN_POINT ( 'NONE',  ( -3.241853677057903838, -1.550073209677128361, 0.6616344510511483756 ) ) ;
#1880 = DIRECTION ( 'NONE',  ( 0.9998476951563912696, 0.0000000000000000000, 0.01745240643728355329 ) ) ;
#1881 = EDGE_LOOP ( 'NONE', ( #846, #1780, #3885, #2067 ) ) ;
#1882 = CARTESIAN_POINT ( 'NONE',  ( -5.492493029892501433, -1.117105386516232146, 0.0000000000000000000 ) ) ;
#1883 = MECHANICAL_DESIGN_GEOMETRIC_PRESENTATION_REPRESENTATION (  '', ( #4859 ), #222 ) ;
#1884 = DIRECTION ( 'NONE',  ( 1.000000000000000000, 0.0000000000000000000, 0.0000000000000000000 ) ) ;
#1885 = TOROIDAL_SURFACE ( 'NONE', #884, 0.7566776936709389556, 0.008838884357004635900 ) ;
#1886 = CARTESIAN_POINT ( 'NONE',  ( -2.826477988016036225, -0.4255772917000629763, 0.0000000000000000000 ) ) ;
#1887 =( GEOMETRIC_REPRESENTATION_CONTEXT ( 3 ) GLOBAL_UNCERTAINTY_ASSIGNED_CONTEXT ( ( #1483 ) ) GLOBAL_UNIT_ASSIGNED_CONTEXT ( ( #4156, #1463, #5031 ) ) REPRESENTATION_CONTEXT ( 'NONE', 'WORKASPACE' ) );
#1888 = CARTESIAN_POINT ( 'NONE',  ( -2.829045415767475369, -0.3803560130277238716, 2.593200000000003058 ) ) ;
#1889 = UNCERTAINTY_MEASURE_WITH_UNIT (LENGTH_MEASURE( 1.000000000000000082E-05 ), #5092, 'distance_accuracy_value', 'NONE');
#1890 = VECTOR ( 'NONE', #3274, 1000.000000000000000 ) ;
#1891 = DIRECTION ( 'NONE',  ( -1.000000000000000000, -0.0000000000000000000, -0.0000000000000000000 ) ) ;
#1892 = CARTESIAN_POINT ( 'NONE',  ( -0.4647723780745874889, -0.6672245556195297578, 2.006040281921104285 ) ) ;
#1893 = ORIENTED_EDGE ( 'NONE', *, *, #2362, .F. ) ;
#1894 = PRESENTATION_STYLE_ASSIGNMENT (( #1031 ) ) ;
#1895 = ORIENTED_EDGE ( 'NONE', *, *, #3008, .T. ) ;
#1896 = CARTESIAN_POINT ( 'NONE',  ( -2.298558255086145419, -1.248814037023710855, 0.0000000000000000000 ) ) ;
#1897 = EDGE_CURVE ( 'NONE', #95, #3597, #2411, .T. ) ;
#1898 = CARTESIAN_POINT ( 'NONE',  ( -4.557054494862459393, -1.315902345878805502, 2.593200000000003058 ) ) ;
#1899 = CARTESIAN_POINT ( 'NONE',  ( -2.825392857116060252, -0.2774627395310559907, 0.0000000000000000000 ) ) ;
#1900 = EDGE_LOOP ( 'NONE', ( #4043, #5153, #4815, #4599, #4037, #5245, #2097, #806, #3857, #3917, #1127 ) ) ;
#1901 = CARTESIAN_POINT ( 'NONE',  ( -5.197016802405964420, -0.4645267510974173675, 0.0000000000000000000 ) ) ;
#1902 = CARTESIAN_POINT ( 'NONE',  ( -2.623871369074502358, -0.8411117740472273674, 2.593200000000003058 ) ) ;
#1903 = DIRECTION ( 'NONE',  ( -0.0000000000000000000, -0.0000000000000000000, -1.000000000000000000 ) ) ;
#1904 = AXIS2_PLACEMENT_3D ( 'NONE', #4783, #5192, #1813 ) ;
#1905 = CARTESIAN_POINT ( 'NONE',  ( -4.697712727371768260, -0.6345313404697257020, 0.2939082712091791727 ) ) ;
#1906 = CARTESIAN_POINT ( 'NONE',  ( -1.738796490429361130, -1.084178223889362691, 0.0000000000000000000 ) ) ;
#1907 = ADVANCED_FACE ( 'NONE', ( #2771 ), #4503, .T. ) ;
#1908 = CARTESIAN_POINT ( 'NONE',  ( -2.786549094954674732, -1.158778826715864296, 0.0000000000000000000 ) ) ;
#1909 = DIRECTION ( 'NONE',  ( -0.7918895702077132226, 0.6104148770351121023, 0.01745240643728354635 ) ) ;
#1910 = CARTESIAN_POINT ( 'NONE',  ( 8.258599534877252069, -9.999999999999998224, 6.123233995736793153E-17 ) ) ;
#1911 = ORIENTED_EDGE ( 'NONE', *, *, #1058, .T. ) ;
#1912 = VERTEX_POINT ( 'NONE', #4152 ) ;
#1913 = PLANE ( 'NONE',  #3970 ) ;
#1914 = CARTESIAN_POINT ( 'NONE',  ( -3.253445971265365610, -1.561622081978972565, 0.0000000000000000000 ) ) ;
#1915 = EDGE_CURVE ( 'NONE', #5411, #1008, #76, .T. ) ;
#1916 = CARTESIAN_POINT ( 'NONE',  ( -0.8351002223966025317, -0.4256349713519693712, 0.0000000000000000000 ) ) ;
#1917 = CARTESIAN_POINT ( 'NONE',  ( -2.594873873856712088, -0.6346568589409714578, 0.0000000000000000000 ) ) ;
#1918 = CYLINDRICAL_SURFACE ( 'NONE', #79, 2.110000000000002540 ) ;
#1919 = ORIENTED_EDGE ( 'NONE', *, *, #5406, .T. ) ;
#1920 = CARTESIAN_POINT ( 'NONE',  ( 0.7471591703814117746, -1.561576964461086181, 0.002584780868584743690 ) ) ;
#1921 = CARTESIAN_POINT ( 'NONE',  ( -4.216016434640393662, -1.536377666547909415, 1.446251591436572337 ) ) ;
#1922 = ORIENTED_EDGE ( 'NONE', *, *, #1977, .F. ) ;
#1923 = CARTESIAN_POINT ( 'NONE',  ( -5.257764929747400728, -0.6424926194692263115, 2.719045378242563815E-20 ) ) ;
#1924 = B_SPLINE_CURVE_WITH_KNOTS ( 'NONE', 3,
 ( #2107, #4198, #1184, #2916, #383, #756, #1280, #3833, #4642, #1244, #5565, #3560, #4427, #2282, #3977, #3494 ),
 .UNSPECIFIED., .F., .F.,
 ( 4, 2, 2, 2, 2, 2, 2, 4 ),
 ( 0.0000000000000000000, 0.0001563661023003253697, 0.0003127322046006507394, 0.0003909152557508134107, 0.0004690983069009761362, 0.0005472813580511388075, 0.0005863728836262200889, 0.0006254644092013014788 ),
 .UNSPECIFIED. ) ;
#1925 = CARTESIAN_POINT ( 'NONE',  ( -4.624212039272043384, -1.419384980991146961, 2.593200000000003058 ) ) ;
#1926 = CARTESIAN_POINT ( 'NONE',  ( -3.236982389951930994, -0.6396615284266221613, 0.0000000000000000000 ) ) ;
#1927 = CARTESIAN_POINT ( 'NONE',  ( -5.417681995549249230, -0.6127350042576246159, 1.455425452415091359 ) ) ;
#1928 = ORIENTED_EDGE ( 'NONE', *, *, #4410, .F. ) ;
#1929 = CARTESIAN_POINT ( 'NONE',  ( -5.285687677627654679, -0.5052892686845842363, 2.593200000000003058 ) ) ;
#1930 = CARTESIAN_POINT ( 'NONE',  ( -2.594760786200913216, -0.6276666245850083259, 0.0000000000000000000 ) ) ;
#1931 = ORIENTED_EDGE ( 'NONE', *, *, #5171, .T. ) ;
#1932 = CARTESIAN_POINT ( 'NONE',  ( -2.623659179724496582, -1.012077392353884386, 0.0000000000000000000 ) ) ;
#1933 = CARTESIAN_POINT ( 'NONE',  ( -4.867867165742648439, -0.9635970285418008485, 2.593200000000003058 ) ) ;
#1934 = CARTESIAN_POINT ( 'NONE',  ( -5.488051210657024725, -1.183644654800241058, 2.148347352056795812E-19 ) ) ;
#1935 = CARTESIAN_POINT ( 'NONE',  ( -1.126262784574186160, -1.357254024351860711, 2.593200000000003058 ) ) ;
#1936 = DIRECTION ( 'NONE',  ( -3.965082230804130713E-16, 1.000000000000000000, -0.0000000000000000000 ) ) ;
#1937 = VERTEX_POINT ( 'NONE', #101 ) ;
#1938 = EDGE_CURVE ( 'NONE', #4445, #5303, #1332, .T. ) ;
#1939 = CARTESIAN_POINT ( 'NONE',  ( -2.585850516740558991, -0.3359011543044296277, 0.0000000000000000000 ) ) ;
#1940 = UNCERTAINTY_MEASURE_WITH_UNIT (LENGTH_MEASURE( 1.000000000000000082E-05 ), #2255, 'distance_accuracy_value', 'NONE');
#1941 = CARTESIAN_POINT ( 'NONE',  ( -3.200355618389834067, -0.6105299036356528486, 1.869460251142768037 ) ) ;
#1942 = EDGE_CURVE ( 'NONE', #757, #2323, #2423, .T. ) ;
#1943 = CARTESIAN_POINT ( 'NONE',  ( -2.568272934685353892, -0.5373771150448941603, 2.593200000000003058 ) ) ;
#1944 = ORIENTED_EDGE ( 'NONE', *, *, #157, .F. ) ;
#1945 = CARTESIAN_POINT ( 'NONE',  ( -0.8350029951203407075, -0.3894225462169315644, 2.073752656537885652 ) ) ;
#1946 = VERTEX_POINT ( 'NONE', #2330 ) ;
#1947 = CARTESIAN_POINT ( 'NONE',  ( -4.518557348400291218, -1.196734535434252233, 1.737793558437602526 ) ) ;
#1948 = FACE_OUTER_BOUND ( 'NONE', #1169, .T. ) ;
#1949 = CARTESIAN_POINT ( 'NONE',  ( -3.025994487993724391, -0.3115659097560119495, -1.789160090686218391E-20 ) ) ;
#1950 = CARTESIAN_POINT ( 'NONE',  ( -5.304052658584528679, -0.5613731970879756172, 2.593200000000003058 ) ) ;
#1951 = CARTESIAN_POINT ( 'NONE',  ( 2.685478743895117315, -2.123270045287784227E-15, 0.0000000000000000000 ) ) ;
#1952 = B_SPLINE_CURVE_WITH_KNOTS ( 'NONE', 3,
 ( #2250, #5288, #2693, #4344, #2644, #1415, #1309, #475 ),
 .UNSPECIFIED., .F., .F.,
 ( 4, 2, 2, 4 ),
 ( 6.816030599579189249E-07, 0.0001328298925218814866, 0.0002649781819838050562, 0.0005292747609076511655 ),
 .UNSPECIFIED. ) ;
#1953 = DIRECTION ( 'NONE',  ( 0.0000000000000000000, 1.000000000000000000, 0.0000000000000000000 ) ) ;
#1954 = CARTESIAN_POINT ( 'NONE',  ( -5.457098763421223353, -1.295843772685762119, 2.148347352056795812E-19 ) ) ;
#1955 = CARTESIAN_POINT ( 'NONE',  ( -5.438018259618865535, -0.6126671336479571073, 0.2910850910740367392 ) ) ;
#1956 = CARTESIAN_POINT ( 'NONE',  ( -1.239239109332260336, -1.111691288322558924, 1.783248038321555445E-19 ) ) ;
#1957 = CARTESIAN_POINT ( 'NONE',  ( -14.87140046512274338, -10.00000000000000178, 6.123233995736772199E-17 ) ) ;
#1958 = ORIENTED_EDGE ( 'NONE', *, *, #5299, .F. ) ;
#1959 = ORIENTED_EDGE ( 'NONE', *, *, #3138, .F. ) ;
#1960 = CARTESIAN_POINT ( 'NONE',  ( -0.9528850133393191868, -1.516162790598744259, 2.593200000000003058 ) ) ;
#1961 = VECTOR ( 'NONE', #5157, 1000.000000000000000 ) ;
#1962 = EDGE_CURVE ( 'NONE', #3764, #643, #2811, .T. ) ;
#1963 = CARTESIAN_POINT ( 'NONE',  ( -3.004177477602991253, -0.4277631176145381686, 2.593200000000003058 ) ) ;
#1964 = LINE ( 'NONE', #1998, #797 ) ;
#1965 = PRESENTATION_LAYER_ASSIGNMENT (  '', '', ( #971 ) ) ;
#1966 = ADVANCED_FACE ( 'NONE', ( #3979 ), #1827, .T. ) ;
#1967 = ADVANCED_FACE ( 'NONE', ( #1014 ), #2789, .T. ) ;
#1968 = VECTOR ( 'NONE', #3770, 1000.000000000000227 ) ;
#1969 = PRESENTATION_STYLE_ASSIGNMENT (( #2112 ) ) ;
#1970 = CIRCLE ( 'NONE', #3698, 0.5000000000000004441 ) ;
#1971 = VERTEX_POINT ( 'NONE', #4008 ) ;
#1972 = CARTESIAN_POINT ( 'NONE',  ( -2.268493199475093203, -1.218748981412659083, 1.722425882383802342 ) ) ;
#1973 = CARTESIAN_POINT ( 'NONE',  ( -5.261832442097173157, -0.8473774876378329379, 1.932421474156687635 ) ) ;
#1974 = EDGE_LOOP ( 'NONE', ( #3944, #310, #5617, #1578 ) ) ;
#1975 = CIRCLE ( 'NONE', #3975, 0.5000000000000004441 ) ;
#1976 = DIRECTION ( 'NONE',  ( 0.01745240643728354635, 0.0000000000000000000, -0.9998476951563911586 ) ) ;
#1977 = EDGE_CURVE ( 'NONE', #4886, #4603, #3637, .T. ) ;
#1978 = CARTESIAN_POINT ( 'NONE',  ( -5.251180264883322124, -0.8857023987235735918, 0.2910850810975049718 ) ) ;
#1979 = AXIS2_PLACEMENT_3D ( 'NONE', #5097, #4632, #2095 ) ;
#1980 = CIRCLE ( 'NONE', #1713, 0.7500000000000006661 ) ;
#1981 = CARTESIAN_POINT ( 'NONE',  ( -5.307315034911656682, -0.6006467191056532595, 2.593200000000003058 ) ) ;
#1982 = EDGE_LOOP ( 'NONE', ( #4510, #3481 ) ) ;
#1983 = CARTESIAN_POINT ( 'NONE',  ( -5.302208693748501567, -0.5525865574771228195, 2.593200000000003058 ) ) ;
#1984 = CARTESIAN_POINT ( 'NONE',  ( -2.583035809703897456, -0.7702876753744896110, 2.593200000000003058 ) ) ;
#1985 = EDGE_LOOP ( 'NONE', ( #4944, #579, #275, #1254 ) ) ;
#1986 = CARTESIAN_POINT ( 'NONE',  ( -4.679854762002450208, -0.6140105214121956978, 1.469545207646800744 ) ) ;
#1987 = PRESENTATION_LAYER_ASSIGNMENT (  '', '', ( #2268 ) ) ;
#1988 = CARTESIAN_POINT ( 'NONE',  ( -3.024587089600756062, -1.373529929797904225, 1.041885070563473011E-19 ) ) ;
#1989 = CARTESIAN_POINT ( 'NONE',  ( -1.605423720816361977, -1.115441267410711923, 1.791058563798850090 ) ) ;
#1990 = CARTESIAN_POINT ( 'NONE',  ( -1.201478149848687060, -1.290996406878770930, 1.783248038321555445E-19 ) ) ;
#1991 = CIRCLE ( 'NONE', #1078, 0.5000000000000004441 ) ;
#1992 = CARTESIAN_POINT ( 'NONE',  ( -0.7126184742474168665, -0.4107063686164098559, 2.593200000000003058 ) ) ;
#1993 = EDGE_LOOP ( 'NONE', ( #3279, #4628, #5579, #2851 ) ) ;
#1994 = EDGE_LOOP ( 'NONE', ( #4222, #107, #1033, #3911 ) ) ;
#1995 = CARTESIAN_POINT ( 'NONE',  ( -2.800556089398992921, -0.2778876021025193377, 0.0000000000000000000 ) ) ;
#1996 = CARTESIAN_POINT ( 'NONE',  ( -1.030767710263716053, -0.4723359584776821718, 2.593200000000003058 ) ) ;
#1997 = CARTESIAN_POINT ( 'NONE',  ( 0.6648863813321239657, -0.9689331546953188212, 0.0000000000000000000 ) ) ;
#1998 = CARTESIAN_POINT ( 'NONE',  ( -17.07237392568151790, -1.870992804663429286E-15, -2.060000000000002274 ) ) ;
#1999 = EDGE_CURVE ( 'NONE', #3818, #4378, #125, .T. ) ;
#2000 = EDGE_LOOP ( 'NONE', ( #683, #5509, #5476, #3748 ) ) ;
#2001 = CARTESIAN_POINT ( 'NONE',  ( -0.4440030445513194479, -0.6388219644271126985, -5.733611658969716177E-20 ) ) ;
#2002 = CARTESIAN_POINT ( 'NONE',  ( -5.280693362826922588, -0.8234886926717344124, 2.593200000000003058 ) ) ;
#2003 = CARTESIAN_POINT ( 'NONE',  ( -2.689781888034526336, -0.4624658073894290511, 1.435983751217075051E-19 ) ) ;
#2004 = ADVANCED_FACE ( 'NONE', ( #2997 ), #3877, .T. ) ;
#2005 = ORIENTED_EDGE ( 'NONE', *, *, #3250, .F. ) ;
#2006 = CARTESIAN_POINT ( 'NONE',  ( -5.254788916272429056, -0.6526285693401923105, 2.719045378242563815E-20 ) ) ;
#2007 = CARTESIAN_POINT ( 'NONE',  ( -0.1547994560788532870, -0.3138831304186899263, 2.086522796529808765 ) ) ;
#2008 = CARTESIAN_POINT ( 'NONE',  ( -0.8332893972467418919, -1.454387873303956580, 1.401144924731015928 ) ) ;
#2009 = CARTESIAN_POINT ( 'NONE',  ( -4.947322902668181754, -0.2986166784649076922, 2.088762651481976373 ) ) ;
#2010 = ORIENTED_EDGE ( 'NONE', *, *, #388, .F. ) ;
#2011 = CARTESIAN_POINT ( 'NONE',  ( -2.623659179724496582, -1.012077392353884386, 1.784069190337640891E-19 ) ) ;
#2012 = FILL_AREA_STYLE ('',( #376 ) ) ;
#2013 = EDGE_CURVE ( 'NONE', #2283, #3462, #5577, .T. ) ;
#2014 = EDGE_LOOP ( 'NONE', ( #1406, #3456, #902, #5357 ) ) ;
#2015 = CARTESIAN_POINT ( 'NONE',  ( 0.7213855113798197660, -1.505402802733248446, 1.479156716154144346 ) ) ;
#2016 = FACE_OUTER_BOUND ( 'NONE', #2062, .T. ) ;
#2017 = CARTESIAN_POINT ( 'NONE',  ( -0.6831359619212127310, -1.426462525102429657, 2.593200000000003058 ) ) ;
#2018 = SURFACE_STYLE_FILL_AREA ( #4909 ) ;
#2019 =( LENGTH_UNIT ( ) NAMED_UNIT ( * ) SI_UNIT ( .MILLI., .METRE. ) );
#2020 =( NAMED_UNIT ( * ) SI_UNIT ( $, .STERADIAN. ) SOLID_ANGLE_UNIT ( ) );
#2021 = VERTEX_POINT ( 'NONE', #737 ) ;
#2022 = CARTESIAN_POINT ( 'NONE',  ( -2.702042742827661659, -0.2904462787224847964, 0.0000000000000000000 ) ) ;
#2023 = DIRECTION ( 'NONE',  ( 0.0000000000000000000, 0.9998476951563912696, 0.01745240643728354982 ) ) ;
#2024 = CARTESIAN_POINT ( 'NONE',  ( -2.440978700041293692, -1.424161644605728361, 1.556876234655126368 ) ) ;
#2025 = EDGE_LOOP ( 'NONE', ( #3167, #5109, #4099, #5269 ) ) ;
#2026 = CARTESIAN_POINT ( 'NONE',  ( -3.089735393440305344, -0.6360359545597347175, 1.046069130998633190 ) ) ;
#2027 = VERTEX_POINT ( 'NONE', #4721 ) ;
#2028 = LINE ( 'NONE', #1728, #415 ) ;
#2029 = CARTESIAN_POINT ( 'NONE',  ( -0.04631789065792643600, -0.3894375332127471556, 2.073749842127825982 ) ) ;
#2030 = EDGE_CURVE ( 'NONE', #1356, #1855, #1566, .T. ) ;
#2031 = DIRECTION ( 'NONE',  ( -1.000000000000000000, 0.0000000000000000000, 0.0000000000000000000 ) ) ;
#2032 = CARTESIAN_POINT ( 'NONE',  ( -5.307226810597945210, -0.6027334337681723442, 2.593200000000003058 ) ) ;
#2033 = ORIENTED_EDGE ( 'NONE', *, *, #3497, .T. ) ;
#2034 =( BOUNDED_CURVE ( )  B_SPLINE_CURVE ( 3, ( #5232, #26, #3375, #5113 ),
 .UNSPECIFIED., .F., .F. ) 
 B_SPLINE_CURVE_WITH_KNOTS ( ( 4, 4 ),
 ( 5.857781973653414020, 6.097553471172102668 ),
 .UNSPECIFIED. ) 
 CURVE ( )  GEOMETRIC_REPRESENTATION_ITEM ( )  RATIONAL_B_SPLINE_CURVE ( ( 1.000000000000000000, 0.9952148710948689470, 0.9952148710948689470, 1.000000000000000000 ) ) 
 REPRESENTATION_ITEM ( '' )  );
#2035 = CARTESIAN_POINT ( 'NONE',  ( -1.703088304587126789, -0.5168435351295538327, 2.045720596805634450 ) ) ;
#2036 = SURFACE_STYLE_USAGE ( .BOTH. , #285 ) ;
#2037 = VERTEX_POINT ( 'NONE', #3383 ) ;
#2038 = CARTESIAN_POINT ( 'NONE',  ( -2.655161697991816006, -0.9795582463056774492, 2.593200000000003058 ) ) ;
#2039 = CARTESIAN_POINT ( 'NONE',  ( -4.962571506366317386, -1.429913431471494079, 0.0000000000000000000 ) ) ;
#2040 = ADVANCED_FACE ( 'NONE', ( #4625 ), #861, .T. ) ;
#2041 = CARTESIAN_POINT ( 'NONE',  ( -0.8024508111921351272, -1.473925103812996129, 2.593200000000003058 ) ) ;
#2042 = CARTESIAN_POINT ( 'NONE',  ( -1.125530519465908652, -0.9259880895797369948, 2.593200000000003058 ) ) ;
#2043 = CARTESIAN_POINT ( 'NONE',  ( -0.04312920104970451723, -0.9359244061643178236, 1.891069936820418906 ) ) ;
#2044 = CARTESIAN_POINT ( 'NONE',  ( -2.800779251160464778, -1.141712081713947002, 1.272950549662036135 ) ) ;
#2045 = VERTEX_POINT ( 'NONE', #3355 ) ;
#2046 = CARTESIAN_POINT ( 'NONE',  ( -2.562002118466876865, -0.4169320990826223539, 2.593200000000003058 ) ) ;
#2047 = CARTESIAN_POINT ( 'NONE',  ( -2.726453778154820817, -0.2854465585265617000, 2.199675876008892974E-19 ) ) ;
#2048 = DIRECTION ( 'NONE',  ( 0.0000000000000000000, -1.000000000000000000, 0.0000000000000000000 ) ) ;
#2049 = DIRECTION ( 'NONE',  ( 0.0000000000000000000, 0.9998476951563912696, 0.01745240643728354982 ) ) ;
#2050 = CLOSED_SHELL ( 'NONE', ( #4338, #2936, #1384, #4560, #205, #5047, #2563, #2859, #4490, #3285, #2658, #1808 ) ) ;
#2051 = CARTESIAN_POINT ( 'NONE',  ( -1.124688089454177309, -0.8561730565059512132, 2.593200000000003058 ) ) ;
#2052 = VECTOR ( 'NONE', #3158, 1000.000000000000000 ) ;
#2053 = CARTESIAN_POINT ( 'NONE',  ( -5.154771577223216994, -0.8006007413749148816, 2.593200000000003058 ) ) ;
#2054 = DIRECTION ( 'NONE',  ( -1.000000000000000000, 0.0000000000000000000, 0.0000000000000000000 ) ) ;
#2055 = CARTESIAN_POINT ( 'NONE',  ( -2.655330140935653116, -0.4894201509291076224, 1.435983751217075051E-19 ) ) ;
#2056 = VERTEX_POINT ( 'NONE', #366 ) ;
#2057 = CARTESIAN_POINT ( 'NONE',  ( -2.825324163729876492, -0.3138897196156361091, 2.086521805282568920 ) ) ;
#2058 = DIRECTION ( 'NONE',  ( 0.0000000000000000000, -1.224646799147284675E-16, 1.000000000000000000 ) ) ;
#2059 = CARTESIAN_POINT ( 'NONE',  ( -5.117545066626030703, -0.7657315831351199087, -1.489991402804790564E-19 ) ) ;
#2060 = CARTESIAN_POINT ( 'NONE',  ( -0.8333986589180759630, -0.2918961006036205896, 0.8266943319229240750 ) ) ;
#2061 = CARTESIAN_POINT ( 'NONE',  ( 0.7142771252724282594, -0.4256349713519693712, 0.0000000000000000000 ) ) ;
#2062 = EDGE_LOOP ( 'NONE', ( #5145, #283, #1135, #669 ) ) ;
#2063 = VECTOR ( 'NONE', #2499, 1000.000000000000227 ) ;
#2064 = VECTOR ( 'NONE', #1953, 1000.000000000000000 ) ;
#2065 = CARTESIAN_POINT ( 'NONE',  ( -2.806433872500804227, -1.134930484247743454, 1.778772834266702407 ) ) ;
#2066 = CARTESIAN_POINT ( 'NONE',  ( -0.5671602051421972268, -0.3773656584633449662, 0.0000000000000000000 ) ) ;
#2067 = ORIENTED_EDGE ( 'NONE', *, *, #4984, .F. ) ;
#2068 = EDGE_CURVE ( 'NONE', #3371, #1263, #3619, .T. ) ;
#2069 = CARTESIAN_POINT ( 'NONE',  ( -4.997299373199344252, -0.2609991582176210967, 0.0000000000000000000 ) ) ;
#2070 = VECTOR ( 'NONE', #3248, 1000.000000000000000 ) ;
#2071 = LINE ( 'NONE', #3401, #2888 ) ;
#2072 = AXIS2_PLACEMENT_3D ( 'NONE', #1773, #1397, #4437 ) ;
#2073 = CARTESIAN_POINT ( 'NONE',  ( -0.6311372802516009850, -1.288502863899953832, 0.0000000000000000000 ) ) ;
#2074 = PRESENTATION_STYLE_ASSIGNMENT (( #264 ) ) ;
#2075 = ORIENTED_EDGE ( 'NONE', *, *, #2077, .T. ) ;
#2076 = PRESENTATION_LAYER_ASSIGNMENT (  '', '', ( #3704 ) ) ;
#2077 = EDGE_CURVE ( 'NONE', #5599, #218, #3641, .T. ) ;
#2078 = CARTESIAN_POINT ( 'NONE',  ( -9.991400465122744379, -2.123270045287784227E-15, 1.250000000000001998 ) ) ;
#2079 = B_SPLINE_CURVE_WITH_KNOTS ( 'NONE', 3,
 ( #727, #3205, #229, #5421, #1986, #2852, #614, #1149, #1905, #693 ),
 .UNSPECIFIED., .F., .F.,
 ( 4, 3, 3, 4 ),
 ( 0.0001394448323541835043, 0.0003976473411529235068, 0.001279611016838748004, 0.002161574782875161707 ),
 .UNSPECIFIED. ) ;
#2080 = CARTESIAN_POINT ( 'NONE',  ( -5.468949319276969590, -1.139429397125060861, 1.278941711224484079 ) ) ;
#2081 = FILL_AREA_STYLE ('',( #2987 ) ) ;
#2082 = CARTESIAN_POINT ( 'NONE',  ( 0.0000000000000000000, 0.0000000000000000000, 0.0000000000000000000 ) ) ;
#2083 = CARTESIAN_POINT ( 'NONE',  ( -4.989847049206299623, -0.3741327682622697104, 2.007197293889395606 ) ) ;
#2084 = ADVANCED_FACE ( 'NONE', ( #4325 ), #4383, .F. ) ;
#2085 = CARTESIAN_POINT ( 'NONE',  ( -0.7690985438418372899, -1.449920349892605431, 1.533005028819613091 ) ) ;
#2086 = AXIS2_PLACEMENT_3D ( 'NONE', #720, #3733, #5066 ) ;
#2087 = DIRECTION ( 'NONE',  ( 0.0000000000000000000, -1.000000000000000000, 0.0000000000000000000 ) ) ;
#2088 = B_SPLINE_SURFACE_WITH_KNOTS ( 'NONE', 1, 3, ( 
 ( #947, #3212, #4485, #1805, #3157, #2679, #4938, #4409, #4014, #2233, #2652, #4381, #108, #564, #4460, #3125, #1398 ),
 ( #3957, #56, #3568, #83, #4070, #2311, #2290, #3540, #3103, #4438, #4038, #2340, #4856, #540, #162, #5346, #5271 ) ),
 .UNSPECIFIED., .F., .F., .F.,
 ( 2, 2 ),
 ( 4, 2, 2, 2, 2, 2, 3, 4 ),
 ( 0.0000000000000000000, 1.000000000000000000 ),
 ( 0.0000000000000000000, 0.2500000000000000000, 0.3750000000000000000, 0.5000000000000000000, 0.6250000000000000000, 0.7500000000000000000, 1.000000000000000000, 1.223590340167296509 ),
 .UNSPECIFIED. ) ;
#2089 = CARTESIAN_POINT ( 'NONE',  ( -5.218727889643664852, -0.7118990968203757763, 0.0000000000000000000 ) ) ;
#2090 = CARTESIAN_POINT ( 'NONE',  ( 2.622817477216904614, -2.168404344971008868E-15, 2.060000000000002274 ) ) ;
#2091 = PLANE ( 'NONE',  #57 ) ;
#2092 = ORIENTED_EDGE ( 'NONE', *, *, #3178, .F. ) ;
#2093 = DIRECTION ( 'NONE',  ( 0.9998476951563912696, 0.0000000000000000000, 0.01745240643728354982 ) ) ;
#2094 = DIRECTION ( 'NONE',  ( 0.0000000000000000000, -1.000000000000000000, 0.0000000000000000000 ) ) ;
#2095 = DIRECTION ( 'NONE',  ( 0.0000000000000000000, -0.01745240643728354635, -0.9998476951563911586 ) ) ;
#2096 = CARTESIAN_POINT ( 'NONE',  ( -0.6468796749736448470, -1.507957934183479454, 1.476162458061790694 ) ) ;
#2097 = ORIENTED_EDGE ( 'NONE', *, *, #1860, .T. ) ;
#2098 = FACE_OUTER_BOUND ( 'NONE', #1801, .T. ) ;
#2099 = CARTESIAN_POINT ( 'NONE',  ( -4.488214569772976503, -1.197108101961204651, 0.0000000000000000000 ) ) ;
#2100 = VERTEX_POINT ( 'NONE', #1400 ) ;
#2101 = CARTESIAN_POINT ( 'NONE',  ( -4.855921506398406251, -0.2733287567331409429, 3.529904119173037149E-21 ) ) ;
#2102 = B_SPLINE_CURVE_WITH_KNOTS ( 'NONE', 3,
 ( #725, #4274, #1177, #2435, #4636, #2463 ),
 .UNSPECIFIED., .F., .F.,
 ( 4, 2, 4 ),
 ( 0.0000000000000000000, 5.810988442165545447E-05, 0.0001162197688433109089 ),
 .UNSPECIFIED. ) ;
#2103 = FACE_OUTER_BOUND ( 'NONE', #4103, .T. ) ;
#2104 = DIRECTION ( 'NONE',  ( 1.000000000000000000, 1.224646799147353207E-16, -0.0000000000000000000 ) ) ;
#2105 = CARTESIAN_POINT ( 'NONE',  ( -1.064370543493035948, -1.188146004321870119, 0.0000000000000000000 ) ) ;
#2106 = CARTESIAN_POINT ( 'NONE',  ( -0.03948848378330805514, -1.289858403455194535, 1.682493384320024710 ) ) ;
#2107 = CARTESIAN_POINT ( 'NONE',  ( -1.080253237891968032, -0.9277742014117316138, 0.0000000000000000000 ) ) ;
#2108 = ORIENTED_EDGE ( 'NONE', *, *, #1618, .T. ) ;
#2109 = CARTESIAN_POINT ( 'NONE',  ( -4.670227541861142306, -1.186264552592168009, 0.0000000000000000000 ) ) ;
#2110 = CARTESIAN_POINT ( 'NONE',  ( -5.223586031748639336, -0.7222296217955040953, 0.6309395916284825656 ) ) ;
#2111 = CARTESIAN_POINT ( 'NONE',  ( 2.624800446169661239, -2.127746763502802452E-15, -0.1116197760532974814 ) ) ;
#2112 = SURFACE_STYLE_USAGE ( .BOTH. , #4150 ) ;
#2113 = DIRECTION ( 'NONE',  ( -0.01744974916068272111, 0.01744974916068272111, -0.9996954598818874604 ) ) ;
#2114 = ADVANCED_FACE ( 'NONE', ( #1321 ), #544, .T. ) ;
#2115 = CARTESIAN_POINT ( 'NONE',  ( -3.156617464373423054, -1.378366683530966474, 2.593200000000003058 ) ) ;
#2116 = CARTESIAN_POINT ( 'NONE',  ( -4.989864349441003100, -0.3765622507420434695, 1.868023707136095224 ) ) ;
#2117 = CARTESIAN_POINT ( 'NONE',  ( -0.01012045251870416669, -0.9689331546953188212, 0.0000000000000000000 ) ) ;
#2118 = EDGE_CURVE ( 'NONE', #3109, #3762, #2874, .T. ) ;
#2119 = CARTESIAN_POINT ( 'NONE',  ( -0.8089349218855870216, -0.4266266771849926420, 4.328710526699272534E-20 ) ) ;
#2120 = CARTESIAN_POINT ( 'NONE',  ( -1.090588932672976963, -0.4136839750231906532, 2.069480184108766885 ) ) ;
#2121 = CARTESIAN_POINT ( 'NONE',  ( -4.719319597647988473, -0.3714829796128974460, 2.593200000000003058 ) ) ;
#2122 = ORIENTED_EDGE ( 'NONE', *, *, #89, .F. ) ;
#2123 = ORIENTED_EDGE ( 'NONE', *, *, #5591, .T. ) ;
#2124 = CARTESIAN_POINT ( 'NONE',  ( -4.671701362287389969, -0.6043745207920276918, 2.021591313450228355 ) ) ;
#2125 = CARTESIAN_POINT ( 'NONE',  ( -5.219127458378865825, -0.4865141815919189483, -3.135031547352176236E-20 ) ) ;
#2126 = CARTESIAN_POINT ( 'NONE',  ( -14.12140046512274694, -1.734723475976807094E-15, 0.0000000000000000000 ) ) ;
#2127 = VERTEX_POINT ( 'NONE', #4857 ) ;
#2128 = CARTESIAN_POINT ( 'NONE',  ( -5.296560686979287169, -0.5660604749836841698, 2.032980737285893014 ) ) ;
#2129 = SURFACE_STYLE_FILL_AREA ( #2012 ) ;
#2130 = VERTEX_POINT ( 'NONE', #5297 ) ;
#2131 = CARTESIAN_POINT ( 'NONE',  ( -4.628558127639673891, -0.3835610883928177173, 3.529904119173037149E-21 ) ) ;
#2132 = CARTESIAN_POINT ( 'NONE',  ( -4.877113159022763433, -1.422346204958025995, -7.684581296706453857E-20 ) ) ;
#2133 = CARTESIAN_POINT ( 'NONE',  ( -0.7700672745200993763, -1.468023826437276691, 2.593200000000003058 ) ) ;
#2134 = CARTESIAN_POINT ( 'NONE',  ( -1.043892903834082952, -1.263641019555152178, 0.0000000000000000000 ) ) ;
#2135 = CARTESIAN_POINT ( 'NONE',  ( -2.803625327945379553, -1.138298770312069275, 1.527540659589395000 ) ) ;
#2136 = ORIENTED_EDGE ( 'NONE', *, *, #3645, .T. ) ;
#2137 = CARTESIAN_POINT ( 'NONE',  ( -1.092955762097439498, -0.6344201552890073037, 2.013909055798669190 ) ) ;
#2138 = CARTESIAN_POINT ( 'NONE',  ( -17.07237392568151790, -0.9359244061643177126, 1.891069936820418906 ) ) ;
#2139 = CARTESIAN_POINT ( 'NONE',  ( -5.274012176745911162, -1.264593833170700954, 2.391702549246664028E-19 ) ) ;
#2140 = CARTESIAN_POINT ( 'NONE',  ( -3.007942754987804612, -0.3534581529115584098, 2.593200000000003058 ) ) ;
#2141 = DIRECTION ( 'NONE',  ( 0.0000000000000000000, 0.0000000000000000000, 1.000000000000000000 ) ) ;
#2142 = B_SPLINE_SURFACE_WITH_KNOTS ( 'NONE', 1, 3, ( 
 ( #2772, #2437, #259, #2359, #4106, #3718, #1579, #2465, #179, #1932, #3663, #202, #3262, #4529 ),
 ( #4988, #4761, #4661, #871, #3009, #1736, #287, #2608, #2580, #2038, #3765, #2549, #3828, #2973 ) ),
 .UNSPECIFIED., .F., .F., .F.,
 ( 2, 2 ),
 ( 4, 2, 2, 2, 2, 2, 4 ),
 ( 0.0000000000000000000, 1.000000000000000000 ),
 ( 0.0000000000000000000, 0.1249999999999999861, 0.2499999999999999722, 0.4999999999999999445, 0.6249999999999998890, 0.7499999999999998890, 0.9999999999999998890 ),
 .UNSPECIFIED. ) ;
#2143 = B_SPLINE_CURVE_WITH_KNOTS ( 'NONE', 3,
 ( #5058, #2083, #4622, #2116, #2474, #799, #5087, #4203, #4596, #242 ),
 .UNSPECIFIED., .F., .F.,
 ( 4, 3, 3, 4 ),
 ( 8.422874392600157795E-05, 0.0002930209309252789851, 0.001465104654626395251, 0.002161329251387455585 ),
 .UNSPECIFIED. ) ;
#2144 = LINE ( 'NONE', #1214, #1619 ) ;
#2145 =( LENGTH_UNIT ( ) NAMED_UNIT ( * ) SI_UNIT ( .MILLI., .METRE. ) );
#2146 = ORIENTED_EDGE ( 'NONE', *, *, #1229, .T. ) ;
#2147 = LINE ( 'NONE', #3102, #4432 ) ;
#2148 = CARTESIAN_POINT ( 'NONE',  ( -1.738746359853931889, -1.561571951403543324, 0.002871978742871938300 ) ) ;
#2149 = EDGE_CURVE ( 'NONE', #3475, #3764, #920, .T. ) ;
#2150 = CARTESIAN_POINT ( 'NONE',  ( -0.6508389543371210229, -0.5317503610519330737, 4.328710526699272534E-20 ) ) ;
#2151 = CARTESIAN_POINT ( 'NONE',  ( -5.198604510634234011, -0.7283737140237308560, 0.0000000000000000000 ) ) ;
#2152 = CARTESIAN_POINT ( 'NONE',  ( -2.990948448185887454, -0.4284248774996008424, 2.066156082114816162 ) ) ;
#2153 = ORIENTED_EDGE ( 'NONE', *, *, #365, .T. ) ;
#2154 = ADVANCED_FACE ( 'NONE', ( #5243 ), #2939, .T. ) ;
#2155 = CARTESIAN_POINT ( 'NONE',  ( -0.01012045251870416669, -1.413449850158059240, 0.0000000000000000000 ) ) ;
#2156 = ADVANCED_FACE ( 'NONE', ( #1456 ), #3501, .T. ) ;
#2157 = CARTESIAN_POINT ( 'NONE',  ( -5.259506031610619914, -0.5697800010793890868, -3.135031547352176236E-20 ) ) ;
#2158 = MECHANICAL_DESIGN_GEOMETRIC_PRESENTATION_REPRESENTATION (  '', ( #1508 ), #4674 ) ;
#2159 = LINE ( 'NONE', #2574, #3253 ) ;
#2160 = CARTESIAN_POINT ( 'NONE',  ( 2.679159658726035786, -2.123270045287784227E-15, 0.0000000000000000000 ) ) ;
#2161 = ORIENTED_EDGE ( 'NONE', *, *, #5628, .T. ) ;
#2162 = CARTESIAN_POINT ( 'NONE',  ( -0.8696307654892633243, -0.2780280134334649489, 2.561349295854137319E-19 ) ) ;
#2163 = EDGE_LOOP ( 'NONE', ( #5416, #4467, #789, #4728, #5457, #3251, #2433, #4634, #286, #2670, #4459, #4392, #4797 ) ) ;
#2164 = EDGE_CURVE ( 'NONE', #3358, #4983, #1964, .T. ) ;
#2165 = CARTESIAN_POINT ( 'NONE',  ( -4.800813073672165920, -0.2871812720630533278, 3.529904119173037149E-21 ) ) ;
#2166 = CARTESIAN_POINT ( 'NONE',  ( -0.8325941499672364632, -0.3227217175998316478, 2.593200000000003058 ) ) ;
#2167 = CARTESIAN_POINT ( 'NONE',  ( -0.7608708037008958813, -1.573205780218965621, 0.0000000000000000000 ) ) ;
#2168 = CARTESIAN_POINT ( 'NONE',  ( -5.442085163956011939, -0.5861377638060144557, 1.306159568464606993E-19 ) ) ;
#2169 = CARTESIAN_POINT ( 'NONE',  ( -4.489332963942247900, -1.225132831643534370, 2.143779822451709159E-19 ) ) ;
#2170 = CARTESIAN_POINT ( 'NONE',  ( -4.807596659093491986, -1.031848929230485545, 0.0000000000000000000 ) ) ;
#2171 = DIRECTION ( 'NONE',  ( 0.9950371902099891530, -0.09950371902099917898, 0.0000000000000000000 ) ) ;
#2172 = AXIS2_PLACEMENT_3D ( 'NONE', #2870, #1689, #2503 ) ;
#2173 = CARTESIAN_POINT ( 'NONE',  ( -2.432422428435737416, -0.5822495104656006948, 2.199675876008892974E-19 ) ) ;
#2174 = CARTESIAN_POINT ( 'NONE',  ( -5.315752862379020449, -1.122031155574040762, 0.2821971203238283210 ) ) ;
#2175 = FACE_OUTER_BOUND ( 'NONE', #1103, .T. ) ;
#2176 = VERTEX_POINT ( 'NONE', #1255 ) ;
#2177 = DIRECTION ( 'NONE',  ( 0.0000000000000000000, 0.9998476951563912696, 0.01745240643728354982 ) ) ;
#2178 = DIRECTION ( 'NONE',  ( 0.0000000000000000000, 0.0000000000000000000, 1.000000000000000000 ) ) ;
#2179 = UNCERTAINTY_MEASURE_WITH_UNIT (LENGTH_MEASURE( 1.000000000000000082E-05 ), #5534, 'distance_accuracy_value', 'NONE');
#2180 = CARTESIAN_POINT ( 'NONE',  ( -1.125531181685288651, -0.9286692235665144901, 2.593200000000003058 ) ) ;
#2181 = VECTOR ( 'NONE', #2683, 1000.000000000000000 ) ;
#2182 = CARTESIAN_POINT ( 'NONE',  ( -5.264022163089955519, -1.284188684238758871, 0.0000000000000000000 ) ) ;
#2183 = CARTESIAN_POINT ( 'NONE',  ( -2.828971240357581518, -0.3894274641738170173, 2.073751733006427678 ) ) ;
#2184 = VERTEX_POINT ( 'NONE', #362 ) ;
#2185 = CARTESIAN_POINT ( 'NONE',  ( -2.940123439394059179, -1.081348545851115839, 0.0000000000000000000 ) ) ;
#2186 = EDGE_CURVE ( 'NONE', #3109, #469, #1980, .T. ) ;
#2187 = CARTESIAN_POINT ( 'NONE',  ( -2.158908717666178312, -1.115441267410711923, 1.791058563798850756 ) ) ;
#2188 = ORIENTED_EDGE ( 'NONE', *, *, #3889, .T. ) ;
#2189 = CARTESIAN_POINT ( 'NONE',  ( -1.025703920653714851, -0.3233668834634677580, 2.561349295854137319E-19 ) ) ;
#2190 = CARTESIAN_POINT ( 'NONE',  ( -5.419704386586302824, -1.370336783384630941, 0.0000000000000000000 ) ) ;
#2191 = ORIENTED_EDGE ( 'NONE', *, *, #4566, .F. ) ;
#2192 = CARTESIAN_POINT ( 'NONE',  ( -4.751463457681572855, -1.369223539603998452, 0.0000000000000000000 ) ) ;
#2193 = B_SPLINE_SURFACE_WITH_KNOTS ( 'NONE', 1, 3, ( 
 ( #2989, #1650, #1213, #1682, #3869, #1824, #3559, #4676, #958, #5142, #1250, #4712, #5286, #4424, #1388 ),
 ( #529, #2281, #5585, #3939, #12, #3485, #3425, #3459, #4361, #37, #1298, #1267, #1783, #4756, #4387 ) ),
 .UNSPECIFIED., .F., .F., .F.,
 ( 2, 2 ),
 ( 4, 2, 2, 2, 2, 3, 4 ),
 ( 0.0000000000000000000, 1.000000000000000000 ),
 ( 0.0000000000000000000, 0.1250000000000000000, 0.2500000000000000000, 0.5000000000000000000, 0.7500000000000000000, 1.000000000000000000, 1.010000000000000009 ),
 .UNSPECIFIED. ) ;
#2194 = CARTESIAN_POINT ( 'NONE',  ( -1.003289251148450578, -0.3627818397525774952, 2.593200000000003058 ) ) ;
#2195 = CARTESIAN_POINT ( 'NONE',  ( -0.5455183258209734820, -1.367858496434946725, 2.593200000000003058 ) ) ;
#2196 = EDGE_CURVE ( 'NONE', #92, #2037, #1591, .T. ) ;
#2197 = B_SPLINE_CURVE_WITH_KNOTS ( 'NONE', 3,
 ( #2964, #4654, #4187, #721, #745, #3821, #2059, #340, #253, #3789, #3734, #2877 ),
 .UNSPECIFIED., .F., .F.,
 ( 4, 2, 2, 2, 2, 4 ),
 ( 0.0000000000000000000, 3.326646341138403060E-05, 6.653292682276806119E-05, 0.0001330658536455361224, 0.0002661317072910722448, 0.0005322634145821444895 ),
 .UNSPECIFIED. ) ;
#2198 = CARTESIAN_POINT ( 'NONE',  ( -4.503069814496273082, -1.196924817000960761, 0.8507946088274007668 ) ) ;
#2199 = CARTESIAN_POINT ( 'NONE',  ( -4.734405452074565090, -1.541406138429425088, 2.143779822451709159E-19 ) ) ;
#2200 = CARTESIAN_POINT ( 'NONE',  ( -17.07237392568151790, -2.123270045287784227E-15, 2.060000000000002274 ) ) ;
#2201 = CARTESIAN_POINT ( 'NONE',  ( -0.4217099853545748789, -0.9282886883277764456, 0.0000000000000000000 ) ) ;
#2202 = CARTESIAN_POINT ( 'NONE',  ( -5.308740007947536199, -1.138769431704830914, 2.391702549246664028E-19 ) ) ;
#2203 =( NAMED_UNIT ( * ) PLANE_ANGLE_UNIT ( ) SI_UNIT ( $, .RADIAN. ) );
#2204 = ORIENTED_EDGE ( 'NONE', *, *, #3509, .F. ) ;
#2205 = CARTESIAN_POINT ( 'NONE',  ( -8.841400465122747576, -2.123270045287784227E-15, 0.0000000000000000000 ) ) ;
#2206 = CARTESIAN_POINT ( 'NONE',  ( -10.09140046512274580, -2.123270045287784227E-15, 0.0000000000000000000 ) ) ;
#2207 = DIRECTION ( 'NONE',  ( -1.000000000000000000, -0.0000000000000000000, -0.0000000000000000000 ) ) ;
#2208 = CARTESIAN_POINT ( 'NONE',  ( -5.315111919693318754, -1.283748485865600752, 2.593200000000003058 ) ) ;
#2209 = DIRECTION ( 'NONE',  ( -1.000000000000000000, -0.0000000000000000000, -0.0000000000000000000 ) ) ;
#2210 = EDGE_LOOP ( 'NONE', ( #4861, #1515, #3503, #4298, #4307 ) ) ;
#2211 = CARTESIAN_POINT ( 'NONE',  ( -2.430266905593624127, -0.6319442246859495738, 0.0000000000000000000 ) ) ;
#2212 = CARTESIAN_POINT ( 'NONE',  ( -5.241533798862387350, -0.5184236535027288983, -3.135031547352176236E-20 ) ) ;
#2213 = LINE ( 'NONE', #1326, #3696 ) ;
#2214 = EDGE_LOOP ( 'NONE', ( #369, #3566, #139, #4872 ) ) ;
#2215 = FILL_AREA_STYLE ('',( #442 ) ) ;
#2216 = CARTESIAN_POINT ( 'NONE',  ( -5.253798046412262224, -1.467270455782397232, 2.593200000000003058 ) ) ;
#2217 = ORIENTED_EDGE ( 'NONE', *, *, #1090, .F. ) ;
#2218 = CARTESIAN_POINT ( 'NONE',  ( -4.775906335281868920, -1.436684095708364195, 2.593200000000003058 ) ) ;
#2219 = EDGE_CURVE ( 'NONE', #3340, #5566, #2993, .T. ) ;
#2220 = CARTESIAN_POINT ( 'NONE',  ( -1.199626425419507925, -0.9286977889732406233, 2.593200000000003058 ) ) ;
#2221 = DIRECTION ( 'NONE',  ( -0.01745209795799437455, 0.005945637474291762259, -0.9998300223897503836 ) ) ;
#2222 = LINE ( 'NONE', #3528, #2343 ) ;
#2223 = CARTESIAN_POINT ( 'NONE',  ( -17.07237392568151790, -1.115441267410711923, 1.791058563798850312 ) ) ;
#2224 = DIRECTION ( 'NONE',  ( -1.000000000000000000, -0.0000000000000000000, -0.0000000000000000000 ) ) ;
#2225 = CARTESIAN_POINT ( 'NONE',  ( -0.6560258037871348202, -1.542693415413935565, -3.632736160938781104E-20 ) ) ;
#2226 = DIRECTION ( 'NONE',  ( -1.000000000000000000, -0.0000000000000000000, -0.0000000000000000000 ) ) ;
#2227 = EDGE_CURVE ( 'NONE', #2464, #3210, #5486, .T. ) ;
#2228 =( LENGTH_UNIT ( ) NAMED_UNIT ( * ) SI_UNIT ( .MILLI., .METRE. ) );
#2229 = CARTESIAN_POINT ( 'NONE',  ( -4.538636934912455345, -1.138887444708560848, 2.593200000000003058 ) ) ;
#2230 = ORIENTED_EDGE ( 'NONE', *, *, #4079, .T. ) ;
#2231 = DIRECTION ( 'NONE',  ( -1.000000000000000000, 1.070927123949778980E-16, 0.0000000000000000000 ) ) ;
#2232 =( BOUNDED_CURVE ( )  B_SPLINE_CURVE ( 3, ( #4772, #4319, #885, #2678 ),
 .UNSPECIFIED., .F., .T. ) 
 B_SPLINE_CURVE_WITH_KNOTS ( ( 4, 4 ),
 ( 4.840993654482968367, 5.229383282719398451 ),
 .UNSPECIFIED. ) 
 CURVE ( )  GEOMETRIC_REPRESENTATION_ITEM ( )  RATIONAL_B_SPLINE_CURVE ( ( 1.000000000000000000, 0.9874689130616840504, 0.9874689130616840504, 1.000000000000000000 ) ) 
 REPRESENTATION_ITEM ( '' )  );
#2233 = CARTESIAN_POINT ( 'NONE',  ( -2.964922317832545673, -1.309509500219961931, 0.0000000000000000000 ) ) ;
#2234 = CARTESIAN_POINT ( 'NONE',  ( -2.828991758628518038, -0.4216932846272435920, 0.2257564856346566118 ) ) ;
#2235 = CARTESIAN_POINT ( 'NONE',  ( -2.960653836995035704, -0.4126251934776883346, 2.069284025865782528 ) ) ;
#2236 = FACE_OUTER_BOUND ( 'NONE', #1462, .T. ) ;
#2237 = CLOSED_SHELL ( 'NONE', ( #361, #5095, #3214, #2040, #4157, #3571, #2986, #832, #4056, #1571, #3991, #1098, #2493, #1767, #2154, #5405, #5282, #2963 ) ) ;
#2238 = CARTESIAN_POINT ( 'NONE',  ( -1.213216853295956854, -0.9282020623607297738, 1.814378979135934378 ) ) ;
#2239 = ORIENTED_EDGE ( 'NONE', *, *, #609, .T. ) ;
#2240 = CARTESIAN_POINT ( 'NONE',  ( -1.005909878523489009, -0.5136122339956367133, 0.0000000000000000000 ) ) ;
#2241 = CARTESIAN_POINT ( 'NONE',  ( -5.199980248147014983, -1.494291368196424274, 2.593200000000003058 ) ) ;
#2242 = VERTEX_POINT ( 'NONE', #2501 ) ;
#2243 = CARTESIAN_POINT ( 'NONE',  ( -4.944873763972548630, -1.474858501623202089, 2.593200000000003058 ) ) ;
#2244 = CIRCLE ( 'NONE', #5501, 1.150000000000001465 ) ;
#2245 = CARTESIAN_POINT ( 'NONE',  ( -1.009669251124415190, -0.3146439251963218386, 0.0000000000000000000 ) ) ;
#2246 = CARTESIAN_POINT ( 'NONE',  ( -0.6560258037871348202, -1.542693415413935565, 0.0000000000000000000 ) ) ;
#2247 = LINE ( 'NONE', #4397, #2063 ) ;
#2248 = AXIS2_PLACEMENT_3D ( 'NONE', #1196, #1693, #4299 ) ;
#2249 = CARTESIAN_POINT ( 'NONE',  ( -5.443102285952195807, -0.6126509653342681050, 0.0000000000000000000 ) ) ;
#2250 = CARTESIAN_POINT ( 'NONE',  ( -2.825324163729876492, -0.3138897196156361091, 2.086521805282568920 ) ) ;
#2251 = CARTESIAN_POINT ( 'NONE',  ( -0.5234287911806178029, -0.4354280419366577393, -5.733611658969716177E-20 ) ) ;
#2252 = CARTESIAN_POINT ( 'NONE',  ( -0.8332995181904455650, -1.578085663292407403, 0.0000000000000000000 ) ) ;
#2253 = CARTESIAN_POINT ( 'NONE',  ( -1.671516818225430079, -0.3303024428737037499, 2.083986635329428516 ) ) ;
#2254 = VECTOR ( 'NONE', #773, 1000.000000000000227 ) ;
#2255 =( LENGTH_UNIT ( ) NAMED_UNIT ( * ) SI_UNIT ( .MILLI., .METRE. ) );
#2256 = DIRECTION ( 'NONE',  ( 1.000000000000000000, 0.0000000000000000000, 0.0000000000000000000 ) ) ;
#2257 = ORIENTED_EDGE ( 'NONE', *, *, #1452, .T. ) ;
#2258 = EDGE_CURVE ( 'NONE', #1020, #2127, #2143, .T. ) ;
#2259 = AXIS2_PLACEMENT_3D ( 'NONE', #4296, #487, #4751 ) ;
#2260 = CARTESIAN_POINT ( 'NONE',  ( -1.604225732906064739, -1.218748981412659083, 1.722425882383802564 ) ) ;
#2261 = AXIS2_PLACEMENT_3D ( 'NONE', #2694, #4429, #532 ) ;
#2262 = DIRECTION ( 'NONE',  ( 0.01744974916068272111, 0.01744974916068272111, -0.9996954598818874604 ) ) ;
#2263 = VECTOR ( 'NONE', #1039, 1000.000000000000000 ) ;
#2264 = CARTESIAN_POINT ( 'NONE',  ( -2.892336351824309926, -0.4292340268110692580, 0.0000000000000000000 ) ) ;
#2265 = B_SPLINE_CURVE_WITH_KNOTS ( 'NONE', 3,
 ( #1908, #617, #4932, #4554, #3665, #2830, #2750, #997, #3642, #3151, #5343, #1529, #1988, #4064 ),
 .UNSPECIFIED., .F., .F.,
 ( 4, 2, 2, 2, 2, 2, 4 ),
 ( 0.0000000000000000000, 8.769024121497304017E-05, 0.0001315353618224595603, 0.0001753804824299460803, 0.0002192256030374326004, 0.0002630707236449191205, 0.0003507609648598921607 ),
 .UNSPECIFIED. ) ;
#2266 = CARTESIAN_POINT ( 'NONE',  ( -5.296388402258608963, -1.203028539917485817, 0.0000000000000000000 ) ) ;
#2267 = CARTESIAN_POINT ( 'NONE',  ( -4.570496428301767722, -0.5907344575049472413, 2.593200000000003058 ) ) ;
#2268 = STYLED_ITEM ( 'NONE', ( #2776 ), #2734 ) ;
#2269 =( NAMED_UNIT ( * ) SI_UNIT ( $, .STERADIAN. ) SOLID_ANGLE_UNIT ( ) );
#2270 = VECTOR ( 'NONE', #4606, 1000.000000000000114 ) ;
#2271 = LINE ( 'NONE', #1538, #3886 ) ;
#2272 = ORIENTED_EDGE ( 'NONE', *, *, #3089, .F. ) ;
#2273 = PRESENTATION_STYLE_ASSIGNMENT (( #1817 ) ) ;
#2274 = CARTESIAN_POINT ( 'NONE',  ( -5.021046387550609502, -1.577538058864913273, 0.0000000000000000000 ) ) ;
#2275 = ORIENTED_EDGE ( 'NONE', *, *, #2518, .T. ) ;
#2276 = CARTESIAN_POINT ( 'NONE',  ( -4.811937198684134387, -1.451807364376616061, 2.593200000000003058 ) ) ;
#2277 =( GEOMETRIC_REPRESENTATION_CONTEXT ( 3 ) GLOBAL_UNCERTAINTY_ASSIGNED_CONTEXT ( ( #4833 ) ) GLOBAL_UNIT_ASSIGNED_CONTEXT ( ( #4095, #1378, #2269 ) ) REPRESENTATION_CONTEXT ( 'NONE', 'WORKASPACE' ) );
#2278 = B_SPLINE_CURVE_WITH_KNOTS ( 'NONE', 3,
 ( #4803, #80, #915, #3154, #3953, #1831, #4012 ),
 .UNSPECIFIED., .F., .F.,
 ( 4, 3, 4 ),
 ( 0.0003044800826823524861, 0.001354936519595113624, 0.002161329219879875186 ),
 .UNSPECIFIED. ) ;
#2279 = CARTESIAN_POINT ( 'NONE',  ( -5.287271754839812488, -1.304797416171033397, 1.658851380197586156 ) ) ;
#2280 = CARTESIAN_POINT ( 'NONE',  ( -0.4400704278900973709, -1.181565904182823923, 0.0000000000000000000 ) ) ;
#2281 = CARTESIAN_POINT ( 'NONE',  ( -4.659453353227296368, -0.6170430913949586094, 2.593200000000003058 ) ) ;
#2282 = CARTESIAN_POINT ( 'NONE',  ( -0.8593904937964570445, -1.428766995498385706, 9.193313190974646717E-20 ) ) ;
#2283 = VERTEX_POINT ( 'NONE', #2024 ) ;
#2284 = CARTESIAN_POINT ( 'NONE',  ( -2.979393044306732907, -0.4657365648174279782, 1.027451534519531468E-19 ) ) ;
#2285 = CARTESIAN_POINT ( 'NONE',  ( -5.375672598186099549, -0.5011473214645998375, 2.593200000000003058 ) ) ;
#2286 = CARTESIAN_POINT ( 'NONE',  ( -0.5876059959800578048, -1.032080770798492697, 2.001454675372553567E-20 ) ) ;
#2287 = CARTESIAN_POINT ( 'NONE',  ( -4.680221392720337548, -0.9007993318630415081, 0.0000000000000000000 ) ) ;
#2288 = VERTEX_POINT ( 'NONE', #4145 ) ;
#2289 = FACE_OUTER_BOUND ( 'NONE', #1974, .T. ) ;
#2290 = CARTESIAN_POINT ( 'NONE',  ( -2.939638297264959288, -1.227138539054025035, 2.593200000000003058 ) ) ;
#2291 = EDGE_CURVE ( 'NONE', #3676, #3007, #706, .T. ) ;
#2292 = SURFACE_STYLE_USAGE ( .BOTH. , #4382 ) ;
#2293 = DIRECTION ( 'NONE',  ( 1.669508307706998772E-16, -1.000000000000000000, 0.0000000000000000000 ) ) ;
#2294 = CARTESIAN_POINT ( 'NONE',  ( -3.224666928344364081, -1.507491148205681419, 1.476418945873706479 ) ) ;
#2295 = CARTESIAN_POINT ( 'NONE',  ( -5.183129505241684143, -0.9249937411013271493, 8.594257207030009252E-20 ) ) ;
#2296 = ORIENTED_EDGE ( 'NONE', *, *, #2675, .T. ) ;
#2297 = FILL_AREA_STYLE_COLOUR ( '', #3068 ) ;
#2298 = LINE ( 'NONE', #1407, #217 ) ;
#2299 = ORIENTED_EDGE ( 'NONE', *, *, #3023, .F. ) ;
#2300 = CARTESIAN_POINT ( 'NONE',  ( -4.963082659718057954, -1.475195086695449520, 2.593200000000003058 ) ) ;
#2301 = LINE ( 'NONE', #1600, #2270 ) ;
#2302 = CARTESIAN_POINT ( 'NONE',  ( 7.508599534877251180, -0.5000000000000004441, 6.123233995736779594E-17 ) ) ;
#2303 = DIRECTION ( 'NONE',  ( 1.000000000000000000, 1.669508307706998772E-16, 0.0000000000000000000 ) ) ;
#2304 = CARTESIAN_POINT ( 'NONE',  ( -2.986589970938881677, -1.157514988813739931, 1.765210513860966612 ) ) ;
#2305 = CARTESIAN_POINT ( 'NONE',  ( -3.071098345242853966, -0.6245478060659966912, 1.027451534519531468E-19 ) ) ;
#2306 = CARTESIAN_POINT ( 'NONE',  ( -0.6104677580460832198, -1.512807275374129956, -3.632736160938781104E-20 ) ) ;
#2307 = DIRECTION ( 'NONE',  ( 0.8825855050550603931, 5.757700418402428165E-17, 0.4701519182846158884 ) ) ;
#2308 = DIRECTION ( 'NONE',  ( 0.0000000000000000000, 0.9998476951563912696, 0.01745240643728355329 ) ) ;
#2309 = CARTESIAN_POINT ( 'NONE',  ( -4.508195900251454447, -1.080699737192995391, 0.0000000000000000000 ) ) ;
#2310 = ORIENTED_EDGE ( 'NONE', *, *, #5342, .T. ) ;
#2311 = CARTESIAN_POINT ( 'NONE',  ( -2.927848279859058156, -1.217113873621922471, 2.593200000000003058 ) ) ;
#2312 = CARTESIAN_POINT ( 'NONE',  ( -3.193102469749533601, -1.461210210966284340, 2.593200000000003058 ) ) ;
#2313 = PRESENTATION_STYLE_ASSIGNMENT (( #2292 ) ) ;
#2314 = CARTESIAN_POINT ( 'NONE',  ( -2.655330140935653116, -0.4894201509291076224, 0.0000000000000000000 ) ) ;
#2315 = ORIENTED_EDGE ( 'NONE', *, *, #1623, .T. ) ;
#2316 = B_SPLINE_CURVE_WITH_KNOTS ( 'NONE', 3,
 ( #5305, #2325, #4950, #2798, #4523, #3139, #634, #3681, #2279, #552, #97, #1846 ),
 .UNSPECIFIED., .F., .F.,
 ( 4, 2, 2, 2, 2, 4 ),
 ( 3.373234190565051328E-06, 7.817594034096824840E-05, 0.0001529786464913714616, 0.0003025840587921752858, 0.0004521894710929791643, 0.0006017948833937830427 ),
 .UNSPECIFIED. ) ;
#2317 = CYLINDRICAL_SURFACE ( 'NONE', #4165, 2.110000000000002540 ) ;
#2318 = CARTESIAN_POINT ( 'NONE',  ( -0.8202853723103833428, -1.429417480365503534, 0.0000000000000000000 ) ) ;
#2319 = VERTEX_POINT ( 'NONE', #5025 ) ;
#2320 = DIRECTION ( 'NONE',  ( -1.000000000000000000, -0.0000000000000000000, -0.0000000000000000000 ) ) ;
#2321 = CARTESIAN_POINT ( 'NONE',  ( -5.377181741502921497, -0.7396251094178635244, 1.976252396134966727 ) ) ;
#2322 = EDGE_CURVE ( 'NONE', #1359, #4297, #3752, .T. ) ;
#2323 = VERTEX_POINT ( 'NONE', #270 ) ;
#2324 = DIRECTION ( 'NONE',  ( 0.0000000000000000000, 0.0000000000000000000, 1.000000000000000000 ) ) ;
#2325 = CARTESIAN_POINT ( 'NONE',  ( -4.987808432935179503, -1.455820674562017469, 1.527313730014006721 ) ) ;
#2326 = CYLINDRICAL_SURFACE ( 'NONE', #5430, 2.110000000000002540 ) ;
#2327 = ORIENTED_EDGE ( 'NONE', *, *, #3577, .F. ) ;
#2328 = CARTESIAN_POINT ( 'NONE',  ( -5.098520150960541564, -0.4193875094299348572, 0.0000000000000000000 ) ) ;
#2329 = CARTESIAN_POINT ( 'NONE',  ( -2.910975514666187536, -1.115979039988776567, 2.593200000000003058 ) ) ;
#2330 = CARTESIAN_POINT ( 'NONE',  ( -0.1659754315354239063, -1.536377666547909193, 1.446251591436572559 ) ) ;
#2331 = ADVANCED_FACE ( 'NONE', ( #1341 ), #1371, .T. ) ;
#2332 = VECTOR ( 'NONE', #5447, 1000.000000000000227 ) ;
#2333 = FACE_OUTER_BOUND ( 'NONE', #5500, .T. ) ;
#2334 = CARTESIAN_POINT ( 'NONE',  ( -4.984386943863493791, -1.429252714087902776, 2.391702549246664028E-19 ) ) ;
#2335 = CARTESIAN_POINT ( 'NONE',  ( -5.379669323299751227, -1.423541591227426961, 2.148347352056795812E-19 ) ) ;
#2336 = CARTESIAN_POINT ( 'NONE',  ( -4.954635327243590126, -1.573317338509089280, 0.2731497544650836606 ) ) ;
#2337 = CIRCLE ( 'NONE', #1333, 0.5000000000000004441 ) ;
#2338 = CARTESIAN_POINT ( 'NONE',  ( -0.5513439791620624586, -0.7137116951134708787, 2.593200000000003058 ) ) ;
#2339 = ORIENTED_EDGE ( 'NONE', *, *, #111, .F. ) ;
#2340 = CARTESIAN_POINT ( 'NONE',  ( -3.040531282849006978, -1.320380293692052343, 2.593200000000003058 ) ) ;
#2341 = VECTOR ( 'NONE', #1217, 1000.000000000000000 ) ;
#2342 = CARTESIAN_POINT ( 'NONE',  ( -3.202613694178575443, -1.493162331596406434, 2.593200000000003058 ) ) ;
#2343 = VECTOR ( 'NONE', #5261, 1000.000000000000227 ) ;
#2344 = CARTESIAN_POINT ( 'NONE',  ( -3.020542927822972068, -0.4392561100400975693, 2.593200000000003058 ) ) ;
#2345 = AXIS2_PLACEMENT_3D ( 'NONE', #2845, #3732, #1976 ) ;
#2346 = CARTESIAN_POINT ( 'NONE',  ( -2.594902718727972513, -0.6334876854340841801, 0.0000000000000000000 ) ) ;
#2347 = VECTOR ( 'NONE', #2104, 1000.000000000000000 ) ;
#2348 = ORIENTED_EDGE ( 'NONE', *, *, #1275, .T. ) ;
#2349 = CARTESIAN_POINT ( 'NONE',  ( -5.373405930255000129, -0.8037811057822651373, 1.465529562548776761E-19 ) ) ;
#2350 = CARTESIAN_POINT ( 'NONE',  ( -14.12140046512274516, -1.250000000000002220, 0.0000000000000000000 ) ) ;
#2351 = ORIENTED_EDGE ( 'NONE', *, *, #4884, .T. ) ;
#2352 = CARTESIAN_POINT ( 'NONE',  ( -0.6562419493197862996, -0.3139956407888669365, -5.733611658969716177E-20 ) ) ;
#2353 = DIRECTION ( 'NONE',  ( 0.01744974916068272111, -0.01744974916068272111, -0.9996954598818874604 ) ) ;
#2354 = EDGE_CURVE ( 'NONE', #4569, #5491, #2651, .T. ) ;
#2355 = VERTEX_POINT ( 'NONE', #4408 ) ;
#2356 = CARTESIAN_POINT ( 'NONE',  ( -4.986490590708768877, -0.3638785516489305705, 2.593200000000003058 ) ) ;
#2357 = CARTESIAN_POINT ( 'NONE',  ( -2.944568831175620183, -1.085090144596824402, 0.0000000000000000000 ) ) ;
#2358 = AXIS2_PLACEMENT_3D ( 'NONE', #1325, #867, #1265 ) ;
#2359 = CARTESIAN_POINT ( 'NONE',  ( -2.444387563533811036, -0.7404313725534773516, 0.0000000000000000000 ) ) ;
#2360 = CARTESIAN_POINT ( 'NONE',  ( -4.810337718353835612, -0.9823521505271926024, 2.593200000000003058 ) ) ;
#2361 = DIRECTION ( 'NONE',  ( 0.0000000000000000000, -0.01745240643728354635, -0.9998476951563911586 ) ) ;
#2362 = EDGE_CURVE ( 'NONE', #1263, #3371, #1614, .T. ) ;
#2363 = CARTESIAN_POINT ( 'NONE',  ( -1.239239109332260336, -1.111691288322558924, 0.0000000000000000000 ) ) ;
#2364 = CARTESIAN_POINT ( 'NONE',  ( -3.227704882937779907, -1.536377666547909193, 1.446251591436572337 ) ) ;
#2365 = CARTESIAN_POINT ( 'NONE',  ( -0.8041314550816042184, -0.3815116787351555683, 2.593200000000003058 ) ) ;
#2366 = ORIENTED_EDGE ( 'NONE', *, *, #111, .T. ) ;
#2367 = CARTESIAN_POINT ( 'NONE',  ( -2.825392857116060252, -0.2774627395310559907, 0.0000000000000000000 ) ) ;
#2368 = CARTESIAN_POINT ( 'NONE',  ( -3.197339935397601973, -0.6081828108485912709, 2.020448877994273751 ) ) ;
#2369 = CARTESIAN_POINT ( 'NONE',  ( -2.611393112154656748, -0.4695559329053716202, 2.593200000000003058 ) ) ;
#2370 = CARTESIAN_POINT ( 'NONE',  ( -5.273087572564381986, -0.7002466135880114351, 1.990574710218331322 ) ) ;
#2371 = ORIENTED_EDGE ( 'NONE', *, *, #4769, .T. ) ;
#2372 = CARTESIAN_POINT ( 'NONE',  ( -3.385154621772845651, -0.4256349713519695932, 0.0000000000000000000 ) ) ;
#2373 = ORIENTED_EDGE ( 'NONE', *, *, #859, .T. ) ;
#2374 = CARTESIAN_POINT ( 'NONE',  ( -4.519961767694642418, -1.246078692083331996, 1.703812619722982147 ) ) ;
#2375 = DIRECTION ( 'NONE',  ( -3.965082230804130713E-16, -1.000000000000000000, 0.0000000000000000000 ) ) ;
#2376 = CARTESIAN_POINT ( 'NONE',  ( -5.186020212888372782, -0.4031620614035313910, 2.593200000000003058 ) ) ;
#2377 = CARTESIAN_POINT ( 'NONE',  ( -2.571639982468802987, -0.7459323177429071361, 2.593200000000003058 ) ) ;
#2378 = EDGE_CURVE ( 'NONE', #4184, #507, #2609, .T. ) ;
#2379 = CARTESIAN_POINT ( 'NONE',  ( -2.660071507215265196, -0.8132762544950083994, 1.151232187994347909E-19 ) ) ;
#2380 = CARTESIAN_POINT ( 'NONE',  ( -5.216497014267392096, -1.536590036598824316, 2.148347352056795812E-19 ) ) ;
#2381 = DIRECTION ( 'NONE',  ( -1.000000000000000000, 1.070927123949778980E-16, 0.0000000000000000000 ) ) ;
#2382 = CARTESIAN_POINT ( 'NONE',  ( -4.716962850316269495, -0.9002133712939599519, 0.8507945928299560645 ) ) ;
#2383 = CARTESIAN_POINT ( 'NONE',  ( -0.7124608210073790637, -0.4644658402797525176, 0.0000000000000000000 ) ) ;
#2384 = VERTEX_POINT ( 'NONE', #55 ) ;
#2385 = ADVANCED_FACE ( 'NONE', ( #458 ), #3505, .T. ) ;
#2386 = LINE ( 'NONE', #4113, #316 ) ;
#2387 = ADVANCED_FACE ( 'NONE', ( #3932 ), #2564, .T. ) ;
#2388 = CARTESIAN_POINT ( 'NONE',  ( -3.221731408384099993, -0.6274381218401234861, 0.7837423458265602161 ) ) ;
#2389 = CARTESIAN_POINT ( 'NONE',  ( -0.9713913151786169875, -0.4182094605488245187, 2.593200000000003058 ) ) ;
#2390 = CARTESIAN_POINT ( 'NONE',  ( -2.762453974529147427, -0.3860801018834270626, 2.593200000000003058 ) ) ;
#2391 = EDGE_CURVE ( 'NONE', #3801, #2283, #5158, .T. ) ;
#2392 = FACE_OUTER_BOUND ( 'NONE', #2210, .T. ) ;
#2393 = VERTEX_POINT ( 'NONE', #1833 ) ;
#2394 = CARTESIAN_POINT ( 'NONE',  ( -2.917364733630727791, -1.226684798938887377, 1.717782982192094243 ) ) ;
#2395 = ORIENTED_EDGE ( 'NONE', *, *, #4436, .T. ) ;
#2396 = CARTESIAN_POINT ( 'NONE',  ( -5.261112690564118566, -0.6218429702165932937, 2.719045378242563815E-20 ) ) ;
#2397 = CARTESIAN_POINT ( 'NONE',  ( -4.990096556374717274, -0.4091713900385345881, 0.0000000000000000000 ) ) ;
#2398 =( NAMED_UNIT ( * ) PLANE_ANGLE_UNIT ( ) SI_UNIT ( $, .RADIAN. ) );
#2399 = PLANE ( 'NONE',  #5422 ) ;
#2400 = VERTEX_POINT ( 'NONE', #4380 ) ;
#2401 = CARTESIAN_POINT ( 'NONE',  ( -5.229226639447677627, -0.4985602707821822910, 0.0000000000000000000 ) ) ;
#2402 = CARTESIAN_POINT ( 'NONE',  ( -2.549560782365192679, -0.6308620768333157436, 2.593200000000003058 ) ) ;
#2403 = ORIENTED_EDGE ( 'NONE', *, *, #2588, .T. ) ;
#2404 = CARTESIAN_POINT ( 'NONE',  ( -5.274983205281314369, -1.481932861031727722, 1.502912772873812752 ) ) ;
#2405 = PLANE ( 'NONE',  #905 ) ;
#2406 = CARTESIAN_POINT ( 'NONE',  ( -1.133186447923730578, -1.435512366623482805, 1.783248038321555445E-19 ) ) ;
#2407 = EDGE_CURVE ( 'NONE', #4603, #4526, #3069, .T. ) ;
#2408 = CARTESIAN_POINT ( 'NONE',  ( -0.6508389543371210229, -0.5317503610519330737, 0.0000000000000000000 ) ) ;
#2409 = ORIENTED_EDGE ( 'NONE', *, *, #291, .F. ) ;
#2410 = CARTESIAN_POINT ( 'NONE',  ( -2.442193441912524410, -0.5335112574480610492, 0.0000000000000000000 ) ) ;
#2411 = B_SPLINE_CURVE_WITH_KNOTS ( 'NONE', 3,
 ( #3222, #196, #2765, #2820, #2352, #4948, #4545, #2251, #1391, #3177, #2001, #4904, #4850, #5338 ),
 .UNSPECIFIED., .F., .F.,
 ( 4, 2, 2, 2, 2, 2, 4 ),
 ( 0.0000000000000000000, 0.0001087994208824692705, 0.0002175988417649385410, 0.0003263982626474078250, 0.0004351976835298770820, 0.0006527965252948156501, 0.0008703953670597541640 ),
 .UNSPECIFIED. ) ;
#2412 =( NAMED_UNIT ( * ) PLANE_ANGLE_UNIT ( ) SI_UNIT ( $, .RADIAN. ) );
#2413 = EDGE_CURVE ( 'NONE', #2288, #4161, #104, .T. ) ;
#2414 = CARTESIAN_POINT ( 'NONE',  ( -0.8335476544482333106, -0.3138917999665414849, 2.086521492320119631 ) ) ;
#2415 = CARTESIAN_POINT ( 'NONE',  ( -14.12140046512274516, -1.250000000000002220, 6.123233995736772199E-17 ) ) ;
#2416 = AXIS2_PLACEMENT_3D ( 'NONE', #857, #1653, #4718 ) ;
#2417 = ORIENTED_EDGE ( 'NONE', *, *, #5088, .T. ) ;
#2418 = VECTOR ( 'NONE', #2422, 1000.000000000000227 ) ;
#2419 = CARTESIAN_POINT ( 'NONE',  ( -5.328774885386164506, -1.136808477598345135, 1.128789332101580944 ) ) ;
#2420 = EDGE_CURVE ( 'NONE', #4983, #4470, #3701, .T. ) ;
#2421 = EDGE_LOOP ( 'NONE', ( #2872, #4921, #3419, #4895 ) ) ;
#2422 = DIRECTION ( 'NONE',  ( 0.01744974916068272111, -0.01744974916068272111, -0.9996954598818874604 ) ) ;
#2423 = LINE ( 'NONE', #993, #1517 ) ;
#2424 = CARTESIAN_POINT ( 'NONE',  ( -5.442148915068160342, -0.6423415765145681355, 0.0000000000000000000 ) ) ;
#2425 = CARTESIAN_POINT ( 'NONE',  ( -2.920274449816193663, -1.105643324800896554, 1.797123490003786017 ) ) ;
#2426 = ORIENTED_EDGE ( 'NONE', *, *, #2791, .F. ) ;
#2427 = STYLED_ITEM ( 'NONE', ( #2273 ), #3738 ) ;
#2428 = PRESENTATION_LAYER_ASSIGNMENT (  '', '', ( #4871 ) ) ;
#2429 = CARTESIAN_POINT ( 'NONE',  ( -4.606132773640609024, -0.9826657377896340639, 1.868087562492530607 ) ) ;
#2430 = AXIS2_PLACEMENT_3D ( 'NONE', #5285, #4396, #5260 ) ;
#2431 = CARTESIAN_POINT ( 'NONE',  ( -0.8334642026727326902, -0.3015183995541629858, 1.377823885586275221 ) ) ;
#2432 = CARTESIAN_POINT ( 'NONE',  ( -0.8517291539443537784, -0.4260701791124146820, 4.230571947171311365E-20 ) ) ;
#2433 = ORIENTED_EDGE ( 'NONE', *, *, #541, .T. ) ;
#2434 = CARTESIAN_POINT ( 'NONE',  ( -0.4455451099640963530, -0.9282705219755621462, 1.365464386709446254 ) ) ;
#2435 = CARTESIAN_POINT ( 'NONE',  ( -3.247101962189022917, -1.484573187003236816, -1.159464996628269268E-20 ) ) ;
#2436 = ORIENTED_EDGE ( 'NONE', *, *, #4465, .T. ) ;
#2437 = CARTESIAN_POINT ( 'NONE',  ( -2.431028879825301470, -0.6593277730328203079, 0.0000000000000000000 ) ) ;
#2438 = FACE_OUTER_BOUND ( 'NONE', #4385, .T. ) ;
#2439 = CARTESIAN_POINT ( 'NONE',  ( -0.9658935904597067967, -1.533055980755563041, 1.449848852045511283 ) ) ;
#2440 = CARTESIAN_POINT ( 'NONE',  ( -1.213123157815775288, -1.246525344336627539, 0.0000000000000000000 ) ) ;
#2441 = CARTESIAN_POINT ( 'NONE',  ( -3.219072309646901164, -0.5391364946741646902, 0.0000000000000000000 ) ) ;
#2442 = AXIS2_PLACEMENT_3D ( 'NONE', #5126, #656, #4239 ) ;
#2443 = FILL_AREA_STYLE ('',( #382 ) ) ;
#2444 = CARTESIAN_POINT ( 'NONE',  ( -2.804561507359653039, -1.137176006553242136, 1.611284717815393952 ) ) ;
#2445 = ORIENTED_EDGE ( 'NONE', *, *, #3956, .F. ) ;
#2446 = CARTESIAN_POINT ( 'NONE',  ( -2.430266905593624127, -0.6319442246859495738, 0.0000000000000000000 ) ) ;
#2447 = CARTESIAN_POINT ( 'NONE',  ( -4.559703352708537771, -0.6043745208065673946, 2.021591313445881610 ) ) ;
#2448 = CARTESIAN_POINT ( 'NONE',  ( -0.9461124012820251172, -0.4560364467326699089, 0.0000000000000000000 ) ) ;
#2449 = CARTESIAN_POINT ( 'NONE',  ( -4.880275708446325744, -1.007149465756790541, 8.594257207030009252E-20 ) ) ;
#2450 = CARTESIAN_POINT ( 'NONE',  ( 9.258599534877255621, -1.249999999999999556, 0.0000000000000000000 ) ) ;
#2451 = ORIENTED_EDGE ( 'NONE', *, *, #2903, .T. ) ;
#2452 = CARTESIAN_POINT ( 'NONE',  ( -5.215956312518399862, -0.7142621312531237665, 0.0000000000000000000 ) ) ;
#2453 = CARTESIAN_POINT ( 'NONE',  ( -5.442627315508155483, -0.6274963197655714087, 0.0000000000000000000 ) ) ;
#2454 = CARTESIAN_POINT ( 'NONE',  ( -2.715152881650964911, -0.4479867689388784546, 1.435983751217075051E-19 ) ) ;
#2455 = EDGE_LOOP ( 'NONE', ( #3300, #1110, #3931, #3847 ) ) ;
#2456 = EDGE_CURVE ( 'NONE', #1022, #2037, #2147, .T. ) ;
#2457 = CARTESIAN_POINT ( 'NONE',  ( -4.060161455623673810, -1.561622081978972787, 0.0000000000000000000 ) ) ;
#2458 = PLANE ( 'NONE',  #2442 ) ;
#2459 = CARTESIAN_POINT ( 'NONE',  ( -0.01012045251870416669, -1.413449850158059240, 0.0000000000000000000 ) ) ;
#2460 = CARTESIAN_POINT ( 'NONE',  ( -5.213927483362246207, -0.7164429665876022035, 0.0000000000000000000 ) ) ;
#2461 = ORIENTED_EDGE ( 'NONE', *, *, #1158, .T. ) ;
#2462 = DIRECTION ( 'NONE',  ( 0.01745240643728354635, 0.0000000000000000000, -0.9998476951563911586 ) ) ;
#2463 = CARTESIAN_POINT ( 'NONE',  ( -3.236210659577863691, -1.447405986617018359, 0.0000000000000000000 ) ) ;
#2464 = VERTEX_POINT ( 'NONE', #3046 ) ;
#2465 = CARTESIAN_POINT ( 'NONE',  ( -2.566805568736224341, -0.9526579519021995957, 0.0000000000000000000 ) ) ;
#2466 = CARTESIAN_POINT ( 'NONE',  ( -2.561488523566548992, -0.6334828701372333670, 1.913722553661129977 ) ) ;
#2467 = CARTESIAN_POINT ( 'NONE',  ( -2.559761047059766703, -0.6334826212791367928, 2.012659874031688112 ) ) ;
#2468 = CARTESIAN_POINT ( 'NONE',  ( -1.125558116584226331, -0.9218167147469056300, 2.593200000000003058 ) ) ;
#2469 = CARTESIAN_POINT ( 'NONE',  ( -10.09140046512274580, 1.149999999999999245, 0.0000000000000000000 ) ) ;
#2470 = ORIENTED_EDGE ( 'NONE', *, *, #5342, .F. ) ;
#2471 = CARTESIAN_POINT ( 'NONE',  ( -1.053849344819757450, -1.458962543752936547, 2.593200000000003058 ) ) ;
#2472 = SURFACE_STYLE_USAGE ( .BOTH. , #2893 ) ;
#2473 = CARTESIAN_POINT ( 'NONE',  ( -2.910774996760614020, -1.115844739950545339, 2.593200000000003058 ) ) ;
#2474 = CARTESIAN_POINT ( 'NONE',  ( -4.989912908054083829, -0.3833813681447559851, 1.477388649984246127 ) ) ;
#2475 = CARTESIAN_POINT ( 'NONE',  ( -1.043007483224602350, -0.4874544697739650601, 2.593200000000003058 ) ) ;
#2476 = EDGE_CURVE ( 'NONE', #1092, #5167, #2232, .T. ) ;
#2477 = CARTESIAN_POINT ( 'NONE',  ( -4.891670684705782257, -0.8741408457411361521, 2.593200000000003058 ) ) ;
#2478 = CARTESIAN_POINT ( 'NONE',  ( -3.093786935565997265, -0.6312845565143908599, 1.293829552922950210 ) ) ;
#2479 = ORIENTED_EDGE ( 'NONE', *, *, #119, .T. ) ;
#2480 = CARTESIAN_POINT ( 'NONE',  ( -2.537110318314018897, -0.4267966078336287716, 2.066608731466707205 ) ) ;
#2481 = B_SPLINE_CURVE_WITH_KNOTS ( 'NONE', 3,
 ( #5205, #2947, #1714, #4376, #2080, #1769, #1248, #355, #5538, #3929 ),
 .UNSPECIFIED., .F., .F.,
 ( 4, 3, 3, 4 ),
 ( 0.0003907692728095706817, 0.0006617634693965339029, 0.001323526932894014858, 0.002161704476834234827 ),
 .UNSPECIFIED. ) ;
#2482 = CARTESIAN_POINT ( 'NONE',  ( -5.239516985964365325, -0.8631285078572510372, 1.746510483764138977 ) ) ;
#2483 = FACE_OUTER_BOUND ( 'NONE', #3035, .T. ) ;
#2484 = ADVANCED_FACE ( 'NONE', ( #946 ), #30, .T. ) ;
#2485 = CARTESIAN_POINT ( 'NONE',  ( -0.9598941463140140407, -0.4656455862857621364, 4.230571947171311365E-20 ) ) ;
#2486 = ORIENTED_EDGE ( 'NONE', *, *, #1028, .T. ) ;
#2487 = DIRECTION ( 'NONE',  ( -1.000000000000000000, -0.0000000000000000000, -0.0000000000000000000 ) ) ;
#2488 = CARTESIAN_POINT ( 'NONE',  ( -1.211811710973212053, -0.9281982245085975691, 1.894874153082231505 ) ) ;
#2489 = ORIENTED_EDGE ( 'NONE', *, *, #4403, .T. ) ;
#2490 = CARTESIAN_POINT ( 'NONE',  ( -4.497862492625444020, -1.112994701369108386, -4.580658754754668732E-20 ) ) ;
#2491 = CARTESIAN_POINT ( 'NONE',  ( -2.562352261825114219, -0.6334829945675710672, 1.864253893475941393 ) ) ;
#2492 = CARTESIAN_POINT ( 'NONE',  ( -0.7328711888915317996, -1.405197532090260326, 0.0000000000000000000 ) ) ;
#2493 = ADVANCED_FACE ( 'NONE', ( #2289 ), #4003, .T. ) ;
#2494 = CARTESIAN_POINT ( 'NONE',  ( -0.03703439747753871358, -1.440363795116893719, 1.541898874023999166 ) ) ;
#2495 = CARTESIAN_POINT ( 'NONE',  ( 2.622817477216904614, -1.916127104346653532E-15, -2.060000000000002274 ) ) ;
#2496 = VERTEX_POINT ( 'NONE', #3898 ) ;
#2497 = DIRECTION ( 'NONE',  ( -1.000000000000000000, -0.0000000000000000000, -0.0000000000000000000 ) ) ;
#2498 = DIRECTION ( 'NONE',  ( -0.6105193732222974345, -0.7920013225495605713, 0.0000000000000000000 ) ) ;
#2499 = DIRECTION ( 'NONE',  ( 0.01744974916068272111, 0.01744974916068272111, -0.9996954598818874604 ) ) ;
#2500 = DIRECTION ( 'NONE',  ( 0.01744974916068272111, 0.01744974916068272111, -0.9996954598818874604 ) ) ;
#2501 = CARTESIAN_POINT ( 'NONE',  ( -0.8332995181904455650, -1.429913431471494079, 0.0000000000000000000 ) ) ;
#2502 = CARTESIAN_POINT ( 'NONE',  ( -0.8351002223966025317, -0.4256349713519693712, 0.0000000000000000000 ) ) ;
#2503 = DIRECTION ( 'NONE',  ( 0.01745240643728354982, 0.0000000000000000000, -0.9998476951563911586 ) ) ;
#2504 = CARTESIAN_POINT ( 'NONE',  ( -3.078203578569113752, -0.6494226715673994121, 0.3486885792357242719 ) ) ;
#2505 = CARTESIAN_POINT ( 'NONE',  ( -3.421352059912067478, -0.3894375332127474332, 2.073749842127825982 ) ) ;
#2506 = ORIENTED_EDGE ( 'NONE', *, *, #3350, .T. ) ;
#2507 = FACE_OUTER_BOUND ( 'NONE', #4484, .T. ) ;
#2508 = COLOUR_RGB ( '',0.6941176470588235059, 0.09803921568627450844, 0.09803921568627450844 ) ;
#2509 = CARTESIAN_POINT ( 'NONE',  ( 2.686101209246400945, -2.075738053416977081E-15, -0.7566776936709389556 ) ) ;
#2510 = FACE_OUTER_BOUND ( 'NONE', #3546, .T. ) ;
#2511 = CARTESIAN_POINT ( 'NONE',  ( -0.8684482327303355564, -0.4271550449341045552, 4.230571947171311365E-20 ) ) ;
#2512 = ORIENTED_EDGE ( 'NONE', *, *, #2219, .F. ) ;
#2513 = AXIS2_PLACEMENT_3D ( 'NONE', #4049, #2320, #3629 ) ;
#2514 = CARTESIAN_POINT ( 'NONE',  ( -2.566805568736224341, -0.9526579519021995957, 1.784069190337640891E-19 ) ) ;
#2515 = CARTESIAN_POINT ( 'NONE',  ( -0.5065430066863905179, -0.4679559064747331742, 0.0000000000000000000 ) ) ;
#2516 = ORIENTED_EDGE ( 'NONE', *, *, #4192, .T. ) ;
#2517 = CARTESIAN_POINT ( 'NONE',  ( -4.680221392720337548, -0.9007993318630415081, -4.580658754754668732E-20 ) ) ;
#2518 = EDGE_CURVE ( 'NONE', #3986, #4470, #2982, .T. ) ;
#2519 = COLOUR_RGB ( '',0.6941176470588235059, 0.09803921568627450844, 0.09803921568627450844 ) ;
#2520 = CARTESIAN_POINT ( 'NONE',  ( -1.111626637922606076, -0.9276955604841984337, 1.797311744372434683 ) ) ;
#2521 = AXIS2_PLACEMENT_3D ( 'NONE', #2205, #5611, #426 ) ;
#2522 = CARTESIAN_POINT ( 'NONE',  ( -1.098905770338134191, -1.437643529224957861, 1.544435522361685686 ) ) ;
#2523 = CARTESIAN_POINT ( 'NONE',  ( -1.109302134550144370, -1.195403220071139527, 2.593200000000003058 ) ) ;
#2524 = SURFACE_SIDE_STYLE ('',( #5564 ) ) ;
#2525 = CARTESIAN_POINT ( 'NONE',  ( -1.610536799324225887, -0.3303024428737036389, 2.083986635329428960 ) ) ;
#2526 = ORIENTED_EDGE ( 'NONE', *, *, #4991, .F. ) ;
#2527 = CARTESIAN_POINT ( 'NONE',  ( -4.770438103768511517, -1.048056278736130720, 0.0000000000000000000 ) ) ;
#2528 = CARTESIAN_POINT ( 'NONE',  ( -5.239854685417256519, -0.7392184270485823161, 1.976273290087135148 ) ) ;
#2529 = DIRECTION ( 'NONE',  ( -3.965082230804130713E-16, 1.000000000000000000, -0.0000000000000000000 ) ) ;
#2530 = EDGE_CURVE ( 'NONE', #4138, #3363, #4304, .T. ) ;
#2531 = FACE_OUTER_BOUND ( 'NONE', #4771, .T. ) ;
#2532 = PRESENTATION_STYLE_ASSIGNMENT (( #2949 ) ) ;
#2533 = CARTESIAN_POINT ( 'NONE',  ( -1.106888321806567266, -1.154287098622599039, 1.770716079704503620 ) ) ;
#2534 = DIRECTION ( 'NONE',  ( -1.000000000000000000, -0.0000000000000000000, -0.0000000000000000000 ) ) ;
#2535 = LINE ( 'NONE', #5150, #232 ) ;
#2536 = B_SPLINE_SURFACE_WITH_KNOTS ( 'NONE', 1, 3, ( 
 ( #4732, #346, #1305, #847, #4308, #3036, #3600, #2689, #4025, #1789, #3920, #2665, #2192, #2640, #551, #4899, #1360, #955, #120, #3113, #4002, #2717, #4421, #470 ),
 ( #4449, #496, #2300, #18, #2243, #3491, #4368, #525, #3170, #2276, #2218, #96, #5283, #3524, #1845, #5257, #1867, #3090, #4867, #3971, #4393, #4791, #1761, #1409 ) ),
 .UNSPECIFIED., .F., .F., .F.,
 ( 2, 2 ),
 ( 4, 3, 2, 2, 2, 2, 2, 2, 2, 3, 4 ),
 ( 0.0000000000000000000, 1.000000000000000000 ),
 ( -0.01000000000000000021, 0.0000000000000000000, 0.1250000000000000000, 0.2500000000000000000, 0.3750000000000000000, 0.5000000000000000000, 0.6250000000000000000, 0.7500000000000000000, 0.8750000000000000000, 1.000000000000000000, 1.010223569956687051 ),
 .UNSPECIFIED. ) ;
#2537 = CARTESIAN_POINT ( 'NONE',  ( -5.053908611826066988, -0.7867817498232156925, 0.0000000000000000000 ) ) ;
#2538 = CARTESIAN_POINT ( 'NONE',  ( -4.628558127639673891, -0.3835610883928177173, 0.0000000000000000000 ) ) ;
#2539 = CARTESIAN_POINT ( 'NONE',  ( -2.728607088737782238, -0.4421177475982490113, 1.435983751217075051E-19 ) ) ;
#2540 = ORIENTED_EDGE ( 'NONE', *, *, #2837, .T. ) ;
#2541 = FACE_OUTER_BOUND ( 'NONE', #199, .T. ) ;
#2542 = CARTESIAN_POINT ( 'NONE',  ( -5.052483963272146106, -0.4112446496767751536, -3.135031547352176236E-20 ) ) ;
#2543 = FACE_OUTER_BOUND ( 'NONE', #3328, .T. ) ;
#2544 = CARTESIAN_POINT ( 'NONE',  ( -2.920274449816193663, -1.105643324800896554, 1.797123490003786017 ) ) ;
#2545 = VERTEX_POINT ( 'NONE', #1710 ) ;
#2546 = PLANE ( 'NONE',  #425 ) ;
#2547 = CARTESIAN_POINT ( 'NONE',  ( -0.6000128931801546051, -0.4089840264895650002, 2.593200000000003058 ) ) ;
#2548 = VERTEX_POINT ( 'NONE', #3041 ) ;
#2549 = CARTESIAN_POINT ( 'NONE',  ( -2.733381529629045570, -1.053275211555211976, 2.593200000000003058 ) ) ;
#2550 = CARTESIAN_POINT ( 'NONE',  ( -4.962715287110788687, -1.454293599415530602, 1.396348088648306618 ) ) ;
#2551 = CARTESIAN_POINT ( 'NONE',  ( -0.5960959138897047316, -1.136011930843849216, 0.0000000000000000000 ) ) ;
#2552 = FACE_OUTER_BOUND ( 'NONE', #228, .T. ) ;
#2553 = CARTESIAN_POINT ( 'NONE',  ( -1.035354676722677558, -0.4930774553329473342, 2.051578568576493122 ) ) ;
#2554 = ORIENTED_EDGE ( 'NONE', *, *, #4015, .T. ) ;
#2555 = DIRECTION ( 'NONE',  ( -1.000000000000000000, -0.0000000000000000000, -0.0000000000000000000 ) ) ;
#2556 = ADVANCED_FACE ( 'NONE', ( #3016 ), #5149, .T. ) ;
#2557 = FACE_OUTER_BOUND ( 'NONE', #4534, .T. ) ;
#2558 = B_SPLINE_CURVE_WITH_KNOTS ( 'NONE', 3,
 ( #2368, #1941, #5191, #1296, #1000, #4537, #2388, #5084, #4561, #1535 ),
 .UNSPECIFIED., .F., .F.,
 ( 4, 3, 3, 4 ),
 ( 0.0001405962245583263544, 0.0005937071573407037926, 0.001377693138926228307, 0.002161679149282458474 ),
 .UNSPECIFIED. ) ;
#2559 =( NAMED_UNIT ( * ) SI_UNIT ( $, .STERADIAN. ) SOLID_ANGLE_UNIT ( ) );
#2560 = PRESENTATION_STYLE_ASSIGNMENT (( #1684 ) ) ;
#2561 = ORIENTED_EDGE ( 'NONE', *, *, #2413, .F. ) ;
#2562 = ADVANCED_FACE ( 'NONE', ( #4738 ), #1743, .T. ) ;
#2563 = ADVANCED_FACE ( 'NONE', ( #24 ), #4258, .T. ) ;
#2564 = PLANE ( 'NONE',  #2975 ) ;
#2565 = CARTESIAN_POINT ( 'NONE',  ( -0.6298872271357615071, -1.352314903046216710, 1.620448888072143490 ) ) ;
#2566 = CARTESIAN_POINT ( 'NONE',  ( -1.085929791869533867, -0.5804238372356550490, 2.593200000000003058 ) ) ;
#2567 = EDGE_CURVE ( 'NONE', #717, #1502, #2535, .T. ) ;
#2568 = CARTESIAN_POINT ( 'NONE',  ( -1.207961214951955853, -0.7999273143437943823, 1.953729167275227052 ) ) ;
#2569 = CARTESIAN_POINT ( 'NONE',  ( -4.883966787194383485, -0.2683469210437880448, 0.0000000000000000000 ) ) ;
#2570 = VERTEX_POINT ( 'NONE', #1627 ) ;
#2571 = ORIENTED_EDGE ( 'NONE', *, *, #705, .T. ) ;
#2572 = PLANE ( 'NONE',  #3776 ) ;
#2573 = CARTESIAN_POINT ( 'NONE',  ( -0.5694247193739836455, -0.6526158014923437722, 2.007350572260418353 ) ) ;
#2574 = CARTESIAN_POINT ( 'NONE',  ( -4.060161455623673810, -1.561622081978972787, 0.0000000000000000000 ) ) ;
#2575 = DIRECTION ( 'NONE',  ( 0.01744974916068272111, -0.01744974916068272111, -0.9996954598818874604 ) ) ;
#2576 = VERTEX_POINT ( 'NONE', #1258 ) ;
#2577 = CARTESIAN_POINT ( 'NONE',  ( -1.202326762725189235, -0.5684764548533115525, 2.561349295854137319E-19 ) ) ;
#2578 = DIRECTION ( 'NONE',  ( 0.0000000000000000000, -1.224646799147367998E-16, 1.000000000000000000 ) ) ;
#2579 = ORIENTED_EDGE ( 'NONE', *, *, #2456, .F. ) ;
#2580 = CARTESIAN_POINT ( 'NONE',  ( -2.618081813244701017, -0.9419903984484516712, 2.593200000000003058 ) ) ;
#2581 = CARTESIAN_POINT ( 'NONE',  ( -0.9886808990761700722, -0.3548700111795822787, 2.593200000000003058 ) ) ;
#2582 = CARTESIAN_POINT ( 'NONE',  ( -0.5052789271827500261, -1.388799796330974612, 0.0000000000000000000 ) ) ;
#2583 = CARTESIAN_POINT ( 'NONE',  ( -4.526142353023334230, -0.6349982760916906832, 0.2671575473427724723 ) ) ;
#2584 = CARTESIAN_POINT ( 'NONE',  ( -5.050323723575901980, -0.2625223024400286098, 1.306159568464606993E-19 ) ) ;
#2585 = ORIENTED_EDGE ( 'NONE', *, *, #4915, .F. ) ;
#2586 = DIRECTION ( 'NONE',  ( 0.0000000000000000000, 0.0000000000000000000, 1.000000000000000000 ) ) ;
#2587 = CARTESIAN_POINT ( 'NONE',  ( -1.574160677295012745, -1.084178223889362691, 0.0000000000000000000 ) ) ;
#2588 = EDGE_CURVE ( 'NONE', #9, #2570, #1586, .T. ) ;
#2589 = CARTESIAN_POINT ( 'NONE',  ( -5.094591049069137512, -0.3023960463529888343, 2.088251084326079532 ) ) ;
#2590 = CARTESIAN_POINT ( 'NONE',  ( -3.186749251312439579, -1.443758397747521904, 2.593200000000003058 ) ) ;
#2591 = VERTEX_POINT ( 'NONE', #4231 ) ;
#2592 = DIRECTION ( 'NONE',  ( 0.0000000000000000000, 0.0000000000000000000, 1.000000000000000000 ) ) ;
#2593 = EDGE_CURVE ( 'NONE', #2636, #192, #4237, .T. ) ;
#2594 = CARTESIAN_POINT ( 'NONE',  ( -5.340041430593074345, -1.215222043450115086, 2.593200000000003058 ) ) ;
#2595 = CARTESIAN_POINT ( 'NONE',  ( -2.896652082711141496, -0.3933970522144192294, 2.073025491716106838 ) ) ;
#2596 = EDGE_LOOP ( 'NONE', ( #4474, #4451, #1594, #1303 ) ) ;
#2597 = ORIENTED_EDGE ( 'NONE', *, *, #4371, .F. ) ;
#2598 = CARTESIAN_POINT ( 'NONE',  ( -17.07237392568151790, -1.536377666547909193, 1.446251591436572337 ) ) ;
#2599 = ADVANCED_FACE ( 'NONE', ( #3844 ), #5054, .T. ) ;
#2600 = CARTESIAN_POINT ( 'NONE',  ( -5.262002891504413249, -0.6008177662652368634, 0.0000000000000000000 ) ) ;
#2601 = MECHANICAL_DESIGN_GEOMETRIC_PRESENTATION_REPRESENTATION (  '', ( #595 ), #5040 ) ;
#2602 = PLANE ( 'NONE',  #5148 ) ;
#2603 = ORIENTED_EDGE ( 'NONE', *, *, #668, .T. ) ;
#2604 = CARTESIAN_POINT ( 'NONE',  ( -1.142744672937081152, -0.4358713436656662665, 2.561349295854137319E-19 ) ) ;
#2605 =( NAMED_UNIT ( * ) PLANE_ANGLE_UNIT ( ) SI_UNIT ( $, .RADIAN. ) );
#2606 = EDGE_LOOP ( 'NONE', ( #5429, #1639, #195, #2403, #3628 ) ) ;
#2607 = CIRCLE ( 'NONE', #4414, 2.060000000000002274 ) ;
#2608 = CARTESIAN_POINT ( 'NONE',  ( -2.601077159766806979, -0.9230468504931130802, 2.593200000000003058 ) ) ;
#2609 = B_SPLINE_CURVE_WITH_KNOTS ( 'NONE', 3,
 ( #1290, #4291, #3539, #3124, #3021, #856, #4, #3567, #831, #4746 ),
 .UNSPECIFIED., .F., .F.,
 ( 4, 2, 2, 2, 4 ),
 ( 3.365131084602491861E-06, 0.0001297713899549926824, 0.0002561776488253828627, 0.0003825839076957730160, 0.0005089901665661631693 ),
 .UNSPECIFIED. ) ;
#2610 = CARTESIAN_POINT ( 'NONE',  ( 0.7202903429404631241, -1.440363795116893719, 1.541898874023998944 ) ) ;
#2611 = FILL_AREA_STYLE ('',( #4846 ) ) ;
#2612 = VECTOR ( 'NONE', #4509, 1000.000000000000227 ) ;
#2613 = PLANE ( 'NONE',  #3322 ) ;
#2614 = ORIENTED_EDGE ( 'NONE', *, *, #1662, .T. ) ;
#2615 = PLANE ( 'NONE',  #5050 ) ;
#2616 = VECTOR ( 'NONE', #5444, 1000.000000000000000 ) ;
#2617 = LINE ( 'NONE', #455, #3606 ) ;
#2618 = VECTOR ( 'NONE', #2031, 1000.000000000000000 ) ;
#2619 = AXIS2_PLACEMENT_3D ( 'NONE', #2831, #2381, #665 ) ;
#2620 = CARTESIAN_POINT ( 'NONE',  ( -4.514532803591602139, -1.064888489258546844, 0.0000000000000000000 ) ) ;
#2621 = EDGE_LOOP ( 'NONE', ( #5395, #1489, #4001, #2327 ) ) ;
#2622 = CARTESIAN_POINT ( 'NONE',  ( -1.602806475157255051, -1.333661166398691478, 1.641116660410312900 ) ) ;
#2623 =( BOUNDED_CURVE ( )  B_SPLINE_CURVE ( 3, ( #399, #863, #3910, #2655 ),
 .UNSPECIFIED., .F., .T. ) 
 B_SPLINE_CURVE_WITH_KNOTS ( ( 4, 4 ),
 ( 3.290906630376276176, 3.957198614192891650 ),
 .UNSPECIFIED. ) 
 CURVE ( )  GEOMETRIC_REPRESENTATION_ITEM ( )  RATIONAL_B_SPLINE_CURVE ( ( 1.000000000000000000, 0.9633454845684338297, 0.9633454845684338297, 1.000000000000000000 ) ) 
 REPRESENTATION_ITEM ( '' )  );
#2624 = DIRECTION ( 'NONE',  ( -1.000000000000000000, -0.0000000000000000000, -0.0000000000000000000 ) ) ;
#2625 = UNCERTAINTY_MEASURE_WITH_UNIT (LENGTH_MEASURE( 1.000000000000000082E-05 ), #5015, 'distance_accuracy_value', 'NONE');
#2626 = DIRECTION ( 'NONE',  ( -1.000000000000000000, -0.0000000000000000000, -0.0000000000000000000 ) ) ;
#2627 = PRESENTATION_LAYER_ASSIGNMENT (  '', '', ( #1821 ) ) ;
#2628 = CARTESIAN_POINT ( 'NONE',  ( -5.311393635444717987, -1.117105386516232146, 0.0000000000000000000 ) ) ;
#2629 = CARTESIAN_POINT ( 'NONE',  ( -4.968898139209270148, -0.2616497062578632127, 0.0000000000000000000 ) ) ;
#2630 = ADVANCED_FACE ( 'NONE', ( #5614 ), #513, .T. ) ;
#2631 = ORIENTED_EDGE ( 'NONE', *, *, #2196, .F. ) ;
#2632 = CARTESIAN_POINT ( 'NONE',  ( -3.199029180820184948, -1.479715044900433263, 2.593200000000003058 ) ) ;
#2633 = STYLED_ITEM ( 'NONE', ( #1969 ), #5582 ) ;
#2634 = CARTESIAN_POINT ( 'NONE',  ( -5.135853423308457621, -0.4305930553785791148, -3.135031547352176236E-20 ) ) ;
#2635 = CARTESIAN_POINT ( 'NONE',  ( -2.413803324280189511, -1.396986268844624401, 0.0000000000000000000 ) ) ;
#2636 = VERTEX_POINT ( 'NONE', #485 ) ;
#2637 = CARTESIAN_POINT ( 'NONE',  ( -5.276032694852848870, -1.506744814575835312, 0.0000000000000000000 ) ) ;
#2638 = ADVANCED_FACE ( 'NONE', ( #4807 ), #5075, .T. ) ;
#2639 = ORIENTED_EDGE ( 'NONE', *, *, #824, .F. ) ;
#2640 = CARTESIAN_POINT ( 'NONE',  ( -4.737972175546193654, -1.358345293943974186, 0.0000000000000000000 ) ) ;
#2641 = B_SPLINE_SURFACE_WITH_KNOTS ( 'NONE', 1, 3, ( 
 ( #2357, #4031, #124, #4127, #3636, #2746, #1873, #661, #3608, #1066, #4476, #5337, #581, #177, #1442, #3176, #1013, #1930 ),
 ( #637, #1038, #2770, #2329, #4060, #150, #5363, #1902, #1984, #2377, #3662, #4502, #5389, #1495, #3227, #2826, #2402, #2804 ) ),
 .UNSPECIFIED., .F., .F., .F.,
 ( 2, 2 ),
 ( 4, 3, 2, 2, 2, 2, 3, 4 ),
 ( 0.0000000000000000000, 1.000000000000000000 ),
 ( -0.009999999999999998473, 0.0000000000000000000, 0.4999999999999999445, 0.7499999999999998890, 0.8749999999999998890, 0.9374999999999998890, 0.9999999999999998890, 1.009999999999999787 ),
 .UNSPECIFIED. ) ;
#2642 = CARTESIAN_POINT ( 'NONE',  ( -1.070530631515017372, -0.3544456561702181707, 0.0000000000000000000 ) ) ;
#2643 = CARTESIAN_POINT ( 'NONE',  ( -4.060161455623673810, -0.8372245041878402239, 0.0000000000000000000 ) ) ;
#2644 = CARTESIAN_POINT ( 'NONE',  ( -3.040458657249581975, -0.3593219201735758372, 2.079357881743634451 ) ) ;
#2645 = CARTESIAN_POINT ( 'NONE',  ( -1.015031497606347921, -0.5288611992831374620, 0.0000000000000000000 ) ) ;
#2646 = CARTESIAN_POINT ( 'NONE',  ( -5.427075045014760235, -0.5081076762160400273, 0.0000000000000000000 ) ) ;
#2647 = CARTESIAN_POINT ( 'NONE',  ( -1.035354676722677558, -0.4930774553329473342, 2.051578568576493122 ) ) ;
#2648 = CARTESIAN_POINT ( 'NONE',  ( -1.439589919771716575, -1.218748981412659083, 1.722425882383802564 ) ) ;
#2649 =( NAMED_UNIT ( * ) SI_UNIT ( $, .STERADIAN. ) SOLID_ANGLE_UNIT ( ) );
#2650 = EDGE_LOOP ( 'NONE', ( #5274, #4612, #3897, #2092 ) ) ;
#2651 = LINE ( 'NONE', #917, #3887 ) ;
#2652 = CARTESIAN_POINT ( 'NONE',  ( -2.975721887676809896, -1.319344314070939772, 0.0000000000000000000 ) ) ;
#2653 = CARTESIAN_POINT ( 'NONE',  ( -3.050922878487269951, -0.5484994809450056685, 0.0000000000000000000 ) ) ;
#2654 = CARTESIAN_POINT ( 'NONE',  ( -2.828971240357581518, -0.3894274641738170173, 2.073751733006427678 ) ) ;
#2655 = CARTESIAN_POINT ( 'NONE',  ( -0.1659754315354239063, -1.536377666547909193, 1.446251591436572559 ) ) ;
#2656 = B_SPLINE_CURVE_WITH_KNOTS ( 'NONE', 3,
 ( #2735, #1649, #5112, #5407, #4675, #1511, #1286, #4711, #4567, #2815 ),
 .UNSPECIFIED., .F., .F.,
 ( 4, 2, 2, 2, 4 ),
 ( 0.0000000000000000000, 8.029308894636101720E-05, 0.0001605861778927220344, 0.0002408792668390830516, 0.0003211723557854440688 ),
 .UNSPECIFIED. ) ;
#2657 = PLANE ( 'NONE',  #2358 ) ;
#2658 = ADVANCED_FACE ( 'NONE', ( #4538 ), #397, .T. ) ;
#2659 = DIRECTION ( 'NONE',  ( -0.01243305751536475517, 0.0000000000000000000, 0.9999227065532714231 ) ) ;
#2660 = CARTESIAN_POINT ( 'NONE',  ( -1.711762932244865976, -1.439890536325797221, 1.548751511132636427 ) ) ;
#2661 = VERTEX_POINT ( 'NONE', #5114 ) ;
#2662 = CYLINDRICAL_SURFACE ( 'NONE', #3240, 2.110000000000002540 ) ;
#2663 = CARTESIAN_POINT ( 'NONE',  ( -5.171105857083528434, -1.503995246311050638, 2.593200000000003058 ) ) ;
#2664 = VERTEX_POINT ( 'NONE', #3410 ) ;
#2665 = CARTESIAN_POINT ( 'NONE',  ( -4.780198179475302567, -1.388057812533263213, 0.0000000000000000000 ) ) ;
#2666 = CARTESIAN_POINT ( 'NONE',  ( -1.041512675267624477, -0.3892607757322565365, 2.593200000000003058 ) ) ;
#2667 = EDGE_CURVE ( 'NONE', #4670, #3998, #5118, .T. ) ;
#2668 = CARTESIAN_POINT ( 'NONE',  ( -0.4676368867259007578, -0.9997092417655193408, 2.593200000000003058 ) ) ;
#2669 = DIRECTION ( 'NONE',  ( 0.0000000000000000000, -0.9998476951563912696, 0.01745240643728354982 ) ) ;
#2670 = ORIENTED_EDGE ( 'NONE', *, *, #4592, .T. ) ;
#2671 = DIRECTION ( 'NONE',  ( 1.000000000000000000, 0.0000000000000000000, 0.0000000000000000000 ) ) ;
#2672 = CARTESIAN_POINT ( 'NONE',  ( -5.254506324987398891, -0.3155692611282771010, 0.0000000000000000000 ) ) ;
#2673 = APPLICATION_CONTEXT ( 'automotive_design' ) ;
#2674 = CARTESIAN_POINT ( 'NONE',  ( -5.070815985080355581, -1.417466206308041210, 2.391702549246664028E-19 ) ) ;
#2675 = EDGE_CURVE ( 'NONE', #5566, #620, #4741, .T. ) ;
#2676 = DIRECTION ( 'NONE',  ( 0.01744974916068272111, 0.01744974916068272111, -0.9996954598818874604 ) ) ;
#2677 = ORIENTED_EDGE ( 'NONE', *, *, #1002, .F. ) ;
#2678 = CARTESIAN_POINT ( 'NONE',  ( -2.267074790153007502, -1.094904113084894437, 1.803686498022812223 ) ) ;
#2679 = CARTESIAN_POINT ( 'NONE',  ( -2.898929388917005578, -1.251935862972783475, 0.0000000000000000000 ) ) ;
#2680 = B_SPLINE_SURFACE_WITH_KNOTS ( 'NONE', 1, 3, ( 
 ( #2367, #1995, #187, #4200, #2022, #4994, #1939, #1104, #2835, #5460, #1129, #3669, #2410, #2860, #704, #2446 ),
 ( #1587, #5048, #1157, #2809, #4618, #4536, #295, #2046, #3772, #644, #733, #5511, #1620, #4740, #5601, #1744 ) ),
 .UNSPECIFIED., .F., .F., .F.,
 ( 2, 2 ),
 ( 4, 2, 2, 2, 2, 2, 2, 4 ),
 ( 0.0000000000000000000, 1.000000000000000000 ),
 ( 0.0000000000000000000, 0.1250000000000000000, 0.2500000000000000000, 0.5000000000000000000, 0.6250000000000000000, 0.7500000000000000000, 0.8750000000000000000, 1.000000000000000000 ),
 .UNSPECIFIED. ) ;
#2681 = CARTESIAN_POINT ( 'NONE',  ( -5.070815985080355581, -1.417466206308041210, 0.0000000000000000000 ) ) ;
#2682 = CARTESIAN_POINT ( 'NONE',  ( -4.614920027813529835, -0.4744201933824085948, 2.593200000000003058 ) ) ;
#2683 = DIRECTION ( 'NONE',  ( -1.000000000000000000, -0.0000000000000000000, -0.0000000000000000000 ) ) ;
#2684 = CLOSED_SHELL ( 'NONE', ( #4623, #1284, #1701, #1403, #3048, #1480, #2638, #2156, #146, #3107, #750, #2562, #4698, #4749, #5448 ) ) ;
#2685 = CARTESIAN_POINT ( 'NONE',  ( -1.440787907682014479, -1.115441267410711923, 1.791058563798850312 ) ) ;
#2686 = ORIENTED_EDGE ( 'NONE', *, *, #926, .F. ) ;
#2687 = CARTESIAN_POINT ( 'NONE',  ( -1.226817765915245051, -0.6747441698900529250, 2.561349295854137319E-19 ) ) ;
#2688 = CARTESIAN_POINT ( 'NONE',  ( -5.295502289176086563, -0.6010721482502661139, 1.918081798352487377 ) ) ;
#2689 = CARTESIAN_POINT ( 'NONE',  ( -4.877113159022763433, -1.422346204958025995, 0.0000000000000000000 ) ) ;
#2690 = CARTESIAN_POINT ( 'NONE',  ( -1.226817765915245051, -0.6747441698900529250, 0.0000000000000000000 ) ) ;
#2691 = VECTOR ( 'NONE', #4010, 1000.000000000000227 ) ;
#2692 = CARTESIAN_POINT ( 'NONE',  ( -15.37140046512274516, -10.00000000000000178, 0.0000000000000000000 ) ) ;
#2693 = CARTESIAN_POINT ( 'NONE',  ( -2.913633721561583290, -0.3183452589082529371, 2.085876918594229412 ) ) ;
#2694 = CARTESIAN_POINT ( 'NONE',  ( -0.01012045251870416669, -0.4256349713519693712, 0.0000000000000000000 ) ) ;
#2695 = ADVANCED_FACE ( 'NONE', ( #1159, #1683 ), #1621, .T. ) ;
#2696 = DIRECTION ( 'NONE',  ( 1.000000000000000000, 1.224646799147353207E-16, -0.0000000000000000000 ) ) ;
#2697 = CARTESIAN_POINT ( 'NONE',  ( 0.0000000000000000000, 0.0000000000000000000, 0.0000000000000000000 ) ) ;
#2698 = MECHANICAL_DESIGN_GEOMETRIC_PRESENTATION_REPRESENTATION (  '', ( #1605 ), #143 ) ;
#2699 = CARTESIAN_POINT ( 'NONE',  ( -5.093017982085381590, -0.9156167535467726326, 1.901120108479207094 ) ) ;
#2700 = EDGE_LOOP ( 'NONE', ( #3234, #599, #1396, #1788, #118, #1300, #1413, #4541, #767, #3174 ) ) ;
#2701 = VECTOR ( 'NONE', #5353, 1000.000000000000000 ) ;
#2702 = CARTESIAN_POINT ( 'NONE',  ( -4.669216027854981022, -1.207954427052781110, 0.0000000000000000000 ) ) ;
#2703 = AXIS2_PLACEMENT_3D ( 'NONE', #5295, #2231, #4805 ) ;
#2704 = EDGE_CURVE ( 'NONE', #1263, #2100, #2144, .T. ) ;
#2705 = CARTESIAN_POINT ( 'NONE',  ( -3.385154621772845651, -0.4256349713519695932, 0.0000000000000000000 ) ) ;
#2706 = AXIS2_PLACEMENT_3D ( 'NONE', #3303, #5554, #5494 ) ;
#2707 = MECHANICAL_DESIGN_GEOMETRIC_PRESENTATION_REPRESENTATION (  '', ( #4242 ), #5340 ) ;
#2708 = CARTESIAN_POINT ( 'NONE',  ( -3.043922820362806814, -0.5342193238651991027, 0.0000000000000000000 ) ) ;
#2709 = CARTESIAN_POINT ( 'NONE',  ( -15.37140046512274871, -1.250000000000002887, 0.0000000000000000000 ) ) ;
#2710 = CARTESIAN_POINT ( 'NONE',  ( -3.226205154791121910, -1.518431751920912287, 1.465166142169210151 ) ) ;
#2711 = AXIS2_PLACEMENT_3D ( 'NONE', #36, #924, #489 ) ;
#2712 = FACE_OUTER_BOUND ( 'NONE', #5587, .T. ) ;
#2713 = ORIENTED_EDGE ( 'NONE', *, *, #3802, .T. ) ;
#2714 = DIRECTION ( 'NONE',  ( -1.000000000000000000, 2.295573923097131940E-16, 0.0000000000000000000 ) ) ;
#2715 = LINE ( 'NONE', #5356, #1227 ) ;
#2716 = ORIENTED_EDGE ( 'NONE', *, *, #4884, .F. ) ;
#2717 = CARTESIAN_POINT ( 'NONE',  ( -4.669253380191591418, -1.204451055382052882, 0.0000000000000000000 ) ) ;
#2718 = CARTESIAN_POINT ( 'NONE',  ( -4.591354816795584881, -1.381162738635159037, 2.593200000000003058 ) ) ;
#2719 = SURFACE_STYLE_USAGE ( .BOTH. , #4102 ) ;
#2720 = CARTESIAN_POINT ( 'NONE',  ( -5.143176241744821020, -0.4333064062427415819, 0.0000000000000000000 ) ) ;
#2721 = CARTESIAN_POINT ( 'NONE',  ( -4.659922191104578282, -1.205838147791181481, 0.5375135065066806161 ) ) ;
#2722 = CARTESIAN_POINT ( 'NONE',  ( -3.050922878487269951, -0.5484994809450056685, 1.027451534519531468E-19 ) ) ;
#2723 = CARTESIAN_POINT ( 'NONE',  ( -5.294446073104341899, -0.3931347807782533677, 2.593200000000003058 ) ) ;
#2724 = CARTESIAN_POINT ( 'NONE',  ( -5.112411677973443425, -1.404201913730137141, 2.391702549246664028E-19 ) ) ;
#2725 = DIRECTION ( 'NONE',  ( 0.0000000000000000000, -0.01745240643728354982, 0.9998476951563911586 ) ) ;
#2726 = EDGE_CURVE ( 'NONE', #1178, #4164, #2921, .T. ) ;
#2727 = CARTESIAN_POINT ( 'NONE',  ( -4.494257987192092685, -1.129633161772896077, 0.0000000000000000000 ) ) ;
#2728 = VERTEX_POINT ( 'NONE', #1717 ) ;
#2729 = CARTESIAN_POINT ( 'NONE',  ( -4.663376711028143440, -1.103104562913431508, 1.798809251411936705 ) ) ;
#2730 = CARTESIAN_POINT ( 'NONE',  ( -2.465416813337003799, -0.6317855299486893061, 2.013193245607963089 ) ) ;
#2731 = EDGE_CURVE ( 'NONE', #538, #3818, #1674, .T. ) ;
#2732 = EDGE_CURVE ( 'NONE', #990, #3656, #1863, .T. ) ;
#2733 = CARTESIAN_POINT ( 'NONE',  ( -2.579350667412022791, -0.5135444359214160759, 2.593200000000003058 ) ) ;
#2734 = MANIFOLD_SOLID_BREP ( 'Boss-Extrude1[3]', #2684 ) ;
#2735 = CARTESIAN_POINT ( 'NONE',  ( -0.8332995181904455650, -1.578085663292407403, 0.0000000000000000000 ) ) ;
#2736 = EDGE_CURVE ( 'NONE', #4267, #4164, #441, .T. ) ;
#2737 = CARTESIAN_POINT ( 'NONE',  ( -4.824416542864427448, -1.025371440749786922, 8.594257207030009252E-20 ) ) ;
#2738 = ORIENTED_EDGE ( 'NONE', *, *, #5628, .F. ) ;
#2739 = DIRECTION ( 'NONE',  ( 0.0000000000000000000, -1.000000000000000000, 0.0000000000000000000 ) ) ;
#2740 = FILL_AREA_STYLE ('',( #1461 ) ) ;
#2741 = ORIENTED_EDGE ( 'NONE', *, *, #3775, .T. ) ;
#2742 = FACE_OUTER_BOUND ( 'NONE', #3848, .T. ) ;
#2743 = FACE_OUTER_BOUND ( 'NONE', #5387, .T. ) ;
#2744 = ORIENTED_EDGE ( 'NONE', *, *, #3381, .T. ) ;
#2745 = CARTESIAN_POINT ( 'NONE',  ( -5.264913469559132864, -0.4702165315697417469, 2.593200000000003058 ) ) ;
#2746 = CARTESIAN_POINT ( 'NONE',  ( -2.792688865628097261, -0.9552047828771977889, 0.0000000000000000000 ) ) ;
#2747 = CARTESIAN_POINT ( 'NONE',  ( -2.095335923248434096, -1.084178223889362691, 0.0000000000000000000 ) ) ;
#2748 = CARTESIAN_POINT ( 'NONE',  ( -5.167500731372406619, -0.3295318079638911990, 2.593200000000003058 ) ) ;
#2749 = CARTESIAN_POINT ( 'NONE',  ( -4.899186395345492606, -1.002018394131825030, 0.0000000000000000000 ) ) ;
#2750 = CARTESIAN_POINT ( 'NONE',  ( -2.910048260657398966, -1.261392381724434575, 1.041885070563473011E-19 ) ) ;
#2751 = MANIFOLD_SOLID_BREP ( 'Sweep1', #4668 ) ;
#2752 = FACE_OUTER_BOUND ( 'NONE', #3757, .T. ) ;
#2753 = ORIENTED_EDGE ( 'NONE', *, *, #609, .F. ) ;
#2754 = ORIENTED_EDGE ( 'NONE', *, *, #5479, .F. ) ;
#2755 = CARTESIAN_POINT ( 'NONE',  ( -4.639772733703196650, -1.185118593791923081, 1.745917865218021614 ) ) ;
#2756 = B_SPLINE_CURVE_WITH_KNOTS ( 'NONE', 3,
 ( #4201, #5398, #645, #2047, #2836, #211, #3349, #4995, #1105, #420, #5111, #4286, #3407, #2173, #4708, #1679 ),
 .UNSPECIFIED., .F., .F.,
 ( 4, 2, 2, 2, 2, 2, 2, 4 ),
 ( 0.0000000000000000000, 7.353114551520659875E-05, 0.0001470622910304131975, 0.0002941245820608263950, 0.0003676557275760329938, 0.0004411868730912395925, 0.0005147180186064461913, 0.0005882491641216527900 ),
 .UNSPECIFIED. ) ;
#2757 = CARTESIAN_POINT ( 'NONE',  ( -2.937634958193918511, -1.084394398675291304, 0.2253065836970036540 ) ) ;
#2758 = CARTESIAN_POINT ( 'NONE',  ( -2.828727798594426801, -0.3803524991873597494, 2.593200000000003058 ) ) ;
#2759 = CARTESIAN_POINT ( 'NONE',  ( -2.799796366521288160, -0.4265917718786504942, 0.0000000000000000000 ) ) ;
#2760 = EDGE_CURVE ( 'NONE', #4743, #1359, #1433, .T. ) ;
#2761 =( NAMED_UNIT ( * ) SI_UNIT ( $, .STERADIAN. ) SOLID_ANGLE_UNIT ( ) );
#2762 = ORIENTED_EDGE ( 'NONE', *, *, #5545, .F. ) ;
#2763 = CARTESIAN_POINT ( 'NONE',  ( -3.483936109653454682, -0.9853967360087538818, 0.0000000000000000000 ) ) ;
#2764 = EDGE_LOOP ( 'NONE', ( #2470, #1315 ) ) ;
#2765 = CARTESIAN_POINT ( 'NONE',  ( -0.7604869397513672746, -0.2812922351723329828, -5.733611658969716177E-20 ) ) ;
#2766 = CARTESIAN_POINT ( 'NONE',  ( -4.703568975325490342, -1.477251701148310614, 2.593200000000003058 ) ) ;
#2767 = FILL_AREA_STYLE ('',( #5333 ) ) ;
#2768 = EDGE_LOOP ( 'NONE', ( #883, #3112, #1692, #1272 ) ) ;
#2769 = CARTESIAN_POINT ( 'NONE',  ( -5.262104262090423923, -0.6045614067770795907, 0.0000000000000000000 ) ) ;
#2770 = CARTESIAN_POINT ( 'NONE',  ( -2.912466982973452634, -1.117234379497149765, 2.593200000000003058 ) ) ;
#2771 = FACE_OUTER_BOUND ( 'NONE', #1698, .T. ) ;
#2772 = CARTESIAN_POINT ( 'NONE',  ( -2.430266905593624571, -0.6319442246859496848, 0.0000000000000000000 ) ) ;
#2773 = FACE_OUTER_BOUND ( 'NONE', #870, .T. ) ;
#2774 = CARTESIAN_POINT ( 'NONE',  ( -2.298387811129685598, -1.248643593067251256, 0.009764727725764593344 ) ) ;
#2775 = AXIS2_PLACEMENT_3D ( 'NONE', #437, #10, #1049 ) ;
#2776 = PRESENTATION_STYLE_ASSIGNMENT (( #206 ) ) ;
#2777 = DIRECTION ( 'NONE',  ( 0.01745240643728354982, 0.0000000000000000000, -0.9998476951563911586 ) ) ;
#2778 = ORIENTED_EDGE ( 'NONE', *, *, #2378, .T. ) ;
#2779 = LINE ( 'NONE', #3235, #4228 ) ;
#2780 = B_SPLINE_CURVE_WITH_KNOTS ( 'NONE', 3,
 ( #5323, #4044, #2370, #4858, #980, #4019 ),
 .UNSPECIFIED., .F., .F.,
 ( 4, 2, 4 ),
 ( 9.867205558273124706E-07, 8.032669978489982981E-05, 0.0001596666790139723673 ),
 .UNSPECIFIED. ) ;
#2781 = PRESENTATION_LAYER_ASSIGNMENT (  '', '', ( #4878 ) ) ;
#2782 = VECTOR ( 'NONE', #3593, 1000.000000000000000 ) ;
#2783 = DIRECTION ( 'NONE',  ( 6.260656153901262653E-16, 1.000000000000000000, 0.0000000000000000000 ) ) ;
#2784 = CARTESIAN_POINT ( 'NONE',  ( -2.954029479075809483, -0.4015599274719973133, 2.593200000000003058 ) ) ;
#2785 = CARTESIAN_POINT ( 'NONE',  ( -4.985432420646944252, -1.474506282005658031, 2.593200000000003058 ) ) ;
#2786 = ORIENTED_EDGE ( 'NONE', *, *, #3746, .T. ) ;
#2787 = UNCERTAINTY_MEASURE_WITH_UNIT (LENGTH_MEASURE( 1.000000000000000082E-05 ), #5213, 'distance_accuracy_value', 'NONE');
#2788 = TOROIDAL_SURFACE ( 'NONE', #5052, 1.960000000000002185, 0.1000000000000002831 ) ;
#2789 = TOROIDAL_SURFACE ( 'NONE', #3430, 1.250000000000001110, 0.5000000000000004441 ) ;
#2790 = CARTESIAN_POINT ( 'NONE',  ( -3.227156371188642847, -1.529255983313404732, 1.453779948100870190 ) ) ;
#2791 = EDGE_CURVE ( 'NONE', #5525, #1436, #4754, .T. ) ;
#2792 = ORIENTED_EDGE ( 'NONE', *, *, #3766, .F. ) ;
#2793 =( GEOMETRIC_REPRESENTATION_CONTEXT ( 3 ) GLOBAL_UNCERTAINTY_ASSIGNED_CONTEXT ( ( #2787 ) ) GLOBAL_UNIT_ASSIGNED_CONTEXT ( ( #5213, #543, #1777 ) ) REPRESENTATION_CONTEXT ( 'NONE', 'WORKASPACE' ) );
#2794 =( NAMED_UNIT ( * ) SI_UNIT ( $, .STERADIAN. ) SOLID_ANGLE_UNIT ( ) );
#2795 = CARTESIAN_POINT ( 'NONE',  ( -5.238073996680897793, -0.8603344763965077302, 1.926635561989751055 ) ) ;
#2796 = ORIENTED_EDGE ( 'NONE', *, *, #1229, .F. ) ;
#2797 = CARTESIAN_POINT ( 'NONE',  ( -5.223126889291568986, -0.7065543126090170212, 2.719045378242563815E-20 ) ) ;
#2798 = CARTESIAN_POINT ( 'NONE',  ( -5.061690517888888685, -1.447333633831139776, 1.535366969286689143 ) ) ;
#2799 = CARTESIAN_POINT ( 'NONE',  ( -2.927835750624535383, -0.2830609584037316329, -1.789160090686218391E-20 ) ) ;
#2800 = EDGE_CURVE ( 'NONE', #5039, #5525, #2889, .T. ) ;
#2801 = VERTEX_POINT ( 'NONE', #1243 ) ;
#2802 = EDGE_CURVE ( 'NONE', #3998, #3260, #4585, .T. ) ;
#2803 = CARTESIAN_POINT ( 'NONE',  ( -4.987806303436727262, -0.3638884349149521524, 2.593200000000003058 ) ) ;
#2804 = CARTESIAN_POINT ( 'NONE',  ( -2.549515274957469213, -0.6289954812190335920, 2.593200000000003058 ) ) ;
#2805 = CARTESIAN_POINT ( 'NONE',  ( -3.385415300765077795, -0.2777234185232885233, 0.01493428946293409026 ) ) ;
#2806 = CARTESIAN_POINT ( 'NONE',  ( -5.356373422328305267, -1.447641629384561535, 2.148347352056795812E-19 ) ) ;
#2807 = CARTESIAN_POINT ( 'NONE',  ( -0.6402850055710147537, -0.4705003583388935318, 2.593200000000003058 ) ) ;
#2808 = ORIENTED_EDGE ( 'NONE', *, *, #770, .T. ) ;
#2809 = CARTESIAN_POINT ( 'NONE',  ( -2.734772470006018086, -0.3299965288067623903, 2.593200000000003058 ) ) ;
#2810 = STYLED_ITEM ( 'NONE', ( #5292 ), #1373 ) ;
#2811 = B_SPLINE_CURVE_WITH_KNOTS ( 'NONE', 3,
 ( #4400, #151, #5465, #3562, #3119, #2284, #246, #3097, #5289, #5311, #2722, #556, #4827, #2305, #501, #3728 ),
 .UNSPECIFIED., .F., .F.,
 ( 4, 2, 2, 2, 2, 2, 2, 4 ),
 ( 0.0000000000000000000, 9.419284429112119634E-05, 0.0001412892664366818081, 0.0001883856885822423927, 0.0002354821107278029773, 0.0002825785328733636161, 0.0003296749550189242007, 0.0003767713771644847854 ),
 .UNSPECIFIED. ) ;
#2812 = CARTESIAN_POINT ( 'NONE',  ( -2.862676680736460533, -0.3811306769169908737, 2.593200000000003058 ) ) ;
#2813 = B_SPLINE_SURFACE_WITH_KNOTS ( 'NONE', 1, 3, ( 
 ( #91, #1405, #113, #1861, #2318, #4047, #138, #1181, #2492, #5505, #1207, #3342, #2073, #818, #4219, #2551, #261, #314, #5480, #4615, #783, #5172 ),
 ( #5077, #5043, #1277, #4168, #1615, #2041, #2133, #4250, #3798, #2017, #1152, #2886, #2977, #4639, #3011, #5531, #380, #3402, #1582, #5135, #4278, #3860 ) ),
 .UNSPECIFIED., .F., .F., .F.,
 ( 2, 2 ),
 ( 4, 3, 2, 2, 2, 2, 2, 2, 3, 4 ),
 ( 0.0000000000000000000, 1.000000000000000000 ),
 ( -0.01000000000000000021, 0.0000000000000000000, 0.06250000000000000000, 0.1250000000000000000, 0.2500000000000000000, 0.3750000000000000000, 0.5000000000000000000, 0.7500000000000000000, 1.000000000000000000, 1.010000000000000009 ),
 .UNSPECIFIED. ) ;
#2814 = CARTESIAN_POINT ( 'NONE',  ( -2.549564804544326879, -0.6359065766228134686, 2.593200000000003058 ) ) ;
#2815 = CARTESIAN_POINT ( 'NONE',  ( -1.120125973885442994, -1.454351559983623643, 0.0000000000000000000 ) ) ;
#2816 = EDGE_LOOP ( 'NONE', ( #5622, #29, #5132, #4724 ) ) ;
#2817 = CARTESIAN_POINT ( 'NONE',  ( -2.994516878341840993, -1.296772324549516409, 1.664734222254886431 ) ) ;
#2818 = DIRECTION ( 'NONE',  ( -1.000000000000000000, 0.0000000000000000000, 0.0000000000000000000 ) ) ;
#2819 = ORIENTED_EDGE ( 'NONE', *, *, #1915, .F. ) ;
#2820 = CARTESIAN_POINT ( 'NONE',  ( -0.6902098565810255160, -0.2999109975640775194, -5.733611658969716177E-20 ) ) ;
#2821 = B_SPLINE_CURVE_WITH_KNOTS ( 'NONE', 3,
 ( #2994, #3413, #3451, #887, #4747, #3047, #2952 ),
 .UNSPECIFIED., .F., .F.,
 ( 4, 3, 4 ),
 ( 0.0007328877254575253157, 0.001349825021910171187, 0.002161329340567902466 ),
 .UNSPECIFIED. ) ;
#2822 = ADVANCED_FACE ( 'NONE', ( #2552 ), #1718, .T. ) ;
#2823 = CARTESIAN_POINT ( 'NONE',  ( -4.927303818151053783, -1.532143521175457712, 2.593200000000003058 ) ) ;
#2824 = ORIENTED_EDGE ( 'NONE', *, *, #2898, .T. ) ;
#2825 = CARTESIAN_POINT ( 'NONE',  ( -5.262036681699750140, -0.6020656464358510318, 0.0000000000000000000 ) ) ;
#2826 = CARTESIAN_POINT ( 'NONE',  ( -2.549606289772916590, -0.6327286724475980062, 2.593200000000003058 ) ) ;
#2827 = VERTEX_POINT ( 'NONE', #1183 ) ;
#2828 = CARTESIAN_POINT ( 'NONE',  ( 0.7208288100993487379, -1.473387169418893361, 1.511050111152113296 ) ) ;
#2829 = EDGE_CURVE ( 'NONE', #3371, #1486, #2943, .T. ) ;
#2830 = CARTESIAN_POINT ( 'NONE',  ( -2.898929388917005578, -1.251935862972783475, 1.041885070563473011E-19 ) ) ;
#2831 = CARTESIAN_POINT ( 'NONE',  ( 7.508599534877251180, 0.0000000000000000000, 0.0000000000000000000 ) ) ;
#2832 = CARTESIAN_POINT ( 'NONE',  ( -0.6728558872942291824, -0.4380665543871409828, 2.593200000000003058 ) ) ;
#2833 = VERTEX_POINT ( 'NONE', #4667 ) ;
#2834 = ORIENTED_EDGE ( 'NONE', *, *, #2864, .T. ) ;
#2835 = CARTESIAN_POINT ( 'NONE',  ( -2.512672068271225800, -0.4032162724399949716, 0.0000000000000000000 ) ) ;
#2836 = CARTESIAN_POINT ( 'NONE',  ( -2.702042742827661659, -0.2904462787224847964, 2.199675876008892974E-19 ) ) ;
#2837 = EDGE_CURVE ( 'NONE', #851, #659, #358, .T. ) ;
#2838 = CARTESIAN_POINT ( 'NONE',  ( -0.9598941463140140407, -0.4656455862857621364, 0.0000000000000000000 ) ) ;
#2839 = CARTESIAN_POINT ( 'NONE',  ( -0.4568592593271896818, -0.8013164695181550501, 1.957032207604716856 ) ) ;
#2840 = CARTESIAN_POINT ( 'NONE',  ( -2.795757063204086457, -0.3814537752509929991, 2.593200000000003058 ) ) ;
#2841 = EDGE_LOOP ( 'NONE', ( #34, #440, #2230, #2489, #2075 ) ) ;
#2842 = CARTESIAN_POINT ( 'NONE',  ( -3.105249629774274212, -0.6174411356376137139, 2.017638828934095407 ) ) ;
#2843 = FILL_AREA_STYLE ('',( #3357 ) ) ;
#2844 = ORIENTED_EDGE ( 'NONE', *, *, #1739, .T. ) ;
#2845 = CARTESIAN_POINT ( 'NONE',  ( -3.385154621772845651, -0.2774627395310562128, 0.0000000000000000000 ) ) ;
#2846 = CARTESIAN_POINT ( 'NONE',  ( -3.196190057715665223, -1.356351217672790987, 1.107397396157585897E-19 ) ) ;
#2847 = CARTESIAN_POINT ( 'NONE',  ( -4.897116031365687405, -0.3017435036098987666, 2.088343007688963304 ) ) ;
#2848 = ORIENTED_EDGE ( 'NONE', *, *, #2864, .F. ) ;
#2849 = CARTESIAN_POINT ( 'NONE',  ( -2.018430170188278971, -0.9299006259585055334, 1.906610166879143975 ) ) ;
#2850 = CARTESIAN_POINT ( 'NONE',  ( -1.102262327435388434, -1.440288187881098914, 1.300083950523286402 ) ) ;
#2851 = ORIENTED_EDGE ( 'NONE', *, *, #2732, .F. ) ;
#2852 = CARTESIAN_POINT ( 'NONE',  ( -4.684272024382207356, -0.6191407385072442704, 1.175635267114008453 ) ) ;
#2853 = CARTESIAN_POINT ( 'NONE',  ( -2.560624785311431229, -0.6334827457079945656, 1.963191213846378957 ) ) ;
#2854 = CARTESIAN_POINT ( 'NONE',  ( -1.133186447923730578, -1.435512366623482805, 0.0000000000000000000 ) ) ;
#2855 = CARTESIAN_POINT ( 'NONE',  ( -3.230743331180097044, -0.5888920698452928537, 0.0000000000000000000 ) ) ;
#2856 = CARTESIAN_POINT ( 'NONE',  ( -4.554244451286279194, -0.6092462652565164838, 1.742489260004794760 ) ) ;
#2857 = CARTESIAN_POINT ( 'NONE',  ( -0.6743870982662844016, -0.5003472269757316404, 0.0000000000000000000 ) ) ;
#2858 = EDGE_LOOP ( 'NONE', ( #4936, #5175, #3192, #3605, #726, #4947, #142, #4580, #1451, #5216, #161, #2571, #1832 ) ) ;
#2859 = ADVANCED_FACE ( 'NONE', ( #1182 ), #297, .T. ) ;
#2860 = CARTESIAN_POINT ( 'NONE',  ( -2.432422428435737416, -0.5822495104656006948, 0.0000000000000000000 ) ) ;
#2861 = VECTOR ( 'NONE', #5327, 1000.000000000000000 ) ;
#2862 = CARTESIAN_POINT ( 'NONE',  ( -3.061353564896714730, -0.4791122898586028800, 2.593200000000003058 ) ) ;
#2863 = CARTESIAN_POINT ( 'NONE',  ( -0.1912198469664873057, -0.2774627395310559907, 0.0000000000000000000 ) ) ;
#2864 = EDGE_CURVE ( 'NONE', #114, #3644, #279, .T. ) ;
#2865 = CARTESIAN_POINT ( 'NONE',  ( 0.6646808459728640317, -0.8209664582336653194, 0.01177511284577495432 ) ) ;
#2866 = VECTOR ( 'NONE', #1764, 1000.000000000000000 ) ;
#2867 = VECTOR ( 'NONE', #3742, 1000.000000000000114 ) ;
#2868 = ORIENTED_EDGE ( 'NONE', *, *, #3504, .T. ) ;
#2869 = FACE_OUTER_BOUND ( 'NONE', #377, .T. ) ;
#2870 = CARTESIAN_POINT ( 'NONE',  ( -1.574160677295012745, -0.2939263208444906628, 0.0000000000000000000 ) ) ;
#2871 = FACE_OUTER_BOUND ( 'NONE', #2958, .T. ) ;
#2872 = ORIENTED_EDGE ( 'NONE', *, *, #1552, .F. ) ;
#2873 = CIRCLE ( 'NONE', #429, 2.051575658258951051 ) ;
#2874 = CIRCLE ( 'NONE', #4964, 0.5000000000000004441 ) ;
#2875 = CARTESIAN_POINT ( 'NONE',  ( -3.081176538792736341, -1.416704545073231403, 1.129659288561607022 ) ) ;
#2876 = CARTESIAN_POINT ( 'NONE',  ( -4.519340824115921862, -1.168730755725364112, 1.757078409686758214 ) ) ;
#2877 = CARTESIAN_POINT ( 'NONE',  ( -4.710987404420391655, -0.8866152481281446285, 0.0000000000000000000 ) ) ;
#2878 = AXIS2_PLACEMENT_3D ( 'NONE', #618, #1909, #1099 ) ;
#2879 = CARTESIAN_POINT ( 'NONE',  ( -5.223126889291568986, -0.7065543126090170212, 0.0000000000000000000 ) ) ;
#2880 = EDGE_LOOP ( 'NONE', ( #631, #2417, #1720, #2217 ) ) ;
#2881 = CARTESIAN_POINT ( 'NONE',  ( -0.4407780843271708049, -0.9282741529924456447, 1.092371509380008154 ) ) ;
#2882 = CARTESIAN_POINT ( 'NONE',  ( 0.7142771252724282594, -0.4256349713519693712, 0.0000000000000000000 ) ) ;
#2883 = ORIENTED_EDGE ( 'NONE', *, *, #27, .F. ) ;
#2884 = LINE ( 'NONE', #5450, #2064 ) ;
#2885 = CARTESIAN_POINT ( 'NONE',  ( -1.090426478416729461, -0.9277487010506395571, 0.5828021398844858147 ) ) ;
#2886 = CARTESIAN_POINT ( 'NONE',  ( -0.6189907278633999255, -1.360698370439451743, 2.593200000000003058 ) ) ;
#2887 = MANIFOLD_SOLID_BREP ( 'Boss-Extrude1[5]', #2050 ) ;
#2888 = VECTOR ( 'NONE', #1237, 1000.000000000000000 ) ;
#2889 = LINE ( 'NONE', #317, #330 ) ;
#2890 = FACE_OUTER_BOUND ( 'NONE', #1982, .T. ) ;
#2891 = VERTEX_POINT ( 'NONE', #1989 ) ;
#2892 = CARTESIAN_POINT ( 'NONE',  ( -0.8590513657679947901, -1.532068683737883852, 2.593200000000003058 ) ) ;
#2893 = SURFACE_SIDE_STYLE ('',( #4175 ) ) ;
#2894 = ADVANCED_FACE ( 'NONE', ( #5393 ), #4990, .T. ) ;
#2895 = CARTESIAN_POINT ( 'NONE',  ( -1.574160677295012745, -0.2939263208444906628, 0.0000000000000000000 ) ) ;
#2896 = CARTESIAN_POINT ( 'NONE',  ( -1.036623118894663298, -1.352507534053945637, 1.620285984701253623 ) ) ;
#2897 = DIRECTION ( 'NONE',  ( -1.000000000000000000, -0.0000000000000000000, -0.0000000000000000000 ) ) ;
#2898 = EDGE_CURVE ( 'NONE', #4526, #4603, #5060, .T. ) ;
#2899 = CARTESIAN_POINT ( 'NONE',  ( -5.021434720007862396, -0.8417045196993822032, 2.593200000000003058 ) ) ;
#2900 = CARTESIAN_POINT ( 'NONE',  ( -2.559761047059766703, -0.6334826212791367928, 2.012659874031688112 ) ) ;
#2901 = EDGE_LOOP ( 'NONE', ( #1329, #1911, #3460, #4519 ) ) ;
#2902 = PLANE ( 'NONE',  #3137 ) ;
#2903 = EDGE_CURVE ( 'NONE', #1819, #2176, #4906, .T. ) ;
#2904 = CARTESIAN_POINT ( 'NONE',  ( -3.222564956246130929, -1.409967198773179220, 1.107397396157585897E-19 ) ) ;
#2905 = DIRECTION ( 'NONE',  ( 0.0000000000000000000, 1.000000000000000000, 0.0000000000000000000 ) ) ;
#2906 = CARTESIAN_POINT ( 'NONE',  ( -4.800252841494383027, -0.3239153406599750151, 2.085019067495378131 ) ) ;
#2907 = VERTEX_POINT ( 'NONE', #4108 ) ;
#2908 = CARTESIAN_POINT ( 'NONE',  ( -0.4518033466722953251, -0.9282657600264838660, 1.723985569584246536 ) ) ;
#2909 = CARTESIAN_POINT ( 'NONE',  ( -0.7604869397513672746, -0.2812922351723329828, 0.0000000000000000000 ) ) ;
#2910 = ORIENTED_EDGE ( 'NONE', *, *, #3387, .T. ) ;
#2911 = CARTESIAN_POINT ( 'NONE',  ( -4.559574072876255713, -0.9932183409199263346, -4.580658754754668732E-20 ) ) ;
#2912 = CARTESIAN_POINT ( 'NONE',  ( -1.085339858154364068, -0.9277614512314107387, 0.2914010699422426298 ) ) ;
#2913 = CARTESIAN_POINT ( 'NONE',  ( -14.12140046512274694, 0.4999999999999987232, 0.0000000000000000000 ) ) ;
#2914 = CARTESIAN_POINT ( 'NONE',  ( -1.080280830161127303, -0.9236035608920600826, 0.0000000000000000000 ) ) ;
#2915 = SURFACE_SIDE_STYLE ('',( #4171 ) ) ;
#2916 = CARTESIAN_POINT ( 'NONE',  ( -1.070521997529445546, -1.136060363318593502, 9.193313190974646717E-20 ) ) ;
#2917 = ORIENTED_EDGE ( 'NONE', *, *, #5022, .T. ) ;
#2918 = LINE ( 'NONE', #2587, #3422 ) ;
#2919 = FILL_AREA_STYLE ('',( #296 ) ) ;
#2920 = LINE ( 'NONE', #1920, #2418 ) ;
#2921 = LINE ( 'NONE', #2950, #1156 ) ;
#2922 = CARTESIAN_POINT ( 'NONE',  ( -14.87140046512274694, -1.250000000000002887, 6.123233995736772199E-17 ) ) ;
#2923 = CARTESIAN_POINT ( 'NONE',  ( -0.6831763596060661525, -0.4906202759315262951, 4.328710526699272534E-20 ) ) ;
#2924 = CARTESIAN_POINT ( 'NONE',  ( -5.248029330768178013, -0.7463998680316109580, 2.593200000000003058 ) ) ;
#2925 = PLANE ( 'NONE',  #3618 ) ;
#2926 = DIRECTION ( 'NONE',  ( 0.0000000000000000000, -0.9998476951563912696, 0.01745240643728354982 ) ) ;
#2927 = ORIENTED_EDGE ( 'NONE', *, *, #4115, .F. ) ;
#2928 = CYLINDRICAL_SURFACE ( 'NONE', #5408, 1.250000000000001998 ) ;
#2929 = CARTESIAN_POINT ( 'NONE',  ( -4.552636458691128318, -1.057617017778436086, 1.826024922351235924 ) ) ;
#2930 = DIRECTION ( 'NONE',  ( 0.0000000000000000000, -0.01745240643728354635, 0.9998476951563911586 ) ) ;
#2931 = CARTESIAN_POINT ( 'NONE',  ( -0.8332995181904455650, -0.2774627395310559907, 0.0000000000000000000 ) ) ;
#2932 = CARTESIAN_POINT ( 'NONE',  ( -0.4639379986325768979, -1.210077040361508427, 1.735312849112206290 ) ) ;
#2933 = ORIENTED_EDGE ( 'NONE', *, *, #3547, .F. ) ;
#2934 = CARTESIAN_POINT ( 'NONE',  ( -2.647856123395079031, -0.9992668653579892535, 1.860567862842800180 ) ) ;
#2935 = DIRECTION ( 'NONE',  ( 0.7918806969119918104, -0.6104263881646387890, 0.01745240643728354982 ) ) ;
#2936 = ADVANCED_FACE ( 'NONE', ( #233 ), #1830, .T. ) ;
#2937 = EDGE_LOOP ( 'NONE', ( #3256, #5318, #3305, #1112 ) ) ;
#2938 = CARTESIAN_POINT ( 'NONE',  ( -4.968898139209270148, -0.2616497062578632127, 3.529904119173037149E-21 ) ) ;
#2939 = B_SPLINE_SURFACE_WITH_KNOTS ( 'NONE', 1, 3, ( 
 ( #2628, #4777, #921, #2266, #3958, #515, #2182, #62, #3909, #3050, #1750, #1837, #4356, #2681, #892, #1810, #460, #3127, #5615, #1293, #1725 ),
 ( #3479, #4750, #862, #2594, #5214, #2208, #3934, #3077, #3105, #3544, #3993, #3569, #4835, #948, #87, #3595, #2785, #3673, #4997, #4073, #3216 ) ),
 .UNSPECIFIED., .F., .F., .F.,
 ( 2, 2 ),
 ( 4, 2, 2, 2, 2, 2, 2, 2, 3, 4 ),
 ( 0.0000000000000000000, 1.000000000000000000 ),
 ( 0.0000000000000000000, 0.1250000000000000000, 0.2500000000000000000, 0.3750000000000000000, 0.5000000000000000000, 0.6250000000000000000, 0.7500000000000000000, 0.8750000000000000000, 1.000000000000000000, 1.010000000000000009 ),
 .UNSPECIFIED. ) ;
#2940 = CARTESIAN_POINT ( 'NONE',  ( -2.559761047059766703, -0.6334826212791367928, 2.012659874031688112 ) ) ;
#2941 = CARTESIAN_POINT ( 'NONE',  ( -2.695957860215031143, -0.4150071361312050455, 2.068812583619314083 ) ) ;
#2942 = CARTESIAN_POINT ( 'NONE',  ( -0.8312153410698561729, -1.429991130508615482, 0.0000000000000000000 ) ) ;
#2943 = LINE ( 'NONE', #4641, #5162 ) ;
#2944 = CARTESIAN_POINT ( 'NONE',  ( -2.786549094954674732, -1.158778826715864296, 0.0000000000000000000 ) ) ;
#2945 = ORIENTED_EDGE ( 'NONE', *, *, #973, .F. ) ;
#2946 = CARTESIAN_POINT ( 'NONE',  ( -0.4644352478367763659, -1.287757634621547354, -3.632736160938781104E-20 ) ) ;
#2947 = CARTESIAN_POINT ( 'NONE',  ( -5.461390854921479132, -1.146430943494362920, 1.680060034077750508 ) ) ;
#2948 = CARTESIAN_POINT ( 'NONE',  ( -5.317129952081751654, -0.3970607794546553437, 2.072487749339821494 ) ) ;
#2949 = SURFACE_STYLE_USAGE ( .BOTH. , #3839 ) ;
#2950 = CARTESIAN_POINT ( 'NONE',  ( -2.413803324280189511, -1.561622081978972565, 0.0000000000000000000 ) ) ;
#2951 = CARTESIAN_POINT ( 'NONE',  ( -0.8332884910378899335, -1.456579081962651401, 1.526590114598171066 ) ) ;
#2952 = CARTESIAN_POINT ( 'NONE',  ( -0.8332995181904455650, -1.578085663292407403, 0.0000000000000000000 ) ) ;
#2953 = AXIS2_PLACEMENT_3D ( 'NONE', #337, #1661, #768 ) ;
#2954 = COLOUR_RGB ( '',0.8980392156862745390, 0.8980392156862745390, 0.8980392156862745390 ) ;
#2955 = DIRECTION ( 'NONE',  ( 0.0000000000000000000, 0.0000000000000000000, 1.000000000000000000 ) ) ;
#2956 = CARTESIAN_POINT ( 'NONE',  ( -5.279568121187648622, -0.8761419492745146087, 0.0000000000000000000 ) ) ;
#2957 = CARTESIAN_POINT ( 'NONE',  ( -2.595263279618728713, -0.6188730165979924314, 1.435983751217075051E-19 ) ) ;
#2958 = EDGE_LOOP ( 'NONE', ( #42, #2188, #1944, #4314 ) ) ;
#2959 = CARTESIAN_POINT ( 'NONE',  ( -4.989838399082059617, -0.3729180270227315797, 2.076784087266051237 ) ) ;
#2960 = VECTOR ( 'NONE', #428, 1000.000000000000114 ) ;
#2961 = B_SPLINE_CURVE_WITH_KNOTS ( 'NONE', 3,
 ( #3066, #3281, #5010, #3202, #1119, #1525, #227, #4453, #555, #1094 ),
 .UNSPECIFIED., .F., .F.,
 ( 4, 3, 3, 4 ),
 ( 0.0002659593145628905120, 0.0003369665462019798708, 0.001010899638605939396, 0.002161329194728083512 ),
 .UNSPECIFIED. ) ;
#2962 = CARTESIAN_POINT ( 'NONE',  ( -5.184544114433680129, -0.4549817813028639857, -3.135031547352176236E-20 ) ) ;
#2963 = ADVANCED_FACE ( 'NONE', ( #1716 ), #324, .T. ) ;
#2964 = CARTESIAN_POINT ( 'NONE',  ( -5.215956312518400750, -0.7142621312531238775, 0.0000000000000000000 ) ) ;
#2965 = CARTESIAN_POINT ( 'NONE',  ( -0.8335137377251460311, -0.3088503126919388553, 1.797766272167671264 ) ) ;
#2966 = CARTESIAN_POINT ( 'NONE',  ( -1.005909878523489009, -0.5136122339956367133, 0.0000000000000000000 ) ) ;
#2967 = VERTEX_POINT ( 'NONE', #4288 ) ;
#2968 = PRESENTATION_LAYER_ASSIGNMENT (  '', '', ( #2427 ) ) ;
#2969 = VECTOR ( 'NONE', #2671, 1000.000000000000000 ) ;
#2970 = CARTESIAN_POINT ( 'NONE',  ( -2.452503203357254247, -0.7667534418420005604, 1.784069190337640891E-19 ) ) ;
#2971 = CARTESIAN_POINT ( 'NONE',  ( -0.4217099853545748789, -0.9282886883277764456, 0.0000000000000000000 ) ) ;
#2972 = ORIENTED_EDGE ( 'NONE', *, *, #119, .F. ) ;
#2973 = CARTESIAN_POINT ( 'NONE',  ( -2.815941346226896957, -1.124355459575057559, 2.593200000000003058 ) ) ;
#2974 = CARTESIAN_POINT ( 'NONE',  ( 2.622817477216903281, -1.928373572338127283E-15, -1.960000000000002185 ) ) ;
#2975 = AXIS2_PLACEMENT_3D ( 'NONE', #508, #2177, #3450 ) ;
#2976 = EDGE_CURVE ( 'NONE', #4378, #2323, #5540, .T. ) ;
#2978 = EDGE_CURVE ( 'NONE', #5525, #2056, #2247, .T. ) ;
#2977 = CARTESIAN_POINT ( 'NONE',  ( -0.5888391820251449582, -1.305489220690882579, 2.593200000000003058 ) ) ;
#2979 = CARTESIAN_POINT ( 'NONE',  ( -0.8643824499002371597, -1.473869643359086989, 2.593200000000003058 ) ) ;
#2980 = FACE_BOUND ( 'NONE', #3864, .T. ) ;
#2981 = EDGE_LOOP ( 'NONE', ( #3727, #1862, #132, #5236 ) ) ;
#2982 = LINE ( 'NONE', #2200, #326 ) ;
#2983 =( GEOMETRIC_REPRESENTATION_CONTEXT ( 3 ) GLOBAL_UNCERTAINTY_ASSIGNED_CONTEXT ( ( #5404 ) ) GLOBAL_UNIT_ASSIGNED_CONTEXT ( ( #1530, #4934, #5017 ) ) REPRESENTATION_CONTEXT ( 'NONE', 'WORKASPACE' ) );
#2984 = CARTESIAN_POINT ( 'NONE',  ( -0.04312920104970451723, -0.9359244061643178236, 1.891069936820418906 ) ) ;
#2985 = CARTESIAN_POINT ( 'NONE',  ( -4.897798957396485520, -0.8607140989994372937, 1.926617829695338235 ) ) ;
#2986 = ADVANCED_FACE ( 'NONE', ( #3409 ), #2193, .T. ) ;
#2987 = FILL_AREA_STYLE_COLOUR ( '', #5073 ) ;
#2988 = CONICAL_SURFACE ( 'NONE', #3344, 0.7512058792506818294, 1.558362948938338155 ) ;
#2989 = CARTESIAN_POINT ( 'NONE',  ( -4.702241126847629182, -0.6396615284266221613, 0.0000000000000000000 ) ) ;
#2990 = CARTESIAN_POINT ( 'NONE',  ( -2.936387780759173172, -1.078386486287588930, 0.0000000000000000000 ) ) ;
#2991 = VERTEX_POINT ( 'NONE', #5250 ) ;
#2992 = B_SPLINE_CURVE_WITH_KNOTS ( 'NONE', 3,
 ( #1114, #252, #3276, #769, #4210, #3332, #1633, #744, #5032, #3820, #1226, #2397 ),
 .UNSPECIFIED., .F., .F.,
 ( 4, 2, 2, 2, 2, 4 ),
 ( 0.0000000000000000000, 5.144389186052316591E-05, 0.0001028877837210463318, 0.0002057755674420926636, 0.0003086633511631389683, 0.0004115511348841853273 ),
 .UNSPECIFIED. ) ;
#2993 = LINE ( 'NONE', #1564, #5613 ) ;
#2994 = CARTESIAN_POINT ( 'NONE',  ( -0.8331337123117583676, -1.553150457679884910, 1.428223951559632221 ) ) ;
#2995 = CARTESIAN_POINT ( 'NONE',  ( -0.6028229217123323158, -0.6667920922736330080, 4.328710526699272534E-20 ) ) ;
#2996 = B_SPLINE_SURFACE_WITH_KNOTS ( 'NONE', 1, 3, ( 
 ( #267, #5431, #210, #238, #3317, #1562, #5484, #5396, #3291, #4966 ),
 ( #1504, #2892, #1533, #3749, #1960, #3722, #3267, #2471, #4513, #622 ) ),
 .UNSPECIFIED., .F., .F., .F.,
 ( 2, 2 ),
 ( 4, 2, 2, 2, 4 ),
 ( 0.0000000000000000000, 1.000000000000000000 ),
 ( 0.0000000000000000000, 0.2499999999999999722, 0.4999999999999999445, 0.7499999999999998890, 0.9999999999999998890 ),
 .UNSPECIFIED. ) ;
#2997 = FACE_OUTER_BOUND ( 'NONE', #4358, .T. ) ;
#2998 = CARTESIAN_POINT ( 'NONE',  ( -4.721716836466445244, -0.3189303687298785106, 0.0000000000000000000 ) ) ;
#2999 = VERTEX_POINT ( 'NONE', #3516 ) ;
#3000 = VERTEX_POINT ( 'NONE', #1354 ) ;
#3001 = CARTESIAN_POINT ( 'NONE',  ( -2.646238736179586937, -0.3451299519637320845, 2.081623992640509790 ) ) ;
#3002 = CARTESIAN_POINT ( 'NONE',  ( -2.095335923248434096, -1.084178223889362691, 0.0000000000000000000 ) ) ;
#3003 = PLANE ( 'NONE',  #5169 ) ;
#3004 = CARTESIAN_POINT ( 'NONE',  ( -1.225647779259388503, -0.9282360321048270801, 1.102259087557719619 ) ) ;
#3005 = ORIENTED_EDGE ( 'NONE', *, *, #3008, .F. ) ;
#3006 = CARTESIAN_POINT ( 'NONE',  ( -5.436427449214570551, -1.341304521241127201, 0.0000000000000000000 ) ) ;
#3007 = VERTEX_POINT ( 'NONE', #3083 ) ;
#3008 = EDGE_CURVE ( 'NONE', #2636, #3521, #4813, .T. ) ;
#3009 = CARTESIAN_POINT ( 'NONE',  ( -2.495409455905970741, -0.7520180784737816593, 2.593200000000003058 ) ) ;
#3010 = CARTESIAN_POINT ( 'NONE',  ( -4.680729235522727905, -1.273383270296057912, -7.684581296706453857E-20 ) ) ;
#3011 = CARTESIAN_POINT ( 'NONE',  ( -0.5575180833172899142, -1.195349966784434947, 2.593200000000003058 ) ) ;
#3012 = CARTESIAN_POINT ( 'NONE',  ( -0.8270469868286776105, -1.430146528582858290, 0.0000000000000000000 ) ) ;
#3013 = CARTESIAN_POINT ( 'NONE',  ( -4.536222888844914536, -0.6256717973896637197, 0.8014711543320059972 ) ) ;
#3014 = CARTESIAN_POINT ( 'NONE',  ( -2.805497688872242712, -1.136053244526940009, 1.695028776041163532 ) ) ;
#3015 = ORIENTED_EDGE ( 'NONE', *, *, #1320, .T. ) ;
#3016 = FACE_OUTER_BOUND ( 'NONE', #3714, .T. ) ;
#3017 = EDGE_CURVE ( 'NONE', #5599, #95, #4699, .T. ) ;
#3018 = CARTESIAN_POINT ( 'NONE',  ( -5.132717125920231105, -1.395917951867386098, 2.391702549246664028E-19 ) ) ;
#3019 = DIRECTION ( 'NONE',  ( 0.0000000000000000000, -0.01745240643728354635, 0.9998476951563911586 ) ) ;
#3020 = EDGE_LOOP ( 'NONE', ( #3634, #2834, #521, #1958 ) ) ;
#3021 = CARTESIAN_POINT ( 'NONE',  ( -4.701702116368326578, -1.365181713886142179, 1.609134061801126947 ) ) ;
#3022 =( BOUNDED_CURVE ( )  B_SPLINE_CURVE ( 3, ( #753, #3829, #4218, #4249 ),
 .UNSPECIFIED., .F., .F. ) 
 B_SPLINE_CURVE_WITH_KNOTS ( ( 4, 4 ),
 ( 1.880723194059062964, 1.885308685627469893 ),
 .UNSPECIFIED. ) 
 CURVE ( )  GEOMETRIC_REPRESENTATION_ITEM ( )  RATIONAL_B_SPLINE_CURVE ( ( 1.000000000000000000, 0.9999982477730238184, 0.9999982477730238184, 1.000000000000000000 ) ) 
 REPRESENTATION_ITEM ( '' )  );
#3023 = EDGE_CURVE ( 'NONE', #424, #3000, #5495, .T. ) ;
#3024 = CARTESIAN_POINT ( 'NONE',  ( -0.6046890711304068189, -1.304860112615650047, 1.659322696462836255 ) ) ;
#3025 = CARTESIAN_POINT ( 'NONE',  ( -0.5866826538916120048, -0.8754953543273629180, 4.328710526699272534E-20 ) ) ;
#3026 = CARTESIAN_POINT ( 'NONE',  ( -2.828994265528374186, -0.4256349713519693712, 0.0000000000000000000 ) ) ;
#3027 = CARTESIAN_POINT ( 'NONE',  ( -17.07237392568151790, -0.3138831304186900373, 2.086522796529809209 ) ) ;
#3028 = ORIENTED_EDGE ( 'NONE', *, *, #1839, .T. ) ;
#3029 = CARTESIAN_POINT ( 'NONE',  ( -2.439844104300586736, -0.6319007037242737601, 0.5485333237150401553 ) ) ;
#3030 = CARTESIAN_POINT ( 'NONE',  ( -0.5532663385465629302, -0.9277754405211586786, 1.895081194029903493 ) ) ;
#3031 = CARTESIAN_POINT ( 'NONE',  ( -1.708731434818309136, -1.218748981412659083, 1.722425882383802787 ) ) ;
#3032 = ORIENTED_EDGE ( 'NONE', *, *, #4853, .F. ) ;
#3033 = CARTESIAN_POINT ( 'NONE',  ( -1.070530631515017372, -0.3544456561702181707, 2.561349295854137319E-19 ) ) ;
#3034 = DIRECTION ( 'NONE',  ( -0.0000000000000000000, 1.000000000000000000, 1.224646799147353207E-16 ) ) ;
#3035 = EDGE_LOOP ( 'NONE', ( #732, #5256, #1895, #342 ) ) ;
#3036 = CARTESIAN_POINT ( 'NONE',  ( -4.928199110719528875, -1.429228689607728864, 0.0000000000000000000 ) ) ;
#3037 = CARTESIAN_POINT ( 'NONE',  ( -1.104776826166618653, -0.4607564633849886571, 2.593200000000003058 ) ) ;
#3038 = CARTESIAN_POINT ( 'NONE',  ( -0.7680934718839393938, -1.528472151387466615, 2.593200000000003058 ) ) ;
#3039 = CARTESIAN_POINT ( 'NONE',  ( -5.278028304450573138, -0.3278042330686207206, 1.306159568464606993E-19 ) ) ;
#3040 = DIRECTION ( 'NONE',  ( 0.0000000000000000000, -1.000000000000000000, 0.0000000000000000000 ) ) ;
#3041 = CARTESIAN_POINT ( 'NONE',  ( 0.6318776328011230792, -0.9359244061643178236, 1.891069936820418906 ) ) ;
#3042 = CARTESIAN_POINT ( 'NONE',  ( -0.4223807683200219154, -1.000822114189338086, -3.632736160938781104E-20 ) ) ;
#3043 = CARTESIAN_POINT ( 'NONE',  ( -2.594902718727972513, -0.6334876854340841801, 0.0000000000000000000 ) ) ;
#3044 = EDGE_CURVE ( 'NONE', #2728, #3784, #1457, .T. ) ;
#3045 = ORIENTED_EDGE ( 'NONE', *, *, #5591, .F. ) ;
#3046 = CARTESIAN_POINT ( 'NONE',  ( -4.216016434640393662, -1.536377666547909415, 1.446251591436572337 ) ) ;
#3047 = CARTESIAN_POINT ( 'NONE',  ( -0.8332681364414814551, -1.573363739318913712, 0.2704602211956333990 ) ) ;
#3048 = ADVANCED_FACE ( 'NONE', ( #5016 ), #86, .T. ) ;
#3049 = CARTESIAN_POINT ( 'NONE',  ( -2.951960594837808483, -0.4500901787472012527, 0.0000000000000000000 ) ) ;
#3050 = CARTESIAN_POINT ( 'NONE',  ( -5.189629040682497418, -1.363361634370669595, 0.0000000000000000000 ) ) ;
#3051 = CARTESIAN_POINT ( 'NONE',  ( -4.549594083759807894, -0.5009240892277150303, 0.0000000000000000000 ) ) ;
#3052 = EDGE_LOOP ( 'NONE', ( #4173, #1383, #3961, #3045 ) ) ;
#3053 = CARTESIAN_POINT ( 'NONE',  ( -2.449421362209158737, -0.6318574517771344823, 1.097066646417626634 ) ) ;
#3054 = DIRECTION ( 'NONE',  ( 0.0000000000000000000, 0.9998476951563912696, 0.01745240643728354982 ) ) ;
#3055 = DIRECTION ( 'NONE',  ( 0.0000000000000000000, 1.000000000000000000, 0.0000000000000000000 ) ) ;
#3056 = VERTEX_POINT ( 'NONE', #2648 ) ;
#3057 = SURFACE_STYLE_FILL_AREA ( #2215 ) ;
#3058 = ORIENTED_EDGE ( 'NONE', *, *, #4524, .F. ) ;
#3059 = AXIS2_PLACEMENT_3D ( 'NONE', #4679, #3506, #4292 ) ;
#3060 = FILL_AREA_STYLE_COLOUR ( '', #5612 ) ;
#3061 = CARTESIAN_POINT ( 'NONE',  ( -1.159035687769880196, -0.5819086864889235766, 2.593200000000003058 ) ) ;
#3062 =( NAMED_UNIT ( * ) PLANE_ANGLE_UNIT ( ) SI_UNIT ( $, .RADIAN. ) );
#3063 = AXIS2_PLACEMENT_3D ( 'NONE', #2692, #4104, #2303 ) ;
#3064 = STYLED_ITEM ( 'NONE', ( #1490 ), #1808 ) ;
#3065 = CARTESIAN_POINT ( 'NONE',  ( -1.409524864160664581, -1.248814037023710855, 0.0000000000000000000 ) ) ;
#3066 = CARTESIAN_POINT ( 'NONE',  ( -0.5532663385465629302, -0.9277754405211586786, 1.895081194029903493 ) ) ;
#3067 = FACE_OUTER_BOUND ( 'NONE', #1985, .T. ) ;
#3068 = COLOUR_RGB ( '',0.0000000000000000000, 0.0000000000000000000, 0.0000000000000000000 ) ;
#3069 = CIRCLE ( 'NONE', #2703, 0.5000000000000004441 ) ;
#3070 = FILL_AREA_STYLE_COLOUR ( '', #4710 ) ;
#3071 =( GEOMETRIC_REPRESENTATION_CONTEXT ( 3 ) GLOBAL_UNCERTAINTY_ASSIGNED_CONTEXT ( ( #2179 ) ) GLOBAL_UNIT_ASSIGNED_CONTEXT ( ( #5534, #292, #5596 ) ) REPRESENTATION_CONTEXT ( 'NONE', 'WORKASPACE' ) );
#3072 = CARTESIAN_POINT ( 'NONE',  ( -4.829347229901574501, -0.9877749299398025373, 1.864587251278879920 ) ) ;
#3073 = EDGE_LOOP ( 'NONE', ( #2373, #1660, #5252 ) ) ;
#3074 = DIRECTION ( 'NONE',  ( -0.9998476951563912696, 0.0000000000000000000, 0.01745240643728354982 ) ) ;
#3075 = DIRECTION ( 'NONE',  ( 0.0000000000000000000, 0.0000000000000000000, 1.000000000000000000 ) ) ;
#3076 =( LENGTH_UNIT ( ) NAMED_UNIT ( * ) SI_UNIT ( .MILLI., .METRE. ) );
#3077 = CARTESIAN_POINT ( 'NONE',  ( -5.272728080304928788, -1.349376473134043408, 2.593200000000003058 ) ) ;
#3078 = CARTESIAN_POINT ( 'NONE',  ( -4.890807811231622004, -0.3131404643917798380, 2.593200000000003058 ) ) ;
#3079 = ORIENTED_EDGE ( 'NONE', *, *, #1058, .F. ) ;
#3080 = EDGE_CURVE ( 'NONE', #3260, #2045, #2034, .T. ) ;
#3081 = CIRCLE ( 'NONE', #3171, 0.09999999999999982514 ) ;
#3082 = FACE_OUTER_BOUND ( 'NONE', #3592, .T. ) ;
#3083 = CARTESIAN_POINT ( 'NONE',  ( -4.806167483888685865, -1.032472288826856266, 0.0000000000000000000 ) ) ;
#3084 = CARTESIAN_POINT ( 'NONE',  ( 3.231685845587584982, -2.127746763502802452E-15, 0.0000000000000000000 ) ) ;
#3085 = VERTEX_POINT ( 'NONE', #1188 ) ;
#3086 = CARTESIAN_POINT ( 'NONE',  ( -1.220191353774260801, -0.6389398363794182023, 2.561349295854137319E-19 ) ) ;
#3087 = DIRECTION ( 'NONE',  ( 0.0000000000000000000, 0.0000000000000000000, -1.000000000000000000 ) ) ;
#3088 = ORIENTED_EDGE ( 'NONE', *, *, #2407, .T. ) ;
#3089 = EDGE_CURVE ( 'NONE', #5063, #1512, #2920, .T. ) ;
#3090 = CARTESIAN_POINT ( 'NONE',  ( -4.638235611042701656, -1.289525808075872471, 2.593200000000003058 ) ) ;
#3091 = CARTESIAN_POINT ( 'NONE',  ( -4.780198179475302567, -1.388057812533263213, -7.684581296706453857E-20 ) ) ;
#3092 = CARTESIAN_POINT ( 'NONE',  ( -0.5693950732125613312, -1.476961729250868771, 0.0000000000000000000 ) ) ;
#3093 = B_SPLINE_CURVE_WITH_KNOTS ( 'NONE', 3,
 ( #4978, #3301, #4471, #3709, #5412, #4522, #4052, #1519, #221, #144, #2374, #1947 ),
 .UNSPECIFIED., .F., .F.,
 ( 4, 2, 2, 2, 2, 4 ),
 ( 4.051861654994577442E-07, 8.960414063058603845E-05, 0.0001788030950956726040, 0.0003572010040258454910, 0.0005355989129560184865, 0.0007139968218861914278 ),
 .UNSPECIFIED. ) ;
#3094 = SURFACE_STYLE_FILL_AREA ( #3115 ) ;
#3095 = CARTESIAN_POINT ( 'NONE',  ( -4.997299373199344252, -0.2609991582176210967, 0.0000000000000000000 ) ) ;
#3096 = CARTESIAN_POINT ( 'NONE',  ( -4.644448677268778525, -1.205811403885449495, 1.423099533196271249 ) ) ;
#3097 = CARTESIAN_POINT ( 'NONE',  ( -3.015660952410096129, -0.4962009889515571759, 1.027451534519531468E-19 ) ) ;
#3098 = CARTESIAN_POINT ( 'NONE',  ( -5.395359600395457811, -0.5669464059232433017, 2.593200000000003058 ) ) ;
#3099 = LINE ( 'NONE', #504, #2691 ) ;
#3100 = LINE ( 'NONE', #28, #3522 ) ;
#3101 = ORIENTED_EDGE ( 'NONE', *, *, #3381, .F. ) ;
#3102 = CARTESIAN_POINT ( 'NONE',  ( -0.01012045251870416669, -0.8207609228744052743, 0.0000000000000000000 ) ) ;
#3103 = CARTESIAN_POINT ( 'NONE',  ( -2.973546857118650966, -1.256209140154693316, 2.593200000000003058 ) ) ;
#3104 = CARTESIAN_POINT ( 'NONE',  ( -2.860447734432603362, -0.4263559670007995850, 0.0000000000000000000 ) ) ;
#3105 = CARTESIAN_POINT ( 'NONE',  ( -5.254992913628568907, -1.368303009956485683, 2.593200000000003058 ) ) ;
#3106 = CARTESIAN_POINT ( 'NONE',  ( -5.393629763926665710, -0.6622381597807388554, 2.593200000000003058 ) ) ;
#3107 = ADVANCED_FACE ( 'NONE', ( #2869 ), #1212, .T. ) ;
#3108 = CARTESIAN_POINT ( 'NONE',  ( -7.320840341273962437, -2.123270045287784227E-15, 2.060000000000002274 ) ) ;
#3109 = VERTEX_POINT ( 'NONE', #2922 ) ;
#3110 = CARTESIAN_POINT ( 'NONE',  ( -1.161238342736266471, -0.4674366702959891762, 2.561349295854137319E-19 ) ) ;
#3111 = CARTESIAN_POINT ( 'NONE',  ( -4.954596959167622217, -1.578085663292407403, 0.0000000000000000000 ) ) ;
#3112 = ORIENTED_EDGE ( 'NONE', *, *, #3879, .T. ) ;
#3113 = CARTESIAN_POINT ( 'NONE',  ( -4.670054703872180468, -1.223012331182208312, 0.0000000000000000000 ) ) ;
#3114 = CARTESIAN_POINT ( 'NONE',  ( -4.827290442110476754, -1.409161580124867807, -7.684581296706453857E-20 ) ) ;
#3115 = FILL_AREA_STYLE ('',( #828 ) ) ;
#3116 = ADVANCED_FACE ( 'NONE', ( #4202 ), #1719, .T. ) ;
#3117 = CARTESIAN_POINT ( 'NONE',  ( -5.103030255516626035, -0.2683908567170777970, 1.306159568464606993E-19 ) ) ;
#3118 = VERTEX_POINT ( 'NONE', #5055 ) ;
#3119 = CARTESIAN_POINT ( 'NONE',  ( -2.951960594837808483, -0.4500901787472012527, 1.027451534519531468E-19 ) ) ;
#3120 = DIRECTION ( 'NONE',  ( 0.0000000000000000000, 1.000000000000000000, 0.0000000000000000000 ) ) ;
#3121 = CARTESIAN_POINT ( 'NONE',  ( -1.210653551279879503, -1.119431809792249544, 1.801198974687250320 ) ) ;
#3122 = CARTESIAN_POINT ( 'NONE',  ( -4.559574072876255713, -0.9932183409199263346, 0.0000000000000000000 ) ) ;
#3123 = ORIENTED_EDGE ( 'NONE', *, *, #291, .T. ) ;
#3124 = CARTESIAN_POINT ( 'NONE',  ( -4.679656158161164647, -1.336665848766939391, 1.633097930486169025 ) ) ;
#3125 = CARTESIAN_POINT ( 'NONE',  ( -3.073124136958062191, -1.438943155456908984, 0.0000000000000000000 ) ) ;
#3126 = CARTESIAN_POINT ( 'NONE',  ( -2.937419811534343950, -0.4437640551913988318, 0.0000000000000000000 ) ) ;
#3127 = CARTESIAN_POINT ( 'NONE',  ( -4.962571506366317386, -1.429913431471494079, 0.0000000000000000000 ) ) ;
#3128 = CARTESIAN_POINT ( 'NONE',  ( -0.7523968307005906020, -1.548001813869759546, 1.433896257247894379 ) ) ;
#3129 = DIRECTION ( 'NONE',  ( 0.0000000000000000000, 0.0000000000000000000, 1.000000000000000000 ) ) ;
#3130 = AXIS2_PLACEMENT_3D ( 'NONE', #1951, #3686, #5420 ) ;
#3131 = CARTESIAN_POINT ( 'NONE',  ( -5.107241063426591232, -0.9461296456399537202, 8.594257207030009252E-20 ) ) ;
#3132 = EDGE_LOOP ( 'NONE', ( #1068, #2479, #635, #4804 ) ) ;
#3133 = CARTESIAN_POINT ( 'NONE',  ( -1.042747606469826671, -0.5940639276893482368, -7.471130231984299497E-20 ) ) ;
#3134 = CARTESIAN_POINT ( 'NONE',  ( -5.429551465789399955, -1.236285827784830760, 2.593200000000003058 ) ) ;
#3135 = ORIENTED_EDGE ( 'NONE', *, *, #4211, .T. ) ;
#3136 = CARTESIAN_POINT ( 'NONE',  ( -4.997232635913976040, -0.2926682639604619718, 1.813757174762041791 ) ) ;
#3137 = AXIS2_PLACEMENT_3D ( 'NONE', #2457, #3331, #3758 ) ;
#3138 = EDGE_CURVE ( 'NONE', #406, #4138, #3499, .T. ) ;
#3139 = CARTESIAN_POINT ( 'NONE',  ( -5.153915924415011673, -1.418420180828786403, 1.562247533265407995 ) ) ;
#3140 = DIRECTION ( 'NONE',  ( 0.0000000000000000000, 0.0000000000000000000, 1.000000000000000000 ) ) ;
#3141 = ORIENTED_EDGE ( 'NONE', *, *, #1382, .T. ) ;
#3142 = CIRCLE ( 'NONE', #3059, 0.7478607546577126231 ) ;
#3143 = CARTESIAN_POINT ( 'NONE',  ( -5.129184992528771581, -0.2731431854929479153, 1.306159568464606993E-19 ) ) ;
#3144 = CARTESIAN_POINT ( 'NONE',  ( -3.216868219148364183, -1.454000162732337342, 1.170545203533096323 ) ) ;
#3145 = DIRECTION ( 'NONE',  ( -1.000000000000000000, 0.0000000000000000000, 0.0000000000000000000 ) ) ;
#3146 = CARTESIAN_POINT ( 'NONE',  ( -5.342557599559146553, -0.3744647612862431751, 0.0000000000000000000 ) ) ;
#3147 = CARTESIAN_POINT ( 'NONE',  ( -4.824416542864427448, -1.025371440749786922, 0.0000000000000000000 ) ) ;
#3148 = ADVANCED_FACE ( 'NONE', ( #2175 ), #5115, .T. ) ;
#3149 = EDGE_CURVE ( 'NONE', #1008, #2576, #327, .T. ) ;
#3150 = STYLED_ITEM ( 'NONE', ( #2560 ), #3189 ) ;
#3151 = CARTESIAN_POINT ( 'NONE',  ( -2.964922317832545673, -1.309509500219961931, 1.041885070563473011E-19 ) ) ;
#3152 = PRESENTATION_LAYER_ASSIGNMENT (  '', '', ( #3064 ) ) ;
#3153 = SURFACE_SIDE_STYLE ('',( #105 ) ) ;
#3154 = CARTESIAN_POINT ( 'NONE',  ( -4.800681385572106663, -1.019511216877689863, 0.8062698682275919460 ) ) ;
#3155 = EDGE_LOOP ( 'NONE', ( #5184, #4137, #2275, #4318 ) ) ;
#3156 = TOROIDAL_SURFACE ( 'NONE', #2513, 1.150000000000002132, 0.09999999999999971412 ) ;
#3157 = CARTESIAN_POINT ( 'NONE',  ( -2.876459582170672657, -1.233295496590455009, 0.0000000000000000000 ) ) ;
#3158 = DIRECTION ( 'NONE',  ( 1.000000000000000000, 0.0000000000000000000, 0.0000000000000000000 ) ) ;
#3159 = ADVANCED_FACE ( 'NONE', ( #3840 ), #1885, .F. ) ;
#3160 = B_SPLINE_CURVE_WITH_KNOTS ( 'NONE', 3,
 ( #638, #4582, #4957, #4130, #2379, #3309, #4194, #5365, #3639, #5012, #1122, #4505 ),
 .UNSPECIFIED., .F., .F.,
 ( 4, 2, 2, 2, 2, 4 ),
 ( 0.0000000000000000000, 0.0002903301440605169270, 0.0004354952160907753634, 0.0005080777521059046901, 0.0005443690201134693263, 0.0005806602881210338541 ),
 .UNSPECIFIED. ) ;
#3161 = CARTESIAN_POINT ( 'NONE',  ( -3.071798751586182430, -0.6403704156608367448, 0.0000000000000000000 ) ) ;
#3162 = CARTESIAN_POINT ( 'NONE',  ( -2.551550604244862352, -0.5977154763024439266, 2.593200000000003058 ) ) ;
#3163 =( BOUNDED_CURVE ( )  B_SPLINE_CURVE ( 3, ( #3585, #100, #4874, #992 ),
 .UNSPECIFIED., .F., .T. ) 
 B_SPLINE_CURVE_WITH_KNOTS ( ( 4, 4 ),
 ( 5.866265434321131345, 6.097553471172102668 ),
 .UNSPECIFIED. ) 
 CURVE ( )  GEOMETRIC_REPRESENTATION_ITEM ( )  RATIONAL_B_SPLINE_CURVE ( ( 1.000000000000000000, 0.9955471195517766603, 0.9955471195517766603, 1.000000000000000000 ) ) 
 REPRESENTATION_ITEM ( '' )  );
#3164 = CARTESIAN_POINT ( 'NONE',  ( -0.03703439747753871358, -1.440363795116893719, 1.541898874023999166 ) ) ;
#3165 = AXIS2_PLACEMENT_3D ( 'NONE', #2974, #817, #1613 ) ;
#3166 = DIRECTION ( 'NONE',  ( 0.0000000000000000000, -0.01745240643728354982, -0.9998476951563911586 ) ) ;
#3167 = ORIENTED_EDGE ( 'NONE', *, *, #3464, .F. ) ;
#3168 = CARTESIAN_POINT ( 'NONE',  ( -10.09140046512274580, -2.123270045287784227E-15, 0.0000000000000000000 ) ) ;
#3169 = ORIENTED_EDGE ( 'NONE', *, *, #4115, .T. ) ;
#3170 = CARTESIAN_POINT ( 'NONE',  ( -4.831261238888004073, -1.458019602402113923, 2.593200000000003058 ) ) ;
#3171 = AXIS2_PLACEMENT_3D ( 'NONE', #4540, #1680, #853 ) ;
#3172 = CARTESIAN_POINT ( 'NONE',  ( 0.6316453421135286295, -0.9090352515187776206, 1.904377861399983551 ) ) ;
#3173 = CARTESIAN_POINT ( 'NONE',  ( -5.412597883959362477, -0.6127521829979010182, 1.746510541941628691 ) ) ;
#3174 = ORIENTED_EDGE ( 'NONE', *, *, #388, .T. ) ;
#3175 = CARTESIAN_POINT ( 'NONE',  ( -5.157493946321315192, -0.4394716202931337468, 0.0000000000000000000 ) ) ;
#3176 = CARTESIAN_POINT ( 'NONE',  ( -2.594855407885619414, -0.6315473318177254880, 0.0000000000000000000 ) ) ;
#3177 = CARTESIAN_POINT ( 'NONE',  ( -0.4634689068198687423, -0.5680960957071522488, -5.733611658969716177E-20 ) ) ;
#3178 = EDGE_CURVE ( 'NONE', #5039, #2021, #1590, .T. ) ;
#3179 = LINE ( 'NONE', #4851, #975 ) ;
#3180 = CARTESIAN_POINT ( 'NONE',  ( -4.801814637855328805, -1.034259127759483921, 0.0000000000000000000 ) ) ;
#3181 = CARTESIAN_POINT ( 'NONE',  ( -2.559761047059766703, -0.6334826212791367928, 2.012659874031688112 ) ) ;
#3182 = CARTESIAN_POINT ( 'NONE',  ( -5.432934214933768047, -0.6126838565971440831, 0.5821701817967869230 ) ) ;
#3183 = CARTESIAN_POINT ( 'NONE',  ( -0.8392840973984786457, -0.4255029875395678340, 0.0000000000000000000 ) ) ;
#3184 = EDGE_LOOP ( 'NONE', ( #1551, #3433, #3225, #2310 ) ) ;
#3185 = ADVANCED_FACE ( 'NONE', ( #4226 ), #3351, .T. ) ;
#3186 = CARTESIAN_POINT ( 'NONE',  ( -4.641244111494193803, -1.164260802724589317, 1.759885848774591199 ) ) ;
#3187 = CARTESIAN_POINT ( 'NONE',  ( -2.935146476991216780, -1.087440251497286958, 0.4506131673940085292 ) ) ;
#3188 = CARTESIAN_POINT ( 'NONE',  ( -3.092178662252710541, -0.5296279045916416628, 2.593200000000003058 ) ) ;
#3189 = ADVANCED_FACE ( 'NONE', ( #4677 ), #315, .T. ) ;
#3190 = CARTESIAN_POINT ( 'NONE',  ( -2.594816184114190794, -0.6369952059547461243, 0.0000000000000000000 ) ) ;
#3191 = SURFACE_STYLE_USAGE ( .BOTH. , #519 ) ;
#3192 = ORIENTED_EDGE ( 'NONE', *, *, #3587, .T. ) ;
#3193 = CARTESIAN_POINT ( 'NONE',  ( -14.12140046512274516, -1.734723475976807094E-15, 0.0000000000000000000 ) ) ;
#3194 = CARTESIAN_POINT ( 'NONE',  ( -1.689405746489056614, -0.2939263208444906628, 0.0000000000000000000 ) ) ;
#3195 = EDGE_LOOP ( 'NONE', ( #307, #2351, #553, #3 ) ) ;
#3196 =( BOUNDED_CURVE ( )  B_SPLINE_CURVE ( 3, ( #3842, #1722, #3477, #5211 ),
 .UNSPECIFIED., .F., .F. ) 
 B_SPLINE_CURVE_WITH_KNOTS ( ( 4, 4 ),
 ( 5.467579346576487254, 5.814809658386709934 ),
 .UNSPECIFIED. ) 
 CURVE ( )  GEOMETRIC_REPRESENTATION_ITEM ( )  RATIONAL_B_SPLINE_CURVE ( ( 1.000000000000000000, 0.9899778048022144228, 0.9899778048022144228, 1.000000000000000000 ) ) 
 REPRESENTATION_ITEM ( '' )  );
#3197 = CARTESIAN_POINT ( 'NONE',  ( -5.215956312518400750, -0.7142621312531238775, 0.0000000000000000000 ) ) ;
#3198 = DIRECTION ( 'NONE',  ( -0.01742955255435340092, -0.05115936135490294773, -0.9985383970802091946 ) ) ;
#3199 = CARTESIAN_POINT ( 'NONE',  ( -3.041991848770936979, -1.396986268844624401, 0.0000000000000000000 ) ) ;
#3200 = ORIENTED_EDGE ( 'NONE', *, *, #3726, .F. ) ;
#3201 = CARTESIAN_POINT ( 'NONE',  ( -5.135853423308457621, -0.4305930553785791148, 0.0000000000000000000 ) ) ;
#3202 = CARTESIAN_POINT ( 'NONE',  ( -0.5545056116294189152, -0.9277753941038381358, 1.824084777590260220 ) ) ;
#3203 = CARTESIAN_POINT ( 'NONE',  ( -2.825384227536722470, -0.2822509298798447364, 0.2742666590265015469 ) ) ;
#3204 = ORIENTED_EDGE ( 'NONE', *, *, #4991, .T. ) ;
#3205 = CARTESIAN_POINT ( 'NONE',  ( -4.672963220907950799, -0.6058764443879756101, 1.935546168266030209 ) ) ;
#3206 = CARTESIAN_POINT ( 'NONE',  ( -4.806167483888685865, -1.032472288826856266, 0.0000000000000000000 ) ) ;
#3207 = CARTESIAN_POINT ( 'NONE',  ( -1.244889051026316418, -0.9282886883277764456, 0.0000000000000000000 ) ) ;
#3208 = B_SPLINE_CURVE_WITH_KNOTS ( 'NONE', 3,
 ( #4475, #4059, #2908, #4635, #2434, #2881, #748, #5100, #724, #5474 ),
 .UNSPECIFIED., .F., .F.,
 ( 4, 3, 3, 4 ),
 ( 0.0002661983655716779521, 0.0005225223244612216527, 0.001341925764624923812, 0.002161329204788625322 ),
 .UNSPECIFIED. ) ;
#3209 = CARTESIAN_POINT ( 'NONE',  ( -0.6857521318688690748, -0.4278105737781712214, 2.593200000000003058 ) ) ;
#3210 = VERTEX_POINT ( 'NONE', #481 ) ;
#3211 = ORIENTED_EDGE ( 'NONE', *, *, #2567, .T. ) ;
#3212 = CARTESIAN_POINT ( 'NONE',  ( -2.809189207443417491, -1.177210227543355803, 0.0000000000000000000 ) ) ;
#3213 = CARTESIAN_POINT ( 'NONE',  ( -17.07237392568151790, -1.536377666547909193, 1.446251591436572337 ) ) ;
#3214 = ADVANCED_FACE ( 'NONE', ( #3474 ), #347, .T. ) ;
#3215 = CARTESIAN_POINT ( 'NONE',  ( -2.830033524830659175, -0.3803824291000378888, 2.593200000000003058 ) ) ;
#3216 = CARTESIAN_POINT ( 'NONE',  ( -4.958785055469499881, -1.475313339800258250, 2.593200000000003058 ) ) ;
#3217 = EDGE_CURVE ( 'NONE', #2283, #4208, #3100, .T. ) ;
#3218 = ORIENTED_EDGE ( 'NONE', *, *, #1419, .T. ) ;
#3219 = CARTESIAN_POINT ( 'NONE',  ( -5.442627315508155483, -0.6274963197655714087, 1.465529562548776761E-19 ) ) ;
#3220 = CARTESIAN_POINT ( 'NONE',  ( -5.415169911442761830, -1.278700166890356593, 2.593200000000003058 ) ) ;
#3221 = ORIENTED_EDGE ( 'NONE', *, *, #598, .F. ) ;
#3222 = CARTESIAN_POINT ( 'NONE',  ( -0.8332995181904455650, -0.2774627395310559907, 0.0000000000000000000 ) ) ;
#3223 = DIRECTION ( 'NONE',  ( 1.000000000000000000, 0.0000000000000000000, 0.0000000000000000000 ) ) ;
#3224 = PRESENTATION_STYLE_ASSIGNMENT (( #2719 ) ) ;
#3225 = ORIENTED_EDGE ( 'NONE', *, *, #2322, .T. ) ;
#3226 = DIRECTION ( 'NONE',  ( -1.000000000000000000, 0.0000000000000000000, 0.0000000000000000000 ) ) ;
#3227 = CARTESIAN_POINT ( 'NONE',  ( -2.549651797180640056, -0.6345952680618801578, 2.593200000000003058 ) ) ;
#3228 = CLOSED_SHELL ( 'NONE', ( #2695, #3472, #1128, #509, #1352, #2387, #2004, #740, #2894, #2331, #3708, #5399, #3148, #719, #212, #4598 ) ) ;
#3229 = CARTESIAN_POINT ( 'NONE',  ( -4.996072056705088471, -0.3062469905898260181, 2.593200000000003058 ) ) ;
#3230 = CARTESIAN_POINT ( 'NONE',  ( -4.787544149443925257, -0.9911873387847766059, 2.593200000000003058 ) ) ;
#3231 = DIRECTION ( 'NONE',  ( 0.0000000000000000000, -1.000000000000000000, 0.0000000000000000000 ) ) ;
#3232 = CIRCLE ( 'NONE', #875, 0.09999999999999982514 ) ;
#3233 = CARTESIAN_POINT ( 'NONE',  ( -0.5866826538916120048, -0.8754953543273629180, 0.0000000000000000000 ) ) ;
#3234 = ORIENTED_EDGE ( 'NONE', *, *, #2227, .T. ) ;
#3235 = CARTESIAN_POINT ( 'NONE',  ( 0.7472042878992980475, -1.413449850158059240, 0.0000000000000000000 ) ) ;
#3236 = VECTOR ( 'NONE', #284, 999.9999999999998863 ) ;
#3237 = VECTOR ( 'NONE', #4352, 1000.000000000000000 ) ;
#3238 = UNCERTAINTY_MEASURE_WITH_UNIT (LENGTH_MEASURE( 1.000000000000000082E-05 ), #3852, 'distance_accuracy_value', 'NONE');
#3239 =( NAMED_UNIT ( * ) SI_UNIT ( $, .STERADIAN. ) SOLID_ANGLE_UNIT ( ) );
#3240 = AXIS2_PLACEMENT_3D ( 'NONE', #4365, #952, #467 ) ;
#3241 = CARTESIAN_POINT ( 'NONE',  ( -2.826116346121962497, -0.3802926393620035261, 2.593200000000003058 ) ) ;
#3242 = AXIS2_PLACEMENT_3D ( 'NONE', #4477, #940, #4061 ) ;
#3243 = CARTESIAN_POINT ( 'NONE',  ( -2.770871419565954064, -0.4306099366173332110, 0.0000000000000000000 ) ) ;
#3244 = COLOUR_RGB ( '',0.0000000000000000000, 0.0000000000000000000, 0.0000000000000000000 ) ;
#3245 = DIRECTION ( 'NONE',  ( -1.000000000000000000, -0.0000000000000000000, -0.0000000000000000000 ) ) ;
#3246 = EDGE_LOOP ( 'NONE', ( #1223, #1459, #3717, #1194 ) ) ;
#3247 = VECTOR ( 'NONE', #2048, 1000.000000000000000 ) ;
#3248 = DIRECTION ( 'NONE',  ( -1.000000000000000000, -0.0000000000000000000, -0.0000000000000000000 ) ) ;
#3249 = DIRECTION ( 'NONE',  ( 1.000000000000000000, 0.0000000000000000000, 0.0000000000000000000 ) ) ;
#3250 = EDGE_CURVE ( 'NONE', #2496, #237, #4293, .T. ) ;
#3251 = ORIENTED_EDGE ( 'NONE', *, *, #1655, .T. ) ;
#3252 = PLANE ( 'NONE',  #2345 ) ;
#3253 = VECTOR ( 'NONE', #1696, 1000.000000000000000 ) ;
#3254 = CARTESIAN_POINT ( 'NONE',  ( -1.738796490429361130, -0.6216544863650528274, 0.0000000000000000000 ) ) ;
#3255 = CARTESIAN_POINT ( 'NONE',  ( -17.07237392568151790, -2.123270045287784227E-15, 0.0000000000000000000 ) ) ;
#3256 = ORIENTED_EDGE ( 'NONE', *, *, #5013, .F. ) ;
#3257 = CARTESIAN_POINT ( 'NONE',  ( -5.251370413395612502, -0.5396715117169889053, 0.0000000000000000000 ) ) ;
#3258 = CARTESIAN_POINT ( 'NONE',  ( 0.7142771252724282594, -0.2774627395310559907, 0.0000000000000000000 ) ) ;
#3259 = EDGE_CURVE ( 'NONE', #237, #3007, #2278, .T. ) ;
#3260 = VERTEX_POINT ( 'NONE', #4770 ) ;
#3261 = TOROIDAL_SURFACE ( 'NONE', #4158, 1.250000000000001332, 0.5000000000000004441 ) ;
#3262 = CARTESIAN_POINT ( 'NONE',  ( -2.744862757039367107, -1.123185190854007143, 0.0000000000000000000 ) ) ;
#3263 = CARTESIAN_POINT ( 'NONE',  ( -5.304316226241757803, -1.489184849691242762, 2.148347352056795812E-19 ) ) ;
#3264 =( NAMED_UNIT ( * ) PLANE_ANGLE_UNIT ( ) SI_UNIT ( $, .RADIAN. ) );
#3265 = CARTESIAN_POINT ( 'NONE',  ( -0.8371921598975405887, -0.4255689794457686026, 0.0000000000000000000 ) ) ;
#3266 = ORIENTED_EDGE ( 'NONE', *, *, #186, .T. ) ;
#3267 = CARTESIAN_POINT ( 'NONE',  ( -1.015388180309259702, -1.487186913365773799, 2.593200000000003058 ) ) ;
#3268 = LINE ( 'NONE', #3774, #881 ) ;
#3269 = B_SPLINE_CURVE_WITH_KNOTS ( 'NONE', 3,
 ( #2522, #754, #5594, #2439, #3744, #3311, #3830, #5562 ),
 .UNSPECIFIED., .F., .F.,
 ( 4, 2, 2, 4 ),
 ( 1.961034768434684036E-06, 0.0001648203805969470899, 0.0002462500535112034390, 0.0003276797264254597609 ),
 .UNSPECIFIED. ) ;
#3270 = CARTESIAN_POINT ( 'NONE',  ( -3.117039022926266334, -0.6388874039802387994, 2.593200000000003058 ) ) ;
#3271 = CARTESIAN_POINT ( 'NONE',  ( -4.204840459183822432, -0.3138831304186903703, 2.086522796529808765 ) ) ;
#3272 = CARTESIAN_POINT ( 'NONE',  ( -2.746183423480178298, -0.3894057583166614656, 2.593200000000003058 ) ) ;
#3273 = EDGE_LOOP ( 'NONE', ( #855, #1617, #778, #928 ) ) ;
#3274 = DIRECTION ( 'NONE',  ( 1.000000000000000000, 0.0000000000000000000, 0.0000000000000000000 ) ) ;
#3275 = ORIENTED_EDGE ( 'NONE', *, *, #4192, .F. ) ;
#3276 = CARTESIAN_POINT ( 'NONE',  ( -4.706764316401435444, -0.6054182783518885502, 4.762539561707135955E-20 ) ) ;
#3277 = EDGE_CURVE ( 'NONE', #1631, #3109, #4377, .T. ) ;
#3278 = FACE_OUTER_BOUND ( 'NONE', #1245, .T. ) ;
#3279 = ORIENTED_EDGE ( 'NONE', *, *, #5331, .F. ) ;
#3280 = CARTESIAN_POINT ( 'NONE',  ( -2.158908717666178312, -1.115441267410711923, 1.791058563798850756 ) ) ;
#3281 = CARTESIAN_POINT ( 'NONE',  ( -0.5536794295741622740, -0.9277754250516659917, 1.871415721883355587 ) ) ;
#3282 = ORIENTED_EDGE ( 'NONE', *, *, #5210, .F. ) ;
#3283 = CARTESIAN_POINT ( 'NONE',  ( 0.7202903429404631241, -1.440363795116893719, 1.541898874023998944 ) ) ;
#3284 = DIRECTION ( 'NONE',  ( 1.000000000000000000, 1.224646799147353207E-16, -0.0000000000000000000 ) ) ;
#3285 = ADVANCED_FACE ( 'NONE', ( #2752 ), #816, .T. ) ;
#3286 = CARTESIAN_POINT ( 'NONE',  ( -1.120125973885442994, -1.454351559983623643, 0.0000000000000000000 ) ) ;
#3287 = CARTESIAN_POINT ( 'NONE',  ( -1.244889051026316418, -0.9282886883277764456, 0.0000000000000000000 ) ) ;
#3288 = CARTESIAN_POINT ( 'NONE',  ( -0.8356878987042444251, -0.3803294446897095837, 2.593200000000003058 ) ) ;
#3289 = ORIENTED_EDGE ( 'NONE', *, *, #1509, .T. ) ;
#3290 = ORIENTED_EDGE ( 'NONE', *, *, #117, .T. ) ;
#3291 = CARTESIAN_POINT ( 'NONE',  ( -1.102214342195698915, -1.474488900152012061, 0.0000000000000000000 ) ) ;
#3292 = DIRECTION ( 'NONE',  ( 0.0000000000000000000, -0.9998476951563912696, 0.01745240643728354982 ) ) ;
#3293 = CARTESIAN_POINT ( 'NONE',  ( -1.008342515920592986, -0.5166273805606023117, 0.0000000000000000000 ) ) ;
#3294 = CARTESIAN_POINT ( 'NONE',  ( -1.439589919771716575, -1.218748981412659083, 1.722425882383802564 ) ) ;
#3295 = B_SPLINE_CURVE_WITH_KNOTS ( 'NONE', 3,
 ( #5366, #1447, #5291, #3533, #963, #3564, #1417, #4034, #5265, #4433, #1394, #1876, #535, #2286, #3589, #3611 ),
 .UNSPECIFIED., .F., .F.,
 ( 4, 2, 2, 2, 2, 2, 2, 4 ),
 ( 0.0000000000000000000, 3.868550791475313652E-05, 7.737101582950627304E-05, 0.0001547420316590125461, 0.0002321130474885188056, 0.0003094840633180250922, 0.0004642260949770376111, 0.0006189681266360501843 ),
 .UNSPECIFIED. ) ;
#3296 = CARTESIAN_POINT ( 'NONE',  ( -4.701529324567319534, -1.104117309416108750, 6.580220753501264833E-20 ) ) ;
#3297 = VERTEX_POINT ( 'NONE', #1910 ) ;
#3298 = CARTESIAN_POINT ( 'NONE',  ( -5.179280456884207240, -0.7396546485862072196, 0.0000000000000000000 ) ) ;
#3299 = CARTESIAN_POINT ( 'NONE',  ( -5.379160677615923092, -0.7115728392492999266, 2.593200000000003058 ) ) ;
#3300 = ORIENTED_EDGE ( 'NONE', *, *, #2476, .F. ) ;
#3301 = CARTESIAN_POINT ( 'NONE',  ( -4.924882641703603348, -1.552409708401895072, 1.429029497425155615 ) ) ;
#3302 = CARTESIAN_POINT ( 'NONE',  ( -5.246514216877802284, -0.8766732511746259116, 0.8732552426068095341 ) ) ;
#3303 = CARTESIAN_POINT ( 'NONE',  ( -2.413803324280189511, -1.396986268844624401, 0.0000000000000000000 ) ) ;
#3304 = CARTESIAN_POINT ( 'NONE',  ( -0.4547857678668301706, -0.9282634918343719566, 1.894842180691435063 ) ) ;
#3305 = ORIENTED_EDGE ( 'NONE', *, *, #5234, .T. ) ;
#3306 = CARTESIAN_POINT ( 'NONE',  ( -2.703453953180086966, -1.087254512122281858, 1.784069190337640891E-19 ) ) ;
#3307 = CARTESIAN_POINT ( 'NONE',  ( -1.738796490429361130, -0.6216544863650528274, 0.0000000000000000000 ) ) ;
#3308 = ORIENTED_EDGE ( 'NONE', *, *, #479, .F. ) ;
#3309 = CARTESIAN_POINT ( 'NONE',  ( -2.623755569280723066, -0.7502909662873878949, 1.151232187994347909E-19 ) ) ;
#3310 = DIRECTION ( 'NONE',  ( 0.0000000000000000000, 1.000000000000000000, 0.0000000000000000000 ) ) ;
#3311 = CARTESIAN_POINT ( 'NONE',  ( -0.8879276507138860186, -1.550943843438293168, 1.430639061960171654 ) ) ;
#3312 = CARTESIAN_POINT ( 'NONE',  ( -1.028025762117066311, -1.384729657518158019, 2.593200000000003058 ) ) ;
#3313 =( NAMED_UNIT ( * ) SI_UNIT ( $, .STERADIAN. ) SOLID_ANGLE_UNIT ( ) );
#3314 = CARTESIAN_POINT ( 'NONE',  ( -2.789395096665256091, -1.155365453341479220, 0.2545901099357390507 ) ) ;
#3315 = ORIENTED_EDGE ( 'NONE', *, *, #5541, .T. ) ;
#3316 = ADVANCED_FACE ( 'NONE', ( #131 ), #5370, .T. ) ;
#3317 = CARTESIAN_POINT ( 'NONE',  ( -0.9663736619119852600, -1.559550355146524181, 0.0000000000000000000 ) ) ;
#3318 =( LENGTH_UNIT ( ) NAMED_UNIT ( * ) SI_UNIT ( .MILLI., .METRE. ) );
#3319 = FILL_AREA_STYLE ('',( #423 ) ) ;
#3320 = B_SPLINE_CURVE_WITH_KNOTS ( 'NONE', 3,
 ( #5470, #1694, #4386, #3883, #840, #808, #4300, #2573, #3458, #3962, #371, #3030 ),
 .UNSPECIFIED., .F., .F.,
 ( 4, 2, 2, 2, 2, 4 ),
 ( 3.671346589824124753E-06, 9.176206966050861008E-05, 0.0001798527927311930924, 0.0003560342388725624366, 0.0005322156850139318079, 0.0007083971311553013961 ),
 .UNSPECIFIED. ) ;
#3321 = EDGE_CURVE ( 'NONE', #4670, #488, #619, .T. ) ;
#3322 = AXIS2_PLACEMENT_3D ( 'NONE', #5287, #2669, #474 ) ;
#3323 = CIRCLE ( 'NONE', #427, 0.5000000000000004441 ) ;
#3324 = ORIENTED_EDGE ( 'NONE', *, *, #3416, .F. ) ;
#3325 = DIRECTION ( 'NONE',  ( -1.000000000000000000, -0.0000000000000000000, -0.0000000000000000000 ) ) ;
#3326 = FACE_OUTER_BOUND ( 'NONE', #4189, .T. ) ;
#3327 = CARTESIAN_POINT ( 'NONE',  ( -2.658978736500082540, -0.8633263614248664064, 1.925733814578699743 ) ) ;
#3328 = EDGE_LOOP ( 'NONE', ( #3200, #445, #3731, #968 ) ) ;
#3329 = AXIS2_PLACEMENT_3D ( 'NONE', #2126, #3853, #3055 ) ;
#3330 = VECTOR ( 'NONE', #4032, 1000.000000000000000 ) ;
#3331 = DIRECTION ( 'NONE',  ( 0.0000000000000000000, -0.9998476951563912696, 0.01745240643728354982 ) ) ;
#3332 = CARTESIAN_POINT ( 'NONE',  ( -4.743153491394401122, -0.5088264792465991837, 4.762539561707135955E-20 ) ) ;
#3333 = CARTESIAN_POINT ( 'NONE',  ( -3.189036507009326282, -0.6194655448063491887, 2.593200000000003058 ) ) ;
#3334 = STYLED_ITEM ( 'NONE', ( #3224 ), #4591 ) ;
#3335 = PRESENTATION_LAYER_ASSIGNMENT (  '', '', ( #5156 ) ) ;
#3336 = CARTESIAN_POINT ( 'NONE',  ( -5.307256218702516293, -0.6020378622139993530, 2.593200000000003058 ) ) ;
#3337 = ORIENTED_EDGE ( 'NONE', *, *, #2732, .T. ) ;
#3338 = CARTESIAN_POINT ( 'NONE',  ( -5.289103510841636435, -0.5306657996200407901, 2.042427182579781508 ) ) ;
#3339 = CARTESIAN_POINT ( 'NONE',  ( -0.4675242704820337658, -0.8572705285141651865, 2.593200000000003058 ) ) ;
#3340 = VERTEX_POINT ( 'NONE', #2525 ) ;
#3341 = CARTESIAN_POINT ( 'NONE',  ( -4.773596622525616340, -0.2957853731895726535, 3.529904119173037149E-21 ) ) ;
#3342 = CARTESIAN_POINT ( 'NONE',  ( -0.6561448727325482899, -1.334293119427512719, 0.0000000000000000000 ) ) ;
#3343 = CARTESIAN_POINT ( 'NONE',  ( -0.8476554344152790188, -1.474674174528395776, 2.593200000000003058 ) ) ;
#3344 = AXIS2_PLACEMENT_3D ( 'NONE', #809, #404, #5161 ) ;
#3345 = CARTESIAN_POINT ( 'NONE',  ( 2.679159658726035786, -2.123270045287784227E-15, 0.0000000000000000000 ) ) ;
#3346 = CARTESIAN_POINT ( 'NONE',  ( -4.241205706438484491, -1.561566938346000688, 0.003159176617159132477 ) ) ;
#3347 = ORIENTED_EDGE ( 'NONE', *, *, #1542, .T. ) ;
#3348 = CARTESIAN_POINT ( 'NONE',  ( -1.738796490429361130, -1.248814037023710855, 0.0000000000000000000 ) ) ;
#3349 = CARTESIAN_POINT ( 'NONE',  ( -2.585850516740558991, -0.3359011543044296277, 2.199675876008892974E-19 ) ) ;
#3350 = EDGE_CURVE ( 'NONE', #1512, #1059, #3863, .T. ) ;
#3351 = PLANE ( 'NONE',  #1240 ) ;
#3352 = CARTESIAN_POINT ( 'NONE',  ( -17.07237392568151790, -1.536377666547909415, 1.446251591436572115 ) ) ;
#3353 = EDGE_CURVE ( 'NONE', #2384, #1022, #5535, .T. ) ;
#3354 = CARTESIAN_POINT ( 'NONE',  ( -0.5878139855829680460, -0.8231727938394390875, 4.328710526699272534E-20 ) ) ;
#3355 = CARTESIAN_POINT ( 'NONE',  ( -4.096358893762895192, -0.3894375332127473777, 2.073749842127826426 ) ) ;
#3356 = LINE ( 'NONE', #1193, #4680 ) ;
#3357 = FILL_AREA_STYLE_COLOUR ( '', #4129 ) ;
#3358 = VERTEX_POINT ( 'NONE', #2495 ) ;
#3359 = CARTESIAN_POINT ( 'NONE',  ( -3.089013476329383945, -1.420648200319235777, 1.355591146290147098 ) ) ;
#3360 = FACE_OUTER_BOUND ( 'NONE', #1209, .T. ) ;
#3361 = CARTESIAN_POINT ( 'NONE',  ( -0.8332995181904455650, -1.429913431471494079, 0.0000000000000000000 ) ) ;
#3362 = CARTESIAN_POINT ( 'NONE',  ( -0.9461124012820251172, -0.4560364467326699089, 4.230571947171311365E-20 ) ) ;
#3363 = VERTEX_POINT ( 'NONE', #2553 ) ;
#3364 = CARTESIAN_POINT ( 'NONE',  ( 2.622817477216904614, -2.123270045287784227E-15, 0.0000000000000000000 ) ) ;
#3365 = FACE_OUTER_BOUND ( 'NONE', #1561, .T. ) ;
#3366 = EDGE_LOOP ( 'NONE', ( #2122, #3890, #3404, #2204 ) ) ;
#3367 = DIRECTION ( 'NONE',  ( 0.0000000000000000000, 0.9998476951563912696, 0.01745240643728355329 ) ) ;
#3368 = CARTESIAN_POINT ( 'NONE',  ( -2.828971240357581518, -0.3894274641738170173, 2.073751733006427678 ) ) ;
#3369 = CARTESIAN_POINT ( 'NONE',  ( -0.8593904937964570445, -1.428766995498385706, 0.0000000000000000000 ) ) ;
#3370 = DIRECTION ( 'NONE',  ( -1.000000000000000000, -0.0000000000000000000, -0.0000000000000000000 ) ) ;
#3371 = VERTEX_POINT ( 'NONE', #5108 ) ;
#3372 = CARTESIAN_POINT ( 'NONE',  ( -5.235234292722329208, -0.7343935177379070645, 1.594191047463795030 ) ) ;
#3373 = DIRECTION ( 'NONE',  ( 0.0000000000000000000, 0.0000000000000000000, -1.000000000000000000 ) ) ;
#3374 = CARTESIAN_POINT ( 'NONE',  ( 2.624800446169661239, -2.127746763502802452E-15, 0.0000000000000000000 ) ) ;
#3375 = CARTESIAN_POINT ( 'NONE',  ( -4.095814293437424425, -0.5555778324229436738, 2.042549710377480121 ) ) ;
#3376 = CARTESIAN_POINT ( 'NONE',  ( -1.134965176824229927, -1.337241231257957130, 2.593200000000003058 ) ) ;
#3377 = CARTESIAN_POINT ( 'NONE',  ( -3.421575012660480031, -0.3138831304186902038, 2.086522796529808765 ) ) ;
#3378 = CARTESIAN_POINT ( 'NONE',  ( 0.6648863813321239657, -0.8207609228744052743, 0.0000000000000000000 ) ) ;
#3379 = CARTESIAN_POINT ( 'NONE',  ( -4.671884224361793514, -1.166210099883078000, 6.580220753501264833E-20 ) ) ;
#3380 = CARTESIAN_POINT ( 'NONE',  ( -4.982276159024508821, -0.9326051843915535988, 2.593200000000003058 ) ) ;
#3381 = EDGE_CURVE ( 'NONE', #2464, #757, #351, .T. ) ;
#3382 = DIRECTION ( 'NONE',  ( 0.0000000000000000000, 0.0000000000000000000, -1.000000000000000000 ) ) ;
#3383 = CARTESIAN_POINT ( 'NONE',  ( 0.6648863813321239657, -0.8207609228744052743, 0.0000000000000000000 ) ) ;
#3384 = FACE_OUTER_BOUND ( 'NONE', #3020, .T. ) ;
#3385 = CARTESIAN_POINT ( 'NONE',  ( -2.625986030274007454, -0.8241607488196163178, 1.942979083092652326 ) ) ;
#3386 = VERTEX_POINT ( 'NONE', #265 ) ;
#3387 = EDGE_CURVE ( 'NONE', #3085, #4337, #4026, .T. ) ;
#3388 = CARTESIAN_POINT ( 'NONE',  ( -2.472801010444354297, -0.5446724801317490705, 2.038921953735076897 ) ) ;
#3389 = ADVANCED_FACE ( 'NONE', ( #2980, #2890 ), #731, .F. ) ;
#3390 = CARTESIAN_POINT ( 'NONE',  ( 8.758599534877252069, -9.999999999999998224, 0.0000000000000000000 ) ) ;
#3391 = CARTESIAN_POINT ( 'NONE',  ( -0.8332903034374694595, -1.452196664627016798, 1.275699734864179868 ) ) ;
#3392 = CARTESIAN_POINT ( 'NONE',  ( -5.215956312518400750, -0.7142621312531238775, 0.0000000000000000000 ) ) ;
#3393 = ORIENTED_EDGE ( 'NONE', *, *, #1411, .F. ) ;
#3394 = CARTESIAN_POINT ( 'NONE',  ( -5.137829746693636679, -0.3813960900214453109, 2.075650315009188063 ) ) ;
#3395 = CARTESIAN_POINT ( 'NONE',  ( -0.5234287911806178029, -0.4354280419366577393, 0.0000000000000000000 ) ) ;
#3396 = ORIENTED_EDGE ( 'NONE', *, *, #2407, .F. ) ;
#3397 = B_SPLINE_CURVE_WITH_KNOTS ( 'NONE', 3,
 ( #3914, #3514, #5248, #4812, #2294, #2710, #2790, #4919, #1004, #4837 ),
 .UNSPECIFIED., .F., .F.,
 ( 4, 3, 3, 4 ),
 ( 6.684720341248851840E-07, 5.850047684176340728E-05, 0.0001056971583379653803, 0.0001160632354484348271 ),
 .UNSPECIFIED. ) ;
#3398 = EDGE_CURVE ( 'NONE', #5167, #3880, #4323, .T. ) ;
#3399 = CARTESIAN_POINT ( 'NONE',  ( -4.521141732399845736, -0.6396615284266221613, 0.0000000000000000000 ) ) ;
#3400 = B_SPLINE_SURFACE_WITH_KNOTS ( 'NONE', 1, 3, ( 
 ( #3180, #1853, #1470, #3206, #4931, #3147, #4879, #996, #4907, #2749, #4479, #584, #4958, #1498, #3664 ),
 ( #4506, #5390, #3230, #616, #1071, #2360, #4085, #180, #1933, #1291, #1775, #3380, #363, #5544, #800 ) ),
 .UNSPECIFIED., .F., .F., .F.,
 ( 2, 2 ),
 ( 4, 3, 2, 2, 2, 2, 4 ),
 ( 0.0000000000000000000, 1.000000000000000000 ),
 ( -0.01000000000000000021, 0.0000000000000000000, 0.06250000000000000000, 0.1250000000000000000, 0.2500000000000000000, 0.5000000000000000000, 1.000000000000000000 ),
 .UNSPECIFIED. ) ;
#3401 = CARTESIAN_POINT ( 'NONE',  ( -1.409524864160664581, -1.084178223889362691, 0.0000000000000000000 ) ) ;
#3402 = CARTESIAN_POINT ( 'NONE',  ( -0.5414221974853496988, -0.9802161190969713722, 2.593200000000003058 ) ) ;
#3403 = PRESENTATION_STYLE_ASSIGNMENT (( #4669 ) ) ;
#3404 = ORIENTED_EDGE ( 'NONE', *, *, #3497, .F. ) ;
#3405 = CARTESIAN_POINT ( 'NONE',  ( -4.624050910501057210, -1.204769063893626591, 2.593200000000003058 ) ) ;
#3406 = CARTESIAN_POINT ( 'NONE',  ( -5.239385559198906250, -0.7387285355464432435, 1.937479015017858686 ) ) ;
#3407 = CARTESIAN_POINT ( 'NONE',  ( -2.442193441912524410, -0.5335112574480610492, 2.199675876008892974E-19 ) ) ;
#3408 = CARTESIAN_POINT ( 'NONE',  ( -1.574160677295012745, -0.2939263208444906628, 0.0000000000000000000 ) ) ;
#3409 = FACE_OUTER_BOUND ( 'NONE', #2214, .T. ) ;
#3410 = CARTESIAN_POINT ( 'NONE',  ( 0.6780796871332060993, -0.3894375332127472111, 2.073749842127825982 ) ) ;
#3411 = CARTESIAN_POINT ( 'NONE',  ( -3.193650751125591825, -1.462817892167418643, 2.593200000000003058 ) ) ;
#3412 = CARTESIAN_POINT ( 'NONE',  ( -4.770438103768511517, -1.048056278736130720, 6.580220753501264833E-20 ) ) ;
#3413 = CARTESIAN_POINT ( 'NONE',  ( -0.8331576007798529027, -1.556740266017442975, 1.222609522185063469 ) ) ;
#3414 = PRESENTATION_LAYER_ASSIGNMENT (  '', '', ( #779 ) ) ;
#3415 = CARTESIAN_POINT ( 'NONE',  ( -1.064703921414668519, -0.5246372720778816889, 2.593200000000003058 ) ) ;
#3416 = EDGE_CURVE ( 'NONE', #811, #2242, #1924, .T. ) ;
#3417 = CARTESIAN_POINT ( 'NONE',  ( -1.178563363262478569, -0.6027214991957211554, 2.023155437965255210 ) ) ;
#3418 = CARTESIAN_POINT ( 'NONE',  ( -4.635796871328714985, -0.4441514419257284185, 2.593200000000003058 ) ) ;
#3419 = ORIENTED_EDGE ( 'NONE', *, *, #216, .F. ) ;
#3420 = ORIENTED_EDGE ( 'NONE', *, *, #3700, .T. ) ;
#3421 = LINE ( 'NONE', #5618, #1961 ) ;
#3422 = VECTOR ( 'NONE', #5177, 1000.000000000000000 ) ;
#3423 = PLANE ( 'NONE',  #243 ) ;
#3424 = CARTESIAN_POINT ( 'NONE',  ( -4.954596959167623105, -1.578085663292407625, 0.0000000000000000000 ) ) ;
#3425 = CARTESIAN_POINT ( 'NONE',  ( -4.731962519924695521, -0.4492437507677894404, 2.593200000000003058 ) ) ;
#3426 = EDGE_CURVE ( 'NONE', #1971, #255, #835, .T. ) ;
#3427 = CARTESIAN_POINT ( 'NONE',  ( -1.211811710973212053, -0.9281982245085975691, 1.894874153082231505 ) ) ;
#3428 = EDGE_LOOP ( 'NONE', ( #492, #4111, #1423, #2753 ) ) ;
#3429 = VECTOR ( 'NONE', #2054, 1000.000000000000000 ) ;
#3430 = AXIS2_PLACEMENT_3D ( 'NONE', #4929, #1903, #3145 ) ;
#3431 = DIRECTION ( 'NONE',  ( 1.000000000000000000, 0.0000000000000000000, 0.0000000000000000000 ) ) ;
#3432 = CARTESIAN_POINT ( 'NONE',  ( -0.7060268848700465005, -0.3425466307198707927, 2.593200000000003058 ) ) ;
#3433 = ORIENTED_EDGE ( 'NONE', *, *, #793, .F. ) ;
#3434 = CARTESIAN_POINT ( 'NONE',  ( -4.494257987192092685, -1.129633161772896077, -4.580658754754668732E-20 ) ) ;
#3435 = PRESENTATION_LAYER_ASSIGNMENT (  '', '', ( #153 ) ) ;
#3436 = COLOUR_RGB ( '',0.7803921568627451011, 0.7607843137254901578, 0.7411764705882353255 ) ;
#3437 = CARTESIAN_POINT ( 'NONE',  ( -2.614227797959204569, -0.4782141856705558469, 2.055228029759646358 ) ) ;
#3438 = CARTESIAN_POINT ( 'NONE',  ( -0.8309357962422775357, -1.475297464117333757, 2.593200000000003058 ) ) ;
#3439 = EDGE_CURVE ( 'NONE', #3644, #1234, #5249, .T. ) ;
#3440 = FILL_AREA_STYLE_COLOUR ( '', #615 ) ;
#3441 = VERTEX_POINT ( 'NONE', #3065 ) ;
#3442 = CARTESIAN_POINT ( 'NONE',  ( -4.624003041589809015, -1.205795549119287990, 2.593200000000003058 ) ) ;
#3443 = CARTESIAN_POINT ( 'NONE',  ( -0.5052789271827500261, -1.388799796330974612, -3.632736160938781104E-20 ) ) ;
#3444 = CARTESIAN_POINT ( 'NONE',  ( -5.189629040682497418, -1.363361634370669595, 2.391702549246664028E-19 ) ) ;
#3445 = CARTESIAN_POINT ( 'NONE',  ( -5.320107155199486293, -1.126956925972290691, 0.5643943174414792763 ) ) ;
#3446 = CARTESIAN_POINT ( 'NONE',  ( -4.240869831583108152, -0.2778537580194048173, 0.02240143419440112152 ) ) ;
#3447 = CARTESIAN_POINT ( 'NONE',  ( -3.421352059912067478, -0.3894375332127474332, 2.073749842127825982 ) ) ;
#3448 = DIRECTION ( 'NONE',  ( 0.9998476951563912696, 0.0000000000000000000, 0.01745240643728354982 ) ) ;
#3449 = ORIENTED_EDGE ( 'NONE', *, *, #2322, .F. ) ;
#3450 = DIRECTION ( 'NONE',  ( 0.0000000000000000000, -0.01745240643728354635, 0.9998476951563911586 ) ) ;
#3451 = CARTESIAN_POINT ( 'NONE',  ( -0.8331814790311756758, -1.560330070741332786, 1.016995092746216800 ) ) ;
#3452 =( GEOMETRIC_REPRESENTATION_CONTEXT ( 3 ) GLOBAL_UNCERTAINTY_ASSIGNED_CONTEXT ( ( #972 ) ) GLOBAL_UNIT_ASSIGNED_CONTEXT ( ( #2228, #966, #480 ) ) REPRESENTATION_CONTEXT ( 'NONE', 'WORKASPACE' ) );
#3453 = CARTESIAN_POINT ( 'NONE',  ( -1.077257210471021187, -0.7858024870409495710, 0.0000000000000000000 ) ) ;
#3454 = DIRECTION ( 'NONE',  ( 0.0000000000000000000, 1.000000000000000000, 0.0000000000000000000 ) ) ;
#3455 = CARTESIAN_POINT ( 'NONE',  ( -4.998336267338601147, -0.3062517547254923755, 2.593200000000003058 ) ) ;
#3456 = ORIENTED_EDGE ( 'NONE', *, *, #1392, .F. ) ;
#3457 = CARTESIAN_POINT ( 'NONE',  ( -3.041991848770936979, -1.396986268844624401, 0.0000000000000000000 ) ) ;
#3458 = CARTESIAN_POINT ( 'NONE',  ( -0.5624366890591688817, -0.7090595874487531924, 1.988178996315638214 ) ) ;
#3459 = CARTESIAN_POINT ( 'NONE',  ( -4.800557071238200635, -0.3988115650697026671, 2.593200000000003058 ) ) ;
#3460 = ORIENTED_EDGE ( 'NONE', *, *, #1134, .T. ) ;
#3461 = CARTESIAN_POINT ( 'NONE',  ( -5.261415639802096145, -1.514775523011407721, 0.0000000000000000000 ) ) ;
#3462 = VERTEX_POINT ( 'NONE', #5629 ) ;
#3463 = CARTESIAN_POINT ( 'NONE',  ( -4.608779209587922310, -0.9464808614541567744, -4.580658754754668732E-20 ) ) ;
#3464 = EDGE_CURVE ( 'NONE', #3363, #1702, #977, .T. ) ;
#3465 = CARTESIAN_POINT ( 'NONE',  ( -4.894079729224041664, -1.425406523104895129, -7.684581296706453857E-20 ) ) ;
#3466 = CARTESIAN_POINT ( 'NONE',  ( -0.4217099853545748789, -0.9282886883277764456, 0.0000000000000000000 ) ) ;
#3467 = CARTESIAN_POINT ( 'NONE',  ( -5.322143905889606508, -0.3572450634560895844, 1.306159568464606993E-19 ) ) ;
#3468 = LINE ( 'NONE', #5310, #1500 ) ;
#3469 = CARTESIAN_POINT ( 'NONE',  ( -2.413803324280189511, -1.561622081978972565, 0.0000000000000000000 ) ) ;
#3470 = CARTESIAN_POINT ( 'NONE',  ( -17.07237392568151790, -0.3894375332127474332, 2.073749842127825982 ) ) ;
#3471 = CARTESIAN_POINT ( 'NONE',  ( -1.021624457431226762, -0.5026528982432505455, 1.094919839753228930 ) ) ;
#3472 = ADVANCED_FACE ( 'NONE', ( #530 ), #2613, .T. ) ;
#3473 = APPLICATION_PROTOCOL_DEFINITION ( 'draft international standard', 'automotive_design', 1998, #2673 ) ;
#3474 = FACE_OUTER_BOUND ( 'NONE', #1993, .T. ) ;
#3475 = VERTEX_POINT ( 'NONE', #4343 ) ;
#3476 = DIRECTION ( 'NONE',  ( 1.000000000000000000, 0.0000000000000000000, 0.0000000000000000000 ) ) ;
#3477 = CARTESIAN_POINT ( 'NONE',  ( -4.091090990506625502, -1.171551984713291139, 1.771951866701563683 ) ) ;
#3478 = CARTESIAN_POINT ( 'NONE',  ( -1.080253237891968254, -0.9277742014117317249, 0.0000000000000000000 ) ) ;
#3479 = CARTESIAN_POINT ( 'NONE',  ( -5.356322223501115865, -1.122609440968965755, 2.593200000000003058 ) ) ;
#3480 = CARTESIAN_POINT ( 'NONE',  ( -4.800813073672165920, -0.2871812720630533278, 0.0000000000000000000 ) ) ;
#3481 = ORIENTED_EDGE ( 'NONE', *, *, #1190, .T. ) ;
#3482 = CARTESIAN_POINT ( 'NONE',  ( -3.247101962189022917, -1.484573187003236816, 0.0000000000000000000 ) ) ;
#3483 = CARTESIAN_POINT ( 'NONE',  ( 2.686101209246400945, -2.168404344971008868E-15, 0.0000000000000000000 ) ) ;
#3484 = B_SPLINE_CURVE_WITH_KNOTS ( 'NONE', 3,
 ( #1945, #3677, #4626, #738, #3816, #5121, #5517, #5548, #1629, #1544 ),
 .UNSPECIFIED., .F., .F.,
 ( 4, 3, 3, 4 ),
 ( 8.726064474469601530E-05, 0.0003554144500297504671, 0.001066243350089250697, 0.002161329455002745578 ),
 .UNSPECIFIED. ) ;
#3485 = CARTESIAN_POINT ( 'NONE',  ( -4.705118528045963089, -0.4833190379969726780, 2.593200000000003058 ) ) ;
#3486 = CARTESIAN_POINT ( 'NONE',  ( -1.604225732906064739, -1.218748981412659083, 1.722425882383802564 ) ) ;
#3487 = VERTEX_POINT ( 'NONE', #47 ) ;
#3488 = DIRECTION ( 'NONE',  ( 0.0000000000000000000, -0.01745240643728354635, -0.9998476951563911586 ) ) ;
#3489 = CARTESIAN_POINT ( 'NONE',  ( -5.477556704754885430, -1.232458344497029179, 0.0000000000000000000 ) ) ;
#3490 = VERTEX_POINT ( 'NONE', #4398 ) ;
#3491 = CARTESIAN_POINT ( 'NONE',  ( -4.925407194731886484, -1.474463511631288082, 2.593200000000003058 ) ) ;
#3492 = CARTESIAN_POINT ( 'NONE',  ( -1.025703920653714851, -0.3233668834634677580, 0.0000000000000000000 ) ) ;
#3493 = CARTESIAN_POINT ( 'NONE',  ( -0.4846389513012642758, -1.173485639359624244, 2.593200000000003058 ) ) ;
#3494 = CARTESIAN_POINT ( 'NONE',  ( -0.8332995181904455650, -1.429913431471494079, 0.0000000000000000000 ) ) ;
#3495 = ORIENTED_EDGE ( 'NONE', *, *, #4629, .T. ) ;
#3496 = CARTESIAN_POINT ( 'NONE',  ( -1.003187898205902373, -0.5090617936627215290, 0.0000000000000000000 ) ) ;
#3497 = EDGE_CURVE ( 'NONE', #172, #1022, #451, .T. ) ;
#3498 = CARTESIAN_POINT ( 'NONE',  ( -5.340846218948212432, -0.4408081755087627784, 2.593200000000003058 ) ) ;
#3499 = B_SPLINE_CURVE_WITH_KNOTS ( 'NONE', 3,
 ( #2951, #5144, #5515, #760, #3903, #2896, #5183, #2533, #1253, #4714 ),
 .UNSPECIFIED., .F., .F.,
 ( 4, 2, 2, 2, 4 ),
 ( 4.102317665828770609E-06, 0.0001001273688437848998, 0.0001961524200217410223, 0.0003882025223776525624, 0.0007723027270894751006 ),
 .UNSPECIFIED. ) ;
#3500 = CARTESIAN_POINT ( 'NONE',  ( -4.808427409017820509, -0.8822095048131395334, 1.917106561523364672 ) ) ;
#3501 = B_SPLINE_SURFACE_WITH_KNOTS ( 'NONE', 1, 3, ( 
 ( #3190, #4539, #1917, #2346, #4464, #1858, #1080, #677, #568, #4042, #4917, #1108, #4017, #2314, #1027, #166, #3650, #110, #4941, #5322, #5433, #3243, #2759, #1429, #4489, #5351, #1052, #627 ),
 ( #2814, #594, #4517, #5379, #1540, #3162, #4891, #1003, #5402, #1943, #2733, #1482, #2369, #3699, #1507, #135, #4970, #4094, #190, #648, #3272, #2390, #2840, #4565, #4116, #1888, #214, #3625 ) ),
 .UNSPECIFIED., .F., .F., .F.,
 ( 2, 2 ),
 ( 4, 3, 2, 2, 2, 2, 2, 2, 2, 2, 2, 3, 4 ),
 ( 0.0000000000000000000, 1.000000000000000000 ),
 ( -0.009999999999999998473, 0.0000000000000000000, 0.1249999999999999861, 0.1874999999999999722, 0.2499999999999999722, 0.3749999999999999445, 0.4999999999999999445, 0.5624999999999998890, 0.6249999999999998890, 0.7499999999999998890, 0.8749999999999998890, 0.9999999999999998890, 1.009999999999999787 ),
 .UNSPECIFIED. ) ;
#3502 = CARTESIAN_POINT ( 'NONE',  ( -4.530191655360600755, -1.034799031032221039, 0.0000000000000000000 ) ) ;
#3503 = ORIENTED_EDGE ( 'NONE', *, *, #178, .F. ) ;
#3504 = EDGE_CURVE ( 'NONE', #3260, #4333, #908, .T. ) ;
#3505 = CYLINDRICAL_SURFACE ( 'NONE', #5514, 0.5000000000000004441 ) ;
#3506 = DIRECTION ( 'NONE',  ( -1.000000000000000000, -0.0000000000000000000, -0.0000000000000000000 ) ) ;
#3507 = B_SPLINE_CURVE_WITH_KNOTS ( 'NONE', 3,
 ( #2959, #4687, #807, #4268, #370, #2124 ),
 .UNSPECIFIED., .F., .F.,
 ( 4, 2, 4 ),
 ( 2.497371371453648002E-06, 0.0002211801005408185023, 0.0004398628297101833283 ),
 .UNSPECIFIED. ) ;
#3508 = DIRECTION ( 'NONE',  ( 0.0000000000000000000, 0.0000000000000000000, 1.000000000000000000 ) ) ;
#3509 = EDGE_CURVE ( 'NONE', #5190, #172, #2222, .T. ) ;
#3510 = CARTESIAN_POINT ( 'NONE',  ( -2.828986745111271794, -0.4138099112268311952, 0.6772694569048287594 ) ) ;
#3511 = CARTESIAN_POINT ( 'NONE',  ( -5.397382447537677486, -0.6261594062898881985, 2.593200000000003058 ) ) ;
#3512 = ORIENTED_EDGE ( 'NONE', *, *, #395, .T. ) ;
#3513 = CARTESIAN_POINT ( 'NONE',  ( -2.458998671639530453, -0.6318143708660041158, 1.645599968234055854 ) ) ;
#3514 = CARTESIAN_POINT ( 'NONE',  ( -3.215543052435537064, -1.469563062992328639, 1.514211067636995312 ) ) ;
#3515 = CIRCLE ( 'NONE', #4135, 0.5000000000000004441 ) ;
#3516 = CARTESIAN_POINT ( 'NONE',  ( -1.707533446908011898, -1.115441267410711923, 1.791058563798850090 ) ) ;
#3517 = DIRECTION ( 'NONE',  ( 0.0000000000000000000, 0.0000000000000000000, 1.000000000000000000 ) ) ;
#3518 = ORIENTED_EDGE ( 'NONE', *, *, #5171, .F. ) ;
#3519 = CARTESIAN_POINT ( 'NONE',  ( -0.8332995181904455650, -0.2774627395310559907, 0.0000000000000000000 ) ) ;
#3520 = CARTESIAN_POINT ( 'NONE',  ( -5.216497014267392096, -1.536590036598824316, 0.0000000000000000000 ) ) ;
#3521 = VERTEX_POINT ( 'NONE', #1389 ) ;
#3522 = VECTOR ( 'NONE', #2676, 1000.000000000000227 ) ;
#3523 = CIRCLE ( 'NONE', #1140, 0.5000000000000004441 ) ;
#3524 = CARTESIAN_POINT ( 'NONE',  ( -4.708123565936172206, -1.392636532702079322, 2.593200000000003058 ) ) ;
#3525 = B_SPLINE_CURVE_WITH_KNOTS ( 'NONE', 3,
 ( #4863, #3598, #1514, #220, #2321, #3655, #4976, #4077, #1973, #2795 ),
 .UNSPECIFIED., .F., .F.,
 ( 4, 2, 2, 2, 4 ),
 ( 1.287983017960305931E-06, 8.377690120350048911E-05, 0.0001662658193890406894, 0.0002487547375745808491, 0.0003312436557601210630 ),
 .UNSPECIFIED. ) ;
#3526 = CARTESIAN_POINT ( 'NONE',  ( -4.962571506366317386, -1.429913431471494079, 0.0000000000000000000 ) ) ;
#3527 =( NAMED_UNIT ( * ) SI_UNIT ( $, .STERADIAN. ) SOLID_ANGLE_UNIT ( ) );
#3528 = CARTESIAN_POINT ( 'NONE',  ( -0.01012045251870416669, -0.4256349713519693712, 0.0000000000000000000 ) ) ;
#3529 = CARTESIAN_POINT ( 'NONE',  ( -1.042747606469826671, -0.5940639276893482368, 0.0000000000000000000 ) ) ;
#3530 = CARTESIAN_POINT ( 'NONE',  ( -5.417388982423258170, -0.4832326609140373819, 0.0000000000000000000 ) ) ;
#3531 =( GEOMETRIC_REPRESENTATION_CONTEXT ( 3 ) GLOBAL_UNCERTAINTY_ASSIGNED_CONTEXT ( ( #623 ) ) GLOBAL_UNIT_ASSIGNED_CONTEXT ( ( #900, #5221, #929 ) ) REPRESENTATION_CONTEXT ( 'NONE', 'WORKASPACE' ) );
#3532 = AXIS2_PLACEMENT_3D ( 'NONE', #1766, #2224, #2586 ) ;
#3533 = CARTESIAN_POINT ( 'NONE',  ( -0.7815372614749925839, -1.424104139522909263, 2.001454675372553567E-20 ) ) ;
#3534 = DIRECTION ( 'NONE',  ( 1.000000000000000000, 0.0000000000000000000, 0.0000000000000000000 ) ) ;
#3535 =( GEOMETRIC_REPRESENTATION_CONTEXT ( 3 ) GLOBAL_UNCERTAINTY_ASSIGNED_CONTEXT ( ( #858 ) ) GLOBAL_UNIT_ASSIGNED_CONTEXT ( ( #607, #2398, #3659 ) ) REPRESENTATION_CONTEXT ( 'NONE', 'WORKASPACE' ) );
#3536 =( GEOMETRIC_REPRESENTATION_CONTEXT ( 3 ) GLOBAL_UNCERTAINTY_ASSIGNED_CONTEXT ( ( #5397 ) ) GLOBAL_UNIT_ASSIGNED_CONTEXT ( ( #2019, #1583, #3313 ) ) REPRESENTATION_CONTEXT ( 'NONE', 'WORKASPACE' ) );
#3537 = CARTESIAN_POINT ( 'NONE',  ( -4.571136163692548493, -0.9807240211327737933, 0.0000000000000000000 ) ) ;
#3538 = ORIENTED_EDGE ( 'NONE', *, *, #5414, .T. ) ;
#3539 = CARTESIAN_POINT ( 'NONE',  ( -4.648076640907711443, -1.274120079099556158, 1.682350280367734152 ) ) ;
#3540 = CARTESIAN_POINT ( 'NONE',  ( -2.961565468635884102, -1.245951890408942164, 2.593200000000003058 ) ) ;
#3541 = ADVANCED_FACE ( 'NONE', ( #75 ), #959, .T. ) ;
#3542 = CARTESIAN_POINT ( 'NONE',  ( -2.825219849259867022, -0.4255484518741097788, 0.0000000000000000000 ) ) ;
#3543 = CIRCLE ( 'NONE', #3165, 0.1000000000000002554 ) ;
#3544 = CARTESIAN_POINT ( 'NONE',  ( -5.215415511805056248, -1.400753147251672548, 2.593200000000003058 ) ) ;
#3545 = CARTESIAN_POINT ( 'NONE',  ( -4.684558860093350319, -0.3397902376336949248, 0.0000000000000000000 ) ) ;
#3546 = EDGE_LOOP ( 'NONE', ( #1569, #4327, #5361, #869 ) ) ;
#3547 = EDGE_CURVE ( 'NONE', #4603, #4743, #5329, .T. ) ;
#3548 = CARTESIAN_POINT ( 'NONE',  ( -4.990096556374717274, -0.4091713900385345881, 0.0000000000000000000 ) ) ;
#3549 = DIRECTION ( 'NONE',  ( 0.0000000000000000000, 0.0000000000000000000, 1.000000000000000000 ) ) ;
#3550 = EDGE_LOOP ( 'NONE', ( #5278, #1848, #3290 ) ) ;
#3551 = CARTESIAN_POINT ( 'NONE',  ( -2.828994265528374186, -0.4256349713519693712, 0.0000000000000000000 ) ) ;
#3552 = CARTESIAN_POINT ( 'NONE',  ( -5.345616199816471514, -1.393514293890826705, 2.593200000000003058 ) ) ;
#3553 = ORIENTED_EDGE ( 'NONE', *, *, #3992, .F. ) ;
#3554 = SURFACE_SIDE_STYLE ('',( #933 ) ) ;
#3555 = B_SPLINE_CURVE_WITH_KNOTS ( 'NONE', 3,
 ( #3424, #4131, #1471, #4989, #2380, #560, #4107, #3263, #1097, #2806, #2335, #4480, #4508, #1954, #181, #203, #4035, #1934, #1877, #1017 ),
 .UNSPECIFIED., .F., .F.,
 ( 4, 2, 2, 2, 2, 2, 2, 2, 2, 4 ),
 ( 0.0000000000000000000, 0.0001984929037255758560, 0.0002977393555883638110, 0.0003473625815197577344, 0.0003969858074511517119, 0.0004962322593139396670, 0.0005954787111767276221, 0.0006451019371081215996, 0.0006947251630395154687, 0.0007939716149023034238 ),
 .UNSPECIFIED. ) ;
#3556 = B_SPLINE_SURFACE_WITH_KNOTS ( 'NONE', 1, 3, ( 
 ( #3111, #2274, #930, #1787, #3520, #3461, #2637, #1842, #3576, #4000, #443, #2190, #3006, #94, #16, #5255, #3489, #4730, #5222, #4366 ),
 ( #845, #4306, #468, #2663, #2241, #1328, #2216, #3943, #41, #1818, #3552, #1007, #1086, #3220, #4923, #3134, #4023, #4493, #549, #3678 ) ),
 .UNSPECIFIED., .F., .F., .F.,
 ( 2, 2 ),
 ( 4, 2, 2, 2, 2, 2, 2, 2, 2, 4 ),
 ( 0.0000000000000000000, 1.000000000000000000 ),
 ( 0.0000000000000000000, 0.2499999999999999722, 0.3749999999999999445, 0.4374999999999999445, 0.4999999999999999445, 0.6249999999999998890, 0.7499999999999998890, 0.8124999999999998890, 0.8749999999999998890, 0.9999999999999998890 ),
 .UNSPECIFIED. ) ;
#3557 = CARTESIAN_POINT ( 'NONE',  ( -1.074648434435222510, -0.4216458934688657179, 2.593200000000003058 ) ) ;
#3558 = CARTESIAN_POINT ( 'NONE',  ( -0.6376759640903272297, -1.476521028323412921, 2.593200000000003058 ) ) ;
#3559 = CARTESIAN_POINT ( 'NONE',  ( -4.765266425417204132, -0.4809396848408515890, 0.0000000000000000000 ) ) ;
#3560 = CARTESIAN_POINT ( 'NONE',  ( -0.8976291403338180208, -1.420325772176055379, 9.193313190974646717E-20 ) ) ;
#3561 = CARTESIAN_POINT ( 'NONE',  ( -4.898542393603192657, -1.576577686494282649, 2.143779822451709159E-19 ) ) ;
#3562 = CARTESIAN_POINT ( 'NONE',  ( -2.937419811534343950, -0.4437640551913988318, 1.027451534519531468E-19 ) ) ;
#3563 = CARTESIAN_POINT ( 'NONE',  ( -5.384182721376203240, -0.5230926779726919884, 2.593200000000003058 ) ) ;
#3564 = CARTESIAN_POINT ( 'NONE',  ( -0.7328711888915317996, -1.405197532090260326, 2.001454675372553567E-20 ) ) ;
#3565 = CARTESIAN_POINT ( 'NONE',  ( -4.594364287068106734, -1.022295310144222480, 2.593200000000003058 ) ) ;
#3566 = ORIENTED_EDGE ( 'NONE', *, *, #2258, .T. ) ;
#3567 = CARTESIAN_POINT ( 'NONE',  ( -4.876980825606008096, -1.451470953295467270, 1.531525822183323449 ) ) ;
#3568 = CARTESIAN_POINT ( 'NONE',  ( -2.860744403275468972, -1.160879656011209349, 2.593200000000003058 ) ) ;
#3569 = CARTESIAN_POINT ( 'NONE',  ( -5.151429410891731564, -1.437240981574190890, 2.593200000000003058 ) ) ;
#3570 = CARTESIAN_POINT ( 'NONE',  ( -4.566295949037362689, -0.6428189577627212437, 2.593200000000003058 ) ) ;
#3571 = ADVANCED_FACE ( 'NONE', ( #3607 ), #1681, .T. ) ;
#3572 = CARTESIAN_POINT ( 'NONE',  ( -4.060161455623673810, -0.9853967360087538818, 0.0000000000000000000 ) ) ;
#3573 = CARTESIAN_POINT ( 'NONE',  ( -4.852283323975823848, -1.016057588469001516, 8.594257207030009252E-20 ) ) ;
#3574 = ORIENTED_EDGE ( 'NONE', *, *, #3603, .F. ) ;
#3575 = CARTESIAN_POINT ( 'NONE',  ( -5.305526654575983159, -0.8615216593403920431, 1.465529562548776761E-19 ) ) ;
#3576 = CARTESIAN_POINT ( 'NONE',  ( -5.317833778923942489, -1.479397970675351948, 0.0000000000000000000 ) ) ;
#3577 = EDGE_CURVE ( 'NONE', #1532, #3597, #3208, .T. ) ;
#3578 = EDGE_LOOP ( 'NONE', ( #5328, #5223, #5072, #53 ) ) ;
#3579 = EDGE_CURVE ( 'NONE', #3358, #3986, #603, .T. ) ;
#3580 = CARTESIAN_POINT ( 'NONE',  ( -15.37140046512274516, -10.00000000000000178, 0.0000000000000000000 ) ) ;
#3581 = CARTESIAN_POINT ( 'NONE',  ( -4.682491551417110820, -1.517902779497379617, 0.0000000000000000000 ) ) ;
#3582 = CARTESIAN_POINT ( 'NONE',  ( -0.8151454191161546792, -1.577809558353150843, 0.0000000000000000000 ) ) ;
#3583 = ORIENTED_EDGE ( 'NONE', *, *, #2186, .F. ) ;
#3584 = CARTESIAN_POINT ( 'NONE',  ( -5.242519805528808696, -0.3098761060821391689, 1.306159568464606993E-19 ) ) ;
#3585 = CARTESIAN_POINT ( 'NONE',  ( -0.04379578636243319778, -0.8544362567181343904, 1.929258583810246286 ) ) ;
#3586 = DIRECTION ( 'NONE',  ( 0.0000000000000000000, 1.000000000000000000, 0.0000000000000000000 ) ) ;
#3587 = EDGE_CURVE ( 'NONE', #3085, #2355, #5316, .T. ) ;
#3588 = CARTESIAN_POINT ( 'NONE',  ( -5.392741231381693368, -0.4362346257173875808, 0.0000000000000000000 ) ) ;
#3589 = CARTESIAN_POINT ( 'NONE',  ( -0.5866855473895284945, -0.9798960702463175299, 2.001454675372553567E-20 ) ) ;
#3590 = CARTESIAN_POINT ( 'NONE',  ( -3.385154621772845651, -0.2774627395310562128, 0.0000000000000000000 ) ) ;
#3591 = CARTESIAN_POINT ( 'NONE',  ( -4.541892014153429358, -1.123919216145615518, 2.593200000000003058 ) ) ;
#3592 = EDGE_LOOP ( 'NONE', ( #563, #5138, #2597, #1669 ) ) ;
#3593 = DIRECTION ( 'NONE',  ( 1.000000000000000000, 0.0000000000000000000, 0.0000000000000000000 ) ) ;
#3594 = CARTESIAN_POINT ( 'NONE',  ( -3.062095528772609931, -0.5780269993518486471, 0.0000000000000000000 ) ) ;
#3595 = CARTESIAN_POINT ( 'NONE',  ( -5.009942542451606862, -1.473653262154060339, 2.593200000000003058 ) ) ;
#3596 =( NAMED_UNIT ( * ) PLANE_ANGLE_UNIT ( ) SI_UNIT ( $, .RADIAN. ) );
#3597 = VERTEX_POINT ( 'NONE', #4214 ) ;
#3598 = CARTESIAN_POINT ( 'NONE',  ( -5.407119910587009137, -0.6393601209037483857, 2.010992514849051283 ) ) ;
#3599 = VERTEX_POINT ( 'NONE', #4658 ) ;
#3600 = CARTESIAN_POINT ( 'NONE',  ( -4.894079729224041664, -1.425406523104895129, 0.0000000000000000000 ) ) ;
#3601 = CONICAL_SURFACE ( 'NONE', #5413, 2.060000000000002274, 0.4894628988117458723 ) ;
#3602 = CYLINDRICAL_SURFACE ( 'NONE', #1162, 0.5000000000000004441 ) ;
#3603 = EDGE_CURVE ( 'NONE', #4193, #3660, #678, .T. ) ;
#3604 = CARTESIAN_POINT ( 'NONE',  ( -2.876366702220425342, -0.2785185101657056683, -1.789160090686218391E-20 ) ) ;
#3605 = ORIENTED_EDGE ( 'NONE', *, *, #570, .T. ) ;
#3606 = VECTOR ( 'NONE', #2529, 1000.000000000000000 ) ;
#3607 = FACE_OUTER_BOUND ( 'NONE', #3273, .T. ) ;
#3608 = CARTESIAN_POINT ( 'NONE',  ( -2.623755569280723066, -0.7502909662873878949, 0.0000000000000000000 ) ) ;
#3609 = CARTESIAN_POINT ( 'NONE',  ( -17.07237392568151790, -0.3138831304186902038, 2.086522796529808765 ) ) ;
#3610 = CARTESIAN_POINT ( 'NONE',  ( -5.223459926633310602, -0.3509566685626545612, 2.593200000000003058 ) ) ;
#3611 = CARTESIAN_POINT ( 'NONE',  ( -0.5863457984889230978, -0.9277742014117316138, 0.0000000000000000000 ) ) ;
#3612 = AXIS2_PLACEMENT_3D ( 'NONE', #15, #522, #3488 ) ;
#3613 = CARTESIAN_POINT ( 'NONE',  ( 7.508599534877254733, -1.249999999999999556, 0.0000000000000000000 ) ) ;
#3614 = EDGE_CURVE ( 'NONE', #4993, #4337, #1799, .T. ) ;
#3615 = CARTESIAN_POINT ( 'NONE',  ( -3.247681918992573191, -1.555847636207950968, 0.3308177766607354742 ) ) ;
#3616 = CARTESIAN_POINT ( 'NONE',  ( -0.5410822645873872849, -0.9274824156945749021, 2.593200000000003058 ) ) ;
#3617 = VERTEX_POINT ( 'NONE', #1576 ) ;
#3618 = AXIS2_PLACEMENT_3D ( 'NONE', #765, #4233, #334 ) ;
#3619 = CIRCLE ( 'NONE', #4334, 1.250000000000002220 ) ;
#3620 = CARTESIAN_POINT ( 'NONE',  ( -4.748097502254140956, -1.022651545153669295, 1.845752347260804838 ) ) ;
#3621 = ORIENTED_EDGE ( 'NONE', *, *, #5210, .T. ) ;
#3622 = CARTESIAN_POINT ( 'NONE',  ( -3.242121420630382556, -1.465860967925618707, 0.0000000000000000000 ) ) ;
#3623 =( GEOMETRIC_REPRESENTATION_CONTEXT ( 3 ) GLOBAL_UNCERTAINTY_ASSIGNED_CONTEXT ( ( #1534 ) ) GLOBAL_UNIT_ASSIGNED_CONTEXT ( ( #5226, #3062, #3527 ) ) REPRESENTATION_CONTEXT ( 'NONE', 'WORKASPACE' ) );
#3624 = CARTESIAN_POINT ( 'NONE',  ( -0.8750606804576669395, -0.3822135315496398289, 2.593200000000003058 ) ) ;
#3625 = CARTESIAN_POINT ( 'NONE',  ( -2.831341943290566210, -0.3803004495437576349, 2.593200000000003058 ) ) ;
#3626 = AXIS2_PLACEMENT_3D ( 'NONE', #4959, #640, #2361 ) ;
#3627 = CARTESIAN_POINT ( 'NONE',  ( -1.713552074998297536, -1.536377666547909193, 1.446251591436572337 ) ) ;
#3628 = ORIENTED_EDGE ( 'NONE', *, *, #4149, .T. ) ;
#3629 = DIRECTION ( 'NONE',  ( 0.0000000000000000000, 0.0000000000000000000, 1.000000000000000000 ) ) ;
#3630 = EDGE_LOOP ( 'NONE', ( #3282, #5008, #1691, #235 ) ) ;
#3631 = AXIS2_PLACEMENT_3D ( 'NONE', #1420, #1395, #914 ) ;
#3632 = CARTESIAN_POINT ( 'NONE',  ( -4.815403276527479903, -1.563846730717119327, 0.0000000000000000000 ) ) ;
#3633 = CARTESIAN_POINT ( 'NONE',  ( -3.219072309646901164, -0.5391364946741646902, -1.789160090686218391E-20 ) ) ;
#3634 = ORIENTED_EDGE ( 'NONE', *, *, #395, .F. ) ;
#3635 = CARTESIAN_POINT ( 'NONE',  ( -5.259506031610619914, -0.5697800010793890868, 0.0000000000000000000 ) ) ;
#3636 = CARTESIAN_POINT ( 'NONE',  ( -2.866033576368028246, -1.018988566755972158, 0.0000000000000000000 ) ) ;
#3637 = LINE ( 'NONE', #5364, #3330 ) ;
#3638 = ADVANCED_FACE ( 'NONE', ( #2098 ), #2546, .T. ) ;
#3639 = CARTESIAN_POINT ( 'NONE',  ( -2.599856381634637614, -0.6816389899810655351, 1.151232187994347909E-19 ) ) ;
#3640 = CARTESIAN_POINT ( 'NONE',  ( -7.320840341273962437, -1.870992804663429286E-15, 2.060000000000002274 ) ) ;
#3641 = B_SPLINE_CURVE_WITH_KNOTS ( 'NONE', 3,
 ( #4232, #333, #4683, #2120, #3845, #3417, #5151, #2568, #4295, #398 ),
 .UNSPECIFIED., .F., .F.,
 ( 4, 2, 2, 2, 4 ),
 ( 8.080175314454367291E-07, 0.0002120371154277206208, 0.0004232662133239958337, 0.0006344953112202710195, 0.0008457244091165461511 ),
 .UNSPECIFIED. ) ;
#3642 = CARTESIAN_POINT ( 'NONE',  ( -2.943303573914135995, -1.289888116918959771, 1.041885070563473011E-19 ) ) ;
#3643 = CARTESIAN_POINT ( 'NONE',  ( -0.8220256130157399532, -0.4260474207657243828, 0.0000000000000000000 ) ) ;
#3644 = VERTEX_POINT ( 'NONE', #5526 ) ;
#3645 = EDGE_CURVE ( 'NONE', #1263, #4983, #4245, .T. ) ;
#3646 = PLANE ( 'NONE',  #1338 ) ;
#3647 = DIRECTION ( 'NONE',  ( -1.000000000000000000, 2.295573923097131940E-16, 0.0000000000000000000 ) ) ;
#3648 = CARTESIAN_POINT ( 'NONE',  ( -3.025994487993724391, -0.3115659097560119495, 0.0000000000000000000 ) ) ;
#3649 = B_SPLINE_CURVE_WITH_KNOTS ( 'NONE', 3,
 ( #5094, #1598, #839, #3359, #2875, #4652, #1170, #303, #3881, #3457 ),
 .UNSPECIFIED., .F., .F.,
 ( 4, 3, 3, 4 ),
 ( 0.0006045790665948212912, 0.0008060158546127050259, 0.001484322252260476989, 0.002162628649908248952 ),
 .UNSPECIFIED. ) ;
#3650 = CARTESIAN_POINT ( 'NONE',  ( -2.689781888034526336, -0.4624658073894290511, 0.0000000000000000000 ) ) ;
#3651 = UNCERTAINTY_MEASURE_WITH_UNIT (LENGTH_MEASURE( 1.000000000000000082E-05 ), #3318, 'distance_accuracy_value', 'NONE');
#3652 = CARTESIAN_POINT ( 'NONE',  ( -17.07237392568151790, -1.148007160063623022, 1.770361420852439638 ) ) ;
#3653 = ORIENTED_EDGE ( 'NONE', *, *, #1897, .F. ) ;
#3654 = FILL_AREA_STYLE ('',( #2297 ) ) ;
#3655 = CARTESIAN_POINT ( 'NONE',  ( -5.346647380922477488, -0.7821160246272784722, 1.959824828838487631 ) ) ;
#3656 = VERTEX_POINT ( 'NONE', #1637 ) ;
#3657 = CARTESIAN_POINT ( 'NONE',  ( -5.247003773494454570, -0.6722060065031749687, 2.719045378242563815E-20 ) ) ;
#3658 = CARTESIAN_POINT ( 'NONE',  ( -4.751009177787479665, -1.499036686065408519, 2.593200000000003058 ) ) ;
#3659 =( NAMED_UNIT ( * ) SI_UNIT ( $, .STERADIAN. ) SOLID_ANGLE_UNIT ( ) );
#3660 = VERTEX_POINT ( 'NONE', #2035 ) ;
#3661 = CARTESIAN_POINT ( 'NONE',  ( -5.241533798862387350, -0.5184236535027288983, 0.0000000000000000000 ) ) ;
#3662 = CARTESIAN_POINT ( 'NONE',  ( -2.558762292763176571, -0.7049232205120202766, 2.593200000000003058 ) ) ;
#3663 = CARTESIAN_POINT ( 'NONE',  ( -2.643180316626833726, -1.031325949588748347, 0.0000000000000000000 ) ) ;
#3664 = CARTESIAN_POINT ( 'NONE',  ( -5.253513857389673802, -0.8902166565404584508, 0.0000000000000000000 ) ) ;
#3665 = CARTESIAN_POINT ( 'NONE',  ( -2.876459582170672657, -1.233295496590455009, 1.041885070563473011E-19 ) ) ;
#3666 = SURFACE_SIDE_STYLE ('',( #2018 ) ) ;
#3667 = CARTESIAN_POINT ( 'NONE',  ( -0.6232790777505650137, -0.5910499884661541969, 0.0000000000000000000 ) ) ;
#3668 = ORIENTED_EDGE ( 'NONE', *, *, #793, .T. ) ;
#3669 = CARTESIAN_POINT ( 'NONE',  ( -2.449252791014027153, -0.5095188056994691683, 0.0000000000000000000 ) ) ;
#3670 = SURFACE_STYLE_USAGE ( .BOTH. , #4224 ) ;
#3671 = CARTESIAN_POINT ( 'NONE',  ( -3.063355993309928138, -1.182846623525761975, 0.0000000000000000000 ) ) ;
#3672 = EDGE_CURVE ( 'NONE', #4193, #5411, #5498, .T. ) ;
#3673 = CARTESIAN_POINT ( 'NONE',  ( -4.963942610019972612, -1.475157135065819469, 2.593200000000003058 ) ) ;
#3674 = CARTESIAN_POINT ( 'NONE',  ( -3.141885617097802896, -1.272859447628306828, 0.0000000000000000000 ) ) ;
#3675 = EDGE_CURVE ( 'NONE', #2400, #1020, #3822, .T. ) ;
#3676 = VERTEX_POINT ( 'NONE', #375 ) ;
#3677 = CARTESIAN_POINT ( 'NONE',  ( -0.8350071853723187720, -0.3909831661265626979, 1.984381679817060151 ) ) ;
#3678 = CARTESIAN_POINT ( 'NONE',  ( -5.447263798889061093, -1.115319524540141494, 2.593200000000003058 ) ) ;
#3679 = ORIENTED_EDGE ( 'NONE', *, *, #89, .T. ) ;
#3680 = CARTESIAN_POINT ( 'NONE',  ( -5.262002891504413249, -0.6008177662652368634, 0.0000000000000000000 ) ) ;
#3681 = CARTESIAN_POINT ( 'NONE',  ( -5.262087546515811454, -1.339541833629927181, 1.630672086047994185 ) ) ;
#3682 = VECTOR ( 'NONE', #417, 1000.000000000000000 ) ;
#3683 = FACE_OUTER_BOUND ( 'NONE', #1900, .T. ) ;
#3684 = ORIENTED_EDGE ( 'NONE', *, *, #1844, .T. ) ;
#3685 = CARTESIAN_POINT ( 'NONE',  ( -5.307050119885376560, -0.5921806536210321159, 2.593200000000003058 ) ) ;
#3686 = DIRECTION ( 'NONE',  ( -1.000000000000000000, -0.0000000000000000000, -0.0000000000000000000 ) ) ;
#3687 = CARTESIAN_POINT ( 'NONE',  ( -5.451455542023131429, -1.261955067146733001, 1.696470851579477301 ) ) ;
#3688 = LINE ( 'NONE', #1042, #3990 ) ;
#3689 =( GEOMETRIC_REPRESENTATION_CONTEXT ( 3 ) GLOBAL_UNCERTAINTY_ASSIGNED_CONTEXT ( ( #1654 ) ) GLOBAL_UNIT_ASSIGNED_CONTEXT ( ( #1077, #2412, #3239 ) ) REPRESENTATION_CONTEXT ( 'NONE', 'WORKASPACE' ) );
#3690 = CARTESIAN_POINT ( 'NONE',  ( -3.230471762575044981, -1.539018040726237269, 1.294984656069528395 ) ) ;
#3691 = CARTESIAN_POINT ( 'NONE',  ( -0.5963320635079393250, -0.7189402248159660891, 0.0000000000000000000 ) ) ;
#3692 = VERTEX_POINT ( 'NONE', #40 ) ;
#3693 = DIRECTION ( 'NONE',  ( 1.000000000000000000, 0.0000000000000000000, 0.0000000000000000000 ) ) ;
#3694 = VECTOR ( 'NONE', #359, 1000.000000000000000 ) ;
#3695 = SURFACE_STYLE_FILL_AREA ( #1131 ) ;
#3696 = VECTOR ( 'NONE', #38, 1000.000000000000227 ) ;
#3697 = CARTESIAN_POINT ( 'NONE',  ( -1.017935716564119186, -0.4566983147717603164, 2.593200000000003058 ) ) ;
#3698 = AXIS2_PLACEMENT_3D ( 'NONE', #825, #2497, #5110 ) ;
#3699 = CARTESIAN_POINT ( 'NONE',  ( -2.623325325361225868, -0.4572617983184018575, 2.593200000000003058 ) ) ;
#3700 = EDGE_CURVE ( 'NONE', #3784, #95, #694, .T. ) ;
#3701 = CIRCLE ( 'NONE', #608, 2.060000000000002274 ) ;
#3702 = DIRECTION ( 'NONE',  ( 0.0000000000000000000, 0.0000000000000000000, 1.000000000000000000 ) ) ;
#3703 = ORIENTED_EDGE ( 'NONE', *, *, #1485, .T. ) ;
#3704 = STYLED_ITEM ( 'NONE', ( #2074 ), #2822 ) ;
#3705 = LINE ( 'NONE', #4206, #3429 ) ;
#3706 = SURFACE_STYLE_FILL_AREA ( #2843 ) ;
#3707 = EDGE_LOOP ( 'NONE', ( #4407, #2868, #5046, #495 ) ) ;
#3708 = ADVANCED_FACE ( 'NONE', ( #4816 ), #3966, .T. ) ;
#3709 = CARTESIAN_POINT ( 'NONE',  ( -4.836805321549038972, -1.542823905082336244, 1.439386537882734851 ) ) ;
#3710 = VECTOR ( 'NONE', #4530, 1000.000000000000227 ) ;
#3711 = CARTESIAN_POINT ( 'NONE',  ( -5.253513857389673802, -0.8902166565404584508, 0.0000000000000000000 ) ) ;
#3712 =( NAMED_UNIT ( * ) SI_UNIT ( $, .STERADIAN. ) SOLID_ANGLE_UNIT ( ) );
#3713 = CARTESIAN_POINT ( 'NONE',  ( 2.622817477216903281, -2.168404344971008868E-15, 0.0000000000000000000 ) ) ;
#3714 = EDGE_LOOP ( 'NONE', ( #3553, #2677, #1523, #4785, #3919 ) ) ;
#3715 = CARTESIAN_POINT ( 'NONE',  ( -5.293614014455985561, -0.5232864321694380427, 2.593200000000003058 ) ) ;
#3716 = CARTESIAN_POINT ( 'NONE',  ( -0.01012045251870416669, -0.4256349713519693712, 0.0000000000000000000 ) ) ;
#3717 = ORIENTED_EDGE ( 'NONE', *, *, #4838, .F. ) ;
#3718 = CARTESIAN_POINT ( 'NONE',  ( -2.484358261467100704, -0.8425744422897265551, 0.0000000000000000000 ) ) ;
#3719 = LINE ( 'NONE', #5451, #447 ) ;
#3720 = CARTESIAN_POINT ( 'NONE',  ( -0.8089349218855870216, -0.4266266771849926420, 0.0000000000000000000 ) ) ;
#3721 = ORIENTED_EDGE ( 'NONE', *, *, #2354, .F. ) ;
#3722 = CARTESIAN_POINT ( 'NONE',  ( -0.9954376130933606515, -1.498755399994031512, 2.593200000000003058 ) ) ;
#3723 =( NAMED_UNIT ( * ) SI_UNIT ( $, .STERADIAN. ) SOLID_ANGLE_UNIT ( ) );
#3724 = CARTESIAN_POINT ( 'NONE',  ( -4.815235913124848111, -1.028749707717215855, 8.594257207030009252E-20 ) ) ;
#3725 = CARTESIAN_POINT ( 'NONE',  ( -4.686140172158649975, -1.129415863814009491, 6.580220753501264833E-20 ) ) ;
#3726 = EDGE_CURVE ( 'NONE', #4569, #4670, #1699, .T. ) ;
#3727 = ORIENTED_EDGE ( 'NONE', *, *, #4531, .F. ) ;
#3728 = CARTESIAN_POINT ( 'NONE',  ( -3.072346576817582608, -0.6561251097400569998, 0.0000000000000000000 ) ) ;
#3729 = CARTESIAN_POINT ( 'NONE',  ( -5.321524551725383745, -0.7916773399849966752, 2.593200000000003058 ) ) ;
#3730 = DIRECTION ( 'NONE',  ( 0.0000000000000000000, 0.0000000000000000000, 1.000000000000000000 ) ) ;
#3731 = ORIENTED_EDGE ( 'NONE', *, *, #444, .F. ) ;
#3732 = DIRECTION ( 'NONE',  ( 0.9998476951563912696, 0.0000000000000000000, 0.01745240643728354982 ) ) ;
#3733 = DIRECTION ( 'NONE',  ( 1.000000000000000000, 0.0000000000000000000, 0.0000000000000000000 ) ) ;
#3734 = CARTESIAN_POINT ( 'NONE',  ( -4.793592555164485347, -0.8520722999050287516, -1.489991402804790564E-19 ) ) ;
#3735 = EDGE_CURVE ( 'NONE', #3762, #3109, #5417, .T. ) ;
#3736 = DIRECTION ( 'NONE',  ( 0.0000000000000000000, 0.0000000000000000000, 1.000000000000000000 ) ) ;
#3737 = ORIENTED_EDGE ( 'NONE', *, *, #1153, .T. ) ;
#3738 = ADVANCED_FACE ( 'NONE', ( #1270 ), #2662, .T. ) ;
#3739 = CARTESIAN_POINT ( 'NONE',  ( -2.744862757039367107, -1.123185190854007143, 1.784069190337640891E-19 ) ) ;
#3740 = PRESENTATION_STYLE_ASSIGNMENT (( #2036 ) ) ;
#3741 = EDGE_LOOP ( 'NONE', ( #830, #5294, #4760, #3275 ) ) ;
#3742 = DIRECTION ( 'NONE',  ( 0.01744974916068272111, 0.01744974916068272111, -0.9996954598818874604 ) ) ;
#3743 = DIRECTION ( 'NONE',  ( 0.0000000000000000000, 1.000000000000000000, 0.0000000000000000000 ) ) ;
#3744 = CARTESIAN_POINT ( 'NONE',  ( -0.9405422477481231169, -1.540855216424203089, 1.441499265738191982 ) ) ;
#3745 = CARTESIAN_POINT ( 'NONE',  ( -0.8332995181904455650, -1.429913431471494079, 0.0000000000000000000 ) ) ;
#3746 = EDGE_CURVE ( 'NONE', #4743, #3297, #3942, .T. ) ;
#3747 = CARTESIAN_POINT ( 'NONE',  ( -2.267074790153007502, -1.094904113084894437, 1.803686498022812223 ) ) ;
#3748 = ORIENTED_EDGE ( 'NONE', *, *, #770, .F. ) ;
#3749 = CARTESIAN_POINT ( 'NONE',  ( -0.9293125122401898475, -1.522801140593112335, 2.593200000000003058 ) ) ;
#3750 = FILL_AREA_STYLE_COLOUR ( '', #511 ) ;
#3751 = DIRECTION ( 'NONE',  ( -1.000000000000000000, -0.0000000000000000000, -0.0000000000000000000 ) ) ;
#3752 = LINE ( 'NONE', #2450, #4426 ) ;
#3753 = ORIENTED_EDGE ( 'NONE', *, *, #1344, .T. ) ;
#3754 = CARTESIAN_POINT ( 'NONE',  ( -5.236988711450169198, -0.7558131943189848601, 2.593200000000003058 ) ) ;
#3755 = LINE ( 'NONE', #5489, #1712 ) ;
#3756 =( NAMED_UNIT ( * ) PLANE_ANGLE_UNIT ( ) SI_UNIT ( $, .RADIAN. ) );
#3757 = EDGE_LOOP ( 'NONE', ( #400, #5483, #4547, #2972 ) ) ;
#3758 = DIRECTION ( 'NONE',  ( 0.0000000000000000000, -0.01745240643728354635, -0.9998476951563911586 ) ) ;
#3759 = CARTESIAN_POINT ( 'NONE',  ( -5.239035970802397024, -0.8621971744244032454, 1.806552176517051578 ) ) ;
#3760 = SURFACE_STYLE_USAGE ( .BOTH. , #4270 ) ;
#3761 = DIRECTION ( 'NONE',  ( 0.0000000000000000000, 0.0000000000000000000, 1.000000000000000000 ) ) ;
#3762 = VERTEX_POINT ( 'NONE', #493 ) ;
#3763 = CARTESIAN_POINT ( 'NONE',  ( -2.548406419380585319, -0.8773608247786555125, 1.919472516931455708 ) ) ;
#3764 = VERTEX_POINT ( 'NONE', #3551 ) ;
#3765 = CARTESIAN_POINT ( 'NONE',  ( -2.674399097880542531, -0.9985447879766264911, 2.593200000000003058 ) ) ;
#3766 = EDGE_CURVE ( 'NONE', #1912, #811, #4682, .T. ) ;
#3767 = CARTESIAN_POINT ( 'NONE',  ( -2.430266905593624127, -0.6319442246859495738, 0.0000000000000000000 ) ) ;
#3768 = DIRECTION ( 'NONE',  ( 0.01744974916068272111, -0.01744974916068272111, -0.9996954598818874604 ) ) ;
#3769 = CARTESIAN_POINT ( 'NONE',  ( -1.010637276482704294, -1.334441057007106579, 0.0000000000000000000 ) ) ;
#3770 = DIRECTION ( 'NONE',  ( -0.01744974916068272111, -0.01744974916068272111, -0.9996954598818874604 ) ) ;
#3771 = ORIENTED_EDGE ( 'NONE', *, *, #5545, .T. ) ;
#3772 = CARTESIAN_POINT ( 'NONE',  ( -2.546744473617580162, -0.4332055897017438317, 2.593200000000003058 ) ) ;
#3773 =( BOUNDED_CURVE ( )  B_SPLINE_CURVE ( 3, ( #848, #1386, #4793, #5626 ),
 .UNSPECIFIED., .F., .T. ) 
 B_SPLINE_CURVE_WITH_KNOTS ( ( 4, 4 ),
 ( 6.097553471172102668, 6.133871330393103172 ),
 .UNSPECIFIED. ) 
 CURVE ( )  GEOMETRIC_REPRESENTATION_ITEM ( )  RATIONAL_B_SPLINE_CURVE ( ( 1.000000000000000000, 0.9998900874454588195, 0.9998900874454588195, 1.000000000000000000 ) ) 
 REPRESENTATION_ITEM ( '' )  );
#3774 = CARTESIAN_POINT ( 'NONE',  ( -1.738796490429361130, -0.6216544863650528274, 0.0000000000000000000 ) ) ;
#3775 = EDGE_CURVE ( 'NONE', #2827, #469, #1975, .T. ) ;
#3776 = AXIS2_PLACEMENT_3D ( 'NONE', #3786, #1632, #718 ) ;
#3777 = DIRECTION ( 'NONE',  ( 0.0000000000000000000, 0.0000000000000000000, -1.000000000000000000 ) ) ;
#3778 = CARTESIAN_POINT ( 'NONE',  ( -3.106336655342198938, -1.300965418444854027, 2.593200000000003058 ) ) ;
#3779 = PRESENTATION_LAYER_ASSIGNMENT (  '', '', ( #3150 ) ) ;
#3780 = CARTESIAN_POINT ( 'NONE',  ( -1.122493820253177566, -0.7826722151721340337, 2.593200000000003058 ) ) ;
#3781 = CARTESIAN_POINT ( 'NONE',  ( -4.806580646531583234, -0.8957038142242065293, 2.593200000000003058 ) ) ;
#3782 = CARTESIAN_POINT ( 'NONE',  ( -3.097774530054023145, -0.6265395324935875143, 1.541591157100150378 ) ) ;
#3783 = CARTESIAN_POINT ( 'NONE',  ( -2.770871419565954064, -0.4306099366173332110, 1.435983751217075051E-19 ) ) ;
#3784 = VERTEX_POINT ( 'NONE', #1864 ) ;
#3785 = VECTOR ( 'NONE', #2221, 1000.000000000000227 ) ;
#3786 = CARTESIAN_POINT ( 'NONE',  ( 0.7472042878992980475, -1.413449850158059240, 0.0000000000000000000 ) ) ;
#3787 = CARTESIAN_POINT ( 'NONE',  ( -3.063355993309928138, -1.182846623525761975, 1.107397396157585897E-19 ) ) ;
#3788 = CARTESIAN_POINT ( 'NONE',  ( -2.825392857116060252, -0.2774627395310559907, 0.0000000000000000000 ) ) ;
#3789 = CARTESIAN_POINT ( 'NONE',  ( -4.880504332348526653, -0.8302748751785196113, -1.489991402804790564E-19 ) ) ;
#3790 = FACE_OUTER_BOUND ( 'NONE', #4029, .T. ) ;
#3791 = ORIENTED_EDGE ( 'NONE', *, *, #3672, .F. ) ;
#3792 = CARTESIAN_POINT ( 'NONE',  ( -2.643180316626833726, -1.031325949588748347, 1.784069190337640891E-19 ) ) ;
#3793 = CARTESIAN_POINT ( 'NONE',  ( -1.108976420186394307, -1.445575968061118211, 0.8113808036541372282 ) ) ;
#3794 = VERTEX_POINT ( 'NONE', #600 ) ;
#3795 = CARTESIAN_POINT ( 'NONE',  ( -4.600557133388312181, -0.4156925255578526324, 3.529904119173037149E-21 ) ) ;
#3796 = CARTESIAN_POINT ( 'NONE',  ( -4.962728699183156067, -1.456567806522290009, 1.526600872855397251 ) ) ;
#3797 = B_SPLINE_CURVE_WITH_KNOTS ( 'NONE', 3,
 ( #3548, #5275, #2542, #4269, #4360, #2634, #5583, #1729, #1754, #2962, #464, #2125, #3938, #2212, #1297, #4725, #403, #4755, #2157, #438, #5619, #2600 ),
 .UNSPECIFIED., .F., .F.,
 ( 4, 2, 2, 2, 2, 2, 2, 2, 2, 2, 4 ),
 ( 0.0000000000000000000, 9.254327127135905228E-05, 0.0001388149069070385784, 0.0001619507247248783415, 0.0001850865425427181046, 0.0002313581781783976307, 0.0002776298138140771568, 0.0003007656316319169470, 0.0003239014494497566830, 0.0003470372672675964189, 0.0003701730850854362091 ),
 .UNSPECIFIED. ) ;
#3798 = CARTESIAN_POINT ( 'NONE',  ( -0.7108140862911720426, -1.445058891406166168, 2.593200000000003058 ) ) ;
#3799 = CARTESIAN_POINT ( 'NONE',  ( -1.079908334527477587, -0.9799072079076271979, 0.0000000000000000000 ) ) ;
#3800 =( NAMED_UNIT ( * ) PLANE_ANGLE_UNIT ( ) SI_UNIT ( $, .RADIAN. ) );
#3801 = VERTEX_POINT ( 'NONE', #4076 ) ;
#3802 = EDGE_CURVE ( 'NONE', #5609, #3644, #4553, .T. ) ;
#3803 = CARTESIAN_POINT ( 'NONE',  ( -1.689405746489056614, -0.2939263208444906628, 0.0000000000000000000 ) ) ;
#3804 = CARTESIAN_POINT ( 'NONE',  ( -1.031824900492815500, -0.4955391180227128323, 1.805639946582999533 ) ) ;
#3805 = VECTOR ( 'NONE', #5315, 1000.000000000000000 ) ;
#3806 = CARTESIAN_POINT ( 'NONE',  ( -5.324441020346728948, -1.131882701846583350, 0.8465918282814202112 ) ) ;
#3807 =( LENGTH_UNIT ( ) NAMED_UNIT ( * ) SI_UNIT ( .MILLI., .METRE. ) );
#3808 = DIRECTION ( 'NONE',  ( -1.000000000000000000, 0.0000000000000000000, 0.0000000000000000000 ) ) ;
#3809 = DIRECTION ( 'NONE',  ( 0.0000000000000000000, 0.0000000000000000000, -1.000000000000000000 ) ) ;
#3810 = EDGE_CURVE ( 'NONE', #3462, #3085, #762, .T. ) ;
#3811 = EDGE_CURVE ( 'NONE', #424, #2891, #573, .T. ) ;
#3812 = CARTESIAN_POINT ( 'NONE',  ( -4.060161455623673810, -0.9853967360087538818, 0.0000000000000000000 ) ) ;
#3813 = B_SPLINE_CURVE_WITH_KNOTS ( 'NONE', 3,
 ( #4656, #1174, #5098, #5007, #2906, #2847, #2009, #1116 ),
 .UNSPECIFIED., .F., .F.,
 ( 4, 2, 2, 4 ),
 ( 3.934364990158278511E-05, 0.0003341947663952450154, 0.0004816203246420760120, 0.0006290458828889071170 ),
 .UNSPECIFIED. ) ;
#3814 = CARTESIAN_POINT ( 'NONE',  ( -0.5963320635079393250, -0.7189402248159660891, 4.328710526699272534E-20 ) ) ;
#3815 = CARTESIAN_POINT ( 'NONE',  ( -5.217342101081031913, -0.7130806140367498269, 0.0000000000000000000 ) ) ;
#3816 = CARTESIAN_POINT ( 'NONE',  ( -0.8350266733914314399, -0.3982413367997697518, 1.568732877293468331 ) ) ;
#3817 = CARTESIAN_POINT ( 'NONE',  ( -2.576472992036503928, -0.7348620659107563124, 1.978480831677642104 ) ) ;
#3818 = VERTEX_POINT ( 'NONE', #652 ) ;
#3819 = DIRECTION ( 'NONE',  ( 0.01745240643728354635, 0.0000000000000000000, -0.9998476951563911586 ) ) ;
#3820 = CARTESIAN_POINT ( 'NONE',  ( -4.920972298450354998, -0.4118334515666467466, 4.762539561707135955E-20 ) ) ;
#3821 = CARTESIAN_POINT ( 'NONE',  ( -5.138635106829525512, -0.7582365237168688932, -1.489991402804790564E-19 ) ) ;
#3822 = B_SPLINE_CURVE_WITH_KNOTS ( 'NONE', 3,
 ( #5557, #2128, #3338, #3825, #1667, #3394, #5070, #1232 ),
 .UNSPECIFIED., .F., .F.,
 ( 4, 2, 2, 4 ),
 ( 2.336086334348602490E-06, 0.0001110816521685464912, 0.0002198272180027443774, 0.0004373183496711401498 ),
 .UNSPECIFIED. ) ;
#3823 = CARTESIAN_POINT ( 'NONE',  ( -0.8332995181904455650, -1.578085663292407403, 0.0000000000000000000 ) ) ;
#3824 = ORIENTED_EDGE ( 'NONE', *, *, #2291, .T. ) ;
#3825 = CARTESIAN_POINT ( 'NONE',  ( -5.254577598633156654, -0.4687607910116098342, 2.057517510943061012 ) ) ;
#3826 = DIRECTION ( 'NONE',  ( -1.000000000000000000, 0.0000000000000000000, 0.0000000000000000000 ) ) ;
#3827 = ORIENTED_EDGE ( 'NONE', *, *, #1809, .F. ) ;
#3828 = CARTESIAN_POINT ( 'NONE',  ( -2.774414716367006317, -1.088898189479687639, 2.593200000000003058 ) ) ;
#3829 = CARTESIAN_POINT ( 'NONE',  ( -3.166620476748735591, -0.6112710639857332762, 2.019519271462767218 ) ) ;
#3830 = CARTESIAN_POINT ( 'NONE',  ( -0.8605698186515230441, -1.552346701107021776, 1.429098012583254640 ) ) ;
#3831 = CARTESIAN_POINT ( 'NONE',  ( -5.407837458799090946, -0.6127682507551089897, 2.019062918987892807 ) ) ;
#3832 = DIRECTION ( 'NONE',  ( -1.000000000000000000, -0.0000000000000000000, -0.0000000000000000000 ) ) ;
#3833 = CARTESIAN_POINT ( 'NONE',  ( -1.010637276482704294, -1.334441057007106579, 9.193313190974646717E-20 ) ) ;
#3834 = ORIENTED_EDGE ( 'NONE', *, *, #4404, .F. ) ;
#3835 = CARTESIAN_POINT ( 'NONE',  ( -4.671884224361793514, -1.166210099883078222, 0.0000000000000000000 ) ) ;
#3836 = CARTESIAN_POINT ( 'NONE',  ( -5.223380950657835697, -1.335688020823182276, 2.391702549246664028E-19 ) ) ;
#3837 = ADVANCED_FACE ( 'NONE', ( #93 ), #3156, .T. ) ;
#3838 = CARTESIAN_POINT ( 'NONE',  ( -5.338147841241620561, -1.147558123004440267, 1.744636104499665441 ) ) ;
#3839 = SURFACE_SIDE_STYLE ('',( #3094 ) ) ;
#3840 = FACE_OUTER_BOUND ( 'NONE', #3630, .T. ) ;
#3841 = CARTESIAN_POINT ( 'NONE',  ( -4.670227541861142306, -1.186264552592168009, 6.580220753501264833E-20 ) ) ;
#3842 = CARTESIAN_POINT ( 'NONE',  ( -4.085405871054737403, -1.536377666547909415, 1.446251591436572337 ) ) ;
#3843 = EDGE_CURVE ( 'NONE', #3118, #1269, #629, .T. ) ;
#3844 = FACE_OUTER_BOUND ( 'NONE', #5468, .T. ) ;
#3845 = CARTESIAN_POINT ( 'NONE',  ( -1.128626418986075519, -0.4754673362508380907, 2.056784369816061719 ) ) ;
#3846 = CARTESIAN_POINT ( 'NONE',  ( -4.709349923137131633, -0.3776985361231114946, 2.593200000000003058 ) ) ;
#3847 = ORIENTED_EDGE ( 'NONE', *, *, #4551, .F. ) ;
#3848 = EDGE_LOOP ( 'NONE', ( #931, #2786, #723, #3449 ) ) ;
#3849 = CARTESIAN_POINT ( 'NONE',  ( -2.779511100996715278, -0.3146850762104206334, 2.086402154360749606 ) ) ;
#3850 = EDGE_CURVE ( 'NONE', #1702, #2570, #3484, .T. ) ;
#3851 = PLANE ( 'NONE',  #2711 ) ;
#3852 =( LENGTH_UNIT ( ) NAMED_UNIT ( * ) SI_UNIT ( .MILLI., .METRE. ) );
#3853 = DIRECTION ( 'NONE',  ( 1.000000000000000000, 1.224646799147353207E-16, -0.0000000000000000000 ) ) ;
#3854 = ORIENTED_EDGE ( 'NONE', *, *, #4436, .F. ) ;
#3855 = CARTESIAN_POINT ( 'NONE',  ( -2.432933141630384544, -0.6868096550259903399, 1.784069190337640891E-19 ) ) ;
#3856 = CARTESIAN_POINT ( 'NONE',  ( -0.8332995181904455650, -0.2774627395310559907, 0.0000000000000000000 ) ) ;
#3857 = ORIENTED_EDGE ( 'NONE', *, *, #3398, .T. ) ;
#3858 = CARTESIAN_POINT ( 'NONE',  ( -0.8350029951203407075, -0.3894225462169315644, 2.073752656537885652 ) ) ;
#3859 = FACE_OUTER_BOUND ( 'NONE', #3741, .T. ) ;
#3860 = CARTESIAN_POINT ( 'NONE',  ( -0.5410414971802116613, -0.9218117562538405974, 2.593200000000003058 ) ) ;
#3861 = CARTESIAN_POINT ( 'NONE',  ( -5.411011077959466675, -0.6127575446678131810, 1.837361334331733431 ) ) ;
#3862 = PRESENTATION_STYLE_ASSIGNMENT (( #4281 ) ) ;
#3863 = LINE ( 'NONE', #4704, #4140 ) ;
#3864 = EDGE_LOOP ( 'NONE', ( #1503, #5354 ) ) ;
#3865 = CARTESIAN_POINT ( 'NONE',  ( -1.035354676722677558, -0.4930774553329473342, 2.051578568576493122 ) ) ;
#3866 = CARTESIAN_POINT ( 'NONE',  ( -0.4547857678668301706, -0.9282634918343719566, 1.894842180691435063 ) ) ;
#3867 = CARTESIAN_POINT ( 'NONE',  ( -5.264022163089955519, -1.284188684238758871, 2.391702549246664028E-19 ) ) ;
#3868 = CARTESIAN_POINT ( 'NONE',  ( -2.920641350242037415, -0.3281061830602572948, 2.593200000000003058 ) ) ;
#3869 = CARTESIAN_POINT ( 'NONE',  ( -4.721198217106005401, -0.5556814410185747510, 0.0000000000000000000 ) ) ;
#3870 = CARTESIAN_POINT ( 'NONE',  ( -3.516799787091654750, -0.9525330585705537034, 1.882758819480137902 ) ) ;
#3871 = SURFACE_STYLE_FILL_AREA ( #3319 ) ;
#3872 = ORIENTED_EDGE ( 'NONE', *, *, #4782, .T. ) ;
#3873 = DIRECTION ( 'NONE',  ( -3.965082230804130713E-16, -1.000000000000000000, 0.0000000000000000000 ) ) ;
#3874 = DIRECTION ( 'NONE',  ( -1.000000000000000000, -0.0000000000000000000, -0.0000000000000000000 ) ) ;
#3875 = PRODUCT_DEFINITION_CONTEXT ( 'detailed design', #3912, 'design' ) ;
#3876 = CARTESIAN_POINT ( 'NONE',  ( -1.080302711644326896, -0.9320283705027281318, 0.0000000000000000000 ) ) ;
#3877 = PLANE ( 'NONE',  #2172 ) ;
#3878 = CARTESIAN_POINT ( 'NONE',  ( -4.521141732399845736, -0.6396615284266221613, 0.0000000000000000000 ) ) ;
#3879 = EDGE_CURVE ( 'NONE', #3968, #643, #5441, .T. ) ;
#3880 = VERTEX_POINT ( 'NONE', #1972 ) ;
#3881 = CARTESIAN_POINT ( 'NONE',  ( -3.049828787084361004, -1.400929924090158485, 0.2259318577016041218 ) ) ;
#3882 = COLOUR_RGB ( '',0.0000000000000000000, 0.0000000000000000000, 0.0000000000000000000 ) ;
#3883 = CARTESIAN_POINT ( 'NONE',  ( -0.7204156595775363936, -0.4151758771576735119, 2.068778646861737958 ) ) ;
#3884 = CARTESIAN_POINT ( 'NONE',  ( -5.306782803734313880, -0.6132352511654973748, 2.593200000000003058 ) ) ;
#3885 = ORIENTED_EDGE ( 'NONE', *, *, #5085, .F. ) ;
#3886 = VECTOR ( 'NONE', #4444, 1000.000000000000227 ) ;
#3887 = VECTOR ( 'NONE', #5209, 1000.000000000000227 ) ;
#3888 = LINE ( 'NONE', #3918, #1878 ) ;
#3889 = EDGE_CURVE ( 'NONE', #2664, #3692, #3755, .T. ) ;
#3890 = ORIENTED_EDGE ( 'NONE', *, *, #3353, .T. ) ;
#3891 = CARTESIAN_POINT ( 'NONE',  ( -4.525775411207563437, -0.5829323076544609128, 3.529904119173037149E-21 ) ) ;
#3892 = B_SPLINE_CURVE_WITH_KNOTS ( 'NONE', 3,
 ( #5024, #2839, #1892, #241, #1107, #5324, #708, #5485, #950, #4839, #674, #2414 ),
 .UNSPECIFIED., .F., .F.,
 ( 4, 2, 2, 2, 2, 4 ),
 ( 3.122460673456901141E-07, 0.0004239339243831040599, 0.0005298393439620438993, 0.0006357447635409837388, 0.0007416501831199235782, 0.0008475556026988635260 ),
 .UNSPECIFIED. ) ;
#3893 = CARTESIAN_POINT ( 'NONE',  ( -1.182123417266856436, -0.6820145852245623752, 2.593200000000003058 ) ) ;
#3894 = PRESENTATION_LAYER_ASSIGNMENT (  '', '', ( #4242 ) ) ;
#3895 = CARTESIAN_POINT ( 'NONE',  ( -0.4698661581572925461, -1.070590131572025427, 2.593200000000003058 ) ) ;
#3896 = CARTESIAN_POINT ( 'NONE',  ( -5.023803300536294536, -0.2617178140236137152, 1.306159568464606993E-19 ) ) ;
#3897 = ORIENTED_EDGE ( 'NONE', *, *, #1382, .F. ) ;
#3898 = CARTESIAN_POINT ( 'NONE',  ( -5.238073996680897793, -0.8603344763965077302, 1.926635561989751055 ) ) ;
#3899 = CARTESIAN_POINT ( 'NONE',  ( -4.060336912637676932, -1.561446624964970109, 0.01005192560005178405 ) ) ;
#3900 = CARTESIAN_POINT ( 'NONE',  ( -1.028424752775937367, -0.4979103779598766932, 1.568733244305470675 ) ) ;
#3901 = PRODUCT_CONTEXT ( 'NONE', #2673, 'mechanical' ) ;
#3902 = STYLED_ITEM ( 'NONE', ( #1484 ), #5502 ) ;
#3903 = CARTESIAN_POINT ( 'NONE',  ( -0.9764781484472091488, -1.408966192662284511, 1.570840569060665048 ) ) ;
#3904 = ORIENTED_EDGE ( 'NONE', *, *, #1134, .F. ) ;
#3905 = CARTESIAN_POINT ( 'NONE',  ( -2.439715634768023111, -1.500358585793326816, 1.484515273612339259 ) ) ;
#3906 = CARTESIAN_POINT ( 'NONE',  ( -8.841400465122747576, -2.123270045287784227E-15, -1.250000000000002220 ) ) ;
#3907 = AXIS2_PLACEMENT_3D ( 'NONE', #3374, #649, #3702 ) ;
#3908 = CARTESIAN_POINT ( 'NONE',  ( -0.7704735728424054741, -0.4346560929407539686, 4.328710526699272534E-20 ) ) ;
#3909 = CARTESIAN_POINT ( 'NONE',  ( -5.223380950657835697, -1.335688020823182276, 0.0000000000000000000 ) ) ;
#3910 = CARTESIAN_POINT ( 'NONE',  ( -0.1599064287408583640, -1.209080886101390639, 1.793944528674123129 ) ) ;
#3911 = ORIENTED_EDGE ( 'NONE', *, *, #2829, .F. ) ;
#3912 = APPLICATION_CONTEXT ( 'automotive_design' ) ;
#3913 = FACE_OUTER_BOUND ( 'NONE', #589, .T. ) ;
#3914 = CARTESIAN_POINT ( 'NONE',  ( -3.210975531692725760, -1.456008176984114888, 1.527134633407144504 ) ) ;
#3915 = EDGE_CURVE ( 'NONE', #3441, #2319, #3705, .T. ) ;
#3916 = CARTESIAN_POINT ( 'NONE',  ( -5.249100166332033801, -0.7450900016716389684, 2.593200000000003058 ) ) ;
#3917 = ORIENTED_EDGE ( 'NONE', *, *, #3956, .T. ) ;
#3918 = CARTESIAN_POINT ( 'NONE',  ( 2.679159658726035786, -2.031273857735282169E-15, -0.7512058792506818294 ) ) ;
#3919 = ORIENTED_EDGE ( 'NONE', *, *, #1158, .F. ) ;
#3920 = CARTESIAN_POINT ( 'NONE',  ( -4.795590036457499039, -1.395855913517877855, 0.0000000000000000000 ) ) ;
#3921 = CARTESIAN_POINT ( 'NONE',  ( -1.109452612271490723, -0.3926541244773646411, 0.0000000000000000000 ) ) ;
#3922 = EDGE_CURVE ( 'NONE', #2661, #185, #4601, .T. ) ;
#3923 = CARTESIAN_POINT ( 'NONE',  ( -0.8000240878703123171, -1.532122093518683670, 2.593200000000003058 ) ) ;
#3924 = B_SPLINE_CURVE_WITH_KNOTS ( 'NONE', 3,
 ( #1041, #3121, #4456, #155 ),
 .UNSPECIFIED., .F., .F.,
 ( 4, 4 ),
 ( 4.333829005712048917E-07, 0.0006385536931827903934 ),
 .UNSPECIFIED. ) ;
#3925 = CARTESIAN_POINT ( 'NONE',  ( -0.9142113652683021563, -0.3980836878790517397, 2.072192713085895033 ) ) ;
#3926 = CARTESIAN_POINT ( 'NONE',  ( -4.926572728278124202, -1.577403607190746904, 2.143779822451709159E-19 ) ) ;
#3927 = CARTESIAN_POINT ( 'NONE',  ( -1.075430281008320277, -0.5606253492288927331, 2.035344072786058778 ) ) ;
#3928 = CARTESIAN_POINT ( 'NONE',  ( -1.574255925388328592, -1.561526833885656940, 0.005456759611456682424 ) ) ;
#3929 = CARTESIAN_POINT ( 'NONE',  ( -5.492493029892501433, -1.117105386516232146, 0.0000000000000000000 ) ) ;
#3930 = CARTESIAN_POINT ( 'NONE',  ( -4.729939780329329047, -0.9277209665571727326, 2.593200000000003058 ) ) ;
#3931 = ORIENTED_EDGE ( 'NONE', *, *, #2567, .F. ) ;
#3932 = FACE_OUTER_BOUND ( 'NONE', #1155, .T. ) ;
#3933 = DIRECTION ( 'NONE',  ( -0.01744974916068272111, -0.01744974916068272111, -0.9996954598818874604 ) ) ;
#3934 = CARTESIAN_POINT ( 'NONE',  ( -5.303054794509442615, -1.307459519966598371, 2.593200000000003058 ) ) ;
#3935 = CARTESIAN_POINT ( 'NONE',  ( -4.525775411207563437, -0.5829323076544609128, 0.0000000000000000000 ) ) ;
#3936 = ORIENTED_EDGE ( 'NONE', *, *, #4494, .F. ) ;
#3937 = CARTESIAN_POINT ( 'NONE',  ( -2.298558255086145419, -1.084178223889362691, 0.0000000000000000000 ) ) ;
#3938 = CARTESIAN_POINT ( 'NONE',  ( -5.229226639447677627, -0.4985602707821822910, -3.135031547352176236E-20 ) ) ;
#3939 = CARTESIAN_POINT ( 'NONE',  ( -4.672328590802218962, -0.5577806212466084324, 2.593200000000003058 ) ) ;
#3940 = CARTESIAN_POINT ( 'NONE',  ( -5.247088443910465472, -0.7472524368097644976, 2.593200000000003058 ) ) ;
#3941 = ORIENTED_EDGE ( 'NONE', *, *, #5580, .T. ) ;
#3942 = LINE ( 'NONE', #4390, #64 ) ;
#3943 = CARTESIAN_POINT ( 'NONE',  ( -5.278800588428338436, -1.451747566171559534, 2.593200000000003058 ) ) ;
#3944 = ORIENTED_EDGE ( 'NONE', *, *, #1344, .F. ) ;
#3945 = CARTESIAN_POINT ( 'NONE',  ( -4.997237706220461817, -0.2902659734770287048, 1.676172992872830170 ) ) ;
#3946 = CARTESIAN_POINT ( 'NONE',  ( -1.196145309001391155, -0.7863685848343230367, 2.593200000000003058 ) ) ;
#3947 = CARTESIAN_POINT ( 'NONE',  ( -5.289346402586087237, -0.3347298933927778108, 1.306159568464606993E-19 ) ) ;
#3948 = CARTESIAN_POINT ( 'NONE',  ( -3.210975531692725760, -1.456008176984114888, 1.527134633407144504 ) ) ;
#3949 = CARTESIAN_POINT ( 'NONE',  ( -1.005002551750959983, -0.5120954205513316149, 0.0000000000000000000 ) ) ;
#3950 = ADVANCED_FACE ( 'NONE', ( #3326 ), #4236, .T. ) ;
#3951 = CARTESIAN_POINT ( 'NONE',  ( -0.7969654196588931150, -1.577331695019349223, -3.632736160938781104E-20 ) ) ;
#3952 = CARTESIAN_POINT ( 'NONE',  ( 2.622817477216904614, -2.123270045287784227E-15, 0.0000000000000000000 ) ) ;
#3953 = CARTESIAN_POINT ( 'NONE',  ( -4.802510087442416697, -1.023831573128575201, 0.5375132454844765428 ) ) ;
#3954 = ORIENTED_EDGE ( 'NONE', *, *, #1860, .F. ) ;
#3955 = CARTESIAN_POINT ( 'NONE',  ( -2.440978700041293692, -1.424161644605728361, 1.556876234655126368 ) ) ;
#3956 = EDGE_CURVE ( 'NONE', #3880, #3599, #3356, .T. ) ;
#3957 = CARTESIAN_POINT ( 'NONE',  ( -2.815126495706316678, -1.123676051805035936, 2.593200000000003058 ) ) ;
#3958 = CARTESIAN_POINT ( 'NONE',  ( -5.290079664691836214, -1.223993838412301471, 0.0000000000000000000 ) ) ;
#3959 = CLOSED_SHELL ( 'NONE', ( #4845, #577, #4739, #3638, #4441, #3116, #4920, #1966, #4141, #3984, #4462, #2484, #3185, #5502 ) ) ;
#3960 = CARTESIAN_POINT ( 'NONE',  ( -4.649776012225780519, -0.3644059257990648892, 0.0000000000000000000 ) ) ;
#3961 = ORIENTED_EDGE ( 'NONE', *, *, #965, .F. ) ;
#3962 = CARTESIAN_POINT ( 'NONE',  ( -0.5539242355150757469, -0.8196782430847785461, 1.945186057362406906 ) ) ;
#3963 =( GEOMETRIC_REPRESENTATION_CONTEXT ( 3 ) GLOBAL_UNCERTAINTY_ASSIGNED_CONTEXT ( ( #569 ) ) GLOBAL_UNIT_ASSIGNED_CONTEXT ( ( #1358, #2605, #1758 ) ) REPRESENTATION_CONTEXT ( 'NONE', 'WORKASPACE' ) );
#3964 = CARTESIAN_POINT ( 'NONE',  ( -1.214621995509013619, -0.9282059008055607574, 1.733883805187750315 ) ) ;
#3965 = ORIENTED_EDGE ( 'NONE', *, *, #1090, .T. ) ;
#3966 = PLANE ( 'NONE',  #3612 ) ;
#3967 = CARTESIAN_POINT ( 'NONE',  ( -5.289845517849448342, -0.6010291853474106771, 1.594190862823685162 ) ) ;
#3968 = VERTEX_POINT ( 'NONE', #5000 ) ;
#3969 = AXIS2_PLACEMENT_3D ( 'NONE', #5336, #660, #3226 ) ;
#3970 = AXIS2_PLACEMENT_3D ( 'NONE', #5374, #1477, #670 ) ;
#3971 = CARTESIAN_POINT ( 'NONE',  ( -4.624817908788445564, -1.224630772956410318, 2.593200000000003058 ) ) ;
#3972 = CARTESIAN_POINT ( 'NONE',  ( -1.241340556338873080, -0.7828258426228352773, 0.0000000000000000000 ) ) ;
#3973 = CARTESIAN_POINT ( 'NONE',  ( -0.7429744331980028260, -1.569911088869446303, 0.0000000000000000000 ) ) ;
#3974 = CARTESIAN_POINT ( 'NONE',  ( -1.199629344853413437, -0.9276316972298718211, 2.593200000000003058 ) ) ;
#3975 = AXIS2_PLACEMENT_3D ( 'NONE', #3193, #2714, #2739 ) ;
#3976 = VECTOR ( 'NONE', #320, 1000.000000000000000 ) ;
#3977 = CARTESIAN_POINT ( 'NONE',  ( -0.8463256251941289054, -1.429427812489485916, 9.193313190974646717E-20 ) ) ;
#3978 = CARTESIAN_POINT ( 'NONE',  ( 0.6312110474883949607, -0.8544362567181342794, 1.929258583810245842 ) ) ;
#3979 = FACE_OUTER_BOUND ( 'NONE', #3366, .T. ) ;
#3980 = CARTESIAN_POINT ( 'NONE',  ( 0.6778567343847939908, -0.3138831304186900373, 2.086522796529809209 ) ) ;
#3981 = MECHANICAL_DESIGN_GEOMETRIC_PRESENTATION_REPRESENTATION (  '', ( #4431 ), #4968 ) ;
#3982 = MECHANICAL_DESIGN_GEOMETRIC_PRESENTATION_REPRESENTATION (  '', ( #4871 ), #4594 ) ;
#3983 = FACE_OUTER_BOUND ( 'NONE', #575, .T. ) ;
#3984 = ADVANCED_FACE ( 'NONE', ( #2871 ), #2925, .T. ) ;
#3985 = CARTESIAN_POINT ( 'NONE',  ( -4.595699649448726554, -0.9573390679197820718, 0.0000000000000000000 ) ) ;
#3986 = VERTEX_POINT ( 'NONE', #2090 ) ;
#3987 = CARTESIAN_POINT ( 'NONE',  ( 8.758599534877255621, -1.249999999999999334, 0.0000000000000000000 ) ) ;
#3988 = DIRECTION ( 'NONE',  ( 0.0000000000000000000, 0.0000000000000000000, 1.000000000000000000 ) ) ;
#3989 = UNCERTAINTY_MEASURE_WITH_UNIT (LENGTH_MEASURE( 1.000000000000000082E-05 ), #4542, 'distance_accuracy_value', 'NONE');
#3990 = VECTOR ( 'NONE', #5367, 1000.000000000000227 ) ;
#3991 = ADVANCED_FACE ( 'NONE', ( #3384 ), #5119, .T. ) ;
#3992 = EDGE_CURVE ( 'NONE', #4096, #5308, #695, .T. ) ;
#3993 = CARTESIAN_POINT ( 'NONE',  ( -5.195173631681601734, -1.413857220681322469, 2.593200000000003058 ) ) ;
#3994 = CARTESIAN_POINT ( 'NONE',  ( -4.608490549050388019, -0.4852935813575319224, 2.593200000000003058 ) ) ;
#3995 = SURFACE_SIDE_STYLE ('',( #90 ) ) ;
#3996 = EDGE_CURVE ( 'NONE', #1666, #258, #4593, .T. ) ;
#3997 = PLANE ( 'NONE',  #325 ) ;
#3998 = VERTEX_POINT ( 'NONE', #1294 ) ;
#3999 = CARTESIAN_POINT ( 'NONE',  ( -1.244232451397389916, -0.8556165212524637909, 2.561349295854137319E-19 ) ) ;
#4000 = CARTESIAN_POINT ( 'NONE',  ( -5.356373422328305267, -1.447641629384561535, 0.0000000000000000000 ) ) ;
#4001 = ORIENTED_EDGE ( 'NONE', *, *, #1542, .F. ) ;
#4002 = CARTESIAN_POINT ( 'NONE',  ( -4.669313964220759061, -1.205854379533966902, 0.0000000000000000000 ) ) ;
#4003 = B_SPLINE_SURFACE_WITH_KNOTS ( 'NONE', 1, 3, ( 
 ( #4855, #2702, #969, #539, #2109, #3835, #5202, #4706, #5263, #823, #418, #2527, #4671, #790, #2170, #4345 ),
 ( #5176, #3442, #3405, #4254, #5567, #5600, #385, #476, #453, #4315, #1677, #1246, #852, #878, #4374, #1282 ) ),
 .UNSPECIFIED., .F., .F., .F.,
 ( 2, 2 ),
 ( 4, 3, 2, 2, 2, 3, 4 ),
 ( 0.0000000000000000000, 1.000000000000000000 ),
 ( -0.01340011530635979060, 0.0000000000000000000, 0.2499999999999999722, 0.3749999999999999445, 0.4999999999999999445, 0.9999999999999998890, 1.009999999999999787 ),
 .UNSPECIFIED. ) ;
#4004 = CARTESIAN_POINT ( 'NONE',  ( -4.491411198841100294, -1.253178503746956274, 0.0000000000000000000 ) ) ;
#4005 = CARTESIAN_POINT ( 'NONE',  ( -0.4245880870785258554, -1.073728043341328542, 0.0000000000000000000 ) ) ;
#4006 = CARTESIAN_POINT ( 'NONE',  ( -4.518346631001065816, -1.196737118462050109, 1.725725444099759809 ) ) ;
#4007 = CARTESIAN_POINT ( 'NONE',  ( -4.488214569772976503, -1.197108101961204651, 0.0000000000000000000 ) ) ;
#4008 = CARTESIAN_POINT ( 'NONE',  ( -4.518557348400291218, -1.196734535434252233, 1.737793558437602526 ) ) ;
#4009 = CARTESIAN_POINT ( 'NONE',  ( -0.5961088696170319112, -1.501572683700417299, -3.632736160938781104E-20 ) ) ;
#4010 = DIRECTION ( 'NONE',  ( 0.01744974916068272111, -0.01744974916068272111, -0.9996954598818874604 ) ) ;
#4011 = DIRECTION ( 'NONE',  ( 0.0000000000000000000, 0.0000000000000000000, 1.000000000000000000 ) ) ;
#4012 = CARTESIAN_POINT ( 'NONE',  ( -4.806167483888685865, -1.032472288826856266, 0.0000000000000000000 ) ) ;
#4013 = ORIENTED_EDGE ( 'NONE', *, *, #360, .F. ) ;
#4014 = CARTESIAN_POINT ( 'NONE',  ( -2.943303573914135995, -1.289888116918959771, 0.0000000000000000000 ) ) ;
#4015 = EDGE_CURVE ( 'NONE', #1565, #5208, #1690, .T. ) ;
#4016 = B_SPLINE_CURVE_WITH_KNOTS ( 'NONE', 3,
 ( #781, #4583, #2520, #1671, #5134, #1206, #728, #2885, #2912, #348 ),
 .UNSPECIFIED., .F., .F.,
 ( 4, 3, 3, 4 ),
 ( 0.0002659181101755665028, 0.0004126564351496155199, 0.001286992821722714002, 0.002161329208295812050 ),
 .UNSPECIFIED. ) ;
#4017 = CARTESIAN_POINT ( 'NONE',  ( -2.645096718585121298, -0.4999181808372650804, 0.0000000000000000000 ) ) ;
#4018 = EDGE_CURVE ( 'NONE', #5208, #1946, #2623, .T. ) ;
#4019 = CARTESIAN_POINT ( 'NONE',  ( -5.297327207605302846, -0.6010860085565636890, 2.022571534042130637 ) ) ;
#4020 = DIRECTION ( 'NONE',  ( 0.0000000000000000000, -0.01745240643728354635, 0.9998476951563911586 ) ) ;
#4021 = ORIENTED_EDGE ( 'NONE', *, *, #2800, .T. ) ;
#4022 = SURFACE_SIDE_STYLE ('',( #140 ) ) ;
#4023 = CARTESIAN_POINT ( 'NONE',  ( -5.433694782715001281, -1.221123740783720324, 2.593200000000003058 ) ) ;
#4024 = ORIENTED_EDGE ( 'NONE', *, *, #3017, .F. ) ;
#4025 = CARTESIAN_POINT ( 'NONE',  ( -4.843675083855630170, -1.414442141671722997, 0.0000000000000000000 ) ) ;
#4026 = B_SPLINE_CURVE_WITH_KNOTS ( 'NONE', 3,
 ( #318, #3014, #2444, #2135, #2044, #5482, #1675, #1584, #3314, #2944 ),
 .UNSPECIFIED., .F., .F.,
 ( 4, 3, 3, 4 ),
 ( 0.0003822853976635330196, 0.0006335558473121534386, 0.001397442536740337114, 0.002161329226168548761 ),
 .UNSPECIFIED. ) ;
#4027 = CARTESIAN_POINT ( 'NONE',  ( -4.489332963942247900, -1.225132831643534370, 0.0000000000000000000 ) ) ;
#4028 = PLANE ( 'NONE',  #1251 ) ;
#4029 = EDGE_LOOP ( 'NONE', ( #39, #3218, #3827, #4013 ) ) ;
#4030 = CARTESIAN_POINT ( 'NONE',  ( -5.125973304851727974, -0.3795349158788926536, 2.593200000000003058 ) ) ;
#4031 = CARTESIAN_POINT ( 'NONE',  ( -2.943087033915099848, -1.083842945014921622, 0.0000000000000000000 ) ) ;
#4032 = DIRECTION ( 'NONE',  ( 1.000000000000000000, 1.224646799147353207E-16, -0.0000000000000000000 ) ) ;
#4033 = CARTESIAN_POINT ( 'NONE',  ( -5.103030255516626035, -0.2683908567170777970, 0.0000000000000000000 ) ) ;
#4034 = CARTESIAN_POINT ( 'NONE',  ( -0.6728174614885490401, -1.354790349121623771, 2.001454675372553567E-20 ) ) ;
#4035 = CARTESIAN_POINT ( 'NONE',  ( -5.477556704754885430, -1.232458344497029179, 2.148347352056795812E-19 ) ) ;
#4036 = CARTESIAN_POINT ( 'NONE',  ( -0.5801827226699288742, -0.5770173937744758064, 2.593200000000003058 ) ) ;
#4037 = ORIENTED_EDGE ( 'NONE', *, *, #3811, .T. ) ;
#4038 = CARTESIAN_POINT ( 'NONE',  ( -3.006942965101538690, -1.286545555613705316, 2.593200000000003058 ) ) ;
#4039 = UNCERTAINTY_MEASURE_WITH_UNIT (LENGTH_MEASURE( 1.000000000000000082E-05 ), #1458, 'distance_accuracy_value', 'NONE');
#4040 = CARTESIAN_POINT ( 'NONE',  ( -2.920274449816193663, -1.105643324800896554, 1.797123490003786017 ) ) ;
#4041 = PRESENTATION_STYLE_ASSIGNMENT (( #85 ) ) ;
#4042 = CARTESIAN_POINT ( 'NONE',  ( -2.609934313802396488, -0.5551346882795574755, 0.0000000000000000000 ) ) ;
#4043 = ORIENTED_EDGE ( 'NONE', *, *, #782, .T. ) ;
#4044 = CARTESIAN_POINT ( 'NONE',  ( -5.257508776925490679, -0.7204218895702748648, 1.983304072185121614 ) ) ;
#4045 = VECTOR ( 'NONE', #201, 1000.000000000000000 ) ;
#4046 = EDGE_CURVE ( 'NONE', #3968, #3475, #4354, .T. ) ;
#4047 = CARTESIAN_POINT ( 'NONE',  ( -0.8072098544789905183, -1.428782401706782501, 0.0000000000000000000 ) ) ;
#4048 = ORIENTED_EDGE ( 'NONE', *, *, #3023, .T. ) ;
#4049 = CARTESIAN_POINT ( 'NONE',  ( -9.991400465122746155, -2.168404344971008868E-15, 0.0000000000000000000 ) ) ;
#4050 = CARTESIAN_POINT ( 'NONE',  ( -1.440787907682014479, -1.115441267410711923, 1.791058563798850312 ) ) ;
#4051 = ORIENTED_EDGE ( 'NONE', *, *, #117, .F. ) ;
#4052 = CARTESIAN_POINT ( 'NONE',  ( -4.678082291706544993, -1.485028897431837080, 1.499597993192203438 ) ) ;
#4053 = VECTOR ( 'NONE', #4461, 1000.000000000000000 ) ;
#4054 = CARTESIAN_POINT ( 'NONE',  ( -4.534583985095582470, -1.223892750009702546, 2.593200000000003058 ) ) ;
#4055 = SURFACE_STYLE_USAGE ( .BOTH. , #4981 ) ;
#4056 = ADVANCED_FACE ( 'NONE', ( #4836 ), #4573, .T. ) ;
#4057 = ORIENTED_EDGE ( 'NONE', *, *, #5240, .T. ) ;
#4058 = AXIS2_PLACEMENT_3D ( 'NONE', #2697, #5313, #103 ) ;
#4059 = CARTESIAN_POINT ( 'NONE',  ( -0.4532945572417147462, -0.9282646257176566662, 1.809413875138323968 ) ) ;
#4060 = CARTESIAN_POINT ( 'NONE',  ( -2.836402099302932633, -1.053212064570120399, 2.593200000000003058 ) ) ;
#4061 = DIRECTION ( 'NONE',  ( -1.000000000000000000, 0.0000000000000000000, 0.0000000000000000000 ) ) ;
#4062 = CARTESIAN_POINT ( 'NONE',  ( -5.377705433602518070, -0.4141553762366850799, 0.0000000000000000000 ) ) ;
#4063 = PLANE ( 'NONE',  #4058 ) ;
#4064 = CARTESIAN_POINT ( 'NONE',  ( -3.041991848770936979, -1.396986268844624401, 0.0000000000000000000 ) ) ;
#4065 = AXIS2_PLACEMENT_3D ( 'NONE', #4223, #880, #2171 ) ;
#4066 = CARTESIAN_POINT ( 'NONE',  ( -4.954596959167623105, -1.578085663292407625, 0.0000000000000000000 ) ) ;
#4067 = CARTESIAN_POINT ( 'NONE',  ( -0.8210573283350965923, -0.3807909566583034255, 2.593200000000003058 ) ) ;
#4068 = ORIENTED_EDGE ( 'NONE', *, *, #3217, .T. ) ;
#4069 = AXIS2_PLACEMENT_3D ( 'NONE', #681, #1136, #274 ) ;
#4070 = CARTESIAN_POINT ( 'NONE',  ( -2.905340694631941556, -1.198442166299301004, 2.593200000000003058 ) ) ;
#4071 = CARTESIAN_POINT ( 'NONE',  ( -3.252737913582337104, -1.522903448043468888, 0.0000000000000000000 ) ) ;
#4072 = CARTESIAN_POINT ( 'NONE',  ( -3.105510145083689277, -0.5648608805396277965, 2.593200000000003058 ) ) ;
#4073 = CARTESIAN_POINT ( 'NONE',  ( -4.960504240319657754, -1.475261271555445397, 2.593200000000003058 ) ) ;
#4074 = VECTOR ( 'NONE', #2353, 1000.000000000000114 ) ;
#4075 = ORIENTED_EDGE ( 'NONE', *, *, #3614, .F. ) ;
#4076 = CARTESIAN_POINT ( 'NONE',  ( -2.439047739711252660, -1.536377666547909193, 1.446251591436572337 ) ) ;
#4077 = CARTESIAN_POINT ( 'NONE',  ( -5.285357421157819147, -0.8340903559614856189, 1.938222740493771523 ) ) ;
#4078 = ORIENTED_EDGE ( 'NONE', *, *, #3735, .F. ) ;
#4079 = EDGE_CURVE ( 'NONE', #3490, #1532, #5574, .T. ) ;
#4080 = CARTESIAN_POINT ( 'NONE',  ( -4.060161455623673810, -0.4256349713519695932, 0.0000000000000000000 ) ) ;
#4081 = ORIENTED_EDGE ( 'NONE', *, *, #27, .T. ) ;
#4082 = CARTESIAN_POINT ( 'NONE',  ( -4.987604838360685910, -0.4091526724505510360, 0.0000000000000000000 ) ) ;
#4083 = CARTESIAN_POINT ( 'NONE',  ( -3.210975531692725760, -1.456008176984114888, 1.527134633407144504 ) ) ;
#4084 = CARTESIAN_POINT ( 'NONE',  ( -5.092528486216938433, -1.546180966166554205, 1.435994875911665636 ) ) ;
#4085 = CARTESIAN_POINT ( 'NONE',  ( -4.828957792092630541, -0.9762575298724563977, 2.593200000000003058 ) ) ;
#4086 = FACE_OUTER_BOUND ( 'NONE', #4492, .T. ) ;
#4087 = CARTESIAN_POINT ( 'NONE',  ( -1.096287728600042310, -1.409289550775485234, 2.593200000000003058 ) ) ;
#4088 = CARTESIAN_POINT ( 'NONE',  ( -0.5863053758406004956, -0.9340476630618558262, 0.0000000000000000000 ) ) ;
#4089 = ORIENTED_EDGE ( 'NONE', *, *, #2530, .F. ) ;
#4090 = DIRECTION ( 'NONE',  ( 1.669508307706998772E-16, -1.000000000000000000, 0.0000000000000000000 ) ) ;
#4091 = LINE ( 'NONE', #2598, #1593 ) ;
#4092 = EDGE_CURVE ( 'NONE', #851, #2967, #3813, .T. ) ;
#4093 = CARTESIAN_POINT ( 'NONE',  ( -0.8335548609625039740, -0.4255945265833513957, 0.0000000000000000000 ) ) ;
#4094 = CARTESIAN_POINT ( 'NONE',  ( -2.672837090648116920, -0.4198044080907528675, 2.593200000000003058 ) ) ;
#4095 =( LENGTH_UNIT ( ) NAMED_UNIT ( * ) SI_UNIT ( .MILLI., .METRE. ) );
#4096 = VERTEX_POINT ( 'NONE', #4124 ) ;
#4097 = CARTESIAN_POINT ( 'NONE',  ( -3.095995487041061978, -1.424161644593182396, 1.556876234666602965 ) ) ;
#4098 =( LENGTH_UNIT ( ) NAMED_UNIT ( * ) SI_UNIT ( .MILLI., .METRE. ) );
#4099 = ORIENTED_EDGE ( 'NONE', *, *, #4149, .F. ) ;
#4100 = DIRECTION ( 'NONE',  ( 1.000000000000000000, 0.0000000000000000000, 0.0000000000000000000 ) ) ;
#4101 = CARTESIAN_POINT ( 'NONE',  ( -4.536209331882544937, -1.245665855349532336, 2.593200000000003058 ) ) ;
#4102 = SURFACE_SIDE_STYLE ('',( #4473 ) ) ;
#4103 = EDGE_LOOP ( 'NONE', ( #4956, #1919, #3668, #2933 ) ) ;
#4104 = DIRECTION ( 'NONE',  ( 1.669508307706998772E-16, -1.000000000000000000, 0.0000000000000000000 ) ) ;
#4105 = CARTESIAN_POINT ( 'NONE',  ( 0.7142771252724282594, -0.2774627395310559907, 0.0000000000000000000 ) ) ;
#4106 = CARTESIAN_POINT ( 'NONE',  ( -2.452503203357254247, -0.7667534418420005604, 0.0000000000000000000 ) ) ;
#4107 = CARTESIAN_POINT ( 'NONE',  ( -5.276032694852848870, -1.506744814575835312, 2.148347352056795812E-19 ) ) ;
#4108 = CARTESIAN_POINT ( 'NONE',  ( -4.060161455623673810, -1.561622081978972787, 0.0000000000000000000 ) ) ;
#4109 = CARTESIAN_POINT ( 'NONE',  ( -4.720946506559182687, -0.9092788216203269158, 1.417990987312278905 ) ) ;
#4110 = CARTESIAN_POINT ( 'NONE',  ( -0.6831763596060661525, -0.4906202759315262951, 0.0000000000000000000 ) ) ;
#4111 = ORIENTED_EDGE ( 'NONE', *, *, #2362, .T. ) ;
#4112 = ADVANCED_FACE ( 'NONE', ( #3278 ), #2788, .T. ) ;
#4113 = CARTESIAN_POINT ( 'NONE',  ( -17.07237392568151790, -1.536377666547909193, 1.446251591436572337 ) ) ;
#4114 = CARTESIAN_POINT ( 'NONE',  ( -3.117583646583561130, -0.6545502576364634617, 2.593200000000003058 ) ) ;
#4115 = EDGE_CURVE ( 'NONE', #659, #5019, #341, .T. ) ;
#4116 = CARTESIAN_POINT ( 'NONE',  ( -2.827897152005929726, -0.3803837947697069621, 2.593200000000003058 ) ) ;
#4117 = CARTESIAN_POINT ( 'NONE',  ( -5.189048116583470538, -0.3254568775950147930, 2.084781470769796030 ) ) ;
#4118 = ORIENTED_EDGE ( 'NONE', *, *, #1411, .T. ) ;
#4119 = CARTESIAN_POINT ( 'NONE',  ( -5.421248833157459757, -0.7286751740564962887, 0.0000000000000000000 ) ) ;
#4120 = CARTESIAN_POINT ( 'NONE',  ( -4.204840459183822432, -0.3138831304186903703, 2.086522796529808765 ) ) ;
#4121 = ORIENTED_EDGE ( 'NONE', *, *, #5131, .F. ) ;
#4122 = DIRECTION ( 'NONE',  ( -1.000000000000000000, -0.0000000000000000000, -0.0000000000000000000 ) ) ;
#4123 = CARTESIAN_POINT ( 'NONE',  ( -5.238073996680897793, -0.8603344763965077302, 1.926635561989751055 ) ) ;
#4124 = CARTESIAN_POINT ( 'NONE',  ( 3.231685845587584982, -2.051337329554144106E-15, -0.5000000000000004441 ) ) ;
#4125 = VERTEX_POINT ( 'NONE', #3823 ) ;
#4126 = CARTESIAN_POINT ( 'NONE',  ( -4.990096556374716386, -0.4091713900385345326, 0.0000000000000000000 ) ) ;
#4127 = CARTESIAN_POINT ( 'NONE',  ( -2.940123439394059179, -1.081348545851115839, 0.0000000000000000000 ) ) ;
#4128 = ORIENTED_EDGE ( 'NONE', *, *, #157, .T. ) ;
#4129 = COLOUR_RGB ( '',0.0000000000000000000, 0.0000000000000000000, 0.0000000000000000000 ) ;
#4130 = CARTESIAN_POINT ( 'NONE',  ( -2.692278123372567666, -0.8500649162606472853, 1.151232187994347909E-19 ) ) ;
#4131 = CARTESIAN_POINT ( 'NONE',  ( -5.021046387550609502, -1.577538058864913273, 2.148347352056795812E-19 ) ) ;
#4132 =( BOUNDED_CURVE ( )  B_SPLINE_CURVE ( 3, ( #4373, #1365, #4849, #4955 ),
 .UNSPECIFIED., .F., .T. ) 
 B_SPLINE_CURVE_WITH_KNOTS ( ( 4, 4 ),
 ( 3.389060303058395895, 3.698596310760761785 ),
 .UNSPECIFIED. ) 
 CURVE ( )  GEOMETRIC_REPRESENTATION_ITEM ( )  RATIONAL_B_SPLINE_CURVE ( ( 1.000000000000000000, 0.9920315465159497137, 0.9920315465159497137, 1.000000000000000000 ) ) 
 REPRESENTATION_ITEM ( '' )  );
#4133 = CARTESIAN_POINT ( 'NONE',  ( -4.954796124522651724, -1.553153432363294284, 1.428220716674468926 ) ) ;
#4134 = CARTESIAN_POINT ( 'NONE',  ( -1.167489428747836122, -1.376120415897906124, 1.783248038321555445E-19 ) ) ;
#4135 = AXIS2_PLACEMENT_3D ( 'NONE', #4939, #2783, #4780 ) ;
#4136 = CARTESIAN_POINT ( 'NONE',  ( -0.5410417346972629105, -0.9337725234950413622, 2.593200000000003058 ) ) ;
#4137 = ORIENTED_EDGE ( 'NONE', *, *, #3579, .T. ) ;
#4138 = VERTEX_POINT ( 'NONE', #774 ) ;
#4139 = FACE_OUTER_BOUND ( 'NONE', #1340, .T. ) ;
#4140 = VECTOR ( 'NONE', #821, 1000.000000000000000 ) ;
#4141 = ADVANCED_FACE ( 'NONE', ( #5496 ), #2399, .T. ) ;
#4142 = MECHANICAL_DESIGN_GEOMETRIC_PRESENTATION_REPRESENTATION (  '', ( #1516 ), #230 ) ;
#4143 = CARTESIAN_POINT ( 'NONE',  ( -0.8527854095975119231, -0.3808178215603821304, 2.593200000000003058 ) ) ;
#4144 = CARTESIAN_POINT ( 'NONE',  ( -4.899186395345492606, -1.002018394131825030, 8.594257207030009252E-20 ) ) ;
#4145 = CARTESIAN_POINT ( 'NONE',  ( -1.599405092726076338, -1.536377666547909193, 1.446251591436572337 ) ) ;
#4146 = B_SPLINE_CURVE_WITH_KNOTS ( 'NONE', 3,
 ( #3368, #1238, #5105, #2941, #729, #3437, #4664, #4701, #1672, #2467 ),
 .UNSPECIFIED., .F., .F.,
 ( 4, 2, 2, 2, 4 ),
 ( 2.093138547797080117E-06, 0.0001037475026101199134, 0.0002054018666724427632, 0.0003070562307347655994, 0.0004087105947970884356 ),
 .UNSPECIFIED. ) ;
#4147 = PRESENTATION_LAYER_ASSIGNMENT (  '', '', ( #3334 ) ) ;
#4148 = EDGE_CURVE ( 'NONE', #1496, #838, #5334, .T. ) ;
#4149 = EDGE_CURVE ( 'NONE', #2570, #1912, #5023, .T. ) ;
#4150 = SURFACE_SIDE_STYLE ('',( #1541 ) ) ;
#4151 = ORIENTED_EDGE ( 'NONE', *, *, #4775, .F. ) ;
#4152 = CARTESIAN_POINT ( 'NONE',  ( -1.005909878523489009, -0.5136122339956367133, 0.0000000000000000000 ) ) ;
#4153 = CARTESIAN_POINT ( 'NONE',  ( -5.443102285952195807, -0.6126509653342681050, 0.0000000000000000000 ) ) ;
#4154 = CARTESIAN_POINT ( 'NONE',  ( -2.645096718585121298, -0.4999181808372650804, 1.435983751217075051E-19 ) ) ;
#4155 = ORIENTED_EDGE ( 'NONE', *, *, #1999, .F. ) ;
#4156 =( LENGTH_UNIT ( ) NAMED_UNIT ( * ) SI_UNIT ( .MILLI., .METRE. ) );
#4157 = ADVANCED_FACE ( 'NONE', ( #3790 ), #1044, .T. ) ;
#4158 = AXIS2_PLACEMENT_3D ( 'NONE', #1557, #4614, #5042 ) ;
#4159 = DIRECTION ( 'NONE',  ( 6.260656153901262653E-16, 1.000000000000000000, 0.0000000000000000000 ) ) ;
#4160 = CARTESIAN_POINT ( 'NONE',  ( -5.262091210098264860, -0.5987289149263256283, 0.0000000000000000000 ) ) ;
#4161 = VERTEX_POINT ( 'NONE', #3486 ) ;
#4162 = CARTESIAN_POINT ( 'NONE',  ( -2.430266905593624127, -0.6319442246859495738, 0.0000000000000000000 ) ) ;
#4163 = CARTESIAN_POINT ( 'NONE',  ( -1.120125973885442994, -1.454351559983623643, 0.0000000000000000000 ) ) ;
#4164 = VERTEX_POINT ( 'NONE', #439 ) ;
#4165 = AXIS2_PLACEMENT_3D ( 'NONE', #137, #1402, #3129 ) ;
#4166 = CARTESIAN_POINT ( 'NONE',  ( -4.060161455623673810, -0.4256349713519695932, 0.0000000000000000000 ) ) ;
#4167 = CARTESIAN_POINT ( 'NONE',  ( -2.576169007938204913, -0.6334849850823840445, 1.072930942750889960 ) ) ;
#4168 = CARTESIAN_POINT ( 'NONE',  ( -0.8315726995288446055, -1.475144955185273332, 2.593200000000003058 ) ) ;
#4169 = CARTESIAN_POINT ( 'NONE',  ( -5.427850148919604045, -0.6127008241446851855, 0.8732552721322739409 ) ) ;
#4170 = CARTESIAN_POINT ( 'NONE',  ( -3.211167746189691474, -0.5147132772509275256, 0.0000000000000000000 ) ) ;
#4171 = SURFACE_STYLE_FILL_AREA ( #2443 ) ;
#4172 = FILL_AREA_STYLE ('',( #1644 ) ) ;
#4173 = ORIENTED_EDGE ( 'NONE', *, *, #5173, .F. ) ;
#4174 = CARTESIAN_POINT ( 'NONE',  ( 9.258599534877250292, -1.250000000000004885, 0.0000000000000000000 ) ) ;
#4175 = SURFACE_STYLE_FILL_AREA ( #2919 ) ;
#4176 = CARTESIAN_POINT ( 'NONE',  ( -0.8517291539443537784, -0.4260701791124146820, 0.0000000000000000000 ) ) ;
#4177 = DIRECTION ( 'NONE',  ( 0.0000000000000000000, -0.9998476951563912696, 0.01745240643728355329 ) ) ;
#4178 = DIRECTION ( 'NONE',  ( -3.965082230804130713E-16, -1.000000000000000000, 0.0000000000000000000 ) ) ;
#4179 = B_SPLINE_CURVE_WITH_KNOTS ( 'NONE', 3,
 ( #4256, #2202, #5231, #4800, #1211, #2139, #3867, #1283, #3836, #3444, #5178, #3018, #2724, #2674, #1829, #4829, #2334, #4852 ),
 .UNSPECIFIED., .F., .F.,
 ( 4, 2, 2, 2, 2, 2, 2, 2, 4 ),
 ( 0.0000000000000000000, 6.519279650054745170E-05, 0.0001303855930010949034, 0.0001955783895016423551, 0.0002607711860021898068, 0.0003259639825027372314, 0.0003911567790032847102, 0.0004563495755038321890, 0.0005215423720043796136 ),
 .UNSPECIFIED. ) ;
#4180 = VERTEX_POINT ( 'NONE', #2544 ) ;
#4181 = CARTESIAN_POINT ( 'NONE',  ( -4.880504332348526653, -0.8302748751785196113, 0.0000000000000000000 ) ) ;
#4182 = CARTESIAN_POINT ( 'NONE',  ( -5.231999436939076098, -0.8503920114970289212, 2.593200000000003058 ) ) ;
#4183 = CARTESIAN_POINT ( 'NONE',  ( -2.799796366521288160, -0.4265917718786504942, 1.435983751217075051E-19 ) ) ;
#4184 = VERTEX_POINT ( 'NONE', #1268 ) ;
#4185 = CARTESIAN_POINT ( 'NONE',  ( -1.574160677295012745, -1.084178223889362691, 0.0000000000000000000 ) ) ;
#4186 = CARTESIAN_POINT ( 'NONE',  ( -3.236210659577863691, -1.447405986617018359, 0.0000000000000000000 ) ) ;
#4187 = CARTESIAN_POINT ( 'NONE',  ( -5.198604510634234011, -0.7283737140237308560, -1.489991402804790564E-19 ) ) ;
#4188 = CARTESIAN_POINT ( 'NONE',  ( -5.215280036133015606, -0.7149890763646166159, 0.0000000000000000000 ) ) ;
#4189 = EDGE_LOOP ( 'NONE', ( #4705, #4275, #4389, #702 ) ) ;
#4190 = CARTESIAN_POINT ( 'NONE',  ( -7.320840341273962437, -2.123270045287784227E-15, -2.060000000000002274 ) ) ;
#4191 = CARTESIAN_POINT ( 'NONE',  ( -1.105619172390217564, -1.442932388946531308, 1.055732377685390411 ) ) ;
#4192 = EDGE_CURVE ( 'NONE', #218, #3784, #5238, .T. ) ;
#4193 = VERTEX_POINT ( 'NONE', #2187 ) ;
#4194 = CARTESIAN_POINT ( 'NONE',  ( -2.613500656615836526, -0.7281527721523776142, 1.151232187994347909E-19 ) ) ;
#4195 = CARTESIAN_POINT ( 'NONE',  ( -2.594902718727972513, -0.6334876854340841801, 0.0000000000000000000 ) ) ;
#4196 = LINE ( 'NONE', #289, #3785 ) ;
#4197 = CARTESIAN_POINT ( 'NONE',  ( -1.079008259453186458, -1.032104910596705949, 0.0000000000000000000 ) ) ;
#4198 = CARTESIAN_POINT ( 'NONE',  ( -1.079908334527477587, -0.9799072079076271979, 9.193313190974646717E-20 ) ) ;
#4199 = VERTEX_POINT ( 'NONE', #465 ) ;
#4200 = CARTESIAN_POINT ( 'NONE',  ( -2.726453778154820817, -0.2854465585265617000, 0.0000000000000000000 ) ) ;
#4201 = CARTESIAN_POINT ( 'NONE',  ( -2.825392857116060252, -0.2774627395310559907, 0.0000000000000000000 ) ) ;
#4202 = FACE_OUTER_BOUND ( 'NONE', #5129, .T. ) ;
#4203 = CARTESIAN_POINT ( 'NONE',  ( -4.990038868731419441, -0.4010701986585633594, 0.4640790237872151058 ) ) ;
#4204 = CARTESIAN_POINT ( 'NONE',  ( -1.044755989303243426, -0.4903775117582768739, 2.593200000000003058 ) ) ;
#4205 = DIRECTION ( 'NONE',  ( -1.000000000000000000, 0.0000000000000000000, 0.0000000000000000000 ) ) ;
#4206 = CARTESIAN_POINT ( 'NONE',  ( -1.409524864160664581, -1.248814037023710855, 0.0000000000000000000 ) ) ;
#4207 = FACE_OUTER_BOUND ( 'NONE', #5381, .T. ) ;
#4208 = VERTEX_POINT ( 'NONE', #2635 ) ;
#4209 = CARTESIAN_POINT ( 'NONE',  ( -2.605083238885563812, -0.3669904377291173803, 2.078062802719906621 ) ) ;
#4210 = CARTESIAN_POINT ( 'NONE',  ( -4.721198217106005401, -0.5556814410185747510, 4.762539561707135955E-20 ) ) ;
#4211 = EDGE_CURVE ( 'NONE', #838, #4886, #889, .T. ) ;
#4212 = DIRECTION ( 'NONE',  ( 0.0000000000000000000, -0.9998476951563912696, 0.01745240643728354982 ) ) ;
#4213 = ORIENTED_EDGE ( 'NONE', *, *, #472, .T. ) ;
#4214 = CARTESIAN_POINT ( 'NONE',  ( -0.4217099853545748789, -0.9282886883277764456, 0.0000000000000000000 ) ) ;
#4215 = CARTESIAN_POINT ( 'NONE',  ( -0.4669731088510188366, -0.9286383903522100747, 2.593200000000003058 ) ) ;
#4216 = EDGE_LOOP ( 'NONE', ( #3574, #4244, #894, #4121 ) ) ;
#4217 = CARTESIAN_POINT ( 'NONE',  ( -4.696642720471007060, -0.3322761165775748315, 3.529904119173037149E-21 ) ) ;
#4218 = CARTESIAN_POINT ( 'NONE',  ( -3.135923654419816131, -0.6143571776563060416, 2.018582586801425105 ) ) ;
#4219 = CARTESIAN_POINT ( 'NONE',  ( -0.6024255356954953955, -1.188038445381518926, 0.0000000000000000000 ) ) ;
#4220 = CARTESIAN_POINT ( 'NONE',  ( 8.758599534877250292, -1.250000000000004663, 0.0000000000000000000 ) ) ;
#4221 = CARTESIAN_POINT ( 'NONE',  ( -2.268493199475093203, -1.218748981412659083, 1.722425882383802342 ) ) ;
#4222 = ORIENTED_EDGE ( 'NONE', *, *, #2068, .T. ) ;
#4223 = CARTESIAN_POINT ( 'NONE',  ( -3.072346576817582608, -0.6561251097400569998, 0.0000000000000000000 ) ) ;
#4224 = SURFACE_SIDE_STYLE ('',( #3695 ) ) ;
#4225 = CARTESIAN_POINT ( 'NONE',  ( -1.169065756274797474, -1.235950089260497098, 2.593200000000003058 ) ) ;
#4226 = FACE_OUTER_BOUND ( 'NONE', #621, .T. ) ;
#4227 = VECTOR ( 'NONE', #5508, 1000.000000000000114 ) ;
#4228 = VECTOR ( 'NONE', #4559, 1000.000000000000000 ) ;
#4229 = CARTESIAN_POINT ( 'NONE',  ( -0.7137496256465455380, -1.425715509357687205, 1.555541296718241373 ) ) ;
#4230 = VECTOR ( 'NONE', #1088, 1000.000000000000000 ) ;
#4231 = CARTESIAN_POINT ( 'NONE',  ( 2.679159658726035786, -2.076408157418506810E-15, -0.7512058792506822735 ) ) ;
#4232 = CARTESIAN_POINT ( 'NONE',  ( -0.8335476544482333106, -0.3138917999665414849, 2.086521492320119631 ) ) ;
#4233 = DIRECTION ( 'NONE',  ( 0.9998476951563912696, 0.0000000000000000000, 0.01745240643728354982 ) ) ;
#4234 = CARTESIAN_POINT ( 'NONE',  ( -2.627022098744519418, -0.5228559673590861268, 1.435983751217075051E-19 ) ) ;
#4235 = EDGE_LOOP ( 'NONE', ( #4535, #4660, #1185, #916 ) ) ;
#4236 = TOROIDAL_SURFACE ( 'NONE', #4069, 1.250000000000001110, 0.5000000000000004441 ) ;
#4237 = CIRCLE ( 'NONE', #1151, 0.008838884357004672329 ) ;
#4238 = PLANE ( 'NONE',  #679 ) ;
#4239 = DIRECTION ( 'NONE',  ( 1.000000000000000000, 0.0000000000000000000, 0.0000000000000000000 ) ) ;
#4240 = CARTESIAN_POINT ( 'NONE',  ( -0.8332967488117369870, -1.436610773123325302, 0.3834181816630053974 ) ) ;
#4241 = MECHANICAL_DESIGN_GEOMETRIC_PRESENTATION_REPRESENTATION (  '', ( #3334 ), #3535 ) ;
#4242 = STYLED_ITEM ( 'NONE', ( #1018 ), #2887 ) ;
#4243 = CARTESIAN_POINT ( 'NONE',  ( -5.247003773494454570, -0.6722060065031749687, 0.0000000000000000000 ) ) ;
#4244 = ORIENTED_EDGE ( 'NONE', *, *, #3672, .T. ) ;
#4245 = LINE ( 'NONE', #4190, #3236 ) ;
#4246 = LINE ( 'NONE', #2882, #4662 ) ;
#4247 = ORIENTED_EDGE ( 'NONE', *, *, #5378, .T. ) ;
#4248 = FACE_OUTER_BOUND ( 'NONE', #1881, .T. ) ;
#4249 = CARTESIAN_POINT ( 'NONE',  ( -3.105249629774274212, -0.6174411356376137139, 2.017638828934095407 ) ) ;
#4250 = CARTESIAN_POINT ( 'NONE',  ( -0.7541274181204141724, -1.462964772626627719, 2.593200000000003058 ) ) ;
#4251 = CARTESIAN_POINT ( 'NONE',  ( -0.8329624190511262238, -1.475221913864129153, 2.593200000000003058 ) ) ;
#4252 = DIRECTION ( 'NONE',  ( 0.0000000000000000000, 0.0000000000000000000, -1.000000000000000000 ) ) ;
#4253 = ORIENTED_EDGE ( 'NONE', *, *, #3577, .T. ) ;
#4254 = CARTESIAN_POINT ( 'NONE',  ( -4.624098779412306293, -1.203742578667965191, 2.593200000000003058 ) ) ;
#4255 = DIRECTION ( 'NONE',  ( 0.01745240643728354635, 0.0000000000000000000, 0.9998476951563911586 ) ) ;
#4256 = CARTESIAN_POINT ( 'NONE',  ( -5.311393635444717987, -1.117105386516232146, 0.0000000000000000000 ) ) ;
#4257 =( NAMED_UNIT ( * ) SI_UNIT ( $, .STERADIAN. ) SOLID_ANGLE_UNIT ( ) );
#4258 = B_SPLINE_SURFACE_WITH_KNOTS ( 'NONE', 1, 3, ( 
 ( #3496, #5229, #3949, #4798, #2645, #49, #1794, #3529, #4681, #4324, #3453, #1749, #3478, #5546, #1164, #3876 ),
 ( #4624, #2475, #5187, #4204, #298, #3415, #801, #2566, #1218, #4647, #3780, #2051, #834, #2180, #396, #5516 ) ),
 .UNSPECIFIED., .F., .F., .F.,
 ( 2, 2 ),
 ( 4, 3, 2, 2, 2, 3, 4 ),
 ( 0.0000000000000000000, 1.000000000000000000 ),
 ( -0.01243374071377510194, 0.0000000000000000000, 0.1249999999999999861, 0.2499999999999999722, 0.4999999999999999445, 0.9999999999999998890, 1.009999999999999787 ),
 .UNSPECIFIED. ) ;
#4259 = CARTESIAN_POINT ( 'NONE',  ( -1.158199940659647043, -1.277401574720740340, 2.593200000000003058 ) ) ;
#4260 = CARTESIAN_POINT ( 'NONE',  ( -1.043555289745105918, -0.4881856236312290820, 2.593200000000003058 ) ) ;
#4261 = CARTESIAN_POINT ( 'NONE',  ( -3.032128537137010582, -1.215906012306982253, 2.593200000000003058 ) ) ;
#4262 = EDGE_CURVE ( 'NONE', #3801, #1178, #4727, .T. ) ;
#4263 = CARTESIAN_POINT ( 'NONE',  ( -0.7124608210073790637, -0.4644658402797525176, 4.328710526699272534E-20 ) ) ;
#4264 = CARTESIAN_POINT ( 'NONE',  ( -1.738796490429361130, -1.248814037023710855, 0.0000000000000000000 ) ) ;
#4265 = CARTESIAN_POINT ( 'NONE',  ( -4.600557133388312181, -0.4156925255578526324, 0.0000000000000000000 ) ) ;
#4266 = CARTESIAN_POINT ( 'NONE',  ( -2.814403429862168071, -0.4259880012564232765, 1.435983751217075051E-19 ) ) ;
#4267 = VERTEX_POINT ( 'NONE', #1755 ) ;
#4268 = CARTESIAN_POINT ( 'NONE',  ( -4.719128435752739215, -0.4665917606255817751, 2.058191450521875687 ) ) ;
#4269 = CARTESIAN_POINT ( 'NONE',  ( -5.098520150960541564, -0.4193875094299348572, -3.135031547352176236E-20 ) ) ;
#4270 = SURFACE_SIDE_STYLE ('',( #4575 ) ) ;
#4271 = CARTESIAN_POINT ( 'NONE',  ( -1.220837459078085274, -0.9282228823852228805, 1.377823859408739304 ) ) ;
#4272 = ORIENTED_EDGE ( 'NONE', *, *, #1798, .T. ) ;
#4273 = DIRECTION ( 'NONE',  ( 0.03546680317698516077, 0.01744142634346319137, -0.9992186460027208117 ) ) ;
#4274 = CARTESIAN_POINT ( 'NONE',  ( -3.253480868233432410, -1.542251390493127650, -1.159464996628269268E-20 ) ) ;
#4275 = ORIENTED_EDGE ( 'NONE', *, *, #2118, .F. ) ;
#4276 = CARTESIAN_POINT ( 'NONE',  ( -4.591992982753622776, -0.4270415171399231657, 3.529904119173037149E-21 ) ) ;
#4277 = CARTESIAN_POINT ( 'NONE',  ( -4.702241126847629182, -0.6396615284266221613, 0.0000000000000000000 ) ) ;
#4278 = CARTESIAN_POINT ( 'NONE',  ( -0.5410550936196808491, -0.9238976263553809742, 2.593200000000003058 ) ) ;
#4279 = CARTESIAN_POINT ( 'NONE',  ( -1.080267034026547668, -0.9256888811518958482, 0.0000000000000000000 ) ) ;
#4280 = PRODUCT_RELATED_PRODUCT_CATEGORY ( 'part', '', ( #262 ) ) ;
#4281 = SURFACE_STYLE_USAGE ( .BOTH. , #2524 ) ;
#4282 = SURFACE_STYLE_FILL_AREA ( #4172 ) ;
#4283 = ORIENTED_EDGE ( 'NONE', *, *, #3439, .T. ) ;
#4284 = CARTESIAN_POINT ( 'NONE',  ( -1.113333994835863150, -0.9276912808032791169, 1.895122393810380279 ) ) ;
#4285 = PLANE ( 'NONE',  #4065 ) ;
#4286 = CARTESIAN_POINT ( 'NONE',  ( -2.449252791014027153, -0.5095188056994691683, 2.199675876008892974E-19 ) ) ;
#4287 = CARTESIAN_POINT ( 'NONE',  ( -17.07237392568151790, -2.123270045287784227E-15, 0.0000000000000000000 ) ) ;
#4288 = CARTESIAN_POINT ( 'NONE',  ( -4.997222489251886834, -0.2974728467764339856, 2.088925538507955260 ) ) ;
#4289 = EDGE_CURVE ( 'NONE', #1946, #1059, #2213, .T. ) ;
#4290 = EDGE_LOOP ( 'NONE', ( #5440, #2161 ) ) ;
#4291 = CARTESIAN_POINT ( 'NONE',  ( -4.640995369202988385, -1.240778520064329538, 1.707157076207764135 ) ) ;
#4292 = DIRECTION ( 'NONE',  ( 0.0000000000000000000, 0.0000000000000000000, 1.000000000000000000 ) ) ;
#4293 = B_SPLINE_CURVE_WITH_KNOTS ( 'NONE', 3,
 ( #1854, #4406, #2699, #537, #5235, #506, #3072, #1422 ),
 .UNSPECIFIED., .F., .F.,
 ( 4, 2, 2, 4 ),
 ( 6.154455130610562502E-07, 0.0002364816381924013248, 0.0003544147345320726970, 0.0004723478308717440964 ),
 .UNSPECIFIED. ) ;
#4294 = ADVANCED_FACE ( 'NONE', ( #843 ), #1784, .T. ) ;
#4295 = CARTESIAN_POINT ( 'NONE',  ( -1.210691058789319818, -0.8648683633670528614, 1.925896089063787286 ) ) ;
#4296 = CARTESIAN_POINT ( 'NONE',  ( 2.624800446169661239, -2.141416243649324074E-15, 0.1116197760532974814 ) ) ;
#4297 = VERTEX_POINT ( 'NONE', #4784 ) ;
#4298 = ORIENTED_EDGE ( 'NONE', *, *, #956, .F. ) ;
#4299 = DIRECTION ( 'NONE',  ( 0.0000000000000000000, 0.0000000000000000000, 1.000000000000000000 ) ) ;
#4300 = CARTESIAN_POINT ( 'NONE',  ( -0.6004667991166491303, -0.5430401460068550179, 2.039723291070770550 ) ) ;
#4301 = CARTESIAN_POINT ( 'NONE',  ( -3.249919937885680010, -1.503738317523352741, 0.0000000000000000000 ) ) ;
#4302 = CARTESIAN_POINT ( 'NONE',  ( -1.221828474987936897, -1.201580658998604667, 0.0000000000000000000 ) ) ;
#4303 = ORIENTED_EDGE ( 'NONE', *, *, #3353, .F. ) ;
#4304 = B_SPLINE_CURVE_WITH_KNOTS ( 'NONE', 3,
 ( #4284, #1310, #5631, #2137, #3927, #3865 ),
 .UNSPECIFIED., .F., .F.,
 ( 4, 2, 4 ),
 ( 2.914067527676409830E-06, 0.0002410701605761437930, 0.0004792262536246111359 ),
 .UNSPECIFIED. ) ;
#4305 = CARTESIAN_POINT ( 'NONE',  ( -1.244889051026316418, -0.9282886883277764456, 0.0000000000000000000 ) ) ;
#4306 = CARTESIAN_POINT ( 'NONE',  ( -5.019106274123411815, -1.532288033186016030, 2.593200000000003058 ) ) ;
#4307 = ORIENTED_EDGE ( 'NONE', *, *, #4148, .F. ) ;
#4308 = CARTESIAN_POINT ( 'NONE',  ( -4.945384358914648004, -1.429595730008462962, 0.0000000000000000000 ) ) ;
#4309 = CARTESIAN_POINT ( 'NONE',  ( -4.671515513743647929, -1.240235772126566882, -7.684581296706453857E-20 ) ) ;
#4310 = CARTESIAN_POINT ( 'NONE',  ( -0.4463576506355501627, -1.217401644243970793, 0.0000000000000000000 ) ) ;
#4311 = CARTESIAN_POINT ( 'NONE',  ( -0.9556949796085102422, -1.390460848812351324, 0.0000000000000000000 ) ) ;
#4312 = CARTESIAN_POINT ( 'NONE',  ( -4.546380562618249854, -0.6163453450853561000, 1.335783248996871508 ) ) ;
#4313 = CARTESIAN_POINT ( 'NONE',  ( -4.498118041958132807, -1.196985789521713084, 0.5671964062828156461 ) ) ;
#4314 = ORIENTED_EDGE ( 'NONE', *, *, #186, .F. ) ;
#4315 = CARTESIAN_POINT ( 'NONE',  ( -4.665429899458589880, -1.076654451981537752, 2.593200000000003058 ) ) ;
#4316 = DIRECTION ( 'NONE',  ( 1.000000000000000000, 0.0000000000000000000, 0.0000000000000000000 ) ) ;
#4317 = DIRECTION ( 'NONE',  ( -1.000000000000000000, 0.0000000000000000000, -0.0000000000000000000 ) ) ;
#4318 = ORIENTED_EDGE ( 'NONE', *, *, #2420, .F. ) ;
#4319 = CARTESIAN_POINT ( 'NONE',  ( -1.881753666669348846, -0.6018117792014838763, 2.040953635245959852 ) ) ;
#4320 = CARTESIAN_POINT ( 'NONE',  ( 2.622817477216903281, -2.168404344971008868E-15, 0.0000000000000000000 ) ) ;
#4321 = CIRCLE ( 'NONE', #2953, 2.051575658258951051 ) ;
#4322 = EDGE_CURVE ( 'NONE', #2591, #2636, #978, .T. ) ;
#4323 =( BOUNDED_CURVE ( )  B_SPLINE_CURVE ( 3, ( #3747, #293, #5081, #4221 ),
 .UNSPECIFIED., .F., .T. ) 
 B_SPLINE_CURVE_WITH_KNOTS ( ( 4, 4 ),
 ( 3.687170225997724149, 3.757385788558731843 ),
 .UNSPECIFIED. ) 
 CURVE ( )  GEOMETRIC_REPRESENTATION_ITEM ( )  RATIONAL_B_SPLINE_CURVE ( ( 1.000000000000000000, 0.9995891900959821275, 0.9995891900959821275, 1.000000000000000000 ) ) 
 REPRESENTATION_ITEM ( '' )  );
#4324 = CARTESIAN_POINT ( 'NONE',  ( -1.063607574242782405, -0.6802549013796265198, 0.0000000000000000000 ) ) ;
#4325 = FACE_OUTER_BOUND ( 'NONE', #2764, .T. ) ;
#4326 = CARTESIAN_POINT ( 'NONE',  ( -3.068444278104716982, -0.4905253064387122830, 2.052627645001771306 ) ) ;
#4327 = ORIENTED_EDGE ( 'NONE', *, *, #3178, .T. ) ;
#4328 = EDGE_CURVE ( 'NONE', #2548, #2991, #5586, .T. ) ;
#4329 = PLANE ( 'NONE',  #4497 ) ;
#4330 = AXIS2_PLACEMENT_3D ( 'NONE', #5571, #357, #4847 ) ;
#4331 = FACE_OUTER_BOUND ( 'NONE', #4435, .T. ) ;
#4332 = CARTESIAN_POINT ( 'NONE',  ( -5.265074215451686968, -0.7281210820633873260, 2.593200000000003058 ) ) ;
#4333 = VERTEX_POINT ( 'NONE', #5193 ) ;
#4334 = AXIS2_PLACEMENT_3D ( 'NONE', #1192, #764, #2955 ) ;
#4335 = DIRECTION ( 'NONE',  ( 1.669508307706998772E-16, -1.000000000000000000, 0.0000000000000000000 ) ) ;
#4336 = DIRECTION ( 'NONE',  ( -0.01243305751536475517, 1.224552141975222173E-16, -0.9999227065532714231 ) ) ;
#4337 = VERTEX_POINT ( 'NONE', #5251 ) ;
#4338 = ADVANCED_FACE ( 'NONE', ( #1355, #4814 ), #2602, .F. ) ;
#4339 = FACE_OUTER_BOUND ( 'NONE', #2014, .T. ) ;
#4340 = CARTESIAN_POINT ( 'NONE',  ( -1.142744672937081152, -0.4358713436656662665, 0.0000000000000000000 ) ) ;
#4341 = MECHANICAL_DESIGN_GEOMETRIC_PRESENTATION_REPRESENTATION (  '', ( #4878 ), #2793 ) ;
#4342 = PRESENTATION_STYLE_ASSIGNMENT (( #21 ) ) ;
#4343 = CARTESIAN_POINT ( 'NONE',  ( -2.828971240357581518, -0.3894274641738170173, 2.073751733006427678 ) ) ;
#4344 = CARTESIAN_POINT ( 'NONE',  ( -2.999470818145792084, -0.3405395237623196070, 2.082368616779760373 ) ) ;
#4345 = CARTESIAN_POINT ( 'NONE',  ( -4.808311246695895491, -1.031537249432300074, 0.0000000000000000000 ) ) ;
#4346 = LINE ( 'NONE', #2138, #3976 ) ;
#4347 = CARTESIAN_POINT ( 'NONE',  ( -1.034178084642848550, -0.4938980095469385212, 1.969599027911881794 ) ) ;
#4348 = VECTOR ( 'NONE', #5104, 1000.000000000000227 ) ;
#4349 = CARTESIAN_POINT ( 'NONE',  ( -4.488214569772976503, -1.197108101961204651, 0.0000000000000000000 ) ) ;
#4350 = ORIENTED_EDGE ( 'NONE', *, *, #5406, .F. ) ;
#4351 = DIRECTION ( 'NONE',  ( 0.01745240643728354635, 0.0000000000000000000, 0.9998476951563911586 ) ) ;
#4352 = DIRECTION ( 'NONE',  ( 0.0000000000000000000, -1.000000000000000000, 0.0000000000000000000 ) ) ;
#4353 = DIRECTION ( 'NONE',  ( 0.0000000000000000000, 0.0000000000000000000, 1.000000000000000000 ) ) ;
#4354 = B_SPLINE_CURVE_WITH_KNOTS ( 'NONE', 3,
 ( #461, #5152, #4326, #2152, #2235, #2595, #1751, #2183 ),
 .UNSPECIFIED., .F., .F.,
 ( 4, 2, 2, 4 ),
 ( 3.903886789548299428E-05, 0.0002375760757560099756, 0.0003368446796862729106, 0.0004361132836165358727 ),
 .UNSPECIFIED. ) ;
#4355 = B_SPLINE_SURFACE_WITH_KNOTS ( 'NONE', 1, 3, ( 
 ( #4905, #4799, #1393, #2646, #3530, #3588, #4062, #3146, #5264, #1852, #4430, #2672, #4877, #4401, #1015, #503, #4033, #534, #1828, #1366 ),
 ( #558, #152, #3098, #3563, #2285, #583, #3498, #995, #2723, #4455, #1875, #5230, #3610, #1336, #2748, #4478, #911, #4375, #477, #3229 ) ),
 .UNSPECIFIED., .F., .F., .F.,
 ( 2, 2 ),
 ( 4, 2, 2, 2, 2, 2, 2, 2, 2, 4 ),
 ( 0.0000000000000000000, 1.000000000000000000 ),
 ( 0.0000000000000000000, 0.1250000000000000000, 0.2500000000000000000, 0.3750000000000000000, 0.5000000000000000000, 0.5625000000000000000, 0.6250000000000000000, 0.7500000000000000000, 0.8750000000000000000, 1.000000000000000000 ),
 .UNSPECIFIED. ) ;
#4356 = CARTESIAN_POINT ( 'NONE',  ( -5.112411677973443425, -1.404201913730137141, 0.0000000000000000000 ) ) ;
#4357 = CARTESIAN_POINT ( 'NONE',  ( -4.864939213976036569, -0.3177346021108182206, 2.593200000000003058 ) ) ;
#4358 = EDGE_LOOP ( 'NONE', ( #1075, #4247, #4937, #2512 ) ) ;
#4359 = CARTESIAN_POINT ( 'NONE',  ( -4.241260850071457256, -1.561622081978972787, 0.0000000000000000000 ) ) ;
#4360 = CARTESIAN_POINT ( 'NONE',  ( -5.113686957103643849, -0.4231568231124976931, -3.135031547352176236E-20 ) ) ;
#4361 = CARTESIAN_POINT ( 'NONE',  ( -4.839348853216446145, -0.3840595367131384164, 2.593200000000003058 ) ) ;
#4362 = EDGE_CURVE ( 'NONE', #3599, #1144, #4967, .T. ) ;
#4363 = CARTESIAN_POINT ( 'NONE',  ( -1.240078734682062533, -0.9282755135331116625, 0.2755647719168028975 ) ) ;
#4364 = ORIENTED_EDGE ( 'NONE', *, *, #1163, .T. ) ;
#4365 = CARTESIAN_POINT ( 'NONE',  ( -17.07237392568151790, -2.123270045287784227E-15, 0.0000000000000000000 ) ) ;
#4366 = CARTESIAN_POINT ( 'NONE',  ( -5.492493029892501433, -1.117105386516232146, 0.0000000000000000000 ) ) ;
#4367 = ORIENTED_EDGE ( 'NONE', *, *, #2219, .T. ) ;
#4368 = CARTESIAN_POINT ( 'NONE',  ( -4.886792861322684089, -1.470137854027650848, 2.593200000000003058 ) ) ;
#4369 = CARTESIAN_POINT ( 'NONE',  ( -1.202326762725189235, -0.5684764548533115525, 0.0000000000000000000 ) ) ;
#4370 = CARTESIAN_POINT ( 'NONE',  ( -0.5621291651981632498, -1.395851148398119967, 2.593200000000003058 ) ) ;
#4371 = EDGE_CURVE ( 'NONE', #1866, #488, #1299, .T. ) ;
#4372 = DIRECTION ( 'NONE',  ( 0.01744974916068272111, 0.01744974916068272111, -0.9996954598818874604 ) ) ;
#4373 = CARTESIAN_POINT ( 'NONE',  ( -1.703088304587126789, -0.5168435351295538327, 2.045720596805634450 ) ) ;
#4374 = CARTESIAN_POINT ( 'NONE',  ( -4.789550130562899355, -0.9903375046681600624, 2.593200000000003058 ) ) ;
#4375 = CARTESIAN_POINT ( 'NONE',  ( -5.047379122404695551, -0.3077386313855499100, 2.593200000000003058 ) ) ;
#4376 = CARTESIAN_POINT ( 'NONE',  ( -5.464797661138169005, -1.143278503540990920, 1.499456870105823958 ) ) ;
#4377 = LINE ( 'NONE', #1957, #689 ) ;
#4378 = VERTEX_POINT ( 'NONE', #3271 ) ;
#4379 = B_SPLINE_CURVE_WITH_KNOTS ( 'NONE', 3,
 ( #2528, #4644, #3406, #758, #3372, #1312, #25, #2110, #1711, #4767 ),
 .UNSPECIFIED., .F., .F.,
 ( 4, 3, 3, 4 ),
 ( 0.0001847549429788866531, 0.0002429552493809791042, 0.001214776246904896145, 0.002161330280788927201 ),
 .UNSPECIFIED. ) ;
#4380 = CARTESIAN_POINT ( 'NONE',  ( -5.297327207605302846, -0.6010860085565636890, 2.022571534042130637 ) ) ;
#4381 = CARTESIAN_POINT ( 'NONE',  ( -3.006602978840774654, -1.350451938062714241, 0.0000000000000000000 ) ) ;
#4382 = SURFACE_SIDE_STYLE ('',( #1001 ) ) ;
#4383 = PLANE ( 'NONE',  #1807 ) ;
#4384 = CARTESIAN_POINT ( 'NONE',  ( -4.753941199384556171, -0.3536329843255893168, 2.593200000000003058 ) ) ;
#4385 = EDGE_LOOP ( 'NONE', ( #5345, #1609, #2579, #4303 ) ) ;
#4386 = CARTESIAN_POINT ( 'NONE',  ( -0.7761354520369839749, -0.3940259567407813912, 2.072910910796516681 ) ) ;
#4387 = CARTESIAN_POINT ( 'NONE',  ( -4.993257250961891103, -0.3638274379396788105, 2.593200000000003058 ) ) ;
#4388 = CARTESIAN_POINT ( 'NONE',  ( -2.413853454855618530, -1.561571951403543324, 0.002871978742871938300 ) ) ;
#4389 = ORIENTED_EDGE ( 'NONE', *, *, #2186, .T. ) ;
#4390 = CARTESIAN_POINT ( 'NONE',  ( 8.258599534877255621, -1.249999999999999112, 6.123233995736772199E-17 ) ) ;
#4391 = CARTESIAN_POINT ( 'NONE',  ( -0.01012045251870416669, -0.9689331546953188212, 0.0000000000000000000 ) ) ;
#4392 = ORIENTED_EDGE ( 'NONE', *, *, #3614, .T. ) ;
#4393 = CARTESIAN_POINT ( 'NONE',  ( -4.624091760839784904, -1.207810130420464922, 2.593200000000003058 ) ) ;
#4394 = EDGE_CURVE ( 'NONE', #2891, #3340, #505, .T. ) ;
#4395 = CARTESIAN_POINT ( 'NONE',  ( -4.704323906730222049, -1.319268763745000017, -7.684581296706453857E-20 ) ) ;
#4396 = DIRECTION ( 'NONE',  ( -1.000000000000000000, -0.0000000000000000000, -0.0000000000000000000 ) ) ;
#4397 = CARTESIAN_POINT ( 'NONE',  ( -0.01012045251870416669, -1.413449850158059240, 0.0000000000000000000 ) ) ;
#4398 = CARTESIAN_POINT ( 'NONE',  ( -0.8331337123117583676, -1.553150457679884910, 1.428223951559632221 ) ) ;
#4399 = CARTESIAN_POINT ( 'NONE',  ( -4.591950946100008757, -1.451880967903121267, 2.143779822451709159E-19 ) ) ;
#4400 = CARTESIAN_POINT ( 'NONE',  ( -2.828994265528374186, -0.4256349713519693712, 0.0000000000000000000 ) ) ;
#4401 = CARTESIAN_POINT ( 'NONE',  ( -5.205949274136924210, -0.2942833934783137262, 0.0000000000000000000 ) ) ;
#4402 = DIRECTION ( 'NONE',  ( 0.0000000000000000000, 0.0000000000000000000, 1.000000000000000000 ) ) ;
#4403 = EDGE_CURVE ( 'NONE', #1532, #5599, #3892, .T. ) ;
#4404 = EDGE_CURVE ( 'NONE', #3056, #424, #1083, .T. ) ;
#4405 =( NAMED_UNIT ( * ) PLANE_ANGLE_UNIT ( ) SI_UNIT ( $, .RADIAN. ) );
#4406 = CARTESIAN_POINT ( 'NONE',  ( -5.168675432127859182, -0.8948346074859934163, 1.911229611429059450 ) ) ;
#4407 = ORIENTED_EDGE ( 'NONE', *, *, #3080, .F. ) ;
#4408 = CARTESIAN_POINT ( 'NONE',  ( -2.465416813337003799, -0.6317855299486893061, 2.013193245607963089 ) ) ;
#4409 = CARTESIAN_POINT ( 'NONE',  ( -2.932205885559413971, -1.280403454365296456, 0.0000000000000000000 ) ) ;
#4410 = EDGE_CURVE ( 'NONE', #1092, #1502, #2271, .T. ) ;
#4411 = SURFACE_STYLE_FILL_AREA ( #1723 ) ;
#4412 = CARTESIAN_POINT ( 'NONE',  ( -4.591534777663941469, -0.5183370121896391236, 2.593200000000003058 ) ) ;
#4413 = FILL_AREA_STYLE_COLOUR ( '', #5625 ) ;
#4414 = AXIS2_PLACEMENT_3D ( 'NONE', #3952, #2226, #1796 ) ;
#4415 = FACE_OUTER_BOUND ( 'NONE', #3132, .T. ) ;
#4416 = ORIENTED_EDGE ( 'NONE', *, *, #4820, .T. ) ;
#4417 = CARTESIAN_POINT ( 'NONE',  ( -1.009669251124415190, -0.3146439251963218386, 2.561349295854137319E-19 ) ) ;
#4418 = CARTESIAN_POINT ( 'NONE',  ( -5.273022280299764830, -0.6009014328563414553, 0.6309393278492761992 ) ) ;
#4419 = ORIENTED_EDGE ( 'NONE', *, *, #4566, .T. ) ;
#4420 = AXIS2_PLACEMENT_3D ( 'NONE', #1045, #1880, #2777 ) ;
#4421 = CARTESIAN_POINT ( 'NONE',  ( -4.669192796162423775, -1.203047731230139084, 0.0000000000000000000 ) ) ;
#4422 = CARTESIAN_POINT ( 'NONE',  ( 0.7219598724682346758, -1.536377666547909193, 1.446251591436572559 ) ) ;
#4423 = CARTESIAN_POINT ( 'NONE',  ( -0.5961088696170319112, -1.501572683700417299, 0.0000000000000000000 ) ) ;
#4424 = CARTESIAN_POINT ( 'NONE',  ( -4.992850860042342021, -0.4091114654511370796, 0.0000000000000000000 ) ) ;
#4425 = VECTOR ( 'NONE', #193, 1000.000000000000000 ) ;
#4426 = VECTOR ( 'NONE', #4178, 1000.000000000000000 ) ;
#4427 = CARTESIAN_POINT ( 'NONE',  ( -0.8850632436274783466, -1.424068786019199839, 9.193313190974646717E-20 ) ) ;
#4428 = CARTESIAN_POINT ( 'NONE',  ( -3.225280076293179476, -1.451133168789472405, 0.6615003259045351136 ) ) ;
#4429 = DIRECTION ( 'NONE',  ( 0.9998476951563912696, 0.0000000000000000000, 0.01745240643728354982 ) ) ;
#4430 = CARTESIAN_POINT ( 'NONE',  ( -5.278028304450573138, -0.3278042330686207206, 0.0000000000000000000 ) ) ;
#4431 = STYLED_ITEM ( 'NONE', ( #1439 ), #4598 ) ;
#4432 = VECTOR ( 'NONE', #3476, 1000.000000000000000 ) ;
#4433 = CARTESIAN_POINT ( 'NONE',  ( -0.6311372802516009850, -1.288502863899953832, 2.001454675372553567E-20 ) ) ;
#4434 = CARTESIAN_POINT ( 'NONE',  ( 0.0000000000000000000, 0.0000000000000000000, 0.0000000000000000000 ) ) ;
#4435 = EDGE_LOOP ( 'NONE', ( #5093, #3621, #2461, #899 ) ) ;
#4436 = EDGE_CURVE ( 'NONE', #3007, #5609, #1225, .T. ) ;
#4437 = DIRECTION ( 'NONE',  ( 0.01745240643728354635, 0.0000000000000000000, 0.9998476951563911586 ) ) ;
#4438 = CARTESIAN_POINT ( 'NONE',  ( -2.995521899824014955, -1.276153886544783234, 2.593200000000003058 ) ) ;
#4439 = AXIS2_PLACEMENT_3D ( 'NONE', #5552, #2094, #4546 ) ;
#4440 = CARTESIAN_POINT ( 'NONE',  ( -9.991400465122746155, -2.168404344971008868E-15, 0.0000000000000000000 ) ) ;
#4441 = ADVANCED_FACE ( 'NONE', ( #1840 ), #3997, .T. ) ;
#4442 = CARTESIAN_POINT ( 'NONE',  ( -2.828982351828392972, -0.4069016995812725912, 1.072930935062468949 ) ) ;
#4443 = FILL_AREA_STYLE ('',( #4413 ) ) ;
#4444 = DIRECTION ( 'NONE',  ( -0.008582370277764796163, 0.01745176367880245383, -0.9998108715476714536 ) ) ;
#4445 = VERTEX_POINT ( 'NONE', #981 ) ;
#4446 = CARTESIAN_POINT ( 'NONE',  ( -5.253513857389673802, -0.8902166565404584508, 0.0000000000000000000 ) ) ;
#4447 = DIRECTION ( 'NONE',  ( -1.000000000000000000, -0.0000000000000000000, -0.0000000000000000000 ) ) ;
#4448 = ORIENTED_EDGE ( 'NONE', *, *, #1844, .F. ) ;
#4449 = CARTESIAN_POINT ( 'NONE',  ( -4.965780273902578479, -1.475244951150597394, 2.593200000000003058 ) ) ;
#4450 = CARTESIAN_POINT ( 'NONE',  ( -3.150227699360526934, -0.4017605646974612421, -1.789160090686218391E-20 ) ) ;
#4451 = ORIENTED_EDGE ( 'NONE', *, *, #84, .T. ) ;
#4452 = CARTESIAN_POINT ( 'NONE',  ( -5.113686957103643849, -0.4231568231124976931, 0.0000000000000000000 ) ) ;
#4453 = CARTESIAN_POINT ( 'NONE',  ( -0.5729603413575443671, -0.9277747028121722250, 0.7668362218471839187 ) ) ;
#4454 = CARTESIAN_POINT ( 'NONE',  ( -2.825375462363471257, -0.2870391283962085427, 0.5485333179061935294 ) ) ;
#4455 = CARTESIAN_POINT ( 'NONE',  ( -5.264767613046761774, -0.3727606978109972991, 2.593200000000003058 ) ) ;
#4456 = CARTESIAN_POINT ( 'NONE',  ( -1.193194103004708406, -1.297525370932325339, 1.674865029292102570 ) ) ;
#4457 = LINE ( 'NONE', #129, #4348 ) ;
#4458 = CARTESIAN_POINT ( 'NONE',  ( -4.650109390832263934, -0.9168098884440035734, 0.0000000000000000000 ) ) ;
#4459 = ORIENTED_EDGE ( 'NONE', *, *, #895, .T. ) ;
#4460 = CARTESIAN_POINT ( 'NONE',  ( -3.057557992864499585, -1.417964712150766582, 0.0000000000000000000 ) ) ;
#4461 = DIRECTION ( 'NONE',  ( 1.000000000000000000, 0.0000000000000000000, 0.0000000000000000000 ) ) ;
#4462 = ADVANCED_FACE ( 'NONE', ( #2712 ), #5463, .T. ) ;
#4463 = CARTESIAN_POINT ( 'NONE',  ( -3.015660952410096129, -0.4962009889515571759, 0.0000000000000000000 ) ) ;
#4464 = CARTESIAN_POINT ( 'NONE',  ( -2.595263279618728713, -0.6188730165979924314, 0.0000000000000000000 ) ) ;
#4465 = EDGE_CURVE ( 'NONE', #3521, #4790, #2873, .T. ) ;
#4466 = DIRECTION ( 'NONE',  ( 0.0000000000000000000, 0.0000000000000000000, 1.000000000000000000 ) ) ;
#4467 = ORIENTED_EDGE ( 'NONE', *, *, #4838, .T. ) ;
#4468 = CARTESIAN_POINT ( 'NONE',  ( -2.806433872500804227, -1.134930484247743454, 1.778772834266702407 ) ) ;
#4469 = SURFACE_STYLE_USAGE ( .BOTH. , #630 ) ;
#4470 = VERTEX_POINT ( 'NONE', #3108 ) ;
#4471 = CARTESIAN_POINT ( 'NONE',  ( -4.895044553826376266, -1.551339642847990863, 1.430204363040409099 ) ) ;
#4472 = LINE ( 'NONE', #3254, #4802 ) ;
#4473 = SURFACE_STYLE_FILL_AREA ( #989 ) ;
#4474 = ORIENTED_EDGE ( 'NONE', *, *, #5439, .F. ) ;
#4475 = CARTESIAN_POINT ( 'NONE',  ( -0.4547857678668301706, -0.9282634918343719566, 1.894842180691435063 ) ) ;
#4476 = CARTESIAN_POINT ( 'NONE',  ( -2.602609696742129497, -0.6934707293108733905, 0.0000000000000000000 ) ) ;
#4477 = CARTESIAN_POINT ( 'NONE',  ( -15.37140046512274516, -10.00000000000000178, 0.0000000000000000000 ) ) ;
#4478 = CARTESIAN_POINT ( 'NONE',  ( -5.120068898875702601, -0.3175276499352113757, 2.593200000000003058 ) ) ;
#4479 = CARTESIAN_POINT ( 'NONE',  ( -4.955795539341981915, -0.9862867325752646686, 0.0000000000000000000 ) ) ;
#4480 = CARTESIAN_POINT ( 'NONE',  ( -5.419704386586302824, -1.370336783384630941, 2.148347352056795812E-19 ) ) ;
#4481 = CARTESIAN_POINT ( 'NONE',  ( -4.954739849311363464, -1.560238262777752238, 1.022373081060427014 ) ) ;
#4482 = FILL_AREA_STYLE_COLOUR ( '', #4794 ) ;
#4483 = CARTESIAN_POINT ( 'NONE',  ( -0.5863323242728155638, -0.9298653552951063883, 0.0000000000000000000 ) ) ;
#4484 = EDGE_LOOP ( 'NONE', ( #982, #3289, #70, #3721 ) ) ;
#4485 = CARTESIAN_POINT ( 'NONE',  ( -2.831800020401413764, -1.195681498323164282, 0.0000000000000000000 ) ) ;
#4486 = LINE ( 'NONE', #3213, #2052 ) ;
#4487 = CARTESIAN_POINT ( 'NONE',  ( -3.180909166082710016, -0.4442965969422819628, 0.0000000000000000000 ) ) ;
#4488 = CARTESIAN_POINT ( 'NONE',  ( -0.8362878272036181615, -0.3803860792662775991, 2.593200000000003058 ) ) ;
#4489 = CARTESIAN_POINT ( 'NONE',  ( -2.828994265528374186, -0.4256349713519693712, 0.0000000000000000000 ) ) ;
#4490 = ADVANCED_FACE ( 'NONE', ( #4415 ), #2813, .T. ) ;
#4491 = CARTESIAN_POINT ( 'NONE',  ( -17.07237392568151790, -2.123270045287784227E-15, 0.0000000000000000000 ) ) ;
#4492 = EDGE_LOOP ( 'NONE', ( #4155, #2108, #5036, #1204 ) ) ;
#4493 = CARTESIAN_POINT ( 'NONE',  ( -5.443015262293198653, -1.177771065030784214, 2.593200000000003058 ) ) ;
#4494 = EDGE_CURVE ( 'NONE', #4161, #2319, #1641, .T. ) ;
#4495 = ORIENTED_EDGE ( 'NONE', *, *, #1648, .T. ) ;
#4496 = SURFACE_STYLE_USAGE ( .BOTH. , #3554 ) ;
#4497 = AXIS2_PLACEMENT_3D ( 'NONE', #35, #896, #565 ) ;
#4498 = CARTESIAN_POINT ( 'NONE',  ( -4.548209804730595884, -1.292679730050249276, 2.593200000000003058 ) ) ;
#4499 = CARTESIAN_POINT ( 'NONE',  ( -4.093025133061874321, -0.9525330585705538144, 1.882758819480137458 ) ) ;
#4500 = VECTOR ( 'NONE', #2262, 1000.000000000000227 ) ;
#4501 = CARTESIAN_POINT ( 'NONE',  ( -4.988850697367701592, -0.4091620312445427565, 0.0000000000000000000 ) ) ;
#4502 = CARTESIAN_POINT ( 'NONE',  ( -2.555607952889620726, -0.6914510492662875318, 2.593200000000003058 ) ) ;
#4503 = CYLINDRICAL_SURFACE ( 'NONE', #3242, 0.5000000000000022204 ) ;
#4504 = EDGE_CURVE ( 'NONE', #2827, #258, #349, .T. ) ;
#4505 = CARTESIAN_POINT ( 'NONE',  ( -2.594902718727972513, -0.6334876854340841801, 0.0000000000000000000 ) ) ;
#4506 = CARTESIAN_POINT ( 'NONE',  ( -4.784666245990656819, -0.9923687283804113468, 2.593200000000003058 ) ) ;
#4507 = VECTOR ( 'NONE', #3431, 1000.000000000000000 ) ;
#4508 = CARTESIAN_POINT ( 'NONE',  ( -5.436427449214570551, -1.341304521241127201, 2.148347352056795812E-19 ) ) ;
#4509 = DIRECTION ( 'NONE',  ( 0.01744974916068272111, -0.01744974916068272111, -0.9996954598818874604 ) ) ;
#4510 = ORIENTED_EDGE ( 'NONE', *, *, #479, .T. ) ;
#4511 = VECTOR ( 'NONE', #8, 1000.000000000000000 ) ;
#4512 = VECTOR ( 'NONE', #1161, 1000.000000000000114 ) ;
#4513 = CARTESIAN_POINT ( 'NONE',  ( -1.068407262531132718, -1.444389809177489603, 2.593200000000003058 ) ) ;
#4514 = CARTESIAN_POINT ( 'NONE',  ( -1.080253237891968032, -0.9277742014117316138, 0.0000000000000000000 ) ) ;
#4515 = VECTOR ( 'NONE', #3832, 1000.000000000000000 ) ;
#4516 = CARTESIAN_POINT ( 'NONE',  ( -0.9008860768130108054, -0.4347598687562038711, 0.0000000000000000000 ) ) ;
#4517 = CARTESIAN_POINT ( 'NONE',  ( -2.549623016351174609, -0.6335467925124921296, 2.593200000000003058 ) ) ;
#4518 = SURFACE_STYLE_USAGE ( .BOTH. , #3995 ) ;
#4519 = ORIENTED_EDGE ( 'NONE', *, *, #3645, .F. ) ;
#4520 = SURFACE_STYLE_FILL_AREA ( #2740 ) ;
#4521 = ORIENTED_EDGE ( 'NONE', *, *, #2227, .F. ) ;
#4522 = CARTESIAN_POINT ( 'NONE',  ( -4.727006475168647803, -1.510698387469040727, 1.473261444054104530 ) ) ;
#4523 = CARTESIAN_POINT ( 'NONE',  ( -5.085885531156652206, -1.441325478387024184, 1.541035092558344477 ) ) ;
#4524 = EDGE_CURVE ( 'NONE', #2833, #3490, #3269, .T. ) ;
#4525 = CARTESIAN_POINT ( 'NONE',  ( -0.01012045251870416669, -0.9689331546953188212, 0.0000000000000000000 ) ) ;
#4526 = VERTEX_POINT ( 'NONE', #1706 ) ;
#4527 = CARTESIAN_POINT ( 'NONE',  ( -5.245082938867069444, -0.5253958751703196040, 0.0000000000000000000 ) ) ;
#4528 = LINE ( 'NONE', #4105, #4045 ) ;
#4529 = CARTESIAN_POINT ( 'NONE',  ( -2.786549094954674732, -1.158778826715864296, 0.0000000000000000000 ) ) ;
#4530 = DIRECTION ( 'NONE',  ( -0.01744974916068272111, -0.01744974916068272111, -0.9996954598818874604 ) ) ;
#4531 = EDGE_CURVE ( 'NONE', #3475, #4819, #4146, .T. ) ;
#4532 = CARTESIAN_POINT ( 'NONE',  ( -4.722938349655016133, -0.9138115648263617219, 1.701589184159890467 ) ) ;
#4533 = CARTESIAN_POINT ( 'NONE',  ( -0.6028229217123323158, -0.6667920922736330080, 0.0000000000000000000 ) ) ;
#4534 = EDGE_LOOP ( 'NONE', ( #302, #249, #1843, #844 ) ) ;
#4535 = ORIENTED_EDGE ( 'NONE', *, *, #705, .F. ) ;
#4536 = CARTESIAN_POINT ( 'NONE',  ( -2.649220566892273254, -0.3536977201284903782, 2.593200000000003058 ) ) ;
#4537 = CARTESIAN_POINT ( 'NONE',  ( -3.216629199704131636, -0.6233655138107129234, 1.044989451353945942 ) ) ;
#4538 = FACE_OUTER_BOUND ( 'NONE', #2025, .T. ) ;
#4539 = CARTESIAN_POINT ( 'NONE',  ( -2.594845028985451219, -0.6358260324478587355, 0.0000000000000000000 ) ) ;
#4540 = CARTESIAN_POINT ( 'NONE',  ( -9.991400465122746155, -2.168404344971008868E-15, 1.150000000000002132 ) ) ;
#4541 = ORIENTED_EDGE ( 'NONE', *, *, #2731, .T. ) ;
#4542 =( LENGTH_UNIT ( ) NAMED_UNIT ( * ) SI_UNIT ( .MILLI., .METRE. ) );
#4543 = LINE ( 'NONE', #2763, #311 ) ;
#4544 = ORIENTED_EDGE ( 'NONE', *, *, #2420, .T. ) ;
#4545 = CARTESIAN_POINT ( 'NONE',  ( -0.5671602051421972268, -0.3773656584633449662, -5.733611658969716177E-20 ) ) ;
#4546 = DIRECTION ( 'NONE',  ( 0.0000000000000000000, 0.0000000000000000000, -1.000000000000000000 ) ) ;
#4547 = ORIENTED_EDGE ( 'NONE', *, *, #2588, .F. ) ;
#4548 = CARTESIAN_POINT ( 'NONE',  ( -5.052483963272146106, -0.4112446496767750981, 0.0000000000000000000 ) ) ;
#4549 = CARTESIAN_POINT ( 'NONE',  ( 0.7140014071075674318, -0.2777384576959170959, 0.01579588308579566586 ) ) ;
#4550 = ORIENTED_EDGE ( 'NONE', *, *, #5299, .T. ) ;
#4551 = EDGE_CURVE ( 'NONE', #5167, #717, #4196, .T. ) ;
#4552 = DIRECTION ( 'NONE',  ( 0.0000000000000000000, -1.000000000000000000, 0.0000000000000000000 ) ) ;
#4553 = B_SPLINE_CURVE_WITH_KNOTS ( 'NONE', 3,
 ( #4446, #1434, #3575, #5382, #2349, #170, #5410, #1085, #1487, #1513, #3219, #984 ),
 .UNSPECIFIED., .F., .F.,
 ( 4, 2, 2, 2, 2, 4 ),
 ( 0.0000000000000000000, 8.823366155659743363E-05, 0.0001764673231131948673, 0.0002647009846697923009, 0.0003088178154480910177, 0.0003529346462263897345 ),
 .UNSPECIFIED. ) ;
#4554 = CARTESIAN_POINT ( 'NONE',  ( -2.865301157841419588, -1.223884234422021988, 1.041885070563473011E-19 ) ) ;
#4555 = CARTESIAN_POINT ( 'NONE',  ( -4.718954673988492665, -0.9047460905996256297, 1.134392790195986267 ) ) ;
#4556 = CARTESIAN_POINT ( 'NONE',  ( -0.5878139855829680460, -0.8231727938394390875, 0.0000000000000000000 ) ) ;
#4557 = EDGE_LOOP ( 'NONE', ( #3135, #4831, #3088, #5335, #1871 ) ) ;
#4558 = EDGE_CURVE ( 'NONE', #1486, #2100, #5253, .T. ) ;
#4559 = DIRECTION ( 'NONE',  ( 0.0000000000000000000, -1.000000000000000000, 0.0000000000000000000 ) ) ;
#4560 = ADVANCED_FACE ( 'NONE', ( #907 ), #1547, .T. ) ;
#4561 = CARTESIAN_POINT ( 'NONE',  ( -3.231912555987476399, -0.6355856725734666535, 0.2612476956608241196 ) ) ;
#4562 = CARTESIAN_POINT ( 'NONE',  ( -3.002384416642152498, -1.130716205243234240, 0.0000000000000000000 ) ) ;
#4563 = CARTESIAN_POINT ( 'NONE',  ( -1.007531636788224993, -0.5156223317056137789, 0.0000000000000000000 ) ) ;
#4564 = CARTESIAN_POINT ( 'NONE',  ( -1.608035971939128395, -0.8751397381326914138, 1.940714330392035780 ) ) ;
#4565 = CARTESIAN_POINT ( 'NONE',  ( -2.813543854986609194, -0.3807310665444955666, 2.593200000000003058 ) ) ;
#4566 = EDGE_CURVE ( 'NONE', #2999, #1008, #874, .T. ) ;
#4567 = CARTESIAN_POINT ( 'NONE',  ( -1.102214342195698915, -1.474488900152012061, -1.894435147432296521E-19 ) ) ;
#4568 = MANIFOLD_SOLID_BREP ( 'Boss-Extrude1[4]', #3228 ) ;
#4569 = VERTEX_POINT ( 'NONE', #4499 ) ;
#4570 = DIRECTION ( 'NONE',  ( 0.01744974916068272111, -0.01744974916068272111, -0.9996954598818874604 ) ) ;
#4571 =( NAMED_UNIT ( * ) SI_UNIT ( $, .STERADIAN. ) SOLID_ANGLE_UNIT ( ) );
#4572 = ORIENTED_EDGE ( 'NONE', *, *, #4092, .T. ) ;
#4573 = B_SPLINE_SURFACE_WITH_KNOTS ( 'NONE', 1, 3, ( 
 ( #5244, #2629, #432, #2569, #1376, #3480, #1261, #5215, #2998, #4722, #3545, #3960, #2538, #4265, #922, #1348, #1322, #3051, #836, #3935, #4778, #3878 ),
 ( #3455, #893, #367, #3078, #4357, #33, #1779, #4384, #63, #2121, #3846, #1811, #5273, #3418, #1838, #2682, #3994, #4412, #1401, #2267, #88, #3570 ) ),
 .UNSPECIFIED., .F., .F., .F.,
 ( 2, 2 ),
 ( 4, 2, 2, 2, 2, 2, 2, 2, 2, 2, 4 ),
 ( 0.0000000000000000000, 1.000000000000000000 ),
 ( 0.0000000000000000000, 0.1250000000000000000, 0.2500000000000000000, 0.3750000000000000000, 0.4375000000000000000, 0.5000000000000000000, 0.6250000000000000000, 0.6875000000000000000, 0.7500000000000000000, 0.8750000000000000000, 1.000000000000000000 ),
 .UNSPECIFIED. ) ;
#4574 = CARTESIAN_POINT ( 'NONE',  ( -4.522556566590150595, -1.140633275753178522, 1.775421749506201463 ) ) ;
#4575 = SURFACE_STYLE_FILL_AREA ( #5033 ) ;
#4576 = DIRECTION ( 'NONE',  ( 0.0000000000000000000, -0.01745240643728354635, -0.9998476951563911586 ) ) ;
#4577 = VERTEX_POINT ( 'NONE', #4525 ) ;
#4578 = CARTESIAN_POINT ( 'NONE',  ( -2.444387563533811036, -0.7404313725534773516, 1.784069190337640891E-19 ) ) ;
#4579 = CARTESIAN_POINT ( 'NONE',  ( -0.4883326477183633774, -0.6487504607385004007, 2.593200000000003058 ) ) ;
#4580 = ORIENTED_EDGE ( 'NONE', *, *, #4531, .T. ) ;
#4581 = VECTOR ( 'NONE', #1271, 1000.000000000000114 ) ;
#4582 = CARTESIAN_POINT ( 'NONE',  ( -2.866033576368028246, -1.018988566755972158, 1.151232187994347909E-19 ) ) ;
#4583 = CARTESIAN_POINT ( 'NONE',  ( -1.112480316379234946, -0.9276934206437360553, 1.846217069091407481 ) ) ;
#4584 = CARTESIAN_POINT ( 'NONE',  ( -1.146098806665466929, -1.416582699262400213, 0.0000000000000000000 ) ) ;
#4585 = LINE ( 'NONE', #5137, #4515 ) ;
#4586 = CARTESIAN_POINT ( 'NONE',  ( -0.7704735728424054741, -0.4346560929407539686, 0.0000000000000000000 ) ) ;
#4587 = EDGE_LOOP ( 'NONE', ( #457, #3123, #5164, #5497 ) ) ;
#4588 = FACE_OUTER_BOUND ( 'NONE', #5194, .T. ) ;
#4589 = VECTOR ( 'NONE', #2500, 1000.000000000000227 ) ;
#4590 = LINE ( 'NONE', #4619, #787 ) ;
#4591 = MANIFOLD_SOLID_BREP ( 'Boss-Extrude1[1]', #2237 ) ;
#4592 = EDGE_CURVE ( 'NONE', #1036, #5303, #5376, .T. ) ;
#4593 = CIRCLE ( 'NONE', #1060, 0.5000000000000004441 ) ;
#4594 =( GEOMETRIC_REPRESENTATION_CONTEXT ( 3 ) GLOBAL_UNCERTAINTY_ASSIGNED_CONTEXT ( ( #4942 ) ) GLOBAL_UNIT_ASSIGNED_CONTEXT ( ( #3076, #567, #4834 ) ) REPRESENTATION_CONTEXT ( 'NONE', 'WORKASPACE' ) );
#4595 = CARTESIAN_POINT ( 'NONE',  ( -1.605423720816361977, -1.115441267410711923, 1.791058563798850090 ) ) ;
#4596 = CARTESIAN_POINT ( 'NONE',  ( -4.990067712585251947, -0.4051207943471054618, 0.2320395118935863754 ) ) ;
#4597 = AXIS2_PLACEMENT_3D ( 'NONE', #3345, #3370, #5080 ) ;
#4598 = ADVANCED_FACE ( 'NONE', ( #3683, #1521 ), #2326, .T. ) ;
#4599 = ORIENTED_EDGE ( 'NONE', *, *, #4404, .T. ) ;
#4600 = CARTESIAN_POINT ( 'NONE',  ( -5.117545066626030703, -0.7657315831351199087, 0.0000000000000000000 ) ) ;
#4601 = LINE ( 'NONE', #1167, #1890 ) ;
#4602 = CARTESIAN_POINT ( 'NONE',  ( -2.602456974476364149, -0.5757167909658605920, 1.435983751217075051E-19 ) ) ;
#4603 = VERTEX_POINT ( 'NONE', #2302 ) ;
#4604 = FACE_OUTER_BOUND ( 'NONE', #2650, .T. ) ;
#4605 = VECTOR ( 'NONE', #156, 1000.000000000000000 ) ;
#4606 = DIRECTION ( 'NONE',  ( -0.9950371902099890420, 0.09950371902099917898, 0.0000000000000000000 ) ) ;
#4607 = CARTESIAN_POINT ( 'NONE',  ( -0.8332884910378899335, -1.456579081962651401, 1.526590114598171066 ) ) ;
#4608 = CARTESIAN_POINT ( 'NONE',  ( -5.214603759747631351, -0.7157160214761094652, 0.0000000000000000000 ) ) ;
#4609 = ORIENTED_EDGE ( 'NONE', *, *, #61, .F. ) ;
#4610 = CARTESIAN_POINT ( 'NONE',  ( -2.484358261467100704, -0.8425744422897265551, 1.784069190337640891E-19 ) ) ;
#4611 = FACE_OUTER_BOUND ( 'NONE', #4216, .T. ) ;
#4612 = ORIENTED_EDGE ( 'NONE', *, *, #3089, .T. ) ;
#4613 = CARTESIAN_POINT ( 'NONE',  ( -5.459677141648800358, -1.148007160063623022, 1.770361420852439638 ) ) ;
#4614 = DIRECTION ( 'NONE',  ( -0.0000000000000000000, -0.0000000000000000000, -1.000000000000000000 ) ) ;
#4615 = CARTESIAN_POINT ( 'NONE',  ( -0.5863322085328989131, -0.9256893266583482438, 0.0000000000000000000 ) ) ;
#4616 = CARTESIAN_POINT ( 'NONE',  ( -0.9564598526269055823, -1.445241659724896044, 2.593200000000003058 ) ) ;
#4617 = ORIENTED_EDGE ( 'NONE', *, *, #4371, .T. ) ;
#4618 = CARTESIAN_POINT ( 'NONE',  ( -2.712424249398090126, -0.3345953080212837882, 2.593200000000003058 ) ) ;
#4619 = CARTESIAN_POINT ( 'NONE',  ( -14.12140046512274694, -0.5000000000000022204, 6.123233995736772199E-17 ) ) ;
#4620 = CARTESIAN_POINT ( 'NONE',  ( 0.0000000000000000000, 0.0000000000000000000, 0.0000000000000000000 ) ) ;
#4621 = CARTESIAN_POINT ( 'NONE',  ( -3.128102855501346369, -1.330505271775261233, 2.593200000000003058 ) ) ;
#4622 = CARTESIAN_POINT ( 'NONE',  ( -4.989855699325983274, -0.3753475095020394892, 1.937610500512743750 ) ) ;
#4623 = ADVANCED_FACE ( 'NONE', ( #2743 ), #4028, .T. ) ;
#4624 = CARTESIAN_POINT ( 'NONE',  ( -1.042133230185281922, -0.4859929487818091531, 2.593200000000003058 ) ) ;
#4625 = FACE_OUTER_BOUND ( 'NONE', #741, .T. ) ;
#4626 = CARTESIAN_POINT ( 'NONE',  ( -0.8350113756114019292, -0.3925437860438120152, 1.895010703096366100 ) ) ;
#4627 = CARTESIAN_POINT ( 'NONE',  ( -2.607103304339954963, -0.5618874019107372719, 1.435983751217075051E-19 ) ) ;
#4628 = ORIENTED_EDGE ( 'NONE', *, *, #3426, .T. ) ;
#4629 = EDGE_CURVE ( 'NONE', #2393, #3656, #2197, .T. ) ;
#4630 = CARTESIAN_POINT ( 'NONE',  ( -2.466511311319528943, -0.5881828249196752179, 2.026876759675490636 ) ) ;
#4631 = CARTESIAN_POINT ( 'NONE',  ( -3.165616509060118933, -1.305033910331311553, 1.107397396157585897E-19 ) ) ;
#4632 = DIRECTION ( 'NONE',  ( 0.0000000000000000000, -0.9998476951563912696, 0.01745240643728354982 ) ) ;
#4633 = CARTESIAN_POINT ( 'NONE',  ( -0.9167114855938542917, -0.4404229864930181426, 4.230571947171311365E-20 ) ) ;
#4634 = ORIENTED_EDGE ( 'NONE', *, *, #1962, .T. ) ;
#4635 = CARTESIAN_POINT ( 'NONE',  ( -0.4503121361573216852, -0.9282668947020911165, 1.638557264029223415 ) ) ;
#4636 = CARTESIAN_POINT ( 'NONE',  ( -3.242121420630382556, -1.465860967925618707, -1.159464996628269268E-20 ) ) ;
#4637 = EDGE_LOOP ( 'NONE', ( #1922, #986, #1117, #2917, #2824 ) ) ;
#4638 = CARTESIAN_POINT ( 'NONE',  ( -4.962610491803306267, -1.436524016057445285, 0.3786141734112258850 ) ) ;
#4639 = CARTESIAN_POINT ( 'NONE',  ( -0.5796450427513776260, -1.277560780355218251, 2.593200000000003058 ) ) ;
#4640 = CARTESIAN_POINT ( 'NONE',  ( -0.9937620599933170151, -1.354803681772289714, 0.0000000000000000000 ) ) ;
#4641 = CARTESIAN_POINT ( 'NONE',  ( -17.07237392568151790, -2.123270045287784227E-15, 1.250000000000001998 ) ) ;
#4642 = CARTESIAN_POINT ( 'NONE',  ( -0.9937620599933170151, -1.354803681772289714, 9.193313190974646717E-20 ) ) ;
#4643 = ORIENTED_EDGE ( 'NONE', *, *, #4775, .T. ) ;
#4644 = CARTESIAN_POINT ( 'NONE',  ( -5.239620122302028449, -0.7389734813049050333, 1.956876152552476933 ) ) ;
#4645 = CARTESIAN_POINT ( 'NONE',  ( -2.909549735839711992, -1.114873212238114641, 2.593200000000003058 ) ) ;
#4646 = DIRECTION ( 'NONE',  ( 0.01744974916068272111, 0.01744974916068272111, -0.9996954598818874604 ) ) ;
#4647 = CARTESIAN_POINT ( 'NONE',  ( -1.108325264421144540, -0.6731121553460207574, 2.593200000000003058 ) ) ;
#4648 = CARTESIAN_POINT ( 'NONE',  ( -5.223531831851754070, -0.7662344860491790977, 2.593200000000003058 ) ) ;
#4649 = CARTESIAN_POINT ( 'NONE',  ( -3.101677525087147114, -0.6218029423528551591, 1.789354247153344790 ) ) ;
#4650 = CARTESIAN_POINT ( 'NONE',  ( -2.596395577306858105, -0.6043113368215980996, 1.435983751217075051E-19 ) ) ;
#4651 = ORIENTED_EDGE ( 'NONE', *, *, #353, .T. ) ;
#4652 = CARTESIAN_POINT ( 'NONE',  ( -3.073339601059829729, -1.412760889827345601, 0.9037274308398726141 ) ) ;
#4653 = DIRECTION ( 'NONE',  ( -1.000000000000000000, 0.0000000000000000000, 0.0000000000000000000 ) ) ;
#4654 = CARTESIAN_POINT ( 'NONE',  ( -5.207440893396936943, -0.7215223400381737262, -1.489991402804790323E-19 ) ) ;
#4655 = EDGE_CURVE ( 'NONE', #406, #2242, #414, .T. ) ;
#4656 = CARTESIAN_POINT ( 'NONE',  ( -4.559703352708537771, -0.6043745208065673946, 2.021591313445881610 ) ) ;
#4657 = ORIENTED_EDGE ( 'NONE', *, *, #4015, .F. ) ;
#4658 = CARTESIAN_POINT ( 'NONE',  ( -1.708731434818309136, -1.218748981412659083, 1.722425882383802787 ) ) ;
#4659 = CARTESIAN_POINT ( 'NONE',  ( -0.5946102682560239217, -0.3525819477908700983, 0.0000000000000000000 ) ) ;
#4660 = ORIENTED_EDGE ( 'NONE', *, *, #2736, .T. ) ;
#4661 = CARTESIAN_POINT ( 'NONE',  ( -2.477858449256091333, -0.6804413405214146948, 2.593200000000003058 ) ) ;
#4662 = VECTOR ( 'NONE', #3826, 1000.000000000000000 ) ;
#4663 = CYLINDRICAL_SURFACE ( 'NONE', #1361, 0.5000000000000004441 ) ;
#4664 = CARTESIAN_POINT ( 'NONE',  ( -2.593199986452733530, -0.5055790429963907817, 2.048779894425837966 ) ) ;
#4665 = CARTESIAN_POINT ( 'NONE',  ( -1.047606688804232355, -1.361181134550179195, 2.593200000000003058 ) ) ;
#4666 = ADVANCED_FACE ( 'NONE', ( #2543 ), #5471, .T. ) ;
#4667 = CARTESIAN_POINT ( 'NONE',  ( -1.098905770338134191, -1.437643529224957861, 1.544435522361685686 ) ) ;
#4668 = CLOSED_SHELL ( 'NONE', ( #4910, #1967, #5123, #2114, #4982, #1907, #2599, #542, #3189, #5582, #4112, #2822, #5434, #5575, #2556, #3159, #4745, #1195, #502, #281, #2630, #3837, #3389, #3541, #1774, #3950, #1549, #4294, #2385, #4810, #2084 ) ) ;
#4669 = SURFACE_STYLE_USAGE ( .BOTH. , #5598 ) ;
#4670 = VERTEX_POINT ( 'NONE', #5523 ) ;
#4671 = CARTESIAN_POINT ( 'NONE',  ( -4.806167483888685865, -1.032472288826856266, 0.0000000000000000000 ) ) ;
#4672 = CARTESIAN_POINT ( 'NONE',  ( -0.4760483756523012366, -1.322297875317414162, -3.632736160938781104E-20 ) ) ;
#4673 = CARTESIAN_POINT ( 'NONE',  ( -1.011148071402836246, -0.5099591217323665715, 0.3649732799155719354 ) ) ;
#4674 =( GEOMETRIC_REPRESENTATION_CONTEXT ( 3 ) GLOBAL_UNCERTAINTY_ASSIGNED_CONTEXT ( ( #1889 ) ) GLOBAL_UNIT_ASSIGNED_CONTEXT ( ( #5092, #3756, #1168 ) ) REPRESENTATION_CONTEXT ( 'NONE', 'WORKASPACE' ) );
#4675 = CARTESIAN_POINT ( 'NONE',  ( -0.9663736619119852600, -1.559550355146524181, -1.894435147432296521E-19 ) ) ;
#4676 = CARTESIAN_POINT ( 'NONE',  ( -4.820877620460016111, -0.4400533332995808511, 0.0000000000000000000 ) ) ;
#4677 = FACE_OUTER_BOUND ( 'NONE', #2901, .T. ) ;
#4678 =( GEOMETRIC_REPRESENTATION_CONTEXT ( 3 ) GLOBAL_UNCERTAINTY_ASSIGNED_CONTEXT ( ( #6 ) ) GLOBAL_UNIT_ASSIGNED_CONTEXT ( ( #2145, #2203, #52 ) ) REPRESENTATION_CONTEXT ( 'NONE', 'WORKASPACE' ) );
#4679 = CARTESIAN_POINT ( 'NONE',  ( 2.685478743895117315, -2.123270045287784227E-15, 0.0000000000000000000 ) ) ;
#4680 = VECTOR ( 'NONE', #1658, 1000.000000000000000 ) ;
#4681 = CARTESIAN_POINT ( 'NONE',  ( -1.057227217326833779, -0.6452524498410793230, 0.0000000000000000000 ) ) ;
#4682 = B_SPLINE_CURVE_WITH_KNOTS ( 'NONE', 3,
 ( #2240, #68, #5279, #1381, #3133, #4945, #5355, #1460, #4862, #5326 ),
 .UNSPECIFIED., .F., .F.,
 ( 4, 2, 2, 2, 4 ),
 ( 0.0000000000000000000, 5.289118051866833787E-05, 0.0001057823610373366757, 0.0002115647220746733515, 0.0004231294441493467029 ),
 .UNSPECIFIED. ) ;
#4683 = CARTESIAN_POINT ( 'NONE',  ( -0.9763568177187242902, -0.3305643906645854280, 2.084372770699712163 ) ) ;
#4684 = CARTESIAN_POINT ( 'NONE',  ( -5.373405930255000129, -0.8037811057822651373, 0.0000000000000000000 ) ) ;
#4685 = VERTEX_POINT ( 'NONE', #5127 ) ;
#4686 = VECTOR ( 'NONE', #4205, 1000.000000000000000 ) ;
#4687 = CARTESIAN_POINT ( 'NONE',  ( -4.916556018457024280, -0.3745174192900109222, 2.076496892168397945 ) ) ;
#4688 = LINE ( 'NONE', #5159, #1625 ) ;
#4689 = PLANE ( 'NONE',  #1069 ) ;
#4690 = AXIS2_PLACEMENT_3D ( 'NONE', #1399, #2207, #3508 ) ;
#4691 = CARTESIAN_POINT ( 'NONE',  ( -5.256210282048974669, -0.7374472156204394668, 2.593200000000003058 ) ) ;
#4692 = ORIENTED_EDGE ( 'NONE', *, *, #3149, .F. ) ;
#4693 = CARTESIAN_POINT ( 'NONE',  ( -2.518523537030179948, -0.8337350819525278789, 1.938988763973552132 ) ) ;
#4694 = CARTESIAN_POINT ( 'NONE',  ( -0.7678542826657649423, -0.3261664614184551780, 2.593200000000003058 ) ) ;
#4695 = EDGE_LOOP ( 'NONE', ( #4842, #2614, #2927, #1440 ) ) ;
#4696 = CARTESIAN_POINT ( 'NONE',  ( -4.595699649448726554, -0.9573390679197820718, -4.580658754754668732E-20 ) ) ;
#4697 = VECTOR ( 'NONE', #3223, 1000.000000000000000 ) ;
#4698 = ADVANCED_FACE ( 'NONE', ( #1228 ), #1573, .T. ) ;
#4699 = B_SPLINE_CURVE_WITH_KNOTS ( 'NONE', 3,
 ( #490, #5276, #2965, #1404, #2431, #5034, #2060, #280, #1199, #2931 ),
 .UNSPECIFIED., .F., .F.,
 ( 4, 3, 3, 4 ),
 ( 7.448985899526863080E-05, 0.0005076887031148290090, 0.001334509028319774693, 0.002161329353526177544 ),
 .UNSPECIFIED. ) ;
#4700 = DIRECTION ( 'NONE',  ( 0.0000000000000000000, -0.01745240643728354982, 0.9998476951563911586 ) ) ;
#4701 = CARTESIAN_POINT ( 'NONE',  ( -2.565643931292684865, -0.5670290197066436555, 2.032630639179488607 ) ) ;
#4702 = CARTESIAN_POINT ( 'NONE',  ( -0.8289091734334288475, -1.475373014370538360, 2.593200000000003058 ) ) ;
#4703 = CARTESIAN_POINT ( 'NONE',  ( -4.559703352708537771, -0.6043745208065673946, 2.021591313445881610 ) ) ;
#4704 = CARTESIAN_POINT ( 'NONE',  ( 0.7472042878992980475, -1.561622081978972565, 0.0000000000000000000 ) ) ;
#4705 = ORIENTED_EDGE ( 'NONE', *, *, #365, .F. ) ;
#4706 = CARTESIAN_POINT ( 'NONE',  ( -4.686140172158649975, -1.129415863814009491, 0.0000000000000000000 ) ) ;
#4707 = DIRECTION ( 'NONE',  ( 0.01744974916068272111, -0.01744974916068272111, -0.9996954598818874604 ) ) ;
#4708 = CARTESIAN_POINT ( 'NONE',  ( -2.430731813060387658, -0.6070916867322475596, 2.199675876008892974E-19 ) ) ;
#4709 = EDGE_CURVE ( 'NONE', #1059, #2661, #772, .T. ) ;
#4710 = COLOUR_RGB ( '',0.8980392156862745390, 0.8980392156862745390, 0.8980392156862745390 ) ;
#4711 = CARTESIAN_POINT ( 'NONE',  ( -1.083126544088500065, -1.493622540719419911, -1.894435147432296521E-19 ) ) ;
#4712 = CARTESIAN_POINT ( 'NONE',  ( -4.990096556374717274, -0.4091713900385345881, 0.0000000000000000000 ) ) ;
#4713 = DIRECTION ( 'NONE',  ( -1.000000000000000000, 0.0000000000000000000, -0.0000000000000000000 ) ) ;
#4714 = CARTESIAN_POINT ( 'NONE',  ( -1.113333994835863150, -0.9276912808032791169, 1.895122393810380279 ) ) ;
#4715 = ORIENTED_EDGE ( 'NONE', *, *, #5348, .T. ) ;
#4716 =( GEOMETRIC_REPRESENTATION_CONTEXT ( 3 ) GLOBAL_UNCERTAINTY_ASSIGNED_CONTEXT ( ( #1940 ) ) GLOBAL_UNIT_ASSIGNED_CONTEXT ( ( #2255, #4405, #2649 ) ) REPRESENTATION_CONTEXT ( 'NONE', 'WORKASPACE' ) );
#4717 = CARTESIAN_POINT ( 'NONE',  ( -4.806167483888685865, -1.032472288826856266, 0.0000000000000000000 ) ) ;
#4718 = DIRECTION ( 'NONE',  ( 0.01745240643728354982, 0.0000000000000000000, -0.9998476951563911586 ) ) ;
#4719 =( BOUNDED_CURVE ( )  B_SPLINE_CURVE ( 3, ( #1469, #2015, #2828, #3283 ),
 .UNSPECIFIED., .F., .F. ) 
 B_SPLINE_CURVE_WITH_KNOTS ( ( 4, 4 ),
 ( 5.467579346576488142, 5.531820321236858184 ),
 .UNSPECIFIED. ) 
 CURVE ( )  GEOMETRIC_REPRESENTATION_ITEM ( )  RATIONAL_B_SPLINE_CURVE ( ( 1.000000000000000000, 0.9996561209984827778, 0.9996561209984827778, 1.000000000000000000 ) ) 
 REPRESENTATION_ITEM ( '' )  );
#4720 = CARTESIAN_POINT ( 'NONE',  ( -0.6743870982662844016, -0.5003472269757316404, 4.328710526699272534E-20 ) ) ;
#4721 = CARTESIAN_POINT ( 'NONE',  ( -5.262002891504413249, -0.6008177662652368634, 0.0000000000000000000 ) ) ;
#4722 = CARTESIAN_POINT ( 'NONE',  ( -4.696642720471007060, -0.3322761165775748315, 0.0000000000000000000 ) ) ;
#4723 = ORIENTED_EDGE ( 'NONE', *, *, #964, .F. ) ;
#4724 = ORIENTED_EDGE ( 'NONE', *, *, #3387, .F. ) ;
#4725 = CARTESIAN_POINT ( 'NONE',  ( -5.251370413395612502, -0.5396715117169889053, -3.135031547352176236E-20 ) ) ;
#4726 = DIRECTION ( 'NONE',  ( 1.000000000000000000, 0.0000000000000000000, 0.0000000000000000000 ) ) ;
#4727 = LINE ( 'NONE', #4388, #1612 ) ;
#4728 = ORIENTED_EDGE ( 'NONE', *, *, #244, .T. ) ;
#4729 = CARTESIAN_POINT ( 'NONE',  ( -0.9763616475089843538, -0.3000898847359437793, 2.561349295854137319E-19 ) ) ;
#4730 = CARTESIAN_POINT ( 'NONE',  ( -5.488051210657024725, -1.183644654800241058, 0.0000000000000000000 ) ) ;
#4731 = ORIENTED_EDGE ( 'NONE', *, *, #598, .T. ) ;
#4732 = CARTESIAN_POINT ( 'NONE',  ( -4.966696421754717150, -1.429989679822621707, 0.0000000000000000000 ) ) ;
#4733 = CARTESIAN_POINT ( 'NONE',  ( -4.737972175546193654, -1.358345293943974186, -7.684581296706453857E-20 ) ) ;
#4734 = SURFACE_SIDE_STYLE ('',( #45 ) ) ;
#4735 = CARTESIAN_POINT ( 'NONE',  ( -4.551546142286921892, -0.6116821480363923147, 1.602937629008682752 ) ) ;
#4736 = CARTESIAN_POINT ( 'NONE',  ( -0.01012045251870416669, -0.8207609228744052743, 0.0000000000000000000 ) ) ;
#4737 = ORIENTED_EDGE ( 'NONE', *, *, #545, .F. ) ;
#4738 = FACE_OUTER_BOUND ( 'NONE', #4235, .T. ) ;
#4739 = ADVANCED_FACE ( 'NONE', ( #2510 ), #4689, .T. ) ;
#4740 = CARTESIAN_POINT ( 'NONE',  ( -2.477312379914091256, -0.5886103467651114807, 2.593200000000003058 ) ) ;
#4741 = LINE ( 'NONE', #2895, #3247 ) ;
#4742 = CARTESIAN_POINT ( 'NONE',  ( -2.973263303726604523, -1.165392653284504476, 2.593200000000003058 ) ) ;
#4743 = VERTEX_POINT ( 'NONE', #1173 ) ;
#4744 = EDGE_CURVE ( 'NONE', #2991, #4577, #1664, .T. ) ;
#4745 = ADVANCED_FACE ( 'NONE', ( #2483 ), #2988, .T. ) ;
#4746 = CARTESIAN_POINT ( 'NONE',  ( -4.962728699183156067, -1.456567806522290009, 1.526600872855397251 ) ) ;
#4747 = CARTESIAN_POINT ( 'NONE',  ( -0.8332367494978875078, -1.568641808743115984, 0.5409204422753958186 ) ) ;
#4748 = CARTESIAN_POINT ( 'NONE',  ( -0.6581416778047151084, -0.5208513860809057539, 4.328710526699272534E-20 ) ) ;
#4749 = ADVANCED_FACE ( 'NONE', ( #1266 ), #3003, .F. ) ;
#4750 = CARTESIAN_POINT ( 'NONE',  ( -5.353707018581192578, -1.143959821495108109, 2.593200000000003058 ) ) ;
#4751 = DIRECTION ( 'NONE',  ( 0.0000000000000000000, -1.224646799147351728E-16, 1.000000000000000000 ) ) ;
#4752 = VERTEX_POINT ( 'NONE', #842 ) ;
#4753 = FACE_OUTER_BOUND ( 'NONE', #4962, .T. ) ;
#4754 =( BOUNDED_CURVE ( )  B_SPLINE_CURVE ( 3, ( #2494, #2106, #1154, #2043 ),
 .UNSPECIFIED., .F., .F. ) 
 B_SPLINE_CURVE_WITH_KNOTS ( ( 4, 4 ),
 ( 5.531820321236859073, 5.823611618544253687 ),
 .UNSPECIFIED. ) 
 CURVE ( )  GEOMETRIC_REPRESENTATION_ITEM ( )  RATIONAL_B_SPLINE_CURVE ( ( 1.000000000000000000, 0.9929173963702926375, 0.9929173963702926375, 1.000000000000000000 ) ) 
 REPRESENTATION_ITEM ( '' )  );
#4755 = CARTESIAN_POINT ( 'NONE',  ( -5.257911959040639793, -0.5621161917209307468, -3.135031547352176236E-20 ) ) ;
#4756 = CARTESIAN_POINT ( 'NONE',  ( -4.991875231898156962, -0.3638575059996955186, 2.593200000000003058 ) ) ;
#4757 = CARTESIAN_POINT ( 'NONE',  ( -1.710150692567119490, -1.333661166398689701, 1.641116660410314454 ) ) ;
#4758 = ORIENTED_EDGE ( 'NONE', *, *, #1130, .F. ) ;
#4759 = DIRECTION ( 'NONE',  ( 1.000000000000000000, 0.0000000000000000000, 0.0000000000000000000 ) ) ;
#4760 = ORIENTED_EDGE ( 'NONE', *, *, #3700, .F. ) ;
#4761 = CARTESIAN_POINT ( 'NONE',  ( -2.476274475509770312, -0.6580194620398370775, 2.593200000000003058 ) ) ;
#4762 = CARTESIAN_POINT ( 'NONE',  ( -1.220191353774260801, -0.6389398363794182023, 0.0000000000000000000 ) ) ;
#4763 = CARTESIAN_POINT ( 'NONE',  ( -0.8339890439983855819, -1.532826441090513470, 2.593200000000003058 ) ) ;
#4764 = CARTESIAN_POINT ( 'NONE',  ( -5.254506324987398891, -0.3155692611282771010, 1.306159568464606993E-19 ) ) ;
#4765 = CARTESIAN_POINT ( 'NONE',  ( -3.213921891470095993, -1.455004212941927166, 1.348839918492765300 ) ) ;
#4766 = DIRECTION ( 'NONE',  ( 0.0000000000000000000, -0.01745240643728354635, -0.9998476951563911586 ) ) ;
#4767 = CARTESIAN_POINT ( 'NONE',  ( -5.215956312518400750, -0.7142621312531238775, 0.0000000000000000000 ) ) ;
#4768 = DIRECTION ( 'NONE',  ( 0.0000000000000000000, -1.000000000000000000, 0.0000000000000000000 ) ) ;
#4769 = EDGE_CURVE ( 'NONE', #2907, #757, #2159, .T. ) ;
#4770 = CARTESIAN_POINT ( 'NONE',  ( -4.093709054829192340, -0.8707721033933587540, 1.921940671288247637 ) ) ;
#4771 = EDGE_LOOP ( 'NONE', ( #2486, #1543, #3904, #602 ) ) ;
#4772 = CARTESIAN_POINT ( 'NONE',  ( -1.671516818225430079, -0.3303024428737037499, 2.083986635329428516 ) ) ;
#4773 = CARTESIAN_POINT ( 'NONE',  ( -4.962571506366317386, -1.429913431471494079, 0.0000000000000000000 ) ) ;
#4774 = AXIS2_PLACEMENT_3D ( 'NONE', #2350, #141, #2818 ) ;
#4775 = EDGE_CURVE ( 'NONE', #2176, #1327, #3555, .T. ) ;
#4776 = CIRCLE ( 'NONE', #5242, 1.150000000000001465 ) ;
#4777 = CARTESIAN_POINT ( 'NONE',  ( -5.308740007947536199, -1.138769431704830914, 0.0000000000000000000 ) ) ;
#4778 = CARTESIAN_POINT ( 'NONE',  ( -4.523124809021915382, -0.6112936508994516460, 0.0000000000000000000 ) ) ;
#4779 = EDGE_LOOP ( 'NONE', ( #4495, #3684, #5026, #4883, #1759, #4811, #2603, #3015, #4572, #3941, #3512, #5578, #3753, #2778, #1262, #5102 ) ) ;
#4780 = DIRECTION ( 'NONE',  ( -1.000000000000000000, 4.336808689942013792E-16, 0.0000000000000000000 ) ) ;
#4781 = VECTOR ( 'NONE', #4372, 1000.000000000000114 ) ;
#4782 = EDGE_CURVE ( 'NONE', #3880, #1855, #1072, .T. ) ;
#4783 = CARTESIAN_POINT ( 'NONE',  ( 7.508599534877254733, -1.249999999999999556, 0.0000000000000000000 ) ) ;
#4784 = CARTESIAN_POINT ( 'NONE',  ( 9.258599534877252069, -9.999999999999998224, 0.0000000000000000000 ) ) ;
#4785 = ORIENTED_EDGE ( 'NONE', *, *, #956, .T. ) ;
#4786 = VECTOR ( 'NONE', #3768, 1000.000000000000114 ) ;
#4787 = AXIS2_PLACEMENT_3D ( 'NONE', #483, #3074, #4351 ) ;
#4788 = CARTESIAN_POINT ( 'NONE',  ( -0.9060854837687025709, -0.2812378258570613077, 2.561349295854137319E-19 ) ) ;
#4789 = LINE ( 'NONE', #4391, #4581 ) ;
#4790 = VERTEX_POINT ( 'NONE', #4880 ) ;
#4791 = CARTESIAN_POINT ( 'NONE',  ( -4.624032370244968604, -1.206434394295003765, 2.593200000000003058 ) ) ;
#4792 = VECTOR ( 'NONE', #2905, 1000.000000000000000 ) ;
#4793 = CARTESIAN_POINT ( 'NONE',  ( 0.6779230647363208018, -0.3391438657776302823, 2.082722733235830681 ) ) ;
#4794 = COLOUR_RGB ( '',0.8980392156862745390, 0.8980392156862745390, 0.8980392156862745390 ) ;
#4795 = CARTESIAN_POINT ( 'NONE',  ( -0.8332995181904455650, -1.578085663292407403, 0.0000000000000000000 ) ) ;
#4796 = CARTESIAN_POINT ( 'NONE',  ( -0.9831102186405147325, -0.4349346058458252173, 2.064772421202736741 ) ) ;
#4797 = ORIENTED_EDGE ( 'NONE', *, *, #4818, .T. ) ;
#4798 = CARTESIAN_POINT ( 'NONE',  ( -1.005909878523489009, -0.5136122339956367133, 0.0000000000000000000 ) ) ;
#4799 = CARTESIAN_POINT ( 'NONE',  ( -5.442085163956011939, -0.5861377638060144557, 0.0000000000000000000 ) ) ;
#4800 = CARTESIAN_POINT ( 'NONE',  ( -5.296388402258608963, -1.203028539917485817, 2.391702549246664028E-19 ) ) ;
#4801 = SURFACE_STYLE_USAGE ( .BOTH. , #3153 ) ;
#4802 = VECTOR ( 'NONE', #3198, 1000.000000000000114 ) ;
#4803 = CARTESIAN_POINT ( 'NONE',  ( -4.793534836482686856, -1.002627341706741282, 1.856566296597591537 ) ) ;
#4804 = ORIENTED_EDGE ( 'NONE', *, *, #4655, .F. ) ;
#4805 = DIRECTION ( 'NONE',  ( 0.0000000000000000000, -1.000000000000000000, 0.0000000000000000000 ) ) ;
#4806 = CARTESIAN_POINT ( 'NONE',  ( -1.738796490429361130, -1.248814037023710855, 0.0000000000000000000 ) ) ;
#4807 = FACE_OUTER_BOUND ( 'NONE', #2768, .T. ) ;
#4808 = CARTESIAN_POINT ( 'NONE',  ( -2.828989251830166030, -0.4177515979191714357, 0.4515129712696049347 ) ) ;
#4809 = CARTESIAN_POINT ( 'NONE',  ( -5.396891919565905305, -0.6391122341838769705, 2.593200000000003058 ) ) ;
#4810 = ADVANCED_FACE ( 'NONE', ( #1448 ), #5435, .T. ) ;
#4811 = ORIENTED_EDGE ( 'NONE', *, *, #3675, .T. ) ;
#4812 = CARTESIAN_POINT ( 'NONE',  ( -3.222375954676776288, -1.496514018604528262, 1.487462870837637618 ) ) ;
#4813 = LINE ( 'NONE', #925, #786 ) ;
#4814 = FACE_BOUND ( 'NONE', #2606, .T. ) ;
#4815 = ORIENTED_EDGE ( 'NONE', *, *, #646, .T. ) ;
#4816 = FACE_OUTER_BOUND ( 'NONE', #547, .T. ) ;
#4817 = FACE_OUTER_BOUND ( 'NONE', #951, .T. ) ;
#4818 = EDGE_CURVE ( 'NONE', #4337, #2545, #2265, .T. ) ;
#4819 = VERTEX_POINT ( 'NONE', #3181 ) ;
#4820 = EDGE_CURVE ( 'NONE', #3056, #3441, #3688, .T. ) ;
#4821 = CYLINDRICAL_SURFACE ( 'NONE', #5424, 2.110000000000002540 ) ;
#4822 = CARTESIAN_POINT ( 'NONE',  ( -4.751463457681572855, -1.369223539603998452, -7.684581296706453857E-20 ) ) ;
#4823 = CARTESIAN_POINT ( 'NONE',  ( -0.4669725229051379656, -0.9278699585293476160, 2.593200000000003058 ) ) ;
#4824 = CARTESIAN_POINT ( 'NONE',  ( -1.194038166218075014, -1.107019994168997545, 2.593200000000003058 ) ) ;
#4825 = CARTESIAN_POINT ( 'NONE',  ( -0.8350029951203407075, -0.3894225462169315644, 2.073752656537885652 ) ) ;
#4826 = CARTESIAN_POINT ( 'NONE',  ( -4.505291520553614149, -1.307557273947756782, 2.143779822451709159E-19 ) ) ;
#4827 = CARTESIAN_POINT ( 'NONE',  ( -3.066187500685871647, -0.5933618218502586528, 1.027451534519531468E-19 ) ) ;
#4828 = CARTESIAN_POINT ( 'NONE',  ( -0.7608708037008958813, -1.573205780218965621, -3.632736160938781104E-20 ) ) ;
#4829 = CARTESIAN_POINT ( 'NONE',  ( -5.006227834808179900, -1.428465809743324932, 2.391702549246664028E-19 ) ) ;
#4830 = CARTESIAN_POINT ( 'NONE',  ( -4.534305121341876799, -1.167475994323244892, 2.593200000000003058 ) ) ;
#4831 = ORIENTED_EDGE ( 'NONE', *, *, #1977, .T. ) ;
#4832 = DIRECTION ( 'NONE',  ( -1.000000000000000000, -0.0000000000000000000, -0.0000000000000000000 ) ) ;
#4833 = UNCERTAINTY_MEASURE_WITH_UNIT (LENGTH_MEASURE( 1.000000000000000082E-05 ), #4095, 'distance_accuracy_value', 'NONE');
#4834 =( NAMED_UNIT ( * ) SI_UNIT ( $, .STERADIAN. ) SOLID_ANGLE_UNIT ( ) );
#4835 = CARTESIAN_POINT ( 'NONE',  ( -5.128520909491949276, -1.446575105667670558, 2.593200000000003058 ) ) ;
#4836 = FACE_OUTER_BOUND ( 'NONE', #225, .T. ) ;
#4837 = CARTESIAN_POINT ( 'NONE',  ( -3.227704882937779907, -1.536377666547909193, 1.446251591436572337 ) ) ;
#4838 = EDGE_CURVE ( 'NONE', #4208, #1178, #1418, .T. ) ;
#4839 = CARTESIAN_POINT ( 'NONE',  ( -0.7620583595842072011, -0.3179106248997077278, 2.085935942301877510 ) ) ;
#4840 = ORIENTED_EDGE ( 'NONE', *, *, #444, .T. ) ;
#4841 = CARTESIAN_POINT ( 'NONE',  ( -15.37140046512274871, -1.250000000000002887, 0.0000000000000000000 ) ) ;
#4842 = ORIENTED_EDGE ( 'NONE', *, *, #1320, .F. ) ;
#4843 = CARTESIAN_POINT ( 'NONE',  ( -4.997289113211136780, -0.2658769570137907157, 0.2793621655448871866 ) ) ;
#4844 = CARTESIAN_POINT ( 'NONE',  ( -4.687553387523541559, -1.289274583543482455, -7.684581296706453857E-20 ) ) ;
#4845 = ADVANCED_FACE ( 'NONE', ( #1499 ), #5423, .T. ) ;
#4846 = FILL_AREA_STYLE_COLOUR ( '', #5059 ) ;
#4847 = DIRECTION ( 'NONE',  ( 0.0000000000000000000, 0.0000000000000000000, 1.000000000000000000 ) ) ;
#4848 = CARTESIAN_POINT ( 'NONE',  ( -0.01012045251870416669, -0.4256349713519693712, 0.0000000000000000000 ) ) ;
#4849 = CARTESIAN_POINT ( 'NONE',  ( -1.705516486173685786, -0.9299006259585064216, 1.906610166879143309 ) ) ;
#4850 = CARTESIAN_POINT ( 'NONE',  ( -0.4222704703093921319, -0.8557135554819229606, -5.733611658969716177E-20 ) ) ;
#4851 = CARTESIAN_POINT ( 'NONE',  ( -17.07237392568151790, -0.3894375332127472111, 2.073749842127825982 ) ) ;
#4852 = CARTESIAN_POINT ( 'NONE',  ( -4.962571506366317386, -1.429913431471494079, 0.0000000000000000000 ) ) ;
#4853 = EDGE_CURVE ( 'NONE', #1937, #2184, #585, .T. ) ;
#4854 = CARTESIAN_POINT ( 'NONE',  ( -4.489176853545177259, -1.163167499850753295, 0.0000000000000000000 ) ) ;
#4855 = CARTESIAN_POINT ( 'NONE',  ( -4.669167059672091113, -1.209004450812188214, 0.0000000000000000000 ) ) ;
#4856 = CARTESIAN_POINT ( 'NONE',  ( -3.061171662759460510, -1.346872922218900870, 2.593200000000003058 ) ) ;
#4857 = CARTESIAN_POINT ( 'NONE',  ( -4.990096556374717274, -0.4091713900385345881, 0.0000000000000000000 ) ) ;
#4858 = CARTESIAN_POINT ( 'NONE',  ( -5.292652442622111764, -0.6525834439300934875, 2.006705719708449465 ) ) ;
#4859 = STYLED_ITEM ( 'NONE', ( #5461 ), #879 ) ;
#4860 = B_SPLINE_CURVE_WITH_KNOTS ( 'NONE', 3,
 ( #5228, #3096, #909, #1850, #2721, #1742, #960 ),
 .UNSPECIFIED., .F., .F.,
 ( 4, 3, 4 ),
 ( 0.0004295513847077924450, 0.001354936519595113190, 0.002161329844543550139 ),
 .UNSPECIFIED. ) ;
#4861 = ORIENTED_EDGE ( 'NONE', *, *, #5203, .F. ) ;
#4862 = CARTESIAN_POINT ( 'NONE',  ( -1.079428675352660738, -0.8568713832284569065, -7.471130231984299497E-20 ) ) ;
#4863 = CARTESIAN_POINT ( 'NONE',  ( -5.407837458799090946, -0.6127682507551089897, 2.019062918987892807 ) ) ;
#4864 = ORIENTED_EDGE ( 'NONE', *, *, #2903, .F. ) ;
#4865 =( GEOMETRIC_REPRESENTATION_CONTEXT ( 3 ) GLOBAL_UNCERTAINTY_ASSIGNED_CONTEXT ( ( #4887 ) ) GLOBAL_UNIT_ASSIGNED_CONTEXT ( ( #3807, #936, #2559 ) ) REPRESENTATION_CONTEXT ( 'NONE', 'WORKASPACE' ) );
#4866 = VECTOR ( 'NONE', #4552, 1000.000000000000000 ) ;
#4867 = CARTESIAN_POINT ( 'NONE',  ( -4.626787169800767430, -1.248338208775993330, 2.593200000000003058 ) ) ;
#4868 = CARTESIAN_POINT ( 'NONE',  ( -4.842969457826831636, -1.569446703658671449, 0.0000000000000000000 ) ) ;
#4869 = CARTESIAN_POINT ( 'NONE',  ( -3.072595372524594914, -0.3352762492563289287, -1.789160090686218391E-20 ) ) ;
#4870 = VECTOR ( 'NONE', #2575, 1000.000000000000114 ) ;
#4871 = STYLED_ITEM ( 'NONE', ( #4041 ), #2599 ) ;
#4872 = ORIENTED_EDGE ( 'NONE', *, *, #1662, .F. ) ;
#4873 = CARTESIAN_POINT ( 'NONE',  ( -5.307250618570718004, -0.5995865735535395036, 2.593200000000003058 ) ) ;
#4874 = CARTESIAN_POINT ( 'NONE',  ( -0.04579264686556979574, -0.5496727676392536566, 2.043658645416849051 ) ) ;
#4875 = CARTESIAN_POINT ( 'NONE',  ( -2.825392857116060252, -0.2774627395310559907, 0.0000000000000000000 ) ) ;
#4876 = ADVANCED_FACE ( 'NONE', ( #4086 ), #2405, .T. ) ;
#4877 = CARTESIAN_POINT ( 'NONE',  ( -5.242519805528808696, -0.3098761060821391689, 0.0000000000000000000 ) ) ;
#4878 = STYLED_ITEM ( 'NONE', ( #2313 ), #2630 ) ;
#4879 = CARTESIAN_POINT ( 'NONE',  ( -4.843035410072108249, -1.019277215160640626, 0.0000000000000000000 ) ) ;
#4880 = CARTESIAN_POINT ( 'NONE',  ( 2.662990836728402311, -1.872024488978240511E-15, -2.051575658258941726 ) ) ;
#4881 =( GEOMETRIC_REPRESENTATION_CONTEXT ( 3 ) GLOBAL_UNCERTAINTY_ASSIGNED_CONTEXT ( ( #3238 ) ) GLOBAL_UNIT_ASSIGNED_CONTEXT ( ( #3852, #5006, #686 ) ) REPRESENTATION_CONTEXT ( 'NONE', 'WORKASPACE' ) );
#4882 = CARTESIAN_POINT ( 'NONE',  ( -4.533473807411313672, -1.197796613803324695, 2.593200000000003058 ) ) ;
#4883 = ORIENTED_EDGE ( 'NONE', *, *, #937, .T. ) ;
#4884 = EDGE_CURVE ( 'NONE', #5208, #2661, #4457, .T. ) ;
#4885 = CARTESIAN_POINT ( 'NONE',  ( 2.679159658726035786, -2.123270045287784227E-15, 0.0000000000000000000 ) ) ;
#4886 = VERTEX_POINT ( 'NONE', #5530 ) ;
#4887 = UNCERTAINTY_MEASURE_WITH_UNIT (LENGTH_MEASURE( 1.000000000000000082E-05 ), #3807, 'distance_accuracy_value', 'NONE');
#4888 = CARTESIAN_POINT ( 'NONE',  ( -2.454210009597367570, -0.6318358983230369930, 1.371333307452753614 ) ) ;
#4889 = AXIS2_PLACEMENT_3D ( 'NONE', #3483, #5218, #1782 ) ;
#4890 = CARTESIAN_POINT ( 'NONE',  ( -3.072346576817582608, -0.6561251097400569998, 0.0000000000000000000 ) ) ;
#4891 = CARTESIAN_POINT ( 'NONE',  ( -2.556583816233604534, -0.5727182108354185175, 2.593200000000003058 ) ) ;
#4892 = UNCERTAINTY_MEASURE_WITH_UNIT (LENGTH_MEASURE( 1.000000000000000082E-05 ), #4098, 'distance_accuracy_value', 'NONE');
#4893 = DIRECTION ( 'NONE',  ( 0.0000000000000000000, 0.0000000000000000000, 1.000000000000000000 ) ) ;
#4894 = CARTESIAN_POINT ( 'NONE',  ( -1.440006862718475444, -1.184990613655524161, 1.746312527805794268 ) ) ;
#4895 = ORIENTED_EDGE ( 'NONE', *, *, #3889, .F. ) ;
#4896 = CARTESIAN_POINT ( 'NONE',  ( -3.018644076610507820, -1.321026571390374604, 1.645632497985867859 ) ) ;
#4897 = DIRECTION ( 'NONE',  ( -1.000000000000000000, -0.0000000000000000000, -0.0000000000000000000 ) ) ;
#4898 = ORIENTED_EDGE ( 'NONE', *, *, #2731, .F. ) ;
#4899 = CARTESIAN_POINT ( 'NONE',  ( -4.704323906730222049, -1.319268763745000017, 0.0000000000000000000 ) ) ;
#4900 = CARTESIAN_POINT ( 'NONE',  ( -2.267074790153007502, -1.094904113084894437, 1.803686498022812223 ) ) ;
#4901 =( NAMED_UNIT ( * ) PLANE_ANGLE_UNIT ( ) SI_UNIT ( $, .RADIAN. ) );
#4902 = CARTESIAN_POINT ( 'NONE',  ( -5.253608874363235870, -0.4569678578748209707, 2.593200000000003058 ) ) ;
#4903 = CARTESIAN_POINT ( 'NONE',  ( -3.050023532598595377, -1.211765110593510775, 1.728910171884651126 ) ) ;
#4904 = CARTESIAN_POINT ( 'NONE',  ( -0.4243718123912952889, -0.7828149249391701536, -5.733611658969716177E-20 ) ) ;
#4905 = CARTESIAN_POINT ( 'NONE',  ( -5.443102285952195807, -0.6126509653342681050, 0.0000000000000000000 ) ) ;
#4906 = B_SPLINE_CURVE_WITH_KNOTS ( 'NONE', 3,
 ( #4133, #1124, #4481, #586, #5452, #2336, #4066 ),
 .UNSPECIFIED., .F., .F.,
 ( 4, 3, 4 ),
 ( 0.0007328909365450501012, 0.001341755147987498155, 0.002161329269601457506 ),
 .UNSPECIFIED. ) ;
#4907 = CARTESIAN_POINT ( 'NONE',  ( -4.880275708446325744, -1.007149465756790541, 0.0000000000000000000 ) ) ;
#4908 = CARTESIAN_POINT ( 'NONE',  ( -2.413803324280189511, -1.396986268844624401, 0.0000000000000000000 ) ) ;
#4909 = FILL_AREA_STYLE ('',( #641 ) ) ;
#4910 = ADVANCED_FACE ( 'NONE', ( #2103 ), #3261, .T. ) ;
#4911 = CARTESIAN_POINT ( 'NONE',  ( -0.7345268386380678916, -0.4504178007915659032, 0.0000000000000000000 ) ) ;
#4912 = ORIENTED_EDGE ( 'NONE', *, *, #784, .T. ) ;
#4913 = CARTESIAN_POINT ( 'NONE',  ( -4.639059863764198433, -1.205802089638874142, 1.731514169916735568 ) ) ;
#4914 = CARTESIAN_POINT ( 'NONE',  ( -2.927681033372635522, -1.096577809954358385, 1.126532918485027901 ) ) ;
#4915 = EDGE_CURVE ( 'NONE', #4138, #811, #4016, .T. ) ;
#4916 = CARTESIAN_POINT ( 'NONE',  ( -0.8684482327303355564, -0.4271550449341045552, 0.0000000000000000000 ) ) ;
#4917 = CARTESIAN_POINT ( 'NONE',  ( -2.619170755619036228, -0.5352629607638814679, 0.0000000000000000000 ) ) ;
#4918 = CARTESIAN_POINT ( 'NONE',  ( -3.196190057715665223, -1.356351217672790987, 0.0000000000000000000 ) ) ;
#4919 = CARTESIAN_POINT ( 'NONE',  ( -3.227365436110178010, -1.531635007784230673, 1.451277411584795507 ) ) ;
#4920 = ADVANCED_FACE ( 'NONE', ( #2438 ), #696, .T. ) ;
#4921 = ORIENTED_EDGE ( 'NONE', *, *, #3509, .T. ) ;
#4922 = CARTESIAN_POINT ( 'NONE',  ( -3.077588074567525922, -1.398670990593285035, 1.580193959553079397 ) ) ;
#4923 = CARTESIAN_POINT ( 'NONE',  ( -5.420391554868699835, -1.265047934144554631, 2.593200000000003058 ) ) ;
#4924 = ORIENTED_EDGE ( 'NONE', *, *, #5307, .F. ) ;
#4925 = CARTESIAN_POINT ( 'NONE',  ( -3.483936109653454682, -0.8372245041878402239, 0.0000000000000000000 ) ) ;
#4926 = CARTESIAN_POINT ( 'NONE',  ( 0.6312110474883949607, -0.8544362567181342794, 1.929258583810245842 ) ) ;
#4927 = CARTESIAN_POINT ( 'NONE',  ( -5.023330547091598319, -0.3641552830975350319, 2.593200000000003058 ) ) ;
#4928 = FACE_OUTER_BOUND ( 'NONE', #2000, .T. ) ;
#4929 = CARTESIAN_POINT ( 'NONE',  ( -14.12140046512274516, -1.250000000000002220, 0.0000000000000000000 ) ) ;
#4930 = CARTESIAN_POINT ( 'NONE',  ( -14.87140046512274338, -10.00000000000000178, 6.123233995736793153E-17 ) ) ;
#4931 = CARTESIAN_POINT ( 'NONE',  ( -4.815235913124848111, -1.028749707717215855, 0.0000000000000000000 ) ) ;
#4932 = CARTESIAN_POINT ( 'NONE',  ( -2.831800020401413764, -1.195681498323164282, 1.041885070563473011E-19 ) ) ;
#4933 = CARTESIAN_POINT ( 'NONE',  ( -1.176619036073775160, -1.355019497635271852, 0.0000000000000000000 ) ) ;
#4934 =( NAMED_UNIT ( * ) PLANE_ANGLE_UNIT ( ) SI_UNIT ( $, .RADIAN. ) );
#4935 = CARTESIAN_POINT ( 'NONE',  ( -0.7263115053074566951, -0.4034676312861907310, 2.593200000000003058 ) ) ;
#4936 = ORIENTED_EDGE ( 'NONE', *, *, #2013, .T. ) ;
#4937 = ORIENTED_EDGE ( 'NONE', *, *, #2675, .F. ) ;
#4938 = CARTESIAN_POINT ( 'NONE',  ( -2.910048260657398966, -1.261392381724434575, 0.0000000000000000000 ) ) ;
#4939 = CARTESIAN_POINT ( 'NONE',  ( 8.758599534877250292, -1.250000000000004663, 0.0000000000000000000 ) ) ;
#4940 = CARTESIAN_POINT ( 'NONE',  ( -3.110428618677082202, -0.5833213189497549189, 2.593200000000003058 ) ) ;
#4941 = CARTESIAN_POINT ( 'NONE',  ( -2.715152881650964911, -0.4479867689388784546, 0.0000000000000000000 ) ) ;
#4942 = UNCERTAINTY_MEASURE_WITH_UNIT (LENGTH_MEASURE( 1.000000000000000082E-05 ), #3076, 'distance_accuracy_value', 'NONE');
#4943 = EDGE_CURVE ( 'NONE', #3794, #3968, #3022, .T. ) ;
#4944 = ORIENTED_EDGE ( 'NONE', *, *, #888, .F. ) ;
#4945 = CARTESIAN_POINT ( 'NONE',  ( -1.057227217326833779, -0.6452524498410793230, -7.471130231984299497E-20 ) ) ;
#4946 = FACE_OUTER_BOUND ( 'NONE', #3155, .T. ) ;
#4947 = ORIENTED_EDGE ( 'NONE', *, *, #4943, .T. ) ;
#4948 = CARTESIAN_POINT ( 'NONE',  ( -0.5946102682560239217, -0.3525819477908700983, -5.733611658969716177E-20 ) ) ;
#4949 = PRESENTATION_LAYER_ASSIGNMENT (  '', '', ( #595 ) ) ;
#4950 = CARTESIAN_POINT ( 'NONE',  ( -5.012825814241547384, -1.454790912913688006, 1.528302907704883529 ) ) ;
#4951 = ORIENTED_EDGE ( 'NONE', *, *, #5004, .T. ) ;
#4952 = MECHANICAL_DESIGN_GEOMETRIC_PRESENTATION_REPRESENTATION (  '', ( #3150 ), #4678 ) ;
#4953 = CIRCLE ( 'NONE', #5418, 0.5000000000000004441 ) ;
#4954 = CARTESIAN_POINT ( 'NONE',  ( -5.021243031550101321, -0.4094053598883279355, 0.0000000000000000000 ) ) ;
#4955 = CARTESIAN_POINT ( 'NONE',  ( -1.707533446908011898, -1.115441267410711923, 1.791058563798850090 ) ) ;
#4956 = ORIENTED_EDGE ( 'NONE', *, *, #2898, .F. ) ;
#4957 = CARTESIAN_POINT ( 'NONE',  ( -2.792688865628097261, -0.9552047828771977889, 1.151232187994347909E-19 ) ) ;
#4958 = CARTESIAN_POINT ( 'NONE',  ( -5.107241063426591232, -0.9461296456399537202, 0.0000000000000000000 ) ) ;
#4959 = CARTESIAN_POINT ( 'NONE',  ( 0.7472042878992980475, -1.561622081978972565, 0.0000000000000000000 ) ) ;
#4960 = AXIS2_PLACEMENT_3D ( 'NONE', #3580, #1385, #71 ) ;
#4961 = CARTESIAN_POINT ( 'NONE',  ( -0.6581416778047151084, -0.5208513860809057539, 0.0000000000000000000 ) ) ;
#4962 = EDGE_LOOP ( 'NONE', ( #3954, #4367, #5220, #1928 ) ) ;
#4963 = MECHANICAL_DESIGN_GEOMETRIC_PRESENTATION_REPRESENTATION (  '', ( #236 ), #4881 ) ;
#4964 = AXIS2_PLACEMENT_3D ( 'NONE', #2709, #2293, #431 ) ;
#4965 = ORIENTED_EDGE ( 'NONE', *, *, #3464, .T. ) ;
#4966 = CARTESIAN_POINT ( 'NONE',  ( -1.120125973885442994, -1.454351559983623643, 0.0000000000000000000 ) ) ;
#4967 =( BOUNDED_CURVE ( )  B_SPLINE_CURVE ( 3, ( #3031, #4757, #2660, #3627 ),
 .UNSPECIFIED., .F., .F. ) 
 B_SPLINE_CURVE_WITH_KNOTS ( ( 4, 4 ),
 ( 3.757385788558731399, 3.957198614192891650 ),
 .UNSPECIFIED. ) 
 CURVE ( )  GEOMETRIC_REPRESENTATION_ITEM ( )  RATIONAL_B_SPLINE_CURVE ( ( 1.000000000000000000, 0.9966756693658901378, 0.9966756693658901378, 1.000000000000000000 ) ) 
 REPRESENTATION_ITEM ( '' )  );
#4968 =( GEOMETRIC_REPRESENTATION_CONTEXT ( 3 ) GLOBAL_UNCERTAINTY_ASSIGNED_CONTEXT ( ( #1835 ) ) GLOBAL_UNIT_ASSIGNED_CONTEXT ( ( #1091, #4901, #3712 ) ) REPRESENTATION_CONTEXT ( 'NONE', 'WORKASPACE' ) );
#4969 = PRESENTATION_LAYER_ASSIGNMENT (  '', '', ( #154 ) ) ;
#4970 = CARTESIAN_POINT ( 'NONE',  ( -2.665918540498369627, -0.4239670880211889314, 2.593200000000003058 ) ) ;
#4971 = CARTESIAN_POINT ( 'NONE',  ( -5.311393635444717987, -1.117105386516232146, 0.0000000000000000000 ) ) ;
#4972 =( GEOMETRIC_REPRESENTATION_CONTEXT ( 3 ) GLOBAL_UNCERTAINTY_ASSIGNED_CONTEXT ( ( #4039 ) ) GLOBAL_UNIT_ASSIGNED_CONTEXT ( ( #1458, #3596, #2761 ) ) REPRESENTATION_CONTEXT ( 'NONE', 'WORKASPACE' ) );
#4973 = EDGE_CURVE ( 'NONE', #4819, #945, #557, .T. ) ;
#4974 = ORIENTED_EDGE ( 'NONE', *, *, #4820, .F. ) ;
#4975 = CARTESIAN_POINT ( 'NONE',  ( -17.07237392568151790, -1.115441267410711923, 1.791058563798850312 ) ) ;
#4976 = CARTESIAN_POINT ( 'NONE',  ( -5.327545007745527528, -0.8014141959548055638, 1.951960399238995114 ) ) ;
#4977 = ORIENTED_EDGE ( 'NONE', *, *, #3915, .F. ) ;
#4978 = CARTESIAN_POINT ( 'NONE',  ( -4.954796124522651724, -1.553153432363294284, 1.428220716674468926 ) ) ;
#4979 = MECHANICAL_DESIGN_GEOMETRIC_PRESENTATION_REPRESENTATION (  '', ( #3902 ), #2277 ) ;
#4980 = LINE ( 'NONE', #526, #4697 ) ;
#4981 = SURFACE_SIDE_STYLE ('',( #224 ) ) ;
#4982 = ADVANCED_FACE ( 'NONE', ( #2016 ), #4663, .T. ) ;
#4983 = VERTEX_POINT ( 'NONE', #288 ) ;
#4984 = EDGE_CURVE ( 'NONE', #507, #1120, #1304, .T. ) ;
#4985 = CARTESIAN_POINT ( 'NONE',  ( -5.261791702783555458, -0.5930185151988975889, 0.0000000000000000000 ) ) ;
#4986 = LINE ( 'NONE', #4549, #2332 ) ;
#4987 = ORIENTED_EDGE ( 'NONE', *, *, #1648, .F. ) ;
#4988 = CARTESIAN_POINT ( 'NONE',  ( -2.475513832714791640, -0.6306839761977425241, 2.593200000000003058 ) ) ;
#4989 = CARTESIAN_POINT ( 'NONE',  ( -5.184754231478957642, -1.547216735953633515, 2.148347352056795812E-19 ) ) ;
#4990 = PLANE ( 'NONE',  #2878 ) ;
#4991 = EDGE_CURVE ( 'NONE', #3000, #3441, #2071, .T. ) ;
#4992 = CARTESIAN_POINT ( 'NONE',  ( -0.6319347328638718064, -0.5661509007673583005, 0.0000000000000000000 ) ) ;
#4993 = VERTEX_POINT ( 'NONE', #3767 ) ;
#4994 = CARTESIAN_POINT ( 'NONE',  ( -2.630697291934569026, -0.3120094666433196329, 0.0000000000000000000 ) ) ;
#4995 = CARTESIAN_POINT ( 'NONE',  ( -2.529760904308490321, -0.3849979393877317468, 2.199675876008892974E-19 ) ) ;
#4996 = CARTESIAN_POINT ( 'NONE',  ( -1.610536799324225887, -0.3303024428737036389, 2.083986635329428960 ) ) ;
#4997 = CARTESIAN_POINT ( 'NONE',  ( -4.962223425169814739, -1.475209203310632322, 2.593200000000003058 ) ) ;
#4998 = CARTESIAN_POINT ( 'NONE',  ( -4.997222489251886834, -0.2974728467764339856, 2.088925538507955260 ) ) ;
#4999 = ORIENTED_EDGE ( 'NONE', *, *, #3426, .F. ) ;
#5000 = CARTESIAN_POINT ( 'NONE',  ( -3.105249629774274212, -0.6174411356376137139, 2.017638828934095407 ) ) ;
#5001 = PRESENTATION_STYLE_ASSIGNMENT (( #1568 ) ) ;
#5002 = ORIENTED_EDGE ( 'NONE', *, *, #1839, .F. ) ;
#5003 = CARTESIAN_POINT ( 'NONE',  ( -5.242224292530716312, -0.6816617303776977277, 2.719045378242563815E-20 ) ) ;
#5004 = EDGE_CURVE ( 'NONE', #1855, #717, #5504, .T. ) ;
#5005 = CARTESIAN_POINT ( 'NONE',  ( -5.248847040301067857, -0.8811879363240641139, 0.5821701619722271515 ) ) ;
#5006 =( NAMED_UNIT ( * ) PLANE_ANGLE_UNIT ( ) SI_UNIT ( $, .RADIAN. ) );
#5007 = CARTESIAN_POINT ( 'NONE',  ( -4.752783413627817310, -0.3407197338457574887, 2.082474345341898569 ) ) ;
#5008 = ORIENTED_EDGE ( 'NONE', *, *, #1275, .F. ) ;
#5009 = CARTESIAN_POINT ( 'NONE',  ( -2.465416813337003799, -0.6317855299486893061, 2.013193245607963089 ) ) ;
#5010 = CARTESIAN_POINT ( 'NONE',  ( -0.5540925206017904836, -0.9277754095777557275, 1.847750249736807904 ) ) ;
#5011 = ORIENTED_EDGE ( 'NONE', *, *, #1377, .F. ) ;
#5012 = CARTESIAN_POINT ( 'NONE',  ( -2.595817405591415383, -0.6577249306283383667, 1.151232187994347909E-19 ) ) ;
#5013 = EDGE_CURVE ( 'NONE', #4790, #3358, #3543, .T. ) ;
#5014 = DIRECTION ( 'NONE',  ( 1.000000000000000000, 1.224646799147353207E-16, -0.0000000000000000000 ) ) ;
#5015 =( LENGTH_UNIT ( ) NAMED_UNIT ( * ) SI_UNIT ( .MILLI., .METRE. ) );
#5016 = FACE_OUTER_BOUND ( 'NONE', #1752, .T. ) ;
#5017 =( NAMED_UNIT ( * ) SI_UNIT ( $, .STERADIAN. ) SOLID_ANGLE_UNIT ( ) );
#5018 = CARTESIAN_POINT ( 'NONE',  ( -0.8377059084103337661, -0.3802657878664552626, 2.593200000000003058 ) ) ;
#5019 = VERTEX_POINT ( 'NONE', #4277 ) ;
#5020 = CARTESIAN_POINT ( 'NONE',  ( -15.37140046512274516, -10.00000000000000178, 0.0000000000000000000 ) ) ;
#5021 = CARTESIAN_POINT ( 'NONE',  ( 3.231685845587584982, -2.127746763502802452E-15, 0.5000000000000004441 ) ) ;
#5022 = EDGE_CURVE ( 'NONE', #1496, #4526, #3719, .T. ) ;
#5023 = B_SPLINE_CURVE_WITH_KNOTS ( 'NONE', 3,
 ( #5472, #2432, #2511, #306, #4633, #3362, #2485, #1143, #5555, #2966 ),
 .UNSPECIFIED., .F., .F.,
 ( 4, 2, 2, 2, 4 ),
 ( 0.0000000000000000000, 4.966935436440544254E-05, 9.933870872881088508E-05, 0.0001490080630932163141, 0.0001986774174576217702 ),
 .UNSPECIFIED. ) ;
#5024 = CARTESIAN_POINT ( 'NONE',  ( -0.4547857678668301706, -0.9282634918343719566, 1.894842180691435063 ) ) ;
#5025 = CARTESIAN_POINT ( 'NONE',  ( -1.574160677295012745, -1.248814037023710855, 0.0000000000000000000 ) ) ;
#5026 = ORIENTED_EDGE ( 'NONE', *, *, #5331, .T. ) ;
#5027 = CARTESIAN_POINT ( 'NONE',  ( -5.246673791735397607, -0.7475556121835728041, 2.593200000000003058 ) ) ;
#5028 = CARTESIAN_POINT ( 'NONE',  ( -5.390624916468735428, -0.6745790798274171607, 2.593200000000003058 ) ) ;
#5029 = CARTESIAN_POINT ( 'NONE',  ( -2.677662671863158206, -0.4706043926963392465, 1.435983751217075051E-19 ) ) ;
#5030 = ORIENTED_EDGE ( 'NONE', *, *, #4551, .T. ) ;
#5031 =( NAMED_UNIT ( * ) SI_UNIT ( $, .STERADIAN. ) SOLID_ANGLE_UNIT ( ) );
#5032 = CARTESIAN_POINT ( 'NONE',  ( -4.853707854105757669, -0.4272092163806412435, 4.762539561707135955E-20 ) ) ;
#5033 = FILL_AREA_STYLE ('',( #278 ) ) ;
#5034 = CARTESIAN_POINT ( 'NONE',  ( -0.8334315218967294214, -0.2967072405315025474, 1.102259108910396579 ) ) ;
#5035 = CARTESIAN_POINT ( 'NONE',  ( -5.242224292530716312, -0.6816617303776977277, 0.0000000000000000000 ) ) ;
#5036 = ORIENTED_EDGE ( 'NONE', *, *, #402, .F. ) ;
#5037 = CARTESIAN_POINT ( 'NONE',  ( -2.786549094954674732, -1.158778826715864296, 0.0000000000000000000 ) ) ;
#5038 = DIRECTION ( 'NONE',  ( 0.6105193732222974345, 0.7920013225495605713, 0.0000000000000000000 ) ) ;
#5039 = VERTEX_POINT ( 'NONE', #2610 ) ;
#5040 =( GEOMETRIC_REPRESENTATION_CONTEXT ( 3 ) GLOBAL_UNCERTAINTY_ASSIGNED_CONTEXT ( ( #4892 ) ) GLOBAL_UNIT_ASSIGNED_CONTEXT ( ( #4098, #194, #4571 ) ) REPRESENTATION_CONTEXT ( 'NONE', 'WORKASPACE' ) );
#5041 = CARTESIAN_POINT ( 'NONE',  ( -4.954796124522651724, -1.553153432363294284, 1.428220716674468926 ) ) ;
#5042 = DIRECTION ( 'NONE',  ( -1.000000000000000000, 0.0000000000000000000, 0.0000000000000000000 ) ) ;
#5043 = CARTESIAN_POINT ( 'NONE',  ( -0.8356475182110254529, -1.475300235022018791, 2.593200000000003058 ) ) ;
#5044 = CARTESIAN_POINT ( 'NONE',  ( -0.9833196774771933990, -1.426605414966921392, 2.593200000000003058 ) ) ;
#5045 = AXIS2_PLACEMENT_3D ( 'NONE', #918, #2624, #3075 ) ;
#5046 = ORIENTED_EDGE ( 'NONE', *, *, #1580, .F. ) ;
#5047 = ADVANCED_FACE ( 'NONE', ( #3859 ), #5453, .T. ) ;
#5048 = CARTESIAN_POINT ( 'NONE',  ( -2.801038419223428555, -0.3231504502401039147, 2.593200000000003058 ) ) ;
#5049 = COLOUR_RGB ( '',0.0000000000000000000, 0.0000000000000000000, 0.0000000000000000000 ) ;
#5050 = AXIS2_PLACEMENT_3D ( 'NONE', #5204, #5568, #4255 ) ;
#5051 =( NAMED_UNIT ( * ) PLANE_ANGLE_UNIT ( ) SI_UNIT ( $, .RADIAN. ) );
#5052 = AXIS2_PLACEMENT_3D ( 'NONE', #3713, #722, #3761 ) ;
#5053 = CARTESIAN_POINT ( 'NONE',  ( -3.517037965529303811, -0.9255621481262196193, 1.896404053034304038 ) ) ;
#5054 = TOROIDAL_SURFACE ( 'NONE', #1528, 1.150000000000002132, 0.09999999999999971412 ) ;
#5055 = CARTESIAN_POINT ( 'NONE',  ( -3.385154621772845651, -0.4256349713519695932, 0.0000000000000000000 ) ) ;
#5056 = EDGE_CURVE ( 'NONE', #2664, #1565, #3773, .T. ) ;
#5057 = B_SPLINE_CURVE_WITH_KNOTS ( 'NONE', 3,
 ( #2730, #591, #163, #3513, #4888, #3053, #188, #3029, #463, #2211 ),
 .UNSPECIFIED., .F., .F.,
 ( 4, 3, 3, 4 ),
 ( 0.0001478292825120428500, 0.0005154785868023378272, 0.001338403976296074528, 0.002161329365790035876 ),
 .UNSPECIFIED. ) ;
#5058 = CARTESIAN_POINT ( 'NONE',  ( -4.989838399082059617, -0.3729180270227315797, 2.076784087266051237 ) ) ;
#5059 = COLOUR_RGB ( '',0.8980392156862745390, 0.8980392156862745390, 0.8980392156862745390 ) ;
#5060 = CIRCLE ( 'NONE', #2619, 0.5000000000000004441 ) ;
#5061 = CARTESIAN_POINT ( 'NONE',  ( -5.249384869800958420, -0.7452441238796490008, 2.593200000000003058 ) ) ;
#5062 = CARTESIAN_POINT ( 'NONE',  ( -3.072346576817582608, -0.6561251097400569998, 0.0000000000000000000 ) ) ;
#5063 = VERTEX_POINT ( 'NONE', #4422 ) ;
#5064 = DIRECTION ( 'NONE',  ( -1.000000000000000000, -0.0000000000000000000, -0.0000000000000000000 ) ) ;
#5065 = TOROIDAL_SURFACE ( 'NONE', #4889, 0.7566776936709389556, 0.008838884357004635900 ) ;
#5066 = DIRECTION ( 'NONE',  ( 0.0000000000000000000, 0.0000000000000000000, 1.000000000000000000 ) ) ;
#5067 = CARTESIAN_POINT ( 'NONE',  ( -3.168254987887680230, -0.5294997124362026408, 2.593200000000003058 ) ) ;
#5068 = CARTESIAN_POINT ( 'NONE',  ( -4.521141732399845736, -0.6396615284266221613, 0.0000000000000000000 ) ) ;
#5069 = EDGE_LOOP ( 'NONE', ( #374, #434, #3032, #148 ) ) ;
#5070 = CARTESIAN_POINT ( 'NONE',  ( -5.062516595598440361, -0.3734656846658794827, 2.076685747044254349 ) ) ;
#5071 = CARTESIAN_POINT ( 'NONE',  ( -4.793534836482686856, -1.002627341706741282, 1.856566296597591537 ) ) ;
#5072 = ORIENTED_EDGE ( 'NONE', *, *, #1589, .F. ) ;
#5073 = COLOUR_RGB ( '',0.7803921568627451011, 0.7607843137254901578, 0.7411764705882353255 ) ;
#5074 = CARTESIAN_POINT ( 'NONE',  ( -4.721716836466445244, -0.3189303687298785106, 3.529904119173037149E-21 ) ) ;
#5075 = B_SPLINE_SURFACE_WITH_KNOTS ( 'NONE', 1, 3, ( 
 ( #3542, #1886, #1319, #1346, #3104, #2264, #3126, #3049, #974, #891, #4463, #109, #2708, #2653, #3594, #5321, #1428, #3161, #4890 ),
 ( #3241, #1079, #2758, #3215, #2812, #1537, #2784, #165, #1963, #2344, #1132, #2862, #707, #3188, #4072, #4940, #1455, #3270, #4114 ) ),
 .UNSPECIFIED., .F., .F., .F.,
 ( 2, 2 ),
 ( 4, 3, 2, 2, 2, 2, 2, 2, 4 ),
 ( 0.0000000000000000000, 1.000000000000000000 ),
 ( -0.01000000000000000021, 0.0000000000000000000, 0.2500000000000000000, 0.3750000000000000000, 0.5000000000000000000, 0.6250000000000000000, 0.7500000000000000000, 0.8750000000000000000, 1.000000000000000000 ),
 .UNSPECIFIED. ) ;
#5076 = CARTESIAN_POINT ( 'NONE',  ( -2.587019160386645922, -0.6334865488340327699, 0.4515129782614848986 ) ) ;
#5077 = CARTESIAN_POINT ( 'NONE',  ( -0.8376849275521158766, -1.475377874940391409, 2.593200000000003058 ) ) ;
#5078 = CARTESIAN_POINT ( 'NONE',  ( -1.125516720906749812, -0.9280737769961525663, 2.593200000000003058 ) ) ;
#5079 = AXIS2_PLACEMENT_3D ( 'NONE', #4434, #4011, #3534 ) ;
#5080 = DIRECTION ( 'NONE',  ( 0.0000000000000000000, 0.0000000000000000000, 1.000000000000000000 ) ) ;
#5081 = CARTESIAN_POINT ( 'NONE',  ( -2.267995190592011934, -1.178426996949016425, 1.750956792187358557 ) ) ;
#5082 = ORIENTED_EDGE ( 'NONE', *, *, #3439, .F. ) ;
#5083 = CARTESIAN_POINT ( 'NONE',  ( -0.4463576506355501627, -1.217401644243970793, -3.632736160938781104E-20 ) ) ;
#5084 = CARTESIAN_POINT ( 'NONE',  ( -3.226833617269128762, -0.6315107300332144513, 0.5224952297995072437 ) ) ;
#5085 = EDGE_CURVE ( 'NONE', #1120, #3676, #1776, .T. ) ;
#5086 = CARTESIAN_POINT ( 'NONE',  ( 2.686101209246400945, -2.168404344971008868E-15, 0.0000000000000000000 ) ) ;
#5087 = CARTESIAN_POINT ( 'NONE',  ( -4.990010024818118062, -0.3970196029727970366, 0.6961185356808849978 ) ) ;
#5088 = EDGE_CURVE ( 'NONE', #2045, #1269, #606, .T. ) ;
#5089 = CARTESIAN_POINT ( 'NONE',  ( -0.5863457984889230978, -0.9277742014117316138, 0.0000000000000000000 ) ) ;
#5090 = CARTESIAN_POINT ( 'NONE',  ( -5.207440893396937831, -0.7215223400381738372, 0.0000000000000000000 ) ) ;
#5091 = CARTESIAN_POINT ( 'NONE',  ( -3.084033360545369362, -0.6427229461078864947, 0.6973776865935492619 ) ) ;
#5092 =( LENGTH_UNIT ( ) NAMED_UNIT ( * ) SI_UNIT ( .MILLI., .METRE. ) );
#5093 = ORIENTED_EDGE ( 'NONE', *, *, #4322, .F. ) ;
#5094 = CARTESIAN_POINT ( 'NONE',  ( -3.095995487041061978, -1.424161644593182396, 1.556876234666602965 ) ) ;
#5095 = ADVANCED_FACE ( 'NONE', ( #1948 ), #5401, .T. ) ;
#5096 = CARTESIAN_POINT ( 'NONE',  ( -4.539158597220954050, -1.085138112044724545, 1.809873458605074648 ) ) ;
#5097 = CARTESIAN_POINT ( 'NONE',  ( -3.483936109653454682, -0.9853967360087538818, 0.0000000000000000000 ) ) ;
#5098 = CARTESIAN_POINT ( 'NONE',  ( -4.626173283098848898, -0.4182875641276624923, 2.068790191839781301 ) ) ;
#5099 = ORIENTED_EDGE ( 'NONE', *, *, #1938, .F. ) ;
#5100 = CARTESIAN_POINT ( 'NONE',  ( -0.4312440340858648136, -0.9282814187625398894, 0.5461857547031579996 ) ) ;
#5101 = CARTESIAN_POINT ( 'NONE',  ( -0.4634689068198687423, -0.5680960957071522488, 0.0000000000000000000 ) ) ;
#5102 = ORIENTED_EDGE ( 'NONE', *, *, #5479, .T. ) ;
#5103 = CARTESIAN_POINT ( 'NONE',  ( -4.569052998179504499, -0.4630024732406588517, 3.529904119173037149E-21 ) ) ;
#5104 = DIRECTION ( 'NONE',  ( -0.01744974916068272111, 0.01744974916068272111, -0.9996954598818874604 ) ) ;
#5105 = CARTESIAN_POINT ( 'NONE',  ( -2.760831118817604235, -0.3938267660474525922, 2.072948843441645206 ) ) ;
#5106 = CARTESIAN_POINT ( 'NONE',  ( -0.8463256251941289054, -1.429427812489485916, 0.0000000000000000000 ) ) ;
#5107 = CARTESIAN_POINT ( 'NONE',  ( -3.253445971265365610, -1.561622081978972565, 0.0000000000000000000 ) ) ;
#5108 = CARTESIAN_POINT ( 'NONE',  ( -8.841400465122747576, -1.920591000028896894E-15, 1.250000000000002220 ) ) ;
#5109 = ORIENTED_EDGE ( 'NONE', *, *, #903, .T. ) ;
#5110 = DIRECTION ( 'NONE',  ( 0.0000000000000000000, 0.0000000000000000000, -1.000000000000000000 ) ) ;
#5111 = CARTESIAN_POINT ( 'NONE',  ( -2.469898704826183788, -0.4643328539919612252, 2.199675876008892974E-19 ) ) ;
#5112 = CARTESIAN_POINT ( 'NONE',  ( -0.8871981623794639171, -1.576091342799820438, -1.894435147432296521E-19 ) ) ;
#5113 = CARTESIAN_POINT ( 'NONE',  ( -4.096358893762895192, -0.3894375332127473777, 2.073749842127826426 ) ) ;
#5114 = CARTESIAN_POINT ( 'NONE',  ( -0.1912198469664873057, -0.2774627395310559907, 0.0000000000000000000 ) ) ;
#5115 = PLANE ( 'NONE',  #1054 ) ;
#5116 = CARTESIAN_POINT ( 'NONE',  ( -4.695885855313934876, -1.112243443689865385, 6.580220753501264833E-20 ) ) ;
#5117 = LINE ( 'NONE', #2148, #2960 ) ;
#5118 =( BOUNDED_CURVE ( )  B_SPLINE_CURVE ( 3, ( #3870, #5053, #759, #5143 ),
 .UNSPECIFIED., .F., .F. ) 
 B_SPLINE_CURVE_WITH_KNOTS ( ( 4, 4 ),
 ( 5.814809658386710822, 5.857781973653414020 ),
 .UNSPECIFIED. ) 
 CURVE ( )  GEOMETRIC_REPRESENTATION_ITEM ( )  RATIONAL_B_SPLINE_CURVE ( ( 1.000000000000000000, 0.9998461209301080510, 0.9998461209301080510, 1.000000000000000000 ) ) 
 REPRESENTATION_ITEM ( '' )  );
#5119 = B_SPLINE_SURFACE_WITH_KNOTS ( 'NONE', 1, 3, ( 
 ( #1221, #2956, #1111, #715, #4684, #804, #4119, #5437, #219, #2424, #2453, #4153 ),
 ( #4182, #247, #2002, #3729, #5466, #1567, #3299, #5028, #3106, #4809, #3511, #5189 ) ),
 .UNSPECIFIED., .F., .F., .F.,
 ( 2, 2 ),
 ( 4, 2, 2, 2, 2, 4 ),
 ( 0.0000000000000000000, 1.000000000000000000 ),
 ( 0.0000000000000000000, 0.2500000000000000000, 0.5000000000000000000, 0.7500000000000000000, 0.8750000000000000000, 1.000000000000000000 ),
 .UNSPECIFIED. ) ;
#5120 = CARTESIAN_POINT ( 'NONE',  ( -5.199991143655153358, -0.7799773964833456308, 2.593200000000003058 ) ) ;
#5121 = CARTESIAN_POINT ( 'NONE',  ( -0.8350377808481882491, -0.4023782676841035633, 1.331826028212056867 ) ) ;
#5122 = CARTESIAN_POINT ( 'NONE',  ( -2.765139846145236557, -0.9746346780139300003, 1.873211084791128300 ) ) ;
#5123 = ADVANCED_FACE ( 'NONE', ( #2742 ), #3602, .T. ) ;
#5124 = ORIENTED_EDGE ( 'NONE', *, *, #5160, .T. ) ;
#5125 = CARTESIAN_POINT ( 'NONE',  ( -4.521141732399845736, -0.6396615284266221613, 0.0000000000000000000 ) ) ;
#5126 = CARTESIAN_POINT ( 'NONE',  ( -5.330680326725397045, -1.468812523578421736, 0.0000000000000000000 ) ) ;
#5127 = CARTESIAN_POINT ( 'NONE',  ( -2.940123439394059179, -1.081348545851115839, 0.0000000000000000000 ) ) ;
#5128 = CARTESIAN_POINT ( 'NONE',  ( -5.262032331035697119, -0.6001214824855998220, 0.0000000000000000000 ) ) ;
#5129 = EDGE_LOOP ( 'NONE', ( #5301, #81, #3221, #2631 ) ) ;
#5130 = FACE_OUTER_BOUND ( 'NONE', #5325, .T. ) ;
#5131 = EDGE_CURVE ( 'NONE', #3660, #2576, #4472, .T. ) ;
#5132 = ORIENTED_EDGE ( 'NONE', *, *, #4818, .F. ) ;
#5133 = CARTESIAN_POINT ( 'NONE',  ( -4.650109390832263934, -0.9168098884440035734, -4.580658754754668732E-20 ) ) ;
#5134 = CARTESIAN_POINT ( 'NONE',  ( -1.105686339203702628, -0.9277104505066823270, 1.457005349711217423 ) ) ;
#5135 = CARTESIAN_POINT ( 'NONE',  ( -0.5410686900591500370, -0.9259834964569213511, 2.593200000000003058 ) ) ;
#5136 = CARTESIAN_POINT ( 'NONE',  ( -1.115502009601489153, -1.141389459118697269, 2.593200000000003058 ) ) ;
#5137 = CARTESIAN_POINT ( 'NONE',  ( -17.07237392568151790, -0.8707721033933588650, 1.921940671288247415 ) ) ;
#5138 = ORIENTED_EDGE ( 'NONE', *, *, #3321, .T. ) ;
#5139 = CARTESIAN_POINT ( 'NONE',  ( -5.162368720973360858, -0.7863752539411158482, 1.958051346157863470 ) ) ;
#5140 = CIRCLE ( 'NONE', #1235, 0.8616197760533003125 ) ;
#5141 = CARTESIAN_POINT ( 'NONE',  ( -5.384334551124357660, -0.4971945485512317409, 2.050700245983390513 ) ) ;
#5142 = CARTESIAN_POINT ( 'NONE',  ( -4.920972298450354998, -0.4118334515666467466, 0.0000000000000000000 ) ) ;
#5143 = CARTESIAN_POINT ( 'NONE',  ( -3.517483708858973213, -0.8707721033933588650, 1.921940671288247637 ) ) ;
#5144 = CARTESIAN_POINT ( 'NONE',  ( -0.8655052202677128159, -1.455397745459545922, 1.527717273763375960 ) ) ;
#5145 = ORIENTED_EDGE ( 'NONE', *, *, #711, .F. ) ;
#5146 = PRESENTATION_LAYER_ASSIGNMENT (  '', '', ( #1605 ) ) ;
#5147 = FACE_OUTER_BOUND ( 'NONE', #610, .T. ) ;
#5148 = AXIS2_PLACEMENT_3D ( 'NONE', #4302, #5621, #927 ) ;
#5149 = TOROIDAL_SURFACE ( 'NONE', #3532, -0.1116197760532974814, 0.8616197760533003125 ) ;
#5150 = CARTESIAN_POINT ( 'NONE',  ( -2.298558255086145419, -1.084178223889362691, 0.0000000000000000000 ) ) ;
#5151 = CARTESIAN_POINT ( 'NONE',  ( -1.191785548249420179, -0.6694760243299705538, 2.002184611903349065 ) ) ;
#5152 = CARTESIAN_POINT ( 'NONE',  ( -3.098936036072264866, -0.5542289282182653043, 2.036983132075666170 ) ) ;
#5153 = ORIENTED_EDGE ( 'NONE', *, *, #2413, .T. ) ;
#5154 = ORIENTED_EDGE ( 'NONE', *, *, #5620, .T. ) ;
#5155 = PRESENTATION_LAYER_ASSIGNMENT (  '', '', ( #4431 ) ) ;
#5156 = STYLED_ITEM ( 'NONE', ( #3862 ), #2751 ) ;
#5157 = DIRECTION ( 'NONE',  ( 1.000000000000000000, 0.0000000000000000000, 0.0000000000000000000 ) ) ;
#5158 =( BOUNDED_CURVE ( )  B_SPLINE_CURVE ( 3, ( #5185, #3905, #392, #3955 ),
 .UNSPECIFIED., .F., .T. ) 
 B_SPLINE_CURVE_WITH_KNOTS ( ( 4, 4 ),
 ( 5.467579346576487254, 5.542277358163437917 ),
 .UNSPECIFIED. ) 
 CURVE ( )  GEOMETRIC_REPRESENTATION_ITEM ( )  RATIONAL_B_SPLINE_CURVE ( ( 1.000000000000000000, 0.9995350713051378566, 0.9995350713051378566, 1.000000000000000000 ) ) 
 REPRESENTATION_ITEM ( '' )  );
#5159 = CARTESIAN_POINT ( 'NONE',  ( -1.574160677295012745, -1.084178223889362691, 0.0000000000000000000 ) ) ;
#5160 = EDGE_CURVE ( 'NONE', #2548, #92, #240, .T. ) ;
#5161 = DIRECTION ( 'NONE',  ( 0.0000000000000000000, 0.0000000000000000000, 1.000000000000000000 ) ) ;
#5162 = VECTOR ( 'NONE', #755, 1000.000000000000000 ) ;
#5163 = CARTESIAN_POINT ( 'NONE',  ( -5.297882721272985762, -0.6667567794296692663, 2.593200000000003058 ) ) ;
#5164 = ORIENTED_EDGE ( 'NONE', *, *, #4744, .F. ) ;
#5165 = CARTESIAN_POINT ( 'NONE',  ( -1.097252263225662938, -0.3791139219912877945, 2.561349295854137319E-19 ) ) ;
#5166 = CARTESIAN_POINT ( 'NONE',  ( -1.098905770338134191, -1.437643529224957861, 1.544435522361685686 ) ) ;
#5167 = VERTEX_POINT ( 'NONE', #4900 ) ;
#5168 = CARTESIAN_POINT ( 'NONE',  ( -4.488471553336762732, -1.180161464386340731, -4.580658754754668732E-20 ) ) ;
#5169 = AXIS2_PLACEMENT_3D ( 'NONE', #4301, #5584, #4726 ) ;
#5170 = CARTESIAN_POINT ( 'NONE',  ( -4.843675083855630170, -1.414442141671722997, -7.684581296706453857E-20 ) ) ;
#5171 = EDGE_CURVE ( 'NONE', #1327, #2130, #4980, .T. ) ;
#5173 = EDGE_CURVE ( 'NONE', #507, #4752, #2316, .T. ) ;
#5172 = CARTESIAN_POINT ( 'NONE',  ( -0.5863050286208504325, -0.9215195771515813927, 0.0000000000000000000 ) ) ;
#5174 = DIRECTION ( 'NONE',  ( -1.000000000000000000, 4.336808689942013792E-16, 0.0000000000000000000 ) ) ;
#5175 = ORIENTED_EDGE ( 'NONE', *, *, #3810, .T. ) ;
#5176 = CARTESIAN_POINT ( 'NONE',  ( -4.623955172678559933, -1.206822034344949390, 2.593200000000003058 ) ) ;
#5177 = DIRECTION ( 'NONE',  ( 1.000000000000000000, 0.0000000000000000000, 0.0000000000000000000 ) ) ;
#5178 = CARTESIAN_POINT ( 'NONE',  ( -5.171207839283974650, -1.375342463139759053, 2.391702549246664028E-19 ) ) ;
#5179 = MECHANICAL_DESIGN_GEOMETRIC_PRESENTATION_REPRESENTATION (  '', ( #2810 ), #3452 ) ;
#5180 = EDGE_CURVE ( 'NONE', #643, #1036, #2301, .T. ) ;
#5181 = CYLINDRICAL_SURFACE ( 'NONE', #450, 2.060000000000002274 ) ;
#5182 = CARTESIAN_POINT ( 'NONE',  ( -3.421508682308952221, -0.3391438657776302823, 2.082722733235830681 ) ) ;
#5183 = CARTESIAN_POINT ( 'NONE',  ( -1.061817496331300292, -1.305440892686887455, 1.658870884349816333 ) ) ;
#5184 = ORIENTED_EDGE ( 'NONE', *, *, #2164, .F. ) ;
#5185 = CARTESIAN_POINT ( 'NONE',  ( -2.439047739711252660, -1.536377666547909193, 1.446251591436572337 ) ) ;
#5186 = PLANE ( 'NONE',  #2416 ) ;
#5187 = CARTESIAN_POINT ( 'NONE',  ( -1.043881736263922777, -0.4889159907661209670, 2.593200000000003058 ) ) ;
#5188 = CARTESIAN_POINT ( 'NONE',  ( -2.828972790892971823, -0.3918660056811942849, 1.934086505255666832 ) ) ;
#5189 = CARTESIAN_POINT ( 'NONE',  ( -5.397861013695731458, -0.6112018536143979386, 2.593200000000003058 ) ) ;
#5190 = VERTEX_POINT ( 'NONE', #2029 ) ;
#5191 = CARTESIAN_POINT ( 'NONE',  ( -3.203353996767179357, -0.6128787324966020744, 1.718471305080774503 ) ) ;
#5192 = DIRECTION ( 'NONE',  ( -0.0000000000000000000, -0.0000000000000000000, -1.000000000000000000 ) ) ;
#5193 = CARTESIAN_POINT ( 'NONE',  ( -4.060161455623673810, -0.8372245041878402239, 0.0000000000000000000 ) ) ;
#5194 = EDGE_LOOP ( 'NONE', ( #3058, #1148, #175, #4758 ) ) ;
#5195 = CARTESIAN_POINT ( 'NONE',  ( -1.109452612271490723, -0.3926541244773646411, 2.561349295854137319E-19 ) ) ;
#5196 = ORIENTED_EDGE ( 'NONE', *, *, #1028, .F. ) ;
#5197 = CARTESIAN_POINT ( 'NONE',  ( -4.571136163692548493, -0.9807240211327737933, -4.580658754754668732E-20 ) ) ;
#5198 = CARTESIAN_POINT ( 'NONE',  ( -1.148273480597914009, -0.5491465673413721271, 2.593200000000003058 ) ) ;
#5199 = CARTESIAN_POINT ( 'NONE',  ( -0.4644352478367763659, -1.287757634621547354, 0.0000000000000000000 ) ) ;
#5200 = CARTESIAN_POINT ( 'NONE',  ( -4.518557348400291218, -1.196734535434252233, 1.737793558437602526 ) ) ;
#5201 = LINE ( 'NONE', #2223, #3682 ) ;
#5202 = CARTESIAN_POINT ( 'NONE',  ( -4.681863078689855406, -1.138367336572402078, 0.0000000000000000000 ) ) ;
#5203 = EDGE_CURVE ( 'NONE', #4096, #1496, #710, .T. ) ;
#5204 = CARTESIAN_POINT ( 'NONE',  ( -4.241260850071457256, -1.561622081978972787, 0.0000000000000000000 ) ) ;
#5205 = CARTESIAN_POINT ( 'NONE',  ( -5.459677141648800358, -1.148007160063623022, 1.770361420852439638 ) ) ;
#5206 = CARTESIAN_POINT ( 'NONE',  ( -3.115247482991681860, -0.4313984352190453619, 2.593200000000003058 ) ) ;
#5207 = CARTESIAN_POINT ( 'NONE',  ( -4.608779209587922310, -0.9464808614541567744, 0.0000000000000000000 ) ) ;
#5208 = VERTEX_POINT ( 'NONE', #2007 ) ;
#5209 = DIRECTION ( 'NONE',  ( 0.01744974916068272111, -0.01744974916068272111, -0.9996954598818874604 ) ) ;
#5210 = EDGE_CURVE ( 'NONE', #2591, #5308, #625, .T. ) ;
#5211 = CARTESIAN_POINT ( 'NONE',  ( -4.093025133061874321, -0.9525330585705538144, 1.882758819480137458 ) ) ;
#5212 = B_SPLINE_CURVE_WITH_KNOTS ( 'NONE', 3,
 ( #792, #3500, #2985, #5569, #1647, #5139, #826, #387 ),
 .UNSPECIFIED., .F., .F.,
 ( 4, 2, 2, 4 ),
 ( 6.040165525715211520E-07, 0.0002769404437340526365, 0.0004151086573247931991, 0.0005532768709155338159 ),
 .UNSPECIFIED. ) ;
#5213 =( LENGTH_UNIT ( ) NAMED_UNIT ( * ) SI_UNIT ( .MILLI., .METRE. ) );
#5214 = CARTESIAN_POINT ( 'NONE',  ( -5.333156788666786774, -1.238152030624080746, 2.593200000000003058 ) ) ;
#5215 = CARTESIAN_POINT ( 'NONE',  ( -4.734511454213881088, -0.3127208799632325564, 0.0000000000000000000 ) ) ;
#5216 = ORIENTED_EDGE ( 'NONE', *, *, #126, .T. ) ;
#5217 = CARTESIAN_POINT ( 'NONE',  ( -3.236210659577863691, -1.447405986617018359, 0.0000000000000000000 ) ) ;
#5218 = DIRECTION ( 'NONE',  ( -1.000000000000000000, -0.0000000000000000000, -0.0000000000000000000 ) ) ;
#5219 = CARTESIAN_POINT ( 'NONE',  ( -1.244889051026316418, -0.9282886883277764456, 0.0000000000000000000 ) ) ;
#5220 = ORIENTED_EDGE ( 'NONE', *, *, #472, .F. ) ;
#5221 =( NAMED_UNIT ( * ) PLANE_ANGLE_UNIT ( ) SI_UNIT ( $, .RADIAN. ) );
#5222 = CARTESIAN_POINT ( 'NONE',  ( -5.491181433646167953, -1.150343818324375045, 0.0000000000000000000 ) ) ;
#5223 = ORIENTED_EDGE ( 'NONE', *, *, #1121, .T. ) ;
#5224 = CARTESIAN_POINT ( 'NONE',  ( -4.997268566112153643, -0.2756325597644707082, 0.8380864965435979030 ) ) ;
#5225 = CARTESIAN_POINT ( 'NONE',  ( -1.029318109808575077, -0.3796795458129028078, 2.593200000000003058 ) ) ;
#5226 =( LENGTH_UNIT ( ) NAMED_UNIT ( * ) SI_UNIT ( .MILLI., .METRE. ) );
#5227 = CARTESIAN_POINT ( 'NONE',  ( -5.417388982423258170, -0.4832326609140373819, 1.306159568464606993E-19 ) ) ;
#5228 = CARTESIAN_POINT ( 'NONE',  ( -4.639059863764198433, -1.205802089638874142, 1.731514169916735568 ) ) ;
#5229 = CARTESIAN_POINT ( 'NONE',  ( -1.004095224978431178, -0.5105786071070266274, 0.0000000000000000000 ) ) ;
#5230 = CARTESIAN_POINT ( 'NONE',  ( -5.234979568597410093, -0.3564341091205594503, 2.593200000000003058 ) ) ;
#5231 = CARTESIAN_POINT ( 'NONE',  ( -5.305962227111122864, -1.160438374284800345, 2.391702549246664028E-19 ) ) ;
#5232 = CARTESIAN_POINT ( 'NONE',  ( -4.093709054829192340, -0.8707721033933587540, 1.921940671288247637 ) ) ;
#5233 = FILL_AREA_STYLE ('',( #3070 ) ) ;
#5234 = EDGE_CURVE ( 'NONE', #3521, #3986, #533, .T. ) ;
#5235 = CARTESIAN_POINT ( 'NONE',  ( -4.941992189636754240, -0.9560749170532671926, 1.880999869030077765 ) ) ;
#5236 = ORIENTED_EDGE ( 'NONE', *, *, #4973, .F. ) ;
#5237 = CARTESIAN_POINT ( 'NONE',  ( -1.713552074998297536, -1.536377666547909193, 1.446251591436572337 ) ) ;
#5238 = B_SPLINE_CURVE_WITH_KNOTS ( 'NONE', 3,
 ( #3427, #2238, #3964, #66, #4271, #3004, #405, #373, #4363, #5219 ),
 .UNSPECIFIED., .F., .F.,
 ( 4, 3, 3, 4 ),
 ( 0.0002661663910712021948, 0.0005076887031148073250, 0.001334508965049766537, 0.002161329226984728784 ),
 .UNSPECIFIED. ) ;
#5239 = CIRCLE ( 'NONE', #2248, 1.250000000000001998 ) ;
#5240 = EDGE_CURVE ( 'NONE', #5019, #2127, #2992, .T. ) ;
#5241 = FILL_AREA_STYLE ('',( #1374 ) ) ;
#5242 = AXIS2_PLACEMENT_3D ( 'NONE', #2206, #2534, #2592 ) ;
#5243 = FACE_OUTER_BOUND ( 'NONE', #3052, .T. ) ;
#5244 = CARTESIAN_POINT ( 'NONE',  ( -4.997299373199344252, -0.2609991582176210967, 0.0000000000000000000 ) ) ;
#5245 = ORIENTED_EDGE ( 'NONE', *, *, #4394, .T. ) ;
#5246 = CARTESIAN_POINT ( 'NONE',  ( -2.921913817265882507, -1.103636770791391220, 1.648695494063202149 ) ) ;
#5247 = AXIS2_PLACEMENT_3D ( 'NONE', #4841, #4335, #4759 ) ;
#5248 = CARTESIAN_POINT ( 'NONE',  ( -3.219569928743334142, -1.483069031972261920, 1.500989669636861645 ) ) ;
#5249 = B_SPLINE_CURVE_WITH_KNOTS ( 'NONE', 3,
 ( #2249, #2168, #1825, #938, #5227, #876, #5309, #1334, #3467, #3947, #3039, #4764, #3584, #1414, #850, #3143, #3117, #2584, #3896, #3095 ),
 .UNSPECIFIED., .F., .F.,
 ( 4, 2, 2, 2, 2, 2, 2, 2, 2, 4 ),
 ( 0.0000000000000000000, 7.879304169927103265E-05, 0.0001575860833985420653, 0.0002363791250978130979, 0.0003151721667970841306, 0.0003545686876467196605, 0.0003939652084963551903, 0.0004727582501956261959, 0.0005515512918948972014, 0.0006303443335941682612 ),
 .UNSPECIFIED. ) ;
#5250 = CARTESIAN_POINT ( 'NONE',  ( 0.6648863813321239657, -0.9689331546953188212, 0.0000000000000000000 ) ) ;
#5251 = CARTESIAN_POINT ( 'NONE',  ( -2.786549094954674732, -1.158778826715864296, 0.0000000000000000000 ) ) ;
#5252 = ORIENTED_EDGE ( 'NONE', *, *, #3149, .T. ) ;
#5253 = CIRCLE ( 'NONE', #2430, 1.250000000000001998 ) ;
#5254 = CARTESIAN_POINT ( 'NONE',  ( -17.07237392568151790, -0.9525330585705538144, 1.882758819480137680 ) ) ;
#5255 = CARTESIAN_POINT ( 'NONE',  ( -5.473152928181165500, -1.248541417237588380, 0.0000000000000000000 ) ) ;
#5256 = ORIENTED_EDGE ( 'NONE', *, *, #4322, .T. ) ;
#5257 = CARTESIAN_POINT ( 'NONE',  ( -4.666425796778690405, -1.344238579288154156, 2.593200000000003058 ) ) ;
#5258 = MECHANICAL_DESIGN_GEOMETRIC_PRESENTATION_REPRESENTATION (  '', ( #153 ), #3623 ) ;
#5259 = CARTESIAN_POINT ( 'NONE',  ( -4.945384358914648004, -1.429595730008462962, -7.684581296706453857E-20 ) ) ;
#5260 = DIRECTION ( 'NONE',  ( 0.0000000000000000000, 0.0000000000000000000, 1.000000000000000000 ) ) ;
#5261 = DIRECTION ( 'NONE',  ( 0.01744974916068272111, -0.01744974916068272111, -0.9996954598818874604 ) ) ;
#5262 = CARTESIAN_POINT ( 'NONE',  ( -4.842969457826831636, -1.569446703658671449, 2.143779822451709159E-19 ) ) ;
#5263 = CARTESIAN_POINT ( 'NONE',  ( -4.695885855313934876, -1.112243443689865385, 0.0000000000000000000 ) ) ;
#5264 = CARTESIAN_POINT ( 'NONE',  ( -5.322143905889606508, -0.3572450634560895844, 0.0000000000000000000 ) ) ;
#5265 = CARTESIAN_POINT ( 'NONE',  ( -0.6561448727325482899, -1.334293119427512719, 2.001454675372553567E-20 ) ) ;
#5266 = APPLICATION_PROTOCOL_DEFINITION ( 'draft international standard', 'automotive_design', 1998, #3912 ) ;
#5267 = CIRCLE ( 'NONE', #1904, 1.750000000000001554 ) ;
#5268 = CARTESIAN_POINT ( 'NONE',  ( -4.556069426713595050, -1.083124863333399190, 2.593200000000003058 ) ) ;
#5269 = ORIENTED_EDGE ( 'NONE', *, *, #3850, .F. ) ;
#5270 = CARTESIAN_POINT ( 'NONE',  ( -7.320840341273962437, -2.123270045287784227E-15, 0.0000000000000000000 ) ) ;
#5271 = CARTESIAN_POINT ( 'NONE',  ( -3.124411438536535801, -1.432100982219322027, 2.593200000000003058 ) ) ;
#5272 = CARTESIAN_POINT ( 'NONE',  ( 8.758599534877252069, -9.999999999999998224, 0.0000000000000000000 ) ) ;
#5273 = CARTESIAN_POINT ( 'NONE',  ( -4.660452560098273800, -0.4158589305844972994, 2.593200000000003058 ) ) ;
#5274 = ORIENTED_EDGE ( 'NONE', *, *, #1623, .F. ) ;
#5275 = CARTESIAN_POINT ( 'NONE',  ( -5.021243031550101321, -0.4094053598883279355, -3.135031547352176236E-20 ) ) ;
#5276 = CARTESIAN_POINT ( 'NONE',  ( -0.8335307197233919885, -0.3113710540182287323, 1.942143882281475831 ) ) ;
#5277 = DIRECTION ( 'NONE',  ( 0.01744974916068272111, -0.01744974916068272111, -0.9996954598818874604 ) ) ;
#5278 = ORIENTED_EDGE ( 'NONE', *, *, #54, .T. ) ;
#5279 = CARTESIAN_POINT ( 'NONE',  ( -1.023832846578122568, -0.5442754158563004596, -7.471130231984299497E-20 ) ) ;
#5280 = CARTESIAN_POINT ( 'NONE',  ( -5.297327207605302846, -0.6010860085565636890, 2.022571534042130637 ) ) ;
#5281 = ORIENTED_EDGE ( 'NONE', *, *, #126, .F. ) ;
#5282 = ADVANCED_FACE ( 'NONE', ( #3360 ), #2458, .F. ) ;
#5283 = CARTESIAN_POINT ( 'NONE',  ( -4.723946142667070802, -1.405308455448366356, 2.593200000000003058 ) ) ;
#5284 = CARTESIAN_POINT ( 'NONE',  ( -0.9611012110495534833, -0.3428187015153693062, 2.593200000000003058 ) ) ;
#5285 = CARTESIAN_POINT ( 'NONE',  ( -9.991400465122744379, -2.123270045287784227E-15, 0.0000000000000000000 ) ) ;
#5286 = CARTESIAN_POINT ( 'NONE',  ( -4.991473708208530091, -0.4091414277448358061, 0.0000000000000000000 ) ) ;
#5287 = CARTESIAN_POINT ( 'NONE',  ( -1.574160677295012745, -1.561622081978972565, 0.0000000000000000000 ) ) ;
#5288 = CARTESIAN_POINT ( 'NONE',  ( -2.869657313311485769, -0.3148337034975255966, 2.086379795342744536 ) ) ;
#5289 = CARTESIAN_POINT ( 'NONE',  ( -3.026271455350148187, -0.5080472272311414850, 1.027451534519531468E-19 ) ) ;
#5290 = DIRECTION ( 'NONE',  ( 1.000000000000000000, 0.0000000000000000000, 0.0000000000000000000 ) ) ;
#5291 = CARTESIAN_POINT ( 'NONE',  ( -0.8072098544789905183, -1.428782401706782501, 2.001454675372553567E-20 ) ) ;
#5292 = PRESENTATION_STYLE_ASSIGNMENT (( #4801 ) ) ;
#5293 = CARTESIAN_POINT ( 'NONE',  ( -4.497862492625444020, -1.112994701369108386, 0.0000000000000000000 ) ) ;
#5294 = ORIENTED_EDGE ( 'NONE', *, *, #3017, .T. ) ;
#5295 = CARTESIAN_POINT ( 'NONE',  ( 7.508599534877251180, 0.0000000000000000000, 0.0000000000000000000 ) ) ;
#5296 = CARTESIAN_POINT ( 'NONE',  ( -17.07237392568151790, -0.6043745207920276918, 2.021591313450228355 ) ) ;
#5297 = CARTESIAN_POINT ( 'NONE',  ( -5.311393635444717987, -1.117105386516232146, 0.0000000000000000000 ) ) ;
#5298 = CARTESIAN_POINT ( 'NONE',  ( -0.8331337123117583676, -1.553150457679884910, 1.428223951559632221 ) ) ;
#5299 = EDGE_CURVE ( 'NONE', #2496, #5609, #1216, .T. ) ;
#5300 = CARTESIAN_POINT ( 'NONE',  ( 2.662990836728402311, -2.123270045287784227E-15, 0.0000000000000000000 ) ) ;
#5301 = ORIENTED_EDGE ( 'NONE', *, *, #5160, .F. ) ;
#5302 =( NAMED_UNIT ( * ) PLANE_ANGLE_UNIT ( ) SI_UNIT ( $, .RADIAN. ) );
#5303 = VERTEX_POINT ( 'NONE', #1197 ) ;
#5304 = CARTESIAN_POINT ( 'NONE',  ( -4.997222489251886834, -0.2974728467764339856, 2.088925538507955260 ) ) ;
#5305 = CARTESIAN_POINT ( 'NONE',  ( -4.962728699183156067, -1.456567806522290009, 1.526600872855397251 ) ) ;
#5306 = DIRECTION ( 'NONE',  ( -0.01744974916068272111, 0.01744974916068272111, -0.9996954598818874604 ) ) ;
#5307 = EDGE_CURVE ( 'NONE', #409, #4685, #743, .T. ) ;
#5308 = VERTEX_POINT ( 'NONE', #5522 ) ;
#5309 = CARTESIAN_POINT ( 'NONE',  ( -5.377705433602518070, -0.4141553762366850799, 1.306159568464606993E-19 ) ) ;
#5310 = CARTESIAN_POINT ( 'NONE',  ( -1.574160677295012745, -1.248814037023710855, 0.0000000000000000000 ) ) ;
#5311 = CARTESIAN_POINT ( 'NONE',  ( -3.043922820362806814, -0.5342193238651991027, 1.027451534519531468E-19 ) ) ;
#5312 = FACE_OUTER_BOUND ( 'NONE', #1476, .T. ) ;
#5313 = DIRECTION ( 'NONE',  ( 0.0000000000000000000, 0.0000000000000000000, -1.000000000000000000 ) ) ;
#5314 = CARTESIAN_POINT ( 'NONE',  ( -4.241260850071457256, -0.2774627395310562128, 0.0000000000000000000 ) ) ;
#5315 = DIRECTION ( 'NONE',  ( 0.0000000000000000000, -1.000000000000000000, 0.0000000000000000000 ) ) ;
#5316 = B_SPLINE_CURVE_WITH_KNOTS ( 'NONE', 3,
 ( #2065, #343, #2934, #3763, #4693, #5588, #1118, #5009 ),
 .UNSPECIFIED., .F., .F.,
 ( 4, 2, 2, 4 ),
 ( 3.935163079937084447E-07, 0.0003355208444632995393, 0.0005030845085409522922, 0.0006706481726186049909 ),
 .UNSPECIFIED. ) ;
#5317 = DIRECTION ( 'NONE',  ( 0.0000000000000000000, 0.0000000000000000000, -1.000000000000000000 ) ) ;
#5318 = ORIENTED_EDGE ( 'NONE', *, *, #633, .T. ) ;
#5319 = CARTESIAN_POINT ( 'NONE',  ( -4.793534836482686856, -1.002627341706741282, 1.856566296597591537 ) ) ;
#5320 = CARTESIAN_POINT ( 'NONE',  ( -3.072595372524594914, -0.3352762492563289287, 0.0000000000000000000 ) ) ;
#5321 = CARTESIAN_POINT ( 'NONE',  ( -3.066187500685871647, -0.5933618218502586528, 0.0000000000000000000 ) ) ;
#5322 = CARTESIAN_POINT ( 'NONE',  ( -2.728607088737782238, -0.4421177475982490113, 0.0000000000000000000 ) ) ;
#5323 = CARTESIAN_POINT ( 'NONE',  ( -5.239854685417256519, -0.7392184270485823161, 1.976273290087135148 ) ) ;
#5324 = CARTESIAN_POINT ( 'NONE',  ( -0.5794381873647939107, -0.4182263505582059504, 2.068351252447559574 ) ) ;
#5325 = EDGE_LOOP ( 'NONE', ( #3079, #1893, #2136, #4544 ) ) ;
#5326 = CARTESIAN_POINT ( 'NONE',  ( -1.080253237891968032, -0.9277742014117316138, 0.0000000000000000000 ) ) ;
#5327 = DIRECTION ( 'NONE',  ( 1.000000000000000000, 0.0000000000000000000, 0.0000000000000000000 ) ) ;
#5328 = ORIENTED_EDGE ( 'NONE', *, *, #4362, .F. ) ;
#5329 = CIRCLE ( 'NONE', #3969, 0.7500000000000006661 ) ;
#5330 = CYLINDRICAL_SURFACE ( 'NONE', #4960, 0.5000000000000022204 ) ;
#5331 = EDGE_CURVE ( 'NONE', #1971, #990, #671, .T. ) ;
#5332 = CARTESIAN_POINT ( 'NONE',  ( 0.6314231133179366573, -0.8818684163655625685, 1.917109340572695775 ) ) ;
#5333 = FILL_AREA_STYLE_COLOUR ( '', #2519 ) ;
#5334 = CIRCLE ( 'NONE', #147, 0.5000000000000004441 ) ;
#5335 = ORIENTED_EDGE ( 'NONE', *, *, #5022, .F. ) ;
#5336 = CARTESIAN_POINT ( 'NONE',  ( 7.508599534877254733, -1.249999999999999556, 6.123233995736772199E-17 ) ) ;
#5337 = CARTESIAN_POINT ( 'NONE',  ( -2.599856381634637614, -0.6816389899810655351, 0.0000000000000000000 ) ) ;
#5338 = CARTESIAN_POINT ( 'NONE',  ( -0.4217099853545748789, -0.9282886883277764456, 0.0000000000000000000 ) ) ;
#5339 = CARTESIAN_POINT ( 'NONE',  ( -0.8151454191161546792, -1.577809558353150843, -3.632736160938781104E-20 ) ) ;
#5340 =( GEOMETRIC_REPRESENTATION_CONTEXT ( 3 ) GLOBAL_UNCERTAINTY_ASSIGNED_CONTEXT ( ( #2625 ) ) GLOBAL_UNIT_ASSIGNED_CONTEXT ( ( #5015, #3264, #5368 ) ) REPRESENTATION_CONTEXT ( 'NONE', 'WORKASPACE' ) );
#5341 = CARTESIAN_POINT ( 'NONE',  ( -10.09140046512274580, -2.123270045287784227E-15, 1.150000000000001465 ) ) ;
#5342 = EDGE_CURVE ( 'NONE', #4297, #3297, #1991, .T. ) ;
#5343 = CARTESIAN_POINT ( 'NONE',  ( -2.975721887676809896, -1.319344314070939772, 1.041885070563473011E-19 ) ) ;
#5344 = CARTESIAN_POINT ( 'NONE',  ( -3.483981227171340844, -0.9853516184908673869, 0.002584780868584747159 ) ) ;
#5345 = ORIENTED_EDGE ( 'NONE', *, *, #433, .F. ) ;
#5346 = CARTESIAN_POINT ( 'NONE',  ( -3.109054957214618664, -1.411405097462973046, 2.593200000000003058 ) ) ;
#5347 = DIRECTION ( 'NONE',  ( 0.0000000000000000000, -1.000000000000000000, 0.0000000000000000000 ) ) ;
#5348 = EDGE_CURVE ( 'NONE', #1702, #1349, #3320, .T. ) ;
#5349 = AXIS2_PLACEMENT_3D ( 'NONE', #379, #3367, #4700 ) ;
#5350 = CARTESIAN_POINT ( 'NONE',  ( -0.9149375579979215356, -0.3915623294877684235, 2.593200000000003058 ) ) ;
#5351 = CARTESIAN_POINT ( 'NONE',  ( -2.830161532381670675, -0.4256067289596131009, 0.0000000000000000000 ) ) ;
#5352 = FILL_AREA_STYLE_COLOUR ( '', #994 ) ;
#5353 = DIRECTION ( 'NONE',  ( 0.0000000000000000000, -1.000000000000000000, 0.0000000000000000000 ) ) ;
#5354 = ORIENTED_EDGE ( 'NONE', *, *, #3996, .F. ) ;
#5355 = CARTESIAN_POINT ( 'NONE',  ( -1.063607574242782405, -0.6802549013796265198, -7.471130231984299497E-20 ) ) ;
#5356 = CARTESIAN_POINT ( 'NONE',  ( -17.07237392568151790, -0.8544362567181341683, 1.929258583810245842 ) ) ;
#5357 = ORIENTED_EDGE ( 'NONE', *, *, #3735, .T. ) ;
#5358 = CARTESIAN_POINT ( 'NONE',  ( -17.07237392568151790, -0.3303024428737036389, 2.083986635329428960 ) ) ;
#5359 = CARTESIAN_POINT ( 'NONE',  ( -4.926572728278124202, -1.577403607190746904, 0.0000000000000000000 ) ) ;
#5360 = DIRECTION ( 'NONE',  ( -1.000000000000000000, -0.0000000000000000000, -0.0000000000000000000 ) ) ;
#5361 = ORIENTED_EDGE ( 'NONE', *, *, #675, .F. ) ;
#5362 = CARTESIAN_POINT ( 'NONE',  ( -4.990437728892644031, -0.3639082014469953719, 2.593200000000003058 ) ) ;
#5363 = CARTESIAN_POINT ( 'NONE',  ( -2.658540342997981032, -0.8802765820776113914, 2.593200000000003058 ) ) ;
#5364 = CARTESIAN_POINT ( 'NONE',  ( -14.12140046512274694, -0.5000000000000022204, 6.123233995736772199E-17 ) ) ;
#5365 = CARTESIAN_POINT ( 'NONE',  ( -2.602609696742129497, -0.6934707293108733905, 1.151232187994347909E-19 ) ) ;
#5366 = CARTESIAN_POINT ( 'NONE',  ( -0.8332995181904455650, -1.429913431471494079, 0.0000000000000000000 ) ) ;
#5367 = DIRECTION ( 'NONE',  ( 0.01744974916068272111, -0.01744974916068272111, -0.9996954598818874604 ) ) ;
#5368 =( NAMED_UNIT ( * ) SI_UNIT ( $, .STERADIAN. ) SOLID_ANGLE_UNIT ( ) );
#5369 = FILL_AREA_STYLE ('',( #4482 ) ) ;
#5370 = PLANE ( 'NONE',  #4420 ) ;
#5371 = ORIENTED_EDGE ( 'NONE', *, *, #4558, .T. ) ;
#5372 = ADVANCED_FACE ( 'NONE', ( #3082 ), #3851, .T. ) ;
#5373 = ORIENTED_EDGE ( 'NONE', *, *, #3350, .F. ) ;
#5374 = CARTESIAN_POINT ( 'NONE',  ( -1.409524864160664581, -1.084178223889362691, 0.0000000000000000000 ) ) ;
#5375 = CARTESIAN_POINT ( 'NONE',  ( -14.12140046512274516, -1.734723475976807094E-15, 0.0000000000000000000 ) ) ;
#5376 = B_SPLINE_CURVE_WITH_KNOTS ( 'NONE', 3,
 ( #1926, #198, #1063, #3633, #657, #5443, #4450, #4869, #1949, #2799, #3604, #1899 ),
 .UNSPECIFIED., .F., .F.,
 ( 4, 2, 2, 2, 2, 4 ),
 ( 0.0000000000000000000, 7.626330821562034182E-05, 0.0001525266164312406836, 0.0003050532328624813673, 0.0004575798492937220509, 0.0006101064657249627345 ),
 .UNSPECIFIED. ) ;
#5377 = CARTESIAN_POINT ( 'NONE',  ( -1.005909878523489009, -0.5136122339956367133, 0.0000000000000000000 ) ) ;
#5378 = EDGE_CURVE ( 'NONE', #2891, #620, #4688, .T. ) ;
#5379 = CARTESIAN_POINT ( 'NONE',  ( -2.549652122254598918, -0.6323669004573314600, 2.593200000000003058 ) ) ;
#5380 = SURFACE_STYLE_FILL_AREA ( #4443 ) ;
#5381 = EDGE_LOOP ( 'NONE', ( #5623, #5459, #4977, #4974 ) ) ;
#5382 = CARTESIAN_POINT ( 'NONE',  ( -5.352329163325357797, -0.8250580573801401529, 1.465529562548776761E-19 ) ) ;
#5383 = CARTESIAN_POINT ( 'NONE',  ( -4.206080361088904596, -0.7860777317426057564, 2.015488863961779398 ) ) ;
#5384 = ORIENTED_EDGE ( 'NONE', *, *, #4853, .T. ) ;
#5385 = CARTESIAN_POINT ( 'NONE',  ( -3.041991848770936979, -1.396986268844624401, 0.0000000000000000000 ) ) ;
#5386 = DIRECTION ( 'NONE',  ( 1.000000000000000000, -4.336808689942013792E-16, 0.0000000000000000000 ) ) ;
#5387 = EDGE_LOOP ( 'NONE', ( #688, #4068, #713, #4737 ) ) ;
#5388 = CARTESIAN_POINT ( 'NONE',  ( -5.297217359572518269, -0.5335776674147820753, 2.593200000000003058 ) ) ;
#5389 = CARTESIAN_POINT ( 'NONE',  ( -2.550801442035640410, -0.6629912939334001720, 2.593200000000003058 ) ) ;
#5390 = CARTESIAN_POINT ( 'NONE',  ( -4.786105197717290594, -0.9917780335825939764, 2.593200000000003058 ) ) ;
#5391 = B_SPLINE_CURVE_WITH_KNOTS ( 'NONE', 3,
 ( #3680, #173, #2396, #1923, #2006, #3657, #5003, #632, #2797, #3197 ),
 .UNSPECIFIED., .F., .F.,
 ( 4, 2, 2, 2, 4 ),
 ( 0.0000000000000000000, 3.113809380041470017E-05, 6.227618760082940033E-05, 9.341428140124410050E-05, 0.0001245523752016588007 ),
 .UNSPECIFIED. ) ;
#5392 = DIRECTION ( 'NONE',  ( -0.0000000000000000000, -0.0000000000000000000, -1.000000000000000000 ) ) ;
#5393 = FACE_OUTER_BOUND ( 'NONE', #2455, .T. ) ;
#5394 = CARTESIAN_POINT ( 'NONE',  ( -0.7461654760356525307, -0.4442889398942895807, 0.0000000000000000000 ) ) ;
#5395 = ORIENTED_EDGE ( 'NONE', *, *, #4079, .F. ) ;
#5396 = CARTESIAN_POINT ( 'NONE',  ( -1.083126544088500065, -1.493622540719419911, 0.0000000000000000000 ) ) ;
#5397 = UNCERTAINTY_MEASURE_WITH_UNIT (LENGTH_MEASURE( 1.000000000000000082E-05 ), #2019, 'distance_accuracy_value', 'NONE');
#5398 = CARTESIAN_POINT ( 'NONE',  ( -2.800556089398992921, -0.2778876021025193377, 2.199675876008892974E-19 ) ) ;
#5399 = ADVANCED_FACE ( 'NONE', ( #11 ), #2657, .T. ) ;
#5400 = CARTESIAN_POINT ( 'NONE',  ( -1.006720757655857001, -0.5146172828506252461, 0.0000000000000000000 ) ) ;
#5401 = B_SPLINE_SURFACE_WITH_KNOTS ( 'NONE', 1, 3, ( 
 ( #1438, #4027, #4004, #1868, #121, #1010, #1520, #3581, #578, #3632, #4868, #174, #5359, #1062 ),
 ( #1035, #4054, #4101, #4498, #1898, #2718, #1925, #2766, #3658, #1410, #1464, #1089, #2823, #197 ) ),
 .UNSPECIFIED., .F., .F., .F.,
 ( 2, 2 ),
 ( 4, 2, 2, 2, 2, 2, 4 ),
 ( 0.0000000000000000000, 1.000000000000000000 ),
 ( 0.0000000000000000000, 0.1250000000000000000, 0.2500000000000000000, 0.5000000000000000000, 0.7500000000000000000, 0.8750000000000000000, 1.000000000000000000 ),
 .UNSPECIFIED. ) ;
#5402 = CARTESIAN_POINT ( 'NONE',  ( -2.564923778046526603, -0.5453042772637533009, 2.593200000000003058 ) ) ;
#5403 = COLOUR_RGB ( '',0.0000000000000000000, 0.0000000000000000000, 0.0000000000000000000 ) ;
#5404 = UNCERTAINTY_MEASURE_WITH_UNIT (LENGTH_MEASURE( 1.000000000000000082E-05 ), #1530, 'distance_accuracy_value', 'NONE');
#5405 = ADVANCED_FACE ( 'NONE', ( #2236 ), #3423, .T. ) ;
#5406 = EDGE_CURVE ( 'NONE', #4526, #1359, #5267, .T. ) ;
#5407 = CARTESIAN_POINT ( 'NONE',  ( -0.9402674180130812243, -1.566838423654926205, -1.894435147432296521E-19 ) ) ;
#5408 = AXIS2_PLACEMENT_3D ( 'NONE', #276, #5064, #1224 ) ;
#5409 = ORIENTED_EDGE ( 'NONE', *, *, #3587, .F. ) ;
#5410 = CARTESIAN_POINT ( 'NONE',  ( -5.421248833157459757, -0.7286751740564962887, 1.465529562548776761E-19 ) ) ;
#5411 = VERTEX_POINT ( 'NONE', #3002 ) ;
#5412 = CARTESIAN_POINT ( 'NONE',  ( -4.807956340727042033, -1.536229096413084472, 1.446462024542412461 ) ) ;
#5413 = AXIS2_PLACEMENT_3D ( 'NONE', #1233, #1302, #3087 ) ;
#5414 = EDGE_CURVE ( 'NONE', #2127, #2027, #3797, .T. ) ;
#5415 = CARTESIAN_POINT ( 'NONE',  ( -4.669313964220759061, -1.205854379533966902, 0.0000000000000000000 ) ) ;
#5416 = ORIENTED_EDGE ( 'NONE', *, *, #1870, .T. ) ;
#5417 = CIRCLE ( 'NONE', #5247, 0.5000000000000004441 ) ;
#5418 = AXIS2_PLACEMENT_3D ( 'NONE', #5020, #4090, #1076 ) ;
#5419 = CARTESIAN_POINT ( 'NONE',  ( -5.307346857939681861, -0.6031414151211431651, 2.593200000000003058 ) ) ;
#5420 = DIRECTION ( 'NONE',  ( 0.0000000000000000000, 0.0000000000000000000, 1.000000000000000000 ) ) ;
#5421 = CARTESIAN_POINT ( 'NONE',  ( -4.675504624581888535, -0.6088802870433047687, 1.763456137797368095 ) ) ;
#5422 = AXIS2_PLACEMENT_3D ( 'NONE', #2061, #4212, #4576 ) ;
#5423 = PLANE ( 'NONE',  #3626 ) ;
#5424 = AXIS2_PLACEMENT_3D ( 'NONE', #251, #4122, #2324 ) ;
#5425 = SURFACE_STYLE_USAGE ( .BOTH. , #3666 ) ;
#5426 = CARTESIAN_POINT ( 'NONE',  ( -1.120125973885442994, -1.454351559983623643, 0.0000000000000000000 ) ) ;
#5427 = CARTESIAN_POINT ( 'NONE',  ( -3.235920498048406202, -1.544298816081729475, 0.9924492385724515975 ) ) ;
#5428 = CARTESIAN_POINT ( 'NONE',  ( -0.5579191041207113289, -0.6594517146854405043, 2.593200000000003058 ) ) ;
#5429 = ORIENTED_EDGE ( 'NONE', *, *, #3766, .T. ) ;
#5430 = AXIS2_PLACEMENT_3D ( 'NONE', #3255, #5360, #3140 ) ;
#5431 = CARTESIAN_POINT ( 'NONE',  ( -0.8601866086409342138, -1.577319186722496269, 0.0000000000000000000 ) ) ;
#5432 = MECHANICAL_DESIGN_GEOMETRIC_PRESENTATION_REPRESENTATION (  '', ( #2268 ), #2983 ) ;
#5433 = CARTESIAN_POINT ( 'NONE',  ( -2.756529390780292132, -0.4335759627165053920, 0.0000000000000000000 ) ) ;
#5434 = ADVANCED_FACE ( 'NONE', ( #4331 ), #5065, .F. ) ;
#5435 = TOROIDAL_SURFACE ( 'NONE', #802, 1.250000000000001332, 0.5000000000000004441 ) ;
#5436 = ORIENTED_EDGE ( 'NONE', *, *, #1316, .T. ) ;
#5437 = CARTESIAN_POINT ( 'NONE',  ( -5.434434853413746325, -0.6861256788570804233, 0.0000000000000000000 ) ) ;
#5438 = CARTESIAN_POINT ( 'NONE',  ( -17.07237392568151790, -2.123270045287784227E-15, 0.0000000000000000000 ) ) ;
#5439 = EDGE_CURVE ( 'NONE', #466, #4267, #3397, .T. ) ;
#5440 = ORIENTED_EDGE ( 'NONE', *, *, #1392, .T. ) ;
#5441 = B_SPLINE_CURVE_WITH_KNOTS ( 'NONE', 3,
 ( #2842, #300, #1596, #4649, #3782, #2478, #2026, #5091, #2504, #5062 ),
 .UNSPECIFIED., .F., .F.,
 ( 4, 3, 3, 4 ),
 ( 0.0001434044429308053124, 0.0003717586312581469652, 0.001115275944596958585, 0.002161682480304724652 ),
 .UNSPECIFIED. ) ;
#5442 = CARTESIAN_POINT ( 'NONE',  ( -3.002384416642152498, -1.130716205243234240, 1.107397396157585897E-19 ) ) ;
#5443 = CARTESIAN_POINT ( 'NONE',  ( -3.180909166082710016, -0.4442965969422819628, -1.789160090686218391E-20 ) ) ;
#5444 = DIRECTION ( 'NONE',  ( -1.000000000000000000, 0.0000000000000000000, 0.0000000000000000000 ) ) ;
#5445 = ORIENTED_EDGE ( 'NONE', *, *, #1618, .F. ) ;
#5446 = CARTESIAN_POINT ( 'NONE',  ( -5.184544114433680129, -0.4549817813028639857, 0.0000000000000000000 ) ) ;
#5447 = DIRECTION ( 'NONE',  ( 0.01744974916068272111, 0.01744974916068272111, -0.9996954598818874604 ) ) ;
#5448 = ADVANCED_FACE ( 'NONE', ( #112 ), #1918, .T. ) ;
#5449 = ORIENTED_EDGE ( 'NONE', *, *, #675, .T. ) ;
#5450 = CARTESIAN_POINT ( 'NONE',  ( -1.738796490429361130, -1.561622081978972565, 0.0000000000000000000 ) ) ;
#5451 = CARTESIAN_POINT ( 'NONE',  ( -14.12140046512274694, 0.4999999999999987232, 0.0000000000000000000 ) ) ;
#5452 = CARTESIAN_POINT ( 'NONE',  ( -4.954673533459605927, -1.568549008681753509, 0.5462995088648958664 ) ) ;
#5453 = B_SPLINE_SURFACE_WITH_KNOTS ( 'NONE', 1, 3, ( 
 ( #5593, #411, #3972, #2690, #4762, #4369, #1822, #906, #4340, #3921, #1306, #2642, #873, #3492, #2245, #20, #72, #1705, #1762, #1276 ),
 ( #2220, #957, #3946, #3893, #471, #3061, #5198, #1790, #3037, #3557, #448, #2666, #5225, #2194, #2581, #5284, #44, #497, #1331, #2166 ) ),
 .UNSPECIFIED., .F., .F., .F.,
 ( 2, 2 ),
 ( 4, 2, 2, 2, 2, 2, 2, 2, 2, 4 ),
 ( 0.0000000000000000000, 1.000000000000000000 ),
 ( 0.0000000000000000000, 0.2500000000000000000, 0.3750000000000000000, 0.5000000000000000000, 0.6250000000000000000, 0.6875000000000000000, 0.7500000000000000000, 0.8125000000000000000, 0.8750000000000000000, 1.000000000000000000 ),
 .UNSPECIFIED. ) ;
#5454 = CARTESIAN_POINT ( 'NONE',  ( -1.146098806665466929, -1.416582699262400213, 1.783248038321555445E-19 ) ) ;
#5455 = SURFACE_STYLE_FILL_AREA ( #5369 ) ;
#5456 = CARTESIAN_POINT ( 'NONE',  ( -0.7722702658791367192, -0.3871219060851489591, 2.593200000000003058 ) ) ;
#5457 = ORIENTED_EDGE ( 'NONE', *, *, #5307, .T. ) ;
#5458 = CARTESIAN_POINT ( 'NONE',  ( -2.940123439394059179, -1.081348545851115839, 0.0000000000000000000 ) ) ;
#5459 = ORIENTED_EDGE ( 'NONE', *, *, #4494, .T. ) ;
#5460 = CARTESIAN_POINT ( 'NONE',  ( -2.482709721754007060, -0.4428558201224720992, 0.0000000000000000000 ) ) ;
#5461 = PRESENTATION_STYLE_ASSIGNMENT (( #3670 ) ) ;
#5462 = CARTESIAN_POINT ( 'NONE',  ( -1.041136800050726841, -0.4851880077111089817, 2.593200000000003058 ) ) ;
#5463 = PLANE ( 'NONE',  #1430 ) ;
#5464 = ORIENTED_EDGE ( 'NONE', *, *, #54, .F. ) ;
#5465 = CARTESIAN_POINT ( 'NONE',  ( -2.892336351824309926, -0.4292340268110692580, 1.027451534519531468E-19 ) ) ;
#5466 = CARTESIAN_POINT ( 'NONE',  ( -5.339293166062732965, -0.7736812301711291084, 2.593200000000003058 ) ) ;
#5467 = SURFACE_SIDE_STYLE ('',( #3706 ) ) ;
#5468 = EDGE_LOOP ( 'NONE', ( #5371, #391, #3308, #2762 ) ) ;
#5469 = CARTESIAN_POINT ( 'NONE',  ( -4.954796124522651724, -1.553153432363294284, 1.428220716674468926 ) ) ;
#5470 = CARTESIAN_POINT ( 'NONE',  ( -0.8350029951203407075, -0.3894225462169315644, 2.073752656537885652 ) ) ;
#5471 = PLANE ( 'NONE',  #1979 ) ;
#5472 = CARTESIAN_POINT ( 'NONE',  ( -0.8351002223966025317, -0.4256349713519693712, 0.0000000000000000000 ) ) ;
#5473 = ORIENTED_EDGE ( 'NONE', *, *, #84, .F. ) ;
#5474 = CARTESIAN_POINT ( 'NONE',  ( -0.4217099853545748789, -0.9282886883277764456, 0.0000000000000000000 ) ) ;
#5475 = CARTESIAN_POINT ( 'NONE',  ( -0.4243718123912952889, -0.7828149249391701536, 0.0000000000000000000 ) ) ;
#5476 = ORIENTED_EDGE ( 'NONE', *, *, #1655, .F. ) ;
#5477 = LINE ( 'NONE', #4166, #4866 ) ;
#5478 = CARTESIAN_POINT ( 'NONE',  ( -4.962688463006754702, -1.449745185198233255, 1.135842520234187081 ) ) ;
#5479 = EDGE_CURVE ( 'NONE', #4752, #2801, #596, .T. ) ;
#5480 = CARTESIAN_POINT ( 'NONE',  ( -0.5863457984889230978, -0.9277742014117316138, 0.0000000000000000000 ) ) ;
#5481 = CARTESIAN_POINT ( 'NONE',  ( -0.8291311639492668917, -1.430068829545736886, 0.0000000000000000000 ) ) ;
#5482 = CARTESIAN_POINT ( 'NONE',  ( -2.797933193768351146, -1.145125409127949911, 1.018360439732558742 ) ) ;
#5483 = ORIENTED_EDGE ( 'NONE', *, *, #3850, .T. ) ;
#5484 = CARTESIAN_POINT ( 'NONE',  ( -1.039670713716311923, -1.525512158718120626, 0.0000000000000000000 ) ) ;
#5485 = CARTESIAN_POINT ( 'NONE',  ( -0.6611389016834899879, -0.3520537756112820937, 2.080521644621361688 ) ) ;
#5486 = LINE ( 'NONE', #3352, #1252 ) ;
#5487 = ORIENTED_EDGE ( 'NONE', *, *, #895, .F. ) ;
#5488 = CARTESIAN_POINT ( 'NONE',  ( -5.066475495005005492, -0.8303014124517956729, 2.593200000000003058 ) ) ;
#5489 = CARTESIAN_POINT ( 'NONE',  ( 0.7142320077545419865, -0.4255898538340830428, 0.002584780868584743690 ) ) ;
#5490 = DIRECTION ( 'NONE',  ( -1.000000000000000000, -0.0000000000000000000, -0.0000000000000000000 ) ) ;
#5491 = VERTEX_POINT ( 'NONE', #3572 ) ;
#5492 = CARTESIAN_POINT ( 'NONE',  ( -2.940123439394059179, -1.081348545851115839, 0.0000000000000000000 ) ) ;
#5493 = AXIS2_PLACEMENT_3D ( 'NONE', #3307, #2935, #5038 ) ;
#5494 = DIRECTION ( 'NONE',  ( 0.01745240643728354635, 0.0000000000000000000, -0.9998476951563911586 ) ) ;
#5495 = LINE ( 'NONE', #1602, #2254 ) ;
#5496 = FACE_OUTER_BOUND ( 'NONE', #2421, .T. ) ;
#5497 = ORIENTED_EDGE ( 'NONE', *, *, #4328, .F. ) ;
#5498 = LINE ( 'NONE', #1607, #1797 ) ;
#5499 = CARTESIAN_POINT ( 'NONE',  ( 2.685478743895117315, -2.127746763502802452E-15, 0.7478607546577127341 ) ) ;
#5500 = EDGE_LOOP ( 'NONE', ( #5519, #4272, #5082, #2848 ) ) ;
#5501 = AXIS2_PLACEMENT_3D ( 'NONE', #3168, #4897, #1057 ) ;
#5502 = ADVANCED_FACE ( 'NONE', ( #168 ), #2317, .T. ) ;
#5503 = CARTESIAN_POINT ( 'NONE',  ( 8.758599534877252069, -9.999999999999998224, 0.0000000000000000000 ) ) ;
#5504 = LINE ( 'NONE', #1581, #1724 ) ;
#5505 = CARTESIAN_POINT ( 'NONE',  ( -0.7108897085756700207, -1.390439837370425868, 0.0000000000000000000 ) ) ;
#5506 = CARTESIAN_POINT ( 'NONE',  ( -1.125171756927777933, -0.9802159624065435173, 2.593200000000003058 ) ) ;
#5507 = CIRCLE ( 'NONE', #597, 0.7512058792506818294 ) ;
#5508 = DIRECTION ( 'NONE',  ( 0.01744974916068272111, 0.01744974916068272111, -0.9996954598818874604 ) ) ;
#5509 = ORIENTED_EDGE ( 'NONE', *, *, #4973, .T. ) ;
#5510 = EDGE_CURVE ( 'NONE', #1370, #2400, #2780, .T. ) ;
#5511 = CARTESIAN_POINT ( 'NONE',  ( -2.492053536338800779, -0.5247619461134060970, 2.593200000000003058 ) ) ;
#5512 = VECTOR ( 'NONE', #4316, 1000.000000000000000 ) ;
#5513 = FACE_OUTER_BOUND ( 'NONE', #4695, .T. ) ;
#5514 = AXIS2_PLACEMENT_3D ( 'NONE', #3987, #3873, #1721 ) ;
#5515 = CARTESIAN_POINT ( 'NONE',  ( -0.8977121948701978216, -1.450036270879792699, 1.532893659818009180 ) ) ;
#5516 = CARTESIAN_POINT ( 'NONE',  ( -1.125564244125724311, -0.9315122105100659411, 2.593200000000003058 ) ) ;
#5517 = CARTESIAN_POINT ( 'NONE',  ( -0.8350488881877237146, -0.4065151986207717338, 1.094919179131554232 ) ) ;
#5518 = CARTESIAN_POINT ( 'NONE',  ( -2.828994265528374186, -0.4256349713519693712, 0.0000000000000000000 ) ) ;
#5519 = ORIENTED_EDGE ( 'NONE', *, *, #5580, .F. ) ;
#5520 = CARTESIAN_POINT ( 'NONE',  ( -2.733414401182425735, -0.3191422131236725246, 2.085766376726222227 ) ) ;
#5521 = MECHANICAL_DESIGN_GEOMETRIC_PRESENTATION_REPRESENTATION (  '', ( #1821 ), #4972 ) ;
#5522 = CARTESIAN_POINT ( 'NONE',  ( 2.685478743895117315, -2.036160235562853335E-15, -0.7478607546577127341 ) ) ;
#5523 = CARTESIAN_POINT ( 'NONE',  ( -3.516799787091654750, -0.9525330585705537034, 1.882758819480137902 ) ) ;
#5524 = CARTESIAN_POINT ( 'NONE',  ( -5.262002891504413249, -0.6008177662652368634, 0.0000000000000000000 ) ) ;
#5525 = VERTEX_POINT ( 'NONE', #3164 ) ;
#5526 = CARTESIAN_POINT ( 'NONE',  ( -5.443102285952195807, -0.6126509653342681050, 0.0000000000000000000 ) ) ;
#5527 = CARTESIAN_POINT ( 'NONE',  ( -1.112692386153353086, -1.448502010646343541, 0.5409205373291580132 ) ) ;
#5528 = ORIENTED_EDGE ( 'NONE', *, *, #1942, .T. ) ;
#5529 = CARTESIAN_POINT ( 'NONE',  ( -4.710987404420391655, -0.8866152481281446285, 0.0000000000000000000 ) ) ;
#5530 = CARTESIAN_POINT ( 'NONE',  ( 3.231685845587584982, -0.5000000000000026645, 6.123233995736805479E-17 ) ) ;
#5531 = CARTESIAN_POINT ( 'NONE',  ( -0.5511158085878412605, -1.141338789459769298, 2.593200000000003058 ) ) ;
#5532 = B_SPLINE_CURVE_WITH_KNOTS ( 'NONE', 3,
 ( #5529, #2517, #5133, #3463, #4696, #5197, #2911, #815, #752, #312, #1704, #2490, #3434, #1640, #5168, #1274 ),
 .UNSPECIFIED., .F., .F.,
 ( 4, 2, 2, 2, 2, 2, 2, 4 ),
 ( 0.0000000000000000000, 0.0001005703739169677902, 0.0001508555608754516921, 0.0002011407478339355805, 0.0002514259347924194688, 0.0003017111217509033843, 0.0003519963087093872455, 0.0004022814956678711609 ),
 .UNSPECIFIED. ) ;
#5533 = CARTESIAN_POINT ( 'NONE',  ( -0.8850632436274783466, -1.424068786019199839, 0.0000000000000000000 ) ) ;
#5534 =( LENGTH_UNIT ( ) NAMED_UNIT ( * ) SI_UNIT ( .MILLI., .METRE. ) );
#5535 = LINE ( 'NONE', #4736, #4227 ) ;
#5536 = ORIENTED_EDGE ( 'NONE', *, *, #4465, .F. ) ;
#5537 = FACE_OUTER_BOUND ( 'NONE', #1289, .T. ) ;
#5538 = CARTESIAN_POINT ( 'NONE',  ( -5.487421588117796567, -1.121980654881299833, 0.2793039375743857633 ) ) ;
#5539 = CARTESIAN_POINT ( 'NONE',  ( -5.235730039381186529, -0.3426807677734627910, 2.082170171994347729 ) ) ;
#5540 = LINE ( 'NONE', #3446, #1510 ) ;
#5541 = EDGE_CURVE ( 'NONE', #4125, #2728, #2656, .T. ) ;
#5542 = CARTESIAN_POINT ( 'NONE',  ( -4.724334162504157497, -0.9169879482056234599, 1.900324473042869222 ) ) ;
#5543 = CARTESIAN_POINT ( 'NONE',  ( -2.095335923248434096, -1.084178223889362691, 0.0000000000000000000 ) ) ;
#5544 = CARTESIAN_POINT ( 'NONE',  ( -5.168522143843780725, -0.8817228214434954525, 2.593200000000003058 ) ) ;
#5545 = EDGE_CURVE ( 'NONE', #1486, #1056, #3081, .T. ) ;
#5546 = CARTESIAN_POINT ( 'NONE',  ( -1.080269729142754542, -0.9291922577753971568, 0.0000000000000000000 ) ) ;
#5547 = CARTESIAN_POINT ( 'NONE',  ( -4.793592555164485347, -0.8520722999050287516, 0.0000000000000000000 ) ) ;
#5548 = CARTESIAN_POINT ( 'NONE',  ( -0.8350659998909574222, -0.4128884560746440280, 0.7299461194188989754 ) ) ;
#5549 = CARTESIAN_POINT ( 'NONE',  ( -2.609934313802396488, -0.5551346882795574755, 1.435983751217075051E-19 ) ) ;
#5550 = ORIENTED_EDGE ( 'NONE', *, *, #5056, .T. ) ;
#5551 = CARTESIAN_POINT ( 'NONE',  ( -3.072346576817582608, -0.6561251097400569998, 0.0000000000000000000 ) ) ;
#5552 = CARTESIAN_POINT ( 'NONE',  ( 2.622817477216903281, -2.168404344971008868E-15, 1.960000000000002185 ) ) ;
#5553 = CARTESIAN_POINT ( 'NONE',  ( -3.175617181462428995, -0.5520877010140068375, 2.593200000000003058 ) ) ;
#5554 = DIRECTION ( 'NONE',  ( 0.9998476951563912696, 0.0000000000000000000, 0.01745240643728354982 ) ) ;
#5555 = CARTESIAN_POINT ( 'NONE',  ( -0.9954801315419586905, -0.5006850234618122064, 4.230571947171311365E-20 ) ) ;
#5556 = ORIENTED_EDGE ( 'NONE', *, *, #4592, .F. ) ;
#5557 = CARTESIAN_POINT ( 'NONE',  ( -5.297327207605302846, -0.6010860085565636890, 2.022571534042130637 ) ) ;
#5558 = CARTESIAN_POINT ( 'NONE',  ( -10.09140046512274580, 0.4999999999999992784, 0.0000000000000000000 ) ) ;
#5559 = ORIENTED_EDGE ( 'NONE', *, *, #1377, .T. ) ;
#5560 = CARTESIAN_POINT ( 'NONE',  ( -4.734511454213881088, -0.3127208799632325564, 3.529904119173037149E-21 ) ) ;
#5561 = CARTESIAN_POINT ( 'NONE',  ( -4.962701875052133893, -1.452019392307505319, 1.266095304441236635 ) ) ;
#5562 = CARTESIAN_POINT ( 'NONE',  ( -0.8331337123117583676, -1.553150457679884910, 1.428223951559632221 ) ) ;
#5563 = CARTESIAN_POINT ( 'NONE',  ( -1.078133331103600989, -1.305323483111911376, 2.593200000000003058 ) ) ;
#5564 = SURFACE_STYLE_FILL_AREA ( #1643 ) ;
#5565 = CARTESIAN_POINT ( 'NONE',  ( -0.9338834447371472391, -1.405561717442419534, 9.193313190974646717E-20 ) ) ;
#5566 = VERTEX_POINT ( 'NONE', #3408 ) ;
#5567 = CARTESIAN_POINT ( 'NONE',  ( -4.624991848429892194, -1.184591899696304296, 2.593200000000003058 ) ) ;
#5568 = DIRECTION ( 'NONE',  ( -0.9998476951563912696, 0.0000000000000000000, 0.01745240643728354982 ) ) ;
#5569 = CARTESIAN_POINT ( 'NONE',  ( -5.031403974534351953, -0.8274211863224201213, 1.941035918241573066 ) ) ;
#5570 = CARTESIAN_POINT ( 'NONE',  ( -5.337757975121743215, -1.147109086004080680, 1.718910792439661384 ) ) ;
#5571 = CARTESIAN_POINT ( 'NONE',  ( -17.07237392568151790, -2.123270045287784227E-15, 0.0000000000000000000 ) ) ;
#5572 = CARTESIAN_POINT ( 'NONE',  ( -7.320840341273962437, -2.123270045287784227E-15, 0.0000000000000000000 ) ) ;
#5573 = CARTESIAN_POINT ( 'NONE',  ( -0.5598052350286008005, -1.153998267261044042, 1.770885342738620860 ) ) ;
#5574 = B_SPLINE_CURVE_WITH_KNOTS ( 'NONE', 3,
 ( #5298, #516, #3128, #949, #2096, #658, #1230, #2932, #1635, #3304 ),
 .UNSPECIFIED., .F., .F.,
 ( 4, 2, 2, 2, 4 ),
 ( 5.403151143645975181E-07, 0.0001205730207877445174, 0.0002406057264611244557, 0.0004806711378078839798, 0.0009608019605014022149 ),
 .UNSPECIFIED. ) ;
#5575 = ADVANCED_FACE ( 'NONE', ( #2392 ), #712, .T. ) ;
#5576 = CARTESIAN_POINT ( 'NONE',  ( -0.6319347328638718064, -0.5661509007673583005, 4.328710526699272534E-20 ) ) ;
#5577 = LINE ( 'NONE', #803, #979 ) ;
#5578 = ORIENTED_EDGE ( 'NONE', *, *, #3250, .T. ) ;
#5579 = ORIENTED_EDGE ( 'NONE', *, *, #1745, .F. ) ;
#5580 = EDGE_CURVE ( 'NONE', #2967, #114, #191, .T. ) ;
#5581 = CARTESIAN_POINT ( 'NONE',  ( -2.465416813337003799, -0.6317855299486893061, 2.013193245607963089 ) ) ;
#5582 = ADVANCED_FACE ( 'NONE', ( #2531 ), #5181, .T. ) ;
#5583 = CARTESIAN_POINT ( 'NONE',  ( -5.143176241744821020, -0.4333064062427415819, -3.135031547352176236E-20 ) ) ;
#5584 = DIRECTION ( 'NONE',  ( -0.0000000000000000000, 0.0000000000000000000, 1.000000000000000000 ) ) ;
#5585 = CARTESIAN_POINT ( 'NONE',  ( -4.662189566002923335, -0.5969934518672445067, 2.593200000000003058 ) ) ;
#5586 = LINE ( 'NONE', #1697, #4870 ) ;
#5587 = EDGE_LOOP ( 'NONE', ( #4657, #3266, #1709, #2716 ) ) ;
#5588 = CARTESIAN_POINT ( 'NONE',  ( -2.476613756033143599, -0.7374333317735227711, 1.977620715628623849 ) ) ;
#5589 = CARTESIAN_POINT ( 'NONE',  ( -0.4222704703093921319, -0.8557135554819229606, 0.0000000000000000000 ) ) ;
#5590 = ORIENTED_EDGE ( 'NONE', *, *, #1121, .F. ) ;
#5591 = EDGE_CURVE ( 'NONE', #4752, #2130, #331, .T. ) ;
#5592 = CARTESIAN_POINT ( 'NONE',  ( -4.549594083759807894, -0.5009240892277150303, 3.529904119173037149E-21 ) ) ;
#5593 = CARTESIAN_POINT ( 'NONE',  ( -1.244889051026316418, -0.9282886883277764456, 0.0000000000000000000 ) ) ;
#5594 = CARTESIAN_POINT ( 'NONE',  ( -1.034444711844365594, -1.502090643321633001, 1.482131247521752737 ) ) ;
#5595 = CARTESIAN_POINT ( 'NONE',  ( -1.080294626295706717, -0.9215182406322243169, 0.0000000000000000000 ) ) ;
#5596 =( NAMED_UNIT ( * ) SI_UNIT ( $, .STERADIAN. ) SOLID_ANGLE_UNIT ( ) );
#5597 = CIRCLE ( 'NONE', #4774, 1.750000000000001554 ) ;
#5598 = SURFACE_SIDE_STYLE ('',( #4282 ) ) ;
#5599 = VERTEX_POINT ( 'NONE', #1082 ) ;
#5600 = CARTESIAN_POINT ( 'NONE',  ( -4.627094504020574206, -1.157019763733114104, 2.593200000000003058 ) ) ;
#5601 = CARTESIAN_POINT ( 'NONE',  ( -2.475988320354049144, -0.6079413653193658229, 2.593200000000003058 ) ) ;
#5602 = B_SPLINE_CURVE_WITH_KNOTS ( 'NONE', 3,
 ( #4613, #3687, #1096, #2404, #1040, #4084, #663, #5041 ),
 .UNSPECIFIED., .F., .F.,
 ( 4, 2, 2, 4 ),
 ( 3.768970105262907291E-05, 0.0004425157443860778302, 0.0006449287660528021547, 0.0008473417877195265875 ),
 .UNSPECIFIED. ) ;
#5603 = CARTESIAN_POINT ( 'NONE',  ( -1.025024605087072826, -0.5002816380314806244, 1.331826542028885285 ) ) ;
#5604 = CIRCLE ( 'NONE', #5045, 2.060000000000002274 ) ;
#5605 = CARTESIAN_POINT ( 'NONE',  ( -2.873723842829992936, -0.3237379568078839753, 2.593200000000003058 ) ) ;
#5606 = CARTESIAN_POINT ( 'NONE',  ( -5.337367833434134567, -1.146660049084725186, 1.693185484558977771 ) ) ;
#5607 = CARTESIAN_POINT ( 'NONE',  ( -1.198310541878716329, -1.018498545807852596, 2.593200000000003058 ) ) ;
#5608 = DIRECTION ( 'NONE',  ( -1.000000000000000000, -0.0000000000000000000, -0.0000000000000000000 ) ) ;
#5609 = VERTEX_POINT ( 'NONE', #1368 ) ;
#5610 = AXIS2_PLACEMENT_3D ( 'NONE', #5572, #2256, #5317 ) ;
#5611 = DIRECTION ( 'NONE',  ( -1.000000000000000000, -0.0000000000000000000, -0.0000000000000000000 ) ) ;
#5612 = COLOUR_RGB ( '',0.6941176470588235059, 0.09803921568627450844, 0.09803921568627450844 ) ;
#5613 = VECTOR ( 'NONE', #4646, 1000.000000000000114 ) ;
#5614 = FACE_OUTER_BOUND ( 'NONE', #3428, .T. ) ;
#5615 = CARTESIAN_POINT ( 'NONE',  ( -4.960826271366543416, -1.429966288862181356, 0.0000000000000000000 ) ) ;
#5616 = CARTESIAN_POINT ( 'NONE',  ( -10.09140046512274580, -1.241190815920423785E-15, 0.0000000000000000000 ) ) ;
#5617 = ORIENTED_EDGE ( 'NONE', *, *, #2291, .F. ) ;
#5618 = CARTESIAN_POINT ( 'NONE',  ( -17.07237392568151790, -1.218748981412659083, 1.722425882383802564 ) ) ;
#5619 = CARTESIAN_POINT ( 'NONE',  ( -5.261791702783555458, -0.5930185151988975889, -3.135031547352176236E-20 ) ) ;
#5620 = EDGE_CURVE ( 'NONE', #3617, #3118, #561, .T. ) ;
#5621 = DIRECTION ( 'NONE',  ( 0.0000000000000000000, -0.0000000000000000000, 1.000000000000000000 ) ) ;
#5622 = ORIENTED_EDGE ( 'NONE', *, *, #3810, .F. ) ;
#5623 = ORIENTED_EDGE ( 'NONE', *, *, #646, .F. ) ;
#5624 = DIRECTION ( 'NONE',  ( -1.000000000000000000, 0.0000000000000000000, 0.0000000000000000000 ) ) ;
#5625 = COLOUR_RGB ( '',0.6941176470588235059, 0.09803921568627450844, 0.09803921568627450844 ) ;
#5626 = CARTESIAN_POINT ( 'NONE',  ( 0.6778567343847939908, -0.3138831304186900373, 2.086522796529809209 ) ) ;
#5627 = CARTESIAN_POINT ( 'NONE',  ( -0.5077119749116937308, -1.274299254995402864, 2.593200000000003058 ) ) ;
#5628 = EDGE_CURVE ( 'NONE', #1631, #4199, #1536, .T. ) ;
#5629 = CARTESIAN_POINT ( 'NONE',  ( -3.095995487041061978, -1.424161644593182396, 1.556876234666602965 ) ) ;
#5630 = CARTESIAN_POINT ( 'NONE',  ( -0.5863457984889230978, -0.9277742014117316138, 0.0000000000000000000 ) ) ;
#5631 = CARTESIAN_POINT ( 'NONE',  ( -1.111569616316548936, -0.7829742756619817445, 1.960935976037058825 ) ) ;
ENDSEC;
END-ISO-10303-21;
