ISO-10303-21;
HEADER;
/* HTSSOP-16-1EP_4.4x5mm_P0.65mm_EP3.4x5mm_Mask2.78x3.37mm.step 3D STEP model for use in ECAD systems
 * Copyright (C) 2026, KiCAD
 *
 * This work is licensed under the
 * [Creative Commons CC-BY-SA 4.0 License](https://creativecommons.org/licenses/by-sa/4.0/legalcode),
 * with the following exception:
 *
 * To the extent that the creation of electronic designs that use 'Licensed Material' can be
 * considered to be 'Adapted Material', then the copyright holder waives article 3 of the license
 * with respect to these designs and any generated files which use data provided as part of the
 * 'Licensed Material'.
 *
 * You are free to use the library data in your own projects without the obligation to share your
 * project files under this or any other license agreement. However, if you wish to distribute
 * these libraries, or parts thereof (including in modified form) as a collection then the exception
 * above does not apply. Please refer to
 * https://gitlab.com/kicad/libraries/kicad-packages3D/-/blob/master/LICENSE.md for further clarification
 * of the exception.
 *
 * Disclaimer of Warranties and Limitation of Liability.
 * These libraries are provided in the hope that they will be useful, but are provided without warranty of any kind, express or implied.
 * USE 3D CAD DATA AT YOUR OWN RISK
 * DO NOT RELY UPON ANY INFORMATION FOUND HERE WITHOUT INDEPENDENT VERIFICATION.
 */

FILE_DESCRIPTION(
/* description */ ('model of HTSSOP-16-1EP_4.4x5mm_P0.65mm_EP3.4x5mm_Mask2.78x3.37mm'),
/* implementation_level */ '2;1');

FILE_NAME(
/* name */ 'HTSSOP-16-1EP_4.4x5mm_P0.65mm_EP3.4x5mm_Mask2.78x3.37mm.step',
/* time_stamp */ '1970-01-01T00:00:00',
/* author */ ('KiCAD','kicad'),
/* organization */ ('OCCT'),
/* preprocessor_version */ '',
/* originating_system */ 'KiCAD',
/* authorisation */ '');

FILE_SCHEMA(('AUTOMOTIVE_DESIGN { 1 0 10303 214 1 1 1 1 }'));
ENDSEC;

DATA;
#1=APPLICATION_PROTOCOL_DEFINITION('international standard','automotive_design',2000,#2);
#2=APPLICATION_CONTEXT('core data for automotive mechanical design processes');
#3=SHAPE_DEFINITION_REPRESENTATION(#4,#10);
#4=PRODUCT_DEFINITION_SHAPE('','',#5);
#5=PRODUCT_DEFINITION('design','',#6,#9);
#6=PRODUCT_DEFINITION_FORMATION('','',#7);
#7=PRODUCT('HTSSOP-16-1EP_4.4x5mm_P0.65mm_EP3.4x5mm_Mask2.78x3.37mm','HTSSOP-16-1EP_4.4x5mm_P0.65mm_EP3.4x5mm_Mask2.78x3.37mm','',(#8));
#8=PRODUCT_CONTEXT('',#2,'mechanical');
#9=PRODUCT_DEFINITION_CONTEXT('part definition',#2,'design');
#10=ADVANCED_BREP_SHAPE_REPRESENTATION('',(#11,#15),#5150);
#11=AXIS2_PLACEMENT_3D('',#12,#13,#14);
#12=CARTESIAN_POINT('',(0.,0.,0.));
#13=DIRECTION('',(0.,0.,1.));
#14=DIRECTION('',(1.,0.,-0.));
#15=MANIFOLD_SOLID_BREP('',#16);
#16=CLOSED_SHELL('',(#17,#47,#124,#138,#169,#191,#256,#274,#292,#306,#376,#390,#410,#425,#438,#447,#462,#540,#556,#609,#663,#685,#708,#729,#747,#768,#786,#807,#825,#846,#864,#885,#903,#924,#937,#960,#972,#996,#1012,#1034,#1055,#1073,#1094,#1112,#1133,#1151,#1172,#1190,#1211,#1229,#1250,#1268,#1290,#1307,#1314,#1337,#1348,#1359,#1368,#1378,#1388,#1398,#1408,#1417,#1436,#1450,#1468,#1494,#1556,#1572,#1625,#1641,#1701,#1717,#1770,#1786,#1846,#1862,#1915,#1931,#1991,#2007,#2060,#2076,#2136,#2152,#2205,#2221,#2281,#2297,#2350,#2366,#2426,#2442,#2495,#2506,#2547,#2614,#2630,#2678,#2691,#2751,#2767,#2820,#2836,#2896,#2912,#2965,#2981,#3041,#3057,#3110,#3126,#3186,#3202,#3255,#3271,#3331,#3347,#3400,#3416,#3476,#3492,#3545,#3561,#3621,#3637,#3688,#3724,#3757,#3788,#3799,#3814,#3824,#3834,#3843,#3853,#3863,#3873,#3883,#3891,#3903,#3913,#3923,#3932,#3942,#3952,#3962,#3972,#3980,#3992,#4002,#4012,#4021,#4031,#4041,#4051,#4061,#4069,#4081,#4091,#4101,#4110,#4120,#4130,#4140,#4150,#4158,#4170,#4180,#4190,#4199,#4209,#4219,#4229,#4239,#4247,#4259,#4269,#4279,#4288,#4298,#4308,#4318,#4328,#4336,#4348,#4358,#4368,#4377,#4387,#4397,#4407,#4417,#4425,#4440,#4450,#4459,#4467,#4478,#4487,#4497,#4507,#4517,#4527,#4536,#4548,#4558,#4568,#4577,#4587,#4597,#4607,#4617,#4625,#4637,#4647,#4657,#4666,#4676,#4686,#4696,#4706,#4714,#4726,#4736,#4746,#4755,#4765,#4775,#4785,#4795,#4803,#4815,#4825,#4835,#4844,#4854,#4864,#4874,#4884,#4892,#4904,#4914,#4924,#4933,#4943,#4953,#4963,#4973,#4981,#4993,#5003,#5013,#5022,#5032,#5042,#5052,#5062,#5070,#5080,#5090,#5099,#5109,#5119,#5129,#5139,#5147));
#17=ADVANCED_FACE('',(#18),#46,.F.);
#18=FACE_BOUND('',#19,.F.);
#19=EDGE_LOOP('',(#20,#29,#34,#40,#43));
#20=ORIENTED_EDGE('',*,*,#21,.T.);
#21=EDGE_CURVE('',#22,#24,#26,.T.);
#22=VERTEX_POINT('',#23);
#23=CARTESIAN_POINT('',(-2.120212041229,2.312606020615,0.15));
#24=VERTEX_POINT('',#25);
#25=CARTESIAN_POINT('',(-2.012606020615,2.420212041229,0.15));
#26=LINE('',#23,#27);
#27=VECTOR('',#28,1.);
#28=DIRECTION('',(0.707106781187,0.707106781187,0.));
#29=ORIENTED_EDGE('',*,*,#30,.T.);
#30=EDGE_CURVE('',#24,#31,#33,.T.);
#31=VERTEX_POINT('',#32);
#32=CARTESIAN_POINT('',(-2.0525,2.5,0.6025));
#33=B_SPLINE_CURVE_WITH_KNOTS('',1,(#25,#32),.UNSPECIFIED.,.F.,.F.,(2,2),(0.,1.),.PIECEWISE_BEZIER_KNOTS.);
#34=ORIENTED_EDGE('',*,*,#35,.F.);
#35=EDGE_CURVE('',#36,#31,#38,.T.);
#36=VERTEX_POINT('',#37);
#37=CARTESIAN_POINT('',(-2.155,2.3975,0.6025));
#38=LINE('',#39,#27);
#39=CARTESIAN_POINT('',(-2.2,2.3525,0.6025));
#40=ORIENTED_EDGE('',*,*,#41,.F.);
#41=EDGE_CURVE('',#42,#36,#38,.T.);
#42=VERTEX_POINT('',#39);
#43=ORIENTED_EDGE('',*,*,#44,.F.);
#44=EDGE_CURVE('',#22,#42,#45,.T.);
#45=B_SPLINE_CURVE_WITH_KNOTS('',1,(#23,#39),.UNSPECIFIED.,.F.,.F.,(2,2),(0.,1.),.PIECEWISE_BEZIER_KNOTS.);
#46=B_SPLINE_SURFACE_WITH_KNOTS('',1,1,((#23,#39),(#25,#32)),.UNSPECIFIED.,.F.,.F.,.F.,(2,2),(2,2),(0.,0.20859650045),(0.,1.),.PIECEWISE_BEZIER_KNOTS.);
#47=ADVANCED_FACE('',(#48,#98),#120,.F.);
#48=FACE_BOUND('',#49,.F.);
#49=EDGE_LOOP('',(#50,#51,#58,#65,#72,#79,#86,#93));
#50=ORIENTED_EDGE('',*,*,#21,.F.);
#51=ORIENTED_EDGE('',*,*,#52,.F.);
#52=EDGE_CURVE('',#53,#22,#55,.T.);
#53=VERTEX_POINT('',#54);
#54=CARTESIAN_POINT('',(-2.120212041229,-2.312606020615,0.15));
#55=LINE('',#54,#56);
#56=VECTOR('',#57,1.);
#57=DIRECTION('',(0.,1.,0.));
#58=ORIENTED_EDGE('',*,*,#59,.F.);
#59=EDGE_CURVE('',#60,#53,#62,.T.);
#60=VERTEX_POINT('',#61);
#61=CARTESIAN_POINT('',(-2.012606020615,-2.420212041229,0.15));
#62=LINE('',#61,#63);
#63=VECTOR('',#64,1.);
#64=DIRECTION('',(-0.707106781187,0.707106781187,0.));
#65=ORIENTED_EDGE('',*,*,#66,.F.);
#66=EDGE_CURVE('',#67,#60,#69,.T.);
#67=VERTEX_POINT('',#68);
#68=CARTESIAN_POINT('',(2.012606020615,-2.420212041229,0.15));
#69=LINE('',#68,#70);
#70=VECTOR('',#71,1.);
#71=DIRECTION('',(-1.,0.,0.));
#72=ORIENTED_EDGE('',*,*,#73,.F.);
#73=EDGE_CURVE('',#74,#67,#76,.T.);
#74=VERTEX_POINT('',#75);
#75=CARTESIAN_POINT('',(2.120212041229,-2.312606020615,0.15));
#76=LINE('',#75,#77);
#77=VECTOR('',#78,1.);
#78=DIRECTION('',(-0.707106781187,-0.707106781187,0.));
#79=ORIENTED_EDGE('',*,*,#80,.F.);
#80=EDGE_CURVE('',#81,#74,#83,.T.);
#81=VERTEX_POINT('',#82);
#82=CARTESIAN_POINT('',(2.120212041229,2.312606020615,0.15));
#83=LINE('',#82,#84);
#84=VECTOR('',#85,1.);
#85=DIRECTION('',(0.,-1.,0.));
#86=ORIENTED_EDGE('',*,*,#87,.F.);
#87=EDGE_CURVE('',#88,#81,#90,.T.);
#88=VERTEX_POINT('',#89);
#89=CARTESIAN_POINT('',(2.012606020615,2.420212041229,0.15));
#90=LINE('',#89,#91);
#91=VECTOR('',#92,1.);
#92=DIRECTION('',(0.707106781187,-0.707106781187,0.));
#93=ORIENTED_EDGE('',*,*,#94,.F.);
#94=EDGE_CURVE('',#24,#88,#95,.T.);
#95=LINE('',#25,#96);
#96=VECTOR('',#97,1.);
#97=DIRECTION('',(1.,0.,0.));
#98=FACE_BOUND('',#99,.F.);
#99=EDGE_LOOP('',(#100,#107,#112,#117));
#100=ORIENTED_EDGE('',*,*,#101,.T.);
#101=EDGE_CURVE('',#102,#104,#106,.T.);
#102=VERTEX_POINT('',#103);
#103=CARTESIAN_POINT('',(-1.245,-1.4625,0.15));
#104=VERTEX_POINT('',#105);
#105=CARTESIAN_POINT('',(-1.245,1.4625,0.15));
#106=LINE('',#103,#56);
#107=ORIENTED_EDGE('',*,*,#108,.T.);
#108=EDGE_CURVE('',#104,#109,#111,.T.);
#109=VERTEX_POINT('',#110);
#110=CARTESIAN_POINT('',(1.245,1.4625,0.15));
#111=LINE('',#105,#96);
#112=ORIENTED_EDGE('',*,*,#113,.F.);
#113=EDGE_CURVE('',#114,#109,#116,.T.);
#114=VERTEX_POINT('',#115);
#115=CARTESIAN_POINT('',(1.245,-1.4625,0.15));
#116=LINE('',#115,#56);
#117=ORIENTED_EDGE('',*,*,#118,.F.);
#118=EDGE_CURVE('',#102,#114,#119,.T.);
#119=LINE('',#103,#96);
#120=PLANE('',#121);
#121=AXIS2_PLACEMENT_3D('',#23,#122,#123);
#122=DIRECTION('',(-0.,0.,1.));
#123=DIRECTION('',(0.657747307907,-0.753238660015,0.));
#124=ADVANCED_FACE('',(#125),#137,.F.);
#125=FACE_BOUND('',#126,.F.);
#126=EDGE_LOOP('',(#127,#128,#133,#136));
#127=ORIENTED_EDGE('',*,*,#94,.T.);
#128=ORIENTED_EDGE('',*,*,#129,.T.);
#129=EDGE_CURVE('',#88,#130,#132,.T.);
#130=VERTEX_POINT('',#131);
#131=CARTESIAN_POINT('',(2.0525,2.5,0.6025));
#132=B_SPLINE_CURVE_WITH_KNOTS('',1,(#89,#131),.UNSPECIFIED.,.F.,.F.,(2,2),(0.,1.),.PIECEWISE_BEZIER_KNOTS.);
#133=ORIENTED_EDGE('',*,*,#134,.F.);
#134=EDGE_CURVE('',#31,#130,#135,.T.);
#135=LINE('',#32,#96);
#136=ORIENTED_EDGE('',*,*,#30,.F.);
#137=B_SPLINE_SURFACE_WITH_KNOTS('',1,1,((#25,#32),(#89,#131)),.UNSPECIFIED.,.F.,.F.,.F.,(2,2),(2,2),(0.,4.105),(0.,1.),.PIECEWISE_BEZIER_KNOTS.);
#138=ADVANCED_FACE('',(#139),#167,.F.);
#139=FACE_BOUND('',#140,.F.);
#140=EDGE_LOOP('',(#141,#151,#155,#156,#162));
#141=ORIENTED_EDGE('',*,*,#142,.F.);
#142=EDGE_CURVE('',#143,#145,#147,.T.);
#143=VERTEX_POINT('',#144);
#144=CARTESIAN_POINT('',(-2.2,2.1525,0.6025));
#145=VERTEX_POINT('',#146);
#146=CARTESIAN_POINT('',(-2.42393152463,2.1525,0.6025));
#147=LINE('',#148,#149);
#148=CARTESIAN_POINT('',(-2.1,2.1525,0.6025));
#149=VECTOR('',#150,1.);
#150=DIRECTION('',(-1.,1.110223024625E-16,0.));
#151=ORIENTED_EDGE('',*,*,#152,.T.);
#152=EDGE_CURVE('',#143,#42,#153,.T.);
#153=LINE('',#154,#56);
#154=CARTESIAN_POINT('',(-2.2,-2.3525,0.6025));
#155=ORIENTED_EDGE('',*,*,#41,.T.);
#156=ORIENTED_EDGE('',*,*,#157,.T.);
#157=EDGE_CURVE('',#36,#158,#160,.T.);
#158=VERTEX_POINT('',#159);
#159=CARTESIAN_POINT('',(-2.42393152463,2.3975,0.6025));
#160=LINE('',#161,#149);
#161=CARTESIAN_POINT('',(-2.1,2.3975,0.6025));
#162=ORIENTED_EDGE('',*,*,#163,.F.);
#163=EDGE_CURVE('',#145,#158,#164,.T.);
#164=LINE('',#146,#165);
#165=VECTOR('',#166,1.);
#166=DIRECTION('',(1.110223024625E-16,1.,0.));
#167=PLANE('',#168);
#168=AXIS2_PLACEMENT_3D('',#148,#13,#150);
#169=ADVANCED_FACE('',(#170),#189,.F.);
#170=FACE_BOUND('',#171,.F.);
#171=EDGE_LOOP('',(#172,#179,#180,#185));
#172=ORIENTED_EDGE('',*,*,#173,.F.);
#173=EDGE_CURVE('',#36,#174,#176,.T.);
#174=VERTEX_POINT('',#175);
#175=CARTESIAN_POINT('',(-2.155,2.3975,0.7475));
#176=LINE('',#177,#178);
#177=CARTESIAN_POINT('',(-2.155,2.3975,0.556301388488));
#178=VECTOR('',#122,1.);
#179=ORIENTED_EDGE('',*,*,#35,.T.);
#180=ORIENTED_EDGE('',*,*,#181,.T.);
#181=EDGE_CURVE('',#31,#182,#184,.T.);
#182=VERTEX_POINT('',#183);
#183=CARTESIAN_POINT('',(-2.0525,2.5,0.7475));
#184=B_SPLINE_CURVE_WITH_KNOTS('',1,(#32,#183),.UNSPECIFIED.,.F.,.F.,(2,2),(0.,1.),.PIECEWISE_BEZIER_KNOTS.);
#185=ORIENTED_EDGE('',*,*,#186,.F.);
#186=EDGE_CURVE('',#174,#182,#187,.T.);
#187=LINE('',#188,#27);
#188=CARTESIAN_POINT('',(-2.2,2.3525,0.7475));
#189=PLANE('',#190);
#190=AXIS2_PLACEMENT_3D('',#188,#92,#28);
#191=ADVANCED_FACE('',(#192),#255,.F.);
#192=FACE_BOUND('',#193,.F.);
#193=EDGE_LOOP('',(#194,#195,#196,#197,#201,#205,#209,#213,#217,#221,#225,#229,#233,#237,#241,#245,#249,#252));
#194=ORIENTED_EDGE('',*,*,#52,.T.);
#195=ORIENTED_EDGE('',*,*,#44,.T.);
#196=ORIENTED_EDGE('',*,*,#152,.F.);
#197=ORIENTED_EDGE('',*,*,#198,.F.);
#198=EDGE_CURVE('',#199,#143,#153,.T.);
#199=VERTEX_POINT('',#200);
#200=CARTESIAN_POINT('',(-2.2,1.7475,0.6025));
#201=ORIENTED_EDGE('',*,*,#202,.F.);
#202=EDGE_CURVE('',#203,#199,#153,.T.);
#203=VERTEX_POINT('',#204);
#204=CARTESIAN_POINT('',(-2.2,1.5025,0.6025));
#205=ORIENTED_EDGE('',*,*,#206,.F.);
#206=EDGE_CURVE('',#207,#203,#153,.T.);
#207=VERTEX_POINT('',#208);
#208=CARTESIAN_POINT('',(-2.2,1.0975,0.6025));
#209=ORIENTED_EDGE('',*,*,#210,.F.);
#210=EDGE_CURVE('',#211,#207,#153,.T.);
#211=VERTEX_POINT('',#212);
#212=CARTESIAN_POINT('',(-2.2,0.8525,0.6025));
#213=ORIENTED_EDGE('',*,*,#214,.F.);
#214=EDGE_CURVE('',#215,#211,#153,.T.);
#215=VERTEX_POINT('',#216);
#216=CARTESIAN_POINT('',(-2.2,0.4475,0.6025));
#217=ORIENTED_EDGE('',*,*,#218,.F.);
#218=EDGE_CURVE('',#219,#215,#153,.T.);
#219=VERTEX_POINT('',#220);
#220=CARTESIAN_POINT('',(-2.2,0.2025,0.6025));
#221=ORIENTED_EDGE('',*,*,#222,.F.);
#222=EDGE_CURVE('',#223,#219,#153,.T.);
#223=VERTEX_POINT('',#224);
#224=CARTESIAN_POINT('',(-2.2,-0.2025,0.6025));
#225=ORIENTED_EDGE('',*,*,#226,.F.);
#226=EDGE_CURVE('',#227,#223,#153,.T.);
#227=VERTEX_POINT('',#228);
#228=CARTESIAN_POINT('',(-2.2,-0.4475,0.6025));
#229=ORIENTED_EDGE('',*,*,#230,.F.);
#230=EDGE_CURVE('',#231,#227,#153,.T.);
#231=VERTEX_POINT('',#232);
#232=CARTESIAN_POINT('',(-2.2,-0.8525,0.6025));
#233=ORIENTED_EDGE('',*,*,#234,.F.);
#234=EDGE_CURVE('',#235,#231,#153,.T.);
#235=VERTEX_POINT('',#236);
#236=CARTESIAN_POINT('',(-2.2,-1.0975,0.6025));
#237=ORIENTED_EDGE('',*,*,#238,.F.);
#238=EDGE_CURVE('',#239,#235,#153,.T.);
#239=VERTEX_POINT('',#240);
#240=CARTESIAN_POINT('',(-2.2,-1.5025,0.6025));
#241=ORIENTED_EDGE('',*,*,#242,.F.);
#242=EDGE_CURVE('',#243,#239,#153,.T.);
#243=VERTEX_POINT('',#244);
#244=CARTESIAN_POINT('',(-2.2,-1.7475,0.6025));
#245=ORIENTED_EDGE('',*,*,#246,.F.);
#246=EDGE_CURVE('',#247,#243,#153,.T.);
#247=VERTEX_POINT('',#248);
#248=CARTESIAN_POINT('',(-2.2,-2.1525,0.6025));
#249=ORIENTED_EDGE('',*,*,#250,.F.);
#250=EDGE_CURVE('',#251,#247,#153,.T.);
#251=VERTEX_POINT('',#154);
#252=ORIENTED_EDGE('',*,*,#253,.F.);
#253=EDGE_CURVE('',#53,#251,#254,.T.);
#254=B_SPLINE_CURVE_WITH_KNOTS('',1,(#54,#154),.UNSPECIFIED.,.F.,.F.,(2,2),(0.,1.),.PIECEWISE_BEZIER_KNOTS.);
#255=B_SPLINE_SURFACE_WITH_KNOTS('',1,1,((#54,#154),(#23,#39)),.UNSPECIFIED.,.F.,.F.,.F.,(2,2),(2,2),(0.,4.705),(0.,1.),.PIECEWISE_BEZIER_KNOTS.);
#256=ADVANCED_FACE('',(#257),#273,.F.);
#257=FACE_BOUND('',#258,.F.);
#258=EDGE_LOOP('',(#259,#260,#261,#267,#270));
#259=ORIENTED_EDGE('',*,*,#59,.T.);
#260=ORIENTED_EDGE('',*,*,#253,.T.);
#261=ORIENTED_EDGE('',*,*,#262,.F.);
#262=EDGE_CURVE('',#263,#251,#265,.T.);
#263=VERTEX_POINT('',#264);
#264=CARTESIAN_POINT('',(-2.155,-2.3975,0.6025));
#265=LINE('',#266,#63);
#266=CARTESIAN_POINT('',(-2.0525,-2.5,0.6025));
#267=ORIENTED_EDGE('',*,*,#268,.F.);
#268=EDGE_CURVE('',#269,#263,#265,.T.);
#269=VERTEX_POINT('',#266);
#270=ORIENTED_EDGE('',*,*,#271,.F.);
#271=EDGE_CURVE('',#60,#269,#272,.T.);
#272=B_SPLINE_CURVE_WITH_KNOTS('',1,(#61,#266),.UNSPECIFIED.,.F.,.F.,(2,2),(0.,1.),.PIECEWISE_BEZIER_KNOTS.);
#273=B_SPLINE_SURFACE_WITH_KNOTS('',1,1,((#61,#266),(#54,#154)),.UNSPECIFIED.,.F.,.F.,.F.,(2,2),(2,2),(0.,0.20859650045),(0.,1.),.PIECEWISE_BEZIER_KNOTS.);
#274=ADVANCED_FACE('',(#275),#291,.F.);
#275=FACE_BOUND('',#276,.F.);
#276=EDGE_LOOP('',(#277,#278,#283,#288,#290));
#277=ORIENTED_EDGE('',*,*,#87,.T.);
#278=ORIENTED_EDGE('',*,*,#279,.T.);
#279=EDGE_CURVE('',#81,#280,#282,.T.);
#280=VERTEX_POINT('',#281);
#281=CARTESIAN_POINT('',(2.2,2.3525,0.6025));
#282=B_SPLINE_CURVE_WITH_KNOTS('',1,(#82,#281),.UNSPECIFIED.,.F.,.F.,(2,2),(0.,1.),.PIECEWISE_BEZIER_KNOTS.);
#283=ORIENTED_EDGE('',*,*,#284,.F.);
#284=EDGE_CURVE('',#285,#280,#287,.T.);
#285=VERTEX_POINT('',#286);
#286=CARTESIAN_POINT('',(2.155,2.3975,0.6025));
#287=LINE('',#131,#91);
#288=ORIENTED_EDGE('',*,*,#289,.F.);
#289=EDGE_CURVE('',#130,#285,#287,.T.);
#290=ORIENTED_EDGE('',*,*,#129,.F.);
#291=B_SPLINE_SURFACE_WITH_KNOTS('',1,1,((#89,#131),(#82,#281)),.UNSPECIFIED.,.F.,.F.,.F.,(2,2),(2,2),(0.,0.20859650045),(0.,1.),.PIECEWISE_BEZIER_KNOTS.);
#292=ADVANCED_FACE('',(#293),#305,.F.);
#293=FACE_BOUND('',#294,.F.);
#294=EDGE_LOOP('',(#295,#296,#297,#302));
#295=ORIENTED_EDGE('',*,*,#66,.T.);
#296=ORIENTED_EDGE('',*,*,#271,.T.);
#297=ORIENTED_EDGE('',*,*,#298,.F.);
#298=EDGE_CURVE('',#299,#269,#301,.T.);
#299=VERTEX_POINT('',#300);
#300=CARTESIAN_POINT('',(2.0525,-2.5,0.6025));
#301=LINE('',#300,#70);
#302=ORIENTED_EDGE('',*,*,#303,.F.);
#303=EDGE_CURVE('',#67,#299,#304,.T.);
#304=B_SPLINE_CURVE_WITH_KNOTS('',1,(#68,#300),.UNSPECIFIED.,.F.,.F.,(2,2),(0.,1.),.PIECEWISE_BEZIER_KNOTS.);
#305=B_SPLINE_SURFACE_WITH_KNOTS('',1,1,((#68,#300),(#61,#266)),.UNSPECIFIED.,.F.,.F.,.F.,(2,2),(2,2),(0.,4.105),(0.,1.),.PIECEWISE_BEZIER_KNOTS.);
#306=ADVANCED_FACE('',(#307),#375,.F.);
#307=FACE_BOUND('',#308,.F.);
#308=EDGE_LOOP('',(#309,#310,#315,#320,#324,#328,#332,#336,#340,#344,#348,#352,#356,#360,#364,#368,#372,#374));
#309=ORIENTED_EDGE('',*,*,#80,.T.);
#310=ORIENTED_EDGE('',*,*,#311,.T.);
#311=EDGE_CURVE('',#74,#312,#314,.T.);
#312=VERTEX_POINT('',#313);
#313=CARTESIAN_POINT('',(2.2,-2.3525,0.6025));
#314=B_SPLINE_CURVE_WITH_KNOTS('',1,(#75,#313),.UNSPECIFIED.,.F.,.F.,(2,2),(0.,1.),.PIECEWISE_BEZIER_KNOTS.);
#315=ORIENTED_EDGE('',*,*,#316,.F.);
#316=EDGE_CURVE('',#317,#312,#319,.T.);
#317=VERTEX_POINT('',#318);
#318=CARTESIAN_POINT('',(2.2,-2.1525,0.6025));
#319=LINE('',#281,#84);
#320=ORIENTED_EDGE('',*,*,#321,.F.);
#321=EDGE_CURVE('',#322,#317,#319,.T.);
#322=VERTEX_POINT('',#323);
#323=CARTESIAN_POINT('',(2.2,-1.7475,0.6025));
#324=ORIENTED_EDGE('',*,*,#325,.F.);
#325=EDGE_CURVE('',#326,#322,#319,.T.);
#326=VERTEX_POINT('',#327);
#327=CARTESIAN_POINT('',(2.2,-1.5025,0.6025));
#328=ORIENTED_EDGE('',*,*,#329,.F.);
#329=EDGE_CURVE('',#330,#326,#319,.T.);
#330=VERTEX_POINT('',#331);
#331=CARTESIAN_POINT('',(2.2,-1.0975,0.6025));
#332=ORIENTED_EDGE('',*,*,#333,.F.);
#333=EDGE_CURVE('',#334,#330,#319,.T.);
#334=VERTEX_POINT('',#335);
#335=CARTESIAN_POINT('',(2.2,-0.8525,0.6025));
#336=ORIENTED_EDGE('',*,*,#337,.F.);
#337=EDGE_CURVE('',#338,#334,#319,.T.);
#338=VERTEX_POINT('',#339);
#339=CARTESIAN_POINT('',(2.2,-0.4475,0.6025));
#340=ORIENTED_EDGE('',*,*,#341,.F.);
#341=EDGE_CURVE('',#342,#338,#319,.T.);
#342=VERTEX_POINT('',#343);
#343=CARTESIAN_POINT('',(2.2,-0.2025,0.6025));
#344=ORIENTED_EDGE('',*,*,#345,.F.);
#345=EDGE_CURVE('',#346,#342,#319,.T.);
#346=VERTEX_POINT('',#347);
#347=CARTESIAN_POINT('',(2.2,0.2025,0.6025));
#348=ORIENTED_EDGE('',*,*,#349,.F.);
#349=EDGE_CURVE('',#350,#346,#319,.T.);
#350=VERTEX_POINT('',#351);
#351=CARTESIAN_POINT('',(2.2,0.4475,0.6025));
#352=ORIENTED_EDGE('',*,*,#353,.F.);
#353=EDGE_CURVE('',#354,#350,#319,.T.);
#354=VERTEX_POINT('',#355);
#355=CARTESIAN_POINT('',(2.2,0.8525,0.6025));
#356=ORIENTED_EDGE('',*,*,#357,.F.);
#357=EDGE_CURVE('',#358,#354,#319,.T.);
#358=VERTEX_POINT('',#359);
#359=CARTESIAN_POINT('',(2.2,1.0975,0.6025));
#360=ORIENTED_EDGE('',*,*,#361,.F.);
#361=EDGE_CURVE('',#362,#358,#319,.T.);
#362=VERTEX_POINT('',#363);
#363=CARTESIAN_POINT('',(2.2,1.5025,0.6025));
#364=ORIENTED_EDGE('',*,*,#365,.F.);
#365=EDGE_CURVE('',#366,#362,#319,.T.);
#366=VERTEX_POINT('',#367);
#367=CARTESIAN_POINT('',(2.2,1.7475,0.6025));
#368=ORIENTED_EDGE('',*,*,#369,.F.);
#369=EDGE_CURVE('',#370,#366,#319,.T.);
#370=VERTEX_POINT('',#371);
#371=CARTESIAN_POINT('',(2.2,2.1525,0.6025));
#372=ORIENTED_EDGE('',*,*,#373,.F.);
#373=EDGE_CURVE('',#280,#370,#319,.T.);
#374=ORIENTED_EDGE('',*,*,#279,.F.);
#375=B_SPLINE_SURFACE_WITH_KNOTS('',1,1,((#82,#281),(#75,#313)),.UNSPECIFIED.,.F.,.F.,.F.,(2,2),(2,2),(0.,4.705),(0.,1.),.PIECEWISE_BEZIER_KNOTS.);
#376=ADVANCED_FACE('',(#377),#389,.F.);
#377=FACE_BOUND('',#378,.F.);
#378=EDGE_LOOP('',(#379,#380,#381,#386,#388));
#379=ORIENTED_EDGE('',*,*,#73,.T.);
#380=ORIENTED_EDGE('',*,*,#303,.T.);
#381=ORIENTED_EDGE('',*,*,#382,.F.);
#382=EDGE_CURVE('',#383,#299,#385,.T.);
#383=VERTEX_POINT('',#384);
#384=CARTESIAN_POINT('',(2.155,-2.3975,0.6025));
#385=LINE('',#313,#77);
#386=ORIENTED_EDGE('',*,*,#387,.F.);
#387=EDGE_CURVE('',#312,#383,#385,.T.);
#388=ORIENTED_EDGE('',*,*,#311,.F.);
#389=B_SPLINE_SURFACE_WITH_KNOTS('',1,1,((#75,#313),(#68,#300)),.UNSPECIFIED.,.F.,.F.,.F.,(2,2),(2,2),(0.,0.20859650045),(0.,1.),.PIECEWISE_BEZIER_KNOTS.);
#390=ADVANCED_FACE('',(#391),#408,.F.);
#391=FACE_BOUND('',#392,.F.);
#392=EDGE_LOOP('',(#393,#399,#404,#407));
#393=ORIENTED_EDGE('',*,*,#394,.F.);
#394=EDGE_CURVE('',#395,#102,#397,.T.);
#395=VERTEX_POINT('',#396);
#396=CARTESIAN_POINT('',(-1.245,-1.4625,0.));
#397=LINE('',#396,#398);
#398=VECTOR('',#13,1.);
#399=ORIENTED_EDGE('',*,*,#400,.T.);
#400=EDGE_CURVE('',#395,#401,#403,.T.);
#401=VERTEX_POINT('',#402);
#402=CARTESIAN_POINT('',(-1.245,1.4625,0.));
#403=LINE('',#396,#56);
#404=ORIENTED_EDGE('',*,*,#405,.T.);
#405=EDGE_CURVE('',#401,#104,#406,.T.);
#406=LINE('',#402,#398);
#407=ORIENTED_EDGE('',*,*,#101,.F.);
#408=PLANE('',#409);
#409=AXIS2_PLACEMENT_3D('',#396,#97,#13);
#410=ADVANCED_FACE('',(#411),#423,.F.);
#411=FACE_BOUND('',#412,.F.);
#412=EDGE_LOOP('',(#413,#418,#419,#420));
#413=ORIENTED_EDGE('',*,*,#414,.F.);
#414=EDGE_CURVE('',#395,#415,#417,.T.);
#415=VERTEX_POINT('',#416);
#416=CARTESIAN_POINT('',(1.245,-1.4625,0.));
#417=LINE('',#396,#96);
#418=ORIENTED_EDGE('',*,*,#394,.T.);
#419=ORIENTED_EDGE('',*,*,#118,.T.);
#420=ORIENTED_EDGE('',*,*,#421,.F.);
#421=EDGE_CURVE('',#415,#114,#422,.T.);
#422=LINE('',#416,#398);
#423=PLANE('',#424);
#424=AXIS2_PLACEMENT_3D('',#396,#57,#13);
#425=ADVANCED_FACE('',(#426),#436,.T.);
#426=FACE_BOUND('',#427,.T.);
#427=EDGE_LOOP('',(#420,#428,#433,#112));
#428=ORIENTED_EDGE('',*,*,#429,.T.);
#429=EDGE_CURVE('',#415,#430,#432,.T.);
#430=VERTEX_POINT('',#431);
#431=CARTESIAN_POINT('',(1.245,1.4625,0.));
#432=LINE('',#416,#56);
#433=ORIENTED_EDGE('',*,*,#434,.T.);
#434=EDGE_CURVE('',#430,#109,#435,.T.);
#435=LINE('',#431,#398);
#436=PLANE('',#437);
#437=AXIS2_PLACEMENT_3D('',#416,#97,#13);
#438=ADVANCED_FACE('',(#439),#445,.T.);
#439=FACE_BOUND('',#440,.T.);
#440=EDGE_LOOP('',(#441,#404,#107,#444));
#441=ORIENTED_EDGE('',*,*,#442,.F.);
#442=EDGE_CURVE('',#401,#430,#443,.T.);
#443=LINE('',#402,#96);
#444=ORIENTED_EDGE('',*,*,#434,.F.);
#445=PLANE('',#446);
#446=AXIS2_PLACEMENT_3D('',#402,#57,#13);
#447=ADVANCED_FACE('',(#448),#460,.F.);
#448=FACE_BOUND('',#449,.F.);
#449=EDGE_LOOP('',(#450,#451,#456,#459));
#450=ORIENTED_EDGE('',*,*,#134,.T.);
#451=ORIENTED_EDGE('',*,*,#452,.T.);
#452=EDGE_CURVE('',#130,#453,#455,.T.);
#453=VERTEX_POINT('',#454);
#454=CARTESIAN_POINT('',(2.0525,2.5,0.7475));
#455=B_SPLINE_CURVE_WITH_KNOTS('',1,(#131,#454),.UNSPECIFIED.,.F.,.F.,(2,2),(0.,1.),.PIECEWISE_BEZIER_KNOTS.);
#456=ORIENTED_EDGE('',*,*,#457,.F.);
#457=EDGE_CURVE('',#182,#453,#458,.T.);
#458=LINE('',#183,#96);
#459=ORIENTED_EDGE('',*,*,#181,.F.);
#460=PLANE('',#461);
#461=AXIS2_PLACEMENT_3D('',#183,#85,#97);
#462=ADVANCED_FACE('',(#463),#537,.F.);
#463=FACE_BOUND('',#464,.F.);
#464=EDGE_LOOP('',(#465,#471,#472,#481,#488,#496,#501,#506,#513,#520,#527,#534));
#465=ORIENTED_EDGE('',*,*,#466,.F.);
#466=EDGE_CURVE('',#143,#467,#469,.T.);
#467=VERTEX_POINT('',#468);
#468=CARTESIAN_POINT('',(-2.2,2.1525,0.7475));
#469=LINE('',#470,#398);
#470=CARTESIAN_POINT('',(-2.2,2.1525,0.556301388488));
#471=ORIENTED_EDGE('',*,*,#142,.T.);
#472=ORIENTED_EDGE('',*,*,#473,.T.);
#473=EDGE_CURVE('',#145,#474,#476,.T.);
#474=VERTEX_POINT('',#475);
#475=CARTESIAN_POINT('',(-2.53102936777,2.1525,0.512634239321));
#476=CIRCLE('',#477,0.10875);
#477=AXIS2_PLACEMENT_3D('',#478,#479,#480);
#478=CARTESIAN_POINT('',(-2.42393152463,2.1525,0.49375));
#479=DIRECTION('',(-1.110223024625E-16,-1.,0.));
#480=DIRECTION('',(-5.104473676437E-16,5.667104204174E-32,1.));
#481=ORIENTED_EDGE('',*,*,#482,.T.);
#482=EDGE_CURVE('',#474,#483,#485,.T.);
#483=VERTEX_POINT('',#484);
#484=CARTESIAN_POINT('',(-2.578855032673,2.1525,0.209686774917));
#485=LINE('',#475,#486);
#486=VECTOR('',#487,1.);
#487=DIRECTION('',(-0.155936661597,1.731244720877E-17,-0.98776705633));
#488=ORIENTED_EDGE('',*,*,#489,.T.);
#489=EDGE_CURVE('',#483,#490,#492,.T.);
#490=VERTEX_POINT('',#491);
#491=CARTESIAN_POINT('',(-2.82875,2.1525,5.551115123126E-17));
#492=CIRCLE('',#493,0.25375);
#493=AXIS2_PLACEMENT_3D('',#494,#166,#495);
#494=CARTESIAN_POINT('',(-2.82875,2.1525,0.25375));
#495=DIRECTION('',(0.984807753012,-1.093356242224E-16,-0.173648177667));
#496=ORIENTED_EDGE('',*,*,#497,.T.);
#497=EDGE_CURVE('',#490,#498,#500,.T.);
#498=VERTEX_POINT('',#499);
#499=CARTESIAN_POINT('',(-3.2,2.1525,5.551115123126E-17));
#500=LINE('',#491,#149);
#501=ORIENTED_EDGE('',*,*,#502,.T.);
#502=EDGE_CURVE('',#498,#503,#505,.T.);
#503=VERTEX_POINT('',#504);
#504=CARTESIAN_POINT('',(-3.2,2.1525,0.145));
#505=LINE('',#499,#398);
#506=ORIENTED_EDGE('',*,*,#507,.T.);
#507=EDGE_CURVE('',#503,#508,#510,.T.);
#508=VERTEX_POINT('',#509);
#509=CARTESIAN_POINT('',(-2.82875,2.1525,0.145));
#510=LINE('',#504,#511);
#511=VECTOR('',#512,1.);
#512=DIRECTION('',(1.,-1.110223024625E-16,0.));
#513=ORIENTED_EDGE('',*,*,#514,.T.);
#514=EDGE_CURVE('',#508,#515,#517,.T.);
#515=VERTEX_POINT('',#516);
#516=CARTESIAN_POINT('',(-2.72165215686,2.1525,0.234865760679));
#517=CIRCLE('',#518,0.10875);
#518=AXIS2_PLACEMENT_3D('',#494,#479,#519);
#519=DIRECTION('',(1.020894735287E-15,-1.133420840835E-31,-1.));
#520=ORIENTED_EDGE('',*,*,#521,.T.);
#521=EDGE_CURVE('',#515,#522,#524,.T.);
#522=VERTEX_POINT('',#523);
#523=CARTESIAN_POINT('',(-2.673826491957,2.1525,0.537813225083));
#524=LINE('',#516,#525);
#525=VECTOR('',#526,1.);
#526=DIRECTION('',(0.155936661597,-1.731244720877E-17,0.98776705633));
#527=ORIENTED_EDGE('',*,*,#528,.T.);
#528=EDGE_CURVE('',#522,#529,#531,.T.);
#529=VERTEX_POINT('',#530);
#530=CARTESIAN_POINT('',(-2.42393152463,2.1525,0.7475));
#531=CIRCLE('',#532,0.25375);
#532=AXIS2_PLACEMENT_3D('',#478,#166,#533);
#533=DIRECTION('',(-0.984807753012,1.093356242224E-16,0.173648177667));
#534=ORIENTED_EDGE('',*,*,#535,.T.);
#535=EDGE_CURVE('',#529,#467,#536,.T.);
#536=LINE('',#530,#511);
#537=PLANE('',#538);
#538=AXIS2_PLACEMENT_3D('',#539,#166,#13);
#539=CARTESIAN_POINT('',(-2.644209297858,2.1525,0.365102776976));
#540=ADVANCED_FACE('',(#541),#555,.F.);
#541=FACE_BOUND('',#542,.F.);
#542=EDGE_LOOP('',(#543,#544,#551,#554));
#543=ORIENTED_EDGE('',*,*,#163,.T.);
#544=ORIENTED_EDGE('',*,*,#545,.T.);
#545=EDGE_CURVE('',#158,#546,#548,.T.);
#546=VERTEX_POINT('',#547);
#547=CARTESIAN_POINT('',(-2.53102936777,2.3975,0.512634239321));
#548=CIRCLE('',#549,0.10875);
#549=AXIS2_PLACEMENT_3D('',#550,#479,#480);
#550=CARTESIAN_POINT('',(-2.42393152463,2.3975,0.49375));
#551=ORIENTED_EDGE('',*,*,#552,.F.);
#552=EDGE_CURVE('',#474,#546,#553,.T.);
#553=LINE('',#475,#165);
#554=ORIENTED_EDGE('',*,*,#473,.F.);
#555=CYLINDRICAL_SURFACE('',#477,0.10875);
#556=ADVANCED_FACE('',(#557),#606,.T.);
#557=FACE_BOUND('',#558,.T.);
#558=EDGE_LOOP('',(#172,#156,#544,#559,#564,#571,#576,#581,#586,#592,#597,#603));
#559=ORIENTED_EDGE('',*,*,#560,.T.);
#560=EDGE_CURVE('',#546,#561,#563,.T.);
#561=VERTEX_POINT('',#562);
#562=CARTESIAN_POINT('',(-2.578855032673,2.3975,0.209686774917));
#563=LINE('',#547,#486);
#564=ORIENTED_EDGE('',*,*,#565,.T.);
#565=EDGE_CURVE('',#561,#566,#568,.T.);
#566=VERTEX_POINT('',#567);
#567=CARTESIAN_POINT('',(-2.82875,2.3975,5.551115123126E-17));
#568=CIRCLE('',#569,0.25375);
#569=AXIS2_PLACEMENT_3D('',#570,#166,#495);
#570=CARTESIAN_POINT('',(-2.82875,2.3975,0.25375));
#571=ORIENTED_EDGE('',*,*,#572,.T.);
#572=EDGE_CURVE('',#566,#573,#575,.T.);
#573=VERTEX_POINT('',#574);
#574=CARTESIAN_POINT('',(-3.2,2.3975,5.551115123126E-17));
#575=LINE('',#567,#149);
#576=ORIENTED_EDGE('',*,*,#577,.T.);
#577=EDGE_CURVE('',#573,#578,#580,.T.);
#578=VERTEX_POINT('',#579);
#579=CARTESIAN_POINT('',(-3.2,2.3975,0.145));
#580=LINE('',#574,#398);
#581=ORIENTED_EDGE('',*,*,#582,.T.);
#582=EDGE_CURVE('',#578,#583,#585,.T.);
#583=VERTEX_POINT('',#584);
#584=CARTESIAN_POINT('',(-2.82875,2.3975,0.145));
#585=LINE('',#579,#511);
#586=ORIENTED_EDGE('',*,*,#587,.T.);
#587=EDGE_CURVE('',#583,#588,#590,.T.);
#588=VERTEX_POINT('',#589);
#589=CARTESIAN_POINT('',(-2.72165215686,2.3975,0.234865760679));
#590=CIRCLE('',#591,0.10875);
#591=AXIS2_PLACEMENT_3D('',#570,#479,#519);
#592=ORIENTED_EDGE('',*,*,#593,.T.);
#593=EDGE_CURVE('',#588,#594,#596,.T.);
#594=VERTEX_POINT('',#595);
#595=CARTESIAN_POINT('',(-2.673826491957,2.3975,0.537813225083));
#596=LINE('',#589,#525);
#597=ORIENTED_EDGE('',*,*,#598,.T.);
#598=EDGE_CURVE('',#594,#599,#601,.T.);
#599=VERTEX_POINT('',#600);
#600=CARTESIAN_POINT('',(-2.42393152463,2.3975,0.7475));
#601=CIRCLE('',#602,0.25375);
#602=AXIS2_PLACEMENT_3D('',#550,#166,#533);
#603=ORIENTED_EDGE('',*,*,#604,.T.);
#604=EDGE_CURVE('',#599,#174,#605,.T.);
#605=LINE('',#600,#511);
#606=PLANE('',#607);
#607=AXIS2_PLACEMENT_3D('',#608,#166,#13);
#608=CARTESIAN_POINT('',(-2.644209297858,2.3975,0.365102776976));
#609=ADVANCED_FACE('',(#610),#658,.F.);
#610=FACE_BOUND('',#611,.F.);
#611=EDGE_LOOP('',(#612,#616,#617,#618,#623,#631,#638,#643,#648,#654));
#612=ORIENTED_EDGE('',*,*,#613,.F.);
#613=EDGE_CURVE('',#174,#614,#605,.T.);
#614=VERTEX_POINT('',#615);
#615=CARTESIAN_POINT('',(-2.1,2.3975,0.7475));
#616=ORIENTED_EDGE('',*,*,#186,.T.);
#617=ORIENTED_EDGE('',*,*,#457,.T.);
#618=ORIENTED_EDGE('',*,*,#619,.T.);
#619=EDGE_CURVE('',#453,#620,#622,.T.);
#620=VERTEX_POINT('',#621);
#621=CARTESIAN_POINT('',(2.155,2.3975,0.7475));
#622=LINE('',#454,#91);
#623=ORIENTED_EDGE('',*,*,#624,.T.);
#624=EDGE_CURVE('',#620,#625,#627,.T.);
#625=VERTEX_POINT('',#626);
#626=CARTESIAN_POINT('',(2.1,2.3975,0.7475));
#627=LINE('',#628,#629);
#628=CARTESIAN_POINT('',(2.42393152463,2.3975,0.7475));
#629=VECTOR('',#630,1.);
#630=DIRECTION('',(-1.,-1.110223024625E-16,0.));
#631=ORIENTED_EDGE('',*,*,#632,.T.);
#632=EDGE_CURVE('',#625,#633,#635,.T.);
#633=VERTEX_POINT('',#634);
#634=CARTESIAN_POINT('',(2.1,2.3775,0.7475));
#635=LINE('',#626,#636);
#636=VECTOR('',#637,1.);
#637=DIRECTION('',(1.110223024625E-16,-1.,0.));
#638=ORIENTED_EDGE('',*,*,#639,.F.);
#639=EDGE_CURVE('',#640,#633,#642,.T.);
#640=VERTEX_POINT('',#641);
#641=CARTESIAN_POINT('',(2.0275,2.45,0.7475));
#642=LINE('',#641,#91);
#643=ORIENTED_EDGE('',*,*,#644,.F.);
#644=EDGE_CURVE('',#645,#640,#647,.T.);
#645=VERTEX_POINT('',#646);
#646=CARTESIAN_POINT('',(-2.0275,2.45,0.7475));
#647=LINE('',#646,#96);
#648=ORIENTED_EDGE('',*,*,#649,.F.);
#649=EDGE_CURVE('',#650,#645,#652,.T.);
#650=VERTEX_POINT('',#651);
#651=CARTESIAN_POINT('',(-2.1,2.3775,0.7475));
#652=LINE('',#653,#27);
#653=CARTESIAN_POINT('',(-2.15,2.3275,0.7475));
#654=ORIENTED_EDGE('',*,*,#655,.T.);
#655=EDGE_CURVE('',#650,#614,#656,.T.);
#656=LINE('',#657,#165);
#657=CARTESIAN_POINT('',(-2.1,2.1525,0.7475));
#658=PLANE('',#659);
#659=AXIS2_PLACEMENT_3D('',#660,#661,#662);
#660=CARTESIAN_POINT('',(-2.1075,2.4075,0.7475));
#661=DIRECTION('',(-2.406369710096E-27,2.739698123412E-27,-1.));
#662=DIRECTION('',(0.707106781187,0.707106781187,2.356987814183E-28));
#663=ADVANCED_FACE('',(#664),#683,.F.);
#664=FACE_BOUND('',#665,.F.);
#665=EDGE_LOOP('',(#666,#672,#673,#674,#680));
#666=ORIENTED_EDGE('',*,*,#667,.F.);
#667=EDGE_CURVE('',#263,#668,#670,.T.);
#668=VERTEX_POINT('',#669);
#669=CARTESIAN_POINT('',(-2.42393152463,-2.3975,0.6025));
#670=LINE('',#671,#149);
#671=CARTESIAN_POINT('',(-2.1,-2.3975,0.6025));
#672=ORIENTED_EDGE('',*,*,#262,.T.);
#673=ORIENTED_EDGE('',*,*,#250,.T.);
#674=ORIENTED_EDGE('',*,*,#675,.T.);
#675=EDGE_CURVE('',#247,#676,#678,.T.);
#676=VERTEX_POINT('',#677);
#677=CARTESIAN_POINT('',(-2.42393152463,-2.1525,0.6025));
#678=LINE('',#679,#149);
#679=CARTESIAN_POINT('',(-2.1,-2.1525,0.6025));
#680=ORIENTED_EDGE('',*,*,#681,.F.);
#681=EDGE_CURVE('',#668,#676,#682,.T.);
#682=LINE('',#669,#165);
#683=PLANE('',#684);
#684=AXIS2_PLACEMENT_3D('',#671,#13,#150);
#685=ADVANCED_FACE('',(#686),#705,.F.);
#686=FACE_BOUND('',#687,.F.);
#687=EDGE_LOOP('',(#688,#694,#695,#701));
#688=ORIENTED_EDGE('',*,*,#689,.F.);
#689=EDGE_CURVE('',#247,#690,#692,.T.);
#690=VERTEX_POINT('',#691);
#691=CARTESIAN_POINT('',(-2.2,-2.1525,0.7475));
#692=LINE('',#693,#398);
#693=CARTESIAN_POINT('',(-2.2,-2.1525,0.556301388488));
#694=ORIENTED_EDGE('',*,*,#246,.T.);
#695=ORIENTED_EDGE('',*,*,#696,.T.);
#696=EDGE_CURVE('',#243,#697,#699,.T.);
#697=VERTEX_POINT('',#698);
#698=CARTESIAN_POINT('',(-2.2,-1.7475,0.7475));
#699=LINE('',#700,#398);
#700=CARTESIAN_POINT('',(-2.2,-1.7475,0.556301388488));
#701=ORIENTED_EDGE('',*,*,#702,.F.);
#702=EDGE_CURVE('',#690,#697,#703,.T.);
#703=LINE('',#704,#56);
#704=CARTESIAN_POINT('',(-2.2,-2.3525,0.7475));
#705=PLANE('',#706);
#706=AXIS2_PLACEMENT_3D('',#704,#97,#707);
#707=DIRECTION('',(-0.,1.,0.));
#708=ADVANCED_FACE('',(#709),#727,.F.);
#709=FACE_BOUND('',#710,.F.);
#710=EDGE_LOOP('',(#711,#717,#718,#724));
#711=ORIENTED_EDGE('',*,*,#712,.F.);
#712=EDGE_CURVE('',#243,#713,#715,.T.);
#713=VERTEX_POINT('',#714);
#714=CARTESIAN_POINT('',(-2.42393152463,-1.7475,0.6025));
#715=LINE('',#716,#149);
#716=CARTESIAN_POINT('',(-2.1,-1.7475,0.6025));
#717=ORIENTED_EDGE('',*,*,#242,.T.);
#718=ORIENTED_EDGE('',*,*,#719,.T.);
#719=EDGE_CURVE('',#239,#720,#722,.T.);
#720=VERTEX_POINT('',#721);
#721=CARTESIAN_POINT('',(-2.42393152463,-1.5025,0.6025));
#722=LINE('',#723,#149);
#723=CARTESIAN_POINT('',(-2.1,-1.5025,0.6025));
#724=ORIENTED_EDGE('',*,*,#725,.F.);
#725=EDGE_CURVE('',#713,#720,#726,.T.);
#726=LINE('',#714,#165);
#727=PLANE('',#728);
#728=AXIS2_PLACEMENT_3D('',#716,#13,#150);
#729=ADVANCED_FACE('',(#730),#705,.F.);
#730=FACE_BOUND('',#731,.F.);
#731=EDGE_LOOP('',(#732,#738,#739,#745));
#732=ORIENTED_EDGE('',*,*,#733,.F.);
#733=EDGE_CURVE('',#239,#734,#736,.T.);
#734=VERTEX_POINT('',#735);
#735=CARTESIAN_POINT('',(-2.2,-1.5025,0.7475));
#736=LINE('',#737,#398);
#737=CARTESIAN_POINT('',(-2.2,-1.5025,0.556301388488));
#738=ORIENTED_EDGE('',*,*,#238,.T.);
#739=ORIENTED_EDGE('',*,*,#740,.T.);
#740=EDGE_CURVE('',#235,#741,#743,.T.);
#741=VERTEX_POINT('',#742);
#742=CARTESIAN_POINT('',(-2.2,-1.0975,0.7475));
#743=LINE('',#744,#398);
#744=CARTESIAN_POINT('',(-2.2,-1.0975,0.556301388488));
#745=ORIENTED_EDGE('',*,*,#746,.F.);
#746=EDGE_CURVE('',#734,#741,#703,.T.);
#747=ADVANCED_FACE('',(#748),#766,.F.);
#748=FACE_BOUND('',#749,.F.);
#749=EDGE_LOOP('',(#750,#756,#757,#763));
#750=ORIENTED_EDGE('',*,*,#751,.F.);
#751=EDGE_CURVE('',#235,#752,#754,.T.);
#752=VERTEX_POINT('',#753);
#753=CARTESIAN_POINT('',(-2.42393152463,-1.0975,0.6025));
#754=LINE('',#755,#149);
#755=CARTESIAN_POINT('',(-2.1,-1.0975,0.6025));
#756=ORIENTED_EDGE('',*,*,#234,.T.);
#757=ORIENTED_EDGE('',*,*,#758,.T.);
#758=EDGE_CURVE('',#231,#759,#761,.T.);
#759=VERTEX_POINT('',#760);
#760=CARTESIAN_POINT('',(-2.42393152463,-0.8525,0.6025));
#761=LINE('',#762,#149);
#762=CARTESIAN_POINT('',(-2.1,-0.8525,0.6025));
#763=ORIENTED_EDGE('',*,*,#764,.F.);
#764=EDGE_CURVE('',#752,#759,#765,.T.);
#765=LINE('',#753,#165);
#766=PLANE('',#767);
#767=AXIS2_PLACEMENT_3D('',#755,#13,#150);
#768=ADVANCED_FACE('',(#769),#705,.F.);
#769=FACE_BOUND('',#770,.F.);
#770=EDGE_LOOP('',(#771,#777,#778,#784));
#771=ORIENTED_EDGE('',*,*,#772,.F.);
#772=EDGE_CURVE('',#231,#773,#775,.T.);
#773=VERTEX_POINT('',#774);
#774=CARTESIAN_POINT('',(-2.2,-0.8525,0.7475));
#775=LINE('',#776,#398);
#776=CARTESIAN_POINT('',(-2.2,-0.8525,0.556301388488));
#777=ORIENTED_EDGE('',*,*,#230,.T.);
#778=ORIENTED_EDGE('',*,*,#779,.T.);
#779=EDGE_CURVE('',#227,#780,#782,.T.);
#780=VERTEX_POINT('',#781);
#781=CARTESIAN_POINT('',(-2.2,-0.4475,0.7475));
#782=LINE('',#783,#398);
#783=CARTESIAN_POINT('',(-2.2,-0.4475,0.556301388488));
#784=ORIENTED_EDGE('',*,*,#785,.F.);
#785=EDGE_CURVE('',#773,#780,#703,.T.);
#786=ADVANCED_FACE('',(#787),#805,.F.);
#787=FACE_BOUND('',#788,.F.);
#788=EDGE_LOOP('',(#789,#795,#796,#802));
#789=ORIENTED_EDGE('',*,*,#790,.F.);
#790=EDGE_CURVE('',#227,#791,#793,.T.);
#791=VERTEX_POINT('',#792);
#792=CARTESIAN_POINT('',(-2.42393152463,-0.4475,0.6025));
#793=LINE('',#794,#149);
#794=CARTESIAN_POINT('',(-2.1,-0.4475,0.6025));
#795=ORIENTED_EDGE('',*,*,#226,.T.);
#796=ORIENTED_EDGE('',*,*,#797,.T.);
#797=EDGE_CURVE('',#223,#798,#800,.T.);
#798=VERTEX_POINT('',#799);
#799=CARTESIAN_POINT('',(-2.42393152463,-0.2025,0.6025));
#800=LINE('',#801,#149);
#801=CARTESIAN_POINT('',(-2.1,-0.2025,0.6025));
#802=ORIENTED_EDGE('',*,*,#803,.F.);
#803=EDGE_CURVE('',#791,#798,#804,.T.);
#804=LINE('',#792,#165);
#805=PLANE('',#806);
#806=AXIS2_PLACEMENT_3D('',#794,#13,#150);
#807=ADVANCED_FACE('',(#808),#705,.F.);
#808=FACE_BOUND('',#809,.F.);
#809=EDGE_LOOP('',(#810,#816,#817,#823));
#810=ORIENTED_EDGE('',*,*,#811,.F.);
#811=EDGE_CURVE('',#223,#812,#814,.T.);
#812=VERTEX_POINT('',#813);
#813=CARTESIAN_POINT('',(-2.2,-0.2025,0.7475));
#814=LINE('',#815,#398);
#815=CARTESIAN_POINT('',(-2.2,-0.2025,0.556301388488));
#816=ORIENTED_EDGE('',*,*,#222,.T.);
#817=ORIENTED_EDGE('',*,*,#818,.T.);
#818=EDGE_CURVE('',#219,#819,#821,.T.);
#819=VERTEX_POINT('',#820);
#820=CARTESIAN_POINT('',(-2.2,0.2025,0.7475));
#821=LINE('',#822,#398);
#822=CARTESIAN_POINT('',(-2.2,0.2025,0.556301388488));
#823=ORIENTED_EDGE('',*,*,#824,.F.);
#824=EDGE_CURVE('',#812,#819,#703,.T.);
#825=ADVANCED_FACE('',(#826),#844,.F.);
#826=FACE_BOUND('',#827,.F.);
#827=EDGE_LOOP('',(#828,#834,#835,#841));
#828=ORIENTED_EDGE('',*,*,#829,.F.);
#829=EDGE_CURVE('',#219,#830,#832,.T.);
#830=VERTEX_POINT('',#831);
#831=CARTESIAN_POINT('',(-2.42393152463,0.2025,0.6025));
#832=LINE('',#833,#149);
#833=CARTESIAN_POINT('',(-2.1,0.2025,0.6025));
#834=ORIENTED_EDGE('',*,*,#218,.T.);
#835=ORIENTED_EDGE('',*,*,#836,.T.);
#836=EDGE_CURVE('',#215,#837,#839,.T.);
#837=VERTEX_POINT('',#838);
#838=CARTESIAN_POINT('',(-2.42393152463,0.4475,0.6025));
#839=LINE('',#840,#149);
#840=CARTESIAN_POINT('',(-2.1,0.4475,0.6025));
#841=ORIENTED_EDGE('',*,*,#842,.F.);
#842=EDGE_CURVE('',#830,#837,#843,.T.);
#843=LINE('',#831,#165);
#844=PLANE('',#845);
#845=AXIS2_PLACEMENT_3D('',#833,#13,#150);
#846=ADVANCED_FACE('',(#847),#705,.F.);
#847=FACE_BOUND('',#848,.F.);
#848=EDGE_LOOP('',(#849,#855,#856,#862));
#849=ORIENTED_EDGE('',*,*,#850,.F.);
#850=EDGE_CURVE('',#215,#851,#853,.T.);
#851=VERTEX_POINT('',#852);
#852=CARTESIAN_POINT('',(-2.2,0.4475,0.7475));
#853=LINE('',#854,#398);
#854=CARTESIAN_POINT('',(-2.2,0.4475,0.556301388488));
#855=ORIENTED_EDGE('',*,*,#214,.T.);
#856=ORIENTED_EDGE('',*,*,#857,.T.);
#857=EDGE_CURVE('',#211,#858,#860,.T.);
#858=VERTEX_POINT('',#859);
#859=CARTESIAN_POINT('',(-2.2,0.8525,0.7475));
#860=LINE('',#861,#398);
#861=CARTESIAN_POINT('',(-2.2,0.8525,0.556301388488));
#862=ORIENTED_EDGE('',*,*,#863,.F.);
#863=EDGE_CURVE('',#851,#858,#703,.T.);
#864=ADVANCED_FACE('',(#865),#883,.F.);
#865=FACE_BOUND('',#866,.F.);
#866=EDGE_LOOP('',(#867,#873,#874,#880));
#867=ORIENTED_EDGE('',*,*,#868,.F.);
#868=EDGE_CURVE('',#211,#869,#871,.T.);
#869=VERTEX_POINT('',#870);
#870=CARTESIAN_POINT('',(-2.42393152463,0.8525,0.6025));
#871=LINE('',#872,#149);
#872=CARTESIAN_POINT('',(-2.1,0.8525,0.6025));
#873=ORIENTED_EDGE('',*,*,#210,.T.);
#874=ORIENTED_EDGE('',*,*,#875,.T.);
#875=EDGE_CURVE('',#207,#876,#878,.T.);
#876=VERTEX_POINT('',#877);
#877=CARTESIAN_POINT('',(-2.42393152463,1.0975,0.6025));
#878=LINE('',#879,#149);
#879=CARTESIAN_POINT('',(-2.1,1.0975,0.6025));
#880=ORIENTED_EDGE('',*,*,#881,.F.);
#881=EDGE_CURVE('',#869,#876,#882,.T.);
#882=LINE('',#870,#165);
#883=PLANE('',#884);
#884=AXIS2_PLACEMENT_3D('',#872,#13,#150);
#885=ADVANCED_FACE('',(#886),#705,.F.);
#886=FACE_BOUND('',#887,.F.);
#887=EDGE_LOOP('',(#888,#894,#895,#901));
#888=ORIENTED_EDGE('',*,*,#889,.F.);
#889=EDGE_CURVE('',#207,#890,#892,.T.);
#890=VERTEX_POINT('',#891);
#891=CARTESIAN_POINT('',(-2.2,1.0975,0.7475));
#892=LINE('',#893,#398);
#893=CARTESIAN_POINT('',(-2.2,1.0975,0.556301388488));
#894=ORIENTED_EDGE('',*,*,#206,.T.);
#895=ORIENTED_EDGE('',*,*,#896,.T.);
#896=EDGE_CURVE('',#203,#897,#899,.T.);
#897=VERTEX_POINT('',#898);
#898=CARTESIAN_POINT('',(-2.2,1.5025,0.7475));
#899=LINE('',#900,#398);
#900=CARTESIAN_POINT('',(-2.2,1.5025,0.556301388488));
#901=ORIENTED_EDGE('',*,*,#902,.F.);
#902=EDGE_CURVE('',#890,#897,#703,.T.);
#903=ADVANCED_FACE('',(#904),#922,.F.);
#904=FACE_BOUND('',#905,.F.);
#905=EDGE_LOOP('',(#906,#912,#913,#919));
#906=ORIENTED_EDGE('',*,*,#907,.F.);
#907=EDGE_CURVE('',#203,#908,#910,.T.);
#908=VERTEX_POINT('',#909);
#909=CARTESIAN_POINT('',(-2.42393152463,1.5025,0.6025));
#910=LINE('',#911,#149);
#911=CARTESIAN_POINT('',(-2.1,1.5025,0.6025));
#912=ORIENTED_EDGE('',*,*,#202,.T.);
#913=ORIENTED_EDGE('',*,*,#914,.T.);
#914=EDGE_CURVE('',#199,#915,#917,.T.);
#915=VERTEX_POINT('',#916);
#916=CARTESIAN_POINT('',(-2.42393152463,1.7475,0.6025));
#917=LINE('',#918,#149);
#918=CARTESIAN_POINT('',(-2.1,1.7475,0.6025));
#919=ORIENTED_EDGE('',*,*,#920,.F.);
#920=EDGE_CURVE('',#908,#915,#921,.T.);
#921=LINE('',#909,#165);
#922=PLANE('',#923);
#923=AXIS2_PLACEMENT_3D('',#911,#13,#150);
#924=ADVANCED_FACE('',(#925),#705,.F.);
#925=FACE_BOUND('',#926,.F.);
#926=EDGE_LOOP('',(#927,#933,#934,#935));
#927=ORIENTED_EDGE('',*,*,#928,.F.);
#928=EDGE_CURVE('',#199,#929,#931,.T.);
#929=VERTEX_POINT('',#930);
#930=CARTESIAN_POINT('',(-2.2,1.7475,0.7475));
#931=LINE('',#932,#398);
#932=CARTESIAN_POINT('',(-2.2,1.7475,0.556301388488));
#933=ORIENTED_EDGE('',*,*,#198,.T.);
#934=ORIENTED_EDGE('',*,*,#466,.T.);
#935=ORIENTED_EDGE('',*,*,#936,.F.);
#936=EDGE_CURVE('',#929,#467,#703,.T.);
#937=ADVANCED_FACE('',(#938),#957,.F.);
#938=FACE_BOUND('',#939,.F.);
#939=EDGE_LOOP('',(#940,#945,#946,#954));
#940=ORIENTED_EDGE('',*,*,#941,.F.);
#941=EDGE_CURVE('',#269,#942,#944,.T.);
#942=VERTEX_POINT('',#943);
#943=CARTESIAN_POINT('',(-2.0525,-2.5,0.7475));
#944=B_SPLINE_CURVE_WITH_KNOTS('',1,(#266,#943),.UNSPECIFIED.,.F.,.F.,(2,2),(0.,1.),.PIECEWISE_BEZIER_KNOTS.);
#945=ORIENTED_EDGE('',*,*,#268,.T.);
#946=ORIENTED_EDGE('',*,*,#947,.T.);
#947=EDGE_CURVE('',#263,#948,#950,.T.);
#948=VERTEX_POINT('',#949);
#949=CARTESIAN_POINT('',(-2.155,-2.3975,0.7475));
#950=LINE('',#951,#952);
#951=CARTESIAN_POINT('',(-2.155,-2.3975,0.556301388488));
#952=VECTOR('',#953,1.);
#953=DIRECTION('',(0.,-0.,1.));
#954=ORIENTED_EDGE('',*,*,#955,.F.);
#955=EDGE_CURVE('',#942,#948,#956,.T.);
#956=LINE('',#943,#63);
#957=PLANE('',#958);
#958=AXIS2_PLACEMENT_3D('',#943,#959,#64);
#959=DIRECTION('',(0.707106781187,0.707106781187,-0.));
#960=ADVANCED_FACE('',(#961),#970,.F.);
#961=FACE_BOUND('',#962,.F.);
#962=EDGE_LOOP('',(#963,#964,#965,#969));
#963=ORIENTED_EDGE('',*,*,#452,.F.);
#964=ORIENTED_EDGE('',*,*,#289,.T.);
#965=ORIENTED_EDGE('',*,*,#966,.T.);
#966=EDGE_CURVE('',#285,#620,#967,.T.);
#967=LINE('',#968,#398);
#968=CARTESIAN_POINT('',(2.155,2.3975,0.556301388488));
#969=ORIENTED_EDGE('',*,*,#619,.F.);
#970=PLANE('',#971);
#971=AXIS2_PLACEMENT_3D('',#454,#78,#92);
#972=ADVANCED_FACE('',(#973),#994,.F.);
#973=FACE_BOUND('',#974,.F.);
#974=EDGE_LOOP('',(#975,#983,#984,#985,#991));
#975=ORIENTED_EDGE('',*,*,#976,.F.);
#976=EDGE_CURVE('',#285,#977,#979,.T.);
#977=VERTEX_POINT('',#978);
#978=CARTESIAN_POINT('',(2.42393152463,2.3975,0.6025));
#979=LINE('',#980,#981);
#980=CARTESIAN_POINT('',(2.1,2.3975,0.6025));
#981=VECTOR('',#982,1.);
#982=DIRECTION('',(1.,1.110223024625E-16,0.));
#983=ORIENTED_EDGE('',*,*,#284,.T.);
#984=ORIENTED_EDGE('',*,*,#373,.T.);
#985=ORIENTED_EDGE('',*,*,#986,.T.);
#986=EDGE_CURVE('',#370,#987,#989,.T.);
#987=VERTEX_POINT('',#988);
#988=CARTESIAN_POINT('',(2.42393152463,2.1525,0.6025));
#989=LINE('',#990,#981);
#990=CARTESIAN_POINT('',(2.1,2.1525,0.6025));
#991=ORIENTED_EDGE('',*,*,#992,.F.);
#992=EDGE_CURVE('',#977,#987,#993,.T.);
#993=LINE('',#978,#636);
#994=PLANE('',#995);
#995=AXIS2_PLACEMENT_3D('',#980,#13,#982);
#996=ADVANCED_FACE('',(#997),#1009,.F.);
#997=FACE_BOUND('',#998,.F.);
#998=EDGE_LOOP('',(#999,#1000,#1001,#1006));
#999=ORIENTED_EDGE('',*,*,#298,.T.);
#1000=ORIENTED_EDGE('',*,*,#941,.T.);
#1001=ORIENTED_EDGE('',*,*,#1002,.F.);
#1002=EDGE_CURVE('',#1003,#942,#1005,.T.);
#1003=VERTEX_POINT('',#1004);
#1004=CARTESIAN_POINT('',(2.0525,-2.5,0.7475));
#1005=LINE('',#1004,#70);
#1006=ORIENTED_EDGE('',*,*,#1007,.F.);
#1007=EDGE_CURVE('',#299,#1003,#1008,.T.);
#1008=B_SPLINE_CURVE_WITH_KNOTS('',1,(#300,#1004),.UNSPECIFIED.,.F.,.F.,(2,2),(0.,1.),.PIECEWISE_BEZIER_KNOTS.);
#1009=PLANE('',#1010);
#1010=AXIS2_PLACEMENT_3D('',#1004,#1011,#71);
#1011=DIRECTION('',(0.,1.,-0.));
#1012=ADVANCED_FACE('',(#1013),#1032,.F.);
#1013=FACE_BOUND('',#1014,.F.);
#1014=EDGE_LOOP('',(#1015,#1021,#1022,#1028));
#1015=ORIENTED_EDGE('',*,*,#1016,.F.);
#1016=EDGE_CURVE('',#370,#1017,#1019,.T.);
#1017=VERTEX_POINT('',#1018);
#1018=CARTESIAN_POINT('',(2.2,2.1525,0.7475));
#1019=LINE('',#1020,#398);
#1020=CARTESIAN_POINT('',(2.2,2.1525,0.556301388488));
#1021=ORIENTED_EDGE('',*,*,#369,.T.);
#1022=ORIENTED_EDGE('',*,*,#1023,.T.);
#1023=EDGE_CURVE('',#366,#1024,#1026,.T.);
#1024=VERTEX_POINT('',#1025);
#1025=CARTESIAN_POINT('',(2.2,1.7475,0.7475));
#1026=LINE('',#1027,#398);
#1027=CARTESIAN_POINT('',(2.2,1.7475,0.556301388488));
#1028=ORIENTED_EDGE('',*,*,#1029,.F.);
#1029=EDGE_CURVE('',#1017,#1024,#1030,.T.);
#1030=LINE('',#1031,#84);
#1031=CARTESIAN_POINT('',(2.2,2.3525,0.7475));
#1032=PLANE('',#1033);
#1033=AXIS2_PLACEMENT_3D('',#1031,#71,#85);
#1034=ADVANCED_FACE('',(#1035),#1053,.F.);
#1035=FACE_BOUND('',#1036,.F.);
#1036=EDGE_LOOP('',(#1037,#1043,#1044,#1050));
#1037=ORIENTED_EDGE('',*,*,#1038,.F.);
#1038=EDGE_CURVE('',#366,#1039,#1041,.T.);
#1039=VERTEX_POINT('',#1040);
#1040=CARTESIAN_POINT('',(2.42393152463,1.7475,0.6025));
#1041=LINE('',#1042,#981);
#1042=CARTESIAN_POINT('',(2.1,1.7475,0.6025));
#1043=ORIENTED_EDGE('',*,*,#365,.T.);
#1044=ORIENTED_EDGE('',*,*,#1045,.T.);
#1045=EDGE_CURVE('',#362,#1046,#1048,.T.);
#1046=VERTEX_POINT('',#1047);
#1047=CARTESIAN_POINT('',(2.42393152463,1.5025,0.6025));
#1048=LINE('',#1049,#981);
#1049=CARTESIAN_POINT('',(2.1,1.5025,0.6025));
#1050=ORIENTED_EDGE('',*,*,#1051,.F.);
#1051=EDGE_CURVE('',#1039,#1046,#1052,.T.);
#1052=LINE('',#1040,#636);
#1053=PLANE('',#1054);
#1054=AXIS2_PLACEMENT_3D('',#1042,#13,#982);
#1055=ADVANCED_FACE('',(#1056),#1032,.F.);
#1056=FACE_BOUND('',#1057,.F.);
#1057=EDGE_LOOP('',(#1058,#1064,#1065,#1071));
#1058=ORIENTED_EDGE('',*,*,#1059,.F.);
#1059=EDGE_CURVE('',#362,#1060,#1062,.T.);
#1060=VERTEX_POINT('',#1061);
#1061=CARTESIAN_POINT('',(2.2,1.5025,0.7475));
#1062=LINE('',#1063,#398);
#1063=CARTESIAN_POINT('',(2.2,1.5025,0.556301388488));
#1064=ORIENTED_EDGE('',*,*,#361,.T.);
#1065=ORIENTED_EDGE('',*,*,#1066,.T.);
#1066=EDGE_CURVE('',#358,#1067,#1069,.T.);
#1067=VERTEX_POINT('',#1068);
#1068=CARTESIAN_POINT('',(2.2,1.0975,0.7475));
#1069=LINE('',#1070,#398);
#1070=CARTESIAN_POINT('',(2.2,1.0975,0.556301388488));
#1071=ORIENTED_EDGE('',*,*,#1072,.F.);
#1072=EDGE_CURVE('',#1060,#1067,#1030,.T.);
#1073=ADVANCED_FACE('',(#1074),#1092,.F.);
#1074=FACE_BOUND('',#1075,.F.);
#1075=EDGE_LOOP('',(#1076,#1082,#1083,#1089));
#1076=ORIENTED_EDGE('',*,*,#1077,.F.);
#1077=EDGE_CURVE('',#358,#1078,#1080,.T.);
#1078=VERTEX_POINT('',#1079);
#1079=CARTESIAN_POINT('',(2.42393152463,1.0975,0.6025));
#1080=LINE('',#1081,#981);
#1081=CARTESIAN_POINT('',(2.1,1.0975,0.6025));
#1082=ORIENTED_EDGE('',*,*,#357,.T.);
#1083=ORIENTED_EDGE('',*,*,#1084,.T.);
#1084=EDGE_CURVE('',#354,#1085,#1087,.T.);
#1085=VERTEX_POINT('',#1086);
#1086=CARTESIAN_POINT('',(2.42393152463,0.8525,0.6025));
#1087=LINE('',#1088,#981);
#1088=CARTESIAN_POINT('',(2.1,0.8525,0.6025));
#1089=ORIENTED_EDGE('',*,*,#1090,.F.);
#1090=EDGE_CURVE('',#1078,#1085,#1091,.T.);
#1091=LINE('',#1079,#636);
#1092=PLANE('',#1093);
#1093=AXIS2_PLACEMENT_3D('',#1081,#13,#982);
#1094=ADVANCED_FACE('',(#1095),#1032,.F.);
#1095=FACE_BOUND('',#1096,.F.);
#1096=EDGE_LOOP('',(#1097,#1103,#1104,#1110));
#1097=ORIENTED_EDGE('',*,*,#1098,.F.);
#1098=EDGE_CURVE('',#354,#1099,#1101,.T.);
#1099=VERTEX_POINT('',#1100);
#1100=CARTESIAN_POINT('',(2.2,0.8525,0.7475));
#1101=LINE('',#1102,#398);
#1102=CARTESIAN_POINT('',(2.2,0.8525,0.556301388488));
#1103=ORIENTED_EDGE('',*,*,#353,.T.);
#1104=ORIENTED_EDGE('',*,*,#1105,.T.);
#1105=EDGE_CURVE('',#350,#1106,#1108,.T.);
#1106=VERTEX_POINT('',#1107);
#1107=CARTESIAN_POINT('',(2.2,0.4475,0.7475));
#1108=LINE('',#1109,#398);
#1109=CARTESIAN_POINT('',(2.2,0.4475,0.556301388488));
#1110=ORIENTED_EDGE('',*,*,#1111,.F.);
#1111=EDGE_CURVE('',#1099,#1106,#1030,.T.);
#1112=ADVANCED_FACE('',(#1113),#1131,.F.);
#1113=FACE_BOUND('',#1114,.F.);
#1114=EDGE_LOOP('',(#1115,#1121,#1122,#1128));
#1115=ORIENTED_EDGE('',*,*,#1116,.F.);
#1116=EDGE_CURVE('',#350,#1117,#1119,.T.);
#1117=VERTEX_POINT('',#1118);
#1118=CARTESIAN_POINT('',(2.42393152463,0.4475,0.6025));
#1119=LINE('',#1120,#981);
#1120=CARTESIAN_POINT('',(2.1,0.4475,0.6025));
#1121=ORIENTED_EDGE('',*,*,#349,.T.);
#1122=ORIENTED_EDGE('',*,*,#1123,.T.);
#1123=EDGE_CURVE('',#346,#1124,#1126,.T.);
#1124=VERTEX_POINT('',#1125);
#1125=CARTESIAN_POINT('',(2.42393152463,0.2025,0.6025));
#1126=LINE('',#1127,#981);
#1127=CARTESIAN_POINT('',(2.1,0.2025,0.6025));
#1128=ORIENTED_EDGE('',*,*,#1129,.F.);
#1129=EDGE_CURVE('',#1117,#1124,#1130,.T.);
#1130=LINE('',#1118,#636);
#1131=PLANE('',#1132);
#1132=AXIS2_PLACEMENT_3D('',#1120,#13,#982);
#1133=ADVANCED_FACE('',(#1134),#1032,.F.);
#1134=FACE_BOUND('',#1135,.F.);
#1135=EDGE_LOOP('',(#1136,#1142,#1143,#1149));
#1136=ORIENTED_EDGE('',*,*,#1137,.F.);
#1137=EDGE_CURVE('',#346,#1138,#1140,.T.);
#1138=VERTEX_POINT('',#1139);
#1139=CARTESIAN_POINT('',(2.2,0.2025,0.7475));
#1140=LINE('',#1141,#398);
#1141=CARTESIAN_POINT('',(2.2,0.2025,0.556301388488));
#1142=ORIENTED_EDGE('',*,*,#345,.T.);
#1143=ORIENTED_EDGE('',*,*,#1144,.T.);
#1144=EDGE_CURVE('',#342,#1145,#1147,.T.);
#1145=VERTEX_POINT('',#1146);
#1146=CARTESIAN_POINT('',(2.2,-0.2025,0.7475));
#1147=LINE('',#1148,#398);
#1148=CARTESIAN_POINT('',(2.2,-0.2025,0.556301388488));
#1149=ORIENTED_EDGE('',*,*,#1150,.F.);
#1150=EDGE_CURVE('',#1138,#1145,#1030,.T.);
#1151=ADVANCED_FACE('',(#1152),#1170,.F.);
#1152=FACE_BOUND('',#1153,.F.);
#1153=EDGE_LOOP('',(#1154,#1160,#1161,#1167));
#1154=ORIENTED_EDGE('',*,*,#1155,.F.);
#1155=EDGE_CURVE('',#342,#1156,#1158,.T.);
#1156=VERTEX_POINT('',#1157);
#1157=CARTESIAN_POINT('',(2.42393152463,-0.2025,0.6025));
#1158=LINE('',#1159,#981);
#1159=CARTESIAN_POINT('',(2.1,-0.2025,0.6025));
#1160=ORIENTED_EDGE('',*,*,#341,.T.);
#1161=ORIENTED_EDGE('',*,*,#1162,.T.);
#1162=EDGE_CURVE('',#338,#1163,#1165,.T.);
#1163=VERTEX_POINT('',#1164);
#1164=CARTESIAN_POINT('',(2.42393152463,-0.4475,0.6025));
#1165=LINE('',#1166,#981);
#1166=CARTESIAN_POINT('',(2.1,-0.4475,0.6025));
#1167=ORIENTED_EDGE('',*,*,#1168,.F.);
#1168=EDGE_CURVE('',#1156,#1163,#1169,.T.);
#1169=LINE('',#1157,#636);
#1170=PLANE('',#1171);
#1171=AXIS2_PLACEMENT_3D('',#1159,#13,#982);
#1172=ADVANCED_FACE('',(#1173),#1032,.F.);
#1173=FACE_BOUND('',#1174,.F.);
#1174=EDGE_LOOP('',(#1175,#1181,#1182,#1188));
#1175=ORIENTED_EDGE('',*,*,#1176,.F.);
#1176=EDGE_CURVE('',#338,#1177,#1179,.T.);
#1177=VERTEX_POINT('',#1178);
#1178=CARTESIAN_POINT('',(2.2,-0.4475,0.7475));
#1179=LINE('',#1180,#398);
#1180=CARTESIAN_POINT('',(2.2,-0.4475,0.556301388488));
#1181=ORIENTED_EDGE('',*,*,#337,.T.);
#1182=ORIENTED_EDGE('',*,*,#1183,.T.);
#1183=EDGE_CURVE('',#334,#1184,#1186,.T.);
#1184=VERTEX_POINT('',#1185);
#1185=CARTESIAN_POINT('',(2.2,-0.8525,0.7475));
#1186=LINE('',#1187,#398);
#1187=CARTESIAN_POINT('',(2.2,-0.8525,0.556301388488));
#1188=ORIENTED_EDGE('',*,*,#1189,.F.);
#1189=EDGE_CURVE('',#1177,#1184,#1030,.T.);
#1190=ADVANCED_FACE('',(#1191),#1209,.F.);
#1191=FACE_BOUND('',#1192,.F.);
#1192=EDGE_LOOP('',(#1193,#1199,#1200,#1206));
#1193=ORIENTED_EDGE('',*,*,#1194,.F.);
#1194=EDGE_CURVE('',#334,#1195,#1197,.T.);
#1195=VERTEX_POINT('',#1196);
#1196=CARTESIAN_POINT('',(2.42393152463,-0.8525,0.6025));
#1197=LINE('',#1198,#981);
#1198=CARTESIAN_POINT('',(2.1,-0.8525,0.6025));
#1199=ORIENTED_EDGE('',*,*,#333,.T.);
#1200=ORIENTED_EDGE('',*,*,#1201,.T.);
#1201=EDGE_CURVE('',#330,#1202,#1204,.T.);
#1202=VERTEX_POINT('',#1203);
#1203=CARTESIAN_POINT('',(2.42393152463,-1.0975,0.6025));
#1204=LINE('',#1205,#981);
#1205=CARTESIAN_POINT('',(2.1,-1.0975,0.6025));
#1206=ORIENTED_EDGE('',*,*,#1207,.F.);
#1207=EDGE_CURVE('',#1195,#1202,#1208,.T.);
#1208=LINE('',#1196,#636);
#1209=PLANE('',#1210);
#1210=AXIS2_PLACEMENT_3D('',#1198,#13,#982);
#1211=ADVANCED_FACE('',(#1212),#1032,.F.);
#1212=FACE_BOUND('',#1213,.F.);
#1213=EDGE_LOOP('',(#1214,#1220,#1221,#1227));
#1214=ORIENTED_EDGE('',*,*,#1215,.F.);
#1215=EDGE_CURVE('',#330,#1216,#1218,.T.);
#1216=VERTEX_POINT('',#1217);
#1217=CARTESIAN_POINT('',(2.2,-1.0975,0.7475));
#1218=LINE('',#1219,#398);
#1219=CARTESIAN_POINT('',(2.2,-1.0975,0.556301388488));
#1220=ORIENTED_EDGE('',*,*,#329,.T.);
#1221=ORIENTED_EDGE('',*,*,#1222,.T.);
#1222=EDGE_CURVE('',#326,#1223,#1225,.T.);
#1223=VERTEX_POINT('',#1224);
#1224=CARTESIAN_POINT('',(2.2,-1.5025,0.7475));
#1225=LINE('',#1226,#398);
#1226=CARTESIAN_POINT('',(2.2,-1.5025,0.556301388488));
#1227=ORIENTED_EDGE('',*,*,#1228,.F.);
#1228=EDGE_CURVE('',#1216,#1223,#1030,.T.);
#1229=ADVANCED_FACE('',(#1230),#1248,.F.);
#1230=FACE_BOUND('',#1231,.F.);
#1231=EDGE_LOOP('',(#1232,#1238,#1239,#1245));
#1232=ORIENTED_EDGE('',*,*,#1233,.F.);
#1233=EDGE_CURVE('',#326,#1234,#1236,.T.);
#1234=VERTEX_POINT('',#1235);
#1235=CARTESIAN_POINT('',(2.42393152463,-1.5025,0.6025));
#1236=LINE('',#1237,#981);
#1237=CARTESIAN_POINT('',(2.1,-1.5025,0.6025));
#1238=ORIENTED_EDGE('',*,*,#325,.T.);
#1239=ORIENTED_EDGE('',*,*,#1240,.T.);
#1240=EDGE_CURVE('',#322,#1241,#1243,.T.);
#1241=VERTEX_POINT('',#1242);
#1242=CARTESIAN_POINT('',(2.42393152463,-1.7475,0.6025));
#1243=LINE('',#1244,#981);
#1244=CARTESIAN_POINT('',(2.1,-1.7475,0.6025));
#1245=ORIENTED_EDGE('',*,*,#1246,.F.);
#1246=EDGE_CURVE('',#1234,#1241,#1247,.T.);
#1247=LINE('',#1235,#636);
#1248=PLANE('',#1249);
#1249=AXIS2_PLACEMENT_3D('',#1237,#13,#982);
#1250=ADVANCED_FACE('',(#1251),#1032,.F.);
#1251=FACE_BOUND('',#1252,.F.);
#1252=EDGE_LOOP('',(#1253,#1259,#1260,#1266));
#1253=ORIENTED_EDGE('',*,*,#1254,.F.);
#1254=EDGE_CURVE('',#322,#1255,#1257,.T.);
#1255=VERTEX_POINT('',#1256);
#1256=CARTESIAN_POINT('',(2.2,-1.7475,0.7475));
#1257=LINE('',#1258,#398);
#1258=CARTESIAN_POINT('',(2.2,-1.7475,0.556301388488));
#1259=ORIENTED_EDGE('',*,*,#321,.T.);
#1260=ORIENTED_EDGE('',*,*,#1261,.T.);
#1261=EDGE_CURVE('',#317,#1262,#1264,.T.);
#1262=VERTEX_POINT('',#1263);
#1263=CARTESIAN_POINT('',(2.2,-2.1525,0.7475));
#1264=LINE('',#1265,#398);
#1265=CARTESIAN_POINT('',(2.2,-2.1525,0.556301388488));
#1266=ORIENTED_EDGE('',*,*,#1267,.F.);
#1267=EDGE_CURVE('',#1255,#1262,#1030,.T.);
#1268=ADVANCED_FACE('',(#1269),#1288,.F.);
#1269=FACE_BOUND('',#1270,.F.);
#1270=EDGE_LOOP('',(#1271,#1277,#1278,#1279,#1285));
#1271=ORIENTED_EDGE('',*,*,#1272,.F.);
#1272=EDGE_CURVE('',#317,#1273,#1275,.T.);
#1273=VERTEX_POINT('',#1274);
#1274=CARTESIAN_POINT('',(2.42393152463,-2.1525,0.6025));
#1275=LINE('',#1276,#981);
#1276=CARTESIAN_POINT('',(2.1,-2.1525,0.6025));
#1277=ORIENTED_EDGE('',*,*,#316,.T.);
#1278=ORIENTED_EDGE('',*,*,#387,.T.);
#1279=ORIENTED_EDGE('',*,*,#1280,.T.);
#1280=EDGE_CURVE('',#383,#1281,#1283,.T.);
#1281=VERTEX_POINT('',#1282);
#1282=CARTESIAN_POINT('',(2.42393152463,-2.3975,0.6025));
#1283=LINE('',#1284,#981);
#1284=CARTESIAN_POINT('',(2.1,-2.3975,0.6025));
#1285=ORIENTED_EDGE('',*,*,#1286,.F.);
#1286=EDGE_CURVE('',#1273,#1281,#1287,.T.);
#1287=LINE('',#1274,#636);
#1288=PLANE('',#1289);
#1289=AXIS2_PLACEMENT_3D('',#1276,#13,#982);
#1290=ADVANCED_FACE('',(#1291),#1305,.F.);
#1291=FACE_BOUND('',#1292,.F.);
#1292=EDGE_LOOP('',(#1293,#1299,#1300,#1301));
#1293=ORIENTED_EDGE('',*,*,#1294,.F.);
#1294=EDGE_CURVE('',#383,#1295,#1297,.T.);
#1295=VERTEX_POINT('',#1296);
#1296=CARTESIAN_POINT('',(2.155,-2.3975,0.7475));
#1297=LINE('',#1298,#398);
#1298=CARTESIAN_POINT('',(2.155,-2.3975,0.556301388488));
#1299=ORIENTED_EDGE('',*,*,#382,.T.);
#1300=ORIENTED_EDGE('',*,*,#1007,.T.);
#1301=ORIENTED_EDGE('',*,*,#1302,.F.);
#1302=EDGE_CURVE('',#1295,#1003,#1303,.T.);
#1303=LINE('',#1304,#77);
#1304=CARTESIAN_POINT('',(2.2,-2.3525,0.7475));
#1305=PLANE('',#1306);
#1306=AXIS2_PLACEMENT_3D('',#1304,#64,#78);
#1307=ADVANCED_FACE('',(#1308),#1312,.F.);
#1308=FACE_BOUND('',#1309,.F.);
#1309=EDGE_LOOP('',(#1310,#1311,#428,#441));
#1310=ORIENTED_EDGE('',*,*,#400,.F.);
#1311=ORIENTED_EDGE('',*,*,#414,.T.);
#1312=PLANE('',#1313);
#1313=AXIS2_PLACEMENT_3D('',#396,#13,#97);
#1314=ADVANCED_FACE('',(#1315),#1334,.F.);
#1315=FACE_BOUND('',#1316,.F.);
#1316=EDGE_LOOP('',(#1317,#1318,#603,#1321,#1322,#1323,#1326,#1332));
#1317=ORIENTED_EDGE('',*,*,#535,.F.);
#1318=ORIENTED_EDGE('',*,*,#1319,.T.);
#1319=EDGE_CURVE('',#529,#599,#1320,.T.);
#1320=LINE('',#530,#165);
#1321=ORIENTED_EDGE('',*,*,#613,.T.);
#1322=ORIENTED_EDGE('',*,*,#655,.F.);
#1323=ORIENTED_EDGE('',*,*,#1324,.F.);
#1324=EDGE_CURVE('',#1325,#650,#652,.T.);
#1325=VERTEX_POINT('',#653);
#1326=ORIENTED_EDGE('',*,*,#1327,.F.);
#1327=EDGE_CURVE('',#1328,#1325,#1330,.T.);
#1328=VERTEX_POINT('',#1329);
#1329=CARTESIAN_POINT('',(-2.15,2.1525,0.7475));
#1330=LINE('',#1331,#56);
#1331=CARTESIAN_POINT('',(-2.15,-2.3275,0.7475));
#1332=ORIENTED_EDGE('',*,*,#1333,.F.);
#1333=EDGE_CURVE('',#467,#1328,#536,.T.);
#1334=PLANE('',#1335);
#1335=AXIS2_PLACEMENT_3D('',#530,#1336,#512);
#1336=DIRECTION('',(0.,0.,-1.));
#1337=ADVANCED_FACE('',(#1338),#1345,.T.);
#1338=FACE_BOUND('',#1339,.F.);
#1339=EDGE_LOOP('',(#1340,#597,#1343,#1344));
#1340=ORIENTED_EDGE('',*,*,#1341,.T.);
#1341=EDGE_CURVE('',#522,#594,#1342,.T.);
#1342=LINE('',#523,#165);
#1343=ORIENTED_EDGE('',*,*,#1319,.F.);
#1344=ORIENTED_EDGE('',*,*,#528,.F.);
#1345=CYLINDRICAL_SURFACE('',#1346,0.25375);
#1346=AXIS2_PLACEMENT_3D('',#478,#1347,#533);
#1347=DIRECTION('',(-1.110223024625E-16,-1.,-0.));
#1348=ADVANCED_FACE('',(#1349),#1356,.F.);
#1349=FACE_BOUND('',#1350,.F.);
#1350=EDGE_LOOP('',(#1351,#592,#1354,#1355));
#1351=ORIENTED_EDGE('',*,*,#1352,.T.);
#1352=EDGE_CURVE('',#515,#588,#1353,.T.);
#1353=LINE('',#516,#165);
#1354=ORIENTED_EDGE('',*,*,#1341,.F.);
#1355=ORIENTED_EDGE('',*,*,#521,.F.);
#1356=PLANE('',#1357);
#1357=AXIS2_PLACEMENT_3D('',#516,#1358,#526);
#1358=DIRECTION('',(0.98776705633,-1.096641728903E-16,-0.155936661597));
#1359=ADVANCED_FACE('',(#1360),#1367,.F.);
#1360=FACE_BOUND('',#1361,.F.);
#1361=EDGE_LOOP('',(#1362,#586,#1365,#1366));
#1362=ORIENTED_EDGE('',*,*,#1363,.T.);
#1363=EDGE_CURVE('',#508,#583,#1364,.T.);
#1364=LINE('',#509,#165);
#1365=ORIENTED_EDGE('',*,*,#1352,.F.);
#1366=ORIENTED_EDGE('',*,*,#514,.F.);
#1367=CYLINDRICAL_SURFACE('',#518,0.10875);
#1368=ADVANCED_FACE('',(#1369),#1376,.F.);
#1369=FACE_BOUND('',#1370,.F.);
#1370=EDGE_LOOP('',(#1371,#581,#1374,#1375));
#1371=ORIENTED_EDGE('',*,*,#1372,.T.);
#1372=EDGE_CURVE('',#503,#578,#1373,.T.);
#1373=LINE('',#504,#165);
#1374=ORIENTED_EDGE('',*,*,#1363,.F.);
#1375=ORIENTED_EDGE('',*,*,#507,.F.);
#1376=PLANE('',#1377);
#1377=AXIS2_PLACEMENT_3D('',#504,#1336,#512);
#1378=ADVANCED_FACE('',(#1379),#1386,.F.);
#1379=FACE_BOUND('',#1380,.F.);
#1380=EDGE_LOOP('',(#1381,#576,#1384,#1385));
#1381=ORIENTED_EDGE('',*,*,#1382,.T.);
#1382=EDGE_CURVE('',#498,#573,#1383,.T.);
#1383=LINE('',#499,#165);
#1384=ORIENTED_EDGE('',*,*,#1372,.F.);
#1385=ORIENTED_EDGE('',*,*,#502,.F.);
#1386=PLANE('',#1387);
#1387=AXIS2_PLACEMENT_3D('',#499,#512,#13);
#1388=ADVANCED_FACE('',(#1389),#1396,.F.);
#1389=FACE_BOUND('',#1390,.F.);
#1390=EDGE_LOOP('',(#1391,#571,#1394,#1395));
#1391=ORIENTED_EDGE('',*,*,#1392,.T.);
#1392=EDGE_CURVE('',#490,#566,#1393,.T.);
#1393=LINE('',#491,#165);
#1394=ORIENTED_EDGE('',*,*,#1382,.F.);
#1395=ORIENTED_EDGE('',*,*,#497,.F.);
#1396=PLANE('',#1397);
#1397=AXIS2_PLACEMENT_3D('',#491,#13,#150);
#1398=ADVANCED_FACE('',(#1399),#1406,.T.);
#1399=FACE_BOUND('',#1400,.F.);
#1400=EDGE_LOOP('',(#1401,#564,#1404,#1405));
#1401=ORIENTED_EDGE('',*,*,#1402,.T.);
#1402=EDGE_CURVE('',#483,#561,#1403,.T.);
#1403=LINE('',#484,#165);
#1404=ORIENTED_EDGE('',*,*,#1392,.F.);
#1405=ORIENTED_EDGE('',*,*,#489,.F.);
#1406=CYLINDRICAL_SURFACE('',#1407,0.25375);
#1407=AXIS2_PLACEMENT_3D('',#494,#1347,#495);
#1408=ADVANCED_FACE('',(#1409),#1414,.F.);
#1409=FACE_BOUND('',#1410,.F.);
#1410=EDGE_LOOP('',(#1411,#559,#1412,#1413));
#1411=ORIENTED_EDGE('',*,*,#552,.T.);
#1412=ORIENTED_EDGE('',*,*,#1402,.F.);
#1413=ORIENTED_EDGE('',*,*,#482,.F.);
#1414=PLANE('',#1415);
#1415=AXIS2_PLACEMENT_3D('',#475,#1416,#487);
#1416=DIRECTION('',(-0.98776705633,1.096641728903E-16,0.155936661597));
#1417=ADVANCED_FACE('',(#1418),#1435,.F.);
#1418=FACE_BOUND('',#1419,.F.);
#1419=EDGE_LOOP('',(#1420,#1421,#1422,#1427,#1432));
#1420=ORIENTED_EDGE('',*,*,#1324,.T.);
#1421=ORIENTED_EDGE('',*,*,#649,.T.);
#1422=ORIENTED_EDGE('',*,*,#1423,.T.);
#1423=EDGE_CURVE('',#645,#1424,#1426,.T.);
#1424=VERTEX_POINT('',#1425);
#1425=CARTESIAN_POINT('',(-1.987606020615,2.370212041229,1.2));
#1426=B_SPLINE_CURVE_WITH_KNOTS('',1,(#646,#1425),.UNSPECIFIED.,.F.,.F.,(2,2),(0.,1.),.PIECEWISE_BEZIER_KNOTS.);
#1427=ORIENTED_EDGE('',*,*,#1428,.F.);
#1428=EDGE_CURVE('',#1429,#1424,#1431,.T.);
#1429=VERTEX_POINT('',#1430);
#1430=CARTESIAN_POINT('',(-2.070212041229,2.287606020615,1.2));
#1431=LINE('',#1430,#27);
#1432=ORIENTED_EDGE('',*,*,#1433,.F.);
#1433=EDGE_CURVE('',#1325,#1429,#1434,.T.);
#1434=B_SPLINE_CURVE_WITH_KNOTS('',1,(#653,#1430),.UNSPECIFIED.,.F.,.F.,(2,2),(0.,1.),.PIECEWISE_BEZIER_KNOTS.);
#1435=B_SPLINE_SURFACE_WITH_KNOTS('',1,1,((#653,#1430),(#646,#1425)),.UNSPECIFIED.,.F.,.F.,.F.,(2,2),(2,2),(0.,0.173241161391),(0.,1.),.PIECEWISE_BEZIER_KNOTS.);
#1436=ADVANCED_FACE('',(#1437),#1449,.F.);
#1437=FACE_BOUND('',#1438,.F.);
#1438=EDGE_LOOP('',(#1439,#1440,#1445,#1448));
#1439=ORIENTED_EDGE('',*,*,#644,.T.);
#1440=ORIENTED_EDGE('',*,*,#1441,.T.);
#1441=EDGE_CURVE('',#640,#1442,#1444,.T.);
#1442=VERTEX_POINT('',#1443);
#1443=CARTESIAN_POINT('',(1.987606020615,2.370212041229,1.2));
#1444=B_SPLINE_CURVE_WITH_KNOTS('',1,(#641,#1443),.UNSPECIFIED.,.F.,.F.,(2,2),(0.,1.),.PIECEWISE_BEZIER_KNOTS.);
#1445=ORIENTED_EDGE('',*,*,#1446,.F.);
#1446=EDGE_CURVE('',#1424,#1442,#1447,.T.);
#1447=LINE('',#1425,#96);
#1448=ORIENTED_EDGE('',*,*,#1423,.F.);
#1449=B_SPLINE_SURFACE_WITH_KNOTS('',1,1,((#646,#1425),(#641,#1443)),.UNSPECIFIED.,.F.,.F.,.F.,(2,2),(2,2),(0.,4.055),(0.,1.),.PIECEWISE_BEZIER_KNOTS.);
#1450=ADVANCED_FACE('',(#1451),#1467,.F.);
#1451=FACE_BOUND('',#1452,.F.);
#1452=EDGE_LOOP('',(#1453,#1454,#1458,#1463,#1466));
#1453=ORIENTED_EDGE('',*,*,#639,.T.);
#1454=ORIENTED_EDGE('',*,*,#1455,.T.);
#1455=EDGE_CURVE('',#633,#1456,#642,.T.);
#1456=VERTEX_POINT('',#1457);
#1457=CARTESIAN_POINT('',(2.15,2.3275,0.7475));
#1458=ORIENTED_EDGE('',*,*,#1459,.T.);
#1459=EDGE_CURVE('',#1456,#1460,#1462,.T.);
#1460=VERTEX_POINT('',#1461);
#1461=CARTESIAN_POINT('',(2.070212041229,2.287606020615,1.2));
#1462=B_SPLINE_CURVE_WITH_KNOTS('',1,(#1457,#1461),.UNSPECIFIED.,.F.,.F.,(2,2),(0.,1.),.PIECEWISE_BEZIER_KNOTS.);
#1463=ORIENTED_EDGE('',*,*,#1464,.F.);
#1464=EDGE_CURVE('',#1442,#1460,#1465,.T.);
#1465=LINE('',#1443,#91);
#1466=ORIENTED_EDGE('',*,*,#1441,.F.);
#1467=B_SPLINE_SURFACE_WITH_KNOTS('',1,1,((#641,#1443),(#1457,#1461)),.UNSPECIFIED.,.F.,.F.,.F.,(2,2),(2,2),(0.,0.173241161391),(0.,1.),.PIECEWISE_BEZIER_KNOTS.);
#1468=ADVANCED_FACE('',(#1469),#1492,.F.);
#1469=FACE_BOUND('',#1470,.F.);
#1470=EDGE_LOOP('',(#1471,#1474,#1479,#1482,#1486,#1489,#1490,#1491));
#1471=ORIENTED_EDGE('',*,*,#1472,.F.);
#1472=EDGE_CURVE('',#1473,#620,#627,.T.);
#1473=VERTEX_POINT('',#628);
#1474=ORIENTED_EDGE('',*,*,#1475,.T.);
#1475=EDGE_CURVE('',#1473,#1476,#1478,.T.);
#1476=VERTEX_POINT('',#1477);
#1477=CARTESIAN_POINT('',(2.42393152463,2.1525,0.7475));
#1478=LINE('',#628,#636);
#1479=ORIENTED_EDGE('',*,*,#1480,.T.);
#1480=EDGE_CURVE('',#1476,#1017,#1481,.T.);
#1481=LINE('',#1477,#629);
#1482=ORIENTED_EDGE('',*,*,#1483,.T.);
#1483=EDGE_CURVE('',#1017,#1484,#1481,.T.);
#1484=VERTEX_POINT('',#1485);
#1485=CARTESIAN_POINT('',(2.15,2.1525,0.7475));
#1486=ORIENTED_EDGE('',*,*,#1487,.F.);
#1487=EDGE_CURVE('',#1456,#1484,#1488,.T.);
#1488=LINE('',#1457,#84);
#1489=ORIENTED_EDGE('',*,*,#1455,.F.);
#1490=ORIENTED_EDGE('',*,*,#632,.F.);
#1491=ORIENTED_EDGE('',*,*,#624,.F.);
#1492=PLANE('',#1493);
#1493=AXIS2_PLACEMENT_3D('',#628,#1336,#630);
#1494=ADVANCED_FACE('',(#1495),#1553,.F.);
#1495=FACE_BOUND('',#1496,.F.);
#1496=EDGE_LOOP('',(#1497,#1498,#1499,#1506,#1511,#1518,#1523,#1528,#1533,#1539,#1544,#1550));
#1497=ORIENTED_EDGE('',*,*,#947,.F.);
#1498=ORIENTED_EDGE('',*,*,#667,.T.);
#1499=ORIENTED_EDGE('',*,*,#1500,.T.);
#1500=EDGE_CURVE('',#668,#1501,#1503,.T.);
#1501=VERTEX_POINT('',#1502);
#1502=CARTESIAN_POINT('',(-2.53102936777,-2.3975,0.512634239321));
#1503=CIRCLE('',#1504,0.10875);
#1504=AXIS2_PLACEMENT_3D('',#1505,#479,#480);
#1505=CARTESIAN_POINT('',(-2.42393152463,-2.3975,0.49375));
#1506=ORIENTED_EDGE('',*,*,#1507,.T.);
#1507=EDGE_CURVE('',#1501,#1508,#1510,.T.);
#1508=VERTEX_POINT('',#1509);
#1509=CARTESIAN_POINT('',(-2.578855032673,-2.3975,0.209686774917));
#1510=LINE('',#1502,#486);
#1511=ORIENTED_EDGE('',*,*,#1512,.T.);
#1512=EDGE_CURVE('',#1508,#1513,#1515,.T.);
#1513=VERTEX_POINT('',#1514);
#1514=CARTESIAN_POINT('',(-2.82875,-2.3975,5.551115123126E-17));
#1515=CIRCLE('',#1516,0.25375);
#1516=AXIS2_PLACEMENT_3D('',#1517,#166,#495);
#1517=CARTESIAN_POINT('',(-2.82875,-2.3975,0.25375));
#1518=ORIENTED_EDGE('',*,*,#1519,.T.);
#1519=EDGE_CURVE('',#1513,#1520,#1522,.T.);
#1520=VERTEX_POINT('',#1521);
#1521=CARTESIAN_POINT('',(-3.2,-2.3975,5.551115123126E-17));
#1522=LINE('',#1514,#149);
#1523=ORIENTED_EDGE('',*,*,#1524,.T.);
#1524=EDGE_CURVE('',#1520,#1525,#1527,.T.);
#1525=VERTEX_POINT('',#1526);
#1526=CARTESIAN_POINT('',(-3.2,-2.3975,0.145));
#1527=LINE('',#1521,#398);
#1528=ORIENTED_EDGE('',*,*,#1529,.T.);
#1529=EDGE_CURVE('',#1525,#1530,#1532,.T.);
#1530=VERTEX_POINT('',#1531);
#1531=CARTESIAN_POINT('',(-2.82875,-2.3975,0.145));
#1532=LINE('',#1526,#511);
#1533=ORIENTED_EDGE('',*,*,#1534,.T.);
#1534=EDGE_CURVE('',#1530,#1535,#1537,.T.);
#1535=VERTEX_POINT('',#1536);
#1536=CARTESIAN_POINT('',(-2.72165215686,-2.3975,0.234865760679));
#1537=CIRCLE('',#1538,0.10875);
#1538=AXIS2_PLACEMENT_3D('',#1517,#479,#519);
#1539=ORIENTED_EDGE('',*,*,#1540,.T.);
#1540=EDGE_CURVE('',#1535,#1541,#1543,.T.);
#1541=VERTEX_POINT('',#1542);
#1542=CARTESIAN_POINT('',(-2.673826491957,-2.3975,0.537813225083));
#1543=LINE('',#1536,#525);
#1544=ORIENTED_EDGE('',*,*,#1545,.T.);
#1545=EDGE_CURVE('',#1541,#1546,#1548,.T.);
#1546=VERTEX_POINT('',#1547);
#1547=CARTESIAN_POINT('',(-2.42393152463,-2.3975,0.7475));
#1548=CIRCLE('',#1549,0.25375);
#1549=AXIS2_PLACEMENT_3D('',#1505,#166,#533);
#1550=ORIENTED_EDGE('',*,*,#1551,.T.);
#1551=EDGE_CURVE('',#1546,#948,#1552,.T.);
#1552=LINE('',#1547,#511);
#1553=PLANE('',#1554);
#1554=AXIS2_PLACEMENT_3D('',#1555,#166,#13);
#1555=CARTESIAN_POINT('',(-2.644209297858,-2.3975,0.365102776976));
#1556=ADVANCED_FACE('',(#1557),#1571,.F.);
#1557=FACE_BOUND('',#1558,.F.);
#1558=EDGE_LOOP('',(#1559,#1560,#1567,#1570));
#1559=ORIENTED_EDGE('',*,*,#681,.T.);
#1560=ORIENTED_EDGE('',*,*,#1561,.T.);
#1561=EDGE_CURVE('',#676,#1562,#1564,.T.);
#1562=VERTEX_POINT('',#1563);
#1563=CARTESIAN_POINT('',(-2.53102936777,-2.1525,0.512634239321));
#1564=CIRCLE('',#1565,0.10875);
#1565=AXIS2_PLACEMENT_3D('',#1566,#479,#480);
#1566=CARTESIAN_POINT('',(-2.42393152463,-2.1525,0.49375));
#1567=ORIENTED_EDGE('',*,*,#1568,.F.);
#1568=EDGE_CURVE('',#1501,#1562,#1569,.T.);
#1569=LINE('',#1502,#165);
#1570=ORIENTED_EDGE('',*,*,#1500,.F.);
#1571=CYLINDRICAL_SURFACE('',#1504,0.10875);
#1572=ADVANCED_FACE('',(#1573),#1622,.T.);
#1573=FACE_BOUND('',#1574,.T.);
#1574=EDGE_LOOP('',(#688,#674,#1560,#1575,#1580,#1587,#1592,#1597,#1602,#1608,#1613,#1619));
#1575=ORIENTED_EDGE('',*,*,#1576,.T.);
#1576=EDGE_CURVE('',#1562,#1577,#1579,.T.);
#1577=VERTEX_POINT('',#1578);
#1578=CARTESIAN_POINT('',(-2.578855032673,-2.1525,0.209686774917));
#1579=LINE('',#1563,#486);
#1580=ORIENTED_EDGE('',*,*,#1581,.T.);
#1581=EDGE_CURVE('',#1577,#1582,#1584,.T.);
#1582=VERTEX_POINT('',#1583);
#1583=CARTESIAN_POINT('',(-2.82875,-2.1525,5.551115123126E-17));
#1584=CIRCLE('',#1585,0.25375);
#1585=AXIS2_PLACEMENT_3D('',#1586,#166,#495);
#1586=CARTESIAN_POINT('',(-2.82875,-2.1525,0.25375));
#1587=ORIENTED_EDGE('',*,*,#1588,.T.);
#1588=EDGE_CURVE('',#1582,#1589,#1591,.T.);
#1589=VERTEX_POINT('',#1590);
#1590=CARTESIAN_POINT('',(-3.2,-2.1525,5.551115123126E-17));
#1591=LINE('',#1583,#149);
#1592=ORIENTED_EDGE('',*,*,#1593,.T.);
#1593=EDGE_CURVE('',#1589,#1594,#1596,.T.);
#1594=VERTEX_POINT('',#1595);
#1595=CARTESIAN_POINT('',(-3.2,-2.1525,0.145));
#1596=LINE('',#1590,#398);
#1597=ORIENTED_EDGE('',*,*,#1598,.T.);
#1598=EDGE_CURVE('',#1594,#1599,#1601,.T.);
#1599=VERTEX_POINT('',#1600);
#1600=CARTESIAN_POINT('',(-2.82875,-2.1525,0.145));
#1601=LINE('',#1595,#511);
#1602=ORIENTED_EDGE('',*,*,#1603,.T.);
#1603=EDGE_CURVE('',#1599,#1604,#1606,.T.);
#1604=VERTEX_POINT('',#1605);
#1605=CARTESIAN_POINT('',(-2.72165215686,-2.1525,0.234865760679));
#1606=CIRCLE('',#1607,0.10875);
#1607=AXIS2_PLACEMENT_3D('',#1586,#479,#519);
#1608=ORIENTED_EDGE('',*,*,#1609,.T.);
#1609=EDGE_CURVE('',#1604,#1610,#1612,.T.);
#1610=VERTEX_POINT('',#1611);
#1611=CARTESIAN_POINT('',(-2.673826491957,-2.1525,0.537813225083));
#1612=LINE('',#1605,#525);
#1613=ORIENTED_EDGE('',*,*,#1614,.T.);
#1614=EDGE_CURVE('',#1610,#1615,#1617,.T.);
#1615=VERTEX_POINT('',#1616);
#1616=CARTESIAN_POINT('',(-2.42393152463,-2.1525,0.7475));
#1617=CIRCLE('',#1618,0.25375);
#1618=AXIS2_PLACEMENT_3D('',#1566,#166,#533);
#1619=ORIENTED_EDGE('',*,*,#1620,.T.);
#1620=EDGE_CURVE('',#1615,#690,#1621,.T.);
#1621=LINE('',#1616,#511);
#1622=PLANE('',#1623);
#1623=AXIS2_PLACEMENT_3D('',#1624,#166,#13);
#1624=CARTESIAN_POINT('',(-2.644209297858,-2.1525,0.365102776976));
#1625=ADVANCED_FACE('',(#1626),#658,.F.);
#1626=FACE_BOUND('',#1627,.F.);
#1627=EDGE_LOOP('',(#1628,#1629,#1635,#1639));
#1628=ORIENTED_EDGE('',*,*,#702,.T.);
#1629=ORIENTED_EDGE('',*,*,#1630,.T.);
#1630=EDGE_CURVE('',#697,#1631,#1633,.T.);
#1631=VERTEX_POINT('',#1632);
#1632=CARTESIAN_POINT('',(-2.15,-1.7475,0.7475));
#1633=LINE('',#1634,#511);
#1634=CARTESIAN_POINT('',(-2.42393152463,-1.7475,0.7475));
#1635=ORIENTED_EDGE('',*,*,#1636,.F.);
#1636=EDGE_CURVE('',#1637,#1631,#1330,.T.);
#1637=VERTEX_POINT('',#1638);
#1638=CARTESIAN_POINT('',(-2.15,-2.1525,0.7475));
#1639=ORIENTED_EDGE('',*,*,#1640,.F.);
#1640=EDGE_CURVE('',#690,#1637,#1621,.T.);
#1641=ADVANCED_FACE('',(#1642),#1698,.F.);
#1642=FACE_BOUND('',#1643,.F.);
#1643=EDGE_LOOP('',(#1644,#1645,#1646,#1653,#1658,#1665,#1670,#1675,#1680,#1686,#1691,#1696));
#1644=ORIENTED_EDGE('',*,*,#696,.F.);
#1645=ORIENTED_EDGE('',*,*,#712,.T.);
#1646=ORIENTED_EDGE('',*,*,#1647,.T.);
#1647=EDGE_CURVE('',#713,#1648,#1650,.T.);
#1648=VERTEX_POINT('',#1649);
#1649=CARTESIAN_POINT('',(-2.53102936777,-1.7475,0.512634239321));
#1650=CIRCLE('',#1651,0.10875);
#1651=AXIS2_PLACEMENT_3D('',#1652,#479,#480);
#1652=CARTESIAN_POINT('',(-2.42393152463,-1.7475,0.49375));
#1653=ORIENTED_EDGE('',*,*,#1654,.T.);
#1654=EDGE_CURVE('',#1648,#1655,#1657,.T.);
#1655=VERTEX_POINT('',#1656);
#1656=CARTESIAN_POINT('',(-2.578855032673,-1.7475,0.209686774917));
#1657=LINE('',#1649,#486);
#1658=ORIENTED_EDGE('',*,*,#1659,.T.);
#1659=EDGE_CURVE('',#1655,#1660,#1662,.T.);
#1660=VERTEX_POINT('',#1661);
#1661=CARTESIAN_POINT('',(-2.82875,-1.7475,5.551115123126E-17));
#1662=CIRCLE('',#1663,0.25375);
#1663=AXIS2_PLACEMENT_3D('',#1664,#166,#495);
#1664=CARTESIAN_POINT('',(-2.82875,-1.7475,0.25375));
#1665=ORIENTED_EDGE('',*,*,#1666,.T.);
#1666=EDGE_CURVE('',#1660,#1667,#1669,.T.);
#1667=VERTEX_POINT('',#1668);
#1668=CARTESIAN_POINT('',(-3.2,-1.7475,5.551115123126E-17));
#1669=LINE('',#1661,#149);
#1670=ORIENTED_EDGE('',*,*,#1671,.T.);
#1671=EDGE_CURVE('',#1667,#1672,#1674,.T.);
#1672=VERTEX_POINT('',#1673);
#1673=CARTESIAN_POINT('',(-3.2,-1.7475,0.145));
#1674=LINE('',#1668,#398);
#1675=ORIENTED_EDGE('',*,*,#1676,.T.);
#1676=EDGE_CURVE('',#1672,#1677,#1679,.T.);
#1677=VERTEX_POINT('',#1678);
#1678=CARTESIAN_POINT('',(-2.82875,-1.7475,0.145));
#1679=LINE('',#1673,#511);
#1680=ORIENTED_EDGE('',*,*,#1681,.T.);
#1681=EDGE_CURVE('',#1677,#1682,#1684,.T.);
#1682=VERTEX_POINT('',#1683);
#1683=CARTESIAN_POINT('',(-2.72165215686,-1.7475,0.234865760679));
#1684=CIRCLE('',#1685,0.10875);
#1685=AXIS2_PLACEMENT_3D('',#1664,#479,#519);
#1686=ORIENTED_EDGE('',*,*,#1687,.T.);
#1687=EDGE_CURVE('',#1682,#1688,#1690,.T.);
#1688=VERTEX_POINT('',#1689);
#1689=CARTESIAN_POINT('',(-2.673826491957,-1.7475,0.537813225083));
#1690=LINE('',#1683,#525);
#1691=ORIENTED_EDGE('',*,*,#1692,.T.);
#1692=EDGE_CURVE('',#1688,#1693,#1694,.T.);
#1693=VERTEX_POINT('',#1634);
#1694=CIRCLE('',#1695,0.25375);
#1695=AXIS2_PLACEMENT_3D('',#1652,#166,#533);
#1696=ORIENTED_EDGE('',*,*,#1697,.T.);
#1697=EDGE_CURVE('',#1693,#697,#1633,.T.);
#1698=PLANE('',#1699);
#1699=AXIS2_PLACEMENT_3D('',#1700,#166,#13);
#1700=CARTESIAN_POINT('',(-2.644209297858,-1.7475,0.365102776976));
#1701=ADVANCED_FACE('',(#1702),#1716,.F.);
#1702=FACE_BOUND('',#1703,.F.);
#1703=EDGE_LOOP('',(#1704,#1705,#1712,#1715));
#1704=ORIENTED_EDGE('',*,*,#725,.T.);
#1705=ORIENTED_EDGE('',*,*,#1706,.T.);
#1706=EDGE_CURVE('',#720,#1707,#1709,.T.);
#1707=VERTEX_POINT('',#1708);
#1708=CARTESIAN_POINT('',(-2.53102936777,-1.5025,0.512634239321));
#1709=CIRCLE('',#1710,0.10875);
#1710=AXIS2_PLACEMENT_3D('',#1711,#479,#480);
#1711=CARTESIAN_POINT('',(-2.42393152463,-1.5025,0.49375));
#1712=ORIENTED_EDGE('',*,*,#1713,.F.);
#1713=EDGE_CURVE('',#1648,#1707,#1714,.T.);
#1714=LINE('',#1649,#165);
#1715=ORIENTED_EDGE('',*,*,#1647,.F.);
#1716=CYLINDRICAL_SURFACE('',#1651,0.10875);
#1717=ADVANCED_FACE('',(#1718),#1767,.T.);
#1718=FACE_BOUND('',#1719,.T.);
#1719=EDGE_LOOP('',(#732,#718,#1705,#1720,#1725,#1732,#1737,#1742,#1747,#1753,#1758,#1764));
#1720=ORIENTED_EDGE('',*,*,#1721,.T.);
#1721=EDGE_CURVE('',#1707,#1722,#1724,.T.);
#1722=VERTEX_POINT('',#1723);
#1723=CARTESIAN_POINT('',(-2.578855032673,-1.5025,0.209686774917));
#1724=LINE('',#1708,#486);
#1725=ORIENTED_EDGE('',*,*,#1726,.T.);
#1726=EDGE_CURVE('',#1722,#1727,#1729,.T.);
#1727=VERTEX_POINT('',#1728);
#1728=CARTESIAN_POINT('',(-2.82875,-1.5025,5.551115123126E-17));
#1729=CIRCLE('',#1730,0.25375);
#1730=AXIS2_PLACEMENT_3D('',#1731,#166,#495);
#1731=CARTESIAN_POINT('',(-2.82875,-1.5025,0.25375));
#1732=ORIENTED_EDGE('',*,*,#1733,.T.);
#1733=EDGE_CURVE('',#1727,#1734,#1736,.T.);
#1734=VERTEX_POINT('',#1735);
#1735=CARTESIAN_POINT('',(-3.2,-1.5025,5.551115123126E-17));
#1736=LINE('',#1728,#149);
#1737=ORIENTED_EDGE('',*,*,#1738,.T.);
#1738=EDGE_CURVE('',#1734,#1739,#1741,.T.);
#1739=VERTEX_POINT('',#1740);
#1740=CARTESIAN_POINT('',(-3.2,-1.5025,0.145));
#1741=LINE('',#1735,#398);
#1742=ORIENTED_EDGE('',*,*,#1743,.T.);
#1743=EDGE_CURVE('',#1739,#1744,#1746,.T.);
#1744=VERTEX_POINT('',#1745);
#1745=CARTESIAN_POINT('',(-2.82875,-1.5025,0.145));
#1746=LINE('',#1740,#511);
#1747=ORIENTED_EDGE('',*,*,#1748,.T.);
#1748=EDGE_CURVE('',#1744,#1749,#1751,.T.);
#1749=VERTEX_POINT('',#1750);
#1750=CARTESIAN_POINT('',(-2.72165215686,-1.5025,0.234865760679));
#1751=CIRCLE('',#1752,0.10875);
#1752=AXIS2_PLACEMENT_3D('',#1731,#479,#519);
#1753=ORIENTED_EDGE('',*,*,#1754,.T.);
#1754=EDGE_CURVE('',#1749,#1755,#1757,.T.);
#1755=VERTEX_POINT('',#1756);
#1756=CARTESIAN_POINT('',(-2.673826491957,-1.5025,0.537813225083));
#1757=LINE('',#1750,#525);
#1758=ORIENTED_EDGE('',*,*,#1759,.T.);
#1759=EDGE_CURVE('',#1755,#1760,#1762,.T.);
#1760=VERTEX_POINT('',#1761);
#1761=CARTESIAN_POINT('',(-2.42393152463,-1.5025,0.7475));
#1762=CIRCLE('',#1763,0.25375);
#1763=AXIS2_PLACEMENT_3D('',#1711,#166,#533);
#1764=ORIENTED_EDGE('',*,*,#1765,.T.);
#1765=EDGE_CURVE('',#1760,#734,#1766,.T.);
#1766=LINE('',#1761,#511);
#1767=PLANE('',#1768);
#1768=AXIS2_PLACEMENT_3D('',#1769,#166,#13);
#1769=CARTESIAN_POINT('',(-2.644209297858,-1.5025,0.365102776976));
#1770=ADVANCED_FACE('',(#1771),#658,.F.);
#1771=FACE_BOUND('',#1772,.F.);
#1772=EDGE_LOOP('',(#1773,#1774,#1780,#1784));
#1773=ORIENTED_EDGE('',*,*,#746,.T.);
#1774=ORIENTED_EDGE('',*,*,#1775,.T.);
#1775=EDGE_CURVE('',#741,#1776,#1778,.T.);
#1776=VERTEX_POINT('',#1777);
#1777=CARTESIAN_POINT('',(-2.15,-1.0975,0.7475));
#1778=LINE('',#1779,#511);
#1779=CARTESIAN_POINT('',(-2.42393152463,-1.0975,0.7475));
#1780=ORIENTED_EDGE('',*,*,#1781,.F.);
#1781=EDGE_CURVE('',#1782,#1776,#1330,.T.);
#1782=VERTEX_POINT('',#1783);
#1783=CARTESIAN_POINT('',(-2.15,-1.5025,0.7475));
#1784=ORIENTED_EDGE('',*,*,#1785,.F.);
#1785=EDGE_CURVE('',#734,#1782,#1766,.T.);
#1786=ADVANCED_FACE('',(#1787),#1843,.F.);
#1787=FACE_BOUND('',#1788,.F.);
#1788=EDGE_LOOP('',(#1789,#1790,#1791,#1798,#1803,#1810,#1815,#1820,#1825,#1831,#1836,#1841));
#1789=ORIENTED_EDGE('',*,*,#740,.F.);
#1790=ORIENTED_EDGE('',*,*,#751,.T.);
#1791=ORIENTED_EDGE('',*,*,#1792,.T.);
#1792=EDGE_CURVE('',#752,#1793,#1795,.T.);
#1793=VERTEX_POINT('',#1794);
#1794=CARTESIAN_POINT('',(-2.53102936777,-1.0975,0.512634239321));
#1795=CIRCLE('',#1796,0.10875);
#1796=AXIS2_PLACEMENT_3D('',#1797,#479,#480);
#1797=CARTESIAN_POINT('',(-2.42393152463,-1.0975,0.49375));
#1798=ORIENTED_EDGE('',*,*,#1799,.T.);
#1799=EDGE_CURVE('',#1793,#1800,#1802,.T.);
#1800=VERTEX_POINT('',#1801);
#1801=CARTESIAN_POINT('',(-2.578855032673,-1.0975,0.209686774917));
#1802=LINE('',#1794,#486);
#1803=ORIENTED_EDGE('',*,*,#1804,.T.);
#1804=EDGE_CURVE('',#1800,#1805,#1807,.T.);
#1805=VERTEX_POINT('',#1806);
#1806=CARTESIAN_POINT('',(-2.82875,-1.0975,5.551115123126E-17));
#1807=CIRCLE('',#1808,0.25375);
#1808=AXIS2_PLACEMENT_3D('',#1809,#166,#495);
#1809=CARTESIAN_POINT('',(-2.82875,-1.0975,0.25375));
#1810=ORIENTED_EDGE('',*,*,#1811,.T.);
#1811=EDGE_CURVE('',#1805,#1812,#1814,.T.);
#1812=VERTEX_POINT('',#1813);
#1813=CARTESIAN_POINT('',(-3.2,-1.0975,5.551115123126E-17));
#1814=LINE('',#1806,#149);
#1815=ORIENTED_EDGE('',*,*,#1816,.T.);
#1816=EDGE_CURVE('',#1812,#1817,#1819,.T.);
#1817=VERTEX_POINT('',#1818);
#1818=CARTESIAN_POINT('',(-3.2,-1.0975,0.145));
#1819=LINE('',#1813,#398);
#1820=ORIENTED_EDGE('',*,*,#1821,.T.);
#1821=EDGE_CURVE('',#1817,#1822,#1824,.T.);
#1822=VERTEX_POINT('',#1823);
#1823=CARTESIAN_POINT('',(-2.82875,-1.0975,0.145));
#1824=LINE('',#1818,#511);
#1825=ORIENTED_EDGE('',*,*,#1826,.T.);
#1826=EDGE_CURVE('',#1822,#1827,#1829,.T.);
#1827=VERTEX_POINT('',#1828);
#1828=CARTESIAN_POINT('',(-2.72165215686,-1.0975,0.234865760679));
#1829=CIRCLE('',#1830,0.10875);
#1830=AXIS2_PLACEMENT_3D('',#1809,#479,#519);
#1831=ORIENTED_EDGE('',*,*,#1832,.T.);
#1832=EDGE_CURVE('',#1827,#1833,#1835,.T.);
#1833=VERTEX_POINT('',#1834);
#1834=CARTESIAN_POINT('',(-2.673826491957,-1.0975,0.537813225083));
#1835=LINE('',#1828,#525);
#1836=ORIENTED_EDGE('',*,*,#1837,.T.);
#1837=EDGE_CURVE('',#1833,#1838,#1839,.T.);
#1838=VERTEX_POINT('',#1779);
#1839=CIRCLE('',#1840,0.25375);
#1840=AXIS2_PLACEMENT_3D('',#1797,#166,#533);
#1841=ORIENTED_EDGE('',*,*,#1842,.T.);
#1842=EDGE_CURVE('',#1838,#741,#1778,.T.);
#1843=PLANE('',#1844);
#1844=AXIS2_PLACEMENT_3D('',#1845,#166,#13);
#1845=CARTESIAN_POINT('',(-2.644209297858,-1.0975,0.365102776976));
#1846=ADVANCED_FACE('',(#1847),#1861,.F.);
#1847=FACE_BOUND('',#1848,.F.);
#1848=EDGE_LOOP('',(#1849,#1850,#1857,#1860));
#1849=ORIENTED_EDGE('',*,*,#764,.T.);
#1850=ORIENTED_EDGE('',*,*,#1851,.T.);
#1851=EDGE_CURVE('',#759,#1852,#1854,.T.);
#1852=VERTEX_POINT('',#1853);
#1853=CARTESIAN_POINT('',(-2.53102936777,-0.8525,0.512634239321));
#1854=CIRCLE('',#1855,0.10875);
#1855=AXIS2_PLACEMENT_3D('',#1856,#479,#480);
#1856=CARTESIAN_POINT('',(-2.42393152463,-0.8525,0.49375));
#1857=ORIENTED_EDGE('',*,*,#1858,.F.);
#1858=EDGE_CURVE('',#1793,#1852,#1859,.T.);
#1859=LINE('',#1794,#165);
#1860=ORIENTED_EDGE('',*,*,#1792,.F.);
#1861=CYLINDRICAL_SURFACE('',#1796,0.10875);
#1862=ADVANCED_FACE('',(#1863),#1912,.T.);
#1863=FACE_BOUND('',#1864,.T.);
#1864=EDGE_LOOP('',(#771,#757,#1850,#1865,#1870,#1877,#1882,#1887,#1892,#1898,#1903,#1909));
#1865=ORIENTED_EDGE('',*,*,#1866,.T.);
#1866=EDGE_CURVE('',#1852,#1867,#1869,.T.);
#1867=VERTEX_POINT('',#1868);
#1868=CARTESIAN_POINT('',(-2.578855032673,-0.8525,0.209686774917));
#1869=LINE('',#1853,#486);
#1870=ORIENTED_EDGE('',*,*,#1871,.T.);
#1871=EDGE_CURVE('',#1867,#1872,#1874,.T.);
#1872=VERTEX_POINT('',#1873);
#1873=CARTESIAN_POINT('',(-2.82875,-0.8525,5.551115123126E-17));
#1874=CIRCLE('',#1875,0.25375);
#1875=AXIS2_PLACEMENT_3D('',#1876,#166,#495);
#1876=CARTESIAN_POINT('',(-2.82875,-0.8525,0.25375));
#1877=ORIENTED_EDGE('',*,*,#1878,.T.);
#1878=EDGE_CURVE('',#1872,#1879,#1881,.T.);
#1879=VERTEX_POINT('',#1880);
#1880=CARTESIAN_POINT('',(-3.2,-0.8525,5.551115123126E-17));
#1881=LINE('',#1873,#149);
#1882=ORIENTED_EDGE('',*,*,#1883,.T.);
#1883=EDGE_CURVE('',#1879,#1884,#1886,.T.);
#1884=VERTEX_POINT('',#1885);
#1885=CARTESIAN_POINT('',(-3.2,-0.8525,0.145));
#1886=LINE('',#1880,#398);
#1887=ORIENTED_EDGE('',*,*,#1888,.T.);
#1888=EDGE_CURVE('',#1884,#1889,#1891,.T.);
#1889=VERTEX_POINT('',#1890);
#1890=CARTESIAN_POINT('',(-2.82875,-0.8525,0.145));
#1891=LINE('',#1885,#511);
#1892=ORIENTED_EDGE('',*,*,#1893,.T.);
#1893=EDGE_CURVE('',#1889,#1894,#1896,.T.);
#1894=VERTEX_POINT('',#1895);
#1895=CARTESIAN_POINT('',(-2.72165215686,-0.8525,0.234865760679));
#1896=CIRCLE('',#1897,0.10875);
#1897=AXIS2_PLACEMENT_3D('',#1876,#479,#519);
#1898=ORIENTED_EDGE('',*,*,#1899,.T.);
#1899=EDGE_CURVE('',#1894,#1900,#1902,.T.);
#1900=VERTEX_POINT('',#1901);
#1901=CARTESIAN_POINT('',(-2.673826491957,-0.8525,0.537813225083));
#1902=LINE('',#1895,#525);
#1903=ORIENTED_EDGE('',*,*,#1904,.T.);
#1904=EDGE_CURVE('',#1900,#1905,#1907,.T.);
#1905=VERTEX_POINT('',#1906);
#1906=CARTESIAN_POINT('',(-2.42393152463,-0.8525,0.7475));
#1907=CIRCLE('',#1908,0.25375);
#1908=AXIS2_PLACEMENT_3D('',#1856,#166,#533);
#1909=ORIENTED_EDGE('',*,*,#1910,.T.);
#1910=EDGE_CURVE('',#1905,#773,#1911,.T.);
#1911=LINE('',#1906,#511);
#1912=PLANE('',#1913);
#1913=AXIS2_PLACEMENT_3D('',#1914,#166,#13);
#1914=CARTESIAN_POINT('',(-2.644209297858,-0.8525,0.365102776976));
#1915=ADVANCED_FACE('',(#1916),#658,.F.);
#1916=FACE_BOUND('',#1917,.F.);
#1917=EDGE_LOOP('',(#1918,#1919,#1925,#1929));
#1918=ORIENTED_EDGE('',*,*,#785,.T.);
#1919=ORIENTED_EDGE('',*,*,#1920,.T.);
#1920=EDGE_CURVE('',#780,#1921,#1923,.T.);
#1921=VERTEX_POINT('',#1922);
#1922=CARTESIAN_POINT('',(-2.15,-0.4475,0.7475));
#1923=LINE('',#1924,#511);
#1924=CARTESIAN_POINT('',(-2.42393152463,-0.4475,0.7475));
#1925=ORIENTED_EDGE('',*,*,#1926,.F.);
#1926=EDGE_CURVE('',#1927,#1921,#1330,.T.);
#1927=VERTEX_POINT('',#1928);
#1928=CARTESIAN_POINT('',(-2.15,-0.8525,0.7475));
#1929=ORIENTED_EDGE('',*,*,#1930,.F.);
#1930=EDGE_CURVE('',#773,#1927,#1911,.T.);
#1931=ADVANCED_FACE('',(#1932),#1988,.F.);
#1932=FACE_BOUND('',#1933,.F.);
#1933=EDGE_LOOP('',(#1934,#1935,#1936,#1943,#1948,#1955,#1960,#1965,#1970,#1976,#1981,#1986));
#1934=ORIENTED_EDGE('',*,*,#779,.F.);
#1935=ORIENTED_EDGE('',*,*,#790,.T.);
#1936=ORIENTED_EDGE('',*,*,#1937,.T.);
#1937=EDGE_CURVE('',#791,#1938,#1940,.T.);
#1938=VERTEX_POINT('',#1939);
#1939=CARTESIAN_POINT('',(-2.53102936777,-0.4475,0.512634239321));
#1940=CIRCLE('',#1941,0.10875);
#1941=AXIS2_PLACEMENT_3D('',#1942,#479,#480);
#1942=CARTESIAN_POINT('',(-2.42393152463,-0.4475,0.49375));
#1943=ORIENTED_EDGE('',*,*,#1944,.T.);
#1944=EDGE_CURVE('',#1938,#1945,#1947,.T.);
#1945=VERTEX_POINT('',#1946);
#1946=CARTESIAN_POINT('',(-2.578855032673,-0.4475,0.209686774917));
#1947=LINE('',#1939,#486);
#1948=ORIENTED_EDGE('',*,*,#1949,.T.);
#1949=EDGE_CURVE('',#1945,#1950,#1952,.T.);
#1950=VERTEX_POINT('',#1951);
#1951=CARTESIAN_POINT('',(-2.82875,-0.4475,5.551115123126E-17));
#1952=CIRCLE('',#1953,0.25375);
#1953=AXIS2_PLACEMENT_3D('',#1954,#166,#495);
#1954=CARTESIAN_POINT('',(-2.82875,-0.4475,0.25375));
#1955=ORIENTED_EDGE('',*,*,#1956,.T.);
#1956=EDGE_CURVE('',#1950,#1957,#1959,.T.);
#1957=VERTEX_POINT('',#1958);
#1958=CARTESIAN_POINT('',(-3.2,-0.4475,5.551115123126E-17));
#1959=LINE('',#1951,#149);
#1960=ORIENTED_EDGE('',*,*,#1961,.T.);
#1961=EDGE_CURVE('',#1957,#1962,#1964,.T.);
#1962=VERTEX_POINT('',#1963);
#1963=CARTESIAN_POINT('',(-3.2,-0.4475,0.145));
#1964=LINE('',#1958,#398);
#1965=ORIENTED_EDGE('',*,*,#1966,.T.);
#1966=EDGE_CURVE('',#1962,#1967,#1969,.T.);
#1967=VERTEX_POINT('',#1968);
#1968=CARTESIAN_POINT('',(-2.82875,-0.4475,0.145));
#1969=LINE('',#1963,#511);
#1970=ORIENTED_EDGE('',*,*,#1971,.T.);
#1971=EDGE_CURVE('',#1967,#1972,#1974,.T.);
#1972=VERTEX_POINT('',#1973);
#1973=CARTESIAN_POINT('',(-2.72165215686,-0.4475,0.234865760679));
#1974=CIRCLE('',#1975,0.10875);
#1975=AXIS2_PLACEMENT_3D('',#1954,#479,#519);
#1976=ORIENTED_EDGE('',*,*,#1977,.T.);
#1977=EDGE_CURVE('',#1972,#1978,#1980,.T.);
#1978=VERTEX_POINT('',#1979);
#1979=CARTESIAN_POINT('',(-2.673826491957,-0.4475,0.537813225083));
#1980=LINE('',#1973,#525);
#1981=ORIENTED_EDGE('',*,*,#1982,.T.);
#1982=EDGE_CURVE('',#1978,#1983,#1984,.T.);
#1983=VERTEX_POINT('',#1924);
#1984=CIRCLE('',#1985,0.25375);
#1985=AXIS2_PLACEMENT_3D('',#1942,#166,#533);
#1986=ORIENTED_EDGE('',*,*,#1987,.T.);
#1987=EDGE_CURVE('',#1983,#780,#1923,.T.);
#1988=PLANE('',#1989);
#1989=AXIS2_PLACEMENT_3D('',#1990,#166,#13);
#1990=CARTESIAN_POINT('',(-2.644209297858,-0.4475,0.365102776976));
#1991=ADVANCED_FACE('',(#1992),#2006,.F.);
#1992=FACE_BOUND('',#1993,.F.);
#1993=EDGE_LOOP('',(#1994,#1995,#2002,#2005));
#1994=ORIENTED_EDGE('',*,*,#803,.T.);
#1995=ORIENTED_EDGE('',*,*,#1996,.T.);
#1996=EDGE_CURVE('',#798,#1997,#1999,.T.);
#1997=VERTEX_POINT('',#1998);
#1998=CARTESIAN_POINT('',(-2.53102936777,-0.2025,0.512634239321));
#1999=CIRCLE('',#2000,0.10875);
#2000=AXIS2_PLACEMENT_3D('',#2001,#479,#480);
#2001=CARTESIAN_POINT('',(-2.42393152463,-0.2025,0.49375));
#2002=ORIENTED_EDGE('',*,*,#2003,.F.);
#2003=EDGE_CURVE('',#1938,#1997,#2004,.T.);
#2004=LINE('',#1939,#165);
#2005=ORIENTED_EDGE('',*,*,#1937,.F.);
#2006=CYLINDRICAL_SURFACE('',#1941,0.10875);
#2007=ADVANCED_FACE('',(#2008),#2057,.T.);
#2008=FACE_BOUND('',#2009,.T.);
#2009=EDGE_LOOP('',(#810,#796,#1995,#2010,#2015,#2022,#2027,#2032,#2037,#2043,#2048,#2054));
#2010=ORIENTED_EDGE('',*,*,#2011,.T.);
#2011=EDGE_CURVE('',#1997,#2012,#2014,.T.);
#2012=VERTEX_POINT('',#2013);
#2013=CARTESIAN_POINT('',(-2.578855032673,-0.2025,0.209686774917));
#2014=LINE('',#1998,#486);
#2015=ORIENTED_EDGE('',*,*,#2016,.T.);
#2016=EDGE_CURVE('',#2012,#2017,#2019,.T.);
#2017=VERTEX_POINT('',#2018);
#2018=CARTESIAN_POINT('',(-2.82875,-0.2025,5.551115123126E-17));
#2019=CIRCLE('',#2020,0.25375);
#2020=AXIS2_PLACEMENT_3D('',#2021,#166,#495);
#2021=CARTESIAN_POINT('',(-2.82875,-0.2025,0.25375));
#2022=ORIENTED_EDGE('',*,*,#2023,.T.);
#2023=EDGE_CURVE('',#2017,#2024,#2026,.T.);
#2024=VERTEX_POINT('',#2025);
#2025=CARTESIAN_POINT('',(-3.2,-0.2025,5.551115123126E-17));
#2026=LINE('',#2018,#149);
#2027=ORIENTED_EDGE('',*,*,#2028,.T.);
#2028=EDGE_CURVE('',#2024,#2029,#2031,.T.);
#2029=VERTEX_POINT('',#2030);
#2030=CARTESIAN_POINT('',(-3.2,-0.2025,0.145));
#2031=LINE('',#2025,#398);
#2032=ORIENTED_EDGE('',*,*,#2033,.T.);
#2033=EDGE_CURVE('',#2029,#2034,#2036,.T.);
#2034=VERTEX_POINT('',#2035);
#2035=CARTESIAN_POINT('',(-2.82875,-0.2025,0.145));
#2036=LINE('',#2030,#511);
#2037=ORIENTED_EDGE('',*,*,#2038,.T.);
#2038=EDGE_CURVE('',#2034,#2039,#2041,.T.);
#2039=VERTEX_POINT('',#2040);
#2040=CARTESIAN_POINT('',(-2.72165215686,-0.2025,0.234865760679));
#2041=CIRCLE('',#2042,0.10875);
#2042=AXIS2_PLACEMENT_3D('',#2021,#479,#519);
#2043=ORIENTED_EDGE('',*,*,#2044,.T.);
#2044=EDGE_CURVE('',#2039,#2045,#2047,.T.);
#2045=VERTEX_POINT('',#2046);
#2046=CARTESIAN_POINT('',(-2.673826491957,-0.2025,0.537813225083));
#2047=LINE('',#2040,#525);
#2048=ORIENTED_EDGE('',*,*,#2049,.T.);
#2049=EDGE_CURVE('',#2045,#2050,#2052,.T.);
#2050=VERTEX_POINT('',#2051);
#2051=CARTESIAN_POINT('',(-2.42393152463,-0.2025,0.7475));
#2052=CIRCLE('',#2053,0.25375);
#2053=AXIS2_PLACEMENT_3D('',#2001,#166,#533);
#2054=ORIENTED_EDGE('',*,*,#2055,.T.);
#2055=EDGE_CURVE('',#2050,#812,#2056,.T.);
#2056=LINE('',#2051,#511);
#2057=PLANE('',#2058);
#2058=AXIS2_PLACEMENT_3D('',#2059,#166,#13);
#2059=CARTESIAN_POINT('',(-2.644209297858,-0.2025,0.365102776976));
#2060=ADVANCED_FACE('',(#2061),#658,.F.);
#2061=FACE_BOUND('',#2062,.F.);
#2062=EDGE_LOOP('',(#2063,#2064,#2070,#2074));
#2063=ORIENTED_EDGE('',*,*,#824,.T.);
#2064=ORIENTED_EDGE('',*,*,#2065,.T.);
#2065=EDGE_CURVE('',#819,#2066,#2068,.T.);
#2066=VERTEX_POINT('',#2067);
#2067=CARTESIAN_POINT('',(-2.15,0.2025,0.7475));
#2068=LINE('',#2069,#511);
#2069=CARTESIAN_POINT('',(-2.42393152463,0.2025,0.7475));
#2070=ORIENTED_EDGE('',*,*,#2071,.F.);
#2071=EDGE_CURVE('',#2072,#2066,#1330,.T.);
#2072=VERTEX_POINT('',#2073);
#2073=CARTESIAN_POINT('',(-2.15,-0.2025,0.7475));
#2074=ORIENTED_EDGE('',*,*,#2075,.F.);
#2075=EDGE_CURVE('',#812,#2072,#2056,.T.);
#2076=ADVANCED_FACE('',(#2077),#2133,.F.);
#2077=FACE_BOUND('',#2078,.F.);
#2078=EDGE_LOOP('',(#2079,#2080,#2081,#2088,#2093,#2100,#2105,#2110,#2115,#2121,#2126,#2131));
#2079=ORIENTED_EDGE('',*,*,#818,.F.);
#2080=ORIENTED_EDGE('',*,*,#829,.T.);
#2081=ORIENTED_EDGE('',*,*,#2082,.T.);
#2082=EDGE_CURVE('',#830,#2083,#2085,.T.);
#2083=VERTEX_POINT('',#2084);
#2084=CARTESIAN_POINT('',(-2.53102936777,0.2025,0.512634239321));
#2085=CIRCLE('',#2086,0.10875);
#2086=AXIS2_PLACEMENT_3D('',#2087,#479,#480);
#2087=CARTESIAN_POINT('',(-2.42393152463,0.2025,0.49375));
#2088=ORIENTED_EDGE('',*,*,#2089,.T.);
#2089=EDGE_CURVE('',#2083,#2090,#2092,.T.);
#2090=VERTEX_POINT('',#2091);
#2091=CARTESIAN_POINT('',(-2.578855032673,0.2025,0.209686774917));
#2092=LINE('',#2084,#486);
#2093=ORIENTED_EDGE('',*,*,#2094,.T.);
#2094=EDGE_CURVE('',#2090,#2095,#2097,.T.);
#2095=VERTEX_POINT('',#2096);
#2096=CARTESIAN_POINT('',(-2.82875,0.2025,5.551115123126E-17));
#2097=CIRCLE('',#2098,0.25375);
#2098=AXIS2_PLACEMENT_3D('',#2099,#166,#495);
#2099=CARTESIAN_POINT('',(-2.82875,0.2025,0.25375));
#2100=ORIENTED_EDGE('',*,*,#2101,.T.);
#2101=EDGE_CURVE('',#2095,#2102,#2104,.T.);
#2102=VERTEX_POINT('',#2103);
#2103=CARTESIAN_POINT('',(-3.2,0.2025,5.551115123126E-17));
#2104=LINE('',#2096,#149);
#2105=ORIENTED_EDGE('',*,*,#2106,.T.);
#2106=EDGE_CURVE('',#2102,#2107,#2109,.T.);
#2107=VERTEX_POINT('',#2108);
#2108=CARTESIAN_POINT('',(-3.2,0.2025,0.145));
#2109=LINE('',#2103,#398);
#2110=ORIENTED_EDGE('',*,*,#2111,.T.);
#2111=EDGE_CURVE('',#2107,#2112,#2114,.T.);
#2112=VERTEX_POINT('',#2113);
#2113=CARTESIAN_POINT('',(-2.82875,0.2025,0.145));
#2114=LINE('',#2108,#511);
#2115=ORIENTED_EDGE('',*,*,#2116,.T.);
#2116=EDGE_CURVE('',#2112,#2117,#2119,.T.);
#2117=VERTEX_POINT('',#2118);
#2118=CARTESIAN_POINT('',(-2.72165215686,0.2025,0.234865760679));
#2119=CIRCLE('',#2120,0.10875);
#2120=AXIS2_PLACEMENT_3D('',#2099,#479,#519);
#2121=ORIENTED_EDGE('',*,*,#2122,.T.);
#2122=EDGE_CURVE('',#2117,#2123,#2125,.T.);
#2123=VERTEX_POINT('',#2124);
#2124=CARTESIAN_POINT('',(-2.673826491957,0.2025,0.537813225083));
#2125=LINE('',#2118,#525);
#2126=ORIENTED_EDGE('',*,*,#2127,.T.);
#2127=EDGE_CURVE('',#2123,#2128,#2129,.T.);
#2128=VERTEX_POINT('',#2069);
#2129=CIRCLE('',#2130,0.25375);
#2130=AXIS2_PLACEMENT_3D('',#2087,#166,#533);
#2131=ORIENTED_EDGE('',*,*,#2132,.T.);
#2132=EDGE_CURVE('',#2128,#819,#2068,.T.);
#2133=PLANE('',#2134);
#2134=AXIS2_PLACEMENT_3D('',#2135,#166,#13);
#2135=CARTESIAN_POINT('',(-2.644209297858,0.2025,0.365102776976));
#2136=ADVANCED_FACE('',(#2137),#2151,.F.);
#2137=FACE_BOUND('',#2138,.F.);
#2138=EDGE_LOOP('',(#2139,#2140,#2147,#2150));
#2139=ORIENTED_EDGE('',*,*,#842,.T.);
#2140=ORIENTED_EDGE('',*,*,#2141,.T.);
#2141=EDGE_CURVE('',#837,#2142,#2144,.T.);
#2142=VERTEX_POINT('',#2143);
#2143=CARTESIAN_POINT('',(-2.53102936777,0.4475,0.512634239321));
#2144=CIRCLE('',#2145,0.10875);
#2145=AXIS2_PLACEMENT_3D('',#2146,#479,#480);
#2146=CARTESIAN_POINT('',(-2.42393152463,0.4475,0.49375));
#2147=ORIENTED_EDGE('',*,*,#2148,.F.);
#2148=EDGE_CURVE('',#2083,#2142,#2149,.T.);
#2149=LINE('',#2084,#165);
#2150=ORIENTED_EDGE('',*,*,#2082,.F.);
#2151=CYLINDRICAL_SURFACE('',#2086,0.10875);
#2152=ADVANCED_FACE('',(#2153),#2202,.T.);
#2153=FACE_BOUND('',#2154,.T.);
#2154=EDGE_LOOP('',(#849,#835,#2140,#2155,#2160,#2167,#2172,#2177,#2182,#2188,#2193,#2199));
#2155=ORIENTED_EDGE('',*,*,#2156,.T.);
#2156=EDGE_CURVE('',#2142,#2157,#2159,.T.);
#2157=VERTEX_POINT('',#2158);
#2158=CARTESIAN_POINT('',(-2.578855032673,0.4475,0.209686774917));
#2159=LINE('',#2143,#486);
#2160=ORIENTED_EDGE('',*,*,#2161,.T.);
#2161=EDGE_CURVE('',#2157,#2162,#2164,.T.);
#2162=VERTEX_POINT('',#2163);
#2163=CARTESIAN_POINT('',(-2.82875,0.4475,5.551115123126E-17));
#2164=CIRCLE('',#2165,0.25375);
#2165=AXIS2_PLACEMENT_3D('',#2166,#166,#495);
#2166=CARTESIAN_POINT('',(-2.82875,0.4475,0.25375));
#2167=ORIENTED_EDGE('',*,*,#2168,.T.);
#2168=EDGE_CURVE('',#2162,#2169,#2171,.T.);
#2169=VERTEX_POINT('',#2170);
#2170=CARTESIAN_POINT('',(-3.2,0.4475,5.551115123126E-17));
#2171=LINE('',#2163,#149);
#2172=ORIENTED_EDGE('',*,*,#2173,.T.);
#2173=EDGE_CURVE('',#2169,#2174,#2176,.T.);
#2174=VERTEX_POINT('',#2175);
#2175=CARTESIAN_POINT('',(-3.2,0.4475,0.145));
#2176=LINE('',#2170,#398);
#2177=ORIENTED_EDGE('',*,*,#2178,.T.);
#2178=EDGE_CURVE('',#2174,#2179,#2181,.T.);
#2179=VERTEX_POINT('',#2180);
#2180=CARTESIAN_POINT('',(-2.82875,0.4475,0.145));
#2181=LINE('',#2175,#511);
#2182=ORIENTED_EDGE('',*,*,#2183,.T.);
#2183=EDGE_CURVE('',#2179,#2184,#2186,.T.);
#2184=VERTEX_POINT('',#2185);
#2185=CARTESIAN_POINT('',(-2.72165215686,0.4475,0.234865760679));
#2186=CIRCLE('',#2187,0.10875);
#2187=AXIS2_PLACEMENT_3D('',#2166,#479,#519);
#2188=ORIENTED_EDGE('',*,*,#2189,.T.);
#2189=EDGE_CURVE('',#2184,#2190,#2192,.T.);
#2190=VERTEX_POINT('',#2191);
#2191=CARTESIAN_POINT('',(-2.673826491957,0.4475,0.537813225083));
#2192=LINE('',#2185,#525);
#2193=ORIENTED_EDGE('',*,*,#2194,.T.);
#2194=EDGE_CURVE('',#2190,#2195,#2197,.T.);
#2195=VERTEX_POINT('',#2196);
#2196=CARTESIAN_POINT('',(-2.42393152463,0.4475,0.7475));
#2197=CIRCLE('',#2198,0.25375);
#2198=AXIS2_PLACEMENT_3D('',#2146,#166,#533);
#2199=ORIENTED_EDGE('',*,*,#2200,.T.);
#2200=EDGE_CURVE('',#2195,#851,#2201,.T.);
#2201=LINE('',#2196,#511);
#2202=PLANE('',#2203);
#2203=AXIS2_PLACEMENT_3D('',#2204,#166,#13);
#2204=CARTESIAN_POINT('',(-2.644209297858,0.4475,0.365102776976));
#2205=ADVANCED_FACE('',(#2206),#658,.F.);
#2206=FACE_BOUND('',#2207,.F.);
#2207=EDGE_LOOP('',(#2208,#2209,#2215,#2219));
#2208=ORIENTED_EDGE('',*,*,#863,.T.);
#2209=ORIENTED_EDGE('',*,*,#2210,.T.);
#2210=EDGE_CURVE('',#858,#2211,#2213,.T.);
#2211=VERTEX_POINT('',#2212);
#2212=CARTESIAN_POINT('',(-2.15,0.8525,0.7475));
#2213=LINE('',#2214,#511);
#2214=CARTESIAN_POINT('',(-2.42393152463,0.8525,0.7475));
#2215=ORIENTED_EDGE('',*,*,#2216,.F.);
#2216=EDGE_CURVE('',#2217,#2211,#1330,.T.);
#2217=VERTEX_POINT('',#2218);
#2218=CARTESIAN_POINT('',(-2.15,0.4475,0.7475));
#2219=ORIENTED_EDGE('',*,*,#2220,.F.);
#2220=EDGE_CURVE('',#851,#2217,#2201,.T.);
#2221=ADVANCED_FACE('',(#2222),#2278,.F.);
#2222=FACE_BOUND('',#2223,.F.);
#2223=EDGE_LOOP('',(#2224,#2225,#2226,#2233,#2238,#2245,#2250,#2255,#2260,#2266,#2271,#2276));
#2224=ORIENTED_EDGE('',*,*,#857,.F.);
#2225=ORIENTED_EDGE('',*,*,#868,.T.);
#2226=ORIENTED_EDGE('',*,*,#2227,.T.);
#2227=EDGE_CURVE('',#869,#2228,#2230,.T.);
#2228=VERTEX_POINT('',#2229);
#2229=CARTESIAN_POINT('',(-2.53102936777,0.8525,0.512634239321));
#2230=CIRCLE('',#2231,0.10875);
#2231=AXIS2_PLACEMENT_3D('',#2232,#479,#480);
#2232=CARTESIAN_POINT('',(-2.42393152463,0.8525,0.49375));
#2233=ORIENTED_EDGE('',*,*,#2234,.T.);
#2234=EDGE_CURVE('',#2228,#2235,#2237,.T.);
#2235=VERTEX_POINT('',#2236);
#2236=CARTESIAN_POINT('',(-2.578855032673,0.8525,0.209686774917));
#2237=LINE('',#2229,#486);
#2238=ORIENTED_EDGE('',*,*,#2239,.T.);
#2239=EDGE_CURVE('',#2235,#2240,#2242,.T.);
#2240=VERTEX_POINT('',#2241);
#2241=CARTESIAN_POINT('',(-2.82875,0.8525,5.551115123126E-17));
#2242=CIRCLE('',#2243,0.25375);
#2243=AXIS2_PLACEMENT_3D('',#2244,#166,#495);
#2244=CARTESIAN_POINT('',(-2.82875,0.8525,0.25375));
#2245=ORIENTED_EDGE('',*,*,#2246,.T.);
#2246=EDGE_CURVE('',#2240,#2247,#2249,.T.);
#2247=VERTEX_POINT('',#2248);
#2248=CARTESIAN_POINT('',(-3.2,0.8525,5.551115123126E-17));
#2249=LINE('',#2241,#149);
#2250=ORIENTED_EDGE('',*,*,#2251,.T.);
#2251=EDGE_CURVE('',#2247,#2252,#2254,.T.);
#2252=VERTEX_POINT('',#2253);
#2253=CARTESIAN_POINT('',(-3.2,0.8525,0.145));
#2254=LINE('',#2248,#398);
#2255=ORIENTED_EDGE('',*,*,#2256,.T.);
#2256=EDGE_CURVE('',#2252,#2257,#2259,.T.);
#2257=VERTEX_POINT('',#2258);
#2258=CARTESIAN_POINT('',(-2.82875,0.8525,0.145));
#2259=LINE('',#2253,#511);
#2260=ORIENTED_EDGE('',*,*,#2261,.T.);
#2261=EDGE_CURVE('',#2257,#2262,#2264,.T.);
#2262=VERTEX_POINT('',#2263);
#2263=CARTESIAN_POINT('',(-2.72165215686,0.8525,0.234865760679));
#2264=CIRCLE('',#2265,0.10875);
#2265=AXIS2_PLACEMENT_3D('',#2244,#479,#519);
#2266=ORIENTED_EDGE('',*,*,#2267,.T.);
#2267=EDGE_CURVE('',#2262,#2268,#2270,.T.);
#2268=VERTEX_POINT('',#2269);
#2269=CARTESIAN_POINT('',(-2.673826491957,0.8525,0.537813225083));
#2270=LINE('',#2263,#525);
#2271=ORIENTED_EDGE('',*,*,#2272,.T.);
#2272=EDGE_CURVE('',#2268,#2273,#2274,.T.);
#2273=VERTEX_POINT('',#2214);
#2274=CIRCLE('',#2275,0.25375);
#2275=AXIS2_PLACEMENT_3D('',#2232,#166,#533);
#2276=ORIENTED_EDGE('',*,*,#2277,.T.);
#2277=EDGE_CURVE('',#2273,#858,#2213,.T.);
#2278=PLANE('',#2279);
#2279=AXIS2_PLACEMENT_3D('',#2280,#166,#13);
#2280=CARTESIAN_POINT('',(-2.644209297858,0.8525,0.365102776976));
#2281=ADVANCED_FACE('',(#2282),#2296,.F.);
#2282=FACE_BOUND('',#2283,.F.);
#2283=EDGE_LOOP('',(#2284,#2285,#2292,#2295));
#2284=ORIENTED_EDGE('',*,*,#881,.T.);
#2285=ORIENTED_EDGE('',*,*,#2286,.T.);
#2286=EDGE_CURVE('',#876,#2287,#2289,.T.);
#2287=VERTEX_POINT('',#2288);
#2288=CARTESIAN_POINT('',(-2.53102936777,1.0975,0.512634239321));
#2289=CIRCLE('',#2290,0.10875);
#2290=AXIS2_PLACEMENT_3D('',#2291,#479,#480);
#2291=CARTESIAN_POINT('',(-2.42393152463,1.0975,0.49375));
#2292=ORIENTED_EDGE('',*,*,#2293,.F.);
#2293=EDGE_CURVE('',#2228,#2287,#2294,.T.);
#2294=LINE('',#2229,#165);
#2295=ORIENTED_EDGE('',*,*,#2227,.F.);
#2296=CYLINDRICAL_SURFACE('',#2231,0.10875);
#2297=ADVANCED_FACE('',(#2298),#2347,.T.);
#2298=FACE_BOUND('',#2299,.T.);
#2299=EDGE_LOOP('',(#888,#874,#2285,#2300,#2305,#2312,#2317,#2322,#2327,#2333,#2338,#2344));
#2300=ORIENTED_EDGE('',*,*,#2301,.T.);
#2301=EDGE_CURVE('',#2287,#2302,#2304,.T.);
#2302=VERTEX_POINT('',#2303);
#2303=CARTESIAN_POINT('',(-2.578855032673,1.0975,0.209686774917));
#2304=LINE('',#2288,#486);
#2305=ORIENTED_EDGE('',*,*,#2306,.T.);
#2306=EDGE_CURVE('',#2302,#2307,#2309,.T.);
#2307=VERTEX_POINT('',#2308);
#2308=CARTESIAN_POINT('',(-2.82875,1.0975,5.551115123126E-17));
#2309=CIRCLE('',#2310,0.25375);
#2310=AXIS2_PLACEMENT_3D('',#2311,#166,#495);
#2311=CARTESIAN_POINT('',(-2.82875,1.0975,0.25375));
#2312=ORIENTED_EDGE('',*,*,#2313,.T.);
#2313=EDGE_CURVE('',#2307,#2314,#2316,.T.);
#2314=VERTEX_POINT('',#2315);
#2315=CARTESIAN_POINT('',(-3.2,1.0975,5.551115123126E-17));
#2316=LINE('',#2308,#149);
#2317=ORIENTED_EDGE('',*,*,#2318,.T.);
#2318=EDGE_CURVE('',#2314,#2319,#2321,.T.);
#2319=VERTEX_POINT('',#2320);
#2320=CARTESIAN_POINT('',(-3.2,1.0975,0.145));
#2321=LINE('',#2315,#398);
#2322=ORIENTED_EDGE('',*,*,#2323,.T.);
#2323=EDGE_CURVE('',#2319,#2324,#2326,.T.);
#2324=VERTEX_POINT('',#2325);
#2325=CARTESIAN_POINT('',(-2.82875,1.0975,0.145));
#2326=LINE('',#2320,#511);
#2327=ORIENTED_EDGE('',*,*,#2328,.T.);
#2328=EDGE_CURVE('',#2324,#2329,#2331,.T.);
#2329=VERTEX_POINT('',#2330);
#2330=CARTESIAN_POINT('',(-2.72165215686,1.0975,0.234865760679));
#2331=CIRCLE('',#2332,0.10875);
#2332=AXIS2_PLACEMENT_3D('',#2311,#479,#519);
#2333=ORIENTED_EDGE('',*,*,#2334,.T.);
#2334=EDGE_CURVE('',#2329,#2335,#2337,.T.);
#2335=VERTEX_POINT('',#2336);
#2336=CARTESIAN_POINT('',(-2.673826491957,1.0975,0.537813225083));
#2337=LINE('',#2330,#525);
#2338=ORIENTED_EDGE('',*,*,#2339,.T.);
#2339=EDGE_CURVE('',#2335,#2340,#2342,.T.);
#2340=VERTEX_POINT('',#2341);
#2341=CARTESIAN_POINT('',(-2.42393152463,1.0975,0.7475));
#2342=CIRCLE('',#2343,0.25375);
#2343=AXIS2_PLACEMENT_3D('',#2291,#166,#533);
#2344=ORIENTED_EDGE('',*,*,#2345,.T.);
#2345=EDGE_CURVE('',#2340,#890,#2346,.T.);
#2346=LINE('',#2341,#511);
#2347=PLANE('',#2348);
#2348=AXIS2_PLACEMENT_3D('',#2349,#166,#13);
#2349=CARTESIAN_POINT('',(-2.644209297858,1.0975,0.365102776976));
#2350=ADVANCED_FACE('',(#2351),#658,.F.);
#2351=FACE_BOUND('',#2352,.F.);
#2352=EDGE_LOOP('',(#2353,#2354,#2360,#2364));
#2353=ORIENTED_EDGE('',*,*,#902,.T.);
#2354=ORIENTED_EDGE('',*,*,#2355,.T.);
#2355=EDGE_CURVE('',#897,#2356,#2358,.T.);
#2356=VERTEX_POINT('',#2357);
#2357=CARTESIAN_POINT('',(-2.15,1.5025,0.7475));
#2358=LINE('',#2359,#511);
#2359=CARTESIAN_POINT('',(-2.42393152463,1.5025,0.7475));
#2360=ORIENTED_EDGE('',*,*,#2361,.F.);
#2361=EDGE_CURVE('',#2362,#2356,#1330,.T.);
#2362=VERTEX_POINT('',#2363);
#2363=CARTESIAN_POINT('',(-2.15,1.0975,0.7475));
#2364=ORIENTED_EDGE('',*,*,#2365,.F.);
#2365=EDGE_CURVE('',#890,#2362,#2346,.T.);
#2366=ADVANCED_FACE('',(#2367),#2423,.F.);
#2367=FACE_BOUND('',#2368,.F.);
#2368=EDGE_LOOP('',(#2369,#2370,#2371,#2378,#2383,#2390,#2395,#2400,#2405,#2411,#2416,#2421));
#2369=ORIENTED_EDGE('',*,*,#896,.F.);
#2370=ORIENTED_EDGE('',*,*,#907,.T.);
#2371=ORIENTED_EDGE('',*,*,#2372,.T.);
#2372=EDGE_CURVE('',#908,#2373,#2375,.T.);
#2373=VERTEX_POINT('',#2374);
#2374=CARTESIAN_POINT('',(-2.53102936777,1.5025,0.512634239321));
#2375=CIRCLE('',#2376,0.10875);
#2376=AXIS2_PLACEMENT_3D('',#2377,#479,#480);
#2377=CARTESIAN_POINT('',(-2.42393152463,1.5025,0.49375));
#2378=ORIENTED_EDGE('',*,*,#2379,.T.);
#2379=EDGE_CURVE('',#2373,#2380,#2382,.T.);
#2380=VERTEX_POINT('',#2381);
#2381=CARTESIAN_POINT('',(-2.578855032673,1.5025,0.209686774917));
#2382=LINE('',#2374,#486);
#2383=ORIENTED_EDGE('',*,*,#2384,.T.);
#2384=EDGE_CURVE('',#2380,#2385,#2387,.T.);
#2385=VERTEX_POINT('',#2386);
#2386=CARTESIAN_POINT('',(-2.82875,1.5025,5.551115123126E-17));
#2387=CIRCLE('',#2388,0.25375);
#2388=AXIS2_PLACEMENT_3D('',#2389,#166,#495);
#2389=CARTESIAN_POINT('',(-2.82875,1.5025,0.25375));
#2390=ORIENTED_EDGE('',*,*,#2391,.T.);
#2391=EDGE_CURVE('',#2385,#2392,#2394,.T.);
#2392=VERTEX_POINT('',#2393);
#2393=CARTESIAN_POINT('',(-3.2,1.5025,5.551115123126E-17));
#2394=LINE('',#2386,#149);
#2395=ORIENTED_EDGE('',*,*,#2396,.T.);
#2396=EDGE_CURVE('',#2392,#2397,#2399,.T.);
#2397=VERTEX_POINT('',#2398);
#2398=CARTESIAN_POINT('',(-3.2,1.5025,0.145));
#2399=LINE('',#2393,#398);
#2400=ORIENTED_EDGE('',*,*,#2401,.T.);
#2401=EDGE_CURVE('',#2397,#2402,#2404,.T.);
#2402=VERTEX_POINT('',#2403);
#2403=CARTESIAN_POINT('',(-2.82875,1.5025,0.145));
#2404=LINE('',#2398,#511);
#2405=ORIENTED_EDGE('',*,*,#2406,.T.);
#2406=EDGE_CURVE('',#2402,#2407,#2409,.T.);
#2407=VERTEX_POINT('',#2408);
#2408=CARTESIAN_POINT('',(-2.72165215686,1.5025,0.234865760679));
#2409=CIRCLE('',#2410,0.10875);
#2410=AXIS2_PLACEMENT_3D('',#2389,#479,#519);
#2411=ORIENTED_EDGE('',*,*,#2412,.T.);
#2412=EDGE_CURVE('',#2407,#2413,#2415,.T.);
#2413=VERTEX_POINT('',#2414);
#2414=CARTESIAN_POINT('',(-2.673826491957,1.5025,0.537813225083));
#2415=LINE('',#2408,#525);
#2416=ORIENTED_EDGE('',*,*,#2417,.T.);
#2417=EDGE_CURVE('',#2413,#2418,#2419,.T.);
#2418=VERTEX_POINT('',#2359);
#2419=CIRCLE('',#2420,0.25375);
#2420=AXIS2_PLACEMENT_3D('',#2377,#166,#533);
#2421=ORIENTED_EDGE('',*,*,#2422,.T.);
#2422=EDGE_CURVE('',#2418,#897,#2358,.T.);
#2423=PLANE('',#2424);
#2424=AXIS2_PLACEMENT_3D('',#2425,#166,#13);
#2425=CARTESIAN_POINT('',(-2.644209297858,1.5025,0.365102776976));
#2426=ADVANCED_FACE('',(#2427),#2441,.F.);
#2427=FACE_BOUND('',#2428,.F.);
#2428=EDGE_LOOP('',(#2429,#2430,#2437,#2440));
#2429=ORIENTED_EDGE('',*,*,#920,.T.);
#2430=ORIENTED_EDGE('',*,*,#2431,.T.);
#2431=EDGE_CURVE('',#915,#2432,#2434,.T.);
#2432=VERTEX_POINT('',#2433);
#2433=CARTESIAN_POINT('',(-2.53102936777,1.7475,0.512634239321));
#2434=CIRCLE('',#2435,0.10875);
#2435=AXIS2_PLACEMENT_3D('',#2436,#479,#480);
#2436=CARTESIAN_POINT('',(-2.42393152463,1.7475,0.49375));
#2437=ORIENTED_EDGE('',*,*,#2438,.F.);
#2438=EDGE_CURVE('',#2373,#2432,#2439,.T.);
#2439=LINE('',#2374,#165);
#2440=ORIENTED_EDGE('',*,*,#2372,.F.);
#2441=CYLINDRICAL_SURFACE('',#2376,0.10875);
#2442=ADVANCED_FACE('',(#2443),#2492,.T.);
#2443=FACE_BOUND('',#2444,.T.);
#2444=EDGE_LOOP('',(#927,#913,#2430,#2445,#2450,#2457,#2462,#2467,#2472,#2478,#2483,#2489));
#2445=ORIENTED_EDGE('',*,*,#2446,.T.);
#2446=EDGE_CURVE('',#2432,#2447,#2449,.T.);
#2447=VERTEX_POINT('',#2448);
#2448=CARTESIAN_POINT('',(-2.578855032673,1.7475,0.209686774917));
#2449=LINE('',#2433,#486);
#2450=ORIENTED_EDGE('',*,*,#2451,.T.);
#2451=EDGE_CURVE('',#2447,#2452,#2454,.T.);
#2452=VERTEX_POINT('',#2453);
#2453=CARTESIAN_POINT('',(-2.82875,1.7475,5.551115123126E-17));
#2454=CIRCLE('',#2455,0.25375);
#2455=AXIS2_PLACEMENT_3D('',#2456,#166,#495);
#2456=CARTESIAN_POINT('',(-2.82875,1.7475,0.25375));
#2457=ORIENTED_EDGE('',*,*,#2458,.T.);
#2458=EDGE_CURVE('',#2452,#2459,#2461,.T.);
#2459=VERTEX_POINT('',#2460);
#2460=CARTESIAN_POINT('',(-3.2,1.7475,5.551115123126E-17));
#2461=LINE('',#2453,#149);
#2462=ORIENTED_EDGE('',*,*,#2463,.T.);
#2463=EDGE_CURVE('',#2459,#2464,#2466,.T.);
#2464=VERTEX_POINT('',#2465);
#2465=CARTESIAN_POINT('',(-3.2,1.7475,0.145));
#2466=LINE('',#2460,#398);
#2467=ORIENTED_EDGE('',*,*,#2468,.T.);
#2468=EDGE_CURVE('',#2464,#2469,#2471,.T.);
#2469=VERTEX_POINT('',#2470);
#2470=CARTESIAN_POINT('',(-2.82875,1.7475,0.145));
#2471=LINE('',#2465,#511);
#2472=ORIENTED_EDGE('',*,*,#2473,.T.);
#2473=EDGE_CURVE('',#2469,#2474,#2476,.T.);
#2474=VERTEX_POINT('',#2475);
#2475=CARTESIAN_POINT('',(-2.72165215686,1.7475,0.234865760679));
#2476=CIRCLE('',#2477,0.10875);
#2477=AXIS2_PLACEMENT_3D('',#2456,#479,#519);
#2478=ORIENTED_EDGE('',*,*,#2479,.T.);
#2479=EDGE_CURVE('',#2474,#2480,#2482,.T.);
#2480=VERTEX_POINT('',#2481);
#2481=CARTESIAN_POINT('',(-2.673826491957,1.7475,0.537813225083));
#2482=LINE('',#2475,#525);
#2483=ORIENTED_EDGE('',*,*,#2484,.T.);
#2484=EDGE_CURVE('',#2480,#2485,#2487,.T.);
#2485=VERTEX_POINT('',#2486);
#2486=CARTESIAN_POINT('',(-2.42393152463,1.7475,0.7475));
#2487=CIRCLE('',#2488,0.25375);
#2488=AXIS2_PLACEMENT_3D('',#2436,#166,#533);
#2489=ORIENTED_EDGE('',*,*,#2490,.T.);
#2490=EDGE_CURVE('',#2485,#929,#2491,.T.);
#2491=LINE('',#2486,#511);
#2492=PLANE('',#2493);
#2493=AXIS2_PLACEMENT_3D('',#2494,#166,#13);
#2494=CARTESIAN_POINT('',(-2.644209297858,1.7475,0.365102776976));
#2495=ADVANCED_FACE('',(#2496),#658,.F.);
#2496=FACE_BOUND('',#2497,.F.);
#2497=EDGE_LOOP('',(#2498,#2499,#2500,#2504));
#2498=ORIENTED_EDGE('',*,*,#936,.T.);
#2499=ORIENTED_EDGE('',*,*,#1333,.T.);
#2500=ORIENTED_EDGE('',*,*,#2501,.F.);
#2501=EDGE_CURVE('',#2502,#1328,#1330,.T.);
#2502=VERTEX_POINT('',#2503);
#2503=CARTESIAN_POINT('',(-2.15,1.7475,0.7475));
#2504=ORIENTED_EDGE('',*,*,#2505,.F.);
#2505=EDGE_CURVE('',#929,#2502,#2491,.T.);
#2506=ADVANCED_FACE('',(#2507),#658,.F.);
#2507=FACE_BOUND('',#2508,.F.);
#2508=EDGE_LOOP('',(#2509,#2510,#2514,#2519,#2524,#2529,#2535,#2541,#2545,#2546));
#2509=ORIENTED_EDGE('',*,*,#955,.T.);
#2510=ORIENTED_EDGE('',*,*,#2511,.T.);
#2511=EDGE_CURVE('',#948,#2512,#1552,.T.);
#2512=VERTEX_POINT('',#2513);
#2513=CARTESIAN_POINT('',(-2.1,-2.3975,0.7475));
#2514=ORIENTED_EDGE('',*,*,#2515,.T.);
#2515=EDGE_CURVE('',#2512,#2516,#2518,.T.);
#2516=VERTEX_POINT('',#2517);
#2517=CARTESIAN_POINT('',(-2.1,-2.3775,0.7475));
#2518=LINE('',#2513,#165);
#2519=ORIENTED_EDGE('',*,*,#2520,.F.);
#2520=EDGE_CURVE('',#2521,#2516,#2523,.T.);
#2521=VERTEX_POINT('',#2522);
#2522=CARTESIAN_POINT('',(-2.0275,-2.45,0.7475));
#2523=LINE('',#2522,#63);
#2524=ORIENTED_EDGE('',*,*,#2525,.F.);
#2525=EDGE_CURVE('',#2526,#2521,#2528,.T.);
#2526=VERTEX_POINT('',#2527);
#2527=CARTESIAN_POINT('',(2.0275,-2.45,0.7475));
#2528=LINE('',#2527,#70);
#2529=ORIENTED_EDGE('',*,*,#2530,.F.);
#2530=EDGE_CURVE('',#2531,#2526,#2533,.T.);
#2531=VERTEX_POINT('',#2532);
#2532=CARTESIAN_POINT('',(2.1,-2.3775,0.7475));
#2533=LINE('',#2534,#77);
#2534=CARTESIAN_POINT('',(2.15,-2.3275,0.7475));
#2535=ORIENTED_EDGE('',*,*,#2536,.T.);
#2536=EDGE_CURVE('',#2531,#2537,#2539,.T.);
#2537=VERTEX_POINT('',#2538);
#2538=CARTESIAN_POINT('',(2.1,-2.3975,0.7475));
#2539=LINE('',#2540,#636);
#2540=CARTESIAN_POINT('',(2.1,-2.1525,0.7475));
#2541=ORIENTED_EDGE('',*,*,#2542,.F.);
#2542=EDGE_CURVE('',#1295,#2537,#2543,.T.);
#2543=LINE('',#2544,#629);
#2544=CARTESIAN_POINT('',(2.42393152463,-2.3975,0.7475));
#2545=ORIENTED_EDGE('',*,*,#1302,.T.);
#2546=ORIENTED_EDGE('',*,*,#1002,.T.);
#2547=ADVANCED_FACE('',(#2548),#2611,.F.);
#2548=FACE_BOUND('',#2549,.F.);
#2549=EDGE_LOOP('',(#2550,#2551,#2552,#2561,#2568,#2576,#2581,#2586,#2591,#2598,#2605,#2610));
#2550=ORIENTED_EDGE('',*,*,#966,.F.);
#2551=ORIENTED_EDGE('',*,*,#976,.T.);
#2552=ORIENTED_EDGE('',*,*,#2553,.T.);
#2553=EDGE_CURVE('',#977,#2554,#2556,.T.);
#2554=VERTEX_POINT('',#2555);
#2555=CARTESIAN_POINT('',(2.53102936777,2.3975,0.512634239321));
#2556=CIRCLE('',#2557,0.10875);
#2557=AXIS2_PLACEMENT_3D('',#2558,#2559,#2560);
#2558=CARTESIAN_POINT('',(2.42393152463,2.3975,0.49375));
#2559=DIRECTION('',(-1.110223024625E-16,1.,0.));
#2560=DIRECTION('',(5.104473676437E-16,5.667104204174E-32,1.));
#2561=ORIENTED_EDGE('',*,*,#2562,.T.);
#2562=EDGE_CURVE('',#2554,#2563,#2565,.T.);
#2563=VERTEX_POINT('',#2564);
#2564=CARTESIAN_POINT('',(2.578855032673,2.3975,0.209686774917));
#2565=LINE('',#2555,#2566);
#2566=VECTOR('',#2567,1.);
#2567=DIRECTION('',(0.155936661597,1.731244720877E-17,-0.98776705633));
#2568=ORIENTED_EDGE('',*,*,#2569,.T.);
#2569=EDGE_CURVE('',#2563,#2570,#2572,.T.);
#2570=VERTEX_POINT('',#2571);
#2571=CARTESIAN_POINT('',(2.82875,2.3975,5.551115123126E-17));
#2572=CIRCLE('',#2573,0.25375);
#2573=AXIS2_PLACEMENT_3D('',#2574,#637,#2575);
#2574=CARTESIAN_POINT('',(2.82875,2.3975,0.25375));
#2575=DIRECTION('',(-0.984807753012,-1.093356242224E-16,-0.173648177667));
#2576=ORIENTED_EDGE('',*,*,#2577,.T.);
#2577=EDGE_CURVE('',#2570,#2578,#2580,.T.);
#2578=VERTEX_POINT('',#2579);
#2579=CARTESIAN_POINT('',(3.2,2.3975,5.551115123126E-17));
#2580=LINE('',#2571,#981);
#2581=ORIENTED_EDGE('',*,*,#2582,.T.);
#2582=EDGE_CURVE('',#2578,#2583,#2585,.T.);
#2583=VERTEX_POINT('',#2584);
#2584=CARTESIAN_POINT('',(3.2,2.3975,0.145));
#2585=LINE('',#2579,#398);
#2586=ORIENTED_EDGE('',*,*,#2587,.T.);
#2587=EDGE_CURVE('',#2583,#2588,#2590,.T.);
#2588=VERTEX_POINT('',#2589);
#2589=CARTESIAN_POINT('',(2.82875,2.3975,0.145));
#2590=LINE('',#2584,#629);
#2591=ORIENTED_EDGE('',*,*,#2592,.T.);
#2592=EDGE_CURVE('',#2588,#2593,#2595,.T.);
#2593=VERTEX_POINT('',#2594);
#2594=CARTESIAN_POINT('',(2.72165215686,2.3975,0.234865760679));
#2595=CIRCLE('',#2596,0.10875);
#2596=AXIS2_PLACEMENT_3D('',#2574,#2559,#2597);
#2597=DIRECTION('',(-1.020894735287E-15,-1.133420840835E-31,-1.));
#2598=ORIENTED_EDGE('',*,*,#2599,.T.);
#2599=EDGE_CURVE('',#2593,#2600,#2602,.T.);
#2600=VERTEX_POINT('',#2601);
#2601=CARTESIAN_POINT('',(2.673826491957,2.3975,0.537813225083));
#2602=LINE('',#2594,#2603);
#2603=VECTOR('',#2604,1.);
#2604=DIRECTION('',(-0.155936661597,-1.731244720877E-17,0.98776705633));
#2605=ORIENTED_EDGE('',*,*,#2606,.T.);
#2606=EDGE_CURVE('',#2600,#1473,#2607,.T.);
#2607=CIRCLE('',#2608,0.25375);
#2608=AXIS2_PLACEMENT_3D('',#2558,#637,#2609);
#2609=DIRECTION('',(0.984807753012,1.093356242224E-16,0.173648177667));
#2610=ORIENTED_EDGE('',*,*,#1472,.T.);
#2611=PLANE('',#2612);
#2612=AXIS2_PLACEMENT_3D('',#2613,#637,#13);
#2613=CARTESIAN_POINT('',(2.644209297858,2.3975,0.365102776976));
#2614=ADVANCED_FACE('',(#2615),#2629,.F.);
#2615=FACE_BOUND('',#2616,.F.);
#2616=EDGE_LOOP('',(#2617,#2618,#2625,#2628));
#2617=ORIENTED_EDGE('',*,*,#992,.T.);
#2618=ORIENTED_EDGE('',*,*,#2619,.T.);
#2619=EDGE_CURVE('',#987,#2620,#2622,.T.);
#2620=VERTEX_POINT('',#2621);
#2621=CARTESIAN_POINT('',(2.53102936777,2.1525,0.512634239321));
#2622=CIRCLE('',#2623,0.10875);
#2623=AXIS2_PLACEMENT_3D('',#2624,#2559,#2560);
#2624=CARTESIAN_POINT('',(2.42393152463,2.1525,0.49375));
#2625=ORIENTED_EDGE('',*,*,#2626,.F.);
#2626=EDGE_CURVE('',#2554,#2620,#2627,.T.);
#2627=LINE('',#2555,#636);
#2628=ORIENTED_EDGE('',*,*,#2553,.F.);
#2629=CYLINDRICAL_SURFACE('',#2557,0.10875);
#2630=ADVANCED_FACE('',(#2631),#2675,.T.);
#2631=FACE_BOUND('',#2632,.T.);
#2632=EDGE_LOOP('',(#1015,#985,#2618,#2633,#2638,#2645,#2650,#2655,#2660,#2666,#2671,#1479));
#2633=ORIENTED_EDGE('',*,*,#2634,.T.);
#2634=EDGE_CURVE('',#2620,#2635,#2637,.T.);
#2635=VERTEX_POINT('',#2636);
#2636=CARTESIAN_POINT('',(2.578855032673,2.1525,0.209686774917));
#2637=LINE('',#2621,#2566);
#2638=ORIENTED_EDGE('',*,*,#2639,.T.);
#2639=EDGE_CURVE('',#2635,#2640,#2642,.T.);
#2640=VERTEX_POINT('',#2641);
#2641=CARTESIAN_POINT('',(2.82875,2.1525,5.551115123126E-17));
#2642=CIRCLE('',#2643,0.25375);
#2643=AXIS2_PLACEMENT_3D('',#2644,#637,#2575);
#2644=CARTESIAN_POINT('',(2.82875,2.1525,0.25375));
#2645=ORIENTED_EDGE('',*,*,#2646,.T.);
#2646=EDGE_CURVE('',#2640,#2647,#2649,.T.);
#2647=VERTEX_POINT('',#2648);
#2648=CARTESIAN_POINT('',(3.2,2.1525,5.551115123126E-17));
#2649=LINE('',#2641,#981);
#2650=ORIENTED_EDGE('',*,*,#2651,.T.);
#2651=EDGE_CURVE('',#2647,#2652,#2654,.T.);
#2652=VERTEX_POINT('',#2653);
#2653=CARTESIAN_POINT('',(3.2,2.1525,0.145));
#2654=LINE('',#2648,#398);
#2655=ORIENTED_EDGE('',*,*,#2656,.T.);
#2656=EDGE_CURVE('',#2652,#2657,#2659,.T.);
#2657=VERTEX_POINT('',#2658);
#2658=CARTESIAN_POINT('',(2.82875,2.1525,0.145));
#2659=LINE('',#2653,#629);
#2660=ORIENTED_EDGE('',*,*,#2661,.T.);
#2661=EDGE_CURVE('',#2657,#2662,#2664,.T.);
#2662=VERTEX_POINT('',#2663);
#2663=CARTESIAN_POINT('',(2.72165215686,2.1525,0.234865760679));
#2664=CIRCLE('',#2665,0.10875);
#2665=AXIS2_PLACEMENT_3D('',#2644,#2559,#2597);
#2666=ORIENTED_EDGE('',*,*,#2667,.T.);
#2667=EDGE_CURVE('',#2662,#2668,#2670,.T.);
#2668=VERTEX_POINT('',#2669);
#2669=CARTESIAN_POINT('',(2.673826491957,2.1525,0.537813225083));
#2670=LINE('',#2663,#2603);
#2671=ORIENTED_EDGE('',*,*,#2672,.T.);
#2672=EDGE_CURVE('',#2668,#1476,#2673,.T.);
#2673=CIRCLE('',#2674,0.25375);
#2674=AXIS2_PLACEMENT_3D('',#2624,#637,#2609);
#2675=PLANE('',#2676);
#2676=AXIS2_PLACEMENT_3D('',#2677,#637,#13);
#2677=CARTESIAN_POINT('',(2.644209297858,2.1525,0.365102776976));
#2678=ADVANCED_FACE('',(#2679),#658,.F.);
#2679=FACE_BOUND('',#2680,.F.);
#2680=EDGE_LOOP('',(#2681,#2682,#2683,#2689));
#2681=ORIENTED_EDGE('',*,*,#1483,.F.);
#2682=ORIENTED_EDGE('',*,*,#1029,.T.);
#2683=ORIENTED_EDGE('',*,*,#2684,.T.);
#2684=EDGE_CURVE('',#1024,#2685,#2687,.T.);
#2685=VERTEX_POINT('',#2686);
#2686=CARTESIAN_POINT('',(2.15,1.7475,0.7475));
#2687=LINE('',#2688,#629);
#2688=CARTESIAN_POINT('',(2.42393152463,1.7475,0.7475));
#2689=ORIENTED_EDGE('',*,*,#2690,.F.);
#2690=EDGE_CURVE('',#1484,#2685,#1488,.T.);
#2691=ADVANCED_FACE('',(#2692),#2748,.F.);
#2692=FACE_BOUND('',#2693,.F.);
#2693=EDGE_LOOP('',(#2694,#2695,#2696,#2703,#2708,#2715,#2720,#2725,#2730,#2736,#2741,#2746));
#2694=ORIENTED_EDGE('',*,*,#1023,.F.);
#2695=ORIENTED_EDGE('',*,*,#1038,.T.);
#2696=ORIENTED_EDGE('',*,*,#2697,.T.);
#2697=EDGE_CURVE('',#1039,#2698,#2700,.T.);
#2698=VERTEX_POINT('',#2699);
#2699=CARTESIAN_POINT('',(2.53102936777,1.7475,0.512634239321));
#2700=CIRCLE('',#2701,0.10875);
#2701=AXIS2_PLACEMENT_3D('',#2702,#2559,#2560);
#2702=CARTESIAN_POINT('',(2.42393152463,1.7475,0.49375));
#2703=ORIENTED_EDGE('',*,*,#2704,.T.);
#2704=EDGE_CURVE('',#2698,#2705,#2707,.T.);
#2705=VERTEX_POINT('',#2706);
#2706=CARTESIAN_POINT('',(2.578855032673,1.7475,0.209686774917));
#2707=LINE('',#2699,#2566);
#2708=ORIENTED_EDGE('',*,*,#2709,.T.);
#2709=EDGE_CURVE('',#2705,#2710,#2712,.T.);
#2710=VERTEX_POINT('',#2711);
#2711=CARTESIAN_POINT('',(2.82875,1.7475,5.551115123126E-17));
#2712=CIRCLE('',#2713,0.25375);
#2713=AXIS2_PLACEMENT_3D('',#2714,#637,#2575);
#2714=CARTESIAN_POINT('',(2.82875,1.7475,0.25375));
#2715=ORIENTED_EDGE('',*,*,#2716,.T.);
#2716=EDGE_CURVE('',#2710,#2717,#2719,.T.);
#2717=VERTEX_POINT('',#2718);
#2718=CARTESIAN_POINT('',(3.2,1.7475,5.551115123126E-17));
#2719=LINE('',#2711,#981);
#2720=ORIENTED_EDGE('',*,*,#2721,.T.);
#2721=EDGE_CURVE('',#2717,#2722,#2724,.T.);
#2722=VERTEX_POINT('',#2723);
#2723=CARTESIAN_POINT('',(3.2,1.7475,0.145));
#2724=LINE('',#2718,#398);
#2725=ORIENTED_EDGE('',*,*,#2726,.T.);
#2726=EDGE_CURVE('',#2722,#2727,#2729,.T.);
#2727=VERTEX_POINT('',#2728);
#2728=CARTESIAN_POINT('',(2.82875,1.7475,0.145));
#2729=LINE('',#2723,#629);
#2730=ORIENTED_EDGE('',*,*,#2731,.T.);
#2731=EDGE_CURVE('',#2727,#2732,#2734,.T.);
#2732=VERTEX_POINT('',#2733);
#2733=CARTESIAN_POINT('',(2.72165215686,1.7475,0.234865760679));
#2734=CIRCLE('',#2735,0.10875);
#2735=AXIS2_PLACEMENT_3D('',#2714,#2559,#2597);
#2736=ORIENTED_EDGE('',*,*,#2737,.T.);
#2737=EDGE_CURVE('',#2732,#2738,#2740,.T.);
#2738=VERTEX_POINT('',#2739);
#2739=CARTESIAN_POINT('',(2.673826491957,1.7475,0.537813225083));
#2740=LINE('',#2733,#2603);
#2741=ORIENTED_EDGE('',*,*,#2742,.T.);
#2742=EDGE_CURVE('',#2738,#2743,#2744,.T.);
#2743=VERTEX_POINT('',#2688);
#2744=CIRCLE('',#2745,0.25375);
#2745=AXIS2_PLACEMENT_3D('',#2702,#637,#2609);
#2746=ORIENTED_EDGE('',*,*,#2747,.T.);
#2747=EDGE_CURVE('',#2743,#1024,#2687,.T.);
#2748=PLANE('',#2749);
#2749=AXIS2_PLACEMENT_3D('',#2750,#637,#13);
#2750=CARTESIAN_POINT('',(2.644209297858,1.7475,0.365102776976));
#2751=ADVANCED_FACE('',(#2752),#2766,.F.);
#2752=FACE_BOUND('',#2753,.F.);
#2753=EDGE_LOOP('',(#2754,#2755,#2762,#2765));
#2754=ORIENTED_EDGE('',*,*,#1051,.T.);
#2755=ORIENTED_EDGE('',*,*,#2756,.T.);
#2756=EDGE_CURVE('',#1046,#2757,#2759,.T.);
#2757=VERTEX_POINT('',#2758);
#2758=CARTESIAN_POINT('',(2.53102936777,1.5025,0.512634239321));
#2759=CIRCLE('',#2760,0.10875);
#2760=AXIS2_PLACEMENT_3D('',#2761,#2559,#2560);
#2761=CARTESIAN_POINT('',(2.42393152463,1.5025,0.49375));
#2762=ORIENTED_EDGE('',*,*,#2763,.F.);
#2763=EDGE_CURVE('',#2698,#2757,#2764,.T.);
#2764=LINE('',#2699,#636);
#2765=ORIENTED_EDGE('',*,*,#2697,.F.);
#2766=CYLINDRICAL_SURFACE('',#2701,0.10875);
#2767=ADVANCED_FACE('',(#2768),#2817,.T.);
#2768=FACE_BOUND('',#2769,.T.);
#2769=EDGE_LOOP('',(#1058,#1044,#2755,#2770,#2775,#2782,#2787,#2792,#2797,#2803,#2808,#2814));
#2770=ORIENTED_EDGE('',*,*,#2771,.T.);
#2771=EDGE_CURVE('',#2757,#2772,#2774,.T.);
#2772=VERTEX_POINT('',#2773);
#2773=CARTESIAN_POINT('',(2.578855032673,1.5025,0.209686774917));
#2774=LINE('',#2758,#2566);
#2775=ORIENTED_EDGE('',*,*,#2776,.T.);
#2776=EDGE_CURVE('',#2772,#2777,#2779,.T.);
#2777=VERTEX_POINT('',#2778);
#2778=CARTESIAN_POINT('',(2.82875,1.5025,5.551115123126E-17));
#2779=CIRCLE('',#2780,0.25375);
#2780=AXIS2_PLACEMENT_3D('',#2781,#637,#2575);
#2781=CARTESIAN_POINT('',(2.82875,1.5025,0.25375));
#2782=ORIENTED_EDGE('',*,*,#2783,.T.);
#2783=EDGE_CURVE('',#2777,#2784,#2786,.T.);
#2784=VERTEX_POINT('',#2785);
#2785=CARTESIAN_POINT('',(3.2,1.5025,5.551115123126E-17));
#2786=LINE('',#2778,#981);
#2787=ORIENTED_EDGE('',*,*,#2788,.T.);
#2788=EDGE_CURVE('',#2784,#2789,#2791,.T.);
#2789=VERTEX_POINT('',#2790);
#2790=CARTESIAN_POINT('',(3.2,1.5025,0.145));
#2791=LINE('',#2785,#398);
#2792=ORIENTED_EDGE('',*,*,#2793,.T.);
#2793=EDGE_CURVE('',#2789,#2794,#2796,.T.);
#2794=VERTEX_POINT('',#2795);
#2795=CARTESIAN_POINT('',(2.82875,1.5025,0.145));
#2796=LINE('',#2790,#629);
#2797=ORIENTED_EDGE('',*,*,#2798,.T.);
#2798=EDGE_CURVE('',#2794,#2799,#2801,.T.);
#2799=VERTEX_POINT('',#2800);
#2800=CARTESIAN_POINT('',(2.72165215686,1.5025,0.234865760679));
#2801=CIRCLE('',#2802,0.10875);
#2802=AXIS2_PLACEMENT_3D('',#2781,#2559,#2597);
#2803=ORIENTED_EDGE('',*,*,#2804,.T.);
#2804=EDGE_CURVE('',#2799,#2805,#2807,.T.);
#2805=VERTEX_POINT('',#2806);
#2806=CARTESIAN_POINT('',(2.673826491957,1.5025,0.537813225083));
#2807=LINE('',#2800,#2603);
#2808=ORIENTED_EDGE('',*,*,#2809,.T.);
#2809=EDGE_CURVE('',#2805,#2810,#2812,.T.);
#2810=VERTEX_POINT('',#2811);
#2811=CARTESIAN_POINT('',(2.42393152463,1.5025,0.7475));
#2812=CIRCLE('',#2813,0.25375);
#2813=AXIS2_PLACEMENT_3D('',#2761,#637,#2609);
#2814=ORIENTED_EDGE('',*,*,#2815,.T.);
#2815=EDGE_CURVE('',#2810,#1060,#2816,.T.);
#2816=LINE('',#2811,#629);
#2817=PLANE('',#2818);
#2818=AXIS2_PLACEMENT_3D('',#2819,#637,#13);
#2819=CARTESIAN_POINT('',(2.644209297858,1.5025,0.365102776976));
#2820=ADVANCED_FACE('',(#2821),#658,.F.);
#2821=FACE_BOUND('',#2822,.F.);
#2822=EDGE_LOOP('',(#2823,#2827,#2828,#2834));
#2823=ORIENTED_EDGE('',*,*,#2824,.F.);
#2824=EDGE_CURVE('',#1060,#2825,#2816,.T.);
#2825=VERTEX_POINT('',#2826);
#2826=CARTESIAN_POINT('',(2.15,1.5025,0.7475));
#2827=ORIENTED_EDGE('',*,*,#1072,.T.);
#2828=ORIENTED_EDGE('',*,*,#2829,.T.);
#2829=EDGE_CURVE('',#1067,#2830,#2832,.T.);
#2830=VERTEX_POINT('',#2831);
#2831=CARTESIAN_POINT('',(2.15,1.0975,0.7475));
#2832=LINE('',#2833,#629);
#2833=CARTESIAN_POINT('',(2.42393152463,1.0975,0.7475));
#2834=ORIENTED_EDGE('',*,*,#2835,.F.);
#2835=EDGE_CURVE('',#2825,#2830,#1488,.T.);
#2836=ADVANCED_FACE('',(#2837),#2893,.F.);
#2837=FACE_BOUND('',#2838,.F.);
#2838=EDGE_LOOP('',(#2839,#2840,#2841,#2848,#2853,#2860,#2865,#2870,#2875,#2881,#2886,#2891));
#2839=ORIENTED_EDGE('',*,*,#1066,.F.);
#2840=ORIENTED_EDGE('',*,*,#1077,.T.);
#2841=ORIENTED_EDGE('',*,*,#2842,.T.);
#2842=EDGE_CURVE('',#1078,#2843,#2845,.T.);
#2843=VERTEX_POINT('',#2844);
#2844=CARTESIAN_POINT('',(2.53102936777,1.0975,0.512634239321));
#2845=CIRCLE('',#2846,0.10875);
#2846=AXIS2_PLACEMENT_3D('',#2847,#2559,#2560);
#2847=CARTESIAN_POINT('',(2.42393152463,1.0975,0.49375));
#2848=ORIENTED_EDGE('',*,*,#2849,.T.);
#2849=EDGE_CURVE('',#2843,#2850,#2852,.T.);
#2850=VERTEX_POINT('',#2851);
#2851=CARTESIAN_POINT('',(2.578855032673,1.0975,0.209686774917));
#2852=LINE('',#2844,#2566);
#2853=ORIENTED_EDGE('',*,*,#2854,.T.);
#2854=EDGE_CURVE('',#2850,#2855,#2857,.T.);
#2855=VERTEX_POINT('',#2856);
#2856=CARTESIAN_POINT('',(2.82875,1.0975,5.551115123126E-17));
#2857=CIRCLE('',#2858,0.25375);
#2858=AXIS2_PLACEMENT_3D('',#2859,#637,#2575);
#2859=CARTESIAN_POINT('',(2.82875,1.0975,0.25375));
#2860=ORIENTED_EDGE('',*,*,#2861,.T.);
#2861=EDGE_CURVE('',#2855,#2862,#2864,.T.);
#2862=VERTEX_POINT('',#2863);
#2863=CARTESIAN_POINT('',(3.2,1.0975,5.551115123126E-17));
#2864=LINE('',#2856,#981);
#2865=ORIENTED_EDGE('',*,*,#2866,.T.);
#2866=EDGE_CURVE('',#2862,#2867,#2869,.T.);
#2867=VERTEX_POINT('',#2868);
#2868=CARTESIAN_POINT('',(3.2,1.0975,0.145));
#2869=LINE('',#2863,#398);
#2870=ORIENTED_EDGE('',*,*,#2871,.T.);
#2871=EDGE_CURVE('',#2867,#2872,#2874,.T.);
#2872=VERTEX_POINT('',#2873);
#2873=CARTESIAN_POINT('',(2.82875,1.0975,0.145));
#2874=LINE('',#2868,#629);
#2875=ORIENTED_EDGE('',*,*,#2876,.T.);
#2876=EDGE_CURVE('',#2872,#2877,#2879,.T.);
#2877=VERTEX_POINT('',#2878);
#2878=CARTESIAN_POINT('',(2.72165215686,1.0975,0.234865760679));
#2879=CIRCLE('',#2880,0.10875);
#2880=AXIS2_PLACEMENT_3D('',#2859,#2559,#2597);
#2881=ORIENTED_EDGE('',*,*,#2882,.T.);
#2882=EDGE_CURVE('',#2877,#2883,#2885,.T.);
#2883=VERTEX_POINT('',#2884);
#2884=CARTESIAN_POINT('',(2.673826491957,1.0975,0.537813225083));
#2885=LINE('',#2878,#2603);
#2886=ORIENTED_EDGE('',*,*,#2887,.T.);
#2887=EDGE_CURVE('',#2883,#2888,#2889,.T.);
#2888=VERTEX_POINT('',#2833);
#2889=CIRCLE('',#2890,0.25375);
#2890=AXIS2_PLACEMENT_3D('',#2847,#637,#2609);
#2891=ORIENTED_EDGE('',*,*,#2892,.T.);
#2892=EDGE_CURVE('',#2888,#1067,#2832,.T.);
#2893=PLANE('',#2894);
#2894=AXIS2_PLACEMENT_3D('',#2895,#637,#13);
#2895=CARTESIAN_POINT('',(2.644209297858,1.0975,0.365102776976));
#2896=ADVANCED_FACE('',(#2897),#2911,.F.);
#2897=FACE_BOUND('',#2898,.F.);
#2898=EDGE_LOOP('',(#2899,#2900,#2907,#2910));
#2899=ORIENTED_EDGE('',*,*,#1090,.T.);
#2900=ORIENTED_EDGE('',*,*,#2901,.T.);
#2901=EDGE_CURVE('',#1085,#2902,#2904,.T.);
#2902=VERTEX_POINT('',#2903);
#2903=CARTESIAN_POINT('',(2.53102936777,0.8525,0.512634239321));
#2904=CIRCLE('',#2905,0.10875);
#2905=AXIS2_PLACEMENT_3D('',#2906,#2559,#2560);
#2906=CARTESIAN_POINT('',(2.42393152463,0.8525,0.49375));
#2907=ORIENTED_EDGE('',*,*,#2908,.F.);
#2908=EDGE_CURVE('',#2843,#2902,#2909,.T.);
#2909=LINE('',#2844,#636);
#2910=ORIENTED_EDGE('',*,*,#2842,.F.);
#2911=CYLINDRICAL_SURFACE('',#2846,0.10875);
#2912=ADVANCED_FACE('',(#2913),#2962,.T.);
#2913=FACE_BOUND('',#2914,.T.);
#2914=EDGE_LOOP('',(#1097,#1083,#2900,#2915,#2920,#2927,#2932,#2937,#2942,#2948,#2953,#2959));
#2915=ORIENTED_EDGE('',*,*,#2916,.T.);
#2916=EDGE_CURVE('',#2902,#2917,#2919,.T.);
#2917=VERTEX_POINT('',#2918);
#2918=CARTESIAN_POINT('',(2.578855032673,0.8525,0.209686774917));
#2919=LINE('',#2903,#2566);
#2920=ORIENTED_EDGE('',*,*,#2921,.T.);
#2921=EDGE_CURVE('',#2917,#2922,#2924,.T.);
#2922=VERTEX_POINT('',#2923);
#2923=CARTESIAN_POINT('',(2.82875,0.8525,5.551115123126E-17));
#2924=CIRCLE('',#2925,0.25375);
#2925=AXIS2_PLACEMENT_3D('',#2926,#637,#2575);
#2926=CARTESIAN_POINT('',(2.82875,0.8525,0.25375));
#2927=ORIENTED_EDGE('',*,*,#2928,.T.);
#2928=EDGE_CURVE('',#2922,#2929,#2931,.T.);
#2929=VERTEX_POINT('',#2930);
#2930=CARTESIAN_POINT('',(3.2,0.8525,5.551115123126E-17));
#2931=LINE('',#2923,#981);
#2932=ORIENTED_EDGE('',*,*,#2933,.T.);
#2933=EDGE_CURVE('',#2929,#2934,#2936,.T.);
#2934=VERTEX_POINT('',#2935);
#2935=CARTESIAN_POINT('',(3.2,0.8525,0.145));
#2936=LINE('',#2930,#398);
#2937=ORIENTED_EDGE('',*,*,#2938,.T.);
#2938=EDGE_CURVE('',#2934,#2939,#2941,.T.);
#2939=VERTEX_POINT('',#2940);
#2940=CARTESIAN_POINT('',(2.82875,0.8525,0.145));
#2941=LINE('',#2935,#629);
#2942=ORIENTED_EDGE('',*,*,#2943,.T.);
#2943=EDGE_CURVE('',#2939,#2944,#2946,.T.);
#2944=VERTEX_POINT('',#2945);
#2945=CARTESIAN_POINT('',(2.72165215686,0.8525,0.234865760679));
#2946=CIRCLE('',#2947,0.10875);
#2947=AXIS2_PLACEMENT_3D('',#2926,#2559,#2597);
#2948=ORIENTED_EDGE('',*,*,#2949,.T.);
#2949=EDGE_CURVE('',#2944,#2950,#2952,.T.);
#2950=VERTEX_POINT('',#2951);
#2951=CARTESIAN_POINT('',(2.673826491957,0.8525,0.537813225083));
#2952=LINE('',#2945,#2603);
#2953=ORIENTED_EDGE('',*,*,#2954,.T.);
#2954=EDGE_CURVE('',#2950,#2955,#2957,.T.);
#2955=VERTEX_POINT('',#2956);
#2956=CARTESIAN_POINT('',(2.42393152463,0.8525,0.7475));
#2957=CIRCLE('',#2958,0.25375);
#2958=AXIS2_PLACEMENT_3D('',#2906,#637,#2609);
#2959=ORIENTED_EDGE('',*,*,#2960,.T.);
#2960=EDGE_CURVE('',#2955,#1099,#2961,.T.);
#2961=LINE('',#2956,#629);
#2962=PLANE('',#2963);
#2963=AXIS2_PLACEMENT_3D('',#2964,#637,#13);
#2964=CARTESIAN_POINT('',(2.644209297858,0.8525,0.365102776976));
#2965=ADVANCED_FACE('',(#2966),#658,.F.);
#2966=FACE_BOUND('',#2967,.F.);
#2967=EDGE_LOOP('',(#2968,#2972,#2973,#2979));
#2968=ORIENTED_EDGE('',*,*,#2969,.F.);
#2969=EDGE_CURVE('',#1099,#2970,#2961,.T.);
#2970=VERTEX_POINT('',#2971);
#2971=CARTESIAN_POINT('',(2.15,0.8525,0.7475));
#2972=ORIENTED_EDGE('',*,*,#1111,.T.);
#2973=ORIENTED_EDGE('',*,*,#2974,.T.);
#2974=EDGE_CURVE('',#1106,#2975,#2977,.T.);
#2975=VERTEX_POINT('',#2976);
#2976=CARTESIAN_POINT('',(2.15,0.4475,0.7475));
#2977=LINE('',#2978,#629);
#2978=CARTESIAN_POINT('',(2.42393152463,0.4475,0.7475));
#2979=ORIENTED_EDGE('',*,*,#2980,.F.);
#2980=EDGE_CURVE('',#2970,#2975,#1488,.T.);
#2981=ADVANCED_FACE('',(#2982),#3038,.F.);
#2982=FACE_BOUND('',#2983,.F.);
#2983=EDGE_LOOP('',(#2984,#2985,#2986,#2993,#2998,#3005,#3010,#3015,#3020,#3026,#3031,#3036));
#2984=ORIENTED_EDGE('',*,*,#1105,.F.);
#2985=ORIENTED_EDGE('',*,*,#1116,.T.);
#2986=ORIENTED_EDGE('',*,*,#2987,.T.);
#2987=EDGE_CURVE('',#1117,#2988,#2990,.T.);
#2988=VERTEX_POINT('',#2989);
#2989=CARTESIAN_POINT('',(2.53102936777,0.4475,0.512634239321));
#2990=CIRCLE('',#2991,0.10875);
#2991=AXIS2_PLACEMENT_3D('',#2992,#2559,#2560);
#2992=CARTESIAN_POINT('',(2.42393152463,0.4475,0.49375));
#2993=ORIENTED_EDGE('',*,*,#2994,.T.);
#2994=EDGE_CURVE('',#2988,#2995,#2997,.T.);
#2995=VERTEX_POINT('',#2996);
#2996=CARTESIAN_POINT('',(2.578855032673,0.4475,0.209686774917));
#2997=LINE('',#2989,#2566);
#2998=ORIENTED_EDGE('',*,*,#2999,.T.);
#2999=EDGE_CURVE('',#2995,#3000,#3002,.T.);
#3000=VERTEX_POINT('',#3001);
#3001=CARTESIAN_POINT('',(2.82875,0.4475,5.551115123126E-17));
#3002=CIRCLE('',#3003,0.25375);
#3003=AXIS2_PLACEMENT_3D('',#3004,#637,#2575);
#3004=CARTESIAN_POINT('',(2.82875,0.4475,0.25375));
#3005=ORIENTED_EDGE('',*,*,#3006,.T.);
#3006=EDGE_CURVE('',#3000,#3007,#3009,.T.);
#3007=VERTEX_POINT('',#3008);
#3008=CARTESIAN_POINT('',(3.2,0.4475,5.551115123126E-17));
#3009=LINE('',#3001,#981);
#3010=ORIENTED_EDGE('',*,*,#3011,.T.);
#3011=EDGE_CURVE('',#3007,#3012,#3014,.T.);
#3012=VERTEX_POINT('',#3013);
#3013=CARTESIAN_POINT('',(3.2,0.4475,0.145));
#3014=LINE('',#3008,#398);
#3015=ORIENTED_EDGE('',*,*,#3016,.T.);
#3016=EDGE_CURVE('',#3012,#3017,#3019,.T.);
#3017=VERTEX_POINT('',#3018);
#3018=CARTESIAN_POINT('',(2.82875,0.4475,0.145));
#3019=LINE('',#3013,#629);
#3020=ORIENTED_EDGE('',*,*,#3021,.T.);
#3021=EDGE_CURVE('',#3017,#3022,#3024,.T.);
#3022=VERTEX_POINT('',#3023);
#3023=CARTESIAN_POINT('',(2.72165215686,0.4475,0.234865760679));
#3024=CIRCLE('',#3025,0.10875);
#3025=AXIS2_PLACEMENT_3D('',#3004,#2559,#2597);
#3026=ORIENTED_EDGE('',*,*,#3027,.T.);
#3027=EDGE_CURVE('',#3022,#3028,#3030,.T.);
#3028=VERTEX_POINT('',#3029);
#3029=CARTESIAN_POINT('',(2.673826491957,0.4475,0.537813225083));
#3030=LINE('',#3023,#2603);
#3031=ORIENTED_EDGE('',*,*,#3032,.T.);
#3032=EDGE_CURVE('',#3028,#3033,#3034,.T.);
#3033=VERTEX_POINT('',#2978);
#3034=CIRCLE('',#3035,0.25375);
#3035=AXIS2_PLACEMENT_3D('',#2992,#637,#2609);
#3036=ORIENTED_EDGE('',*,*,#3037,.T.);
#3037=EDGE_CURVE('',#3033,#1106,#2977,.T.);
#3038=PLANE('',#3039);
#3039=AXIS2_PLACEMENT_3D('',#3040,#637,#13);
#3040=CARTESIAN_POINT('',(2.644209297858,0.4475,0.365102776976));
#3041=ADVANCED_FACE('',(#3042),#3056,.F.);
#3042=FACE_BOUND('',#3043,.F.);
#3043=EDGE_LOOP('',(#3044,#3045,#3052,#3055));
#3044=ORIENTED_EDGE('',*,*,#1129,.T.);
#3045=ORIENTED_EDGE('',*,*,#3046,.T.);
#3046=EDGE_CURVE('',#1124,#3047,#3049,.T.);
#3047=VERTEX_POINT('',#3048);
#3048=CARTESIAN_POINT('',(2.53102936777,0.2025,0.512634239321));
#3049=CIRCLE('',#3050,0.10875);
#3050=AXIS2_PLACEMENT_3D('',#3051,#2559,#2560);
#3051=CARTESIAN_POINT('',(2.42393152463,0.2025,0.49375));
#3052=ORIENTED_EDGE('',*,*,#3053,.F.);
#3053=EDGE_CURVE('',#2988,#3047,#3054,.T.);
#3054=LINE('',#2989,#636);
#3055=ORIENTED_EDGE('',*,*,#2987,.F.);
#3056=CYLINDRICAL_SURFACE('',#2991,0.10875);
#3057=ADVANCED_FACE('',(#3058),#3107,.T.);
#3058=FACE_BOUND('',#3059,.T.);
#3059=EDGE_LOOP('',(#1136,#1122,#3045,#3060,#3065,#3072,#3077,#3082,#3087,#3093,#3098,#3104));
#3060=ORIENTED_EDGE('',*,*,#3061,.T.);
#3061=EDGE_CURVE('',#3047,#3062,#3064,.T.);
#3062=VERTEX_POINT('',#3063);
#3063=CARTESIAN_POINT('',(2.578855032673,0.2025,0.209686774917));
#3064=LINE('',#3048,#2566);
#3065=ORIENTED_EDGE('',*,*,#3066,.T.);
#3066=EDGE_CURVE('',#3062,#3067,#3069,.T.);
#3067=VERTEX_POINT('',#3068);
#3068=CARTESIAN_POINT('',(2.82875,0.2025,5.551115123126E-17));
#3069=CIRCLE('',#3070,0.25375);
#3070=AXIS2_PLACEMENT_3D('',#3071,#637,#2575);
#3071=CARTESIAN_POINT('',(2.82875,0.2025,0.25375));
#3072=ORIENTED_EDGE('',*,*,#3073,.T.);
#3073=EDGE_CURVE('',#3067,#3074,#3076,.T.);
#3074=VERTEX_POINT('',#3075);
#3075=CARTESIAN_POINT('',(3.2,0.2025,5.551115123126E-17));
#3076=LINE('',#3068,#981);
#3077=ORIENTED_EDGE('',*,*,#3078,.T.);
#3078=EDGE_CURVE('',#3074,#3079,#3081,.T.);
#3079=VERTEX_POINT('',#3080);
#3080=CARTESIAN_POINT('',(3.2,0.2025,0.145));
#3081=LINE('',#3075,#398);
#3082=ORIENTED_EDGE('',*,*,#3083,.T.);
#3083=EDGE_CURVE('',#3079,#3084,#3086,.T.);
#3084=VERTEX_POINT('',#3085);
#3085=CARTESIAN_POINT('',(2.82875,0.2025,0.145));
#3086=LINE('',#3080,#629);
#3087=ORIENTED_EDGE('',*,*,#3088,.T.);
#3088=EDGE_CURVE('',#3084,#3089,#3091,.T.);
#3089=VERTEX_POINT('',#3090);
#3090=CARTESIAN_POINT('',(2.72165215686,0.2025,0.234865760679));
#3091=CIRCLE('',#3092,0.10875);
#3092=AXIS2_PLACEMENT_3D('',#3071,#2559,#2597);
#3093=ORIENTED_EDGE('',*,*,#3094,.T.);
#3094=EDGE_CURVE('',#3089,#3095,#3097,.T.);
#3095=VERTEX_POINT('',#3096);
#3096=CARTESIAN_POINT('',(2.673826491957,0.2025,0.537813225083));
#3097=LINE('',#3090,#2603);
#3098=ORIENTED_EDGE('',*,*,#3099,.T.);
#3099=EDGE_CURVE('',#3095,#3100,#3102,.T.);
#3100=VERTEX_POINT('',#3101);
#3101=CARTESIAN_POINT('',(2.42393152463,0.2025,0.7475));
#3102=CIRCLE('',#3103,0.25375);
#3103=AXIS2_PLACEMENT_3D('',#3051,#637,#2609);
#3104=ORIENTED_EDGE('',*,*,#3105,.T.);
#3105=EDGE_CURVE('',#3100,#1138,#3106,.T.);
#3106=LINE('',#3101,#629);
#3107=PLANE('',#3108);
#3108=AXIS2_PLACEMENT_3D('',#3109,#637,#13);
#3109=CARTESIAN_POINT('',(2.644209297858,0.2025,0.365102776976));
#3110=ADVANCED_FACE('',(#3111),#658,.F.);
#3111=FACE_BOUND('',#3112,.F.);
#3112=EDGE_LOOP('',(#3113,#3117,#3118,#3124));
#3113=ORIENTED_EDGE('',*,*,#3114,.F.);
#3114=EDGE_CURVE('',#1138,#3115,#3106,.T.);
#3115=VERTEX_POINT('',#3116);
#3116=CARTESIAN_POINT('',(2.15,0.2025,0.7475));
#3117=ORIENTED_EDGE('',*,*,#1150,.T.);
#3118=ORIENTED_EDGE('',*,*,#3119,.T.);
#3119=EDGE_CURVE('',#1145,#3120,#3122,.T.);
#3120=VERTEX_POINT('',#3121);
#3121=CARTESIAN_POINT('',(2.15,-0.2025,0.7475));
#3122=LINE('',#3123,#629);
#3123=CARTESIAN_POINT('',(2.42393152463,-0.2025,0.7475));
#3124=ORIENTED_EDGE('',*,*,#3125,.F.);
#3125=EDGE_CURVE('',#3115,#3120,#1488,.T.);
#3126=ADVANCED_FACE('',(#3127),#3183,.F.);
#3127=FACE_BOUND('',#3128,.F.);
#3128=EDGE_LOOP('',(#3129,#3130,#3131,#3138,#3143,#3150,#3155,#3160,#3165,#3171,#3176,#3181));
#3129=ORIENTED_EDGE('',*,*,#1144,.F.);
#3130=ORIENTED_EDGE('',*,*,#1155,.T.);
#3131=ORIENTED_EDGE('',*,*,#3132,.T.);
#3132=EDGE_CURVE('',#1156,#3133,#3135,.T.);
#3133=VERTEX_POINT('',#3134);
#3134=CARTESIAN_POINT('',(2.53102936777,-0.2025,0.512634239321));
#3135=CIRCLE('',#3136,0.10875);
#3136=AXIS2_PLACEMENT_3D('',#3137,#2559,#2560);
#3137=CARTESIAN_POINT('',(2.42393152463,-0.2025,0.49375));
#3138=ORIENTED_EDGE('',*,*,#3139,.T.);
#3139=EDGE_CURVE('',#3133,#3140,#3142,.T.);
#3140=VERTEX_POINT('',#3141);
#3141=CARTESIAN_POINT('',(2.578855032673,-0.2025,0.209686774917));
#3142=LINE('',#3134,#2566);
#3143=ORIENTED_EDGE('',*,*,#3144,.T.);
#3144=EDGE_CURVE('',#3140,#3145,#3147,.T.);
#3145=VERTEX_POINT('',#3146);
#3146=CARTESIAN_POINT('',(2.82875,-0.2025,5.551115123126E-17));
#3147=CIRCLE('',#3148,0.25375);
#3148=AXIS2_PLACEMENT_3D('',#3149,#637,#2575);
#3149=CARTESIAN_POINT('',(2.82875,-0.2025,0.25375));
#3150=ORIENTED_EDGE('',*,*,#3151,.T.);
#3151=EDGE_CURVE('',#3145,#3152,#3154,.T.);
#3152=VERTEX_POINT('',#3153);
#3153=CARTESIAN_POINT('',(3.2,-0.2025,5.551115123126E-17));
#3154=LINE('',#3146,#981);
#3155=ORIENTED_EDGE('',*,*,#3156,.T.);
#3156=EDGE_CURVE('',#3152,#3157,#3159,.T.);
#3157=VERTEX_POINT('',#3158);
#3158=CARTESIAN_POINT('',(3.2,-0.2025,0.145));
#3159=LINE('',#3153,#398);
#3160=ORIENTED_EDGE('',*,*,#3161,.T.);
#3161=EDGE_CURVE('',#3157,#3162,#3164,.T.);
#3162=VERTEX_POINT('',#3163);
#3163=CARTESIAN_POINT('',(2.82875,-0.2025,0.145));
#3164=LINE('',#3158,#629);
#3165=ORIENTED_EDGE('',*,*,#3166,.T.);
#3166=EDGE_CURVE('',#3162,#3167,#3169,.T.);
#3167=VERTEX_POINT('',#3168);
#3168=CARTESIAN_POINT('',(2.72165215686,-0.2025,0.234865760679));
#3169=CIRCLE('',#3170,0.10875);
#3170=AXIS2_PLACEMENT_3D('',#3149,#2559,#2597);
#3171=ORIENTED_EDGE('',*,*,#3172,.T.);
#3172=EDGE_CURVE('',#3167,#3173,#3175,.T.);
#3173=VERTEX_POINT('',#3174);
#3174=CARTESIAN_POINT('',(2.673826491957,-0.2025,0.537813225083));
#3175=LINE('',#3168,#2603);
#3176=ORIENTED_EDGE('',*,*,#3177,.T.);
#3177=EDGE_CURVE('',#3173,#3178,#3179,.T.);
#3178=VERTEX_POINT('',#3123);
#3179=CIRCLE('',#3180,0.25375);
#3180=AXIS2_PLACEMENT_3D('',#3137,#637,#2609);
#3181=ORIENTED_EDGE('',*,*,#3182,.T.);
#3182=EDGE_CURVE('',#3178,#1145,#3122,.T.);
#3183=PLANE('',#3184);
#3184=AXIS2_PLACEMENT_3D('',#3185,#637,#13);
#3185=CARTESIAN_POINT('',(2.644209297858,-0.2025,0.365102776976));
#3186=ADVANCED_FACE('',(#3187),#3201,.F.);
#3187=FACE_BOUND('',#3188,.F.);
#3188=EDGE_LOOP('',(#3189,#3190,#3197,#3200));
#3189=ORIENTED_EDGE('',*,*,#1168,.T.);
#3190=ORIENTED_EDGE('',*,*,#3191,.T.);
#3191=EDGE_CURVE('',#1163,#3192,#3194,.T.);
#3192=VERTEX_POINT('',#3193);
#3193=CARTESIAN_POINT('',(2.53102936777,-0.4475,0.512634239321));
#3194=CIRCLE('',#3195,0.10875);
#3195=AXIS2_PLACEMENT_3D('',#3196,#2559,#2560);
#3196=CARTESIAN_POINT('',(2.42393152463,-0.4475,0.49375));
#3197=ORIENTED_EDGE('',*,*,#3198,.F.);
#3198=EDGE_CURVE('',#3133,#3192,#3199,.T.);
#3199=LINE('',#3134,#636);
#3200=ORIENTED_EDGE('',*,*,#3132,.F.);
#3201=CYLINDRICAL_SURFACE('',#3136,0.10875);
#3202=ADVANCED_FACE('',(#3203),#3252,.T.);
#3203=FACE_BOUND('',#3204,.T.);
#3204=EDGE_LOOP('',(#1175,#1161,#3190,#3205,#3210,#3217,#3222,#3227,#3232,#3238,#3243,#3249));
#3205=ORIENTED_EDGE('',*,*,#3206,.T.);
#3206=EDGE_CURVE('',#3192,#3207,#3209,.T.);
#3207=VERTEX_POINT('',#3208);
#3208=CARTESIAN_POINT('',(2.578855032673,-0.4475,0.209686774917));
#3209=LINE('',#3193,#2566);
#3210=ORIENTED_EDGE('',*,*,#3211,.T.);
#3211=EDGE_CURVE('',#3207,#3212,#3214,.T.);
#3212=VERTEX_POINT('',#3213);
#3213=CARTESIAN_POINT('',(2.82875,-0.4475,5.551115123126E-17));
#3214=CIRCLE('',#3215,0.25375);
#3215=AXIS2_PLACEMENT_3D('',#3216,#637,#2575);
#3216=CARTESIAN_POINT('',(2.82875,-0.4475,0.25375));
#3217=ORIENTED_EDGE('',*,*,#3218,.T.);
#3218=EDGE_CURVE('',#3212,#3219,#3221,.T.);
#3219=VERTEX_POINT('',#3220);
#3220=CARTESIAN_POINT('',(3.2,-0.4475,5.551115123126E-17));
#3221=LINE('',#3213,#981);
#3222=ORIENTED_EDGE('',*,*,#3223,.T.);
#3223=EDGE_CURVE('',#3219,#3224,#3226,.T.);
#3224=VERTEX_POINT('',#3225);
#3225=CARTESIAN_POINT('',(3.2,-0.4475,0.145));
#3226=LINE('',#3220,#398);
#3227=ORIENTED_EDGE('',*,*,#3228,.T.);
#3228=EDGE_CURVE('',#3224,#3229,#3231,.T.);
#3229=VERTEX_POINT('',#3230);
#3230=CARTESIAN_POINT('',(2.82875,-0.4475,0.145));
#3231=LINE('',#3225,#629);
#3232=ORIENTED_EDGE('',*,*,#3233,.T.);
#3233=EDGE_CURVE('',#3229,#3234,#3236,.T.);
#3234=VERTEX_POINT('',#3235);
#3235=CARTESIAN_POINT('',(2.72165215686,-0.4475,0.234865760679));
#3236=CIRCLE('',#3237,0.10875);
#3237=AXIS2_PLACEMENT_3D('',#3216,#2559,#2597);
#3238=ORIENTED_EDGE('',*,*,#3239,.T.);
#3239=EDGE_CURVE('',#3234,#3240,#3242,.T.);
#3240=VERTEX_POINT('',#3241);
#3241=CARTESIAN_POINT('',(2.673826491957,-0.4475,0.537813225083));
#3242=LINE('',#3235,#2603);
#3243=ORIENTED_EDGE('',*,*,#3244,.T.);
#3244=EDGE_CURVE('',#3240,#3245,#3247,.T.);
#3245=VERTEX_POINT('',#3246);
#3246=CARTESIAN_POINT('',(2.42393152463,-0.4475,0.7475));
#3247=CIRCLE('',#3248,0.25375);
#3248=AXIS2_PLACEMENT_3D('',#3196,#637,#2609);
#3249=ORIENTED_EDGE('',*,*,#3250,.T.);
#3250=EDGE_CURVE('',#3245,#1177,#3251,.T.);
#3251=LINE('',#3246,#629);
#3252=PLANE('',#3253);
#3253=AXIS2_PLACEMENT_3D('',#3254,#637,#13);
#3254=CARTESIAN_POINT('',(2.644209297858,-0.4475,0.365102776976));
#3255=ADVANCED_FACE('',(#3256),#658,.F.);
#3256=FACE_BOUND('',#3257,.F.);
#3257=EDGE_LOOP('',(#3258,#3262,#3263,#3269));
#3258=ORIENTED_EDGE('',*,*,#3259,.F.);
#3259=EDGE_CURVE('',#1177,#3260,#3251,.T.);
#3260=VERTEX_POINT('',#3261);
#3261=CARTESIAN_POINT('',(2.15,-0.4475,0.7475));
#3262=ORIENTED_EDGE('',*,*,#1189,.T.);
#3263=ORIENTED_EDGE('',*,*,#3264,.T.);
#3264=EDGE_CURVE('',#1184,#3265,#3267,.T.);
#3265=VERTEX_POINT('',#3266);
#3266=CARTESIAN_POINT('',(2.15,-0.8525,0.7475));
#3267=LINE('',#3268,#629);
#3268=CARTESIAN_POINT('',(2.42393152463,-0.8525,0.7475));
#3269=ORIENTED_EDGE('',*,*,#3270,.F.);
#3270=EDGE_CURVE('',#3260,#3265,#1488,.T.);
#3271=ADVANCED_FACE('',(#3272),#3328,.F.);
#3272=FACE_BOUND('',#3273,.F.);
#3273=EDGE_LOOP('',(#3274,#3275,#3276,#3283,#3288,#3295,#3300,#3305,#3310,#3316,#3321,#3326));
#3274=ORIENTED_EDGE('',*,*,#1183,.F.);
#3275=ORIENTED_EDGE('',*,*,#1194,.T.);
#3276=ORIENTED_EDGE('',*,*,#3277,.T.);
#3277=EDGE_CURVE('',#1195,#3278,#3280,.T.);
#3278=VERTEX_POINT('',#3279);
#3279=CARTESIAN_POINT('',(2.53102936777,-0.8525,0.512634239321));
#3280=CIRCLE('',#3281,0.10875);
#3281=AXIS2_PLACEMENT_3D('',#3282,#2559,#2560);
#3282=CARTESIAN_POINT('',(2.42393152463,-0.8525,0.49375));
#3283=ORIENTED_EDGE('',*,*,#3284,.T.);
#3284=EDGE_CURVE('',#3278,#3285,#3287,.T.);
#3285=VERTEX_POINT('',#3286);
#3286=CARTESIAN_POINT('',(2.578855032673,-0.8525,0.209686774917));
#3287=LINE('',#3279,#2566);
#3288=ORIENTED_EDGE('',*,*,#3289,.T.);
#3289=EDGE_CURVE('',#3285,#3290,#3292,.T.);
#3290=VERTEX_POINT('',#3291);
#3291=CARTESIAN_POINT('',(2.82875,-0.8525,5.551115123126E-17));
#3292=CIRCLE('',#3293,0.25375);
#3293=AXIS2_PLACEMENT_3D('',#3294,#637,#2575);
#3294=CARTESIAN_POINT('',(2.82875,-0.8525,0.25375));
#3295=ORIENTED_EDGE('',*,*,#3296,.T.);
#3296=EDGE_CURVE('',#3290,#3297,#3299,.T.);
#3297=VERTEX_POINT('',#3298);
#3298=CARTESIAN_POINT('',(3.2,-0.8525,5.551115123126E-17));
#3299=LINE('',#3291,#981);
#3300=ORIENTED_EDGE('',*,*,#3301,.T.);
#3301=EDGE_CURVE('',#3297,#3302,#3304,.T.);
#3302=VERTEX_POINT('',#3303);
#3303=CARTESIAN_POINT('',(3.2,-0.8525,0.145));
#3304=LINE('',#3298,#398);
#3305=ORIENTED_EDGE('',*,*,#3306,.T.);
#3306=EDGE_CURVE('',#3302,#3307,#3309,.T.);
#3307=VERTEX_POINT('',#3308);
#3308=CARTESIAN_POINT('',(2.82875,-0.8525,0.145));
#3309=LINE('',#3303,#629);
#3310=ORIENTED_EDGE('',*,*,#3311,.T.);
#3311=EDGE_CURVE('',#3307,#3312,#3314,.T.);
#3312=VERTEX_POINT('',#3313);
#3313=CARTESIAN_POINT('',(2.72165215686,-0.8525,0.234865760679));
#3314=CIRCLE('',#3315,0.10875);
#3315=AXIS2_PLACEMENT_3D('',#3294,#2559,#2597);
#3316=ORIENTED_EDGE('',*,*,#3317,.T.);
#3317=EDGE_CURVE('',#3312,#3318,#3320,.T.);
#3318=VERTEX_POINT('',#3319);
#3319=CARTESIAN_POINT('',(2.673826491957,-0.8525,0.537813225083));
#3320=LINE('',#3313,#2603);
#3321=ORIENTED_EDGE('',*,*,#3322,.T.);
#3322=EDGE_CURVE('',#3318,#3323,#3324,.T.);
#3323=VERTEX_POINT('',#3268);
#3324=CIRCLE('',#3325,0.25375);
#3325=AXIS2_PLACEMENT_3D('',#3282,#637,#2609);
#3326=ORIENTED_EDGE('',*,*,#3327,.T.);
#3327=EDGE_CURVE('',#3323,#1184,#3267,.T.);
#3328=PLANE('',#3329);
#3329=AXIS2_PLACEMENT_3D('',#3330,#637,#13);
#3330=CARTESIAN_POINT('',(2.644209297858,-0.8525,0.365102776976));
#3331=ADVANCED_FACE('',(#3332),#3346,.F.);
#3332=FACE_BOUND('',#3333,.F.);
#3333=EDGE_LOOP('',(#3334,#3335,#3342,#3345));
#3334=ORIENTED_EDGE('',*,*,#1207,.T.);
#3335=ORIENTED_EDGE('',*,*,#3336,.T.);
#3336=EDGE_CURVE('',#1202,#3337,#3339,.T.);
#3337=VERTEX_POINT('',#3338);
#3338=CARTESIAN_POINT('',(2.53102936777,-1.0975,0.512634239321));
#3339=CIRCLE('',#3340,0.10875);
#3340=AXIS2_PLACEMENT_3D('',#3341,#2559,#2560);
#3341=CARTESIAN_POINT('',(2.42393152463,-1.0975,0.49375));
#3342=ORIENTED_EDGE('',*,*,#3343,.F.);
#3343=EDGE_CURVE('',#3278,#3337,#3344,.T.);
#3344=LINE('',#3279,#636);
#3345=ORIENTED_EDGE('',*,*,#3277,.F.);
#3346=CYLINDRICAL_SURFACE('',#3281,0.10875);
#3347=ADVANCED_FACE('',(#3348),#3397,.T.);
#3348=FACE_BOUND('',#3349,.T.);
#3349=EDGE_LOOP('',(#1214,#1200,#3335,#3350,#3355,#3362,#3367,#3372,#3377,#3383,#3388,#3394));
#3350=ORIENTED_EDGE('',*,*,#3351,.T.);
#3351=EDGE_CURVE('',#3337,#3352,#3354,.T.);
#3352=VERTEX_POINT('',#3353);
#3353=CARTESIAN_POINT('',(2.578855032673,-1.0975,0.209686774917));
#3354=LINE('',#3338,#2566);
#3355=ORIENTED_EDGE('',*,*,#3356,.T.);
#3356=EDGE_CURVE('',#3352,#3357,#3359,.T.);
#3357=VERTEX_POINT('',#3358);
#3358=CARTESIAN_POINT('',(2.82875,-1.0975,5.551115123126E-17));
#3359=CIRCLE('',#3360,0.25375);
#3360=AXIS2_PLACEMENT_3D('',#3361,#637,#2575);
#3361=CARTESIAN_POINT('',(2.82875,-1.0975,0.25375));
#3362=ORIENTED_EDGE('',*,*,#3363,.T.);
#3363=EDGE_CURVE('',#3357,#3364,#3366,.T.);
#3364=VERTEX_POINT('',#3365);
#3365=CARTESIAN_POINT('',(3.2,-1.0975,5.551115123126E-17));
#3366=LINE('',#3358,#981);
#3367=ORIENTED_EDGE('',*,*,#3368,.T.);
#3368=EDGE_CURVE('',#3364,#3369,#3371,.T.);
#3369=VERTEX_POINT('',#3370);
#3370=CARTESIAN_POINT('',(3.2,-1.0975,0.145));
#3371=LINE('',#3365,#398);
#3372=ORIENTED_EDGE('',*,*,#3373,.T.);
#3373=EDGE_CURVE('',#3369,#3374,#3376,.T.);
#3374=VERTEX_POINT('',#3375);
#3375=CARTESIAN_POINT('',(2.82875,-1.0975,0.145));
#3376=LINE('',#3370,#629);
#3377=ORIENTED_EDGE('',*,*,#3378,.T.);
#3378=EDGE_CURVE('',#3374,#3379,#3381,.T.);
#3379=VERTEX_POINT('',#3380);
#3380=CARTESIAN_POINT('',(2.72165215686,-1.0975,0.234865760679));
#3381=CIRCLE('',#3382,0.10875);
#3382=AXIS2_PLACEMENT_3D('',#3361,#2559,#2597);
#3383=ORIENTED_EDGE('',*,*,#3384,.T.);
#3384=EDGE_CURVE('',#3379,#3385,#3387,.T.);
#3385=VERTEX_POINT('',#3386);
#3386=CARTESIAN_POINT('',(2.673826491957,-1.0975,0.537813225083));
#3387=LINE('',#3380,#2603);
#3388=ORIENTED_EDGE('',*,*,#3389,.T.);
#3389=EDGE_CURVE('',#3385,#3390,#3392,.T.);
#3390=VERTEX_POINT('',#3391);
#3391=CARTESIAN_POINT('',(2.42393152463,-1.0975,0.7475));
#3392=CIRCLE('',#3393,0.25375);
#3393=AXIS2_PLACEMENT_3D('',#3341,#637,#2609);
#3394=ORIENTED_EDGE('',*,*,#3395,.T.);
#3395=EDGE_CURVE('',#3390,#1216,#3396,.T.);
#3396=LINE('',#3391,#629);
#3397=PLANE('',#3398);
#3398=AXIS2_PLACEMENT_3D('',#3399,#637,#13);
#3399=CARTESIAN_POINT('',(2.644209297858,-1.0975,0.365102776976));
#3400=ADVANCED_FACE('',(#3401),#658,.F.);
#3401=FACE_BOUND('',#3402,.F.);
#3402=EDGE_LOOP('',(#3403,#3407,#3408,#3414));
#3403=ORIENTED_EDGE('',*,*,#3404,.F.);
#3404=EDGE_CURVE('',#1216,#3405,#3396,.T.);
#3405=VERTEX_POINT('',#3406);
#3406=CARTESIAN_POINT('',(2.15,-1.0975,0.7475));
#3407=ORIENTED_EDGE('',*,*,#1228,.T.);
#3408=ORIENTED_EDGE('',*,*,#3409,.T.);
#3409=EDGE_CURVE('',#1223,#3410,#3412,.T.);
#3410=VERTEX_POINT('',#3411);
#3411=CARTESIAN_POINT('',(2.15,-1.5025,0.7475));
#3412=LINE('',#3413,#629);
#3413=CARTESIAN_POINT('',(2.42393152463,-1.5025,0.7475));
#3414=ORIENTED_EDGE('',*,*,#3415,.F.);
#3415=EDGE_CURVE('',#3405,#3410,#1488,.T.);
#3416=ADVANCED_FACE('',(#3417),#3473,.F.);
#3417=FACE_BOUND('',#3418,.F.);
#3418=EDGE_LOOP('',(#3419,#3420,#3421,#3428,#3433,#3440,#3445,#3450,#3455,#3461,#3466,#3471));
#3419=ORIENTED_EDGE('',*,*,#1222,.F.);
#3420=ORIENTED_EDGE('',*,*,#1233,.T.);
#3421=ORIENTED_EDGE('',*,*,#3422,.T.);
#3422=EDGE_CURVE('',#1234,#3423,#3425,.T.);
#3423=VERTEX_POINT('',#3424);
#3424=CARTESIAN_POINT('',(2.53102936777,-1.5025,0.512634239321));
#3425=CIRCLE('',#3426,0.10875);
#3426=AXIS2_PLACEMENT_3D('',#3427,#2559,#2560);
#3427=CARTESIAN_POINT('',(2.42393152463,-1.5025,0.49375));
#3428=ORIENTED_EDGE('',*,*,#3429,.T.);
#3429=EDGE_CURVE('',#3423,#3430,#3432,.T.);
#3430=VERTEX_POINT('',#3431);
#3431=CARTESIAN_POINT('',(2.578855032673,-1.5025,0.209686774917));
#3432=LINE('',#3424,#2566);
#3433=ORIENTED_EDGE('',*,*,#3434,.T.);
#3434=EDGE_CURVE('',#3430,#3435,#3437,.T.);
#3435=VERTEX_POINT('',#3436);
#3436=CARTESIAN_POINT('',(2.82875,-1.5025,5.551115123126E-17));
#3437=CIRCLE('',#3438,0.25375);
#3438=AXIS2_PLACEMENT_3D('',#3439,#637,#2575);
#3439=CARTESIAN_POINT('',(2.82875,-1.5025,0.25375));
#3440=ORIENTED_EDGE('',*,*,#3441,.T.);
#3441=EDGE_CURVE('',#3435,#3442,#3444,.T.);
#3442=VERTEX_POINT('',#3443);
#3443=CARTESIAN_POINT('',(3.2,-1.5025,5.551115123126E-17));
#3444=LINE('',#3436,#981);
#3445=ORIENTED_EDGE('',*,*,#3446,.T.);
#3446=EDGE_CURVE('',#3442,#3447,#3449,.T.);
#3447=VERTEX_POINT('',#3448);
#3448=CARTESIAN_POINT('',(3.2,-1.5025,0.145));
#3449=LINE('',#3443,#398);
#3450=ORIENTED_EDGE('',*,*,#3451,.T.);
#3451=EDGE_CURVE('',#3447,#3452,#3454,.T.);
#3452=VERTEX_POINT('',#3453);
#3453=CARTESIAN_POINT('',(2.82875,-1.5025,0.145));
#3454=LINE('',#3448,#629);
#3455=ORIENTED_EDGE('',*,*,#3456,.T.);
#3456=EDGE_CURVE('',#3452,#3457,#3459,.T.);
#3457=VERTEX_POINT('',#3458);
#3458=CARTESIAN_POINT('',(2.72165215686,-1.5025,0.234865760679));
#3459=CIRCLE('',#3460,0.10875);
#3460=AXIS2_PLACEMENT_3D('',#3439,#2559,#2597);
#3461=ORIENTED_EDGE('',*,*,#3462,.T.);
#3462=EDGE_CURVE('',#3457,#3463,#3465,.T.);
#3463=VERTEX_POINT('',#3464);
#3464=CARTESIAN_POINT('',(2.673826491957,-1.5025,0.537813225083));
#3465=LINE('',#3458,#2603);
#3466=ORIENTED_EDGE('',*,*,#3467,.T.);
#3467=EDGE_CURVE('',#3463,#3468,#3469,.T.);
#3468=VERTEX_POINT('',#3413);
#3469=CIRCLE('',#3470,0.25375);
#3470=AXIS2_PLACEMENT_3D('',#3427,#637,#2609);
#3471=ORIENTED_EDGE('',*,*,#3472,.T.);
#3472=EDGE_CURVE('',#3468,#1223,#3412,.T.);
#3473=PLANE('',#3474);
#3474=AXIS2_PLACEMENT_3D('',#3475,#637,#13);
#3475=CARTESIAN_POINT('',(2.644209297858,-1.5025,0.365102776976));
#3476=ADVANCED_FACE('',(#3477),#3491,.F.);
#3477=FACE_BOUND('',#3478,.F.);
#3478=EDGE_LOOP('',(#3479,#3480,#3487,#3490));
#3479=ORIENTED_EDGE('',*,*,#1246,.T.);
#3480=ORIENTED_EDGE('',*,*,#3481,.T.);
#3481=EDGE_CURVE('',#1241,#3482,#3484,.T.);
#3482=VERTEX_POINT('',#3483);
#3483=CARTESIAN_POINT('',(2.53102936777,-1.7475,0.512634239321));
#3484=CIRCLE('',#3485,0.10875);
#3485=AXIS2_PLACEMENT_3D('',#3486,#2559,#2560);
#3486=CARTESIAN_POINT('',(2.42393152463,-1.7475,0.49375));
#3487=ORIENTED_EDGE('',*,*,#3488,.F.);
#3488=EDGE_CURVE('',#3423,#3482,#3489,.T.);
#3489=LINE('',#3424,#636);
#3490=ORIENTED_EDGE('',*,*,#3422,.F.);
#3491=CYLINDRICAL_SURFACE('',#3426,0.10875);
#3492=ADVANCED_FACE('',(#3493),#3542,.T.);
#3493=FACE_BOUND('',#3494,.T.);
#3494=EDGE_LOOP('',(#1253,#1239,#3480,#3495,#3500,#3507,#3512,#3517,#3522,#3528,#3533,#3539));
#3495=ORIENTED_EDGE('',*,*,#3496,.T.);
#3496=EDGE_CURVE('',#3482,#3497,#3499,.T.);
#3497=VERTEX_POINT('',#3498);
#3498=CARTESIAN_POINT('',(2.578855032673,-1.7475,0.209686774917));
#3499=LINE('',#3483,#2566);
#3500=ORIENTED_EDGE('',*,*,#3501,.T.);
#3501=EDGE_CURVE('',#3497,#3502,#3504,.T.);
#3502=VERTEX_POINT('',#3503);
#3503=CARTESIAN_POINT('',(2.82875,-1.7475,5.551115123126E-17));
#3504=CIRCLE('',#3505,0.25375);
#3505=AXIS2_PLACEMENT_3D('',#3506,#637,#2575);
#3506=CARTESIAN_POINT('',(2.82875,-1.7475,0.25375));
#3507=ORIENTED_EDGE('',*,*,#3508,.T.);
#3508=EDGE_CURVE('',#3502,#3509,#3511,.T.);
#3509=VERTEX_POINT('',#3510);
#3510=CARTESIAN_POINT('',(3.2,-1.7475,5.551115123126E-17));
#3511=LINE('',#3503,#981);
#3512=ORIENTED_EDGE('',*,*,#3513,.T.);
#3513=EDGE_CURVE('',#3509,#3514,#3516,.T.);
#3514=VERTEX_POINT('',#3515);
#3515=CARTESIAN_POINT('',(3.2,-1.7475,0.145));
#3516=LINE('',#3510,#398);
#3517=ORIENTED_EDGE('',*,*,#3518,.T.);
#3518=EDGE_CURVE('',#3514,#3519,#3521,.T.);
#3519=VERTEX_POINT('',#3520);
#3520=CARTESIAN_POINT('',(2.82875,-1.7475,0.145));
#3521=LINE('',#3515,#629);
#3522=ORIENTED_EDGE('',*,*,#3523,.T.);
#3523=EDGE_CURVE('',#3519,#3524,#3526,.T.);
#3524=VERTEX_POINT('',#3525);
#3525=CARTESIAN_POINT('',(2.72165215686,-1.7475,0.234865760679));
#3526=CIRCLE('',#3527,0.10875);
#3527=AXIS2_PLACEMENT_3D('',#3506,#2559,#2597);
#3528=ORIENTED_EDGE('',*,*,#3529,.T.);
#3529=EDGE_CURVE('',#3524,#3530,#3532,.T.);
#3530=VERTEX_POINT('',#3531);
#3531=CARTESIAN_POINT('',(2.673826491957,-1.7475,0.537813225083));
#3532=LINE('',#3525,#2603);
#3533=ORIENTED_EDGE('',*,*,#3534,.T.);
#3534=EDGE_CURVE('',#3530,#3535,#3537,.T.);
#3535=VERTEX_POINT('',#3536);
#3536=CARTESIAN_POINT('',(2.42393152463,-1.7475,0.7475));
#3537=CIRCLE('',#3538,0.25375);
#3538=AXIS2_PLACEMENT_3D('',#3486,#637,#2609);
#3539=ORIENTED_EDGE('',*,*,#3540,.T.);
#3540=EDGE_CURVE('',#3535,#1255,#3541,.T.);
#3541=LINE('',#3536,#629);
#3542=PLANE('',#3543);
#3543=AXIS2_PLACEMENT_3D('',#3544,#637,#13);
#3544=CARTESIAN_POINT('',(2.644209297858,-1.7475,0.365102776976));
#3545=ADVANCED_FACE('',(#3546),#658,.F.);
#3546=FACE_BOUND('',#3547,.F.);
#3547=EDGE_LOOP('',(#3548,#3552,#3553,#3559));
#3548=ORIENTED_EDGE('',*,*,#3549,.F.);
#3549=EDGE_CURVE('',#1255,#3550,#3541,.T.);
#3550=VERTEX_POINT('',#3551);
#3551=CARTESIAN_POINT('',(2.15,-1.7475,0.7475));
#3552=ORIENTED_EDGE('',*,*,#1267,.T.);
#3553=ORIENTED_EDGE('',*,*,#3554,.T.);
#3554=EDGE_CURVE('',#1262,#3555,#3557,.T.);
#3555=VERTEX_POINT('',#3556);
#3556=CARTESIAN_POINT('',(2.15,-2.1525,0.7475));
#3557=LINE('',#3558,#629);
#3558=CARTESIAN_POINT('',(2.42393152463,-2.1525,0.7475));
#3559=ORIENTED_EDGE('',*,*,#3560,.F.);
#3560=EDGE_CURVE('',#3550,#3555,#1488,.T.);
#3561=ADVANCED_FACE('',(#3562),#3618,.F.);
#3562=FACE_BOUND('',#3563,.F.);
#3563=EDGE_LOOP('',(#3564,#3565,#3566,#3573,#3578,#3585,#3590,#3595,#3600,#3606,#3611,#3616));
#3564=ORIENTED_EDGE('',*,*,#1261,.F.);
#3565=ORIENTED_EDGE('',*,*,#1272,.T.);
#3566=ORIENTED_EDGE('',*,*,#3567,.T.);
#3567=EDGE_CURVE('',#1273,#3568,#3570,.T.);
#3568=VERTEX_POINT('',#3569);
#3569=CARTESIAN_POINT('',(2.53102936777,-2.1525,0.512634239321));
#3570=CIRCLE('',#3571,0.10875);
#3571=AXIS2_PLACEMENT_3D('',#3572,#2559,#2560);
#3572=CARTESIAN_POINT('',(2.42393152463,-2.1525,0.49375));
#3573=ORIENTED_EDGE('',*,*,#3574,.T.);
#3574=EDGE_CURVE('',#3568,#3575,#3577,.T.);
#3575=VERTEX_POINT('',#3576);
#3576=CARTESIAN_POINT('',(2.578855032673,-2.1525,0.209686774917));
#3577=LINE('',#3569,#2566);
#3578=ORIENTED_EDGE('',*,*,#3579,.T.);
#3579=EDGE_CURVE('',#3575,#3580,#3582,.T.);
#3580=VERTEX_POINT('',#3581);
#3581=CARTESIAN_POINT('',(2.82875,-2.1525,5.551115123126E-17));
#3582=CIRCLE('',#3583,0.25375);
#3583=AXIS2_PLACEMENT_3D('',#3584,#637,#2575);
#3584=CARTESIAN_POINT('',(2.82875,-2.1525,0.25375));
#3585=ORIENTED_EDGE('',*,*,#3586,.T.);
#3586=EDGE_CURVE('',#3580,#3587,#3589,.T.);
#3587=VERTEX_POINT('',#3588);
#3588=CARTESIAN_POINT('',(3.2,-2.1525,5.551115123126E-17));
#3589=LINE('',#3581,#981);
#3590=ORIENTED_EDGE('',*,*,#3591,.T.);
#3591=EDGE_CURVE('',#3587,#3592,#3594,.T.);
#3592=VERTEX_POINT('',#3593);
#3593=CARTESIAN_POINT('',(3.2,-2.1525,0.145));
#3594=LINE('',#3588,#398);
#3595=ORIENTED_EDGE('',*,*,#3596,.T.);
#3596=EDGE_CURVE('',#3592,#3597,#3599,.T.);
#3597=VERTEX_POINT('',#3598);
#3598=CARTESIAN_POINT('',(2.82875,-2.1525,0.145));
#3599=LINE('',#3593,#629);
#3600=ORIENTED_EDGE('',*,*,#3601,.T.);
#3601=EDGE_CURVE('',#3597,#3602,#3604,.T.);
#3602=VERTEX_POINT('',#3603);
#3603=CARTESIAN_POINT('',(2.72165215686,-2.1525,0.234865760679));
#3604=CIRCLE('',#3605,0.10875);
#3605=AXIS2_PLACEMENT_3D('',#3584,#2559,#2597);
#3606=ORIENTED_EDGE('',*,*,#3607,.T.);
#3607=EDGE_CURVE('',#3602,#3608,#3610,.T.);
#3608=VERTEX_POINT('',#3609);
#3609=CARTESIAN_POINT('',(2.673826491957,-2.1525,0.537813225083));
#3610=LINE('',#3603,#2603);
#3611=ORIENTED_EDGE('',*,*,#3612,.T.);
#3612=EDGE_CURVE('',#3608,#3613,#3614,.T.);
#3613=VERTEX_POINT('',#3558);
#3614=CIRCLE('',#3615,0.25375);
#3615=AXIS2_PLACEMENT_3D('',#3572,#637,#2609);
#3616=ORIENTED_EDGE('',*,*,#3617,.T.);
#3617=EDGE_CURVE('',#3613,#1262,#3557,.T.);
#3618=PLANE('',#3619);
#3619=AXIS2_PLACEMENT_3D('',#3620,#637,#13);
#3620=CARTESIAN_POINT('',(2.644209297858,-2.1525,0.365102776976));
#3621=ADVANCED_FACE('',(#3622),#3636,.F.);
#3622=FACE_BOUND('',#3623,.F.);
#3623=EDGE_LOOP('',(#3624,#3625,#3632,#3635));
#3624=ORIENTED_EDGE('',*,*,#1286,.T.);
#3625=ORIENTED_EDGE('',*,*,#3626,.T.);
#3626=EDGE_CURVE('',#1281,#3627,#3629,.T.);
#3627=VERTEX_POINT('',#3628);
#3628=CARTESIAN_POINT('',(2.53102936777,-2.3975,0.512634239321));
#3629=CIRCLE('',#3630,0.10875);
#3630=AXIS2_PLACEMENT_3D('',#3631,#2559,#2560);
#3631=CARTESIAN_POINT('',(2.42393152463,-2.3975,0.49375));
#3632=ORIENTED_EDGE('',*,*,#3633,.F.);
#3633=EDGE_CURVE('',#3568,#3627,#3634,.T.);
#3634=LINE('',#3569,#636);
#3635=ORIENTED_EDGE('',*,*,#3567,.F.);
#3636=CYLINDRICAL_SURFACE('',#3571,0.10875);
#3637=ADVANCED_FACE('',(#3638),#3685,.T.);
#3638=FACE_BOUND('',#3639,.T.);
#3639=EDGE_LOOP('',(#1293,#1279,#3625,#3640,#3645,#3652,#3657,#3662,#3667,#3673,#3678,#3683));
#3640=ORIENTED_EDGE('',*,*,#3641,.T.);
#3641=EDGE_CURVE('',#3627,#3642,#3644,.T.);
#3642=VERTEX_POINT('',#3643);
#3643=CARTESIAN_POINT('',(2.578855032673,-2.3975,0.209686774917));
#3644=LINE('',#3628,#2566);
#3645=ORIENTED_EDGE('',*,*,#3646,.T.);
#3646=EDGE_CURVE('',#3642,#3647,#3649,.T.);
#3647=VERTEX_POINT('',#3648);
#3648=CARTESIAN_POINT('',(2.82875,-2.3975,5.551115123126E-17));
#3649=CIRCLE('',#3650,0.25375);
#3650=AXIS2_PLACEMENT_3D('',#3651,#637,#2575);
#3651=CARTESIAN_POINT('',(2.82875,-2.3975,0.25375));
#3652=ORIENTED_EDGE('',*,*,#3653,.T.);
#3653=EDGE_CURVE('',#3647,#3654,#3656,.T.);
#3654=VERTEX_POINT('',#3655);
#3655=CARTESIAN_POINT('',(3.2,-2.3975,5.551115123126E-17));
#3656=LINE('',#3648,#981);
#3657=ORIENTED_EDGE('',*,*,#3658,.T.);
#3658=EDGE_CURVE('',#3654,#3659,#3661,.T.);
#3659=VERTEX_POINT('',#3660);
#3660=CARTESIAN_POINT('',(3.2,-2.3975,0.145));
#3661=LINE('',#3655,#398);
#3662=ORIENTED_EDGE('',*,*,#3663,.T.);
#3663=EDGE_CURVE('',#3659,#3664,#3666,.T.);
#3664=VERTEX_POINT('',#3665);
#3665=CARTESIAN_POINT('',(2.82875,-2.3975,0.145));
#3666=LINE('',#3660,#629);
#3667=ORIENTED_EDGE('',*,*,#3668,.T.);
#3668=EDGE_CURVE('',#3664,#3669,#3671,.T.);
#3669=VERTEX_POINT('',#3670);
#3670=CARTESIAN_POINT('',(2.72165215686,-2.3975,0.234865760679));
#3671=CIRCLE('',#3672,0.10875);
#3672=AXIS2_PLACEMENT_3D('',#3651,#2559,#2597);
#3673=ORIENTED_EDGE('',*,*,#3674,.T.);
#3674=EDGE_CURVE('',#3669,#3675,#3677,.T.);
#3675=VERTEX_POINT('',#3676);
#3676=CARTESIAN_POINT('',(2.673826491957,-2.3975,0.537813225083));
#3677=LINE('',#3670,#2603);
#3678=ORIENTED_EDGE('',*,*,#3679,.T.);
#3679=EDGE_CURVE('',#3675,#3680,#3681,.T.);
#3680=VERTEX_POINT('',#2544);
#3681=CIRCLE('',#3682,0.25375);
#3682=AXIS2_PLACEMENT_3D('',#3631,#637,#2609);
#3683=ORIENTED_EDGE('',*,*,#3684,.T.);
#3684=EDGE_CURVE('',#3680,#1295,#2543,.T.);
#3685=PLANE('',#3686);
#3686=AXIS2_PLACEMENT_3D('',#3687,#637,#13);
#3687=CARTESIAN_POINT('',(2.644209297858,-2.3975,0.365102776976));
#3688=ADVANCED_FACE('',(#3689),#3723,.F.);
#3689=FACE_BOUND('',#3690,.F.);
#3690=EDGE_LOOP('',(#3691,#3694,#3695,#3697,#3698,#3700,#3701,#3703,#3704,#3706,#3707,#3709,#3710,#3712,#3713,#3714,#3715,#3720));
#3691=ORIENTED_EDGE('',*,*,#3692,.T.);
#3692=EDGE_CURVE('',#3693,#1637,#1330,.T.);
#3693=VERTEX_POINT('',#1331);
#3694=ORIENTED_EDGE('',*,*,#1636,.T.);
#3695=ORIENTED_EDGE('',*,*,#3696,.T.);
#3696=EDGE_CURVE('',#1631,#1782,#1330,.T.);
#3697=ORIENTED_EDGE('',*,*,#1781,.T.);
#3698=ORIENTED_EDGE('',*,*,#3699,.T.);
#3699=EDGE_CURVE('',#1776,#1927,#1330,.T.);
#3700=ORIENTED_EDGE('',*,*,#1926,.T.);
#3701=ORIENTED_EDGE('',*,*,#3702,.T.);
#3702=EDGE_CURVE('',#1921,#2072,#1330,.T.);
#3703=ORIENTED_EDGE('',*,*,#2071,.T.);
#3704=ORIENTED_EDGE('',*,*,#3705,.T.);
#3705=EDGE_CURVE('',#2066,#2217,#1330,.T.);
#3706=ORIENTED_EDGE('',*,*,#2216,.T.);
#3707=ORIENTED_EDGE('',*,*,#3708,.T.);
#3708=EDGE_CURVE('',#2211,#2362,#1330,.T.);
#3709=ORIENTED_EDGE('',*,*,#2361,.T.);
#3710=ORIENTED_EDGE('',*,*,#3711,.T.);
#3711=EDGE_CURVE('',#2356,#2502,#1330,.T.);
#3712=ORIENTED_EDGE('',*,*,#2501,.T.);
#3713=ORIENTED_EDGE('',*,*,#1327,.T.);
#3714=ORIENTED_EDGE('',*,*,#1433,.T.);
#3715=ORIENTED_EDGE('',*,*,#3716,.F.);
#3716=EDGE_CURVE('',#3717,#1429,#3719,.T.);
#3717=VERTEX_POINT('',#3718);
#3718=CARTESIAN_POINT('',(-2.070212041229,-2.287606020615,1.2));
#3719=LINE('',#3718,#56);
#3720=ORIENTED_EDGE('',*,*,#3721,.F.);
#3721=EDGE_CURVE('',#3693,#3717,#3722,.T.);
#3722=B_SPLINE_CURVE_WITH_KNOTS('',1,(#1331,#3718),.UNSPECIFIED.,.F.,.F.,(2,2),(0.,1.),.PIECEWISE_BEZIER_KNOTS.);
#3723=B_SPLINE_SURFACE_WITH_KNOTS('',1,1,((#1331,#3718),(#653,#1430)),.UNSPECIFIED.,.F.,.F.,.F.,(2,2),(2,2),(0.,4.655),(0.,1.),.PIECEWISE_BEZIER_KNOTS.);
#3724=ADVANCED_FACE('',(#3725,#3745),#3754,.T.);
#3725=FACE_BOUND('',#3726,.T.);
#3726=EDGE_LOOP('',(#1427,#3715,#3727,#3732,#3737,#3742,#1463,#1445));
#3727=ORIENTED_EDGE('',*,*,#3728,.F.);
#3728=EDGE_CURVE('',#3729,#3717,#3731,.T.);
#3729=VERTEX_POINT('',#3730);
#3730=CARTESIAN_POINT('',(-1.987606020615,-2.370212041229,1.2));
#3731=LINE('',#3730,#63);
#3732=ORIENTED_EDGE('',*,*,#3733,.F.);
#3733=EDGE_CURVE('',#3734,#3729,#3736,.T.);
#3734=VERTEX_POINT('',#3735);
#3735=CARTESIAN_POINT('',(1.987606020615,-2.370212041229,1.2));
#3736=LINE('',#3735,#70);
#3737=ORIENTED_EDGE('',*,*,#3738,.F.);
#3738=EDGE_CURVE('',#3739,#3734,#3741,.T.);
#3739=VERTEX_POINT('',#3740);
#3740=CARTESIAN_POINT('',(2.070212041229,-2.287606020615,1.2));
#3741=LINE('',#3740,#77);
#3742=ORIENTED_EDGE('',*,*,#3743,.F.);
#3743=EDGE_CURVE('',#1460,#3739,#3744,.T.);
#3744=LINE('',#1461,#84);
#3745=FACE_BOUND('',#3746,.T.);
#3746=EDGE_LOOP('',(#3747));
#3747=ORIENTED_EDGE('',*,*,#3748,.F.);
#3748=EDGE_CURVE('',#3749,#3749,#3751,.T.);
#3749=VERTEX_POINT('',#3750);
#3750=CARTESIAN_POINT('',(-1.344148428861,1.886169632984,1.2));
#3751=CIRCLE('',#3752,0.242021204123);
#3752=AXIS2_PLACEMENT_3D('',#3753,#13,#14);
#3753=CARTESIAN_POINT('',(-1.586169632984,1.886169632984,1.2));
#3754=PLANE('',#3755);
#3755=AXIS2_PLACEMENT_3D('',#1430,#122,#3756);
#3756=DIRECTION('',(0.656873598678,-0.754000713103,0.));
#3757=ADVANCED_FACE('',(#3758),#3787,.F.);
#3758=FACE_BOUND('',#3759,.F.);
#3759=EDGE_LOOP('',(#3760,#3761,#3762,#3764,#3765,#3767,#3768,#3770,#3771,#3773,#3774,#3776,#3777,#3779,#3780,#3783,#3742,#3786));
#3760=ORIENTED_EDGE('',*,*,#1487,.T.);
#3761=ORIENTED_EDGE('',*,*,#2690,.T.);
#3762=ORIENTED_EDGE('',*,*,#3763,.T.);
#3763=EDGE_CURVE('',#2685,#2825,#1488,.T.);
#3764=ORIENTED_EDGE('',*,*,#2835,.T.);
#3765=ORIENTED_EDGE('',*,*,#3766,.T.);
#3766=EDGE_CURVE('',#2830,#2970,#1488,.T.);
#3767=ORIENTED_EDGE('',*,*,#2980,.T.);
#3768=ORIENTED_EDGE('',*,*,#3769,.T.);
#3769=EDGE_CURVE('',#2975,#3115,#1488,.T.);
#3770=ORIENTED_EDGE('',*,*,#3125,.T.);
#3771=ORIENTED_EDGE('',*,*,#3772,.T.);
#3772=EDGE_CURVE('',#3120,#3260,#1488,.T.);
#3773=ORIENTED_EDGE('',*,*,#3270,.T.);
#3774=ORIENTED_EDGE('',*,*,#3775,.T.);
#3775=EDGE_CURVE('',#3265,#3405,#1488,.T.);
#3776=ORIENTED_EDGE('',*,*,#3415,.T.);
#3777=ORIENTED_EDGE('',*,*,#3778,.T.);
#3778=EDGE_CURVE('',#3410,#3550,#1488,.T.);
#3779=ORIENTED_EDGE('',*,*,#3560,.T.);
#3780=ORIENTED_EDGE('',*,*,#3781,.T.);
#3781=EDGE_CURVE('',#3555,#3782,#1488,.T.);
#3782=VERTEX_POINT('',#2534);
#3783=ORIENTED_EDGE('',*,*,#3784,.T.);
#3784=EDGE_CURVE('',#3782,#3739,#3785,.T.);
#3785=B_SPLINE_CURVE_WITH_KNOTS('',1,(#2534,#3740),.UNSPECIFIED.,.F.,.F.,(2,2),(0.,1.),.PIECEWISE_BEZIER_KNOTS.);
#3786=ORIENTED_EDGE('',*,*,#1459,.F.);
#3787=B_SPLINE_SURFACE_WITH_KNOTS('',1,1,((#1457,#1461),(#2534,#3740)),.UNSPECIFIED.,.F.,.F.,.F.,(2,2),(2,2),(0.,4.655),(0.,1.),.PIECEWISE_BEZIER_KNOTS.);
#3788=ADVANCED_FACE('',(#3789),#3796,.T.);
#3789=FACE_BOUND('',#3790,.F.);
#3790=EDGE_LOOP('',(#3791,#2671,#3794,#3795));
#3791=ORIENTED_EDGE('',*,*,#3792,.T.);
#3792=EDGE_CURVE('',#2600,#2668,#3793,.T.);
#3793=LINE('',#2601,#636);
#3794=ORIENTED_EDGE('',*,*,#1475,.F.);
#3795=ORIENTED_EDGE('',*,*,#2606,.F.);
#3796=CYLINDRICAL_SURFACE('',#3797,0.25375);
#3797=AXIS2_PLACEMENT_3D('',#2558,#3798,#2609);
#3798=DIRECTION('',(-1.110223024625E-16,1.,-0.));
#3799=ADVANCED_FACE('',(#3800),#3812,.F.);
#3800=FACE_BOUND('',#3801,.F.);
#3801=EDGE_LOOP('',(#3802,#3803,#1619,#3806,#3807,#3808,#3810,#3811));
#3802=ORIENTED_EDGE('',*,*,#1551,.F.);
#3803=ORIENTED_EDGE('',*,*,#3804,.T.);
#3804=EDGE_CURVE('',#1546,#1615,#3805,.T.);
#3805=LINE('',#1547,#165);
#3806=ORIENTED_EDGE('',*,*,#1640,.T.);
#3807=ORIENTED_EDGE('',*,*,#3692,.F.);
#3808=ORIENTED_EDGE('',*,*,#3809,.F.);
#3809=EDGE_CURVE('',#2516,#3693,#2523,.T.);
#3810=ORIENTED_EDGE('',*,*,#2515,.F.);
#3811=ORIENTED_EDGE('',*,*,#2511,.F.);
#3812=PLANE('',#3813);
#3813=AXIS2_PLACEMENT_3D('',#1547,#1336,#512);
#3814=ADVANCED_FACE('',(#3815),#3822,.T.);
#3815=FACE_BOUND('',#3816,.F.);
#3816=EDGE_LOOP('',(#3817,#1613,#3820,#3821));
#3817=ORIENTED_EDGE('',*,*,#3818,.T.);
#3818=EDGE_CURVE('',#1541,#1610,#3819,.T.);
#3819=LINE('',#1542,#165);
#3820=ORIENTED_EDGE('',*,*,#3804,.F.);
#3821=ORIENTED_EDGE('',*,*,#1545,.F.);
#3822=CYLINDRICAL_SURFACE('',#3823,0.25375);
#3823=AXIS2_PLACEMENT_3D('',#1505,#1347,#533);
#3824=ADVANCED_FACE('',(#3825),#3832,.F.);
#3825=FACE_BOUND('',#3826,.F.);
#3826=EDGE_LOOP('',(#3827,#1608,#3830,#3831));
#3827=ORIENTED_EDGE('',*,*,#3828,.T.);
#3828=EDGE_CURVE('',#1535,#1604,#3829,.T.);
#3829=LINE('',#1536,#165);
#3830=ORIENTED_EDGE('',*,*,#3818,.F.);
#3831=ORIENTED_EDGE('',*,*,#1540,.F.);
#3832=PLANE('',#3833);
#3833=AXIS2_PLACEMENT_3D('',#1536,#1358,#526);
#3834=ADVANCED_FACE('',(#3835),#3842,.F.);
#3835=FACE_BOUND('',#3836,.F.);
#3836=EDGE_LOOP('',(#3837,#1602,#3840,#3841));
#3837=ORIENTED_EDGE('',*,*,#3838,.T.);
#3838=EDGE_CURVE('',#1530,#1599,#3839,.T.);
#3839=LINE('',#1531,#165);
#3840=ORIENTED_EDGE('',*,*,#3828,.F.);
#3841=ORIENTED_EDGE('',*,*,#1534,.F.);
#3842=CYLINDRICAL_SURFACE('',#1538,0.10875);
#3843=ADVANCED_FACE('',(#3844),#3851,.F.);
#3844=FACE_BOUND('',#3845,.F.);
#3845=EDGE_LOOP('',(#3846,#1597,#3849,#3850));
#3846=ORIENTED_EDGE('',*,*,#3847,.T.);
#3847=EDGE_CURVE('',#1525,#1594,#3848,.T.);
#3848=LINE('',#1526,#165);
#3849=ORIENTED_EDGE('',*,*,#3838,.F.);
#3850=ORIENTED_EDGE('',*,*,#1529,.F.);
#3851=PLANE('',#3852);
#3852=AXIS2_PLACEMENT_3D('',#1526,#1336,#512);
#3853=ADVANCED_FACE('',(#3854),#3861,.F.);
#3854=FACE_BOUND('',#3855,.F.);
#3855=EDGE_LOOP('',(#3856,#1592,#3859,#3860));
#3856=ORIENTED_EDGE('',*,*,#3857,.T.);
#3857=EDGE_CURVE('',#1520,#1589,#3858,.T.);
#3858=LINE('',#1521,#165);
#3859=ORIENTED_EDGE('',*,*,#3847,.F.);
#3860=ORIENTED_EDGE('',*,*,#1524,.F.);
#3861=PLANE('',#3862);
#3862=AXIS2_PLACEMENT_3D('',#1521,#512,#13);
#3863=ADVANCED_FACE('',(#3864),#3871,.F.);
#3864=FACE_BOUND('',#3865,.F.);
#3865=EDGE_LOOP('',(#3866,#1587,#3869,#3870));
#3866=ORIENTED_EDGE('',*,*,#3867,.T.);
#3867=EDGE_CURVE('',#1513,#1582,#3868,.T.);
#3868=LINE('',#1514,#165);
#3869=ORIENTED_EDGE('',*,*,#3857,.F.);
#3870=ORIENTED_EDGE('',*,*,#1519,.F.);
#3871=PLANE('',#3872);
#3872=AXIS2_PLACEMENT_3D('',#1514,#13,#150);
#3873=ADVANCED_FACE('',(#3874),#3881,.T.);
#3874=FACE_BOUND('',#3875,.F.);
#3875=EDGE_LOOP('',(#3876,#1580,#3879,#3880));
#3876=ORIENTED_EDGE('',*,*,#3877,.T.);
#3877=EDGE_CURVE('',#1508,#1577,#3878,.T.);
#3878=LINE('',#1509,#165);
#3879=ORIENTED_EDGE('',*,*,#3867,.F.);
#3880=ORIENTED_EDGE('',*,*,#1512,.F.);
#3881=CYLINDRICAL_SURFACE('',#3882,0.25375);
#3882=AXIS2_PLACEMENT_3D('',#1517,#1347,#495);
#3883=ADVANCED_FACE('',(#3884),#3889,.F.);
#3884=FACE_BOUND('',#3885,.F.);
#3885=EDGE_LOOP('',(#3886,#1575,#3887,#3888));
#3886=ORIENTED_EDGE('',*,*,#1568,.T.);
#3887=ORIENTED_EDGE('',*,*,#3877,.F.);
#3888=ORIENTED_EDGE('',*,*,#1507,.F.);
#3889=PLANE('',#3890);
#3890=AXIS2_PLACEMENT_3D('',#1502,#1416,#487);
#3891=ADVANCED_FACE('',(#3892),#3901,.F.);
#3892=FACE_BOUND('',#3893,.F.);
#3893=EDGE_LOOP('',(#3894,#3895,#1764,#3898,#3899,#3900));
#3894=ORIENTED_EDGE('',*,*,#1697,.F.);
#3895=ORIENTED_EDGE('',*,*,#3896,.T.);
#3896=EDGE_CURVE('',#1693,#1760,#3897,.T.);
#3897=LINE('',#1634,#165);
#3898=ORIENTED_EDGE('',*,*,#1785,.T.);
#3899=ORIENTED_EDGE('',*,*,#3696,.F.);
#3900=ORIENTED_EDGE('',*,*,#1630,.F.);
#3901=PLANE('',#3902);
#3902=AXIS2_PLACEMENT_3D('',#1634,#1336,#512);
#3903=ADVANCED_FACE('',(#3904),#3911,.T.);
#3904=FACE_BOUND('',#3905,.F.);
#3905=EDGE_LOOP('',(#3906,#1758,#3909,#3910));
#3906=ORIENTED_EDGE('',*,*,#3907,.T.);
#3907=EDGE_CURVE('',#1688,#1755,#3908,.T.);
#3908=LINE('',#1689,#165);
#3909=ORIENTED_EDGE('',*,*,#3896,.F.);
#3910=ORIENTED_EDGE('',*,*,#1692,.F.);
#3911=CYLINDRICAL_SURFACE('',#3912,0.25375);
#3912=AXIS2_PLACEMENT_3D('',#1652,#1347,#533);
#3913=ADVANCED_FACE('',(#3914),#3921,.F.);
#3914=FACE_BOUND('',#3915,.F.);
#3915=EDGE_LOOP('',(#3916,#1753,#3919,#3920));
#3916=ORIENTED_EDGE('',*,*,#3917,.T.);
#3917=EDGE_CURVE('',#1682,#1749,#3918,.T.);
#3918=LINE('',#1683,#165);
#3919=ORIENTED_EDGE('',*,*,#3907,.F.);
#3920=ORIENTED_EDGE('',*,*,#1687,.F.);
#3921=PLANE('',#3922);
#3922=AXIS2_PLACEMENT_3D('',#1683,#1358,#526);
#3923=ADVANCED_FACE('',(#3924),#3931,.F.);
#3924=FACE_BOUND('',#3925,.F.);
#3925=EDGE_LOOP('',(#3926,#1747,#3929,#3930));
#3926=ORIENTED_EDGE('',*,*,#3927,.T.);
#3927=EDGE_CURVE('',#1677,#1744,#3928,.T.);
#3928=LINE('',#1678,#165);
#3929=ORIENTED_EDGE('',*,*,#3917,.F.);
#3930=ORIENTED_EDGE('',*,*,#1681,.F.);
#3931=CYLINDRICAL_SURFACE('',#1685,0.10875);
#3932=ADVANCED_FACE('',(#3933),#3940,.F.);
#3933=FACE_BOUND('',#3934,.F.);
#3934=EDGE_LOOP('',(#3935,#1742,#3938,#3939));
#3935=ORIENTED_EDGE('',*,*,#3936,.T.);
#3936=EDGE_CURVE('',#1672,#1739,#3937,.T.);
#3937=LINE('',#1673,#165);
#3938=ORIENTED_EDGE('',*,*,#3927,.F.);
#3939=ORIENTED_EDGE('',*,*,#1676,.F.);
#3940=PLANE('',#3941);
#3941=AXIS2_PLACEMENT_3D('',#1673,#1336,#512);
#3942=ADVANCED_FACE('',(#3943),#3950,.F.);
#3943=FACE_BOUND('',#3944,.F.);
#3944=EDGE_LOOP('',(#3945,#1737,#3948,#3949));
#3945=ORIENTED_EDGE('',*,*,#3946,.T.);
#3946=EDGE_CURVE('',#1667,#1734,#3947,.T.);
#3947=LINE('',#1668,#165);
#3948=ORIENTED_EDGE('',*,*,#3936,.F.);
#3949=ORIENTED_EDGE('',*,*,#1671,.F.);
#3950=PLANE('',#3951);
#3951=AXIS2_PLACEMENT_3D('',#1668,#512,#13);
#3952=ADVANCED_FACE('',(#3953),#3960,.F.);
#3953=FACE_BOUND('',#3954,.F.);
#3954=EDGE_LOOP('',(#3955,#1732,#3958,#3959));
#3955=ORIENTED_EDGE('',*,*,#3956,.T.);
#3956=EDGE_CURVE('',#1660,#1727,#3957,.T.);
#3957=LINE('',#1661,#165);
#3958=ORIENTED_EDGE('',*,*,#3946,.F.);
#3959=ORIENTED_EDGE('',*,*,#1666,.F.);
#3960=PLANE('',#3961);
#3961=AXIS2_PLACEMENT_3D('',#1661,#13,#150);
#3962=ADVANCED_FACE('',(#3963),#3970,.T.);
#3963=FACE_BOUND('',#3964,.F.);
#3964=EDGE_LOOP('',(#3965,#1725,#3968,#3969));
#3965=ORIENTED_EDGE('',*,*,#3966,.T.);
#3966=EDGE_CURVE('',#1655,#1722,#3967,.T.);
#3967=LINE('',#1656,#165);
#3968=ORIENTED_EDGE('',*,*,#3956,.F.);
#3969=ORIENTED_EDGE('',*,*,#1659,.F.);
#3970=CYLINDRICAL_SURFACE('',#3971,0.25375);
#3971=AXIS2_PLACEMENT_3D('',#1664,#1347,#495);
#3972=ADVANCED_FACE('',(#3973),#3978,.F.);
#3973=FACE_BOUND('',#3974,.F.);
#3974=EDGE_LOOP('',(#3975,#1720,#3976,#3977));
#3975=ORIENTED_EDGE('',*,*,#1713,.T.);
#3976=ORIENTED_EDGE('',*,*,#3966,.F.);
#3977=ORIENTED_EDGE('',*,*,#1654,.F.);
#3978=PLANE('',#3979);
#3979=AXIS2_PLACEMENT_3D('',#1649,#1416,#487);
#3980=ADVANCED_FACE('',(#3981),#3990,.F.);
#3981=FACE_BOUND('',#3982,.F.);
#3982=EDGE_LOOP('',(#3983,#3984,#1909,#3987,#3988,#3989));
#3983=ORIENTED_EDGE('',*,*,#1842,.F.);
#3984=ORIENTED_EDGE('',*,*,#3985,.T.);
#3985=EDGE_CURVE('',#1838,#1905,#3986,.T.);
#3986=LINE('',#1779,#165);
#3987=ORIENTED_EDGE('',*,*,#1930,.T.);
#3988=ORIENTED_EDGE('',*,*,#3699,.F.);
#3989=ORIENTED_EDGE('',*,*,#1775,.F.);
#3990=PLANE('',#3991);
#3991=AXIS2_PLACEMENT_3D('',#1779,#1336,#512);
#3992=ADVANCED_FACE('',(#3993),#4000,.T.);
#3993=FACE_BOUND('',#3994,.F.);
#3994=EDGE_LOOP('',(#3995,#1903,#3998,#3999));
#3995=ORIENTED_EDGE('',*,*,#3996,.T.);
#3996=EDGE_CURVE('',#1833,#1900,#3997,.T.);
#3997=LINE('',#1834,#165);
#3998=ORIENTED_EDGE('',*,*,#3985,.F.);
#3999=ORIENTED_EDGE('',*,*,#1837,.F.);
#4000=CYLINDRICAL_SURFACE('',#4001,0.25375);
#4001=AXIS2_PLACEMENT_3D('',#1797,#1347,#533);
#4002=ADVANCED_FACE('',(#4003),#4010,.F.);
#4003=FACE_BOUND('',#4004,.F.);
#4004=EDGE_LOOP('',(#4005,#1898,#4008,#4009));
#4005=ORIENTED_EDGE('',*,*,#4006,.T.);
#4006=EDGE_CURVE('',#1827,#1894,#4007,.T.);
#4007=LINE('',#1828,#165);
#4008=ORIENTED_EDGE('',*,*,#3996,.F.);
#4009=ORIENTED_EDGE('',*,*,#1832,.F.);
#4010=PLANE('',#4011);
#4011=AXIS2_PLACEMENT_3D('',#1828,#1358,#526);
#4012=ADVANCED_FACE('',(#4013),#4020,.F.);
#4013=FACE_BOUND('',#4014,.F.);
#4014=EDGE_LOOP('',(#4015,#1892,#4018,#4019));
#4015=ORIENTED_EDGE('',*,*,#4016,.T.);
#4016=EDGE_CURVE('',#1822,#1889,#4017,.T.);
#4017=LINE('',#1823,#165);
#4018=ORIENTED_EDGE('',*,*,#4006,.F.);
#4019=ORIENTED_EDGE('',*,*,#1826,.F.);
#4020=CYLINDRICAL_SURFACE('',#1830,0.10875);
#4021=ADVANCED_FACE('',(#4022),#4029,.F.);
#4022=FACE_BOUND('',#4023,.F.);
#4023=EDGE_LOOP('',(#4024,#1887,#4027,#4028));
#4024=ORIENTED_EDGE('',*,*,#4025,.T.);
#4025=EDGE_CURVE('',#1817,#1884,#4026,.T.);
#4026=LINE('',#1818,#165);
#4027=ORIENTED_EDGE('',*,*,#4016,.F.);
#4028=ORIENTED_EDGE('',*,*,#1821,.F.);
#4029=PLANE('',#4030);
#4030=AXIS2_PLACEMENT_3D('',#1818,#1336,#512);
#4031=ADVANCED_FACE('',(#4032),#4039,.F.);
#4032=FACE_BOUND('',#4033,.F.);
#4033=EDGE_LOOP('',(#4034,#1882,#4037,#4038));
#4034=ORIENTED_EDGE('',*,*,#4035,.T.);
#4035=EDGE_CURVE('',#1812,#1879,#4036,.T.);
#4036=LINE('',#1813,#165);
#4037=ORIENTED_EDGE('',*,*,#4025,.F.);
#4038=ORIENTED_EDGE('',*,*,#1816,.F.);
#4039=PLANE('',#4040);
#4040=AXIS2_PLACEMENT_3D('',#1813,#512,#13);
#4041=ADVANCED_FACE('',(#4042),#4049,.F.);
#4042=FACE_BOUND('',#4043,.F.);
#4043=EDGE_LOOP('',(#4044,#1877,#4047,#4048));
#4044=ORIENTED_EDGE('',*,*,#4045,.T.);
#4045=EDGE_CURVE('',#1805,#1872,#4046,.T.);
#4046=LINE('',#1806,#165);
#4047=ORIENTED_EDGE('',*,*,#4035,.F.);
#4048=ORIENTED_EDGE('',*,*,#1811,.F.);
#4049=PLANE('',#4050);
#4050=AXIS2_PLACEMENT_3D('',#1806,#13,#150);
#4051=ADVANCED_FACE('',(#4052),#4059,.T.);
#4052=FACE_BOUND('',#4053,.F.);
#4053=EDGE_LOOP('',(#4054,#1870,#4057,#4058));
#4054=ORIENTED_EDGE('',*,*,#4055,.T.);
#4055=EDGE_CURVE('',#1800,#1867,#4056,.T.);
#4056=LINE('',#1801,#165);
#4057=ORIENTED_EDGE('',*,*,#4045,.F.);
#4058=ORIENTED_EDGE('',*,*,#1804,.F.);
#4059=CYLINDRICAL_SURFACE('',#4060,0.25375);
#4060=AXIS2_PLACEMENT_3D('',#1809,#1347,#495);
#4061=ADVANCED_FACE('',(#4062),#4067,.F.);
#4062=FACE_BOUND('',#4063,.F.);
#4063=EDGE_LOOP('',(#4064,#1865,#4065,#4066));
#4064=ORIENTED_EDGE('',*,*,#1858,.T.);
#4065=ORIENTED_EDGE('',*,*,#4055,.F.);
#4066=ORIENTED_EDGE('',*,*,#1799,.F.);
#4067=PLANE('',#4068);
#4068=AXIS2_PLACEMENT_3D('',#1794,#1416,#487);
#4069=ADVANCED_FACE('',(#4070),#4079,.F.);
#4070=FACE_BOUND('',#4071,.F.);
#4071=EDGE_LOOP('',(#4072,#4073,#2054,#4076,#4077,#4078));
#4072=ORIENTED_EDGE('',*,*,#1987,.F.);
#4073=ORIENTED_EDGE('',*,*,#4074,.T.);
#4074=EDGE_CURVE('',#1983,#2050,#4075,.T.);
#4075=LINE('',#1924,#165);
#4076=ORIENTED_EDGE('',*,*,#2075,.T.);
#4077=ORIENTED_EDGE('',*,*,#3702,.F.);
#4078=ORIENTED_EDGE('',*,*,#1920,.F.);
#4079=PLANE('',#4080);
#4080=AXIS2_PLACEMENT_3D('',#1924,#1336,#512);
#4081=ADVANCED_FACE('',(#4082),#4089,.T.);
#4082=FACE_BOUND('',#4083,.F.);
#4083=EDGE_LOOP('',(#4084,#2048,#4087,#4088));
#4084=ORIENTED_EDGE('',*,*,#4085,.T.);
#4085=EDGE_CURVE('',#1978,#2045,#4086,.T.);
#4086=LINE('',#1979,#165);
#4087=ORIENTED_EDGE('',*,*,#4074,.F.);
#4088=ORIENTED_EDGE('',*,*,#1982,.F.);
#4089=CYLINDRICAL_SURFACE('',#4090,0.25375);
#4090=AXIS2_PLACEMENT_3D('',#1942,#1347,#533);
#4091=ADVANCED_FACE('',(#4092),#4099,.F.);
#4092=FACE_BOUND('',#4093,.F.);
#4093=EDGE_LOOP('',(#4094,#2043,#4097,#4098));
#4094=ORIENTED_EDGE('',*,*,#4095,.T.);
#4095=EDGE_CURVE('',#1972,#2039,#4096,.T.);
#4096=LINE('',#1973,#165);
#4097=ORIENTED_EDGE('',*,*,#4085,.F.);
#4098=ORIENTED_EDGE('',*,*,#1977,.F.);
#4099=PLANE('',#4100);
#4100=AXIS2_PLACEMENT_3D('',#1973,#1358,#526);
#4101=ADVANCED_FACE('',(#4102),#4109,.F.);
#4102=FACE_BOUND('',#4103,.F.);
#4103=EDGE_LOOP('',(#4104,#2037,#4107,#4108));
#4104=ORIENTED_EDGE('',*,*,#4105,.T.);
#4105=EDGE_CURVE('',#1967,#2034,#4106,.T.);
#4106=LINE('',#1968,#165);
#4107=ORIENTED_EDGE('',*,*,#4095,.F.);
#4108=ORIENTED_EDGE('',*,*,#1971,.F.);
#4109=CYLINDRICAL_SURFACE('',#1975,0.10875);
#4110=ADVANCED_FACE('',(#4111),#4118,.F.);
#4111=FACE_BOUND('',#4112,.F.);
#4112=EDGE_LOOP('',(#4113,#2032,#4116,#4117));
#4113=ORIENTED_EDGE('',*,*,#4114,.T.);
#4114=EDGE_CURVE('',#1962,#2029,#4115,.T.);
#4115=LINE('',#1963,#165);
#4116=ORIENTED_EDGE('',*,*,#4105,.F.);
#4117=ORIENTED_EDGE('',*,*,#1966,.F.);
#4118=PLANE('',#4119);
#4119=AXIS2_PLACEMENT_3D('',#1963,#1336,#512);
#4120=ADVANCED_FACE('',(#4121),#4128,.F.);
#4121=FACE_BOUND('',#4122,.F.);
#4122=EDGE_LOOP('',(#4123,#2027,#4126,#4127));
#4123=ORIENTED_EDGE('',*,*,#4124,.T.);
#4124=EDGE_CURVE('',#1957,#2024,#4125,.T.);
#4125=LINE('',#1958,#165);
#4126=ORIENTED_EDGE('',*,*,#4114,.F.);
#4127=ORIENTED_EDGE('',*,*,#1961,.F.);
#4128=PLANE('',#4129);
#4129=AXIS2_PLACEMENT_3D('',#1958,#512,#13);
#4130=ADVANCED_FACE('',(#4131),#4138,.F.);
#4131=FACE_BOUND('',#4132,.F.);
#4132=EDGE_LOOP('',(#4133,#2022,#4136,#4137));
#4133=ORIENTED_EDGE('',*,*,#4134,.T.);
#4134=EDGE_CURVE('',#1950,#2017,#4135,.T.);
#4135=LINE('',#1951,#165);
#4136=ORIENTED_EDGE('',*,*,#4124,.F.);
#4137=ORIENTED_EDGE('',*,*,#1956,.F.);
#4138=PLANE('',#4139);
#4139=AXIS2_PLACEMENT_3D('',#1951,#13,#150);
#4140=ADVANCED_FACE('',(#4141),#4148,.T.);
#4141=FACE_BOUND('',#4142,.F.);
#4142=EDGE_LOOP('',(#4143,#2015,#4146,#4147));
#4143=ORIENTED_EDGE('',*,*,#4144,.T.);
#4144=EDGE_CURVE('',#1945,#2012,#4145,.T.);
#4145=LINE('',#1946,#165);
#4146=ORIENTED_EDGE('',*,*,#4134,.F.);
#4147=ORIENTED_EDGE('',*,*,#1949,.F.);
#4148=CYLINDRICAL_SURFACE('',#4149,0.25375);
#4149=AXIS2_PLACEMENT_3D('',#1954,#1347,#495);
#4150=ADVANCED_FACE('',(#4151),#4156,.F.);
#4151=FACE_BOUND('',#4152,.F.);
#4152=EDGE_LOOP('',(#4153,#2010,#4154,#4155));
#4153=ORIENTED_EDGE('',*,*,#2003,.T.);
#4154=ORIENTED_EDGE('',*,*,#4144,.F.);
#4155=ORIENTED_EDGE('',*,*,#1944,.F.);
#4156=PLANE('',#4157);
#4157=AXIS2_PLACEMENT_3D('',#1939,#1416,#487);
#4158=ADVANCED_FACE('',(#4159),#4168,.F.);
#4159=FACE_BOUND('',#4160,.F.);
#4160=EDGE_LOOP('',(#4161,#4162,#2199,#4165,#4166,#4167));
#4161=ORIENTED_EDGE('',*,*,#2132,.F.);
#4162=ORIENTED_EDGE('',*,*,#4163,.T.);
#4163=EDGE_CURVE('',#2128,#2195,#4164,.T.);
#4164=LINE('',#2069,#165);
#4165=ORIENTED_EDGE('',*,*,#2220,.T.);
#4166=ORIENTED_EDGE('',*,*,#3705,.F.);
#4167=ORIENTED_EDGE('',*,*,#2065,.F.);
#4168=PLANE('',#4169);
#4169=AXIS2_PLACEMENT_3D('',#2069,#1336,#512);
#4170=ADVANCED_FACE('',(#4171),#4178,.T.);
#4171=FACE_BOUND('',#4172,.F.);
#4172=EDGE_LOOP('',(#4173,#2193,#4176,#4177));
#4173=ORIENTED_EDGE('',*,*,#4174,.T.);
#4174=EDGE_CURVE('',#2123,#2190,#4175,.T.);
#4175=LINE('',#2124,#165);
#4176=ORIENTED_EDGE('',*,*,#4163,.F.);
#4177=ORIENTED_EDGE('',*,*,#2127,.F.);
#4178=CYLINDRICAL_SURFACE('',#4179,0.25375);
#4179=AXIS2_PLACEMENT_3D('',#2087,#1347,#533);
#4180=ADVANCED_FACE('',(#4181),#4188,.F.);
#4181=FACE_BOUND('',#4182,.F.);
#4182=EDGE_LOOP('',(#4183,#2188,#4186,#4187));
#4183=ORIENTED_EDGE('',*,*,#4184,.T.);
#4184=EDGE_CURVE('',#2117,#2184,#4185,.T.);
#4185=LINE('',#2118,#165);
#4186=ORIENTED_EDGE('',*,*,#4174,.F.);
#4187=ORIENTED_EDGE('',*,*,#2122,.F.);
#4188=PLANE('',#4189);
#4189=AXIS2_PLACEMENT_3D('',#2118,#1358,#526);
#4190=ADVANCED_FACE('',(#4191),#4198,.F.);
#4191=FACE_BOUND('',#4192,.F.);
#4192=EDGE_LOOP('',(#4193,#2182,#4196,#4197));
#4193=ORIENTED_EDGE('',*,*,#4194,.T.);
#4194=EDGE_CURVE('',#2112,#2179,#4195,.T.);
#4195=LINE('',#2113,#165);
#4196=ORIENTED_EDGE('',*,*,#4184,.F.);
#4197=ORIENTED_EDGE('',*,*,#2116,.F.);
#4198=CYLINDRICAL_SURFACE('',#2120,0.10875);
#4199=ADVANCED_FACE('',(#4200),#4207,.F.);
#4200=FACE_BOUND('',#4201,.F.);
#4201=EDGE_LOOP('',(#4202,#2177,#4205,#4206));
#4202=ORIENTED_EDGE('',*,*,#4203,.T.);
#4203=EDGE_CURVE('',#2107,#2174,#4204,.T.);
#4204=LINE('',#2108,#165);
#4205=ORIENTED_EDGE('',*,*,#4194,.F.);
#4206=ORIENTED_EDGE('',*,*,#2111,.F.);
#4207=PLANE('',#4208);
#4208=AXIS2_PLACEMENT_3D('',#2108,#1336,#512);
#4209=ADVANCED_FACE('',(#4210),#4217,.F.);
#4210=FACE_BOUND('',#4211,.F.);
#4211=EDGE_LOOP('',(#4212,#2172,#4215,#4216));
#4212=ORIENTED_EDGE('',*,*,#4213,.T.);
#4213=EDGE_CURVE('',#2102,#2169,#4214,.T.);
#4214=LINE('',#2103,#165);
#4215=ORIENTED_EDGE('',*,*,#4203,.F.);
#4216=ORIENTED_EDGE('',*,*,#2106,.F.);
#4217=PLANE('',#4218);
#4218=AXIS2_PLACEMENT_3D('',#2103,#512,#13);
#4219=ADVANCED_FACE('',(#4220),#4227,.F.);
#4220=FACE_BOUND('',#4221,.F.);
#4221=EDGE_LOOP('',(#4222,#2167,#4225,#4226));
#4222=ORIENTED_EDGE('',*,*,#4223,.T.);
#4223=EDGE_CURVE('',#2095,#2162,#4224,.T.);
#4224=LINE('',#2096,#165);
#4225=ORIENTED_EDGE('',*,*,#4213,.F.);
#4226=ORIENTED_EDGE('',*,*,#2101,.F.);
#4227=PLANE('',#4228);
#4228=AXIS2_PLACEMENT_3D('',#2096,#13,#150);
#4229=ADVANCED_FACE('',(#4230),#4237,.T.);
#4230=FACE_BOUND('',#4231,.F.);
#4231=EDGE_LOOP('',(#4232,#2160,#4235,#4236));
#4232=ORIENTED_EDGE('',*,*,#4233,.T.);
#4233=EDGE_CURVE('',#2090,#2157,#4234,.T.);
#4234=LINE('',#2091,#165);
#4235=ORIENTED_EDGE('',*,*,#4223,.F.);
#4236=ORIENTED_EDGE('',*,*,#2094,.F.);
#4237=CYLINDRICAL_SURFACE('',#4238,0.25375);
#4238=AXIS2_PLACEMENT_3D('',#2099,#1347,#495);
#4239=ADVANCED_FACE('',(#4240),#4245,.F.);
#4240=FACE_BOUND('',#4241,.F.);
#4241=EDGE_LOOP('',(#4242,#2155,#4243,#4244));
#4242=ORIENTED_EDGE('',*,*,#2148,.T.);
#4243=ORIENTED_EDGE('',*,*,#4233,.F.);
#4244=ORIENTED_EDGE('',*,*,#2089,.F.);
#4245=PLANE('',#4246);
#4246=AXIS2_PLACEMENT_3D('',#2084,#1416,#487);
#4247=ADVANCED_FACE('',(#4248),#4257,.F.);
#4248=FACE_BOUND('',#4249,.F.);
#4249=EDGE_LOOP('',(#4250,#4251,#2344,#4254,#4255,#4256));
#4250=ORIENTED_EDGE('',*,*,#2277,.F.);
#4251=ORIENTED_EDGE('',*,*,#4252,.T.);
#4252=EDGE_CURVE('',#2273,#2340,#4253,.T.);
#4253=LINE('',#2214,#165);
#4254=ORIENTED_EDGE('',*,*,#2365,.T.);
#4255=ORIENTED_EDGE('',*,*,#3708,.F.);
#4256=ORIENTED_EDGE('',*,*,#2210,.F.);
#4257=PLANE('',#4258);
#4258=AXIS2_PLACEMENT_3D('',#2214,#1336,#512);
#4259=ADVANCED_FACE('',(#4260),#4267,.T.);
#4260=FACE_BOUND('',#4261,.F.);
#4261=EDGE_LOOP('',(#4262,#2338,#4265,#4266));
#4262=ORIENTED_EDGE('',*,*,#4263,.T.);
#4263=EDGE_CURVE('',#2268,#2335,#4264,.T.);
#4264=LINE('',#2269,#165);
#4265=ORIENTED_EDGE('',*,*,#4252,.F.);
#4266=ORIENTED_EDGE('',*,*,#2272,.F.);
#4267=CYLINDRICAL_SURFACE('',#4268,0.25375);
#4268=AXIS2_PLACEMENT_3D('',#2232,#1347,#533);
#4269=ADVANCED_FACE('',(#4270),#4277,.F.);
#4270=FACE_BOUND('',#4271,.F.);
#4271=EDGE_LOOP('',(#4272,#2333,#4275,#4276));
#4272=ORIENTED_EDGE('',*,*,#4273,.T.);
#4273=EDGE_CURVE('',#2262,#2329,#4274,.T.);
#4274=LINE('',#2263,#165);
#4275=ORIENTED_EDGE('',*,*,#4263,.F.);
#4276=ORIENTED_EDGE('',*,*,#2267,.F.);
#4277=PLANE('',#4278);
#4278=AXIS2_PLACEMENT_3D('',#2263,#1358,#526);
#4279=ADVANCED_FACE('',(#4280),#4287,.F.);
#4280=FACE_BOUND('',#4281,.F.);
#4281=EDGE_LOOP('',(#4282,#2327,#4285,#4286));
#4282=ORIENTED_EDGE('',*,*,#4283,.T.);
#4283=EDGE_CURVE('',#2257,#2324,#4284,.T.);
#4284=LINE('',#2258,#165);
#4285=ORIENTED_EDGE('',*,*,#4273,.F.);
#4286=ORIENTED_EDGE('',*,*,#2261,.F.);
#4287=CYLINDRICAL_SURFACE('',#2265,0.10875);
#4288=ADVANCED_FACE('',(#4289),#4296,.F.);
#4289=FACE_BOUND('',#4290,.F.);
#4290=EDGE_LOOP('',(#4291,#2322,#4294,#4295));
#4291=ORIENTED_EDGE('',*,*,#4292,.T.);
#4292=EDGE_CURVE('',#2252,#2319,#4293,.T.);
#4293=LINE('',#2253,#165);
#4294=ORIENTED_EDGE('',*,*,#4283,.F.);
#4295=ORIENTED_EDGE('',*,*,#2256,.F.);
#4296=PLANE('',#4297);
#4297=AXIS2_PLACEMENT_3D('',#2253,#1336,#512);
#4298=ADVANCED_FACE('',(#4299),#4306,.F.);
#4299=FACE_BOUND('',#4300,.F.);
#4300=EDGE_LOOP('',(#4301,#2317,#4304,#4305));
#4301=ORIENTED_EDGE('',*,*,#4302,.T.);
#4302=EDGE_CURVE('',#2247,#2314,#4303,.T.);
#4303=LINE('',#2248,#165);
#4304=ORIENTED_EDGE('',*,*,#4292,.F.);
#4305=ORIENTED_EDGE('',*,*,#2251,.F.);
#4306=PLANE('',#4307);
#4307=AXIS2_PLACEMENT_3D('',#2248,#512,#13);
#4308=ADVANCED_FACE('',(#4309),#4316,.F.);
#4309=FACE_BOUND('',#4310,.F.);
#4310=EDGE_LOOP('',(#4311,#2312,#4314,#4315));
#4311=ORIENTED_EDGE('',*,*,#4312,.T.);
#4312=EDGE_CURVE('',#2240,#2307,#4313,.T.);
#4313=LINE('',#2241,#165);
#4314=ORIENTED_EDGE('',*,*,#4302,.F.);
#4315=ORIENTED_EDGE('',*,*,#2246,.F.);
#4316=PLANE('',#4317);
#4317=AXIS2_PLACEMENT_3D('',#2241,#13,#150);
#4318=ADVANCED_FACE('',(#4319),#4326,.T.);
#4319=FACE_BOUND('',#4320,.F.);
#4320=EDGE_LOOP('',(#4321,#2305,#4324,#4325));
#4321=ORIENTED_EDGE('',*,*,#4322,.T.);
#4322=EDGE_CURVE('',#2235,#2302,#4323,.T.);
#4323=LINE('',#2236,#165);
#4324=ORIENTED_EDGE('',*,*,#4312,.F.);
#4325=ORIENTED_EDGE('',*,*,#2239,.F.);
#4326=CYLINDRICAL_SURFACE('',#4327,0.25375);
#4327=AXIS2_PLACEMENT_3D('',#2244,#1347,#495);
#4328=ADVANCED_FACE('',(#4329),#4334,.F.);
#4329=FACE_BOUND('',#4330,.F.);
#4330=EDGE_LOOP('',(#4331,#2300,#4332,#4333));
#4331=ORIENTED_EDGE('',*,*,#2293,.T.);
#4332=ORIENTED_EDGE('',*,*,#4322,.F.);
#4333=ORIENTED_EDGE('',*,*,#2234,.F.);
#4334=PLANE('',#4335);
#4335=AXIS2_PLACEMENT_3D('',#2229,#1416,#487);
#4336=ADVANCED_FACE('',(#4337),#4346,.F.);
#4337=FACE_BOUND('',#4338,.F.);
#4338=EDGE_LOOP('',(#4339,#4340,#2489,#4343,#4344,#4345));
#4339=ORIENTED_EDGE('',*,*,#2422,.F.);
#4340=ORIENTED_EDGE('',*,*,#4341,.T.);
#4341=EDGE_CURVE('',#2418,#2485,#4342,.T.);
#4342=LINE('',#2359,#165);
#4343=ORIENTED_EDGE('',*,*,#2505,.T.);
#4344=ORIENTED_EDGE('',*,*,#3711,.F.);
#4345=ORIENTED_EDGE('',*,*,#2355,.F.);
#4346=PLANE('',#4347);
#4347=AXIS2_PLACEMENT_3D('',#2359,#1336,#512);
#4348=ADVANCED_FACE('',(#4349),#4356,.T.);
#4349=FACE_BOUND('',#4350,.F.);
#4350=EDGE_LOOP('',(#4351,#2483,#4354,#4355));
#4351=ORIENTED_EDGE('',*,*,#4352,.T.);
#4352=EDGE_CURVE('',#2413,#2480,#4353,.T.);
#4353=LINE('',#2414,#165);
#4354=ORIENTED_EDGE('',*,*,#4341,.F.);
#4355=ORIENTED_EDGE('',*,*,#2417,.F.);
#4356=CYLINDRICAL_SURFACE('',#4357,0.25375);
#4357=AXIS2_PLACEMENT_3D('',#2377,#1347,#533);
#4358=ADVANCED_FACE('',(#4359),#4366,.F.);
#4359=FACE_BOUND('',#4360,.F.);
#4360=EDGE_LOOP('',(#4361,#2478,#4364,#4365));
#4361=ORIENTED_EDGE('',*,*,#4362,.T.);
#4362=EDGE_CURVE('',#2407,#2474,#4363,.T.);
#4363=LINE('',#2408,#165);
#4364=ORIENTED_EDGE('',*,*,#4352,.F.);
#4365=ORIENTED_EDGE('',*,*,#2412,.F.);
#4366=PLANE('',#4367);
#4367=AXIS2_PLACEMENT_3D('',#2408,#1358,#526);
#4368=ADVANCED_FACE('',(#4369),#4376,.F.);
#4369=FACE_BOUND('',#4370,.F.);
#4370=EDGE_LOOP('',(#4371,#2472,#4374,#4375));
#4371=ORIENTED_EDGE('',*,*,#4372,.T.);
#4372=EDGE_CURVE('',#2402,#2469,#4373,.T.);
#4373=LINE('',#2403,#165);
#4374=ORIENTED_EDGE('',*,*,#4362,.F.);
#4375=ORIENTED_EDGE('',*,*,#2406,.F.);
#4376=CYLINDRICAL_SURFACE('',#2410,0.10875);
#4377=ADVANCED_FACE('',(#4378),#4385,.F.);
#4378=FACE_BOUND('',#4379,.F.);
#4379=EDGE_LOOP('',(#4380,#2467,#4383,#4384));
#4380=ORIENTED_EDGE('',*,*,#4381,.T.);
#4381=EDGE_CURVE('',#2397,#2464,#4382,.T.);
#4382=LINE('',#2398,#165);
#4383=ORIENTED_EDGE('',*,*,#4372,.F.);
#4384=ORIENTED_EDGE('',*,*,#2401,.F.);
#4385=PLANE('',#4386);
#4386=AXIS2_PLACEMENT_3D('',#2398,#1336,#512);
#4387=ADVANCED_FACE('',(#4388),#4395,.F.);
#4388=FACE_BOUND('',#4389,.F.);
#4389=EDGE_LOOP('',(#4390,#2462,#4393,#4394));
#4390=ORIENTED_EDGE('',*,*,#4391,.T.);
#4391=EDGE_CURVE('',#2392,#2459,#4392,.T.);
#4392=LINE('',#2393,#165);
#4393=ORIENTED_EDGE('',*,*,#4381,.F.);
#4394=ORIENTED_EDGE('',*,*,#2396,.F.);
#4395=PLANE('',#4396);
#4396=AXIS2_PLACEMENT_3D('',#2393,#512,#13);
#4397=ADVANCED_FACE('',(#4398),#4405,.F.);
#4398=FACE_BOUND('',#4399,.F.);
#4399=EDGE_LOOP('',(#4400,#2457,#4403,#4404));
#4400=ORIENTED_EDGE('',*,*,#4401,.T.);
#4401=EDGE_CURVE('',#2385,#2452,#4402,.T.);
#4402=LINE('',#2386,#165);
#4403=ORIENTED_EDGE('',*,*,#4391,.F.);
#4404=ORIENTED_EDGE('',*,*,#2391,.F.);
#4405=PLANE('',#4406);
#4406=AXIS2_PLACEMENT_3D('',#2386,#13,#150);
#4407=ADVANCED_FACE('',(#4408),#4415,.T.);
#4408=FACE_BOUND('',#4409,.F.);
#4409=EDGE_LOOP('',(#4410,#2450,#4413,#4414));
#4410=ORIENTED_EDGE('',*,*,#4411,.T.);
#4411=EDGE_CURVE('',#2380,#2447,#4412,.T.);
#4412=LINE('',#2381,#165);
#4413=ORIENTED_EDGE('',*,*,#4401,.F.);
#4414=ORIENTED_EDGE('',*,*,#2384,.F.);
#4415=CYLINDRICAL_SURFACE('',#4416,0.25375);
#4416=AXIS2_PLACEMENT_3D('',#2389,#1347,#495);
#4417=ADVANCED_FACE('',(#4418),#4423,.F.);
#4418=FACE_BOUND('',#4419,.F.);
#4419=EDGE_LOOP('',(#4420,#2445,#4421,#4422));
#4420=ORIENTED_EDGE('',*,*,#2438,.T.);
#4421=ORIENTED_EDGE('',*,*,#4411,.F.);
#4422=ORIENTED_EDGE('',*,*,#2379,.F.);
#4423=PLANE('',#4424);
#4424=AXIS2_PLACEMENT_3D('',#2374,#1416,#487);
#4425=ADVANCED_FACE('',(#4426),#4438,.F.);
#4426=FACE_BOUND('',#4427,.F.);
#4427=EDGE_LOOP('',(#4428,#4429,#3683,#4432,#4433,#4434,#4436,#4437));
#4428=ORIENTED_EDGE('',*,*,#3617,.F.);
#4429=ORIENTED_EDGE('',*,*,#4430,.T.);
#4430=EDGE_CURVE('',#3613,#3680,#4431,.T.);
#4431=LINE('',#3558,#636);
#4432=ORIENTED_EDGE('',*,*,#2542,.T.);
#4433=ORIENTED_EDGE('',*,*,#2536,.F.);
#4434=ORIENTED_EDGE('',*,*,#4435,.F.);
#4435=EDGE_CURVE('',#3782,#2531,#2533,.T.);
#4436=ORIENTED_EDGE('',*,*,#3781,.F.);
#4437=ORIENTED_EDGE('',*,*,#3554,.F.);
#4438=PLANE('',#4439);
#4439=AXIS2_PLACEMENT_3D('',#3558,#1336,#630);
#4440=ADVANCED_FACE('',(#4441),#4449,.F.);
#4441=FACE_BOUND('',#4442,.F.);
#4442=EDGE_LOOP('',(#4443,#4444,#4445,#3737,#4448));
#4443=ORIENTED_EDGE('',*,*,#4435,.T.);
#4444=ORIENTED_EDGE('',*,*,#2530,.T.);
#4445=ORIENTED_EDGE('',*,*,#4446,.T.);
#4446=EDGE_CURVE('',#2526,#3734,#4447,.T.);
#4447=B_SPLINE_CURVE_WITH_KNOTS('',1,(#2527,#3735),.UNSPECIFIED.,.F.,.F.,(2,2),(0.,1.),.PIECEWISE_BEZIER_KNOTS.);
#4448=ORIENTED_EDGE('',*,*,#3784,.F.);
#4449=B_SPLINE_SURFACE_WITH_KNOTS('',1,1,((#2534,#3740),(#2527,#3735)),.UNSPECIFIED.,.F.,.F.,.F.,(2,2),(2,2),(0.,0.173241161391),(0.,1.),.PIECEWISE_BEZIER_KNOTS.);
#4450=ADVANCED_FACE('',(#4451),#4458,.F.);
#4451=FACE_BOUND('',#4452,.F.);
#4452=EDGE_LOOP('',(#4453,#4454,#3732,#4457));
#4453=ORIENTED_EDGE('',*,*,#2525,.T.);
#4454=ORIENTED_EDGE('',*,*,#4455,.T.);
#4455=EDGE_CURVE('',#2521,#3729,#4456,.T.);
#4456=B_SPLINE_CURVE_WITH_KNOTS('',1,(#2522,#3730),.UNSPECIFIED.,.F.,.F.,(2,2),(0.,1.),.PIECEWISE_BEZIER_KNOTS.);
#4457=ORIENTED_EDGE('',*,*,#4446,.F.);
#4458=B_SPLINE_SURFACE_WITH_KNOTS('',1,1,((#2527,#3735),(#2522,#3730)),.UNSPECIFIED.,.F.,.F.,.F.,(2,2),(2,2),(0.,4.055),(0.,1.),.PIECEWISE_BEZIER_KNOTS.);
#4459=ADVANCED_FACE('',(#4460),#4466,.F.);
#4460=FACE_BOUND('',#4461,.F.);
#4461=EDGE_LOOP('',(#4462,#4463,#4464,#3727,#4465));
#4462=ORIENTED_EDGE('',*,*,#2520,.T.);
#4463=ORIENTED_EDGE('',*,*,#3809,.T.);
#4464=ORIENTED_EDGE('',*,*,#3721,.T.);
#4465=ORIENTED_EDGE('',*,*,#4455,.F.);
#4466=B_SPLINE_SURFACE_WITH_KNOTS('',1,1,((#2522,#3730),(#1331,#3718)),.UNSPECIFIED.,.F.,.F.,.F.,(2,2),(2,2),(0.,0.173241161391),(0.,1.),.PIECEWISE_BEZIER_KNOTS.);
#4467=ADVANCED_FACE('',(#4468),#4475,.F.);
#4468=FACE_BOUND('',#4469,.F.);
#4469=EDGE_LOOP('',(#4470,#2666,#4473,#4474));
#4470=ORIENTED_EDGE('',*,*,#4471,.T.);
#4471=EDGE_CURVE('',#2593,#2662,#4472,.T.);
#4472=LINE('',#2594,#636);
#4473=ORIENTED_EDGE('',*,*,#3792,.F.);
#4474=ORIENTED_EDGE('',*,*,#2599,.F.);
#4475=PLANE('',#4476);
#4476=AXIS2_PLACEMENT_3D('',#2594,#4477,#2604);
#4477=DIRECTION('',(-0.98776705633,-1.096641728903E-16,-0.155936661597));
#4478=ADVANCED_FACE('',(#4479),#4486,.F.);
#4479=FACE_BOUND('',#4480,.F.);
#4480=EDGE_LOOP('',(#4481,#2660,#4484,#4485));
#4481=ORIENTED_EDGE('',*,*,#4482,.T.);
#4482=EDGE_CURVE('',#2588,#2657,#4483,.T.);
#4483=LINE('',#2589,#636);
#4484=ORIENTED_EDGE('',*,*,#4471,.F.);
#4485=ORIENTED_EDGE('',*,*,#2592,.F.);
#4486=CYLINDRICAL_SURFACE('',#2596,0.10875);
#4487=ADVANCED_FACE('',(#4488),#4495,.F.);
#4488=FACE_BOUND('',#4489,.F.);
#4489=EDGE_LOOP('',(#4490,#2655,#4493,#4494));
#4490=ORIENTED_EDGE('',*,*,#4491,.T.);
#4491=EDGE_CURVE('',#2583,#2652,#4492,.T.);
#4492=LINE('',#2584,#636);
#4493=ORIENTED_EDGE('',*,*,#4482,.F.);
#4494=ORIENTED_EDGE('',*,*,#2587,.F.);
#4495=PLANE('',#4496);
#4496=AXIS2_PLACEMENT_3D('',#2584,#1336,#630);
#4497=ADVANCED_FACE('',(#4498),#4505,.F.);
#4498=FACE_BOUND('',#4499,.F.);
#4499=EDGE_LOOP('',(#4500,#2650,#4503,#4504));
#4500=ORIENTED_EDGE('',*,*,#4501,.T.);
#4501=EDGE_CURVE('',#2578,#2647,#4502,.T.);
#4502=LINE('',#2579,#636);
#4503=ORIENTED_EDGE('',*,*,#4491,.F.);
#4504=ORIENTED_EDGE('',*,*,#2582,.F.);
#4505=PLANE('',#4506);
#4506=AXIS2_PLACEMENT_3D('',#2579,#630,#13);
#4507=ADVANCED_FACE('',(#4508),#4515,.F.);
#4508=FACE_BOUND('',#4509,.F.);
#4509=EDGE_LOOP('',(#4510,#2645,#4513,#4514));
#4510=ORIENTED_EDGE('',*,*,#4511,.T.);
#4511=EDGE_CURVE('',#2570,#2640,#4512,.T.);
#4512=LINE('',#2571,#636);
#4513=ORIENTED_EDGE('',*,*,#4501,.F.);
#4514=ORIENTED_EDGE('',*,*,#2577,.F.);
#4515=PLANE('',#4516);
#4516=AXIS2_PLACEMENT_3D('',#2571,#13,#982);
#4517=ADVANCED_FACE('',(#4518),#4525,.T.);
#4518=FACE_BOUND('',#4519,.F.);
#4519=EDGE_LOOP('',(#4520,#2638,#4523,#4524));
#4520=ORIENTED_EDGE('',*,*,#4521,.T.);
#4521=EDGE_CURVE('',#2563,#2635,#4522,.T.);
#4522=LINE('',#2564,#636);
#4523=ORIENTED_EDGE('',*,*,#4511,.F.);
#4524=ORIENTED_EDGE('',*,*,#2569,.F.);
#4525=CYLINDRICAL_SURFACE('',#4526,0.25375);
#4526=AXIS2_PLACEMENT_3D('',#2574,#3798,#2575);
#4527=ADVANCED_FACE('',(#4528),#4533,.F.);
#4528=FACE_BOUND('',#4529,.F.);
#4529=EDGE_LOOP('',(#4530,#2633,#4531,#4532));
#4530=ORIENTED_EDGE('',*,*,#2626,.T.);
#4531=ORIENTED_EDGE('',*,*,#4521,.F.);
#4532=ORIENTED_EDGE('',*,*,#2562,.F.);
#4533=PLANE('',#4534);
#4534=AXIS2_PLACEMENT_3D('',#2555,#4535,#2567);
#4535=DIRECTION('',(0.98776705633,1.096641728903E-16,0.155936661597));
#4536=ADVANCED_FACE('',(#4537),#4546,.F.);
#4537=FACE_BOUND('',#4538,.F.);
#4538=EDGE_LOOP('',(#4539,#4540,#2814,#4543,#4544,#4545));
#4539=ORIENTED_EDGE('',*,*,#2747,.F.);
#4540=ORIENTED_EDGE('',*,*,#4541,.T.);
#4541=EDGE_CURVE('',#2743,#2810,#4542,.T.);
#4542=LINE('',#2688,#636);
#4543=ORIENTED_EDGE('',*,*,#2824,.T.);
#4544=ORIENTED_EDGE('',*,*,#3763,.F.);
#4545=ORIENTED_EDGE('',*,*,#2684,.F.);
#4546=PLANE('',#4547);
#4547=AXIS2_PLACEMENT_3D('',#2688,#1336,#630);
#4548=ADVANCED_FACE('',(#4549),#4556,.T.);
#4549=FACE_BOUND('',#4550,.F.);
#4550=EDGE_LOOP('',(#4551,#2808,#4554,#4555));
#4551=ORIENTED_EDGE('',*,*,#4552,.T.);
#4552=EDGE_CURVE('',#2738,#2805,#4553,.T.);
#4553=LINE('',#2739,#636);
#4554=ORIENTED_EDGE('',*,*,#4541,.F.);
#4555=ORIENTED_EDGE('',*,*,#2742,.F.);
#4556=CYLINDRICAL_SURFACE('',#4557,0.25375);
#4557=AXIS2_PLACEMENT_3D('',#2702,#3798,#2609);
#4558=ADVANCED_FACE('',(#4559),#4566,.F.);
#4559=FACE_BOUND('',#4560,.F.);
#4560=EDGE_LOOP('',(#4561,#2803,#4564,#4565));
#4561=ORIENTED_EDGE('',*,*,#4562,.T.);
#4562=EDGE_CURVE('',#2732,#2799,#4563,.T.);
#4563=LINE('',#2733,#636);
#4564=ORIENTED_EDGE('',*,*,#4552,.F.);
#4565=ORIENTED_EDGE('',*,*,#2737,.F.);
#4566=PLANE('',#4567);
#4567=AXIS2_PLACEMENT_3D('',#2733,#4477,#2604);
#4568=ADVANCED_FACE('',(#4569),#4576,.F.);
#4569=FACE_BOUND('',#4570,.F.);
#4570=EDGE_LOOP('',(#4571,#2797,#4574,#4575));
#4571=ORIENTED_EDGE('',*,*,#4572,.T.);
#4572=EDGE_CURVE('',#2727,#2794,#4573,.T.);
#4573=LINE('',#2728,#636);
#4574=ORIENTED_EDGE('',*,*,#4562,.F.);
#4575=ORIENTED_EDGE('',*,*,#2731,.F.);
#4576=CYLINDRICAL_SURFACE('',#2735,0.10875);
#4577=ADVANCED_FACE('',(#4578),#4585,.F.);
#4578=FACE_BOUND('',#4579,.F.);
#4579=EDGE_LOOP('',(#4580,#2792,#4583,#4584));
#4580=ORIENTED_EDGE('',*,*,#4581,.T.);
#4581=EDGE_CURVE('',#2722,#2789,#4582,.T.);
#4582=LINE('',#2723,#636);
#4583=ORIENTED_EDGE('',*,*,#4572,.F.);
#4584=ORIENTED_EDGE('',*,*,#2726,.F.);
#4585=PLANE('',#4586);
#4586=AXIS2_PLACEMENT_3D('',#2723,#1336,#630);
#4587=ADVANCED_FACE('',(#4588),#4595,.F.);
#4588=FACE_BOUND('',#4589,.F.);
#4589=EDGE_LOOP('',(#4590,#2787,#4593,#4594));
#4590=ORIENTED_EDGE('',*,*,#4591,.T.);
#4591=EDGE_CURVE('',#2717,#2784,#4592,.T.);
#4592=LINE('',#2718,#636);
#4593=ORIENTED_EDGE('',*,*,#4581,.F.);
#4594=ORIENTED_EDGE('',*,*,#2721,.F.);
#4595=PLANE('',#4596);
#4596=AXIS2_PLACEMENT_3D('',#2718,#630,#13);
#4597=ADVANCED_FACE('',(#4598),#4605,.F.);
#4598=FACE_BOUND('',#4599,.F.);
#4599=EDGE_LOOP('',(#4600,#2782,#4603,#4604));
#4600=ORIENTED_EDGE('',*,*,#4601,.T.);
#4601=EDGE_CURVE('',#2710,#2777,#4602,.T.);
#4602=LINE('',#2711,#636);
#4603=ORIENTED_EDGE('',*,*,#4591,.F.);
#4604=ORIENTED_EDGE('',*,*,#2716,.F.);
#4605=PLANE('',#4606);
#4606=AXIS2_PLACEMENT_3D('',#2711,#13,#982);
#4607=ADVANCED_FACE('',(#4608),#4615,.T.);
#4608=FACE_BOUND('',#4609,.F.);
#4609=EDGE_LOOP('',(#4610,#2775,#4613,#4614));
#4610=ORIENTED_EDGE('',*,*,#4611,.T.);
#4611=EDGE_CURVE('',#2705,#2772,#4612,.T.);
#4612=LINE('',#2706,#636);
#4613=ORIENTED_EDGE('',*,*,#4601,.F.);
#4614=ORIENTED_EDGE('',*,*,#2709,.F.);
#4615=CYLINDRICAL_SURFACE('',#4616,0.25375);
#4616=AXIS2_PLACEMENT_3D('',#2714,#3798,#2575);
#4617=ADVANCED_FACE('',(#4618),#4623,.F.);
#4618=FACE_BOUND('',#4619,.F.);
#4619=EDGE_LOOP('',(#4620,#2770,#4621,#4622));
#4620=ORIENTED_EDGE('',*,*,#2763,.T.);
#4621=ORIENTED_EDGE('',*,*,#4611,.F.);
#4622=ORIENTED_EDGE('',*,*,#2704,.F.);
#4623=PLANE('',#4624);
#4624=AXIS2_PLACEMENT_3D('',#2699,#4535,#2567);
#4625=ADVANCED_FACE('',(#4626),#4635,.F.);
#4626=FACE_BOUND('',#4627,.F.);
#4627=EDGE_LOOP('',(#4628,#4629,#2959,#4632,#4633,#4634));
#4628=ORIENTED_EDGE('',*,*,#2892,.F.);
#4629=ORIENTED_EDGE('',*,*,#4630,.T.);
#4630=EDGE_CURVE('',#2888,#2955,#4631,.T.);
#4631=LINE('',#2833,#636);
#4632=ORIENTED_EDGE('',*,*,#2969,.T.);
#4633=ORIENTED_EDGE('',*,*,#3766,.F.);
#4634=ORIENTED_EDGE('',*,*,#2829,.F.);
#4635=PLANE('',#4636);
#4636=AXIS2_PLACEMENT_3D('',#2833,#1336,#630);
#4637=ADVANCED_FACE('',(#4638),#4645,.T.);
#4638=FACE_BOUND('',#4639,.F.);
#4639=EDGE_LOOP('',(#4640,#2953,#4643,#4644));
#4640=ORIENTED_EDGE('',*,*,#4641,.T.);
#4641=EDGE_CURVE('',#2883,#2950,#4642,.T.);
#4642=LINE('',#2884,#636);
#4643=ORIENTED_EDGE('',*,*,#4630,.F.);
#4644=ORIENTED_EDGE('',*,*,#2887,.F.);
#4645=CYLINDRICAL_SURFACE('',#4646,0.25375);
#4646=AXIS2_PLACEMENT_3D('',#2847,#3798,#2609);
#4647=ADVANCED_FACE('',(#4648),#4655,.F.);
#4648=FACE_BOUND('',#4649,.F.);
#4649=EDGE_LOOP('',(#4650,#2948,#4653,#4654));
#4650=ORIENTED_EDGE('',*,*,#4651,.T.);
#4651=EDGE_CURVE('',#2877,#2944,#4652,.T.);
#4652=LINE('',#2878,#636);
#4653=ORIENTED_EDGE('',*,*,#4641,.F.);
#4654=ORIENTED_EDGE('',*,*,#2882,.F.);
#4655=PLANE('',#4656);
#4656=AXIS2_PLACEMENT_3D('',#2878,#4477,#2604);
#4657=ADVANCED_FACE('',(#4658),#4665,.F.);
#4658=FACE_BOUND('',#4659,.F.);
#4659=EDGE_LOOP('',(#4660,#2942,#4663,#4664));
#4660=ORIENTED_EDGE('',*,*,#4661,.T.);
#4661=EDGE_CURVE('',#2872,#2939,#4662,.T.);
#4662=LINE('',#2873,#636);
#4663=ORIENTED_EDGE('',*,*,#4651,.F.);
#4664=ORIENTED_EDGE('',*,*,#2876,.F.);
#4665=CYLINDRICAL_SURFACE('',#2880,0.10875);
#4666=ADVANCED_FACE('',(#4667),#4674,.F.);
#4667=FACE_BOUND('',#4668,.F.);
#4668=EDGE_LOOP('',(#4669,#2937,#4672,#4673));
#4669=ORIENTED_EDGE('',*,*,#4670,.T.);
#4670=EDGE_CURVE('',#2867,#2934,#4671,.T.);
#4671=LINE('',#2868,#636);
#4672=ORIENTED_EDGE('',*,*,#4661,.F.);
#4673=ORIENTED_EDGE('',*,*,#2871,.F.);
#4674=PLANE('',#4675);
#4675=AXIS2_PLACEMENT_3D('',#2868,#1336,#630);
#4676=ADVANCED_FACE('',(#4677),#4684,.F.);
#4677=FACE_BOUND('',#4678,.F.);
#4678=EDGE_LOOP('',(#4679,#2932,#4682,#4683));
#4679=ORIENTED_EDGE('',*,*,#4680,.T.);
#4680=EDGE_CURVE('',#2862,#2929,#4681,.T.);
#4681=LINE('',#2863,#636);
#4682=ORIENTED_EDGE('',*,*,#4670,.F.);
#4683=ORIENTED_EDGE('',*,*,#2866,.F.);
#4684=PLANE('',#4685);
#4685=AXIS2_PLACEMENT_3D('',#2863,#630,#13);
#4686=ADVANCED_FACE('',(#4687),#4694,.F.);
#4687=FACE_BOUND('',#4688,.F.);
#4688=EDGE_LOOP('',(#4689,#2927,#4692,#4693));
#4689=ORIENTED_EDGE('',*,*,#4690,.T.);
#4690=EDGE_CURVE('',#2855,#2922,#4691,.T.);
#4691=LINE('',#2856,#636);
#4692=ORIENTED_EDGE('',*,*,#4680,.F.);
#4693=ORIENTED_EDGE('',*,*,#2861,.F.);
#4694=PLANE('',#4695);
#4695=AXIS2_PLACEMENT_3D('',#2856,#13,#982);
#4696=ADVANCED_FACE('',(#4697),#4704,.T.);
#4697=FACE_BOUND('',#4698,.F.);
#4698=EDGE_LOOP('',(#4699,#2920,#4702,#4703));
#4699=ORIENTED_EDGE('',*,*,#4700,.T.);
#4700=EDGE_CURVE('',#2850,#2917,#4701,.T.);
#4701=LINE('',#2851,#636);
#4702=ORIENTED_EDGE('',*,*,#4690,.F.);
#4703=ORIENTED_EDGE('',*,*,#2854,.F.);
#4704=CYLINDRICAL_SURFACE('',#4705,0.25375);
#4705=AXIS2_PLACEMENT_3D('',#2859,#3798,#2575);
#4706=ADVANCED_FACE('',(#4707),#4712,.F.);
#4707=FACE_BOUND('',#4708,.F.);
#4708=EDGE_LOOP('',(#4709,#2915,#4710,#4711));
#4709=ORIENTED_EDGE('',*,*,#2908,.T.);
#4710=ORIENTED_EDGE('',*,*,#4700,.F.);
#4711=ORIENTED_EDGE('',*,*,#2849,.F.);
#4712=PLANE('',#4713);
#4713=AXIS2_PLACEMENT_3D('',#2844,#4535,#2567);
#4714=ADVANCED_FACE('',(#4715),#4724,.F.);
#4715=FACE_BOUND('',#4716,.F.);
#4716=EDGE_LOOP('',(#4717,#4718,#3104,#4721,#4722,#4723));
#4717=ORIENTED_EDGE('',*,*,#3037,.F.);
#4718=ORIENTED_EDGE('',*,*,#4719,.T.);
#4719=EDGE_CURVE('',#3033,#3100,#4720,.T.);
#4720=LINE('',#2978,#636);
#4721=ORIENTED_EDGE('',*,*,#3114,.T.);
#4722=ORIENTED_EDGE('',*,*,#3769,.F.);
#4723=ORIENTED_EDGE('',*,*,#2974,.F.);
#4724=PLANE('',#4725);
#4725=AXIS2_PLACEMENT_3D('',#2978,#1336,#630);
#4726=ADVANCED_FACE('',(#4727),#4734,.T.);
#4727=FACE_BOUND('',#4728,.F.);
#4728=EDGE_LOOP('',(#4729,#3098,#4732,#4733));
#4729=ORIENTED_EDGE('',*,*,#4730,.T.);
#4730=EDGE_CURVE('',#3028,#3095,#4731,.T.);
#4731=LINE('',#3029,#636);
#4732=ORIENTED_EDGE('',*,*,#4719,.F.);
#4733=ORIENTED_EDGE('',*,*,#3032,.F.);
#4734=CYLINDRICAL_SURFACE('',#4735,0.25375);
#4735=AXIS2_PLACEMENT_3D('',#2992,#3798,#2609);
#4736=ADVANCED_FACE('',(#4737),#4744,.F.);
#4737=FACE_BOUND('',#4738,.F.);
#4738=EDGE_LOOP('',(#4739,#3093,#4742,#4743));
#4739=ORIENTED_EDGE('',*,*,#4740,.T.);
#4740=EDGE_CURVE('',#3022,#3089,#4741,.T.);
#4741=LINE('',#3023,#636);
#4742=ORIENTED_EDGE('',*,*,#4730,.F.);
#4743=ORIENTED_EDGE('',*,*,#3027,.F.);
#4744=PLANE('',#4745);
#4745=AXIS2_PLACEMENT_3D('',#3023,#4477,#2604);
#4746=ADVANCED_FACE('',(#4747),#4754,.F.);
#4747=FACE_BOUND('',#4748,.F.);
#4748=EDGE_LOOP('',(#4749,#3087,#4752,#4753));
#4749=ORIENTED_EDGE('',*,*,#4750,.T.);
#4750=EDGE_CURVE('',#3017,#3084,#4751,.T.);
#4751=LINE('',#3018,#636);
#4752=ORIENTED_EDGE('',*,*,#4740,.F.);
#4753=ORIENTED_EDGE('',*,*,#3021,.F.);
#4754=CYLINDRICAL_SURFACE('',#3025,0.10875);
#4755=ADVANCED_FACE('',(#4756),#4763,.F.);
#4756=FACE_BOUND('',#4757,.F.);
#4757=EDGE_LOOP('',(#4758,#3082,#4761,#4762));
#4758=ORIENTED_EDGE('',*,*,#4759,.T.);
#4759=EDGE_CURVE('',#3012,#3079,#4760,.T.);
#4760=LINE('',#3013,#636);
#4761=ORIENTED_EDGE('',*,*,#4750,.F.);
#4762=ORIENTED_EDGE('',*,*,#3016,.F.);
#4763=PLANE('',#4764);
#4764=AXIS2_PLACEMENT_3D('',#3013,#1336,#630);
#4765=ADVANCED_FACE('',(#4766),#4773,.F.);
#4766=FACE_BOUND('',#4767,.F.);
#4767=EDGE_LOOP('',(#4768,#3077,#4771,#4772));
#4768=ORIENTED_EDGE('',*,*,#4769,.T.);
#4769=EDGE_CURVE('',#3007,#3074,#4770,.T.);
#4770=LINE('',#3008,#636);
#4771=ORIENTED_EDGE('',*,*,#4759,.F.);
#4772=ORIENTED_EDGE('',*,*,#3011,.F.);
#4773=PLANE('',#4774);
#4774=AXIS2_PLACEMENT_3D('',#3008,#630,#13);
#4775=ADVANCED_FACE('',(#4776),#4783,.F.);
#4776=FACE_BOUND('',#4777,.F.);
#4777=EDGE_LOOP('',(#4778,#3072,#4781,#4782));
#4778=ORIENTED_EDGE('',*,*,#4779,.T.);
#4779=EDGE_CURVE('',#3000,#3067,#4780,.T.);
#4780=LINE('',#3001,#636);
#4781=ORIENTED_EDGE('',*,*,#4769,.F.);
#4782=ORIENTED_EDGE('',*,*,#3006,.F.);
#4783=PLANE('',#4784);
#4784=AXIS2_PLACEMENT_3D('',#3001,#13,#982);
#4785=ADVANCED_FACE('',(#4786),#4793,.T.);
#4786=FACE_BOUND('',#4787,.F.);
#4787=EDGE_LOOP('',(#4788,#3065,#4791,#4792));
#4788=ORIENTED_EDGE('',*,*,#4789,.T.);
#4789=EDGE_CURVE('',#2995,#3062,#4790,.T.);
#4790=LINE('',#2996,#636);
#4791=ORIENTED_EDGE('',*,*,#4779,.F.);
#4792=ORIENTED_EDGE('',*,*,#2999,.F.);
#4793=CYLINDRICAL_SURFACE('',#4794,0.25375);
#4794=AXIS2_PLACEMENT_3D('',#3004,#3798,#2575);
#4795=ADVANCED_FACE('',(#4796),#4801,.F.);
#4796=FACE_BOUND('',#4797,.F.);
#4797=EDGE_LOOP('',(#4798,#3060,#4799,#4800));
#4798=ORIENTED_EDGE('',*,*,#3053,.T.);
#4799=ORIENTED_EDGE('',*,*,#4789,.F.);
#4800=ORIENTED_EDGE('',*,*,#2994,.F.);
#4801=PLANE('',#4802);
#4802=AXIS2_PLACEMENT_3D('',#2989,#4535,#2567);
#4803=ADVANCED_FACE('',(#4804),#4813,.F.);
#4804=FACE_BOUND('',#4805,.F.);
#4805=EDGE_LOOP('',(#4806,#4807,#3249,#4810,#4811,#4812));
#4806=ORIENTED_EDGE('',*,*,#3182,.F.);
#4807=ORIENTED_EDGE('',*,*,#4808,.T.);
#4808=EDGE_CURVE('',#3178,#3245,#4809,.T.);
#4809=LINE('',#3123,#636);
#4810=ORIENTED_EDGE('',*,*,#3259,.T.);
#4811=ORIENTED_EDGE('',*,*,#3772,.F.);
#4812=ORIENTED_EDGE('',*,*,#3119,.F.);
#4813=PLANE('',#4814);
#4814=AXIS2_PLACEMENT_3D('',#3123,#1336,#630);
#4815=ADVANCED_FACE('',(#4816),#4823,.T.);
#4816=FACE_BOUND('',#4817,.F.);
#4817=EDGE_LOOP('',(#4818,#3243,#4821,#4822));
#4818=ORIENTED_EDGE('',*,*,#4819,.T.);
#4819=EDGE_CURVE('',#3173,#3240,#4820,.T.);
#4820=LINE('',#3174,#636);
#4821=ORIENTED_EDGE('',*,*,#4808,.F.);
#4822=ORIENTED_EDGE('',*,*,#3177,.F.);
#4823=CYLINDRICAL_SURFACE('',#4824,0.25375);
#4824=AXIS2_PLACEMENT_3D('',#3137,#3798,#2609);
#4825=ADVANCED_FACE('',(#4826),#4833,.F.);
#4826=FACE_BOUND('',#4827,.F.);
#4827=EDGE_LOOP('',(#4828,#3238,#4831,#4832));
#4828=ORIENTED_EDGE('',*,*,#4829,.T.);
#4829=EDGE_CURVE('',#3167,#3234,#4830,.T.);
#4830=LINE('',#3168,#636);
#4831=ORIENTED_EDGE('',*,*,#4819,.F.);
#4832=ORIENTED_EDGE('',*,*,#3172,.F.);
#4833=PLANE('',#4834);
#4834=AXIS2_PLACEMENT_3D('',#3168,#4477,#2604);
#4835=ADVANCED_FACE('',(#4836),#4843,.F.);
#4836=FACE_BOUND('',#4837,.F.);
#4837=EDGE_LOOP('',(#4838,#3232,#4841,#4842));
#4838=ORIENTED_EDGE('',*,*,#4839,.T.);
#4839=EDGE_CURVE('',#3162,#3229,#4840,.T.);
#4840=LINE('',#3163,#636);
#4841=ORIENTED_EDGE('',*,*,#4829,.F.);
#4842=ORIENTED_EDGE('',*,*,#3166,.F.);
#4843=CYLINDRICAL_SURFACE('',#3170,0.10875);
#4844=ADVANCED_FACE('',(#4845),#4852,.F.);
#4845=FACE_BOUND('',#4846,.F.);
#4846=EDGE_LOOP('',(#4847,#3227,#4850,#4851));
#4847=ORIENTED_EDGE('',*,*,#4848,.T.);
#4848=EDGE_CURVE('',#3157,#3224,#4849,.T.);
#4849=LINE('',#3158,#636);
#4850=ORIENTED_EDGE('',*,*,#4839,.F.);
#4851=ORIENTED_EDGE('',*,*,#3161,.F.);
#4852=PLANE('',#4853);
#4853=AXIS2_PLACEMENT_3D('',#3158,#1336,#630);
#4854=ADVANCED_FACE('',(#4855),#4862,.F.);
#4855=FACE_BOUND('',#4856,.F.);
#4856=EDGE_LOOP('',(#4857,#3222,#4860,#4861));
#4857=ORIENTED_EDGE('',*,*,#4858,.T.);
#4858=EDGE_CURVE('',#3152,#3219,#4859,.T.);
#4859=LINE('',#3153,#636);
#4860=ORIENTED_EDGE('',*,*,#4848,.F.);
#4861=ORIENTED_EDGE('',*,*,#3156,.F.);
#4862=PLANE('',#4863);
#4863=AXIS2_PLACEMENT_3D('',#3153,#630,#13);
#4864=ADVANCED_FACE('',(#4865),#4872,.F.);
#4865=FACE_BOUND('',#4866,.F.);
#4866=EDGE_LOOP('',(#4867,#3217,#4870,#4871));
#4867=ORIENTED_EDGE('',*,*,#4868,.T.);
#4868=EDGE_CURVE('',#3145,#3212,#4869,.T.);
#4869=LINE('',#3146,#636);
#4870=ORIENTED_EDGE('',*,*,#4858,.F.);
#4871=ORIENTED_EDGE('',*,*,#3151,.F.);
#4872=PLANE('',#4873);
#4873=AXIS2_PLACEMENT_3D('',#3146,#13,#982);
#4874=ADVANCED_FACE('',(#4875),#4882,.T.);
#4875=FACE_BOUND('',#4876,.F.);
#4876=EDGE_LOOP('',(#4877,#3210,#4880,#4881));
#4877=ORIENTED_EDGE('',*,*,#4878,.T.);
#4878=EDGE_CURVE('',#3140,#3207,#4879,.T.);
#4879=LINE('',#3141,#636);
#4880=ORIENTED_EDGE('',*,*,#4868,.F.);
#4881=ORIENTED_EDGE('',*,*,#3144,.F.);
#4882=CYLINDRICAL_SURFACE('',#4883,0.25375);
#4883=AXIS2_PLACEMENT_3D('',#3149,#3798,#2575);
#4884=ADVANCED_FACE('',(#4885),#4890,.F.);
#4885=FACE_BOUND('',#4886,.F.);
#4886=EDGE_LOOP('',(#4887,#3205,#4888,#4889));
#4887=ORIENTED_EDGE('',*,*,#3198,.T.);
#4888=ORIENTED_EDGE('',*,*,#4878,.F.);
#4889=ORIENTED_EDGE('',*,*,#3139,.F.);
#4890=PLANE('',#4891);
#4891=AXIS2_PLACEMENT_3D('',#3134,#4535,#2567);
#4892=ADVANCED_FACE('',(#4893),#4902,.F.);
#4893=FACE_BOUND('',#4894,.F.);
#4894=EDGE_LOOP('',(#4895,#4896,#3394,#4899,#4900,#4901));
#4895=ORIENTED_EDGE('',*,*,#3327,.F.);
#4896=ORIENTED_EDGE('',*,*,#4897,.T.);
#4897=EDGE_CURVE('',#3323,#3390,#4898,.T.);
#4898=LINE('',#3268,#636);
#4899=ORIENTED_EDGE('',*,*,#3404,.T.);
#4900=ORIENTED_EDGE('',*,*,#3775,.F.);
#4901=ORIENTED_EDGE('',*,*,#3264,.F.);
#4902=PLANE('',#4903);
#4903=AXIS2_PLACEMENT_3D('',#3268,#1336,#630);
#4904=ADVANCED_FACE('',(#4905),#4912,.T.);
#4905=FACE_BOUND('',#4906,.F.);
#4906=EDGE_LOOP('',(#4907,#3388,#4910,#4911));
#4907=ORIENTED_EDGE('',*,*,#4908,.T.);
#4908=EDGE_CURVE('',#3318,#3385,#4909,.T.);
#4909=LINE('',#3319,#636);
#4910=ORIENTED_EDGE('',*,*,#4897,.F.);
#4911=ORIENTED_EDGE('',*,*,#3322,.F.);
#4912=CYLINDRICAL_SURFACE('',#4913,0.25375);
#4913=AXIS2_PLACEMENT_3D('',#3282,#3798,#2609);
#4914=ADVANCED_FACE('',(#4915),#4922,.F.);
#4915=FACE_BOUND('',#4916,.F.);
#4916=EDGE_LOOP('',(#4917,#3383,#4920,#4921));
#4917=ORIENTED_EDGE('',*,*,#4918,.T.);
#4918=EDGE_CURVE('',#3312,#3379,#4919,.T.);
#4919=LINE('',#3313,#636);
#4920=ORIENTED_EDGE('',*,*,#4908,.F.);
#4921=ORIENTED_EDGE('',*,*,#3317,.F.);
#4922=PLANE('',#4923);
#4923=AXIS2_PLACEMENT_3D('',#3313,#4477,#2604);
#4924=ADVANCED_FACE('',(#4925),#4932,.F.);
#4925=FACE_BOUND('',#4926,.F.);
#4926=EDGE_LOOP('',(#4927,#3377,#4930,#4931));
#4927=ORIENTED_EDGE('',*,*,#4928,.T.);
#4928=EDGE_CURVE('',#3307,#3374,#4929,.T.);
#4929=LINE('',#3308,#636);
#4930=ORIENTED_EDGE('',*,*,#4918,.F.);
#4931=ORIENTED_EDGE('',*,*,#3311,.F.);
#4932=CYLINDRICAL_SURFACE('',#3315,0.10875);
#4933=ADVANCED_FACE('',(#4934),#4941,.F.);
#4934=FACE_BOUND('',#4935,.F.);
#4935=EDGE_LOOP('',(#4936,#3372,#4939,#4940));
#4936=ORIENTED_EDGE('',*,*,#4937,.T.);
#4937=EDGE_CURVE('',#3302,#3369,#4938,.T.);
#4938=LINE('',#3303,#636);
#4939=ORIENTED_EDGE('',*,*,#4928,.F.);
#4940=ORIENTED_EDGE('',*,*,#3306,.F.);
#4941=PLANE('',#4942);
#4942=AXIS2_PLACEMENT_3D('',#3303,#1336,#630);
#4943=ADVANCED_FACE('',(#4944),#4951,.F.);
#4944=FACE_BOUND('',#4945,.F.);
#4945=EDGE_LOOP('',(#4946,#3367,#4949,#4950));
#4946=ORIENTED_EDGE('',*,*,#4947,.T.);
#4947=EDGE_CURVE('',#3297,#3364,#4948,.T.);
#4948=LINE('',#3298,#636);
#4949=ORIENTED_EDGE('',*,*,#4937,.F.);
#4950=ORIENTED_EDGE('',*,*,#3301,.F.);
#4951=PLANE('',#4952);
#4952=AXIS2_PLACEMENT_3D('',#3298,#630,#13);
#4953=ADVANCED_FACE('',(#4954),#4961,.F.);
#4954=FACE_BOUND('',#4955,.F.);
#4955=EDGE_LOOP('',(#4956,#3362,#4959,#4960));
#4956=ORIENTED_EDGE('',*,*,#4957,.T.);
#4957=EDGE_CURVE('',#3290,#3357,#4958,.T.);
#4958=LINE('',#3291,#636);
#4959=ORIENTED_EDGE('',*,*,#4947,.F.);
#4960=ORIENTED_EDGE('',*,*,#3296,.F.);
#4961=PLANE('',#4962);
#4962=AXIS2_PLACEMENT_3D('',#3291,#13,#982);
#4963=ADVANCED_FACE('',(#4964),#4971,.T.);
#4964=FACE_BOUND('',#4965,.F.);
#4965=EDGE_LOOP('',(#4966,#3355,#4969,#4970));
#4966=ORIENTED_EDGE('',*,*,#4967,.T.);
#4967=EDGE_CURVE('',#3285,#3352,#4968,.T.);
#4968=LINE('',#3286,#636);
#4969=ORIENTED_EDGE('',*,*,#4957,.F.);
#4970=ORIENTED_EDGE('',*,*,#3289,.F.);
#4971=CYLINDRICAL_SURFACE('',#4972,0.25375);
#4972=AXIS2_PLACEMENT_3D('',#3294,#3798,#2575);
#4973=ADVANCED_FACE('',(#4974),#4979,.F.);
#4974=FACE_BOUND('',#4975,.F.);
#4975=EDGE_LOOP('',(#4976,#3350,#4977,#4978));
#4976=ORIENTED_EDGE('',*,*,#3343,.T.);
#4977=ORIENTED_EDGE('',*,*,#4967,.F.);
#4978=ORIENTED_EDGE('',*,*,#3284,.F.);
#4979=PLANE('',#4980);
#4980=AXIS2_PLACEMENT_3D('',#3279,#4535,#2567);
#4981=ADVANCED_FACE('',(#4982),#4991,.F.);
#4982=FACE_BOUND('',#4983,.F.);
#4983=EDGE_LOOP('',(#4984,#4985,#3539,#4988,#4989,#4990));
#4984=ORIENTED_EDGE('',*,*,#3472,.F.);
#4985=ORIENTED_EDGE('',*,*,#4986,.T.);
#4986=EDGE_CURVE('',#3468,#3535,#4987,.T.);
#4987=LINE('',#3413,#636);
#4988=ORIENTED_EDGE('',*,*,#3549,.T.);
#4989=ORIENTED_EDGE('',*,*,#3778,.F.);
#4990=ORIENTED_EDGE('',*,*,#3409,.F.);
#4991=PLANE('',#4992);
#4992=AXIS2_PLACEMENT_3D('',#3413,#1336,#630);
#4993=ADVANCED_FACE('',(#4994),#5001,.T.);
#4994=FACE_BOUND('',#4995,.F.);
#4995=EDGE_LOOP('',(#4996,#3533,#4999,#5000));
#4996=ORIENTED_EDGE('',*,*,#4997,.T.);
#4997=EDGE_CURVE('',#3463,#3530,#4998,.T.);
#4998=LINE('',#3464,#636);
#4999=ORIENTED_EDGE('',*,*,#4986,.F.);
#5000=ORIENTED_EDGE('',*,*,#3467,.F.);
#5001=CYLINDRICAL_SURFACE('',#5002,0.25375);
#5002=AXIS2_PLACEMENT_3D('',#3427,#3798,#2609);
#5003=ADVANCED_FACE('',(#5004),#5011,.F.);
#5004=FACE_BOUND('',#5005,.F.);
#5005=EDGE_LOOP('',(#5006,#3528,#5009,#5010));
#5006=ORIENTED_EDGE('',*,*,#5007,.T.);
#5007=EDGE_CURVE('',#3457,#3524,#5008,.T.);
#5008=LINE('',#3458,#636);
#5009=ORIENTED_EDGE('',*,*,#4997,.F.);
#5010=ORIENTED_EDGE('',*,*,#3462,.F.);
#5011=PLANE('',#5012);
#5012=AXIS2_PLACEMENT_3D('',#3458,#4477,#2604);
#5013=ADVANCED_FACE('',(#5014),#5021,.F.);
#5014=FACE_BOUND('',#5015,.F.);
#5015=EDGE_LOOP('',(#5016,#3522,#5019,#5020));
#5016=ORIENTED_EDGE('',*,*,#5017,.T.);
#5017=EDGE_CURVE('',#3452,#3519,#5018,.T.);
#5018=LINE('',#3453,#636);
#5019=ORIENTED_EDGE('',*,*,#5007,.F.);
#5020=ORIENTED_EDGE('',*,*,#3456,.F.);
#5021=CYLINDRICAL_SURFACE('',#3460,0.10875);
#5022=ADVANCED_FACE('',(#5023),#5030,.F.);
#5023=FACE_BOUND('',#5024,.F.);
#5024=EDGE_LOOP('',(#5025,#3517,#5028,#5029));
#5025=ORIENTED_EDGE('',*,*,#5026,.T.);
#5026=EDGE_CURVE('',#3447,#3514,#5027,.T.);
#5027=LINE('',#3448,#636);
#5028=ORIENTED_EDGE('',*,*,#5017,.F.);
#5029=ORIENTED_EDGE('',*,*,#3451,.F.);
#5030=PLANE('',#5031);
#5031=AXIS2_PLACEMENT_3D('',#3448,#1336,#630);
#5032=ADVANCED_FACE('',(#5033),#5040,.F.);
#5033=FACE_BOUND('',#5034,.F.);
#5034=EDGE_LOOP('',(#5035,#3512,#5038,#5039));
#5035=ORIENTED_EDGE('',*,*,#5036,.T.);
#5036=EDGE_CURVE('',#3442,#3509,#5037,.T.);
#5037=LINE('',#3443,#636);
#5038=ORIENTED_EDGE('',*,*,#5026,.F.);
#5039=ORIENTED_EDGE('',*,*,#3446,.F.);
#5040=PLANE('',#5041);
#5041=AXIS2_PLACEMENT_3D('',#3443,#630,#13);
#5042=ADVANCED_FACE('',(#5043),#5050,.F.);
#5043=FACE_BOUND('',#5044,.F.);
#5044=EDGE_LOOP('',(#5045,#3507,#5048,#5049));
#5045=ORIENTED_EDGE('',*,*,#5046,.T.);
#5046=EDGE_CURVE('',#3435,#3502,#5047,.T.);
#5047=LINE('',#3436,#636);
#5048=ORIENTED_EDGE('',*,*,#5036,.F.);
#5049=ORIENTED_EDGE('',*,*,#3441,.F.);
#5050=PLANE('',#5051);
#5051=AXIS2_PLACEMENT_3D('',#3436,#13,#982);
#5052=ADVANCED_FACE('',(#5053),#5060,.T.);
#5053=FACE_BOUND('',#5054,.F.);
#5054=EDGE_LOOP('',(#5055,#3500,#5058,#5059));
#5055=ORIENTED_EDGE('',*,*,#5056,.T.);
#5056=EDGE_CURVE('',#3430,#3497,#5057,.T.);
#5057=LINE('',#3431,#636);
#5058=ORIENTED_EDGE('',*,*,#5046,.F.);
#5059=ORIENTED_EDGE('',*,*,#3434,.F.);
#5060=CYLINDRICAL_SURFACE('',#5061,0.25375);
#5061=AXIS2_PLACEMENT_3D('',#3439,#3798,#2575);
#5062=ADVANCED_FACE('',(#5063),#5068,.F.);
#5063=FACE_BOUND('',#5064,.F.);
#5064=EDGE_LOOP('',(#5065,#3495,#5066,#5067));
#5065=ORIENTED_EDGE('',*,*,#3488,.T.);
#5066=ORIENTED_EDGE('',*,*,#5056,.F.);
#5067=ORIENTED_EDGE('',*,*,#3429,.F.);
#5068=PLANE('',#5069);
#5069=AXIS2_PLACEMENT_3D('',#3424,#4535,#2567);
#5070=ADVANCED_FACE('',(#5071),#5078,.T.);
#5071=FACE_BOUND('',#5072,.F.);
#5072=EDGE_LOOP('',(#5073,#3678,#5076,#5077));
#5073=ORIENTED_EDGE('',*,*,#5074,.T.);
#5074=EDGE_CURVE('',#3608,#3675,#5075,.T.);
#5075=LINE('',#3609,#636);
#5076=ORIENTED_EDGE('',*,*,#4430,.F.);
#5077=ORIENTED_EDGE('',*,*,#3612,.F.);
#5078=CYLINDRICAL_SURFACE('',#5079,0.25375);
#5079=AXIS2_PLACEMENT_3D('',#3572,#3798,#2609);
#5080=ADVANCED_FACE('',(#5081),#5088,.F.);
#5081=FACE_BOUND('',#5082,.F.);
#5082=EDGE_LOOP('',(#5083,#3673,#5086,#5087));
#5083=ORIENTED_EDGE('',*,*,#5084,.T.);
#5084=EDGE_CURVE('',#3602,#3669,#5085,.T.);
#5085=LINE('',#3603,#636);
#5086=ORIENTED_EDGE('',*,*,#5074,.F.);
#5087=ORIENTED_EDGE('',*,*,#3607,.F.);
#5088=PLANE('',#5089);
#5089=AXIS2_PLACEMENT_3D('',#3603,#4477,#2604);
#5090=ADVANCED_FACE('',(#5091),#5098,.F.);
#5091=FACE_BOUND('',#5092,.F.);
#5092=EDGE_LOOP('',(#5093,#3667,#5096,#5097));
#5093=ORIENTED_EDGE('',*,*,#5094,.T.);
#5094=EDGE_CURVE('',#3597,#3664,#5095,.T.);
#5095=LINE('',#3598,#636);
#5096=ORIENTED_EDGE('',*,*,#5084,.F.);
#5097=ORIENTED_EDGE('',*,*,#3601,.F.);
#5098=CYLINDRICAL_SURFACE('',#3605,0.10875);
#5099=ADVANCED_FACE('',(#5100),#5107,.F.);
#5100=FACE_BOUND('',#5101,.F.);
#5101=EDGE_LOOP('',(#5102,#3662,#5105,#5106));
#5102=ORIENTED_EDGE('',*,*,#5103,.T.);
#5103=EDGE_CURVE('',#3592,#3659,#5104,.T.);
#5104=LINE('',#3593,#636);
#5105=ORIENTED_EDGE('',*,*,#5094,.F.);
#5106=ORIENTED_EDGE('',*,*,#3596,.F.);
#5107=PLANE('',#5108);
#5108=AXIS2_PLACEMENT_3D('',#3593,#1336,#630);
#5109=ADVANCED_FACE('',(#5110),#5117,.F.);
#5110=FACE_BOUND('',#5111,.F.);
#5111=EDGE_LOOP('',(#5112,#3657,#5115,#5116));
#5112=ORIENTED_EDGE('',*,*,#5113,.T.);
#5113=EDGE_CURVE('',#3587,#3654,#5114,.T.);
#5114=LINE('',#3588,#636);
#5115=ORIENTED_EDGE('',*,*,#5103,.F.);
#5116=ORIENTED_EDGE('',*,*,#3591,.F.);
#5117=PLANE('',#5118);
#5118=AXIS2_PLACEMENT_3D('',#3588,#630,#13);
#5119=ADVANCED_FACE('',(#5120),#5127,.F.);
#5120=FACE_BOUND('',#5121,.F.);
#5121=EDGE_LOOP('',(#5122,#3652,#5125,#5126));
#5122=ORIENTED_EDGE('',*,*,#5123,.T.);
#5123=EDGE_CURVE('',#3580,#3647,#5124,.T.);
#5124=LINE('',#3581,#636);
#5125=ORIENTED_EDGE('',*,*,#5113,.F.);
#5126=ORIENTED_EDGE('',*,*,#3586,.F.);
#5127=PLANE('',#5128);
#5128=AXIS2_PLACEMENT_3D('',#3581,#13,#982);
#5129=ADVANCED_FACE('',(#5130),#5137,.T.);
#5130=FACE_BOUND('',#5131,.F.);
#5131=EDGE_LOOP('',(#5132,#3645,#5135,#5136));
#5132=ORIENTED_EDGE('',*,*,#5133,.T.);
#5133=EDGE_CURVE('',#3575,#3642,#5134,.T.);
#5134=LINE('',#3576,#636);
#5135=ORIENTED_EDGE('',*,*,#5123,.F.);
#5136=ORIENTED_EDGE('',*,*,#3579,.F.);
#5137=CYLINDRICAL_SURFACE('',#5138,0.25375);
#5138=AXIS2_PLACEMENT_3D('',#3584,#3798,#2575);
#5139=ADVANCED_FACE('',(#5140),#5145,.F.);
#5140=FACE_BOUND('',#5141,.F.);
#5141=EDGE_LOOP('',(#5142,#3640,#5143,#5144));
#5142=ORIENTED_EDGE('',*,*,#3633,.T.);
#5143=ORIENTED_EDGE('',*,*,#5133,.F.);
#5144=ORIENTED_EDGE('',*,*,#3574,.F.);
#5145=PLANE('',#5146);
#5146=AXIS2_PLACEMENT_3D('',#3569,#4535,#2567);
#5147=ADVANCED_FACE('',(#5148),#5149,.T.);
#5148=FACE_BOUND('',#3746,.F.);
#5149=PLANE('',#3752);
#5150=( GEOMETRIC_REPRESENTATION_CONTEXT(3) GLOBAL_UNCERTAINTY_ASSIGNED_CONTEXT((#5154)) GLOBAL_UNIT_ASSIGNED_CONTEXT((#5151,#5152,#5153)) REPRESENTATION_CONTEXT('Context #1','3D Context with UNIT and UNCERTAINTY') );
#5151=( LENGTH_UNIT() NAMED_UNIT(*) SI_UNIT(.MILLI.,.METRE.) );
#5152=( NAMED_UNIT(*) PLANE_ANGLE_UNIT() SI_UNIT($,.RADIAN.) );
#5153=( NAMED_UNIT(*) SI_UNIT($,.STERADIAN.) SOLID_ANGLE_UNIT() );
#5154=UNCERTAINTY_MEASURE_WITH_UNIT(LENGTH_MEASURE(1.E-07),#5151,'distance_accuracy_value','confusion accuracy');
#5155=PRODUCT_RELATED_PRODUCT_CATEGORY('part',$,(#7));
#5156=MECHANICAL_DESIGN_GEOMETRIC_PRESENTATION_REPRESENTATION('',(#5157,#5167,#5168,#5169,#5178,#5179,#5180,#5181,#5182,#5183,#5184,#5185,#5186,#5187,#5188,#5189,#5190,#5191,#5192,#5193,#5194,#5195,#5196,#5197,#5198,#5199,#5200,#5201,#5202,#5203,#5204,#5205,#5206,#5207,#5208,#5209,#5210,#5211,#5212,#5213,#5214,#5215,#5216,#5217,#5218,#5219,#5220,#5221,#5222,#5223,#5224,#5225,#5226,#5227,#5228,#5229,#5230,#5231,#5232,#5233,#5234,#5235,#5236,#5237,#5238,#5239,#5240,#5241,#5242,#5243,#5244,#5245,#5246,#5247,#5248,#5249,#5250,#5251,#5252,#5253,#5254,#5255,#5256,#5257,#5258,#5259,#5260,#5261,#5262,#5263,#5264,#5265,#5266,#5267,#5268,#5269,#5270,#5271,#5272,#5273,#5274,#5275,#5276,#5277,#5278,#5279,#5280,#5281,#5282,#5283,#5284,#5285,#5286,#5287,#5288,#5289,#5290,#5291,#5292,#5293,#5294,#5295,#5296,#5297,#5298,#5299,#5300,#5301,#5302,#5303,#5304,#5305,#5306,#5307,#5308,#5309,#5310,#5311,#5312,#5313,#5314,#5315,#5316,#5317,#5318,#5319,#5320,#5321,#5322,#5323,#5324,#5325,#5326,#5327,#5328,#5329,#5330,#5331,#5332,#5333,#5334,#5335,#5336,#5337,#5338,#5339,#5340,#5341,#5342,#5343,#5344,#5345,#5346,#5347,#5348,#5349,#5350,#5351,#5352,#5353,#5354,#5355,#5356,#5357,#5358,#5359,#5360,#5361,#5362,#5363,#5364,#5365,#5366,#5367,#5368,#5369,#5370,#5371,#5372,#5373,#5374,#5375,#5376,#5377,#5378,#5379,#5380,#5381,#5382,#5383,#5384,#5385,#5386,#5387,#5388,#5389,#5390,#5391,#5392,#5393,#5394,#5395,#5396,#5397,#5398,#5399,#5400,#5401,#5402,#5403,#5404,#5405,#5406,#5407,#5408,#5409,#5410,#5411,#5412,#5413,#5414,#5415,#5416,#5417,#5418,#5419,#5420,#5421,#5422,#5423,#5424,#5425,#5426,#5427,#5428,#5429,#5430,#5431,#5432,#5433,#5434,#5435,#5436,#5437,#5438,#5439,#5440,#5441),#5150);
#5157=STYLED_ITEM('color',(#5158),#17);
#5158=PRESENTATION_STYLE_ASSIGNMENT((#5159,#5165));
#5159=SURFACE_STYLE_USAGE(.BOTH.,#5160);
#5160=SURFACE_SIDE_STYLE('',(#5161));
#5161=SURFACE_STYLE_FILL_AREA(#5162);
#5162=FILL_AREA_STYLE('',(#5163));
#5163=FILL_AREA_STYLE_COLOUR('',#5164);
#5164=COLOUR_RGB('',0.147999998088,0.145000001626,0.145000001626);
#5165=CURVE_STYLE('',#5166,POSITIVE_LENGTH_MEASURE(0.1),#5164);
#5166=DRAUGHTING_PRE_DEFINED_CURVE_FONT('continuous');
#5167=STYLED_ITEM('color',(#5158),#47);
#5168=STYLED_ITEM('color',(#5158),#124);
#5169=STYLED_ITEM('color',(#5170),#138);
#5170=PRESENTATION_STYLE_ASSIGNMENT((#5171,#5177));
#5171=SURFACE_STYLE_USAGE(.BOTH.,#5172);
#5172=SURFACE_SIDE_STYLE('',(#5173));
#5173=SURFACE_STYLE_FILL_AREA(#5174);
#5174=FILL_AREA_STYLE('',(#5175));
#5175=FILL_AREA_STYLE_COLOUR('',#5176);
#5176=COLOUR_RGB('',0.823999987314,0.819999987296,0.781000009244);
#5177=CURVE_STYLE('',#5166,POSITIVE_LENGTH_MEASURE(0.1),#5176);
#5178=STYLED_ITEM('color',(#5158),#169);
#5179=STYLED_ITEM('color',(#5158),#191);
#5180=STYLED_ITEM('color',(#5158),#256);
#5181=STYLED_ITEM('color',(#5158),#274);
#5182=STYLED_ITEM('color',(#5158),#292);
#5183=STYLED_ITEM('color',(#5158),#306);
#5184=STYLED_ITEM('color',(#5158),#376);
#5185=STYLED_ITEM('color',(#5170),#390);
#5186=STYLED_ITEM('color',(#5170),#410);
#5187=STYLED_ITEM('color',(#5170),#425);
#5188=STYLED_ITEM('color',(#5170),#438);
#5189=STYLED_ITEM('color',(#5158),#447);
#5190=STYLED_ITEM('color',(#5170),#462);
#5191=STYLED_ITEM('color',(#5170),#540);
#5192=STYLED_ITEM('color',(#5170),#556);
#5193=STYLED_ITEM('color',(#5158),#609);
#5194=STYLED_ITEM('color',(#5170),#663);
#5195=STYLED_ITEM('color',(#5158),#685);
#5196=STYLED_ITEM('color',(#5170),#708);
#5197=STYLED_ITEM('color',(#5158),#729);
#5198=STYLED_ITEM('color',(#5170),#747);
#5199=STYLED_ITEM('color',(#5158),#768);
#5200=STYLED_ITEM('color',(#5170),#786);
#5201=STYLED_ITEM('color',(#5158),#807);
#5202=STYLED_ITEM('color',(#5170),#825);
#5203=STYLED_ITEM('color',(#5158),#846);
#5204=STYLED_ITEM('color',(#5170),#864);
#5205=STYLED_ITEM('color',(#5158),#885);
#5206=STYLED_ITEM('color',(#5170),#903);
#5207=STYLED_ITEM('color',(#5158),#924);
#5208=STYLED_ITEM('color',(#5158),#937);
#5209=STYLED_ITEM('color',(#5158),#960);
#5210=STYLED_ITEM('color',(#5170),#972);
#5211=STYLED_ITEM('color',(#5158),#996);
#5212=STYLED_ITEM('color',(#5158),#1012);
#5213=STYLED_ITEM('color',(#5170),#1034);
#5214=STYLED_ITEM('color',(#5158),#1055);
#5215=STYLED_ITEM('color',(#5170),#1073);
#5216=STYLED_ITEM('color',(#5158),#1094);
#5217=STYLED_ITEM('color',(#5170),#1112);
#5218=STYLED_ITEM('color',(#5158),#1133);
#5219=STYLED_ITEM('color',(#5170),#1151);
#5220=STYLED_ITEM('color',(#5158),#1172);
#5221=STYLED_ITEM('color',(#5170),#1190);
#5222=STYLED_ITEM('color',(#5158),#1211);
#5223=STYLED_ITEM('color',(#5170),#1229);
#5224=STYLED_ITEM('color',(#5158),#1250);
#5225=STYLED_ITEM('color',(#5170),#1268);
#5226=STYLED_ITEM('color',(#5158),#1290);
#5227=STYLED_ITEM('color',(#5170),#1307);
#5228=STYLED_ITEM('color',(#5170),#1314);
#5229=STYLED_ITEM('color',(#5170),#1337);
#5230=STYLED_ITEM('color',(#5170),#1348);
#5231=STYLED_ITEM('color',(#5170),#1359);
#5232=STYLED_ITEM('color',(#5170),#1368);
#5233=STYLED_ITEM('color',(#5170),#1378);
#5234=STYLED_ITEM('color',(#5170),#1388);
#5235=STYLED_ITEM('color',(#5170),#1398);
#5236=STYLED_ITEM('color',(#5170),#1408);
#5237=STYLED_ITEM('color',(#5158),#1417);
#5238=STYLED_ITEM('color',(#5158),#1436);
#5239=STYLED_ITEM('color',(#5158),#1450);
#5240=STYLED_ITEM('color',(#5170),#1468);
#5241=STYLED_ITEM('color',(#5170),#1494);
#5242=STYLED_ITEM('color',(#5170),#1556);
#5243=STYLED_ITEM('color',(#5170),#1572);
#5244=STYLED_ITEM('color',(#5158),#1625);
#5245=STYLED_ITEM('color',(#5170),#1641);
#5246=STYLED_ITEM('color',(#5170),#1701);
#5247=STYLED_ITEM('color',(#5170),#1717);
#5248=STYLED_ITEM('color',(#5158),#1770);
#5249=STYLED_ITEM('color',(#5170),#1786);
#5250=STYLED_ITEM('color',(#5170),#1846);
#5251=STYLED_ITEM('color',(#5170),#1862);
#5252=STYLED_ITEM('color',(#5158),#1915);
#5253=STYLED_ITEM('color',(#5170),#1931);
#5254=STYLED_ITEM('color',(#5170),#1991);
#5255=STYLED_ITEM('color',(#5170),#2007);
#5256=STYLED_ITEM('color',(#5158),#2060);
#5257=STYLED_ITEM('color',(#5170),#2076);
#5258=STYLED_ITEM('color',(#5170),#2136);
#5259=STYLED_ITEM('color',(#5170),#2152);
#5260=STYLED_ITEM('color',(#5158),#2205);
#5261=STYLED_ITEM('color',(#5170),#2221);
#5262=STYLED_ITEM('color',(#5170),#2281);
#5263=STYLED_ITEM('color',(#5170),#2297);
#5264=STYLED_ITEM('color',(#5158),#2350);
#5265=STYLED_ITEM('color',(#5170),#2366);
#5266=STYLED_ITEM('color',(#5170),#2426);
#5267=STYLED_ITEM('color',(#5170),#2442);
#5268=STYLED_ITEM('color',(#5158),#2495);
#5269=STYLED_ITEM('color',(#5158),#2506);
#5270=STYLED_ITEM('color',(#5170),#2547);
#5271=STYLED_ITEM('color',(#5170),#2614);
#5272=STYLED_ITEM('color',(#5170),#2630);
#5273=STYLED_ITEM('color',(#5158),#2678);
#5274=STYLED_ITEM('color',(#5170),#2691);
#5275=STYLED_ITEM('color',(#5170),#2751);
#5276=STYLED_ITEM('color',(#5170),#2767);
#5277=STYLED_ITEM('color',(#5158),#2820);
#5278=STYLED_ITEM('color',(#5170),#2836);
#5279=STYLED_ITEM('color',(#5170),#2896);
#5280=STYLED_ITEM('color',(#5170),#2912);
#5281=STYLED_ITEM('color',(#5158),#2965);
#5282=STYLED_ITEM('color',(#5170),#2981);
#5283=STYLED_ITEM('color',(#5170),#3041);
#5284=STYLED_ITEM('color',(#5170),#3057);
#5285=STYLED_ITEM('color',(#5158),#3110);
#5286=STYLED_ITEM('color',(#5170),#3126);
#5287=STYLED_ITEM('color',(#5170),#3186);
#5288=STYLED_ITEM('color',(#5170),#3202);
#5289=STYLED_ITEM('color',(#5158),#3255);
#5290=STYLED_ITEM('color',(#5170),#3271);
#5291=STYLED_ITEM('color',(#5170),#3331);
#5292=STYLED_ITEM('color',(#5170),#3347);
#5293=STYLED_ITEM('color',(#5158),#3400);
#5294=STYLED_ITEM('color',(#5170),#3416);
#5295=STYLED_ITEM('color',(#5170),#3476);
#5296=STYLED_ITEM('color',(#5170),#3492);
#5297=STYLED_ITEM('color',(#5158),#3545);
#5298=STYLED_ITEM('color',(#5170),#3561);
#5299=STYLED_ITEM('color',(#5170),#3621);
#5300=STYLED_ITEM('color',(#5170),#3637);
#5301=STYLED_ITEM('color',(#5158),#3688);
#5302=STYLED_ITEM('color',(#5158),#3724);
#5303=STYLED_ITEM('color',(#5158),#3757);
#5304=STYLED_ITEM('color',(#5170),#3788);
#5305=STYLED_ITEM('color',(#5170),#3799);
#5306=STYLED_ITEM('color',(#5170),#3814);
#5307=STYLED_ITEM('color',(#5170),#3824);
#5308=STYLED_ITEM('color',(#5170),#3834);
#5309=STYLED_ITEM('color',(#5170),#3843);
#5310=STYLED_ITEM('color',(#5170),#3853);
#5311=STYLED_ITEM('color',(#5170),#3863);
#5312=STYLED_ITEM('color',(#5170),#3873);
#5313=STYLED_ITEM('color',(#5170),#3883);
#5314=STYLED_ITEM('color',(#5170),#3891);
#5315=STYLED_ITEM('color',(#5170),#3903);
#5316=STYLED_ITEM('color',(#5170),#3913);
#5317=STYLED_ITEM('color',(#5170),#3923);
#5318=STYLED_ITEM('color',(#5170),#3932);
#5319=STYLED_ITEM('color',(#5170),#3942);
#5320=STYLED_ITEM('color',(#5170),#3952);
#5321=STYLED_ITEM('color',(#5170),#3962);
#5322=STYLED_ITEM('color',(#5170),#3972);
#5323=STYLED_ITEM('color',(#5170),#3980);
#5324=STYLED_ITEM('color',(#5170),#3992);
#5325=STYLED_ITEM('color',(#5170),#4002);
#5326=STYLED_ITEM('color',(#5170),#4012);
#5327=STYLED_ITEM('color',(#5170),#4021);
#5328=STYLED_ITEM('color',(#5170),#4031);
#5329=STYLED_ITEM('color',(#5170),#4041);
#5330=STYLED_ITEM('color',(#5170),#4051);
#5331=STYLED_ITEM('color',(#5170),#4061);
#5332=STYLED_ITEM('color',(#5170),#4069);
#5333=STYLED_ITEM('color',(#5170),#4081);
#5334=STYLED_ITEM('color',(#5170),#4091);
#5335=STYLED_ITEM('color',(#5170),#4101);
#5336=STYLED_ITEM('color',(#5170),#4110);
#5337=STYLED_ITEM('color',(#5170),#4120);
#5338=STYLED_ITEM('color',(#5170),#4130);
#5339=STYLED_ITEM('color',(#5170),#4140);
#5340=STYLED_ITEM('color',(#5170),#4150);
#5341=STYLED_ITEM('color',(#5170),#4158);
#5342=STYLED_ITEM('color',(#5170),#4170);
#5343=STYLED_ITEM('color',(#5170),#4180);
#5344=STYLED_ITEM('color',(#5170),#4190);
#5345=STYLED_ITEM('color',(#5170),#4199);
#5346=STYLED_ITEM('color',(#5170),#4209);
#5347=STYLED_ITEM('color',(#5170),#4219);
#5348=STYLED_ITEM('color',(#5170),#4229);
#5349=STYLED_ITEM('color',(#5170),#4239);
#5350=STYLED_ITEM('color',(#5170),#4247);
#5351=STYLED_ITEM('color',(#5170),#4259);
#5352=STYLED_ITEM('color',(#5170),#4269);
#5353=STYLED_ITEM('color',(#5170),#4279);
#5354=STYLED_ITEM('color',(#5170),#4288);
#5355=STYLED_ITEM('color',(#5170),#4298);
#5356=STYLED_ITEM('color',(#5170),#4308);
#5357=STYLED_ITEM('color',(#5170),#4318);
#5358=STYLED_ITEM('color',(#5170),#4328);
#5359=STYLED_ITEM('color',(#5170),#4336);
#5360=STYLED_ITEM('color',(#5170),#4348);
#5361=STYLED_ITEM('color',(#5170),#4358);
#5362=STYLED_ITEM('color',(#5170),#4368);
#5363=STYLED_ITEM('color',(#5170),#4377);
#5364=STYLED_ITEM('color',(#5170),#4387);
#5365=STYLED_ITEM('color',(#5170),#4397);
#5366=STYLED_ITEM('color',(#5170),#4407);
#5367=STYLED_ITEM('color',(#5170),#4417);
#5368=STYLED_ITEM('color',(#5170),#4425);
#5369=STYLED_ITEM('color',(#5158),#4440);
#5370=STYLED_ITEM('color',(#5158),#4450);
#5371=STYLED_ITEM('color',(#5158),#4459);
#5372=STYLED_ITEM('color',(#5170),#4467);
#5373=STYLED_ITEM('color',(#5170),#4478);
#5374=STYLED_ITEM('color',(#5170),#4487);
#5375=STYLED_ITEM('color',(#5170),#4497);
#5376=STYLED_ITEM('color',(#5170),#4507);
#5377=STYLED_ITEM('color',(#5170),#4517);
#5378=STYLED_ITEM('color',(#5170),#4527);
#5379=STYLED_ITEM('color',(#5170),#4536);
#5380=STYLED_ITEM('color',(#5170),#4548);
#5381=STYLED_ITEM('color',(#5170),#4558);
#5382=STYLED_ITEM('color',(#5170),#4568);
#5383=STYLED_ITEM('color',(#5170),#4577);
#5384=STYLED_ITEM('color',(#5170),#4587);
#5385=STYLED_ITEM('color',(#5170),#4597);
#5386=STYLED_ITEM('color',(#5170),#4607);
#5387=STYLED_ITEM('color',(#5170),#4617);
#5388=STYLED_ITEM('color',(#5170),#4625);
#5389=STYLED_ITEM('color',(#5170),#4637);
#5390=STYLED_ITEM('color',(#5170),#4647);
#5391=STYLED_ITEM('color',(#5170),#4657);
#5392=STYLED_ITEM('color',(#5170),#4666);
#5393=STYLED_ITEM('color',(#5170),#4676);
#5394=STYLED_ITEM('color',(#5170),#4686);
#5395=STYLED_ITEM('color',(#5170),#4696);
#5396=STYLED_ITEM('color',(#5170),#4706);
#5397=STYLED_ITEM('color',(#5170),#4714);
#5398=STYLED_ITEM('color',(#5170),#4726);
#5399=STYLED_ITEM('color',(#5170),#4736);
#5400=STYLED_ITEM('color',(#5170),#4746);
#5401=STYLED_ITEM('color',(#5170),#4755);
#5402=STYLED_ITEM('color',(#5170),#4765);
#5403=STYLED_ITEM('color',(#5170),#4775);
#5404=STYLED_ITEM('color',(#5170),#4785);
#5405=STYLED_ITEM('color',(#5170),#4795);
#5406=STYLED_ITEM('color',(#5170),#4803);
#5407=STYLED_ITEM('color',(#5170),#4815);
#5408=STYLED_ITEM('color',(#5170),#4825);
#5409=STYLED_ITEM('color',(#5170),#4835);
#5410=STYLED_ITEM('color',(#5170),#4844);
#5411=STYLED_ITEM('color',(#5170),#4854);
#5412=STYLED_ITEM('color',(#5170),#4864);
#5413=STYLED_ITEM('color',(#5170),#4874);
#5414=STYLED_ITEM('color',(#5170),#4884);
#5415=STYLED_ITEM('color',(#5170),#4892);
#5416=STYLED_ITEM('color',(#5170),#4904);
#5417=STYLED_ITEM('color',(#5170),#4914);
#5418=STYLED_ITEM('color',(#5170),#4924);
#5419=STYLED_ITEM('color',(#5170),#4933);
#5420=STYLED_ITEM('color',(#5170),#4943);
#5421=STYLED_ITEM('color',(#5170),#4953);
#5422=STYLED_ITEM('color',(#5170),#4963);
#5423=STYLED_ITEM('color',(#5170),#4973);
#5424=STYLED_ITEM('color',(#5170),#4981);
#5425=STYLED_ITEM('color',(#5170),#4993);
#5426=STYLED_ITEM('color',(#5170),#5003);
#5427=STYLED_ITEM('color',(#5170),#5013);
#5428=STYLED_ITEM('color',(#5170),#5022);
#5429=STYLED_ITEM('color',(#5170),#5032);
#5430=STYLED_ITEM('color',(#5170),#5042);
#5431=STYLED_ITEM('color',(#5170),#5052);
#5432=STYLED_ITEM('color',(#5170),#5062);
#5433=STYLED_ITEM('color',(#5170),#5070);
#5434=STYLED_ITEM('color',(#5170),#5080);
#5435=STYLED_ITEM('color',(#5170),#5090);
#5436=STYLED_ITEM('color',(#5170),#5099);
#5437=STYLED_ITEM('color',(#5170),#5109);
#5438=STYLED_ITEM('color',(#5170),#5119);
#5439=STYLED_ITEM('color',(#5170),#5129);
#5440=STYLED_ITEM('color',(#5170),#5139);
#5441=STYLED_ITEM('color',(#5442),#5147);
#5442=PRESENTATION_STYLE_ASSIGNMENT((#5443,#5449));
#5443=SURFACE_STYLE_USAGE(.BOTH.,#5444);
#5444=SURFACE_SIDE_STYLE('',(#5445));
#5445=SURFACE_STYLE_FILL_AREA(#5446);
#5446=FILL_AREA_STYLE('',(#5447));
#5447=FILL_AREA_STYLE_COLOUR('',#5448);
#5448=COLOUR_RGB('',0.690999998585,0.664000007176,0.597999987832);
#5449=CURVE_STYLE('',#5166,POSITIVE_LENGTH_MEASURE(0.1),#5448);
ENDSEC;
END-ISO-10303-21;
