ISO-10303-21;
HEADER;
/* Texas_HTSSOP-14-1EP_4.4x5mm_P0.65mm_EP3.4x5mm_Mask2.94x3.34mm.step 3D STEP model for use in ECAD systems
 * Copyright (C) 2026, KiCAD
 *
 * This work is licensed under the
 * [Creative Commons CC-BY-SA 4.0 License](https://creativecommons.org/licenses/by-sa/4.0/legalcode),
 * with the following exception:
 *
 * To the extent that the creation of electronic designs that use 'Licensed Material' can be
 * considered to be 'Adapted Material', then the copyright holder waives article 3 of the license
 * with respect to these designs and any generated files which use data provided as part of the
 * 'Licensed Material'.
 *
 * You are free to use the library data in your own projects without the obligation to share your
 * project files under this or any other license agreement. However, if you wish to distribute
 * these libraries, or parts thereof (including in modified form) as a collection then the exception
 * above does not apply. Please refer to
 * https://gitlab.com/kicad/libraries/kicad-packages3D/-/blob/master/LICENSE.md for further clarification
 * of the exception.
 *
 * Disclaimer of Warranties and Limitation of Liability.
 * These libraries are provided in the hope that they will be useful, but are provided without warranty of any kind, express or implied.
 * USE 3D CAD DATA AT YOUR OWN RISK
 * DO NOT RELY UPON ANY INFORMATION FOUND HERE WITHOUT INDEPENDENT VERIFICATION.
 */

FILE_DESCRIPTION(
/* description */ ('model of Texas_HTSSOP-14-1EP_4.4x5mm_P0.65mm_EP3.4x5mm_Mask2.94x3.34mm'),
/* implementation_level */ '2;1');

FILE_NAME(
/* name */ 'Texas_HTSSOP-14-1EP_4.4x5mm_P0.65mm_EP3.4x5mm_Mask2.94x3.34mm.step',
/* time_stamp */ '1970-01-01T00:00:00',
/* author */ ('KiCAD','kicad'),
/* organization */ ('OCCT'),
/* preprocessor_version */ '',
/* originating_system */ 'KiCAD',
/* authorisation */ '');

FILE_SCHEMA(('AUTOMOTIVE_DESIGN { 1 0 10303 214 1 1 1 1 }'));
ENDSEC;

DATA;
#1=APPLICATION_PROTOCOL_DEFINITION('international standard','automotive_design',2000,#2);
#2=APPLICATION_CONTEXT('core data for automotive mechanical design processes');
#3=SHAPE_DEFINITION_REPRESENTATION(#4,#10);
#4=PRODUCT_DEFINITION_SHAPE('','',#5);
#5=PRODUCT_DEFINITION('design','',#6,#9);
#6=PRODUCT_DEFINITION_FORMATION('','',#7);
#7=PRODUCT('Texas_HTSSOP-14-1EP_4.4x5mm_P0.65mm_EP3.4x5mm_Mask2.94x3.34mm','Texas_HTSSOP-14-1EP_4.4x5mm_P0.65mm_EP3.4x5mm_Mask2.94x3.34mm','',(#8));
#8=PRODUCT_CONTEXT('',#2,'mechanical');
#9=PRODUCT_DEFINITION_CONTEXT('part definition',#2,'design');
#10=ADVANCED_BREP_SHAPE_REPRESENTATION('',(#11,#15),#4597);
#11=AXIS2_PLACEMENT_3D('',#12,#13,#14);
#12=CARTESIAN_POINT('',(0.,0.,0.));
#13=DIRECTION('',(0.,0.,1.));
#14=DIRECTION('',(1.,0.,-0.));
#15=MANIFOLD_SOLID_BREP('',#16);
#16=CLOSED_SHELL('',(#17,#43,#120,#134,#153,#223,#237,#251,#265,#335,#345,#365,#380,#393,#402,#417,#483,#496,#512,#537,#555,#576,#594,#615,#633,#654,#672,#693,#711,#732,#750,#771,#787,#798,#814,#826,#851,#869,#890,#908,#929,#947,#968,#986,#1007,#1025,#1046,#1064,#1085,#1102,#1113,#1120,#1144,#1214,#1228,#1242,#1256,#1326,#1346,#1410,#1441,#1501,#1517,#1570,#1581,#1641,#1657,#1710,#1721,#1781,#1797,#1850,#1861,#1921,#1937,#1990,#2001,#2061,#2077,#2130,#2141,#2201,#2217,#2270,#2278,#2336,#2345,#2412,#2428,#2476,#2486,#2546,#2562,#2615,#2626,#2686,#2702,#2755,#2766,#2826,#2842,#2895,#2906,#2966,#2982,#3035,#3046,#3106,#3122,#3175,#3186,#3246,#3262,#3313,#3324,#3336,#3348,#3360,#3372,#3384,#3396,#3424,#3433,#3445,#3457,#3469,#3481,#3493,#3505,#3514,#3525,#3536,#3545,#3555,#3565,#3575,#3585,#3594,#3601,#3611,#3621,#3630,#3640,#3650,#3660,#3670,#3678,#3688,#3698,#3707,#3717,#3727,#3737,#3747,#3755,#3765,#3775,#3784,#3794,#3804,#3814,#3824,#3832,#3842,#3852,#3861,#3871,#3881,#3891,#3901,#3909,#3919,#3929,#3938,#3948,#3958,#3968,#3978,#3986,#3996,#4006,#4015,#4025,#4035,#4045,#4055,#4063,#4074,#4083,#4093,#4103,#4113,#4123,#4132,#4142,#4152,#4161,#4171,#4181,#4191,#4201,#4209,#4219,#4229,#4238,#4248,#4258,#4268,#4278,#4286,#4296,#4306,#4315,#4325,#4335,#4345,#4355,#4363,#4373,#4383,#4392,#4402,#4412,#4422,#4432,#4440,#4450,#4460,#4469,#4479,#4489,#4499,#4509,#4517,#4527,#4537,#4546,#4556,#4566,#4576,#4586,#4594));
#17=ADVANCED_FACE('',(#18),#42,.F.);
#18=FACE_BOUND('',#19,.F.);
#19=EDGE_LOOP('',(#20,#29,#34,#39));
#20=ORIENTED_EDGE('',*,*,#21,.T.);
#21=EDGE_CURVE('',#22,#24,#26,.T.);
#22=VERTEX_POINT('',#23);
#23=CARTESIAN_POINT('',(-2.120212041229,2.382606020615,0.15));
#24=VERTEX_POINT('',#25);
#25=CARTESIAN_POINT('',(-2.082606020615,2.420212041229,0.15));
#26=LINE('',#23,#27);
#27=VECTOR('',#28,1.);
#28=DIRECTION('',(0.707106781187,0.707106781187,0.));
#29=ORIENTED_EDGE('',*,*,#30,.T.);
#30=EDGE_CURVE('',#24,#31,#33,.T.);
#31=VERTEX_POINT('',#32);
#32=CARTESIAN_POINT('',(-2.1225,2.5,0.6025));
#33=B_SPLINE_CURVE_WITH_KNOTS('',1,(#25,#32),.UNSPECIFIED.,.F.,.F.,(2,2),(0.,1.),.PIECEWISE_BEZIER_KNOTS.);
#34=ORIENTED_EDGE('',*,*,#35,.F.);
#35=EDGE_CURVE('',#36,#31,#38,.T.);
#36=VERTEX_POINT('',#37);
#37=CARTESIAN_POINT('',(-2.2,2.4225,0.6025));
#38=LINE('',#37,#27);
#39=ORIENTED_EDGE('',*,*,#40,.F.);
#40=EDGE_CURVE('',#22,#36,#41,.T.);
#41=B_SPLINE_CURVE_WITH_KNOTS('',1,(#23,#37),.UNSPECIFIED.,.F.,.F.,(2,2),(0.,1.),.PIECEWISE_BEZIER_KNOTS.);
#42=B_SPLINE_SURFACE_WITH_KNOTS('',1,1,((#23,#37),(#25,#32)),.UNSPECIFIED.,.F.,.F.,.F.,(2,2),(2,2),(0.,0.109601551084),(0.,1.),.PIECEWISE_BEZIER_KNOTS.);
#43=ADVANCED_FACE('',(#44,#94),#116,.F.);
#44=FACE_BOUND('',#45,.F.);
#45=EDGE_LOOP('',(#46,#47,#54,#61,#68,#75,#82,#89));
#46=ORIENTED_EDGE('',*,*,#21,.F.);
#47=ORIENTED_EDGE('',*,*,#48,.F.);
#48=EDGE_CURVE('',#49,#22,#51,.T.);
#49=VERTEX_POINT('',#50);
#50=CARTESIAN_POINT('',(-2.120212041229,-2.382606020615,0.15));
#51=LINE('',#50,#52);
#52=VECTOR('',#53,1.);
#53=DIRECTION('',(0.,1.,0.));
#54=ORIENTED_EDGE('',*,*,#55,.F.);
#55=EDGE_CURVE('',#56,#49,#58,.T.);
#56=VERTEX_POINT('',#57);
#57=CARTESIAN_POINT('',(-2.082606020615,-2.420212041229,0.15));
#58=LINE('',#57,#59);
#59=VECTOR('',#60,1.);
#60=DIRECTION('',(-0.707106781187,0.707106781187,0.));
#61=ORIENTED_EDGE('',*,*,#62,.F.);
#62=EDGE_CURVE('',#63,#56,#65,.T.);
#63=VERTEX_POINT('',#64);
#64=CARTESIAN_POINT('',(2.082606020615,-2.420212041229,0.15));
#65=LINE('',#64,#66);
#66=VECTOR('',#67,1.);
#67=DIRECTION('',(-1.,0.,0.));
#68=ORIENTED_EDGE('',*,*,#69,.F.);
#69=EDGE_CURVE('',#70,#63,#72,.T.);
#70=VERTEX_POINT('',#71);
#71=CARTESIAN_POINT('',(2.120212041229,-2.382606020615,0.15));
#72=LINE('',#71,#73);
#73=VECTOR('',#74,1.);
#74=DIRECTION('',(-0.707106781187,-0.707106781187,0.));
#75=ORIENTED_EDGE('',*,*,#76,.F.);
#76=EDGE_CURVE('',#77,#70,#79,.T.);
#77=VERTEX_POINT('',#78);
#78=CARTESIAN_POINT('',(2.120212041229,2.382606020615,0.15));
#79=LINE('',#78,#80);
#80=VECTOR('',#81,1.);
#81=DIRECTION('',(0.,-1.,0.));
#82=ORIENTED_EDGE('',*,*,#83,.F.);
#83=EDGE_CURVE('',#84,#77,#86,.T.);
#84=VERTEX_POINT('',#85);
#85=CARTESIAN_POINT('',(2.082606020615,2.420212041229,0.15));
#86=LINE('',#85,#87);
#87=VECTOR('',#88,1.);
#88=DIRECTION('',(0.707106781187,-0.707106781187,0.));
#89=ORIENTED_EDGE('',*,*,#90,.F.);
#90=EDGE_CURVE('',#24,#84,#91,.T.);
#91=LINE('',#25,#92);
#92=VECTOR('',#93,1.);
#93=DIRECTION('',(1.,0.,0.));
#94=FACE_BOUND('',#95,.F.);
#95=EDGE_LOOP('',(#96,#103,#108,#113));
#96=ORIENTED_EDGE('',*,*,#97,.T.);
#97=EDGE_CURVE('',#98,#100,#102,.T.);
#98=VERTEX_POINT('',#99);
#99=CARTESIAN_POINT('',(-1.305,-1.505,0.15));
#100=VERTEX_POINT('',#101);
#101=CARTESIAN_POINT('',(-1.305,1.505,0.15));
#102=LINE('',#99,#52);
#103=ORIENTED_EDGE('',*,*,#104,.T.);
#104=EDGE_CURVE('',#100,#105,#107,.T.);
#105=VERTEX_POINT('',#106);
#106=CARTESIAN_POINT('',(1.305,1.505,0.15));
#107=LINE('',#101,#92);
#108=ORIENTED_EDGE('',*,*,#109,.F.);
#109=EDGE_CURVE('',#110,#105,#112,.T.);
#110=VERTEX_POINT('',#111);
#111=CARTESIAN_POINT('',(1.305,-1.505,0.15));
#112=LINE('',#111,#52);
#113=ORIENTED_EDGE('',*,*,#114,.F.);
#114=EDGE_CURVE('',#98,#110,#115,.T.);
#115=LINE('',#99,#92);
#116=PLANE('',#117);
#117=AXIS2_PLACEMENT_3D('',#23,#118,#119);
#118=DIRECTION('',(-0.,0.,1.));
#119=DIRECTION('',(0.658535868159,-0.752549340806,0.));
#120=ADVANCED_FACE('',(#121),#133,.F.);
#121=FACE_BOUND('',#122,.F.);
#122=EDGE_LOOP('',(#123,#124,#129,#132));
#123=ORIENTED_EDGE('',*,*,#90,.T.);
#124=ORIENTED_EDGE('',*,*,#125,.T.);
#125=EDGE_CURVE('',#84,#126,#128,.T.);
#126=VERTEX_POINT('',#127);
#127=CARTESIAN_POINT('',(2.1225,2.5,0.6025));
#128=B_SPLINE_CURVE_WITH_KNOTS('',1,(#85,#127),.UNSPECIFIED.,.F.,.F.,(2,2),(0.,1.),.PIECEWISE_BEZIER_KNOTS.);
#129=ORIENTED_EDGE('',*,*,#130,.F.);
#130=EDGE_CURVE('',#31,#126,#131,.T.);
#131=LINE('',#32,#92);
#132=ORIENTED_EDGE('',*,*,#30,.F.);
#133=B_SPLINE_SURFACE_WITH_KNOTS('',1,1,((#25,#32),(#85,#127)),.UNSPECIFIED.,.F.,.F.,.F.,(2,2),(2,2),(0.,4.245),(0.,1.),.PIECEWISE_BEZIER_KNOTS.);
#134=ADVANCED_FACE('',(#135),#151,.F.);
#135=FACE_BOUND('',#136,.F.);
#136=EDGE_LOOP('',(#137,#138,#143,#148));
#137=ORIENTED_EDGE('',*,*,#35,.T.);
#138=ORIENTED_EDGE('',*,*,#139,.T.);
#139=EDGE_CURVE('',#31,#140,#142,.T.);
#140=VERTEX_POINT('',#141);
#141=CARTESIAN_POINT('',(-2.1225,2.5,0.7475));
#142=B_SPLINE_CURVE_WITH_KNOTS('',1,(#32,#141),.UNSPECIFIED.,.F.,.F.,(2,2),(0.,1.),.PIECEWISE_BEZIER_KNOTS.);
#143=ORIENTED_EDGE('',*,*,#144,.F.);
#144=EDGE_CURVE('',#145,#140,#147,.T.);
#145=VERTEX_POINT('',#146);
#146=CARTESIAN_POINT('',(-2.2,2.4225,0.7475));
#147=LINE('',#146,#27);
#148=ORIENTED_EDGE('',*,*,#149,.F.);
#149=EDGE_CURVE('',#36,#145,#150,.T.);
#150=B_SPLINE_CURVE_WITH_KNOTS('',1,(#37,#146),.UNSPECIFIED.,.F.,.F.,(2,2),(0.,1.),.PIECEWISE_BEZIER_KNOTS.);
#151=PLANE('',#152);
#152=AXIS2_PLACEMENT_3D('',#146,#88,#28);
#153=ADVANCED_FACE('',(#154),#222,.F.);
#154=FACE_BOUND('',#155,.F.);
#155=EDGE_LOOP('',(#156,#157,#158,#164,#168,#172,#176,#180,#184,#188,#192,#196,#200,#204,#208,#212,#216,#219));
#156=ORIENTED_EDGE('',*,*,#48,.T.);
#157=ORIENTED_EDGE('',*,*,#40,.T.);
#158=ORIENTED_EDGE('',*,*,#159,.F.);
#159=EDGE_CURVE('',#160,#36,#162,.T.);
#160=VERTEX_POINT('',#161);
#161=CARTESIAN_POINT('',(-2.2,2.0725,0.6025));
#162=LINE('',#163,#52);
#163=CARTESIAN_POINT('',(-2.2,-2.4225,0.6025));
#164=ORIENTED_EDGE('',*,*,#165,.F.);
#165=EDGE_CURVE('',#166,#160,#162,.T.);
#166=VERTEX_POINT('',#167);
#167=CARTESIAN_POINT('',(-2.2,1.8275,0.6025));
#168=ORIENTED_EDGE('',*,*,#169,.F.);
#169=EDGE_CURVE('',#170,#166,#162,.T.);
#170=VERTEX_POINT('',#171);
#171=CARTESIAN_POINT('',(-2.2,1.4225,0.6025));
#172=ORIENTED_EDGE('',*,*,#173,.F.);
#173=EDGE_CURVE('',#174,#170,#162,.T.);
#174=VERTEX_POINT('',#175);
#175=CARTESIAN_POINT('',(-2.2,1.1775,0.6025));
#176=ORIENTED_EDGE('',*,*,#177,.F.);
#177=EDGE_CURVE('',#178,#174,#162,.T.);
#178=VERTEX_POINT('',#179);
#179=CARTESIAN_POINT('',(-2.2,0.7725,0.6025));
#180=ORIENTED_EDGE('',*,*,#181,.F.);
#181=EDGE_CURVE('',#182,#178,#162,.T.);
#182=VERTEX_POINT('',#183);
#183=CARTESIAN_POINT('',(-2.2,0.5275,0.6025));
#184=ORIENTED_EDGE('',*,*,#185,.F.);
#185=EDGE_CURVE('',#186,#182,#162,.T.);
#186=VERTEX_POINT('',#187);
#187=CARTESIAN_POINT('',(-2.2,0.1225,0.6025));
#188=ORIENTED_EDGE('',*,*,#189,.F.);
#189=EDGE_CURVE('',#190,#186,#162,.T.);
#190=VERTEX_POINT('',#191);
#191=CARTESIAN_POINT('',(-2.2,-0.1225,0.6025));
#192=ORIENTED_EDGE('',*,*,#193,.F.);
#193=EDGE_CURVE('',#194,#190,#162,.T.);
#194=VERTEX_POINT('',#195);
#195=CARTESIAN_POINT('',(-2.2,-0.5275,0.6025));
#196=ORIENTED_EDGE('',*,*,#197,.F.);
#197=EDGE_CURVE('',#198,#194,#162,.T.);
#198=VERTEX_POINT('',#199);
#199=CARTESIAN_POINT('',(-2.2,-0.7725,0.6025));
#200=ORIENTED_EDGE('',*,*,#201,.F.);
#201=EDGE_CURVE('',#202,#198,#162,.T.);
#202=VERTEX_POINT('',#203);
#203=CARTESIAN_POINT('',(-2.2,-1.1775,0.6025));
#204=ORIENTED_EDGE('',*,*,#205,.F.);
#205=EDGE_CURVE('',#206,#202,#162,.T.);
#206=VERTEX_POINT('',#207);
#207=CARTESIAN_POINT('',(-2.2,-1.4225,0.6025));
#208=ORIENTED_EDGE('',*,*,#209,.F.);
#209=EDGE_CURVE('',#210,#206,#162,.T.);
#210=VERTEX_POINT('',#211);
#211=CARTESIAN_POINT('',(-2.2,-1.8275,0.6025));
#212=ORIENTED_EDGE('',*,*,#213,.F.);
#213=EDGE_CURVE('',#214,#210,#162,.T.);
#214=VERTEX_POINT('',#215);
#215=CARTESIAN_POINT('',(-2.2,-2.0725,0.6025));
#216=ORIENTED_EDGE('',*,*,#217,.F.);
#217=EDGE_CURVE('',#218,#214,#162,.T.);
#218=VERTEX_POINT('',#163);
#219=ORIENTED_EDGE('',*,*,#220,.F.);
#220=EDGE_CURVE('',#49,#218,#221,.T.);
#221=B_SPLINE_CURVE_WITH_KNOTS('',1,(#50,#163),.UNSPECIFIED.,.F.,.F.,(2,2),(0.,1.),.PIECEWISE_BEZIER_KNOTS.);
#222=B_SPLINE_SURFACE_WITH_KNOTS('',1,1,((#50,#163),(#23,#37)),.UNSPECIFIED.,.F.,.F.,.F.,(2,2),(2,2),(0.,4.845),(0.,1.),.PIECEWISE_BEZIER_KNOTS.);
#223=ADVANCED_FACE('',(#224),#236,.F.);
#224=FACE_BOUND('',#225,.F.);
#225=EDGE_LOOP('',(#226,#227,#228,#233));
#226=ORIENTED_EDGE('',*,*,#55,.T.);
#227=ORIENTED_EDGE('',*,*,#220,.T.);
#228=ORIENTED_EDGE('',*,*,#229,.F.);
#229=EDGE_CURVE('',#230,#218,#232,.T.);
#230=VERTEX_POINT('',#231);
#231=CARTESIAN_POINT('',(-2.1225,-2.5,0.6025));
#232=LINE('',#231,#59);
#233=ORIENTED_EDGE('',*,*,#234,.F.);
#234=EDGE_CURVE('',#56,#230,#235,.T.);
#235=B_SPLINE_CURVE_WITH_KNOTS('',1,(#57,#231),.UNSPECIFIED.,.F.,.F.,(2,2),(0.,1.),.PIECEWISE_BEZIER_KNOTS.);
#236=B_SPLINE_SURFACE_WITH_KNOTS('',1,1,((#57,#231),(#50,#163)),.UNSPECIFIED.,.F.,.F.,.F.,(2,2),(2,2),(0.,0.109601551084),(0.,1.),.PIECEWISE_BEZIER_KNOTS.);
#237=ADVANCED_FACE('',(#238),#250,.F.);
#238=FACE_BOUND('',#239,.F.);
#239=EDGE_LOOP('',(#240,#241,#246,#249));
#240=ORIENTED_EDGE('',*,*,#83,.T.);
#241=ORIENTED_EDGE('',*,*,#242,.T.);
#242=EDGE_CURVE('',#77,#243,#245,.T.);
#243=VERTEX_POINT('',#244);
#244=CARTESIAN_POINT('',(2.2,2.4225,0.6025));
#245=B_SPLINE_CURVE_WITH_KNOTS('',1,(#78,#244),.UNSPECIFIED.,.F.,.F.,(2,2),(0.,1.),.PIECEWISE_BEZIER_KNOTS.);
#246=ORIENTED_EDGE('',*,*,#247,.F.);
#247=EDGE_CURVE('',#126,#243,#248,.T.);
#248=LINE('',#127,#87);
#249=ORIENTED_EDGE('',*,*,#125,.F.);
#250=B_SPLINE_SURFACE_WITH_KNOTS('',1,1,((#85,#127),(#78,#244)),.UNSPECIFIED.,.F.,.F.,.F.,(2,2),(2,2),(0.,0.109601551084),(0.,1.),.PIECEWISE_BEZIER_KNOTS.);
#251=ADVANCED_FACE('',(#252),#264,.F.);
#252=FACE_BOUND('',#253,.F.);
#253=EDGE_LOOP('',(#254,#255,#256,#261));
#254=ORIENTED_EDGE('',*,*,#62,.T.);
#255=ORIENTED_EDGE('',*,*,#234,.T.);
#256=ORIENTED_EDGE('',*,*,#257,.F.);
#257=EDGE_CURVE('',#258,#230,#260,.T.);
#258=VERTEX_POINT('',#259);
#259=CARTESIAN_POINT('',(2.1225,-2.5,0.6025));
#260=LINE('',#259,#66);
#261=ORIENTED_EDGE('',*,*,#262,.F.);
#262=EDGE_CURVE('',#63,#258,#263,.T.);
#263=B_SPLINE_CURVE_WITH_KNOTS('',1,(#64,#259),.UNSPECIFIED.,.F.,.F.,(2,2),(0.,1.),.PIECEWISE_BEZIER_KNOTS.);
#264=B_SPLINE_SURFACE_WITH_KNOTS('',1,1,((#64,#259),(#57,#231)),.UNSPECIFIED.,.F.,.F.,.F.,(2,2),(2,2),(0.,4.245),(0.,1.),.PIECEWISE_BEZIER_KNOTS.);
#265=ADVANCED_FACE('',(#266),#334,.F.);
#266=FACE_BOUND('',#267,.F.);
#267=EDGE_LOOP('',(#268,#269,#274,#279,#283,#287,#291,#295,#299,#303,#307,#311,#315,#319,#323,#327,#331,#333));
#268=ORIENTED_EDGE('',*,*,#76,.T.);
#269=ORIENTED_EDGE('',*,*,#270,.T.);
#270=EDGE_CURVE('',#70,#271,#273,.T.);
#271=VERTEX_POINT('',#272);
#272=CARTESIAN_POINT('',(2.2,-2.4225,0.6025));
#273=B_SPLINE_CURVE_WITH_KNOTS('',1,(#71,#272),.UNSPECIFIED.,.F.,.F.,(2,2),(0.,1.),.PIECEWISE_BEZIER_KNOTS.);
#274=ORIENTED_EDGE('',*,*,#275,.F.);
#275=EDGE_CURVE('',#276,#271,#278,.T.);
#276=VERTEX_POINT('',#277);
#277=CARTESIAN_POINT('',(2.2,-2.0725,0.6025));
#278=LINE('',#244,#80);
#279=ORIENTED_EDGE('',*,*,#280,.F.);
#280=EDGE_CURVE('',#281,#276,#278,.T.);
#281=VERTEX_POINT('',#282);
#282=CARTESIAN_POINT('',(2.2,-1.8275,0.6025));
#283=ORIENTED_EDGE('',*,*,#284,.F.);
#284=EDGE_CURVE('',#285,#281,#278,.T.);
#285=VERTEX_POINT('',#286);
#286=CARTESIAN_POINT('',(2.2,-1.4225,0.6025));
#287=ORIENTED_EDGE('',*,*,#288,.F.);
#288=EDGE_CURVE('',#289,#285,#278,.T.);
#289=VERTEX_POINT('',#290);
#290=CARTESIAN_POINT('',(2.2,-1.1775,0.6025));
#291=ORIENTED_EDGE('',*,*,#292,.F.);
#292=EDGE_CURVE('',#293,#289,#278,.T.);
#293=VERTEX_POINT('',#294);
#294=CARTESIAN_POINT('',(2.2,-0.7725,0.6025));
#295=ORIENTED_EDGE('',*,*,#296,.F.);
#296=EDGE_CURVE('',#297,#293,#278,.T.);
#297=VERTEX_POINT('',#298);
#298=CARTESIAN_POINT('',(2.2,-0.5275,0.6025));
#299=ORIENTED_EDGE('',*,*,#300,.F.);
#300=EDGE_CURVE('',#301,#297,#278,.T.);
#301=VERTEX_POINT('',#302);
#302=CARTESIAN_POINT('',(2.2,-0.1225,0.6025));
#303=ORIENTED_EDGE('',*,*,#304,.F.);
#304=EDGE_CURVE('',#305,#301,#278,.T.);
#305=VERTEX_POINT('',#306);
#306=CARTESIAN_POINT('',(2.2,0.1225,0.6025));
#307=ORIENTED_EDGE('',*,*,#308,.F.);
#308=EDGE_CURVE('',#309,#305,#278,.T.);
#309=VERTEX_POINT('',#310);
#310=CARTESIAN_POINT('',(2.2,0.5275,0.6025));
#311=ORIENTED_EDGE('',*,*,#312,.F.);
#312=EDGE_CURVE('',#313,#309,#278,.T.);
#313=VERTEX_POINT('',#314);
#314=CARTESIAN_POINT('',(2.2,0.7725,0.6025));
#315=ORIENTED_EDGE('',*,*,#316,.F.);
#316=EDGE_CURVE('',#317,#313,#278,.T.);
#317=VERTEX_POINT('',#318);
#318=CARTESIAN_POINT('',(2.2,1.1775,0.6025));
#319=ORIENTED_EDGE('',*,*,#320,.F.);
#320=EDGE_CURVE('',#321,#317,#278,.T.);
#321=VERTEX_POINT('',#322);
#322=CARTESIAN_POINT('',(2.2,1.4225,0.6025));
#323=ORIENTED_EDGE('',*,*,#324,.F.);
#324=EDGE_CURVE('',#325,#321,#278,.T.);
#325=VERTEX_POINT('',#326);
#326=CARTESIAN_POINT('',(2.2,1.8275,0.6025));
#327=ORIENTED_EDGE('',*,*,#328,.F.);
#328=EDGE_CURVE('',#329,#325,#278,.T.);
#329=VERTEX_POINT('',#330);
#330=CARTESIAN_POINT('',(2.2,2.0725,0.6025));
#331=ORIENTED_EDGE('',*,*,#332,.F.);
#332=EDGE_CURVE('',#243,#329,#278,.T.);
#333=ORIENTED_EDGE('',*,*,#242,.F.);
#334=B_SPLINE_SURFACE_WITH_KNOTS('',1,1,((#78,#244),(#71,#272)),.UNSPECIFIED.,.F.,.F.,.F.,(2,2),(2,2),(0.,4.845),(0.,1.),.PIECEWISE_BEZIER_KNOTS.);
#335=ADVANCED_FACE('',(#336),#344,.F.);
#336=FACE_BOUND('',#337,.F.);
#337=EDGE_LOOP('',(#338,#339,#340,#343));
#338=ORIENTED_EDGE('',*,*,#69,.T.);
#339=ORIENTED_EDGE('',*,*,#262,.T.);
#340=ORIENTED_EDGE('',*,*,#341,.F.);
#341=EDGE_CURVE('',#271,#258,#342,.T.);
#342=LINE('',#272,#73);
#343=ORIENTED_EDGE('',*,*,#270,.F.);
#344=B_SPLINE_SURFACE_WITH_KNOTS('',1,1,((#71,#272),(#64,#259)),.UNSPECIFIED.,.F.,.F.,.F.,(2,2),(2,2),(0.,0.109601551084),(0.,1.),.PIECEWISE_BEZIER_KNOTS.);
#345=ADVANCED_FACE('',(#346),#363,.F.);
#346=FACE_BOUND('',#347,.F.);
#347=EDGE_LOOP('',(#348,#354,#359,#362));
#348=ORIENTED_EDGE('',*,*,#349,.F.);
#349=EDGE_CURVE('',#350,#98,#352,.T.);
#350=VERTEX_POINT('',#351);
#351=CARTESIAN_POINT('',(-1.305,-1.505,0.));
#352=LINE('',#351,#353);
#353=VECTOR('',#13,1.);
#354=ORIENTED_EDGE('',*,*,#355,.T.);
#355=EDGE_CURVE('',#350,#356,#358,.T.);
#356=VERTEX_POINT('',#357);
#357=CARTESIAN_POINT('',(-1.305,1.505,0.));
#358=LINE('',#351,#52);
#359=ORIENTED_EDGE('',*,*,#360,.T.);
#360=EDGE_CURVE('',#356,#100,#361,.T.);
#361=LINE('',#357,#353);
#362=ORIENTED_EDGE('',*,*,#97,.F.);
#363=PLANE('',#364);
#364=AXIS2_PLACEMENT_3D('',#351,#93,#13);
#365=ADVANCED_FACE('',(#366),#378,.F.);
#366=FACE_BOUND('',#367,.F.);
#367=EDGE_LOOP('',(#368,#373,#374,#375));
#368=ORIENTED_EDGE('',*,*,#369,.F.);
#369=EDGE_CURVE('',#350,#370,#372,.T.);
#370=VERTEX_POINT('',#371);
#371=CARTESIAN_POINT('',(1.305,-1.505,0.));
#372=LINE('',#351,#92);
#373=ORIENTED_EDGE('',*,*,#349,.T.);
#374=ORIENTED_EDGE('',*,*,#114,.T.);
#375=ORIENTED_EDGE('',*,*,#376,.F.);
#376=EDGE_CURVE('',#370,#110,#377,.T.);
#377=LINE('',#371,#353);
#378=PLANE('',#379);
#379=AXIS2_PLACEMENT_3D('',#351,#53,#13);
#380=ADVANCED_FACE('',(#381),#391,.T.);
#381=FACE_BOUND('',#382,.T.);
#382=EDGE_LOOP('',(#375,#383,#388,#108));
#383=ORIENTED_EDGE('',*,*,#384,.T.);
#384=EDGE_CURVE('',#370,#385,#387,.T.);
#385=VERTEX_POINT('',#386);
#386=CARTESIAN_POINT('',(1.305,1.505,0.));
#387=LINE('',#371,#52);
#388=ORIENTED_EDGE('',*,*,#389,.T.);
#389=EDGE_CURVE('',#385,#105,#390,.T.);
#390=LINE('',#386,#353);
#391=PLANE('',#392);
#392=AXIS2_PLACEMENT_3D('',#371,#93,#13);
#393=ADVANCED_FACE('',(#394),#400,.T.);
#394=FACE_BOUND('',#395,.T.);
#395=EDGE_LOOP('',(#396,#359,#103,#399));
#396=ORIENTED_EDGE('',*,*,#397,.F.);
#397=EDGE_CURVE('',#356,#385,#398,.T.);
#398=LINE('',#357,#92);
#399=ORIENTED_EDGE('',*,*,#389,.F.);
#400=PLANE('',#401);
#401=AXIS2_PLACEMENT_3D('',#357,#53,#13);
#402=ADVANCED_FACE('',(#403),#415,.F.);
#403=FACE_BOUND('',#404,.F.);
#404=EDGE_LOOP('',(#405,#406,#411,#414));
#405=ORIENTED_EDGE('',*,*,#130,.T.);
#406=ORIENTED_EDGE('',*,*,#407,.T.);
#407=EDGE_CURVE('',#126,#408,#410,.T.);
#408=VERTEX_POINT('',#409);
#409=CARTESIAN_POINT('',(2.1225,2.5,0.7475));
#410=B_SPLINE_CURVE_WITH_KNOTS('',1,(#127,#409),.UNSPECIFIED.,.F.,.F.,(2,2),(0.,1.),.PIECEWISE_BEZIER_KNOTS.);
#411=ORIENTED_EDGE('',*,*,#412,.F.);
#412=EDGE_CURVE('',#140,#408,#413,.T.);
#413=LINE('',#141,#92);
#414=ORIENTED_EDGE('',*,*,#139,.F.);
#415=PLANE('',#416);
#416=AXIS2_PLACEMENT_3D('',#141,#81,#93);
#417=ADVANCED_FACE('',(#418),#478,.F.);
#418=FACE_BOUND('',#419,.F.);
#419=EDGE_LOOP('',(#420,#426,#427,#428,#433,#438,#446,#451,#456,#461,#466,#472));
#420=ORIENTED_EDGE('',*,*,#421,.T.);
#421=EDGE_CURVE('',#422,#145,#424,.T.);
#422=VERTEX_POINT('',#423);
#423=CARTESIAN_POINT('',(-2.2,2.0725,0.7475));
#424=LINE('',#425,#52);
#425=CARTESIAN_POINT('',(-2.2,-2.4225,0.7475));
#426=ORIENTED_EDGE('',*,*,#144,.T.);
#427=ORIENTED_EDGE('',*,*,#412,.T.);
#428=ORIENTED_EDGE('',*,*,#429,.T.);
#429=EDGE_CURVE('',#408,#430,#432,.T.);
#430=VERTEX_POINT('',#431);
#431=CARTESIAN_POINT('',(2.2,2.4225,0.7475));
#432=LINE('',#409,#87);
#433=ORIENTED_EDGE('',*,*,#434,.T.);
#434=EDGE_CURVE('',#430,#435,#437,.T.);
#435=VERTEX_POINT('',#436);
#436=CARTESIAN_POINT('',(2.2,2.0725,0.7475));
#437=LINE('',#431,#80);
#438=ORIENTED_EDGE('',*,*,#439,.T.);
#439=EDGE_CURVE('',#435,#440,#442,.T.);
#440=VERTEX_POINT('',#441);
#441=CARTESIAN_POINT('',(2.15,2.0725,0.7475));
#442=LINE('',#443,#444);
#443=CARTESIAN_POINT('',(2.42393152463,2.0725,0.7475));
#444=VECTOR('',#445,1.);
#445=DIRECTION('',(-1.,-1.110223024625E-16,0.));
#446=ORIENTED_EDGE('',*,*,#447,.F.);
#447=EDGE_CURVE('',#448,#440,#450,.T.);
#448=VERTEX_POINT('',#449);
#449=CARTESIAN_POINT('',(2.15,2.3975,0.7475));
#450=LINE('',#449,#80);
#451=ORIENTED_EDGE('',*,*,#452,.F.);
#452=EDGE_CURVE('',#453,#448,#455,.T.);
#453=VERTEX_POINT('',#454);
#454=CARTESIAN_POINT('',(2.0975,2.45,0.7475));
#455=LINE('',#454,#87);
#456=ORIENTED_EDGE('',*,*,#457,.F.);
#457=EDGE_CURVE('',#458,#453,#460,.T.);
#458=VERTEX_POINT('',#459);
#459=CARTESIAN_POINT('',(-2.0975,2.45,0.7475));
#460=LINE('',#459,#92);
#461=ORIENTED_EDGE('',*,*,#462,.F.);
#462=EDGE_CURVE('',#463,#458,#465,.T.);
#463=VERTEX_POINT('',#464);
#464=CARTESIAN_POINT('',(-2.15,2.3975,0.7475));
#465=LINE('',#464,#27);
#466=ORIENTED_EDGE('',*,*,#467,.F.);
#467=EDGE_CURVE('',#468,#463,#470,.T.);
#468=VERTEX_POINT('',#469);
#469=CARTESIAN_POINT('',(-2.15,2.0725,0.7475));
#470=LINE('',#471,#52);
#471=CARTESIAN_POINT('',(-2.15,-2.3975,0.7475));
#472=ORIENTED_EDGE('',*,*,#473,.F.);
#473=EDGE_CURVE('',#422,#468,#474,.T.);
#474=LINE('',#475,#476);
#475=CARTESIAN_POINT('',(-2.42393152463,2.0725,0.7475));
#476=VECTOR('',#477,1.);
#477=DIRECTION('',(1.,-1.110223024625E-16,0.));
#478=PLANE('',#479);
#479=AXIS2_PLACEMENT_3D('',#480,#481,#482);
#480=CARTESIAN_POINT('',(-2.1425,2.4425,0.7475));
#481=DIRECTION('',(-2.693839461596E-15,2.786930951988E-15,-1.));
#482=DIRECTION('',(0.707106781187,0.707106781187,6.58256241272E-17));
#483=ADVANCED_FACE('',(#484),#493,.F.);
#484=FACE_BOUND('',#485,.F.);
#485=EDGE_LOOP('',(#486,#490,#491,#492));
#486=ORIENTED_EDGE('',*,*,#487,.F.);
#487=EDGE_CURVE('',#160,#422,#488,.T.);
#488=LINE('',#489,#353);
#489=CARTESIAN_POINT('',(-2.2,2.0725,0.556301388488));
#490=ORIENTED_EDGE('',*,*,#159,.T.);
#491=ORIENTED_EDGE('',*,*,#149,.T.);
#492=ORIENTED_EDGE('',*,*,#421,.F.);
#493=PLANE('',#494);
#494=AXIS2_PLACEMENT_3D('',#425,#93,#495);
#495=DIRECTION('',(-0.,1.,0.));
#496=ADVANCED_FACE('',(#497),#493,.F.);
#497=FACE_BOUND('',#498,.F.);
#498=EDGE_LOOP('',(#499,#503,#504,#510));
#499=ORIENTED_EDGE('',*,*,#500,.F.);
#500=EDGE_CURVE('',#218,#501,#502,.T.);
#501=VERTEX_POINT('',#425);
#502=B_SPLINE_CURVE_WITH_KNOTS('',1,(#163,#425),.UNSPECIFIED.,.F.,.F.,(2,2),(0.,1.),.PIECEWISE_BEZIER_KNOTS.);
#503=ORIENTED_EDGE('',*,*,#217,.T.);
#504=ORIENTED_EDGE('',*,*,#505,.T.);
#505=EDGE_CURVE('',#214,#506,#508,.T.);
#506=VERTEX_POINT('',#507);
#507=CARTESIAN_POINT('',(-2.2,-2.0725,0.7475));
#508=LINE('',#509,#353);
#509=CARTESIAN_POINT('',(-2.2,-2.0725,0.556301388488));
#510=ORIENTED_EDGE('',*,*,#511,.F.);
#511=EDGE_CURVE('',#501,#506,#424,.T.);
#512=ADVANCED_FACE('',(#513),#535,.F.);
#513=FACE_BOUND('',#514,.F.);
#514=EDGE_LOOP('',(#515,#523,#524,#530));
#515=ORIENTED_EDGE('',*,*,#516,.F.);
#516=EDGE_CURVE('',#214,#517,#519,.T.);
#517=VERTEX_POINT('',#518);
#518=CARTESIAN_POINT('',(-2.42393152463,-2.0725,0.6025));
#519=LINE('',#520,#521);
#520=CARTESIAN_POINT('',(-2.1,-2.0725,0.6025));
#521=VECTOR('',#522,1.);
#522=DIRECTION('',(-1.,1.110223024625E-16,0.));
#523=ORIENTED_EDGE('',*,*,#213,.T.);
#524=ORIENTED_EDGE('',*,*,#525,.T.);
#525=EDGE_CURVE('',#210,#526,#528,.T.);
#526=VERTEX_POINT('',#527);
#527=CARTESIAN_POINT('',(-2.42393152463,-1.8275,0.6025));
#528=LINE('',#529,#521);
#529=CARTESIAN_POINT('',(-2.1,-1.8275,0.6025));
#530=ORIENTED_EDGE('',*,*,#531,.F.);
#531=EDGE_CURVE('',#517,#526,#532,.T.);
#532=LINE('',#518,#533);
#533=VECTOR('',#534,1.);
#534=DIRECTION('',(1.110223024625E-16,1.,0.));
#535=PLANE('',#536);
#536=AXIS2_PLACEMENT_3D('',#520,#13,#522);
#537=ADVANCED_FACE('',(#538),#493,.F.);
#538=FACE_BOUND('',#539,.F.);
#539=EDGE_LOOP('',(#540,#546,#547,#553));
#540=ORIENTED_EDGE('',*,*,#541,.F.);
#541=EDGE_CURVE('',#210,#542,#544,.T.);
#542=VERTEX_POINT('',#543);
#543=CARTESIAN_POINT('',(-2.2,-1.8275,0.7475));
#544=LINE('',#545,#353);
#545=CARTESIAN_POINT('',(-2.2,-1.8275,0.556301388488));
#546=ORIENTED_EDGE('',*,*,#209,.T.);
#547=ORIENTED_EDGE('',*,*,#548,.T.);
#548=EDGE_CURVE('',#206,#549,#551,.T.);
#549=VERTEX_POINT('',#550);
#550=CARTESIAN_POINT('',(-2.2,-1.4225,0.7475));
#551=LINE('',#552,#353);
#552=CARTESIAN_POINT('',(-2.2,-1.4225,0.556301388488));
#553=ORIENTED_EDGE('',*,*,#554,.F.);
#554=EDGE_CURVE('',#542,#549,#424,.T.);
#555=ADVANCED_FACE('',(#556),#574,.F.);
#556=FACE_BOUND('',#557,.F.);
#557=EDGE_LOOP('',(#558,#564,#565,#571));
#558=ORIENTED_EDGE('',*,*,#559,.F.);
#559=EDGE_CURVE('',#206,#560,#562,.T.);
#560=VERTEX_POINT('',#561);
#561=CARTESIAN_POINT('',(-2.42393152463,-1.4225,0.6025));
#562=LINE('',#563,#521);
#563=CARTESIAN_POINT('',(-2.1,-1.4225,0.6025));
#564=ORIENTED_EDGE('',*,*,#205,.T.);
#565=ORIENTED_EDGE('',*,*,#566,.T.);
#566=EDGE_CURVE('',#202,#567,#569,.T.);
#567=VERTEX_POINT('',#568);
#568=CARTESIAN_POINT('',(-2.42393152463,-1.1775,0.6025));
#569=LINE('',#570,#521);
#570=CARTESIAN_POINT('',(-2.1,-1.1775,0.6025));
#571=ORIENTED_EDGE('',*,*,#572,.F.);
#572=EDGE_CURVE('',#560,#567,#573,.T.);
#573=LINE('',#561,#533);
#574=PLANE('',#575);
#575=AXIS2_PLACEMENT_3D('',#563,#13,#522);
#576=ADVANCED_FACE('',(#577),#493,.F.);
#577=FACE_BOUND('',#578,.F.);
#578=EDGE_LOOP('',(#579,#585,#586,#592));
#579=ORIENTED_EDGE('',*,*,#580,.F.);
#580=EDGE_CURVE('',#202,#581,#583,.T.);
#581=VERTEX_POINT('',#582);
#582=CARTESIAN_POINT('',(-2.2,-1.1775,0.7475));
#583=LINE('',#584,#353);
#584=CARTESIAN_POINT('',(-2.2,-1.1775,0.556301388488));
#585=ORIENTED_EDGE('',*,*,#201,.T.);
#586=ORIENTED_EDGE('',*,*,#587,.T.);
#587=EDGE_CURVE('',#198,#588,#590,.T.);
#588=VERTEX_POINT('',#589);
#589=CARTESIAN_POINT('',(-2.2,-0.7725,0.7475));
#590=LINE('',#591,#353);
#591=CARTESIAN_POINT('',(-2.2,-0.7725,0.556301388488));
#592=ORIENTED_EDGE('',*,*,#593,.F.);
#593=EDGE_CURVE('',#581,#588,#424,.T.);
#594=ADVANCED_FACE('',(#595),#613,.F.);
#595=FACE_BOUND('',#596,.F.);
#596=EDGE_LOOP('',(#597,#603,#604,#610));
#597=ORIENTED_EDGE('',*,*,#598,.F.);
#598=EDGE_CURVE('',#198,#599,#601,.T.);
#599=VERTEX_POINT('',#600);
#600=CARTESIAN_POINT('',(-2.42393152463,-0.7725,0.6025));
#601=LINE('',#602,#521);
#602=CARTESIAN_POINT('',(-2.1,-0.7725,0.6025));
#603=ORIENTED_EDGE('',*,*,#197,.T.);
#604=ORIENTED_EDGE('',*,*,#605,.T.);
#605=EDGE_CURVE('',#194,#606,#608,.T.);
#606=VERTEX_POINT('',#607);
#607=CARTESIAN_POINT('',(-2.42393152463,-0.5275,0.6025));
#608=LINE('',#609,#521);
#609=CARTESIAN_POINT('',(-2.1,-0.5275,0.6025));
#610=ORIENTED_EDGE('',*,*,#611,.F.);
#611=EDGE_CURVE('',#599,#606,#612,.T.);
#612=LINE('',#600,#533);
#613=PLANE('',#614);
#614=AXIS2_PLACEMENT_3D('',#602,#13,#522);
#615=ADVANCED_FACE('',(#616),#493,.F.);
#616=FACE_BOUND('',#617,.F.);
#617=EDGE_LOOP('',(#618,#624,#625,#631));
#618=ORIENTED_EDGE('',*,*,#619,.F.);
#619=EDGE_CURVE('',#194,#620,#622,.T.);
#620=VERTEX_POINT('',#621);
#621=CARTESIAN_POINT('',(-2.2,-0.5275,0.7475));
#622=LINE('',#623,#353);
#623=CARTESIAN_POINT('',(-2.2,-0.5275,0.556301388488));
#624=ORIENTED_EDGE('',*,*,#193,.T.);
#625=ORIENTED_EDGE('',*,*,#626,.T.);
#626=EDGE_CURVE('',#190,#627,#629,.T.);
#627=VERTEX_POINT('',#628);
#628=CARTESIAN_POINT('',(-2.2,-0.1225,0.7475));
#629=LINE('',#630,#353);
#630=CARTESIAN_POINT('',(-2.2,-0.1225,0.556301388488));
#631=ORIENTED_EDGE('',*,*,#632,.F.);
#632=EDGE_CURVE('',#620,#627,#424,.T.);
#633=ADVANCED_FACE('',(#634),#652,.F.);
#634=FACE_BOUND('',#635,.F.);
#635=EDGE_LOOP('',(#636,#642,#643,#649));
#636=ORIENTED_EDGE('',*,*,#637,.F.);
#637=EDGE_CURVE('',#190,#638,#640,.T.);
#638=VERTEX_POINT('',#639);
#639=CARTESIAN_POINT('',(-2.42393152463,-0.1225,0.6025));
#640=LINE('',#641,#521);
#641=CARTESIAN_POINT('',(-2.1,-0.1225,0.6025));
#642=ORIENTED_EDGE('',*,*,#189,.T.);
#643=ORIENTED_EDGE('',*,*,#644,.T.);
#644=EDGE_CURVE('',#186,#645,#647,.T.);
#645=VERTEX_POINT('',#646);
#646=CARTESIAN_POINT('',(-2.42393152463,0.1225,0.6025));
#647=LINE('',#648,#521);
#648=CARTESIAN_POINT('',(-2.1,0.1225,0.6025));
#649=ORIENTED_EDGE('',*,*,#650,.F.);
#650=EDGE_CURVE('',#638,#645,#651,.T.);
#651=LINE('',#639,#533);
#652=PLANE('',#653);
#653=AXIS2_PLACEMENT_3D('',#641,#13,#522);
#654=ADVANCED_FACE('',(#655),#493,.F.);
#655=FACE_BOUND('',#656,.F.);
#656=EDGE_LOOP('',(#657,#663,#664,#670));
#657=ORIENTED_EDGE('',*,*,#658,.F.);
#658=EDGE_CURVE('',#186,#659,#661,.T.);
#659=VERTEX_POINT('',#660);
#660=CARTESIAN_POINT('',(-2.2,0.1225,0.7475));
#661=LINE('',#662,#353);
#662=CARTESIAN_POINT('',(-2.2,0.1225,0.556301388488));
#663=ORIENTED_EDGE('',*,*,#185,.T.);
#664=ORIENTED_EDGE('',*,*,#665,.T.);
#665=EDGE_CURVE('',#182,#666,#668,.T.);
#666=VERTEX_POINT('',#667);
#667=CARTESIAN_POINT('',(-2.2,0.5275,0.7475));
#668=LINE('',#669,#353);
#669=CARTESIAN_POINT('',(-2.2,0.5275,0.556301388488));
#670=ORIENTED_EDGE('',*,*,#671,.F.);
#671=EDGE_CURVE('',#659,#666,#424,.T.);
#672=ADVANCED_FACE('',(#673),#691,.F.);
#673=FACE_BOUND('',#674,.F.);
#674=EDGE_LOOP('',(#675,#681,#682,#688));
#675=ORIENTED_EDGE('',*,*,#676,.F.);
#676=EDGE_CURVE('',#182,#677,#679,.T.);
#677=VERTEX_POINT('',#678);
#678=CARTESIAN_POINT('',(-2.42393152463,0.5275,0.6025));
#679=LINE('',#680,#521);
#680=CARTESIAN_POINT('',(-2.1,0.5275,0.6025));
#681=ORIENTED_EDGE('',*,*,#181,.T.);
#682=ORIENTED_EDGE('',*,*,#683,.T.);
#683=EDGE_CURVE('',#178,#684,#686,.T.);
#684=VERTEX_POINT('',#685);
#685=CARTESIAN_POINT('',(-2.42393152463,0.7725,0.6025));
#686=LINE('',#687,#521);
#687=CARTESIAN_POINT('',(-2.1,0.7725,0.6025));
#688=ORIENTED_EDGE('',*,*,#689,.F.);
#689=EDGE_CURVE('',#677,#684,#690,.T.);
#690=LINE('',#678,#533);
#691=PLANE('',#692);
#692=AXIS2_PLACEMENT_3D('',#680,#13,#522);
#693=ADVANCED_FACE('',(#694),#493,.F.);
#694=FACE_BOUND('',#695,.F.);
#695=EDGE_LOOP('',(#696,#702,#703,#709));
#696=ORIENTED_EDGE('',*,*,#697,.F.);
#697=EDGE_CURVE('',#178,#698,#700,.T.);
#698=VERTEX_POINT('',#699);
#699=CARTESIAN_POINT('',(-2.2,0.7725,0.7475));
#700=LINE('',#701,#353);
#701=CARTESIAN_POINT('',(-2.2,0.7725,0.556301388488));
#702=ORIENTED_EDGE('',*,*,#177,.T.);
#703=ORIENTED_EDGE('',*,*,#704,.T.);
#704=EDGE_CURVE('',#174,#705,#707,.T.);
#705=VERTEX_POINT('',#706);
#706=CARTESIAN_POINT('',(-2.2,1.1775,0.7475));
#707=LINE('',#708,#353);
#708=CARTESIAN_POINT('',(-2.2,1.1775,0.556301388488));
#709=ORIENTED_EDGE('',*,*,#710,.F.);
#710=EDGE_CURVE('',#698,#705,#424,.T.);
#711=ADVANCED_FACE('',(#712),#730,.F.);
#712=FACE_BOUND('',#713,.F.);
#713=EDGE_LOOP('',(#714,#720,#721,#727));
#714=ORIENTED_EDGE('',*,*,#715,.F.);
#715=EDGE_CURVE('',#174,#716,#718,.T.);
#716=VERTEX_POINT('',#717);
#717=CARTESIAN_POINT('',(-2.42393152463,1.1775,0.6025));
#718=LINE('',#719,#521);
#719=CARTESIAN_POINT('',(-2.1,1.1775,0.6025));
#720=ORIENTED_EDGE('',*,*,#173,.T.);
#721=ORIENTED_EDGE('',*,*,#722,.T.);
#722=EDGE_CURVE('',#170,#723,#725,.T.);
#723=VERTEX_POINT('',#724);
#724=CARTESIAN_POINT('',(-2.42393152463,1.4225,0.6025));
#725=LINE('',#726,#521);
#726=CARTESIAN_POINT('',(-2.1,1.4225,0.6025));
#727=ORIENTED_EDGE('',*,*,#728,.F.);
#728=EDGE_CURVE('',#716,#723,#729,.T.);
#729=LINE('',#717,#533);
#730=PLANE('',#731);
#731=AXIS2_PLACEMENT_3D('',#719,#13,#522);
#732=ADVANCED_FACE('',(#733),#493,.F.);
#733=FACE_BOUND('',#734,.F.);
#734=EDGE_LOOP('',(#735,#741,#742,#748));
#735=ORIENTED_EDGE('',*,*,#736,.F.);
#736=EDGE_CURVE('',#170,#737,#739,.T.);
#737=VERTEX_POINT('',#738);
#738=CARTESIAN_POINT('',(-2.2,1.4225,0.7475));
#739=LINE('',#740,#353);
#740=CARTESIAN_POINT('',(-2.2,1.4225,0.556301388488));
#741=ORIENTED_EDGE('',*,*,#169,.T.);
#742=ORIENTED_EDGE('',*,*,#743,.T.);
#743=EDGE_CURVE('',#166,#744,#746,.T.);
#744=VERTEX_POINT('',#745);
#745=CARTESIAN_POINT('',(-2.2,1.8275,0.7475));
#746=LINE('',#747,#353);
#747=CARTESIAN_POINT('',(-2.2,1.8275,0.556301388488));
#748=ORIENTED_EDGE('',*,*,#749,.F.);
#749=EDGE_CURVE('',#737,#744,#424,.T.);
#750=ADVANCED_FACE('',(#751),#769,.F.);
#751=FACE_BOUND('',#752,.F.);
#752=EDGE_LOOP('',(#753,#759,#760,#766));
#753=ORIENTED_EDGE('',*,*,#754,.F.);
#754=EDGE_CURVE('',#166,#755,#757,.T.);
#755=VERTEX_POINT('',#756);
#756=CARTESIAN_POINT('',(-2.42393152463,1.8275,0.6025));
#757=LINE('',#758,#521);
#758=CARTESIAN_POINT('',(-2.1,1.8275,0.6025));
#759=ORIENTED_EDGE('',*,*,#165,.T.);
#760=ORIENTED_EDGE('',*,*,#761,.T.);
#761=EDGE_CURVE('',#160,#762,#764,.T.);
#762=VERTEX_POINT('',#763);
#763=CARTESIAN_POINT('',(-2.42393152463,2.0725,0.6025));
#764=LINE('',#765,#521);
#765=CARTESIAN_POINT('',(-2.1,2.0725,0.6025));
#766=ORIENTED_EDGE('',*,*,#767,.F.);
#767=EDGE_CURVE('',#755,#762,#768,.T.);
#768=LINE('',#756,#533);
#769=PLANE('',#770);
#770=AXIS2_PLACEMENT_3D('',#758,#13,#522);
#771=ADVANCED_FACE('',(#772),#784,.F.);
#772=FACE_BOUND('',#773,.F.);
#773=EDGE_LOOP('',(#774,#775,#776,#781));
#774=ORIENTED_EDGE('',*,*,#229,.T.);
#775=ORIENTED_EDGE('',*,*,#500,.T.);
#776=ORIENTED_EDGE('',*,*,#777,.F.);
#777=EDGE_CURVE('',#778,#501,#780,.T.);
#778=VERTEX_POINT('',#779);
#779=CARTESIAN_POINT('',(-2.1225,-2.5,0.7475));
#780=LINE('',#779,#59);
#781=ORIENTED_EDGE('',*,*,#782,.F.);
#782=EDGE_CURVE('',#230,#778,#783,.T.);
#783=B_SPLINE_CURVE_WITH_KNOTS('',1,(#231,#779),.UNSPECIFIED.,.F.,.F.,(2,2),(0.,1.),.PIECEWISE_BEZIER_KNOTS.);
#784=PLANE('',#785);
#785=AXIS2_PLACEMENT_3D('',#779,#786,#60);
#786=DIRECTION('',(0.707106781187,0.707106781187,-0.));
#787=ADVANCED_FACE('',(#788),#796,.F.);
#788=FACE_BOUND('',#789,.F.);
#789=EDGE_LOOP('',(#790,#791,#794,#795));
#790=ORIENTED_EDGE('',*,*,#247,.T.);
#791=ORIENTED_EDGE('',*,*,#792,.T.);
#792=EDGE_CURVE('',#243,#430,#793,.T.);
#793=B_SPLINE_CURVE_WITH_KNOTS('',1,(#244,#431),.UNSPECIFIED.,.F.,.F.,(2,2),(0.,1.),.PIECEWISE_BEZIER_KNOTS.);
#794=ORIENTED_EDGE('',*,*,#429,.F.);
#795=ORIENTED_EDGE('',*,*,#407,.F.);
#796=PLANE('',#797);
#797=AXIS2_PLACEMENT_3D('',#409,#74,#88);
#798=ADVANCED_FACE('',(#799),#811,.F.);
#799=FACE_BOUND('',#800,.F.);
#800=EDGE_LOOP('',(#801,#802,#803,#808));
#801=ORIENTED_EDGE('',*,*,#257,.T.);
#802=ORIENTED_EDGE('',*,*,#782,.T.);
#803=ORIENTED_EDGE('',*,*,#804,.F.);
#804=EDGE_CURVE('',#805,#778,#807,.T.);
#805=VERTEX_POINT('',#806);
#806=CARTESIAN_POINT('',(2.1225,-2.5,0.7475));
#807=LINE('',#806,#66);
#808=ORIENTED_EDGE('',*,*,#809,.F.);
#809=EDGE_CURVE('',#258,#805,#810,.T.);
#810=B_SPLINE_CURVE_WITH_KNOTS('',1,(#259,#806),.UNSPECIFIED.,.F.,.F.,(2,2),(0.,1.),.PIECEWISE_BEZIER_KNOTS.);
#811=PLANE('',#812);
#812=AXIS2_PLACEMENT_3D('',#806,#813,#67);
#813=DIRECTION('',(0.,1.,-0.));
#814=ADVANCED_FACE('',(#815),#824,.F.);
#815=FACE_BOUND('',#816,.F.);
#816=EDGE_LOOP('',(#817,#818,#819,#823));
#817=ORIENTED_EDGE('',*,*,#792,.F.);
#818=ORIENTED_EDGE('',*,*,#332,.T.);
#819=ORIENTED_EDGE('',*,*,#820,.T.);
#820=EDGE_CURVE('',#329,#435,#821,.T.);
#821=LINE('',#822,#353);
#822=CARTESIAN_POINT('',(2.2,2.0725,0.556301388488));
#823=ORIENTED_EDGE('',*,*,#434,.F.);
#824=PLANE('',#825);
#825=AXIS2_PLACEMENT_3D('',#431,#67,#81);
#826=ADVANCED_FACE('',(#827),#849,.F.);
#827=FACE_BOUND('',#828,.F.);
#828=EDGE_LOOP('',(#829,#837,#838,#844));
#829=ORIENTED_EDGE('',*,*,#830,.F.);
#830=EDGE_CURVE('',#329,#831,#833,.T.);
#831=VERTEX_POINT('',#832);
#832=CARTESIAN_POINT('',(2.42393152463,2.0725,0.6025));
#833=LINE('',#834,#835);
#834=CARTESIAN_POINT('',(2.1,2.0725,0.6025));
#835=VECTOR('',#836,1.);
#836=DIRECTION('',(1.,1.110223024625E-16,0.));
#837=ORIENTED_EDGE('',*,*,#328,.T.);
#838=ORIENTED_EDGE('',*,*,#839,.T.);
#839=EDGE_CURVE('',#325,#840,#842,.T.);
#840=VERTEX_POINT('',#841);
#841=CARTESIAN_POINT('',(2.42393152463,1.8275,0.6025));
#842=LINE('',#843,#835);
#843=CARTESIAN_POINT('',(2.1,1.8275,0.6025));
#844=ORIENTED_EDGE('',*,*,#845,.F.);
#845=EDGE_CURVE('',#831,#840,#846,.T.);
#846=LINE('',#832,#847);
#847=VECTOR('',#848,1.);
#848=DIRECTION('',(1.110223024625E-16,-1.,0.));
#849=PLANE('',#850);
#850=AXIS2_PLACEMENT_3D('',#834,#13,#836);
#851=ADVANCED_FACE('',(#852),#824,.F.);
#852=FACE_BOUND('',#853,.F.);
#853=EDGE_LOOP('',(#854,#860,#861,#867));
#854=ORIENTED_EDGE('',*,*,#855,.F.);
#855=EDGE_CURVE('',#325,#856,#858,.T.);
#856=VERTEX_POINT('',#857);
#857=CARTESIAN_POINT('',(2.2,1.8275,0.7475));
#858=LINE('',#859,#353);
#859=CARTESIAN_POINT('',(2.2,1.8275,0.556301388488));
#860=ORIENTED_EDGE('',*,*,#324,.T.);
#861=ORIENTED_EDGE('',*,*,#862,.T.);
#862=EDGE_CURVE('',#321,#863,#865,.T.);
#863=VERTEX_POINT('',#864);
#864=CARTESIAN_POINT('',(2.2,1.4225,0.7475));
#865=LINE('',#866,#353);
#866=CARTESIAN_POINT('',(2.2,1.4225,0.556301388488));
#867=ORIENTED_EDGE('',*,*,#868,.F.);
#868=EDGE_CURVE('',#856,#863,#437,.T.);
#869=ADVANCED_FACE('',(#870),#888,.F.);
#870=FACE_BOUND('',#871,.F.);
#871=EDGE_LOOP('',(#872,#878,#879,#885));
#872=ORIENTED_EDGE('',*,*,#873,.F.);
#873=EDGE_CURVE('',#321,#874,#876,.T.);
#874=VERTEX_POINT('',#875);
#875=CARTESIAN_POINT('',(2.42393152463,1.4225,0.6025));
#876=LINE('',#877,#835);
#877=CARTESIAN_POINT('',(2.1,1.4225,0.6025));
#878=ORIENTED_EDGE('',*,*,#320,.T.);
#879=ORIENTED_EDGE('',*,*,#880,.T.);
#880=EDGE_CURVE('',#317,#881,#883,.T.);
#881=VERTEX_POINT('',#882);
#882=CARTESIAN_POINT('',(2.42393152463,1.1775,0.6025));
#883=LINE('',#884,#835);
#884=CARTESIAN_POINT('',(2.1,1.1775,0.6025));
#885=ORIENTED_EDGE('',*,*,#886,.F.);
#886=EDGE_CURVE('',#874,#881,#887,.T.);
#887=LINE('',#875,#847);
#888=PLANE('',#889);
#889=AXIS2_PLACEMENT_3D('',#877,#13,#836);
#890=ADVANCED_FACE('',(#891),#824,.F.);
#891=FACE_BOUND('',#892,.F.);
#892=EDGE_LOOP('',(#893,#899,#900,#906));
#893=ORIENTED_EDGE('',*,*,#894,.F.);
#894=EDGE_CURVE('',#317,#895,#897,.T.);
#895=VERTEX_POINT('',#896);
#896=CARTESIAN_POINT('',(2.2,1.1775,0.7475));
#897=LINE('',#898,#353);
#898=CARTESIAN_POINT('',(2.2,1.1775,0.556301388488));
#899=ORIENTED_EDGE('',*,*,#316,.T.);
#900=ORIENTED_EDGE('',*,*,#901,.T.);
#901=EDGE_CURVE('',#313,#902,#904,.T.);
#902=VERTEX_POINT('',#903);
#903=CARTESIAN_POINT('',(2.2,0.7725,0.7475));
#904=LINE('',#905,#353);
#905=CARTESIAN_POINT('',(2.2,0.7725,0.556301388488));
#906=ORIENTED_EDGE('',*,*,#907,.F.);
#907=EDGE_CURVE('',#895,#902,#437,.T.);
#908=ADVANCED_FACE('',(#909),#927,.F.);
#909=FACE_BOUND('',#910,.F.);
#910=EDGE_LOOP('',(#911,#917,#918,#924));
#911=ORIENTED_EDGE('',*,*,#912,.F.);
#912=EDGE_CURVE('',#313,#913,#915,.T.);
#913=VERTEX_POINT('',#914);
#914=CARTESIAN_POINT('',(2.42393152463,0.7725,0.6025));
#915=LINE('',#916,#835);
#916=CARTESIAN_POINT('',(2.1,0.7725,0.6025));
#917=ORIENTED_EDGE('',*,*,#312,.T.);
#918=ORIENTED_EDGE('',*,*,#919,.T.);
#919=EDGE_CURVE('',#309,#920,#922,.T.);
#920=VERTEX_POINT('',#921);
#921=CARTESIAN_POINT('',(2.42393152463,0.5275,0.6025));
#922=LINE('',#923,#835);
#923=CARTESIAN_POINT('',(2.1,0.5275,0.6025));
#924=ORIENTED_EDGE('',*,*,#925,.F.);
#925=EDGE_CURVE('',#913,#920,#926,.T.);
#926=LINE('',#914,#847);
#927=PLANE('',#928);
#928=AXIS2_PLACEMENT_3D('',#916,#13,#836);
#929=ADVANCED_FACE('',(#930),#824,.F.);
#930=FACE_BOUND('',#931,.F.);
#931=EDGE_LOOP('',(#932,#938,#939,#945));
#932=ORIENTED_EDGE('',*,*,#933,.F.);
#933=EDGE_CURVE('',#309,#934,#936,.T.);
#934=VERTEX_POINT('',#935);
#935=CARTESIAN_POINT('',(2.2,0.5275,0.7475));
#936=LINE('',#937,#353);
#937=CARTESIAN_POINT('',(2.2,0.5275,0.556301388488));
#938=ORIENTED_EDGE('',*,*,#308,.T.);
#939=ORIENTED_EDGE('',*,*,#940,.T.);
#940=EDGE_CURVE('',#305,#941,#943,.T.);
#941=VERTEX_POINT('',#942);
#942=CARTESIAN_POINT('',(2.2,0.1225,0.7475));
#943=LINE('',#944,#353);
#944=CARTESIAN_POINT('',(2.2,0.1225,0.556301388488));
#945=ORIENTED_EDGE('',*,*,#946,.F.);
#946=EDGE_CURVE('',#934,#941,#437,.T.);
#947=ADVANCED_FACE('',(#948),#966,.F.);
#948=FACE_BOUND('',#949,.F.);
#949=EDGE_LOOP('',(#950,#956,#957,#963));
#950=ORIENTED_EDGE('',*,*,#951,.F.);
#951=EDGE_CURVE('',#305,#952,#954,.T.);
#952=VERTEX_POINT('',#953);
#953=CARTESIAN_POINT('',(2.42393152463,0.1225,0.6025));
#954=LINE('',#955,#835);
#955=CARTESIAN_POINT('',(2.1,0.1225,0.6025));
#956=ORIENTED_EDGE('',*,*,#304,.T.);
#957=ORIENTED_EDGE('',*,*,#958,.T.);
#958=EDGE_CURVE('',#301,#959,#961,.T.);
#959=VERTEX_POINT('',#960);
#960=CARTESIAN_POINT('',(2.42393152463,-0.1225,0.6025));
#961=LINE('',#962,#835);
#962=CARTESIAN_POINT('',(2.1,-0.1225,0.6025));
#963=ORIENTED_EDGE('',*,*,#964,.F.);
#964=EDGE_CURVE('',#952,#959,#965,.T.);
#965=LINE('',#953,#847);
#966=PLANE('',#967);
#967=AXIS2_PLACEMENT_3D('',#955,#13,#836);
#968=ADVANCED_FACE('',(#969),#824,.F.);
#969=FACE_BOUND('',#970,.F.);
#970=EDGE_LOOP('',(#971,#977,#978,#984));
#971=ORIENTED_EDGE('',*,*,#972,.F.);
#972=EDGE_CURVE('',#301,#973,#975,.T.);
#973=VERTEX_POINT('',#974);
#974=CARTESIAN_POINT('',(2.2,-0.1225,0.7475));
#975=LINE('',#976,#353);
#976=CARTESIAN_POINT('',(2.2,-0.1225,0.556301388488));
#977=ORIENTED_EDGE('',*,*,#300,.T.);
#978=ORIENTED_EDGE('',*,*,#979,.T.);
#979=EDGE_CURVE('',#297,#980,#982,.T.);
#980=VERTEX_POINT('',#981);
#981=CARTESIAN_POINT('',(2.2,-0.5275,0.7475));
#982=LINE('',#983,#353);
#983=CARTESIAN_POINT('',(2.2,-0.5275,0.556301388488));
#984=ORIENTED_EDGE('',*,*,#985,.F.);
#985=EDGE_CURVE('',#973,#980,#437,.T.);
#986=ADVANCED_FACE('',(#987),#1005,.F.);
#987=FACE_BOUND('',#988,.F.);
#988=EDGE_LOOP('',(#989,#995,#996,#1002));
#989=ORIENTED_EDGE('',*,*,#990,.F.);
#990=EDGE_CURVE('',#297,#991,#993,.T.);
#991=VERTEX_POINT('',#992);
#992=CARTESIAN_POINT('',(2.42393152463,-0.5275,0.6025));
#993=LINE('',#994,#835);
#994=CARTESIAN_POINT('',(2.1,-0.5275,0.6025));
#995=ORIENTED_EDGE('',*,*,#296,.T.);
#996=ORIENTED_EDGE('',*,*,#997,.T.);
#997=EDGE_CURVE('',#293,#998,#1000,.T.);
#998=VERTEX_POINT('',#999);
#999=CARTESIAN_POINT('',(2.42393152463,-0.7725,0.6025));
#1000=LINE('',#1001,#835);
#1001=CARTESIAN_POINT('',(2.1,-0.7725,0.6025));
#1002=ORIENTED_EDGE('',*,*,#1003,.F.);
#1003=EDGE_CURVE('',#991,#998,#1004,.T.);
#1004=LINE('',#992,#847);
#1005=PLANE('',#1006);
#1006=AXIS2_PLACEMENT_3D('',#994,#13,#836);
#1007=ADVANCED_FACE('',(#1008),#824,.F.);
#1008=FACE_BOUND('',#1009,.F.);
#1009=EDGE_LOOP('',(#1010,#1016,#1017,#1023));
#1010=ORIENTED_EDGE('',*,*,#1011,.F.);
#1011=EDGE_CURVE('',#293,#1012,#1014,.T.);
#1012=VERTEX_POINT('',#1013);
#1013=CARTESIAN_POINT('',(2.2,-0.7725,0.7475));
#1014=LINE('',#1015,#353);
#1015=CARTESIAN_POINT('',(2.2,-0.7725,0.556301388488));
#1016=ORIENTED_EDGE('',*,*,#292,.T.);
#1017=ORIENTED_EDGE('',*,*,#1018,.T.);
#1018=EDGE_CURVE('',#289,#1019,#1021,.T.);
#1019=VERTEX_POINT('',#1020);
#1020=CARTESIAN_POINT('',(2.2,-1.1775,0.7475));
#1021=LINE('',#1022,#353);
#1022=CARTESIAN_POINT('',(2.2,-1.1775,0.556301388488));
#1023=ORIENTED_EDGE('',*,*,#1024,.F.);
#1024=EDGE_CURVE('',#1012,#1019,#437,.T.);
#1025=ADVANCED_FACE('',(#1026),#1044,.F.);
#1026=FACE_BOUND('',#1027,.F.);
#1027=EDGE_LOOP('',(#1028,#1034,#1035,#1041));
#1028=ORIENTED_EDGE('',*,*,#1029,.F.);
#1029=EDGE_CURVE('',#289,#1030,#1032,.T.);
#1030=VERTEX_POINT('',#1031);
#1031=CARTESIAN_POINT('',(2.42393152463,-1.1775,0.6025));
#1032=LINE('',#1033,#835);
#1033=CARTESIAN_POINT('',(2.1,-1.1775,0.6025));
#1034=ORIENTED_EDGE('',*,*,#288,.T.);
#1035=ORIENTED_EDGE('',*,*,#1036,.T.);
#1036=EDGE_CURVE('',#285,#1037,#1039,.T.);
#1037=VERTEX_POINT('',#1038);
#1038=CARTESIAN_POINT('',(2.42393152463,-1.4225,0.6025));
#1039=LINE('',#1040,#835);
#1040=CARTESIAN_POINT('',(2.1,-1.4225,0.6025));
#1041=ORIENTED_EDGE('',*,*,#1042,.F.);
#1042=EDGE_CURVE('',#1030,#1037,#1043,.T.);
#1043=LINE('',#1031,#847);
#1044=PLANE('',#1045);
#1045=AXIS2_PLACEMENT_3D('',#1033,#13,#836);
#1046=ADVANCED_FACE('',(#1047),#824,.F.);
#1047=FACE_BOUND('',#1048,.F.);
#1048=EDGE_LOOP('',(#1049,#1055,#1056,#1062));
#1049=ORIENTED_EDGE('',*,*,#1050,.F.);
#1050=EDGE_CURVE('',#285,#1051,#1053,.T.);
#1051=VERTEX_POINT('',#1052);
#1052=CARTESIAN_POINT('',(2.2,-1.4225,0.7475));
#1053=LINE('',#1054,#353);
#1054=CARTESIAN_POINT('',(2.2,-1.4225,0.556301388488));
#1055=ORIENTED_EDGE('',*,*,#284,.T.);
#1056=ORIENTED_EDGE('',*,*,#1057,.T.);
#1057=EDGE_CURVE('',#281,#1058,#1060,.T.);
#1058=VERTEX_POINT('',#1059);
#1059=CARTESIAN_POINT('',(2.2,-1.8275,0.7475));
#1060=LINE('',#1061,#353);
#1061=CARTESIAN_POINT('',(2.2,-1.8275,0.556301388488));
#1062=ORIENTED_EDGE('',*,*,#1063,.F.);
#1063=EDGE_CURVE('',#1051,#1058,#437,.T.);
#1064=ADVANCED_FACE('',(#1065),#1083,.F.);
#1065=FACE_BOUND('',#1066,.F.);
#1066=EDGE_LOOP('',(#1067,#1073,#1074,#1080));
#1067=ORIENTED_EDGE('',*,*,#1068,.F.);
#1068=EDGE_CURVE('',#281,#1069,#1071,.T.);
#1069=VERTEX_POINT('',#1070);
#1070=CARTESIAN_POINT('',(2.42393152463,-1.8275,0.6025));
#1071=LINE('',#1072,#835);
#1072=CARTESIAN_POINT('',(2.1,-1.8275,0.6025));
#1073=ORIENTED_EDGE('',*,*,#280,.T.);
#1074=ORIENTED_EDGE('',*,*,#1075,.T.);
#1075=EDGE_CURVE('',#276,#1076,#1078,.T.);
#1076=VERTEX_POINT('',#1077);
#1077=CARTESIAN_POINT('',(2.42393152463,-2.0725,0.6025));
#1078=LINE('',#1079,#835);
#1079=CARTESIAN_POINT('',(2.1,-2.0725,0.6025));
#1080=ORIENTED_EDGE('',*,*,#1081,.F.);
#1081=EDGE_CURVE('',#1069,#1076,#1082,.T.);
#1082=LINE('',#1070,#847);
#1083=PLANE('',#1084);
#1084=AXIS2_PLACEMENT_3D('',#1072,#13,#836);
#1085=ADVANCED_FACE('',(#1086),#824,.F.);
#1086=FACE_BOUND('',#1087,.F.);
#1087=EDGE_LOOP('',(#1088,#1094,#1095,#1100));
#1088=ORIENTED_EDGE('',*,*,#1089,.F.);
#1089=EDGE_CURVE('',#276,#1090,#1092,.T.);
#1090=VERTEX_POINT('',#1091);
#1091=CARTESIAN_POINT('',(2.2,-2.0725,0.7475));
#1092=LINE('',#1093,#353);
#1093=CARTESIAN_POINT('',(2.2,-2.0725,0.556301388488));
#1094=ORIENTED_EDGE('',*,*,#275,.T.);
#1095=ORIENTED_EDGE('',*,*,#1096,.T.);
#1096=EDGE_CURVE('',#271,#1097,#1099,.T.);
#1097=VERTEX_POINT('',#1098);
#1098=CARTESIAN_POINT('',(2.2,-2.4225,0.7475));
#1099=B_SPLINE_CURVE_WITH_KNOTS('',1,(#272,#1098),.UNSPECIFIED.,.F.,.F.,(2,2),(0.,1.),.PIECEWISE_BEZIER_KNOTS.);
#1100=ORIENTED_EDGE('',*,*,#1101,.F.);
#1101=EDGE_CURVE('',#1090,#1097,#437,.T.);
#1102=ADVANCED_FACE('',(#1103),#1111,.F.);
#1103=FACE_BOUND('',#1104,.F.);
#1104=EDGE_LOOP('',(#1105,#1106,#1107,#1110));
#1105=ORIENTED_EDGE('',*,*,#341,.T.);
#1106=ORIENTED_EDGE('',*,*,#809,.T.);
#1107=ORIENTED_EDGE('',*,*,#1108,.F.);
#1108=EDGE_CURVE('',#1097,#805,#1109,.T.);
#1109=LINE('',#1098,#73);
#1110=ORIENTED_EDGE('',*,*,#1096,.F.);
#1111=PLANE('',#1112);
#1112=AXIS2_PLACEMENT_3D('',#1098,#60,#74);
#1113=ADVANCED_FACE('',(#1114),#1118,.F.);
#1114=FACE_BOUND('',#1115,.F.);
#1115=EDGE_LOOP('',(#1116,#1117,#383,#396));
#1116=ORIENTED_EDGE('',*,*,#355,.F.);
#1117=ORIENTED_EDGE('',*,*,#369,.T.);
#1118=PLANE('',#1119);
#1119=AXIS2_PLACEMENT_3D('',#351,#13,#93);
#1120=ADVANCED_FACE('',(#1121),#1141,.F.);
#1121=FACE_BOUND('',#1122,.F.);
#1122=EDGE_LOOP('',(#1123,#1128,#1132,#1134,#1135,#1139));
#1123=ORIENTED_EDGE('',*,*,#1124,.F.);
#1124=EDGE_CURVE('',#1125,#744,#1127,.T.);
#1125=VERTEX_POINT('',#1126);
#1126=CARTESIAN_POINT('',(-2.42393152463,1.8275,0.7475));
#1127=LINE('',#1126,#476);
#1128=ORIENTED_EDGE('',*,*,#1129,.T.);
#1129=EDGE_CURVE('',#1125,#1130,#1131,.T.);
#1130=VERTEX_POINT('',#475);
#1131=LINE('',#1126,#533);
#1132=ORIENTED_EDGE('',*,*,#1133,.T.);
#1133=EDGE_CURVE('',#1130,#422,#474,.T.);
#1134=ORIENTED_EDGE('',*,*,#473,.T.);
#1135=ORIENTED_EDGE('',*,*,#1136,.F.);
#1136=EDGE_CURVE('',#1137,#468,#470,.T.);
#1137=VERTEX_POINT('',#1138);
#1138=CARTESIAN_POINT('',(-2.15,1.8275,0.7475));
#1139=ORIENTED_EDGE('',*,*,#1140,.F.);
#1140=EDGE_CURVE('',#744,#1137,#1127,.T.);
#1141=PLANE('',#1142);
#1142=AXIS2_PLACEMENT_3D('',#1126,#1143,#477);
#1143=DIRECTION('',(0.,0.,-1.));
#1144=ADVANCED_FACE('',(#1145),#1213,.F.);
#1145=FACE_BOUND('',#1146,.F.);
#1146=EDGE_LOOP('',(#1147,#1152,#1156,#1160,#1164,#1168,#1172,#1176,#1180,#1184,#1188,#1192,#1196,#1198,#1199,#1200,#1205,#1210));
#1147=ORIENTED_EDGE('',*,*,#1148,.T.);
#1148=EDGE_CURVE('',#1149,#1150,#470,.T.);
#1149=VERTEX_POINT('',#471);
#1150=VERTEX_POINT('',#1151);
#1151=CARTESIAN_POINT('',(-2.15,-2.0725,0.7475));
#1152=ORIENTED_EDGE('',*,*,#1153,.T.);
#1153=EDGE_CURVE('',#1150,#1154,#470,.T.);
#1154=VERTEX_POINT('',#1155);
#1155=CARTESIAN_POINT('',(-2.15,-1.8275,0.7475));
#1156=ORIENTED_EDGE('',*,*,#1157,.T.);
#1157=EDGE_CURVE('',#1154,#1158,#470,.T.);
#1158=VERTEX_POINT('',#1159);
#1159=CARTESIAN_POINT('',(-2.15,-1.4225,0.7475));
#1160=ORIENTED_EDGE('',*,*,#1161,.T.);
#1161=EDGE_CURVE('',#1158,#1162,#470,.T.);
#1162=VERTEX_POINT('',#1163);
#1163=CARTESIAN_POINT('',(-2.15,-1.1775,0.7475));
#1164=ORIENTED_EDGE('',*,*,#1165,.T.);
#1165=EDGE_CURVE('',#1162,#1166,#470,.T.);
#1166=VERTEX_POINT('',#1167);
#1167=CARTESIAN_POINT('',(-2.15,-0.7725,0.7475));
#1168=ORIENTED_EDGE('',*,*,#1169,.T.);
#1169=EDGE_CURVE('',#1166,#1170,#470,.T.);
#1170=VERTEX_POINT('',#1171);
#1171=CARTESIAN_POINT('',(-2.15,-0.5275,0.7475));
#1172=ORIENTED_EDGE('',*,*,#1173,.T.);
#1173=EDGE_CURVE('',#1170,#1174,#470,.T.);
#1174=VERTEX_POINT('',#1175);
#1175=CARTESIAN_POINT('',(-2.15,-0.1225,0.7475));
#1176=ORIENTED_EDGE('',*,*,#1177,.T.);
#1177=EDGE_CURVE('',#1174,#1178,#470,.T.);
#1178=VERTEX_POINT('',#1179);
#1179=CARTESIAN_POINT('',(-2.15,0.1225,0.7475));
#1180=ORIENTED_EDGE('',*,*,#1181,.T.);
#1181=EDGE_CURVE('',#1178,#1182,#470,.T.);
#1182=VERTEX_POINT('',#1183);
#1183=CARTESIAN_POINT('',(-2.15,0.5275,0.7475));
#1184=ORIENTED_EDGE('',*,*,#1185,.T.);
#1185=EDGE_CURVE('',#1182,#1186,#470,.T.);
#1186=VERTEX_POINT('',#1187);
#1187=CARTESIAN_POINT('',(-2.15,0.7725,0.7475));
#1188=ORIENTED_EDGE('',*,*,#1189,.T.);
#1189=EDGE_CURVE('',#1186,#1190,#470,.T.);
#1190=VERTEX_POINT('',#1191);
#1191=CARTESIAN_POINT('',(-2.15,1.1775,0.7475));
#1192=ORIENTED_EDGE('',*,*,#1193,.T.);
#1193=EDGE_CURVE('',#1190,#1194,#470,.T.);
#1194=VERTEX_POINT('',#1195);
#1195=CARTESIAN_POINT('',(-2.15,1.4225,0.7475));
#1196=ORIENTED_EDGE('',*,*,#1197,.T.);
#1197=EDGE_CURVE('',#1194,#1137,#470,.T.);
#1198=ORIENTED_EDGE('',*,*,#1136,.T.);
#1199=ORIENTED_EDGE('',*,*,#467,.T.);
#1200=ORIENTED_EDGE('',*,*,#1201,.T.);
#1201=EDGE_CURVE('',#463,#1202,#1204,.T.);
#1202=VERTEX_POINT('',#1203);
#1203=CARTESIAN_POINT('',(-2.070212041229,2.357606020615,1.2));
#1204=B_SPLINE_CURVE_WITH_KNOTS('',1,(#464,#1203),.UNSPECIFIED.,.F.,.F.,(2,2),(0.,1.),.PIECEWISE_BEZIER_KNOTS.);
#1205=ORIENTED_EDGE('',*,*,#1206,.F.);
#1206=EDGE_CURVE('',#1207,#1202,#1209,.T.);
#1207=VERTEX_POINT('',#1208);
#1208=CARTESIAN_POINT('',(-2.070212041229,-2.357606020615,1.2));
#1209=LINE('',#1208,#52);
#1210=ORIENTED_EDGE('',*,*,#1211,.F.);
#1211=EDGE_CURVE('',#1149,#1207,#1212,.T.);
#1212=B_SPLINE_CURVE_WITH_KNOTS('',1,(#471,#1208),.UNSPECIFIED.,.F.,.F.,(2,2),(0.,1.),.PIECEWISE_BEZIER_KNOTS.);
#1213=B_SPLINE_SURFACE_WITH_KNOTS('',1,1,((#471,#1208),(#464,#1203)),.UNSPECIFIED.,.F.,.F.,.F.,(2,2),(2,2),(0.,4.795),(0.,1.),.PIECEWISE_BEZIER_KNOTS.);
#1214=ADVANCED_FACE('',(#1215),#1227,.F.);
#1215=FACE_BOUND('',#1216,.F.);
#1216=EDGE_LOOP('',(#1217,#1218,#1223,#1226));
#1217=ORIENTED_EDGE('',*,*,#462,.T.);
#1218=ORIENTED_EDGE('',*,*,#1219,.T.);
#1219=EDGE_CURVE('',#458,#1220,#1222,.T.);
#1220=VERTEX_POINT('',#1221);
#1221=CARTESIAN_POINT('',(-2.057606020615,2.370212041229,1.2));
#1222=B_SPLINE_CURVE_WITH_KNOTS('',1,(#459,#1221),.UNSPECIFIED.,.F.,.F.,(2,2),(0.,1.),.PIECEWISE_BEZIER_KNOTS.);
#1223=ORIENTED_EDGE('',*,*,#1224,.F.);
#1224=EDGE_CURVE('',#1202,#1220,#1225,.T.);
#1225=LINE('',#1203,#27);
#1226=ORIENTED_EDGE('',*,*,#1201,.F.);
#1227=B_SPLINE_SURFACE_WITH_KNOTS('',1,1,((#464,#1203),(#459,#1221)),.UNSPECIFIED.,.F.,.F.,.F.,(2,2),(2,2),(0.,7.424621202459E-02),(0.,1.),.PIECEWISE_BEZIER_KNOTS.);
#1228=ADVANCED_FACE('',(#1229),#1241,.F.);
#1229=FACE_BOUND('',#1230,.F.);
#1230=EDGE_LOOP('',(#1231,#1232,#1237,#1240));
#1231=ORIENTED_EDGE('',*,*,#457,.T.);
#1232=ORIENTED_EDGE('',*,*,#1233,.T.);
#1233=EDGE_CURVE('',#453,#1234,#1236,.T.);
#1234=VERTEX_POINT('',#1235);
#1235=CARTESIAN_POINT('',(2.057606020615,2.370212041229,1.2));
#1236=B_SPLINE_CURVE_WITH_KNOTS('',1,(#454,#1235),.UNSPECIFIED.,.F.,.F.,(2,2),(0.,1.),.PIECEWISE_BEZIER_KNOTS.);
#1237=ORIENTED_EDGE('',*,*,#1238,.F.);
#1238=EDGE_CURVE('',#1220,#1234,#1239,.T.);
#1239=LINE('',#1221,#92);
#1240=ORIENTED_EDGE('',*,*,#1219,.F.);
#1241=B_SPLINE_SURFACE_WITH_KNOTS('',1,1,((#459,#1221),(#454,#1235)),.UNSPECIFIED.,.F.,.F.,.F.,(2,2),(2,2),(0.,4.195),(0.,1.),.PIECEWISE_BEZIER_KNOTS.);
#1242=ADVANCED_FACE('',(#1243),#1255,.F.);
#1243=FACE_BOUND('',#1244,.F.);
#1244=EDGE_LOOP('',(#1245,#1246,#1251,#1254));
#1245=ORIENTED_EDGE('',*,*,#452,.T.);
#1246=ORIENTED_EDGE('',*,*,#1247,.T.);
#1247=EDGE_CURVE('',#448,#1248,#1250,.T.);
#1248=VERTEX_POINT('',#1249);
#1249=CARTESIAN_POINT('',(2.070212041229,2.357606020615,1.2));
#1250=B_SPLINE_CURVE_WITH_KNOTS('',1,(#449,#1249),.UNSPECIFIED.,.F.,.F.,(2,2),(0.,1.),.PIECEWISE_BEZIER_KNOTS.);
#1251=ORIENTED_EDGE('',*,*,#1252,.F.);
#1252=EDGE_CURVE('',#1234,#1248,#1253,.T.);
#1253=LINE('',#1235,#87);
#1254=ORIENTED_EDGE('',*,*,#1233,.F.);
#1255=B_SPLINE_SURFACE_WITH_KNOTS('',1,1,((#454,#1235),(#449,#1249)),.UNSPECIFIED.,.F.,.F.,.F.,(2,2),(2,2),(0.,7.424621202459E-02),(0.,1.),.PIECEWISE_BEZIER_KNOTS.);
#1256=ADVANCED_FACE('',(#1257),#1325,.F.);
#1257=FACE_BOUND('',#1258,.F.);
#1258=EDGE_LOOP('',(#1259,#1260,#1264,#1268,#1272,#1276,#1280,#1284,#1288,#1292,#1296,#1300,#1304,#1308,#1312,#1316,#1321,#1324));
#1259=ORIENTED_EDGE('',*,*,#447,.T.);
#1260=ORIENTED_EDGE('',*,*,#1261,.T.);
#1261=EDGE_CURVE('',#440,#1262,#450,.T.);
#1262=VERTEX_POINT('',#1263);
#1263=CARTESIAN_POINT('',(2.15,1.8275,0.7475));
#1264=ORIENTED_EDGE('',*,*,#1265,.T.);
#1265=EDGE_CURVE('',#1262,#1266,#450,.T.);
#1266=VERTEX_POINT('',#1267);
#1267=CARTESIAN_POINT('',(2.15,1.4225,0.7475));
#1268=ORIENTED_EDGE('',*,*,#1269,.T.);
#1269=EDGE_CURVE('',#1266,#1270,#450,.T.);
#1270=VERTEX_POINT('',#1271);
#1271=CARTESIAN_POINT('',(2.15,1.1775,0.7475));
#1272=ORIENTED_EDGE('',*,*,#1273,.T.);
#1273=EDGE_CURVE('',#1270,#1274,#450,.T.);
#1274=VERTEX_POINT('',#1275);
#1275=CARTESIAN_POINT('',(2.15,0.7725,0.7475));
#1276=ORIENTED_EDGE('',*,*,#1277,.T.);
#1277=EDGE_CURVE('',#1274,#1278,#450,.T.);
#1278=VERTEX_POINT('',#1279);
#1279=CARTESIAN_POINT('',(2.15,0.5275,0.7475));
#1280=ORIENTED_EDGE('',*,*,#1281,.T.);
#1281=EDGE_CURVE('',#1278,#1282,#450,.T.);
#1282=VERTEX_POINT('',#1283);
#1283=CARTESIAN_POINT('',(2.15,0.1225,0.7475));
#1284=ORIENTED_EDGE('',*,*,#1285,.T.);
#1285=EDGE_CURVE('',#1282,#1286,#450,.T.);
#1286=VERTEX_POINT('',#1287);
#1287=CARTESIAN_POINT('',(2.15,-0.1225,0.7475));
#1288=ORIENTED_EDGE('',*,*,#1289,.T.);
#1289=EDGE_CURVE('',#1286,#1290,#450,.T.);
#1290=VERTEX_POINT('',#1291);
#1291=CARTESIAN_POINT('',(2.15,-0.5275,0.7475));
#1292=ORIENTED_EDGE('',*,*,#1293,.T.);
#1293=EDGE_CURVE('',#1290,#1294,#450,.T.);
#1294=VERTEX_POINT('',#1295);
#1295=CARTESIAN_POINT('',(2.15,-0.7725,0.7475));
#1296=ORIENTED_EDGE('',*,*,#1297,.T.);
#1297=EDGE_CURVE('',#1294,#1298,#450,.T.);
#1298=VERTEX_POINT('',#1299);
#1299=CARTESIAN_POINT('',(2.15,-1.1775,0.7475));
#1300=ORIENTED_EDGE('',*,*,#1301,.T.);
#1301=EDGE_CURVE('',#1298,#1302,#450,.T.);
#1302=VERTEX_POINT('',#1303);
#1303=CARTESIAN_POINT('',(2.15,-1.4225,0.7475));
#1304=ORIENTED_EDGE('',*,*,#1305,.T.);
#1305=EDGE_CURVE('',#1302,#1306,#450,.T.);
#1306=VERTEX_POINT('',#1307);
#1307=CARTESIAN_POINT('',(2.15,-1.8275,0.7475));
#1308=ORIENTED_EDGE('',*,*,#1309,.T.);
#1309=EDGE_CURVE('',#1306,#1310,#450,.T.);
#1310=VERTEX_POINT('',#1311);
#1311=CARTESIAN_POINT('',(2.15,-2.0725,0.7475));
#1312=ORIENTED_EDGE('',*,*,#1313,.T.);
#1313=EDGE_CURVE('',#1310,#1314,#450,.T.);
#1314=VERTEX_POINT('',#1315);
#1315=CARTESIAN_POINT('',(2.15,-2.3975,0.7475));
#1316=ORIENTED_EDGE('',*,*,#1317,.T.);
#1317=EDGE_CURVE('',#1314,#1318,#1320,.T.);
#1318=VERTEX_POINT('',#1319);
#1319=CARTESIAN_POINT('',(2.070212041229,-2.357606020615,1.2));
#1320=B_SPLINE_CURVE_WITH_KNOTS('',1,(#1315,#1319),.UNSPECIFIED.,.F.,.F.,(2,2),(0.,1.),.PIECEWISE_BEZIER_KNOTS.);
#1321=ORIENTED_EDGE('',*,*,#1322,.F.);
#1322=EDGE_CURVE('',#1248,#1318,#1323,.T.);
#1323=LINE('',#1249,#80);
#1324=ORIENTED_EDGE('',*,*,#1247,.F.);
#1325=B_SPLINE_SURFACE_WITH_KNOTS('',1,1,((#449,#1249),(#1315,#1319)),.UNSPECIFIED.,.F.,.F.,.F.,(2,2),(2,2),(0.,4.795),(0.,1.),.PIECEWISE_BEZIER_KNOTS.);
#1326=ADVANCED_FACE('',(#1327),#1344,.F.);
#1327=FACE_BOUND('',#1328,.F.);
#1328=EDGE_LOOP('',(#1329,#1332,#1337,#1340,#1342,#1343));
#1329=ORIENTED_EDGE('',*,*,#1330,.F.);
#1330=EDGE_CURVE('',#1331,#435,#442,.T.);
#1331=VERTEX_POINT('',#443);
#1332=ORIENTED_EDGE('',*,*,#1333,.T.);
#1333=EDGE_CURVE('',#1331,#1334,#1336,.T.);
#1334=VERTEX_POINT('',#1335);
#1335=CARTESIAN_POINT('',(2.42393152463,1.8275,0.7475));
#1336=LINE('',#443,#847);
#1337=ORIENTED_EDGE('',*,*,#1338,.T.);
#1338=EDGE_CURVE('',#1334,#856,#1339,.T.);
#1339=LINE('',#1335,#444);
#1340=ORIENTED_EDGE('',*,*,#1341,.T.);
#1341=EDGE_CURVE('',#856,#1262,#1339,.T.);
#1342=ORIENTED_EDGE('',*,*,#1261,.F.);
#1343=ORIENTED_EDGE('',*,*,#439,.F.);
#1344=PLANE('',#1345);
#1345=AXIS2_PLACEMENT_3D('',#443,#1143,#445);
#1346=ADVANCED_FACE('',(#1347),#1407,.T.);
#1347=FACE_BOUND('',#1348,.T.);
#1348=EDGE_LOOP('',(#486,#760,#1349,#1358,#1365,#1373,#1378,#1383,#1388,#1395,#1402,#1132));
#1349=ORIENTED_EDGE('',*,*,#1350,.T.);
#1350=EDGE_CURVE('',#762,#1351,#1353,.T.);
#1351=VERTEX_POINT('',#1352);
#1352=CARTESIAN_POINT('',(-2.53102936777,2.0725,0.512634239321));
#1353=CIRCLE('',#1354,0.10875);
#1354=AXIS2_PLACEMENT_3D('',#1355,#1356,#1357);
#1355=CARTESIAN_POINT('',(-2.42393152463,2.0725,0.49375));
#1356=DIRECTION('',(-1.110223024625E-16,-1.,0.));
#1357=DIRECTION('',(-5.104473676437E-16,5.667104204174E-32,1.));
#1358=ORIENTED_EDGE('',*,*,#1359,.T.);
#1359=EDGE_CURVE('',#1351,#1360,#1362,.T.);
#1360=VERTEX_POINT('',#1361);
#1361=CARTESIAN_POINT('',(-2.578855032673,2.0725,0.209686774917));
#1362=LINE('',#1352,#1363);
#1363=VECTOR('',#1364,1.);
#1364=DIRECTION('',(-0.155936661597,1.731244720877E-17,-0.98776705633));
#1365=ORIENTED_EDGE('',*,*,#1366,.T.);
#1366=EDGE_CURVE('',#1360,#1367,#1369,.T.);
#1367=VERTEX_POINT('',#1368);
#1368=CARTESIAN_POINT('',(-2.82875,2.0725,5.551115123126E-17));
#1369=CIRCLE('',#1370,0.25375);
#1370=AXIS2_PLACEMENT_3D('',#1371,#534,#1372);
#1371=CARTESIAN_POINT('',(-2.82875,2.0725,0.25375));
#1372=DIRECTION('',(0.984807753012,-1.093356242224E-16,-0.173648177667));
#1373=ORIENTED_EDGE('',*,*,#1374,.T.);
#1374=EDGE_CURVE('',#1367,#1375,#1377,.T.);
#1375=VERTEX_POINT('',#1376);
#1376=CARTESIAN_POINT('',(-3.2,2.0725,5.551115123126E-17));
#1377=LINE('',#1368,#521);
#1378=ORIENTED_EDGE('',*,*,#1379,.T.);
#1379=EDGE_CURVE('',#1375,#1380,#1382,.T.);
#1380=VERTEX_POINT('',#1381);
#1381=CARTESIAN_POINT('',(-3.2,2.0725,0.145));
#1382=LINE('',#1376,#353);
#1383=ORIENTED_EDGE('',*,*,#1384,.T.);
#1384=EDGE_CURVE('',#1380,#1385,#1387,.T.);
#1385=VERTEX_POINT('',#1386);
#1386=CARTESIAN_POINT('',(-2.82875,2.0725,0.145));
#1387=LINE('',#1381,#476);
#1388=ORIENTED_EDGE('',*,*,#1389,.T.);
#1389=EDGE_CURVE('',#1385,#1390,#1392,.T.);
#1390=VERTEX_POINT('',#1391);
#1391=CARTESIAN_POINT('',(-2.72165215686,2.0725,0.234865760679));
#1392=CIRCLE('',#1393,0.10875);
#1393=AXIS2_PLACEMENT_3D('',#1371,#1356,#1394);
#1394=DIRECTION('',(1.020894735287E-15,-1.133420840835E-31,-1.));
#1395=ORIENTED_EDGE('',*,*,#1396,.T.);
#1396=EDGE_CURVE('',#1390,#1397,#1399,.T.);
#1397=VERTEX_POINT('',#1398);
#1398=CARTESIAN_POINT('',(-2.673826491957,2.0725,0.537813225083));
#1399=LINE('',#1391,#1400);
#1400=VECTOR('',#1401,1.);
#1401=DIRECTION('',(0.155936661597,-1.731244720877E-17,0.98776705633));
#1402=ORIENTED_EDGE('',*,*,#1403,.T.);
#1403=EDGE_CURVE('',#1397,#1130,#1404,.T.);
#1404=CIRCLE('',#1405,0.25375);
#1405=AXIS2_PLACEMENT_3D('',#1355,#534,#1406);
#1406=DIRECTION('',(-0.984807753012,1.093356242224E-16,0.173648177667));
#1407=PLANE('',#1408);
#1408=AXIS2_PLACEMENT_3D('',#1409,#534,#13);
#1409=CARTESIAN_POINT('',(-2.644209297858,2.0725,0.365102776976));
#1410=ADVANCED_FACE('',(#1411),#478,.F.);
#1411=FACE_BOUND('',#1412,.F.);
#1412=EDGE_LOOP('',(#1413,#1414,#1418,#1419,#1424,#1429,#1432,#1433,#1437,#1438,#1439,#1440));
#1413=ORIENTED_EDGE('',*,*,#511,.T.);
#1414=ORIENTED_EDGE('',*,*,#1415,.T.);
#1415=EDGE_CURVE('',#506,#1150,#1416,.T.);
#1416=LINE('',#1417,#476);
#1417=CARTESIAN_POINT('',(-2.42393152463,-2.0725,0.7475));
#1418=ORIENTED_EDGE('',*,*,#1148,.F.);
#1419=ORIENTED_EDGE('',*,*,#1420,.F.);
#1420=EDGE_CURVE('',#1421,#1149,#1423,.T.);
#1421=VERTEX_POINT('',#1422);
#1422=CARTESIAN_POINT('',(-2.0975,-2.45,0.7475));
#1423=LINE('',#1422,#59);
#1424=ORIENTED_EDGE('',*,*,#1425,.F.);
#1425=EDGE_CURVE('',#1426,#1421,#1428,.T.);
#1426=VERTEX_POINT('',#1427);
#1427=CARTESIAN_POINT('',(2.0975,-2.45,0.7475));
#1428=LINE('',#1427,#66);
#1429=ORIENTED_EDGE('',*,*,#1430,.F.);
#1430=EDGE_CURVE('',#1314,#1426,#1431,.T.);
#1431=LINE('',#1315,#73);
#1432=ORIENTED_EDGE('',*,*,#1313,.F.);
#1433=ORIENTED_EDGE('',*,*,#1434,.F.);
#1434=EDGE_CURVE('',#1090,#1310,#1435,.T.);
#1435=LINE('',#1436,#444);
#1436=CARTESIAN_POINT('',(2.42393152463,-2.0725,0.7475));
#1437=ORIENTED_EDGE('',*,*,#1101,.T.);
#1438=ORIENTED_EDGE('',*,*,#1108,.T.);
#1439=ORIENTED_EDGE('',*,*,#804,.T.);
#1440=ORIENTED_EDGE('',*,*,#777,.T.);
#1441=ADVANCED_FACE('',(#1442),#1498,.F.);
#1442=FACE_BOUND('',#1443,.F.);
#1443=EDGE_LOOP('',(#1444,#1445,#1446,#1453,#1458,#1465,#1470,#1475,#1480,#1486,#1491,#1496));
#1444=ORIENTED_EDGE('',*,*,#505,.F.);
#1445=ORIENTED_EDGE('',*,*,#516,.T.);
#1446=ORIENTED_EDGE('',*,*,#1447,.T.);
#1447=EDGE_CURVE('',#517,#1448,#1450,.T.);
#1448=VERTEX_POINT('',#1449);
#1449=CARTESIAN_POINT('',(-2.53102936777,-2.0725,0.512634239321));
#1450=CIRCLE('',#1451,0.10875);
#1451=AXIS2_PLACEMENT_3D('',#1452,#1356,#1357);
#1452=CARTESIAN_POINT('',(-2.42393152463,-2.0725,0.49375));
#1453=ORIENTED_EDGE('',*,*,#1454,.T.);
#1454=EDGE_CURVE('',#1448,#1455,#1457,.T.);
#1455=VERTEX_POINT('',#1456);
#1456=CARTESIAN_POINT('',(-2.578855032673,-2.0725,0.209686774917));
#1457=LINE('',#1449,#1363);
#1458=ORIENTED_EDGE('',*,*,#1459,.T.);
#1459=EDGE_CURVE('',#1455,#1460,#1462,.T.);
#1460=VERTEX_POINT('',#1461);
#1461=CARTESIAN_POINT('',(-2.82875,-2.0725,5.551115123126E-17));
#1462=CIRCLE('',#1463,0.25375);
#1463=AXIS2_PLACEMENT_3D('',#1464,#534,#1372);
#1464=CARTESIAN_POINT('',(-2.82875,-2.0725,0.25375));
#1465=ORIENTED_EDGE('',*,*,#1466,.T.);
#1466=EDGE_CURVE('',#1460,#1467,#1469,.T.);
#1467=VERTEX_POINT('',#1468);
#1468=CARTESIAN_POINT('',(-3.2,-2.0725,5.551115123126E-17));
#1469=LINE('',#1461,#521);
#1470=ORIENTED_EDGE('',*,*,#1471,.T.);
#1471=EDGE_CURVE('',#1467,#1472,#1474,.T.);
#1472=VERTEX_POINT('',#1473);
#1473=CARTESIAN_POINT('',(-3.2,-2.0725,0.145));
#1474=LINE('',#1468,#353);
#1475=ORIENTED_EDGE('',*,*,#1476,.T.);
#1476=EDGE_CURVE('',#1472,#1477,#1479,.T.);
#1477=VERTEX_POINT('',#1478);
#1478=CARTESIAN_POINT('',(-2.82875,-2.0725,0.145));
#1479=LINE('',#1473,#476);
#1480=ORIENTED_EDGE('',*,*,#1481,.T.);
#1481=EDGE_CURVE('',#1477,#1482,#1484,.T.);
#1482=VERTEX_POINT('',#1483);
#1483=CARTESIAN_POINT('',(-2.72165215686,-2.0725,0.234865760679));
#1484=CIRCLE('',#1485,0.10875);
#1485=AXIS2_PLACEMENT_3D('',#1464,#1356,#1394);
#1486=ORIENTED_EDGE('',*,*,#1487,.T.);
#1487=EDGE_CURVE('',#1482,#1488,#1490,.T.);
#1488=VERTEX_POINT('',#1489);
#1489=CARTESIAN_POINT('',(-2.673826491957,-2.0725,0.537813225083));
#1490=LINE('',#1483,#1400);
#1491=ORIENTED_EDGE('',*,*,#1492,.T.);
#1492=EDGE_CURVE('',#1488,#1493,#1494,.T.);
#1493=VERTEX_POINT('',#1417);
#1494=CIRCLE('',#1495,0.25375);
#1495=AXIS2_PLACEMENT_3D('',#1452,#534,#1406);
#1496=ORIENTED_EDGE('',*,*,#1497,.T.);
#1497=EDGE_CURVE('',#1493,#506,#1416,.T.);
#1498=PLANE('',#1499);
#1499=AXIS2_PLACEMENT_3D('',#1500,#534,#13);
#1500=CARTESIAN_POINT('',(-2.644209297858,-2.0725,0.365102776976));
#1501=ADVANCED_FACE('',(#1502),#1516,.F.);
#1502=FACE_BOUND('',#1503,.F.);
#1503=EDGE_LOOP('',(#1504,#1505,#1512,#1515));
#1504=ORIENTED_EDGE('',*,*,#531,.T.);
#1505=ORIENTED_EDGE('',*,*,#1506,.T.);
#1506=EDGE_CURVE('',#526,#1507,#1509,.T.);
#1507=VERTEX_POINT('',#1508);
#1508=CARTESIAN_POINT('',(-2.53102936777,-1.8275,0.512634239321));
#1509=CIRCLE('',#1510,0.10875);
#1510=AXIS2_PLACEMENT_3D('',#1511,#1356,#1357);
#1511=CARTESIAN_POINT('',(-2.42393152463,-1.8275,0.49375));
#1512=ORIENTED_EDGE('',*,*,#1513,.F.);
#1513=EDGE_CURVE('',#1448,#1507,#1514,.T.);
#1514=LINE('',#1449,#533);
#1515=ORIENTED_EDGE('',*,*,#1447,.F.);
#1516=CYLINDRICAL_SURFACE('',#1451,0.10875);
#1517=ADVANCED_FACE('',(#1518),#1567,.T.);
#1518=FACE_BOUND('',#1519,.T.);
#1519=EDGE_LOOP('',(#540,#524,#1505,#1520,#1525,#1532,#1537,#1542,#1547,#1553,#1558,#1564));
#1520=ORIENTED_EDGE('',*,*,#1521,.T.);
#1521=EDGE_CURVE('',#1507,#1522,#1524,.T.);
#1522=VERTEX_POINT('',#1523);
#1523=CARTESIAN_POINT('',(-2.578855032673,-1.8275,0.209686774917));
#1524=LINE('',#1508,#1363);
#1525=ORIENTED_EDGE('',*,*,#1526,.T.);
#1526=EDGE_CURVE('',#1522,#1527,#1529,.T.);
#1527=VERTEX_POINT('',#1528);
#1528=CARTESIAN_POINT('',(-2.82875,-1.8275,5.551115123126E-17));
#1529=CIRCLE('',#1530,0.25375);
#1530=AXIS2_PLACEMENT_3D('',#1531,#534,#1372);
#1531=CARTESIAN_POINT('',(-2.82875,-1.8275,0.25375));
#1532=ORIENTED_EDGE('',*,*,#1533,.T.);
#1533=EDGE_CURVE('',#1527,#1534,#1536,.T.);
#1534=VERTEX_POINT('',#1535);
#1535=CARTESIAN_POINT('',(-3.2,-1.8275,5.551115123126E-17));
#1536=LINE('',#1528,#521);
#1537=ORIENTED_EDGE('',*,*,#1538,.T.);
#1538=EDGE_CURVE('',#1534,#1539,#1541,.T.);
#1539=VERTEX_POINT('',#1540);
#1540=CARTESIAN_POINT('',(-3.2,-1.8275,0.145));
#1541=LINE('',#1535,#353);
#1542=ORIENTED_EDGE('',*,*,#1543,.T.);
#1543=EDGE_CURVE('',#1539,#1544,#1546,.T.);
#1544=VERTEX_POINT('',#1545);
#1545=CARTESIAN_POINT('',(-2.82875,-1.8275,0.145));
#1546=LINE('',#1540,#476);
#1547=ORIENTED_EDGE('',*,*,#1548,.T.);
#1548=EDGE_CURVE('',#1544,#1549,#1551,.T.);
#1549=VERTEX_POINT('',#1550);
#1550=CARTESIAN_POINT('',(-2.72165215686,-1.8275,0.234865760679));
#1551=CIRCLE('',#1552,0.10875);
#1552=AXIS2_PLACEMENT_3D('',#1531,#1356,#1394);
#1553=ORIENTED_EDGE('',*,*,#1554,.T.);
#1554=EDGE_CURVE('',#1549,#1555,#1557,.T.);
#1555=VERTEX_POINT('',#1556);
#1556=CARTESIAN_POINT('',(-2.673826491957,-1.8275,0.537813225083));
#1557=LINE('',#1550,#1400);
#1558=ORIENTED_EDGE('',*,*,#1559,.T.);
#1559=EDGE_CURVE('',#1555,#1560,#1562,.T.);
#1560=VERTEX_POINT('',#1561);
#1561=CARTESIAN_POINT('',(-2.42393152463,-1.8275,0.7475));
#1562=CIRCLE('',#1563,0.25375);
#1563=AXIS2_PLACEMENT_3D('',#1511,#534,#1406);
#1564=ORIENTED_EDGE('',*,*,#1565,.T.);
#1565=EDGE_CURVE('',#1560,#542,#1566,.T.);
#1566=LINE('',#1561,#476);
#1567=PLANE('',#1568);
#1568=AXIS2_PLACEMENT_3D('',#1569,#534,#13);
#1569=CARTESIAN_POINT('',(-2.644209297858,-1.8275,0.365102776976));
#1570=ADVANCED_FACE('',(#1571),#478,.F.);
#1571=FACE_BOUND('',#1572,.F.);
#1572=EDGE_LOOP('',(#1573,#1574,#1578,#1579));
#1573=ORIENTED_EDGE('',*,*,#554,.T.);
#1574=ORIENTED_EDGE('',*,*,#1575,.T.);
#1575=EDGE_CURVE('',#549,#1158,#1576,.T.);
#1576=LINE('',#1577,#476);
#1577=CARTESIAN_POINT('',(-2.42393152463,-1.4225,0.7475));
#1578=ORIENTED_EDGE('',*,*,#1157,.F.);
#1579=ORIENTED_EDGE('',*,*,#1580,.F.);
#1580=EDGE_CURVE('',#542,#1154,#1566,.T.);
#1581=ADVANCED_FACE('',(#1582),#1638,.F.);
#1582=FACE_BOUND('',#1583,.F.);
#1583=EDGE_LOOP('',(#1584,#1585,#1586,#1593,#1598,#1605,#1610,#1615,#1620,#1626,#1631,#1636));
#1584=ORIENTED_EDGE('',*,*,#548,.F.);
#1585=ORIENTED_EDGE('',*,*,#559,.T.);
#1586=ORIENTED_EDGE('',*,*,#1587,.T.);
#1587=EDGE_CURVE('',#560,#1588,#1590,.T.);
#1588=VERTEX_POINT('',#1589);
#1589=CARTESIAN_POINT('',(-2.53102936777,-1.4225,0.512634239321));
#1590=CIRCLE('',#1591,0.10875);
#1591=AXIS2_PLACEMENT_3D('',#1592,#1356,#1357);
#1592=CARTESIAN_POINT('',(-2.42393152463,-1.4225,0.49375));
#1593=ORIENTED_EDGE('',*,*,#1594,.T.);
#1594=EDGE_CURVE('',#1588,#1595,#1597,.T.);
#1595=VERTEX_POINT('',#1596);
#1596=CARTESIAN_POINT('',(-2.578855032673,-1.4225,0.209686774917));
#1597=LINE('',#1589,#1363);
#1598=ORIENTED_EDGE('',*,*,#1599,.T.);
#1599=EDGE_CURVE('',#1595,#1600,#1602,.T.);
#1600=VERTEX_POINT('',#1601);
#1601=CARTESIAN_POINT('',(-2.82875,-1.4225,5.551115123126E-17));
#1602=CIRCLE('',#1603,0.25375);
#1603=AXIS2_PLACEMENT_3D('',#1604,#534,#1372);
#1604=CARTESIAN_POINT('',(-2.82875,-1.4225,0.25375));
#1605=ORIENTED_EDGE('',*,*,#1606,.T.);
#1606=EDGE_CURVE('',#1600,#1607,#1609,.T.);
#1607=VERTEX_POINT('',#1608);
#1608=CARTESIAN_POINT('',(-3.2,-1.4225,5.551115123126E-17));
#1609=LINE('',#1601,#521);
#1610=ORIENTED_EDGE('',*,*,#1611,.T.);
#1611=EDGE_CURVE('',#1607,#1612,#1614,.T.);
#1612=VERTEX_POINT('',#1613);
#1613=CARTESIAN_POINT('',(-3.2,-1.4225,0.145));
#1614=LINE('',#1608,#353);
#1615=ORIENTED_EDGE('',*,*,#1616,.T.);
#1616=EDGE_CURVE('',#1612,#1617,#1619,.T.);
#1617=VERTEX_POINT('',#1618);
#1618=CARTESIAN_POINT('',(-2.82875,-1.4225,0.145));
#1619=LINE('',#1613,#476);
#1620=ORIENTED_EDGE('',*,*,#1621,.T.);
#1621=EDGE_CURVE('',#1617,#1622,#1624,.T.);
#1622=VERTEX_POINT('',#1623);
#1623=CARTESIAN_POINT('',(-2.72165215686,-1.4225,0.234865760679));
#1624=CIRCLE('',#1625,0.10875);
#1625=AXIS2_PLACEMENT_3D('',#1604,#1356,#1394);
#1626=ORIENTED_EDGE('',*,*,#1627,.T.);
#1627=EDGE_CURVE('',#1622,#1628,#1630,.T.);
#1628=VERTEX_POINT('',#1629);
#1629=CARTESIAN_POINT('',(-2.673826491957,-1.4225,0.537813225083));
#1630=LINE('',#1623,#1400);
#1631=ORIENTED_EDGE('',*,*,#1632,.T.);
#1632=EDGE_CURVE('',#1628,#1633,#1634,.T.);
#1633=VERTEX_POINT('',#1577);
#1634=CIRCLE('',#1635,0.25375);
#1635=AXIS2_PLACEMENT_3D('',#1592,#534,#1406);
#1636=ORIENTED_EDGE('',*,*,#1637,.T.);
#1637=EDGE_CURVE('',#1633,#549,#1576,.T.);
#1638=PLANE('',#1639);
#1639=AXIS2_PLACEMENT_3D('',#1640,#534,#13);
#1640=CARTESIAN_POINT('',(-2.644209297858,-1.4225,0.365102776976));
#1641=ADVANCED_FACE('',(#1642),#1656,.F.);
#1642=FACE_BOUND('',#1643,.F.);
#1643=EDGE_LOOP('',(#1644,#1645,#1652,#1655));
#1644=ORIENTED_EDGE('',*,*,#572,.T.);
#1645=ORIENTED_EDGE('',*,*,#1646,.T.);
#1646=EDGE_CURVE('',#567,#1647,#1649,.T.);
#1647=VERTEX_POINT('',#1648);
#1648=CARTESIAN_POINT('',(-2.53102936777,-1.1775,0.512634239321));
#1649=CIRCLE('',#1650,0.10875);
#1650=AXIS2_PLACEMENT_3D('',#1651,#1356,#1357);
#1651=CARTESIAN_POINT('',(-2.42393152463,-1.1775,0.49375));
#1652=ORIENTED_EDGE('',*,*,#1653,.F.);
#1653=EDGE_CURVE('',#1588,#1647,#1654,.T.);
#1654=LINE('',#1589,#533);
#1655=ORIENTED_EDGE('',*,*,#1587,.F.);
#1656=CYLINDRICAL_SURFACE('',#1591,0.10875);
#1657=ADVANCED_FACE('',(#1658),#1707,.T.);
#1658=FACE_BOUND('',#1659,.T.);
#1659=EDGE_LOOP('',(#579,#565,#1645,#1660,#1665,#1672,#1677,#1682,#1687,#1693,#1698,#1704));
#1660=ORIENTED_EDGE('',*,*,#1661,.T.);
#1661=EDGE_CURVE('',#1647,#1662,#1664,.T.);
#1662=VERTEX_POINT('',#1663);
#1663=CARTESIAN_POINT('',(-2.578855032673,-1.1775,0.209686774917));
#1664=LINE('',#1648,#1363);
#1665=ORIENTED_EDGE('',*,*,#1666,.T.);
#1666=EDGE_CURVE('',#1662,#1667,#1669,.T.);
#1667=VERTEX_POINT('',#1668);
#1668=CARTESIAN_POINT('',(-2.82875,-1.1775,5.551115123126E-17));
#1669=CIRCLE('',#1670,0.25375);
#1670=AXIS2_PLACEMENT_3D('',#1671,#534,#1372);
#1671=CARTESIAN_POINT('',(-2.82875,-1.1775,0.25375));
#1672=ORIENTED_EDGE('',*,*,#1673,.T.);
#1673=EDGE_CURVE('',#1667,#1674,#1676,.T.);
#1674=VERTEX_POINT('',#1675);
#1675=CARTESIAN_POINT('',(-3.2,-1.1775,5.551115123126E-17));
#1676=LINE('',#1668,#521);
#1677=ORIENTED_EDGE('',*,*,#1678,.T.);
#1678=EDGE_CURVE('',#1674,#1679,#1681,.T.);
#1679=VERTEX_POINT('',#1680);
#1680=CARTESIAN_POINT('',(-3.2,-1.1775,0.145));
#1681=LINE('',#1675,#353);
#1682=ORIENTED_EDGE('',*,*,#1683,.T.);
#1683=EDGE_CURVE('',#1679,#1684,#1686,.T.);
#1684=VERTEX_POINT('',#1685);
#1685=CARTESIAN_POINT('',(-2.82875,-1.1775,0.145));
#1686=LINE('',#1680,#476);
#1687=ORIENTED_EDGE('',*,*,#1688,.T.);
#1688=EDGE_CURVE('',#1684,#1689,#1691,.T.);
#1689=VERTEX_POINT('',#1690);
#1690=CARTESIAN_POINT('',(-2.72165215686,-1.1775,0.234865760679));
#1691=CIRCLE('',#1692,0.10875);
#1692=AXIS2_PLACEMENT_3D('',#1671,#1356,#1394);
#1693=ORIENTED_EDGE('',*,*,#1694,.T.);
#1694=EDGE_CURVE('',#1689,#1695,#1697,.T.);
#1695=VERTEX_POINT('',#1696);
#1696=CARTESIAN_POINT('',(-2.673826491957,-1.1775,0.537813225083));
#1697=LINE('',#1690,#1400);
#1698=ORIENTED_EDGE('',*,*,#1699,.T.);
#1699=EDGE_CURVE('',#1695,#1700,#1702,.T.);
#1700=VERTEX_POINT('',#1701);
#1701=CARTESIAN_POINT('',(-2.42393152463,-1.1775,0.7475));
#1702=CIRCLE('',#1703,0.25375);
#1703=AXIS2_PLACEMENT_3D('',#1651,#534,#1406);
#1704=ORIENTED_EDGE('',*,*,#1705,.T.);
#1705=EDGE_CURVE('',#1700,#581,#1706,.T.);
#1706=LINE('',#1701,#476);
#1707=PLANE('',#1708);
#1708=AXIS2_PLACEMENT_3D('',#1709,#534,#13);
#1709=CARTESIAN_POINT('',(-2.644209297858,-1.1775,0.365102776976));
#1710=ADVANCED_FACE('',(#1711),#478,.F.);
#1711=FACE_BOUND('',#1712,.F.);
#1712=EDGE_LOOP('',(#1713,#1714,#1718,#1719));
#1713=ORIENTED_EDGE('',*,*,#593,.T.);
#1714=ORIENTED_EDGE('',*,*,#1715,.T.);
#1715=EDGE_CURVE('',#588,#1166,#1716,.T.);
#1716=LINE('',#1717,#476);
#1717=CARTESIAN_POINT('',(-2.42393152463,-0.7725,0.7475));
#1718=ORIENTED_EDGE('',*,*,#1165,.F.);
#1719=ORIENTED_EDGE('',*,*,#1720,.F.);
#1720=EDGE_CURVE('',#581,#1162,#1706,.T.);
#1721=ADVANCED_FACE('',(#1722),#1778,.F.);
#1722=FACE_BOUND('',#1723,.F.);
#1723=EDGE_LOOP('',(#1724,#1725,#1726,#1733,#1738,#1745,#1750,#1755,#1760,#1766,#1771,#1776));
#1724=ORIENTED_EDGE('',*,*,#587,.F.);
#1725=ORIENTED_EDGE('',*,*,#598,.T.);
#1726=ORIENTED_EDGE('',*,*,#1727,.T.);
#1727=EDGE_CURVE('',#599,#1728,#1730,.T.);
#1728=VERTEX_POINT('',#1729);
#1729=CARTESIAN_POINT('',(-2.53102936777,-0.7725,0.512634239321));
#1730=CIRCLE('',#1731,0.10875);
#1731=AXIS2_PLACEMENT_3D('',#1732,#1356,#1357);
#1732=CARTESIAN_POINT('',(-2.42393152463,-0.7725,0.49375));
#1733=ORIENTED_EDGE('',*,*,#1734,.T.);
#1734=EDGE_CURVE('',#1728,#1735,#1737,.T.);
#1735=VERTEX_POINT('',#1736);
#1736=CARTESIAN_POINT('',(-2.578855032673,-0.7725,0.209686774917));
#1737=LINE('',#1729,#1363);
#1738=ORIENTED_EDGE('',*,*,#1739,.T.);
#1739=EDGE_CURVE('',#1735,#1740,#1742,.T.);
#1740=VERTEX_POINT('',#1741);
#1741=CARTESIAN_POINT('',(-2.82875,-0.7725,5.551115123126E-17));
#1742=CIRCLE('',#1743,0.25375);
#1743=AXIS2_PLACEMENT_3D('',#1744,#534,#1372);
#1744=CARTESIAN_POINT('',(-2.82875,-0.7725,0.25375));
#1745=ORIENTED_EDGE('',*,*,#1746,.T.);
#1746=EDGE_CURVE('',#1740,#1747,#1749,.T.);
#1747=VERTEX_POINT('',#1748);
#1748=CARTESIAN_POINT('',(-3.2,-0.7725,5.551115123126E-17));
#1749=LINE('',#1741,#521);
#1750=ORIENTED_EDGE('',*,*,#1751,.T.);
#1751=EDGE_CURVE('',#1747,#1752,#1754,.T.);
#1752=VERTEX_POINT('',#1753);
#1753=CARTESIAN_POINT('',(-3.2,-0.7725,0.145));
#1754=LINE('',#1748,#353);
#1755=ORIENTED_EDGE('',*,*,#1756,.T.);
#1756=EDGE_CURVE('',#1752,#1757,#1759,.T.);
#1757=VERTEX_POINT('',#1758);
#1758=CARTESIAN_POINT('',(-2.82875,-0.7725,0.145));
#1759=LINE('',#1753,#476);
#1760=ORIENTED_EDGE('',*,*,#1761,.T.);
#1761=EDGE_CURVE('',#1757,#1762,#1764,.T.);
#1762=VERTEX_POINT('',#1763);
#1763=CARTESIAN_POINT('',(-2.72165215686,-0.7725,0.234865760679));
#1764=CIRCLE('',#1765,0.10875);
#1765=AXIS2_PLACEMENT_3D('',#1744,#1356,#1394);
#1766=ORIENTED_EDGE('',*,*,#1767,.T.);
#1767=EDGE_CURVE('',#1762,#1768,#1770,.T.);
#1768=VERTEX_POINT('',#1769);
#1769=CARTESIAN_POINT('',(-2.673826491957,-0.7725,0.537813225083));
#1770=LINE('',#1763,#1400);
#1771=ORIENTED_EDGE('',*,*,#1772,.T.);
#1772=EDGE_CURVE('',#1768,#1773,#1774,.T.);
#1773=VERTEX_POINT('',#1717);
#1774=CIRCLE('',#1775,0.25375);
#1775=AXIS2_PLACEMENT_3D('',#1732,#534,#1406);
#1776=ORIENTED_EDGE('',*,*,#1777,.T.);
#1777=EDGE_CURVE('',#1773,#588,#1716,.T.);
#1778=PLANE('',#1779);
#1779=AXIS2_PLACEMENT_3D('',#1780,#534,#13);
#1780=CARTESIAN_POINT('',(-2.644209297858,-0.7725,0.365102776976));
#1781=ADVANCED_FACE('',(#1782),#1796,.F.);
#1782=FACE_BOUND('',#1783,.F.);
#1783=EDGE_LOOP('',(#1784,#1785,#1792,#1795));
#1784=ORIENTED_EDGE('',*,*,#611,.T.);
#1785=ORIENTED_EDGE('',*,*,#1786,.T.);
#1786=EDGE_CURVE('',#606,#1787,#1789,.T.);
#1787=VERTEX_POINT('',#1788);
#1788=CARTESIAN_POINT('',(-2.53102936777,-0.5275,0.512634239321));
#1789=CIRCLE('',#1790,0.10875);
#1790=AXIS2_PLACEMENT_3D('',#1791,#1356,#1357);
#1791=CARTESIAN_POINT('',(-2.42393152463,-0.5275,0.49375));
#1792=ORIENTED_EDGE('',*,*,#1793,.F.);
#1793=EDGE_CURVE('',#1728,#1787,#1794,.T.);
#1794=LINE('',#1729,#533);
#1795=ORIENTED_EDGE('',*,*,#1727,.F.);
#1796=CYLINDRICAL_SURFACE('',#1731,0.10875);
#1797=ADVANCED_FACE('',(#1798),#1847,.T.);
#1798=FACE_BOUND('',#1799,.T.);
#1799=EDGE_LOOP('',(#618,#604,#1785,#1800,#1805,#1812,#1817,#1822,#1827,#1833,#1838,#1844));
#1800=ORIENTED_EDGE('',*,*,#1801,.T.);
#1801=EDGE_CURVE('',#1787,#1802,#1804,.T.);
#1802=VERTEX_POINT('',#1803);
#1803=CARTESIAN_POINT('',(-2.578855032673,-0.5275,0.209686774917));
#1804=LINE('',#1788,#1363);
#1805=ORIENTED_EDGE('',*,*,#1806,.T.);
#1806=EDGE_CURVE('',#1802,#1807,#1809,.T.);
#1807=VERTEX_POINT('',#1808);
#1808=CARTESIAN_POINT('',(-2.82875,-0.5275,5.551115123126E-17));
#1809=CIRCLE('',#1810,0.25375);
#1810=AXIS2_PLACEMENT_3D('',#1811,#534,#1372);
#1811=CARTESIAN_POINT('',(-2.82875,-0.5275,0.25375));
#1812=ORIENTED_EDGE('',*,*,#1813,.T.);
#1813=EDGE_CURVE('',#1807,#1814,#1816,.T.);
#1814=VERTEX_POINT('',#1815);
#1815=CARTESIAN_POINT('',(-3.2,-0.5275,5.551115123126E-17));
#1816=LINE('',#1808,#521);
#1817=ORIENTED_EDGE('',*,*,#1818,.T.);
#1818=EDGE_CURVE('',#1814,#1819,#1821,.T.);
#1819=VERTEX_POINT('',#1820);
#1820=CARTESIAN_POINT('',(-3.2,-0.5275,0.145));
#1821=LINE('',#1815,#353);
#1822=ORIENTED_EDGE('',*,*,#1823,.T.);
#1823=EDGE_CURVE('',#1819,#1824,#1826,.T.);
#1824=VERTEX_POINT('',#1825);
#1825=CARTESIAN_POINT('',(-2.82875,-0.5275,0.145));
#1826=LINE('',#1820,#476);
#1827=ORIENTED_EDGE('',*,*,#1828,.T.);
#1828=EDGE_CURVE('',#1824,#1829,#1831,.T.);
#1829=VERTEX_POINT('',#1830);
#1830=CARTESIAN_POINT('',(-2.72165215686,-0.5275,0.234865760679));
#1831=CIRCLE('',#1832,0.10875);
#1832=AXIS2_PLACEMENT_3D('',#1811,#1356,#1394);
#1833=ORIENTED_EDGE('',*,*,#1834,.T.);
#1834=EDGE_CURVE('',#1829,#1835,#1837,.T.);
#1835=VERTEX_POINT('',#1836);
#1836=CARTESIAN_POINT('',(-2.673826491957,-0.5275,0.537813225083));
#1837=LINE('',#1830,#1400);
#1838=ORIENTED_EDGE('',*,*,#1839,.T.);
#1839=EDGE_CURVE('',#1835,#1840,#1842,.T.);
#1840=VERTEX_POINT('',#1841);
#1841=CARTESIAN_POINT('',(-2.42393152463,-0.5275,0.7475));
#1842=CIRCLE('',#1843,0.25375);
#1843=AXIS2_PLACEMENT_3D('',#1791,#534,#1406);
#1844=ORIENTED_EDGE('',*,*,#1845,.T.);
#1845=EDGE_CURVE('',#1840,#620,#1846,.T.);
#1846=LINE('',#1841,#476);
#1847=PLANE('',#1848);
#1848=AXIS2_PLACEMENT_3D('',#1849,#534,#13);
#1849=CARTESIAN_POINT('',(-2.644209297858,-0.5275,0.365102776976));
#1850=ADVANCED_FACE('',(#1851),#478,.F.);
#1851=FACE_BOUND('',#1852,.F.);
#1852=EDGE_LOOP('',(#1853,#1854,#1858,#1859));
#1853=ORIENTED_EDGE('',*,*,#632,.T.);
#1854=ORIENTED_EDGE('',*,*,#1855,.T.);
#1855=EDGE_CURVE('',#627,#1174,#1856,.T.);
#1856=LINE('',#1857,#476);
#1857=CARTESIAN_POINT('',(-2.42393152463,-0.1225,0.7475));
#1858=ORIENTED_EDGE('',*,*,#1173,.F.);
#1859=ORIENTED_EDGE('',*,*,#1860,.F.);
#1860=EDGE_CURVE('',#620,#1170,#1846,.T.);
#1861=ADVANCED_FACE('',(#1862),#1918,.F.);
#1862=FACE_BOUND('',#1863,.F.);
#1863=EDGE_LOOP('',(#1864,#1865,#1866,#1873,#1878,#1885,#1890,#1895,#1900,#1906,#1911,#1916));
#1864=ORIENTED_EDGE('',*,*,#626,.F.);
#1865=ORIENTED_EDGE('',*,*,#637,.T.);
#1866=ORIENTED_EDGE('',*,*,#1867,.T.);
#1867=EDGE_CURVE('',#638,#1868,#1870,.T.);
#1868=VERTEX_POINT('',#1869);
#1869=CARTESIAN_POINT('',(-2.53102936777,-0.1225,0.512634239321));
#1870=CIRCLE('',#1871,0.10875);
#1871=AXIS2_PLACEMENT_3D('',#1872,#1356,#1357);
#1872=CARTESIAN_POINT('',(-2.42393152463,-0.1225,0.49375));
#1873=ORIENTED_EDGE('',*,*,#1874,.T.);
#1874=EDGE_CURVE('',#1868,#1875,#1877,.T.);
#1875=VERTEX_POINT('',#1876);
#1876=CARTESIAN_POINT('',(-2.578855032673,-0.1225,0.209686774917));
#1877=LINE('',#1869,#1363);
#1878=ORIENTED_EDGE('',*,*,#1879,.T.);
#1879=EDGE_CURVE('',#1875,#1880,#1882,.T.);
#1880=VERTEX_POINT('',#1881);
#1881=CARTESIAN_POINT('',(-2.82875,-0.1225,5.551115123126E-17));
#1882=CIRCLE('',#1883,0.25375);
#1883=AXIS2_PLACEMENT_3D('',#1884,#534,#1372);
#1884=CARTESIAN_POINT('',(-2.82875,-0.1225,0.25375));
#1885=ORIENTED_EDGE('',*,*,#1886,.T.);
#1886=EDGE_CURVE('',#1880,#1887,#1889,.T.);
#1887=VERTEX_POINT('',#1888);
#1888=CARTESIAN_POINT('',(-3.2,-0.1225,5.551115123126E-17));
#1889=LINE('',#1881,#521);
#1890=ORIENTED_EDGE('',*,*,#1891,.T.);
#1891=EDGE_CURVE('',#1887,#1892,#1894,.T.);
#1892=VERTEX_POINT('',#1893);
#1893=CARTESIAN_POINT('',(-3.2,-0.1225,0.145));
#1894=LINE('',#1888,#353);
#1895=ORIENTED_EDGE('',*,*,#1896,.T.);
#1896=EDGE_CURVE('',#1892,#1897,#1899,.T.);
#1897=VERTEX_POINT('',#1898);
#1898=CARTESIAN_POINT('',(-2.82875,-0.1225,0.145));
#1899=LINE('',#1893,#476);
#1900=ORIENTED_EDGE('',*,*,#1901,.T.);
#1901=EDGE_CURVE('',#1897,#1902,#1904,.T.);
#1902=VERTEX_POINT('',#1903);
#1903=CARTESIAN_POINT('',(-2.72165215686,-0.1225,0.234865760679));
#1904=CIRCLE('',#1905,0.10875);
#1905=AXIS2_PLACEMENT_3D('',#1884,#1356,#1394);
#1906=ORIENTED_EDGE('',*,*,#1907,.T.);
#1907=EDGE_CURVE('',#1902,#1908,#1910,.T.);
#1908=VERTEX_POINT('',#1909);
#1909=CARTESIAN_POINT('',(-2.673826491957,-0.1225,0.537813225083));
#1910=LINE('',#1903,#1400);
#1911=ORIENTED_EDGE('',*,*,#1912,.T.);
#1912=EDGE_CURVE('',#1908,#1913,#1914,.T.);
#1913=VERTEX_POINT('',#1857);
#1914=CIRCLE('',#1915,0.25375);
#1915=AXIS2_PLACEMENT_3D('',#1872,#534,#1406);
#1916=ORIENTED_EDGE('',*,*,#1917,.T.);
#1917=EDGE_CURVE('',#1913,#627,#1856,.T.);
#1918=PLANE('',#1919);
#1919=AXIS2_PLACEMENT_3D('',#1920,#534,#13);
#1920=CARTESIAN_POINT('',(-2.644209297858,-0.1225,0.365102776976));
#1921=ADVANCED_FACE('',(#1922),#1936,.F.);
#1922=FACE_BOUND('',#1923,.F.);
#1923=EDGE_LOOP('',(#1924,#1925,#1932,#1935));
#1924=ORIENTED_EDGE('',*,*,#650,.T.);
#1925=ORIENTED_EDGE('',*,*,#1926,.T.);
#1926=EDGE_CURVE('',#645,#1927,#1929,.T.);
#1927=VERTEX_POINT('',#1928);
#1928=CARTESIAN_POINT('',(-2.53102936777,0.1225,0.512634239321));
#1929=CIRCLE('',#1930,0.10875);
#1930=AXIS2_PLACEMENT_3D('',#1931,#1356,#1357);
#1931=CARTESIAN_POINT('',(-2.42393152463,0.1225,0.49375));
#1932=ORIENTED_EDGE('',*,*,#1933,.F.);
#1933=EDGE_CURVE('',#1868,#1927,#1934,.T.);
#1934=LINE('',#1869,#533);
#1935=ORIENTED_EDGE('',*,*,#1867,.F.);
#1936=CYLINDRICAL_SURFACE('',#1871,0.10875);
#1937=ADVANCED_FACE('',(#1938),#1987,.T.);
#1938=FACE_BOUND('',#1939,.T.);
#1939=EDGE_LOOP('',(#657,#643,#1925,#1940,#1945,#1952,#1957,#1962,#1967,#1973,#1978,#1984));
#1940=ORIENTED_EDGE('',*,*,#1941,.T.);
#1941=EDGE_CURVE('',#1927,#1942,#1944,.T.);
#1942=VERTEX_POINT('',#1943);
#1943=CARTESIAN_POINT('',(-2.578855032673,0.1225,0.209686774917));
#1944=LINE('',#1928,#1363);
#1945=ORIENTED_EDGE('',*,*,#1946,.T.);
#1946=EDGE_CURVE('',#1942,#1947,#1949,.T.);
#1947=VERTEX_POINT('',#1948);
#1948=CARTESIAN_POINT('',(-2.82875,0.1225,5.551115123126E-17));
#1949=CIRCLE('',#1950,0.25375);
#1950=AXIS2_PLACEMENT_3D('',#1951,#534,#1372);
#1951=CARTESIAN_POINT('',(-2.82875,0.1225,0.25375));
#1952=ORIENTED_EDGE('',*,*,#1953,.T.);
#1953=EDGE_CURVE('',#1947,#1954,#1956,.T.);
#1954=VERTEX_POINT('',#1955);
#1955=CARTESIAN_POINT('',(-3.2,0.1225,5.551115123126E-17));
#1956=LINE('',#1948,#521);
#1957=ORIENTED_EDGE('',*,*,#1958,.T.);
#1958=EDGE_CURVE('',#1954,#1959,#1961,.T.);
#1959=VERTEX_POINT('',#1960);
#1960=CARTESIAN_POINT('',(-3.2,0.1225,0.145));
#1961=LINE('',#1955,#353);
#1962=ORIENTED_EDGE('',*,*,#1963,.T.);
#1963=EDGE_CURVE('',#1959,#1964,#1966,.T.);
#1964=VERTEX_POINT('',#1965);
#1965=CARTESIAN_POINT('',(-2.82875,0.1225,0.145));
#1966=LINE('',#1960,#476);
#1967=ORIENTED_EDGE('',*,*,#1968,.T.);
#1968=EDGE_CURVE('',#1964,#1969,#1971,.T.);
#1969=VERTEX_POINT('',#1970);
#1970=CARTESIAN_POINT('',(-2.72165215686,0.1225,0.234865760679));
#1971=CIRCLE('',#1972,0.10875);
#1972=AXIS2_PLACEMENT_3D('',#1951,#1356,#1394);
#1973=ORIENTED_EDGE('',*,*,#1974,.T.);
#1974=EDGE_CURVE('',#1969,#1975,#1977,.T.);
#1975=VERTEX_POINT('',#1976);
#1976=CARTESIAN_POINT('',(-2.673826491957,0.1225,0.537813225083));
#1977=LINE('',#1970,#1400);
#1978=ORIENTED_EDGE('',*,*,#1979,.T.);
#1979=EDGE_CURVE('',#1975,#1980,#1982,.T.);
#1980=VERTEX_POINT('',#1981);
#1981=CARTESIAN_POINT('',(-2.42393152463,0.1225,0.7475));
#1982=CIRCLE('',#1983,0.25375);
#1983=AXIS2_PLACEMENT_3D('',#1931,#534,#1406);
#1984=ORIENTED_EDGE('',*,*,#1985,.T.);
#1985=EDGE_CURVE('',#1980,#659,#1986,.T.);
#1986=LINE('',#1981,#476);
#1987=PLANE('',#1988);
#1988=AXIS2_PLACEMENT_3D('',#1989,#534,#13);
#1989=CARTESIAN_POINT('',(-2.644209297858,0.1225,0.365102776976));
#1990=ADVANCED_FACE('',(#1991),#478,.F.);
#1991=FACE_BOUND('',#1992,.F.);
#1992=EDGE_LOOP('',(#1993,#1994,#1998,#1999));
#1993=ORIENTED_EDGE('',*,*,#671,.T.);
#1994=ORIENTED_EDGE('',*,*,#1995,.T.);
#1995=EDGE_CURVE('',#666,#1182,#1996,.T.);
#1996=LINE('',#1997,#476);
#1997=CARTESIAN_POINT('',(-2.42393152463,0.5275,0.7475));
#1998=ORIENTED_EDGE('',*,*,#1181,.F.);
#1999=ORIENTED_EDGE('',*,*,#2000,.F.);
#2000=EDGE_CURVE('',#659,#1178,#1986,.T.);
#2001=ADVANCED_FACE('',(#2002),#2058,.F.);
#2002=FACE_BOUND('',#2003,.F.);
#2003=EDGE_LOOP('',(#2004,#2005,#2006,#2013,#2018,#2025,#2030,#2035,#2040,#2046,#2051,#2056));
#2004=ORIENTED_EDGE('',*,*,#665,.F.);
#2005=ORIENTED_EDGE('',*,*,#676,.T.);
#2006=ORIENTED_EDGE('',*,*,#2007,.T.);
#2007=EDGE_CURVE('',#677,#2008,#2010,.T.);
#2008=VERTEX_POINT('',#2009);
#2009=CARTESIAN_POINT('',(-2.53102936777,0.5275,0.512634239321));
#2010=CIRCLE('',#2011,0.10875);
#2011=AXIS2_PLACEMENT_3D('',#2012,#1356,#1357);
#2012=CARTESIAN_POINT('',(-2.42393152463,0.5275,0.49375));
#2013=ORIENTED_EDGE('',*,*,#2014,.T.);
#2014=EDGE_CURVE('',#2008,#2015,#2017,.T.);
#2015=VERTEX_POINT('',#2016);
#2016=CARTESIAN_POINT('',(-2.578855032673,0.5275,0.209686774917));
#2017=LINE('',#2009,#1363);
#2018=ORIENTED_EDGE('',*,*,#2019,.T.);
#2019=EDGE_CURVE('',#2015,#2020,#2022,.T.);
#2020=VERTEX_POINT('',#2021);
#2021=CARTESIAN_POINT('',(-2.82875,0.5275,5.551115123126E-17));
#2022=CIRCLE('',#2023,0.25375);
#2023=AXIS2_PLACEMENT_3D('',#2024,#534,#1372);
#2024=CARTESIAN_POINT('',(-2.82875,0.5275,0.25375));
#2025=ORIENTED_EDGE('',*,*,#2026,.T.);
#2026=EDGE_CURVE('',#2020,#2027,#2029,.T.);
#2027=VERTEX_POINT('',#2028);
#2028=CARTESIAN_POINT('',(-3.2,0.5275,5.551115123126E-17));
#2029=LINE('',#2021,#521);
#2030=ORIENTED_EDGE('',*,*,#2031,.T.);
#2031=EDGE_CURVE('',#2027,#2032,#2034,.T.);
#2032=VERTEX_POINT('',#2033);
#2033=CARTESIAN_POINT('',(-3.2,0.5275,0.145));
#2034=LINE('',#2028,#353);
#2035=ORIENTED_EDGE('',*,*,#2036,.T.);
#2036=EDGE_CURVE('',#2032,#2037,#2039,.T.);
#2037=VERTEX_POINT('',#2038);
#2038=CARTESIAN_POINT('',(-2.82875,0.5275,0.145));
#2039=LINE('',#2033,#476);
#2040=ORIENTED_EDGE('',*,*,#2041,.T.);
#2041=EDGE_CURVE('',#2037,#2042,#2044,.T.);
#2042=VERTEX_POINT('',#2043);
#2043=CARTESIAN_POINT('',(-2.72165215686,0.5275,0.234865760679));
#2044=CIRCLE('',#2045,0.10875);
#2045=AXIS2_PLACEMENT_3D('',#2024,#1356,#1394);
#2046=ORIENTED_EDGE('',*,*,#2047,.T.);
#2047=EDGE_CURVE('',#2042,#2048,#2050,.T.);
#2048=VERTEX_POINT('',#2049);
#2049=CARTESIAN_POINT('',(-2.673826491957,0.5275,0.537813225083));
#2050=LINE('',#2043,#1400);
#2051=ORIENTED_EDGE('',*,*,#2052,.T.);
#2052=EDGE_CURVE('',#2048,#2053,#2054,.T.);
#2053=VERTEX_POINT('',#1997);
#2054=CIRCLE('',#2055,0.25375);
#2055=AXIS2_PLACEMENT_3D('',#2012,#534,#1406);
#2056=ORIENTED_EDGE('',*,*,#2057,.T.);
#2057=EDGE_CURVE('',#2053,#666,#1996,.T.);
#2058=PLANE('',#2059);
#2059=AXIS2_PLACEMENT_3D('',#2060,#534,#13);
#2060=CARTESIAN_POINT('',(-2.644209297858,0.5275,0.365102776976));
#2061=ADVANCED_FACE('',(#2062),#2076,.F.);
#2062=FACE_BOUND('',#2063,.F.);
#2063=EDGE_LOOP('',(#2064,#2065,#2072,#2075));
#2064=ORIENTED_EDGE('',*,*,#689,.T.);
#2065=ORIENTED_EDGE('',*,*,#2066,.T.);
#2066=EDGE_CURVE('',#684,#2067,#2069,.T.);
#2067=VERTEX_POINT('',#2068);
#2068=CARTESIAN_POINT('',(-2.53102936777,0.7725,0.512634239321));
#2069=CIRCLE('',#2070,0.10875);
#2070=AXIS2_PLACEMENT_3D('',#2071,#1356,#1357);
#2071=CARTESIAN_POINT('',(-2.42393152463,0.7725,0.49375));
#2072=ORIENTED_EDGE('',*,*,#2073,.F.);
#2073=EDGE_CURVE('',#2008,#2067,#2074,.T.);
#2074=LINE('',#2009,#533);
#2075=ORIENTED_EDGE('',*,*,#2007,.F.);
#2076=CYLINDRICAL_SURFACE('',#2011,0.10875);
#2077=ADVANCED_FACE('',(#2078),#2127,.T.);
#2078=FACE_BOUND('',#2079,.T.);
#2079=EDGE_LOOP('',(#696,#682,#2065,#2080,#2085,#2092,#2097,#2102,#2107,#2113,#2118,#2124));
#2080=ORIENTED_EDGE('',*,*,#2081,.T.);
#2081=EDGE_CURVE('',#2067,#2082,#2084,.T.);
#2082=VERTEX_POINT('',#2083);
#2083=CARTESIAN_POINT('',(-2.578855032673,0.7725,0.209686774917));
#2084=LINE('',#2068,#1363);
#2085=ORIENTED_EDGE('',*,*,#2086,.T.);
#2086=EDGE_CURVE('',#2082,#2087,#2089,.T.);
#2087=VERTEX_POINT('',#2088);
#2088=CARTESIAN_POINT('',(-2.82875,0.7725,5.551115123126E-17));
#2089=CIRCLE('',#2090,0.25375);
#2090=AXIS2_PLACEMENT_3D('',#2091,#534,#1372);
#2091=CARTESIAN_POINT('',(-2.82875,0.7725,0.25375));
#2092=ORIENTED_EDGE('',*,*,#2093,.T.);
#2093=EDGE_CURVE('',#2087,#2094,#2096,.T.);
#2094=VERTEX_POINT('',#2095);
#2095=CARTESIAN_POINT('',(-3.2,0.7725,5.551115123126E-17));
#2096=LINE('',#2088,#521);
#2097=ORIENTED_EDGE('',*,*,#2098,.T.);
#2098=EDGE_CURVE('',#2094,#2099,#2101,.T.);
#2099=VERTEX_POINT('',#2100);
#2100=CARTESIAN_POINT('',(-3.2,0.7725,0.145));
#2101=LINE('',#2095,#353);
#2102=ORIENTED_EDGE('',*,*,#2103,.T.);
#2103=EDGE_CURVE('',#2099,#2104,#2106,.T.);
#2104=VERTEX_POINT('',#2105);
#2105=CARTESIAN_POINT('',(-2.82875,0.7725,0.145));
#2106=LINE('',#2100,#476);
#2107=ORIENTED_EDGE('',*,*,#2108,.T.);
#2108=EDGE_CURVE('',#2104,#2109,#2111,.T.);
#2109=VERTEX_POINT('',#2110);
#2110=CARTESIAN_POINT('',(-2.72165215686,0.7725,0.234865760679));
#2111=CIRCLE('',#2112,0.10875);
#2112=AXIS2_PLACEMENT_3D('',#2091,#1356,#1394);
#2113=ORIENTED_EDGE('',*,*,#2114,.T.);
#2114=EDGE_CURVE('',#2109,#2115,#2117,.T.);
#2115=VERTEX_POINT('',#2116);
#2116=CARTESIAN_POINT('',(-2.673826491957,0.7725,0.537813225083));
#2117=LINE('',#2110,#1400);
#2118=ORIENTED_EDGE('',*,*,#2119,.T.);
#2119=EDGE_CURVE('',#2115,#2120,#2122,.T.);
#2120=VERTEX_POINT('',#2121);
#2121=CARTESIAN_POINT('',(-2.42393152463,0.7725,0.7475));
#2122=CIRCLE('',#2123,0.25375);
#2123=AXIS2_PLACEMENT_3D('',#2071,#534,#1406);
#2124=ORIENTED_EDGE('',*,*,#2125,.T.);
#2125=EDGE_CURVE('',#2120,#698,#2126,.T.);
#2126=LINE('',#2121,#476);
#2127=PLANE('',#2128);
#2128=AXIS2_PLACEMENT_3D('',#2129,#534,#13);
#2129=CARTESIAN_POINT('',(-2.644209297858,0.7725,0.365102776976));
#2130=ADVANCED_FACE('',(#2131),#478,.F.);
#2131=FACE_BOUND('',#2132,.F.);
#2132=EDGE_LOOP('',(#2133,#2134,#2138,#2139));
#2133=ORIENTED_EDGE('',*,*,#710,.T.);
#2134=ORIENTED_EDGE('',*,*,#2135,.T.);
#2135=EDGE_CURVE('',#705,#1190,#2136,.T.);
#2136=LINE('',#2137,#476);
#2137=CARTESIAN_POINT('',(-2.42393152463,1.1775,0.7475));
#2138=ORIENTED_EDGE('',*,*,#1189,.F.);
#2139=ORIENTED_EDGE('',*,*,#2140,.F.);
#2140=EDGE_CURVE('',#698,#1186,#2126,.T.);
#2141=ADVANCED_FACE('',(#2142),#2198,.F.);
#2142=FACE_BOUND('',#2143,.F.);
#2143=EDGE_LOOP('',(#2144,#2145,#2146,#2153,#2158,#2165,#2170,#2175,#2180,#2186,#2191,#2196));
#2144=ORIENTED_EDGE('',*,*,#704,.F.);
#2145=ORIENTED_EDGE('',*,*,#715,.T.);
#2146=ORIENTED_EDGE('',*,*,#2147,.T.);
#2147=EDGE_CURVE('',#716,#2148,#2150,.T.);
#2148=VERTEX_POINT('',#2149);
#2149=CARTESIAN_POINT('',(-2.53102936777,1.1775,0.512634239321));
#2150=CIRCLE('',#2151,0.10875);
#2151=AXIS2_PLACEMENT_3D('',#2152,#1356,#1357);
#2152=CARTESIAN_POINT('',(-2.42393152463,1.1775,0.49375));
#2153=ORIENTED_EDGE('',*,*,#2154,.T.);
#2154=EDGE_CURVE('',#2148,#2155,#2157,.T.);
#2155=VERTEX_POINT('',#2156);
#2156=CARTESIAN_POINT('',(-2.578855032673,1.1775,0.209686774917));
#2157=LINE('',#2149,#1363);
#2158=ORIENTED_EDGE('',*,*,#2159,.T.);
#2159=EDGE_CURVE('',#2155,#2160,#2162,.T.);
#2160=VERTEX_POINT('',#2161);
#2161=CARTESIAN_POINT('',(-2.82875,1.1775,5.551115123126E-17));
#2162=CIRCLE('',#2163,0.25375);
#2163=AXIS2_PLACEMENT_3D('',#2164,#534,#1372);
#2164=CARTESIAN_POINT('',(-2.82875,1.1775,0.25375));
#2165=ORIENTED_EDGE('',*,*,#2166,.T.);
#2166=EDGE_CURVE('',#2160,#2167,#2169,.T.);
#2167=VERTEX_POINT('',#2168);
#2168=CARTESIAN_POINT('',(-3.2,1.1775,5.551115123126E-17));
#2169=LINE('',#2161,#521);
#2170=ORIENTED_EDGE('',*,*,#2171,.T.);
#2171=EDGE_CURVE('',#2167,#2172,#2174,.T.);
#2172=VERTEX_POINT('',#2173);
#2173=CARTESIAN_POINT('',(-3.2,1.1775,0.145));
#2174=LINE('',#2168,#353);
#2175=ORIENTED_EDGE('',*,*,#2176,.T.);
#2176=EDGE_CURVE('',#2172,#2177,#2179,.T.);
#2177=VERTEX_POINT('',#2178);
#2178=CARTESIAN_POINT('',(-2.82875,1.1775,0.145));
#2179=LINE('',#2173,#476);
#2180=ORIENTED_EDGE('',*,*,#2181,.T.);
#2181=EDGE_CURVE('',#2177,#2182,#2184,.T.);
#2182=VERTEX_POINT('',#2183);
#2183=CARTESIAN_POINT('',(-2.72165215686,1.1775,0.234865760679));
#2184=CIRCLE('',#2185,0.10875);
#2185=AXIS2_PLACEMENT_3D('',#2164,#1356,#1394);
#2186=ORIENTED_EDGE('',*,*,#2187,.T.);
#2187=EDGE_CURVE('',#2182,#2188,#2190,.T.);
#2188=VERTEX_POINT('',#2189);
#2189=CARTESIAN_POINT('',(-2.673826491957,1.1775,0.537813225083));
#2190=LINE('',#2183,#1400);
#2191=ORIENTED_EDGE('',*,*,#2192,.T.);
#2192=EDGE_CURVE('',#2188,#2193,#2194,.T.);
#2193=VERTEX_POINT('',#2137);
#2194=CIRCLE('',#2195,0.25375);
#2195=AXIS2_PLACEMENT_3D('',#2152,#534,#1406);
#2196=ORIENTED_EDGE('',*,*,#2197,.T.);
#2197=EDGE_CURVE('',#2193,#705,#2136,.T.);
#2198=PLANE('',#2199);
#2199=AXIS2_PLACEMENT_3D('',#2200,#534,#13);
#2200=CARTESIAN_POINT('',(-2.644209297858,1.1775,0.365102776976));
#2201=ADVANCED_FACE('',(#2202),#2216,.F.);
#2202=FACE_BOUND('',#2203,.F.);
#2203=EDGE_LOOP('',(#2204,#2205,#2212,#2215));
#2204=ORIENTED_EDGE('',*,*,#728,.T.);
#2205=ORIENTED_EDGE('',*,*,#2206,.T.);
#2206=EDGE_CURVE('',#723,#2207,#2209,.T.);
#2207=VERTEX_POINT('',#2208);
#2208=CARTESIAN_POINT('',(-2.53102936777,1.4225,0.512634239321));
#2209=CIRCLE('',#2210,0.10875);
#2210=AXIS2_PLACEMENT_3D('',#2211,#1356,#1357);
#2211=CARTESIAN_POINT('',(-2.42393152463,1.4225,0.49375));
#2212=ORIENTED_EDGE('',*,*,#2213,.F.);
#2213=EDGE_CURVE('',#2148,#2207,#2214,.T.);
#2214=LINE('',#2149,#533);
#2215=ORIENTED_EDGE('',*,*,#2147,.F.);
#2216=CYLINDRICAL_SURFACE('',#2151,0.10875);
#2217=ADVANCED_FACE('',(#2218),#2267,.T.);
#2218=FACE_BOUND('',#2219,.T.);
#2219=EDGE_LOOP('',(#735,#721,#2205,#2220,#2225,#2232,#2237,#2242,#2247,#2253,#2258,#2264));
#2220=ORIENTED_EDGE('',*,*,#2221,.T.);
#2221=EDGE_CURVE('',#2207,#2222,#2224,.T.);
#2222=VERTEX_POINT('',#2223);
#2223=CARTESIAN_POINT('',(-2.578855032673,1.4225,0.209686774917));
#2224=LINE('',#2208,#1363);
#2225=ORIENTED_EDGE('',*,*,#2226,.T.);
#2226=EDGE_CURVE('',#2222,#2227,#2229,.T.);
#2227=VERTEX_POINT('',#2228);
#2228=CARTESIAN_POINT('',(-2.82875,1.4225,5.551115123126E-17));
#2229=CIRCLE('',#2230,0.25375);
#2230=AXIS2_PLACEMENT_3D('',#2231,#534,#1372);
#2231=CARTESIAN_POINT('',(-2.82875,1.4225,0.25375));
#2232=ORIENTED_EDGE('',*,*,#2233,.T.);
#2233=EDGE_CURVE('',#2227,#2234,#2236,.T.);
#2234=VERTEX_POINT('',#2235);
#2235=CARTESIAN_POINT('',(-3.2,1.4225,5.551115123126E-17));
#2236=LINE('',#2228,#521);
#2237=ORIENTED_EDGE('',*,*,#2238,.T.);
#2238=EDGE_CURVE('',#2234,#2239,#2241,.T.);
#2239=VERTEX_POINT('',#2240);
#2240=CARTESIAN_POINT('',(-3.2,1.4225,0.145));
#2241=LINE('',#2235,#353);
#2242=ORIENTED_EDGE('',*,*,#2243,.T.);
#2243=EDGE_CURVE('',#2239,#2244,#2246,.T.);
#2244=VERTEX_POINT('',#2245);
#2245=CARTESIAN_POINT('',(-2.82875,1.4225,0.145));
#2246=LINE('',#2240,#476);
#2247=ORIENTED_EDGE('',*,*,#2248,.T.);
#2248=EDGE_CURVE('',#2244,#2249,#2251,.T.);
#2249=VERTEX_POINT('',#2250);
#2250=CARTESIAN_POINT('',(-2.72165215686,1.4225,0.234865760679));
#2251=CIRCLE('',#2252,0.10875);
#2252=AXIS2_PLACEMENT_3D('',#2231,#1356,#1394);
#2253=ORIENTED_EDGE('',*,*,#2254,.T.);
#2254=EDGE_CURVE('',#2249,#2255,#2257,.T.);
#2255=VERTEX_POINT('',#2256);
#2256=CARTESIAN_POINT('',(-2.673826491957,1.4225,0.537813225083));
#2257=LINE('',#2250,#1400);
#2258=ORIENTED_EDGE('',*,*,#2259,.T.);
#2259=EDGE_CURVE('',#2255,#2260,#2262,.T.);
#2260=VERTEX_POINT('',#2261);
#2261=CARTESIAN_POINT('',(-2.42393152463,1.4225,0.7475));
#2262=CIRCLE('',#2263,0.25375);
#2263=AXIS2_PLACEMENT_3D('',#2211,#534,#1406);
#2264=ORIENTED_EDGE('',*,*,#2265,.T.);
#2265=EDGE_CURVE('',#2260,#737,#2266,.T.);
#2266=LINE('',#2261,#476);
#2267=PLANE('',#2268);
#2268=AXIS2_PLACEMENT_3D('',#2269,#534,#13);
#2269=CARTESIAN_POINT('',(-2.644209297858,1.4225,0.365102776976));
#2270=ADVANCED_FACE('',(#2271),#478,.F.);
#2271=FACE_BOUND('',#2272,.F.);
#2272=EDGE_LOOP('',(#2273,#2274,#2275,#2276));
#2273=ORIENTED_EDGE('',*,*,#749,.T.);
#2274=ORIENTED_EDGE('',*,*,#1140,.T.);
#2275=ORIENTED_EDGE('',*,*,#1197,.F.);
#2276=ORIENTED_EDGE('',*,*,#2277,.F.);
#2277=EDGE_CURVE('',#737,#1194,#2266,.T.);
#2278=ADVANCED_FACE('',(#2279),#2333,.F.);
#2279=FACE_BOUND('',#2280,.F.);
#2280=EDGE_LOOP('',(#2281,#2282,#2283,#2290,#2295,#2302,#2307,#2312,#2317,#2323,#2328,#2332));
#2281=ORIENTED_EDGE('',*,*,#743,.F.);
#2282=ORIENTED_EDGE('',*,*,#754,.T.);
#2283=ORIENTED_EDGE('',*,*,#2284,.T.);
#2284=EDGE_CURVE('',#755,#2285,#2287,.T.);
#2285=VERTEX_POINT('',#2286);
#2286=CARTESIAN_POINT('',(-2.53102936777,1.8275,0.512634239321));
#2287=CIRCLE('',#2288,0.10875);
#2288=AXIS2_PLACEMENT_3D('',#2289,#1356,#1357);
#2289=CARTESIAN_POINT('',(-2.42393152463,1.8275,0.49375));
#2290=ORIENTED_EDGE('',*,*,#2291,.T.);
#2291=EDGE_CURVE('',#2285,#2292,#2294,.T.);
#2292=VERTEX_POINT('',#2293);
#2293=CARTESIAN_POINT('',(-2.578855032673,1.8275,0.209686774917));
#2294=LINE('',#2286,#1363);
#2295=ORIENTED_EDGE('',*,*,#2296,.T.);
#2296=EDGE_CURVE('',#2292,#2297,#2299,.T.);
#2297=VERTEX_POINT('',#2298);
#2298=CARTESIAN_POINT('',(-2.82875,1.8275,5.551115123126E-17));
#2299=CIRCLE('',#2300,0.25375);
#2300=AXIS2_PLACEMENT_3D('',#2301,#534,#1372);
#2301=CARTESIAN_POINT('',(-2.82875,1.8275,0.25375));
#2302=ORIENTED_EDGE('',*,*,#2303,.T.);
#2303=EDGE_CURVE('',#2297,#2304,#2306,.T.);
#2304=VERTEX_POINT('',#2305);
#2305=CARTESIAN_POINT('',(-3.2,1.8275,5.551115123126E-17));
#2306=LINE('',#2298,#521);
#2307=ORIENTED_EDGE('',*,*,#2308,.T.);
#2308=EDGE_CURVE('',#2304,#2309,#2311,.T.);
#2309=VERTEX_POINT('',#2310);
#2310=CARTESIAN_POINT('',(-3.2,1.8275,0.145));
#2311=LINE('',#2305,#353);
#2312=ORIENTED_EDGE('',*,*,#2313,.T.);
#2313=EDGE_CURVE('',#2309,#2314,#2316,.T.);
#2314=VERTEX_POINT('',#2315);
#2315=CARTESIAN_POINT('',(-2.82875,1.8275,0.145));
#2316=LINE('',#2310,#476);
#2317=ORIENTED_EDGE('',*,*,#2318,.T.);
#2318=EDGE_CURVE('',#2314,#2319,#2321,.T.);
#2319=VERTEX_POINT('',#2320);
#2320=CARTESIAN_POINT('',(-2.72165215686,1.8275,0.234865760679));
#2321=CIRCLE('',#2322,0.10875);
#2322=AXIS2_PLACEMENT_3D('',#2301,#1356,#1394);
#2323=ORIENTED_EDGE('',*,*,#2324,.T.);
#2324=EDGE_CURVE('',#2319,#2325,#2327,.T.);
#2325=VERTEX_POINT('',#2326);
#2326=CARTESIAN_POINT('',(-2.673826491957,1.8275,0.537813225083));
#2327=LINE('',#2320,#1400);
#2328=ORIENTED_EDGE('',*,*,#2329,.T.);
#2329=EDGE_CURVE('',#2325,#1125,#2330,.T.);
#2330=CIRCLE('',#2331,0.25375);
#2331=AXIS2_PLACEMENT_3D('',#2289,#534,#1406);
#2332=ORIENTED_EDGE('',*,*,#1124,.T.);
#2333=PLANE('',#2334);
#2334=AXIS2_PLACEMENT_3D('',#2335,#534,#13);
#2335=CARTESIAN_POINT('',(-2.644209297858,1.8275,0.365102776976));
#2336=ADVANCED_FACE('',(#2337),#2344,.F.);
#2337=FACE_BOUND('',#2338,.F.);
#2338=EDGE_LOOP('',(#2339,#1349,#2340,#2343));
#2339=ORIENTED_EDGE('',*,*,#767,.T.);
#2340=ORIENTED_EDGE('',*,*,#2341,.F.);
#2341=EDGE_CURVE('',#2285,#1351,#2342,.T.);
#2342=LINE('',#2286,#533);
#2343=ORIENTED_EDGE('',*,*,#2284,.F.);
#2344=CYLINDRICAL_SURFACE('',#2288,0.10875);
#2345=ADVANCED_FACE('',(#2346),#2409,.F.);
#2346=FACE_BOUND('',#2347,.F.);
#2347=EDGE_LOOP('',(#2348,#2349,#2350,#2359,#2366,#2374,#2379,#2384,#2389,#2396,#2403,#2408));
#2348=ORIENTED_EDGE('',*,*,#820,.F.);
#2349=ORIENTED_EDGE('',*,*,#830,.T.);
#2350=ORIENTED_EDGE('',*,*,#2351,.T.);
#2351=EDGE_CURVE('',#831,#2352,#2354,.T.);
#2352=VERTEX_POINT('',#2353);
#2353=CARTESIAN_POINT('',(2.53102936777,2.0725,0.512634239321));
#2354=CIRCLE('',#2355,0.10875);
#2355=AXIS2_PLACEMENT_3D('',#2356,#2357,#2358);
#2356=CARTESIAN_POINT('',(2.42393152463,2.0725,0.49375));
#2357=DIRECTION('',(-1.110223024625E-16,1.,0.));
#2358=DIRECTION('',(5.104473676437E-16,5.667104204174E-32,1.));
#2359=ORIENTED_EDGE('',*,*,#2360,.T.);
#2360=EDGE_CURVE('',#2352,#2361,#2363,.T.);
#2361=VERTEX_POINT('',#2362);
#2362=CARTESIAN_POINT('',(2.578855032673,2.0725,0.209686774917));
#2363=LINE('',#2353,#2364);
#2364=VECTOR('',#2365,1.);
#2365=DIRECTION('',(0.155936661597,1.731244720877E-17,-0.98776705633));
#2366=ORIENTED_EDGE('',*,*,#2367,.T.);
#2367=EDGE_CURVE('',#2361,#2368,#2370,.T.);
#2368=VERTEX_POINT('',#2369);
#2369=CARTESIAN_POINT('',(2.82875,2.0725,5.551115123126E-17));
#2370=CIRCLE('',#2371,0.25375);
#2371=AXIS2_PLACEMENT_3D('',#2372,#848,#2373);
#2372=CARTESIAN_POINT('',(2.82875,2.0725,0.25375));
#2373=DIRECTION('',(-0.984807753012,-1.093356242224E-16,-0.173648177667));
#2374=ORIENTED_EDGE('',*,*,#2375,.T.);
#2375=EDGE_CURVE('',#2368,#2376,#2378,.T.);
#2376=VERTEX_POINT('',#2377);
#2377=CARTESIAN_POINT('',(3.2,2.0725,5.551115123126E-17));
#2378=LINE('',#2369,#835);
#2379=ORIENTED_EDGE('',*,*,#2380,.T.);
#2380=EDGE_CURVE('',#2376,#2381,#2383,.T.);
#2381=VERTEX_POINT('',#2382);
#2382=CARTESIAN_POINT('',(3.2,2.0725,0.145));
#2383=LINE('',#2377,#353);
#2384=ORIENTED_EDGE('',*,*,#2385,.T.);
#2385=EDGE_CURVE('',#2381,#2386,#2388,.T.);
#2386=VERTEX_POINT('',#2387);
#2387=CARTESIAN_POINT('',(2.82875,2.0725,0.145));
#2388=LINE('',#2382,#444);
#2389=ORIENTED_EDGE('',*,*,#2390,.T.);
#2390=EDGE_CURVE('',#2386,#2391,#2393,.T.);
#2391=VERTEX_POINT('',#2392);
#2392=CARTESIAN_POINT('',(2.72165215686,2.0725,0.234865760679));
#2393=CIRCLE('',#2394,0.10875);
#2394=AXIS2_PLACEMENT_3D('',#2372,#2357,#2395);
#2395=DIRECTION('',(-1.020894735287E-15,-1.133420840835E-31,-1.));
#2396=ORIENTED_EDGE('',*,*,#2397,.T.);
#2397=EDGE_CURVE('',#2391,#2398,#2400,.T.);
#2398=VERTEX_POINT('',#2399);
#2399=CARTESIAN_POINT('',(2.673826491957,2.0725,0.537813225083));
#2400=LINE('',#2392,#2401);
#2401=VECTOR('',#2402,1.);
#2402=DIRECTION('',(-0.155936661597,-1.731244720877E-17,0.98776705633));
#2403=ORIENTED_EDGE('',*,*,#2404,.T.);
#2404=EDGE_CURVE('',#2398,#1331,#2405,.T.);
#2405=CIRCLE('',#2406,0.25375);
#2406=AXIS2_PLACEMENT_3D('',#2356,#848,#2407);
#2407=DIRECTION('',(0.984807753012,1.093356242224E-16,0.173648177667));
#2408=ORIENTED_EDGE('',*,*,#1330,.T.);
#2409=PLANE('',#2410);
#2410=AXIS2_PLACEMENT_3D('',#2411,#848,#13);
#2411=CARTESIAN_POINT('',(2.644209297858,2.0725,0.365102776976));
#2412=ADVANCED_FACE('',(#2413),#2427,.F.);
#2413=FACE_BOUND('',#2414,.F.);
#2414=EDGE_LOOP('',(#2415,#2416,#2423,#2426));
#2415=ORIENTED_EDGE('',*,*,#845,.T.);
#2416=ORIENTED_EDGE('',*,*,#2417,.T.);
#2417=EDGE_CURVE('',#840,#2418,#2420,.T.);
#2418=VERTEX_POINT('',#2419);
#2419=CARTESIAN_POINT('',(2.53102936777,1.8275,0.512634239321));
#2420=CIRCLE('',#2421,0.10875);
#2421=AXIS2_PLACEMENT_3D('',#2422,#2357,#2358);
#2422=CARTESIAN_POINT('',(2.42393152463,1.8275,0.49375));
#2423=ORIENTED_EDGE('',*,*,#2424,.F.);
#2424=EDGE_CURVE('',#2352,#2418,#2425,.T.);
#2425=LINE('',#2353,#847);
#2426=ORIENTED_EDGE('',*,*,#2351,.F.);
#2427=CYLINDRICAL_SURFACE('',#2355,0.10875);
#2428=ADVANCED_FACE('',(#2429),#2473,.T.);
#2429=FACE_BOUND('',#2430,.T.);
#2430=EDGE_LOOP('',(#854,#838,#2416,#2431,#2436,#2443,#2448,#2453,#2458,#2464,#2469,#1337));
#2431=ORIENTED_EDGE('',*,*,#2432,.T.);
#2432=EDGE_CURVE('',#2418,#2433,#2435,.T.);
#2433=VERTEX_POINT('',#2434);
#2434=CARTESIAN_POINT('',(2.578855032673,1.8275,0.209686774917));
#2435=LINE('',#2419,#2364);
#2436=ORIENTED_EDGE('',*,*,#2437,.T.);
#2437=EDGE_CURVE('',#2433,#2438,#2440,.T.);
#2438=VERTEX_POINT('',#2439);
#2439=CARTESIAN_POINT('',(2.82875,1.8275,5.551115123126E-17));
#2440=CIRCLE('',#2441,0.25375);
#2441=AXIS2_PLACEMENT_3D('',#2442,#848,#2373);
#2442=CARTESIAN_POINT('',(2.82875,1.8275,0.25375));
#2443=ORIENTED_EDGE('',*,*,#2444,.T.);
#2444=EDGE_CURVE('',#2438,#2445,#2447,.T.);
#2445=VERTEX_POINT('',#2446);
#2446=CARTESIAN_POINT('',(3.2,1.8275,5.551115123126E-17));
#2447=LINE('',#2439,#835);
#2448=ORIENTED_EDGE('',*,*,#2449,.T.);
#2449=EDGE_CURVE('',#2445,#2450,#2452,.T.);
#2450=VERTEX_POINT('',#2451);
#2451=CARTESIAN_POINT('',(3.2,1.8275,0.145));
#2452=LINE('',#2446,#353);
#2453=ORIENTED_EDGE('',*,*,#2454,.T.);
#2454=EDGE_CURVE('',#2450,#2455,#2457,.T.);
#2455=VERTEX_POINT('',#2456);
#2456=CARTESIAN_POINT('',(2.82875,1.8275,0.145));
#2457=LINE('',#2451,#444);
#2458=ORIENTED_EDGE('',*,*,#2459,.T.);
#2459=EDGE_CURVE('',#2455,#2460,#2462,.T.);
#2460=VERTEX_POINT('',#2461);
#2461=CARTESIAN_POINT('',(2.72165215686,1.8275,0.234865760679));
#2462=CIRCLE('',#2463,0.10875);
#2463=AXIS2_PLACEMENT_3D('',#2442,#2357,#2395);
#2464=ORIENTED_EDGE('',*,*,#2465,.T.);
#2465=EDGE_CURVE('',#2460,#2466,#2468,.T.);
#2466=VERTEX_POINT('',#2467);
#2467=CARTESIAN_POINT('',(2.673826491957,1.8275,0.537813225083));
#2468=LINE('',#2461,#2401);
#2469=ORIENTED_EDGE('',*,*,#2470,.T.);
#2470=EDGE_CURVE('',#2466,#1334,#2471,.T.);
#2471=CIRCLE('',#2472,0.25375);
#2472=AXIS2_PLACEMENT_3D('',#2422,#848,#2407);
#2473=PLANE('',#2474);
#2474=AXIS2_PLACEMENT_3D('',#2475,#848,#13);
#2475=CARTESIAN_POINT('',(2.644209297858,1.8275,0.365102776976));
#2476=ADVANCED_FACE('',(#2477),#478,.F.);
#2477=FACE_BOUND('',#2478,.F.);
#2478=EDGE_LOOP('',(#2479,#2480,#2481,#2485));
#2479=ORIENTED_EDGE('',*,*,#1341,.F.);
#2480=ORIENTED_EDGE('',*,*,#868,.T.);
#2481=ORIENTED_EDGE('',*,*,#2482,.T.);
#2482=EDGE_CURVE('',#863,#1266,#2483,.T.);
#2483=LINE('',#2484,#444);
#2484=CARTESIAN_POINT('',(2.42393152463,1.4225,0.7475));
#2485=ORIENTED_EDGE('',*,*,#1265,.F.);
#2486=ADVANCED_FACE('',(#2487),#2543,.F.);
#2487=FACE_BOUND('',#2488,.F.);
#2488=EDGE_LOOP('',(#2489,#2490,#2491,#2498,#2503,#2510,#2515,#2520,#2525,#2531,#2536,#2541));
#2489=ORIENTED_EDGE('',*,*,#862,.F.);
#2490=ORIENTED_EDGE('',*,*,#873,.T.);
#2491=ORIENTED_EDGE('',*,*,#2492,.T.);
#2492=EDGE_CURVE('',#874,#2493,#2495,.T.);
#2493=VERTEX_POINT('',#2494);
#2494=CARTESIAN_POINT('',(2.53102936777,1.4225,0.512634239321));
#2495=CIRCLE('',#2496,0.10875);
#2496=AXIS2_PLACEMENT_3D('',#2497,#2357,#2358);
#2497=CARTESIAN_POINT('',(2.42393152463,1.4225,0.49375));
#2498=ORIENTED_EDGE('',*,*,#2499,.T.);
#2499=EDGE_CURVE('',#2493,#2500,#2502,.T.);
#2500=VERTEX_POINT('',#2501);
#2501=CARTESIAN_POINT('',(2.578855032673,1.4225,0.209686774917));
#2502=LINE('',#2494,#2364);
#2503=ORIENTED_EDGE('',*,*,#2504,.T.);
#2504=EDGE_CURVE('',#2500,#2505,#2507,.T.);
#2505=VERTEX_POINT('',#2506);
#2506=CARTESIAN_POINT('',(2.82875,1.4225,5.551115123126E-17));
#2507=CIRCLE('',#2508,0.25375);
#2508=AXIS2_PLACEMENT_3D('',#2509,#848,#2373);
#2509=CARTESIAN_POINT('',(2.82875,1.4225,0.25375));
#2510=ORIENTED_EDGE('',*,*,#2511,.T.);
#2511=EDGE_CURVE('',#2505,#2512,#2514,.T.);
#2512=VERTEX_POINT('',#2513);
#2513=CARTESIAN_POINT('',(3.2,1.4225,5.551115123126E-17));
#2514=LINE('',#2506,#835);
#2515=ORIENTED_EDGE('',*,*,#2516,.T.);
#2516=EDGE_CURVE('',#2512,#2517,#2519,.T.);
#2517=VERTEX_POINT('',#2518);
#2518=CARTESIAN_POINT('',(3.2,1.4225,0.145));
#2519=LINE('',#2513,#353);
#2520=ORIENTED_EDGE('',*,*,#2521,.T.);
#2521=EDGE_CURVE('',#2517,#2522,#2524,.T.);
#2522=VERTEX_POINT('',#2523);
#2523=CARTESIAN_POINT('',(2.82875,1.4225,0.145));
#2524=LINE('',#2518,#444);
#2525=ORIENTED_EDGE('',*,*,#2526,.T.);
#2526=EDGE_CURVE('',#2522,#2527,#2529,.T.);
#2527=VERTEX_POINT('',#2528);
#2528=CARTESIAN_POINT('',(2.72165215686,1.4225,0.234865760679));
#2529=CIRCLE('',#2530,0.10875);
#2530=AXIS2_PLACEMENT_3D('',#2509,#2357,#2395);
#2531=ORIENTED_EDGE('',*,*,#2532,.T.);
#2532=EDGE_CURVE('',#2527,#2533,#2535,.T.);
#2533=VERTEX_POINT('',#2534);
#2534=CARTESIAN_POINT('',(2.673826491957,1.4225,0.537813225083));
#2535=LINE('',#2528,#2401);
#2536=ORIENTED_EDGE('',*,*,#2537,.T.);
#2537=EDGE_CURVE('',#2533,#2538,#2539,.T.);
#2538=VERTEX_POINT('',#2484);
#2539=CIRCLE('',#2540,0.25375);
#2540=AXIS2_PLACEMENT_3D('',#2497,#848,#2407);
#2541=ORIENTED_EDGE('',*,*,#2542,.T.);
#2542=EDGE_CURVE('',#2538,#863,#2483,.T.);
#2543=PLANE('',#2544);
#2544=AXIS2_PLACEMENT_3D('',#2545,#848,#13);
#2545=CARTESIAN_POINT('',(2.644209297858,1.4225,0.365102776976));
#2546=ADVANCED_FACE('',(#2547),#2561,.F.);
#2547=FACE_BOUND('',#2548,.F.);
#2548=EDGE_LOOP('',(#2549,#2550,#2557,#2560));
#2549=ORIENTED_EDGE('',*,*,#886,.T.);
#2550=ORIENTED_EDGE('',*,*,#2551,.T.);
#2551=EDGE_CURVE('',#881,#2552,#2554,.T.);
#2552=VERTEX_POINT('',#2553);
#2553=CARTESIAN_POINT('',(2.53102936777,1.1775,0.512634239321));
#2554=CIRCLE('',#2555,0.10875);
#2555=AXIS2_PLACEMENT_3D('',#2556,#2357,#2358);
#2556=CARTESIAN_POINT('',(2.42393152463,1.1775,0.49375));
#2557=ORIENTED_EDGE('',*,*,#2558,.F.);
#2558=EDGE_CURVE('',#2493,#2552,#2559,.T.);
#2559=LINE('',#2494,#847);
#2560=ORIENTED_EDGE('',*,*,#2492,.F.);
#2561=CYLINDRICAL_SURFACE('',#2496,0.10875);
#2562=ADVANCED_FACE('',(#2563),#2612,.T.);
#2563=FACE_BOUND('',#2564,.T.);
#2564=EDGE_LOOP('',(#893,#879,#2550,#2565,#2570,#2577,#2582,#2587,#2592,#2598,#2603,#2609));
#2565=ORIENTED_EDGE('',*,*,#2566,.T.);
#2566=EDGE_CURVE('',#2552,#2567,#2569,.T.);
#2567=VERTEX_POINT('',#2568);
#2568=CARTESIAN_POINT('',(2.578855032673,1.1775,0.209686774917));
#2569=LINE('',#2553,#2364);
#2570=ORIENTED_EDGE('',*,*,#2571,.T.);
#2571=EDGE_CURVE('',#2567,#2572,#2574,.T.);
#2572=VERTEX_POINT('',#2573);
#2573=CARTESIAN_POINT('',(2.82875,1.1775,5.551115123126E-17));
#2574=CIRCLE('',#2575,0.25375);
#2575=AXIS2_PLACEMENT_3D('',#2576,#848,#2373);
#2576=CARTESIAN_POINT('',(2.82875,1.1775,0.25375));
#2577=ORIENTED_EDGE('',*,*,#2578,.T.);
#2578=EDGE_CURVE('',#2572,#2579,#2581,.T.);
#2579=VERTEX_POINT('',#2580);
#2580=CARTESIAN_POINT('',(3.2,1.1775,5.551115123126E-17));
#2581=LINE('',#2573,#835);
#2582=ORIENTED_EDGE('',*,*,#2583,.T.);
#2583=EDGE_CURVE('',#2579,#2584,#2586,.T.);
#2584=VERTEX_POINT('',#2585);
#2585=CARTESIAN_POINT('',(3.2,1.1775,0.145));
#2586=LINE('',#2580,#353);
#2587=ORIENTED_EDGE('',*,*,#2588,.T.);
#2588=EDGE_CURVE('',#2584,#2589,#2591,.T.);
#2589=VERTEX_POINT('',#2590);
#2590=CARTESIAN_POINT('',(2.82875,1.1775,0.145));
#2591=LINE('',#2585,#444);
#2592=ORIENTED_EDGE('',*,*,#2593,.T.);
#2593=EDGE_CURVE('',#2589,#2594,#2596,.T.);
#2594=VERTEX_POINT('',#2595);
#2595=CARTESIAN_POINT('',(2.72165215686,1.1775,0.234865760679));
#2596=CIRCLE('',#2597,0.10875);
#2597=AXIS2_PLACEMENT_3D('',#2576,#2357,#2395);
#2598=ORIENTED_EDGE('',*,*,#2599,.T.);
#2599=EDGE_CURVE('',#2594,#2600,#2602,.T.);
#2600=VERTEX_POINT('',#2601);
#2601=CARTESIAN_POINT('',(2.673826491957,1.1775,0.537813225083));
#2602=LINE('',#2595,#2401);
#2603=ORIENTED_EDGE('',*,*,#2604,.T.);
#2604=EDGE_CURVE('',#2600,#2605,#2607,.T.);
#2605=VERTEX_POINT('',#2606);
#2606=CARTESIAN_POINT('',(2.42393152463,1.1775,0.7475));
#2607=CIRCLE('',#2608,0.25375);
#2608=AXIS2_PLACEMENT_3D('',#2556,#848,#2407);
#2609=ORIENTED_EDGE('',*,*,#2610,.T.);
#2610=EDGE_CURVE('',#2605,#895,#2611,.T.);
#2611=LINE('',#2606,#444);
#2612=PLANE('',#2613);
#2613=AXIS2_PLACEMENT_3D('',#2614,#848,#13);
#2614=CARTESIAN_POINT('',(2.644209297858,1.1775,0.365102776976));
#2615=ADVANCED_FACE('',(#2616),#478,.F.);
#2616=FACE_BOUND('',#2617,.F.);
#2617=EDGE_LOOP('',(#2618,#2620,#2621,#2625));
#2618=ORIENTED_EDGE('',*,*,#2619,.F.);
#2619=EDGE_CURVE('',#895,#1270,#2611,.T.);
#2620=ORIENTED_EDGE('',*,*,#907,.T.);
#2621=ORIENTED_EDGE('',*,*,#2622,.T.);
#2622=EDGE_CURVE('',#902,#1274,#2623,.T.);
#2623=LINE('',#2624,#444);
#2624=CARTESIAN_POINT('',(2.42393152463,0.7725,0.7475));
#2625=ORIENTED_EDGE('',*,*,#1273,.F.);
#2626=ADVANCED_FACE('',(#2627),#2683,.F.);
#2627=FACE_BOUND('',#2628,.F.);
#2628=EDGE_LOOP('',(#2629,#2630,#2631,#2638,#2643,#2650,#2655,#2660,#2665,#2671,#2676,#2681));
#2629=ORIENTED_EDGE('',*,*,#901,.F.);
#2630=ORIENTED_EDGE('',*,*,#912,.T.);
#2631=ORIENTED_EDGE('',*,*,#2632,.T.);
#2632=EDGE_CURVE('',#913,#2633,#2635,.T.);
#2633=VERTEX_POINT('',#2634);
#2634=CARTESIAN_POINT('',(2.53102936777,0.7725,0.512634239321));
#2635=CIRCLE('',#2636,0.10875);
#2636=AXIS2_PLACEMENT_3D('',#2637,#2357,#2358);
#2637=CARTESIAN_POINT('',(2.42393152463,0.7725,0.49375));
#2638=ORIENTED_EDGE('',*,*,#2639,.T.);
#2639=EDGE_CURVE('',#2633,#2640,#2642,.T.);
#2640=VERTEX_POINT('',#2641);
#2641=CARTESIAN_POINT('',(2.578855032673,0.7725,0.209686774917));
#2642=LINE('',#2634,#2364);
#2643=ORIENTED_EDGE('',*,*,#2644,.T.);
#2644=EDGE_CURVE('',#2640,#2645,#2647,.T.);
#2645=VERTEX_POINT('',#2646);
#2646=CARTESIAN_POINT('',(2.82875,0.7725,5.551115123126E-17));
#2647=CIRCLE('',#2648,0.25375);
#2648=AXIS2_PLACEMENT_3D('',#2649,#848,#2373);
#2649=CARTESIAN_POINT('',(2.82875,0.7725,0.25375));
#2650=ORIENTED_EDGE('',*,*,#2651,.T.);
#2651=EDGE_CURVE('',#2645,#2652,#2654,.T.);
#2652=VERTEX_POINT('',#2653);
#2653=CARTESIAN_POINT('',(3.2,0.7725,5.551115123126E-17));
#2654=LINE('',#2646,#835);
#2655=ORIENTED_EDGE('',*,*,#2656,.T.);
#2656=EDGE_CURVE('',#2652,#2657,#2659,.T.);
#2657=VERTEX_POINT('',#2658);
#2658=CARTESIAN_POINT('',(3.2,0.7725,0.145));
#2659=LINE('',#2653,#353);
#2660=ORIENTED_EDGE('',*,*,#2661,.T.);
#2661=EDGE_CURVE('',#2657,#2662,#2664,.T.);
#2662=VERTEX_POINT('',#2663);
#2663=CARTESIAN_POINT('',(2.82875,0.7725,0.145));
#2664=LINE('',#2658,#444);
#2665=ORIENTED_EDGE('',*,*,#2666,.T.);
#2666=EDGE_CURVE('',#2662,#2667,#2669,.T.);
#2667=VERTEX_POINT('',#2668);
#2668=CARTESIAN_POINT('',(2.72165215686,0.7725,0.234865760679));
#2669=CIRCLE('',#2670,0.10875);
#2670=AXIS2_PLACEMENT_3D('',#2649,#2357,#2395);
#2671=ORIENTED_EDGE('',*,*,#2672,.T.);
#2672=EDGE_CURVE('',#2667,#2673,#2675,.T.);
#2673=VERTEX_POINT('',#2674);
#2674=CARTESIAN_POINT('',(2.673826491957,0.7725,0.537813225083));
#2675=LINE('',#2668,#2401);
#2676=ORIENTED_EDGE('',*,*,#2677,.T.);
#2677=EDGE_CURVE('',#2673,#2678,#2679,.T.);
#2678=VERTEX_POINT('',#2624);
#2679=CIRCLE('',#2680,0.25375);
#2680=AXIS2_PLACEMENT_3D('',#2637,#848,#2407);
#2681=ORIENTED_EDGE('',*,*,#2682,.T.);
#2682=EDGE_CURVE('',#2678,#902,#2623,.T.);
#2683=PLANE('',#2684);
#2684=AXIS2_PLACEMENT_3D('',#2685,#848,#13);
#2685=CARTESIAN_POINT('',(2.644209297858,0.7725,0.365102776976));
#2686=ADVANCED_FACE('',(#2687),#2701,.F.);
#2687=FACE_BOUND('',#2688,.F.);
#2688=EDGE_LOOP('',(#2689,#2690,#2697,#2700));
#2689=ORIENTED_EDGE('',*,*,#925,.T.);
#2690=ORIENTED_EDGE('',*,*,#2691,.T.);
#2691=EDGE_CURVE('',#920,#2692,#2694,.T.);
#2692=VERTEX_POINT('',#2693);
#2693=CARTESIAN_POINT('',(2.53102936777,0.5275,0.512634239321));
#2694=CIRCLE('',#2695,0.10875);
#2695=AXIS2_PLACEMENT_3D('',#2696,#2357,#2358);
#2696=CARTESIAN_POINT('',(2.42393152463,0.5275,0.49375));
#2697=ORIENTED_EDGE('',*,*,#2698,.F.);
#2698=EDGE_CURVE('',#2633,#2692,#2699,.T.);
#2699=LINE('',#2634,#847);
#2700=ORIENTED_EDGE('',*,*,#2632,.F.);
#2701=CYLINDRICAL_SURFACE('',#2636,0.10875);
#2702=ADVANCED_FACE('',(#2703),#2752,.T.);
#2703=FACE_BOUND('',#2704,.T.);
#2704=EDGE_LOOP('',(#932,#918,#2690,#2705,#2710,#2717,#2722,#2727,#2732,#2738,#2743,#2749));
#2705=ORIENTED_EDGE('',*,*,#2706,.T.);
#2706=EDGE_CURVE('',#2692,#2707,#2709,.T.);
#2707=VERTEX_POINT('',#2708);
#2708=CARTESIAN_POINT('',(2.578855032673,0.5275,0.209686774917));
#2709=LINE('',#2693,#2364);
#2710=ORIENTED_EDGE('',*,*,#2711,.T.);
#2711=EDGE_CURVE('',#2707,#2712,#2714,.T.);
#2712=VERTEX_POINT('',#2713);
#2713=CARTESIAN_POINT('',(2.82875,0.5275,5.551115123126E-17));
#2714=CIRCLE('',#2715,0.25375);
#2715=AXIS2_PLACEMENT_3D('',#2716,#848,#2373);
#2716=CARTESIAN_POINT('',(2.82875,0.5275,0.25375));
#2717=ORIENTED_EDGE('',*,*,#2718,.T.);
#2718=EDGE_CURVE('',#2712,#2719,#2721,.T.);
#2719=VERTEX_POINT('',#2720);
#2720=CARTESIAN_POINT('',(3.2,0.5275,5.551115123126E-17));
#2721=LINE('',#2713,#835);
#2722=ORIENTED_EDGE('',*,*,#2723,.T.);
#2723=EDGE_CURVE('',#2719,#2724,#2726,.T.);
#2724=VERTEX_POINT('',#2725);
#2725=CARTESIAN_POINT('',(3.2,0.5275,0.145));
#2726=LINE('',#2720,#353);
#2727=ORIENTED_EDGE('',*,*,#2728,.T.);
#2728=EDGE_CURVE('',#2724,#2729,#2731,.T.);
#2729=VERTEX_POINT('',#2730);
#2730=CARTESIAN_POINT('',(2.82875,0.5275,0.145));
#2731=LINE('',#2725,#444);
#2732=ORIENTED_EDGE('',*,*,#2733,.T.);
#2733=EDGE_CURVE('',#2729,#2734,#2736,.T.);
#2734=VERTEX_POINT('',#2735);
#2735=CARTESIAN_POINT('',(2.72165215686,0.5275,0.234865760679));
#2736=CIRCLE('',#2737,0.10875);
#2737=AXIS2_PLACEMENT_3D('',#2716,#2357,#2395);
#2738=ORIENTED_EDGE('',*,*,#2739,.T.);
#2739=EDGE_CURVE('',#2734,#2740,#2742,.T.);
#2740=VERTEX_POINT('',#2741);
#2741=CARTESIAN_POINT('',(2.673826491957,0.5275,0.537813225083));
#2742=LINE('',#2735,#2401);
#2743=ORIENTED_EDGE('',*,*,#2744,.T.);
#2744=EDGE_CURVE('',#2740,#2745,#2747,.T.);
#2745=VERTEX_POINT('',#2746);
#2746=CARTESIAN_POINT('',(2.42393152463,0.5275,0.7475));
#2747=CIRCLE('',#2748,0.25375);
#2748=AXIS2_PLACEMENT_3D('',#2696,#848,#2407);
#2749=ORIENTED_EDGE('',*,*,#2750,.T.);
#2750=EDGE_CURVE('',#2745,#934,#2751,.T.);
#2751=LINE('',#2746,#444);
#2752=PLANE('',#2753);
#2753=AXIS2_PLACEMENT_3D('',#2754,#848,#13);
#2754=CARTESIAN_POINT('',(2.644209297858,0.5275,0.365102776976));
#2755=ADVANCED_FACE('',(#2756),#478,.F.);
#2756=FACE_BOUND('',#2757,.F.);
#2757=EDGE_LOOP('',(#2758,#2760,#2761,#2765));
#2758=ORIENTED_EDGE('',*,*,#2759,.F.);
#2759=EDGE_CURVE('',#934,#1278,#2751,.T.);
#2760=ORIENTED_EDGE('',*,*,#946,.T.);
#2761=ORIENTED_EDGE('',*,*,#2762,.T.);
#2762=EDGE_CURVE('',#941,#1282,#2763,.T.);
#2763=LINE('',#2764,#444);
#2764=CARTESIAN_POINT('',(2.42393152463,0.1225,0.7475));
#2765=ORIENTED_EDGE('',*,*,#1281,.F.);
#2766=ADVANCED_FACE('',(#2767),#2823,.F.);
#2767=FACE_BOUND('',#2768,.F.);
#2768=EDGE_LOOP('',(#2769,#2770,#2771,#2778,#2783,#2790,#2795,#2800,#2805,#2811,#2816,#2821));
#2769=ORIENTED_EDGE('',*,*,#940,.F.);
#2770=ORIENTED_EDGE('',*,*,#951,.T.);
#2771=ORIENTED_EDGE('',*,*,#2772,.T.);
#2772=EDGE_CURVE('',#952,#2773,#2775,.T.);
#2773=VERTEX_POINT('',#2774);
#2774=CARTESIAN_POINT('',(2.53102936777,0.1225,0.512634239321));
#2775=CIRCLE('',#2776,0.10875);
#2776=AXIS2_PLACEMENT_3D('',#2777,#2357,#2358);
#2777=CARTESIAN_POINT('',(2.42393152463,0.1225,0.49375));
#2778=ORIENTED_EDGE('',*,*,#2779,.T.);
#2779=EDGE_CURVE('',#2773,#2780,#2782,.T.);
#2780=VERTEX_POINT('',#2781);
#2781=CARTESIAN_POINT('',(2.578855032673,0.1225,0.209686774917));
#2782=LINE('',#2774,#2364);
#2783=ORIENTED_EDGE('',*,*,#2784,.T.);
#2784=EDGE_CURVE('',#2780,#2785,#2787,.T.);
#2785=VERTEX_POINT('',#2786);
#2786=CARTESIAN_POINT('',(2.82875,0.1225,5.551115123126E-17));
#2787=CIRCLE('',#2788,0.25375);
#2788=AXIS2_PLACEMENT_3D('',#2789,#848,#2373);
#2789=CARTESIAN_POINT('',(2.82875,0.1225,0.25375));
#2790=ORIENTED_EDGE('',*,*,#2791,.T.);
#2791=EDGE_CURVE('',#2785,#2792,#2794,.T.);
#2792=VERTEX_POINT('',#2793);
#2793=CARTESIAN_POINT('',(3.2,0.1225,5.551115123126E-17));
#2794=LINE('',#2786,#835);
#2795=ORIENTED_EDGE('',*,*,#2796,.T.);
#2796=EDGE_CURVE('',#2792,#2797,#2799,.T.);
#2797=VERTEX_POINT('',#2798);
#2798=CARTESIAN_POINT('',(3.2,0.1225,0.145));
#2799=LINE('',#2793,#353);
#2800=ORIENTED_EDGE('',*,*,#2801,.T.);
#2801=EDGE_CURVE('',#2797,#2802,#2804,.T.);
#2802=VERTEX_POINT('',#2803);
#2803=CARTESIAN_POINT('',(2.82875,0.1225,0.145));
#2804=LINE('',#2798,#444);
#2805=ORIENTED_EDGE('',*,*,#2806,.T.);
#2806=EDGE_CURVE('',#2802,#2807,#2809,.T.);
#2807=VERTEX_POINT('',#2808);
#2808=CARTESIAN_POINT('',(2.72165215686,0.1225,0.234865760679));
#2809=CIRCLE('',#2810,0.10875);
#2810=AXIS2_PLACEMENT_3D('',#2789,#2357,#2395);
#2811=ORIENTED_EDGE('',*,*,#2812,.T.);
#2812=EDGE_CURVE('',#2807,#2813,#2815,.T.);
#2813=VERTEX_POINT('',#2814);
#2814=CARTESIAN_POINT('',(2.673826491957,0.1225,0.537813225083));
#2815=LINE('',#2808,#2401);
#2816=ORIENTED_EDGE('',*,*,#2817,.T.);
#2817=EDGE_CURVE('',#2813,#2818,#2819,.T.);
#2818=VERTEX_POINT('',#2764);
#2819=CIRCLE('',#2820,0.25375);
#2820=AXIS2_PLACEMENT_3D('',#2777,#848,#2407);
#2821=ORIENTED_EDGE('',*,*,#2822,.T.);
#2822=EDGE_CURVE('',#2818,#941,#2763,.T.);
#2823=PLANE('',#2824);
#2824=AXIS2_PLACEMENT_3D('',#2825,#848,#13);
#2825=CARTESIAN_POINT('',(2.644209297858,0.1225,0.365102776976));
#2826=ADVANCED_FACE('',(#2827),#2841,.F.);
#2827=FACE_BOUND('',#2828,.F.);
#2828=EDGE_LOOP('',(#2829,#2830,#2837,#2840));
#2829=ORIENTED_EDGE('',*,*,#964,.T.);
#2830=ORIENTED_EDGE('',*,*,#2831,.T.);
#2831=EDGE_CURVE('',#959,#2832,#2834,.T.);
#2832=VERTEX_POINT('',#2833);
#2833=CARTESIAN_POINT('',(2.53102936777,-0.1225,0.512634239321));
#2834=CIRCLE('',#2835,0.10875);
#2835=AXIS2_PLACEMENT_3D('',#2836,#2357,#2358);
#2836=CARTESIAN_POINT('',(2.42393152463,-0.1225,0.49375));
#2837=ORIENTED_EDGE('',*,*,#2838,.F.);
#2838=EDGE_CURVE('',#2773,#2832,#2839,.T.);
#2839=LINE('',#2774,#847);
#2840=ORIENTED_EDGE('',*,*,#2772,.F.);
#2841=CYLINDRICAL_SURFACE('',#2776,0.10875);
#2842=ADVANCED_FACE('',(#2843),#2892,.T.);
#2843=FACE_BOUND('',#2844,.T.);
#2844=EDGE_LOOP('',(#971,#957,#2830,#2845,#2850,#2857,#2862,#2867,#2872,#2878,#2883,#2889));
#2845=ORIENTED_EDGE('',*,*,#2846,.T.);
#2846=EDGE_CURVE('',#2832,#2847,#2849,.T.);
#2847=VERTEX_POINT('',#2848);
#2848=CARTESIAN_POINT('',(2.578855032673,-0.1225,0.209686774917));
#2849=LINE('',#2833,#2364);
#2850=ORIENTED_EDGE('',*,*,#2851,.T.);
#2851=EDGE_CURVE('',#2847,#2852,#2854,.T.);
#2852=VERTEX_POINT('',#2853);
#2853=CARTESIAN_POINT('',(2.82875,-0.1225,5.551115123126E-17));
#2854=CIRCLE('',#2855,0.25375);
#2855=AXIS2_PLACEMENT_3D('',#2856,#848,#2373);
#2856=CARTESIAN_POINT('',(2.82875,-0.1225,0.25375));
#2857=ORIENTED_EDGE('',*,*,#2858,.T.);
#2858=EDGE_CURVE('',#2852,#2859,#2861,.T.);
#2859=VERTEX_POINT('',#2860);
#2860=CARTESIAN_POINT('',(3.2,-0.1225,5.551115123126E-17));
#2861=LINE('',#2853,#835);
#2862=ORIENTED_EDGE('',*,*,#2863,.T.);
#2863=EDGE_CURVE('',#2859,#2864,#2866,.T.);
#2864=VERTEX_POINT('',#2865);
#2865=CARTESIAN_POINT('',(3.2,-0.1225,0.145));
#2866=LINE('',#2860,#353);
#2867=ORIENTED_EDGE('',*,*,#2868,.T.);
#2868=EDGE_CURVE('',#2864,#2869,#2871,.T.);
#2869=VERTEX_POINT('',#2870);
#2870=CARTESIAN_POINT('',(2.82875,-0.1225,0.145));
#2871=LINE('',#2865,#444);
#2872=ORIENTED_EDGE('',*,*,#2873,.T.);
#2873=EDGE_CURVE('',#2869,#2874,#2876,.T.);
#2874=VERTEX_POINT('',#2875);
#2875=CARTESIAN_POINT('',(2.72165215686,-0.1225,0.234865760679));
#2876=CIRCLE('',#2877,0.10875);
#2877=AXIS2_PLACEMENT_3D('',#2856,#2357,#2395);
#2878=ORIENTED_EDGE('',*,*,#2879,.T.);
#2879=EDGE_CURVE('',#2874,#2880,#2882,.T.);
#2880=VERTEX_POINT('',#2881);
#2881=CARTESIAN_POINT('',(2.673826491957,-0.1225,0.537813225083));
#2882=LINE('',#2875,#2401);
#2883=ORIENTED_EDGE('',*,*,#2884,.T.);
#2884=EDGE_CURVE('',#2880,#2885,#2887,.T.);
#2885=VERTEX_POINT('',#2886);
#2886=CARTESIAN_POINT('',(2.42393152463,-0.1225,0.7475));
#2887=CIRCLE('',#2888,0.25375);
#2888=AXIS2_PLACEMENT_3D('',#2836,#848,#2407);
#2889=ORIENTED_EDGE('',*,*,#2890,.T.);
#2890=EDGE_CURVE('',#2885,#973,#2891,.T.);
#2891=LINE('',#2886,#444);
#2892=PLANE('',#2893);
#2893=AXIS2_PLACEMENT_3D('',#2894,#848,#13);
#2894=CARTESIAN_POINT('',(2.644209297858,-0.1225,0.365102776976));
#2895=ADVANCED_FACE('',(#2896),#478,.F.);
#2896=FACE_BOUND('',#2897,.F.);
#2897=EDGE_LOOP('',(#2898,#2900,#2901,#2905));
#2898=ORIENTED_EDGE('',*,*,#2899,.F.);
#2899=EDGE_CURVE('',#973,#1286,#2891,.T.);
#2900=ORIENTED_EDGE('',*,*,#985,.T.);
#2901=ORIENTED_EDGE('',*,*,#2902,.T.);
#2902=EDGE_CURVE('',#980,#1290,#2903,.T.);
#2903=LINE('',#2904,#444);
#2904=CARTESIAN_POINT('',(2.42393152463,-0.5275,0.7475));
#2905=ORIENTED_EDGE('',*,*,#1289,.F.);
#2906=ADVANCED_FACE('',(#2907),#2963,.F.);
#2907=FACE_BOUND('',#2908,.F.);
#2908=EDGE_LOOP('',(#2909,#2910,#2911,#2918,#2923,#2930,#2935,#2940,#2945,#2951,#2956,#2961));
#2909=ORIENTED_EDGE('',*,*,#979,.F.);
#2910=ORIENTED_EDGE('',*,*,#990,.T.);
#2911=ORIENTED_EDGE('',*,*,#2912,.T.);
#2912=EDGE_CURVE('',#991,#2913,#2915,.T.);
#2913=VERTEX_POINT('',#2914);
#2914=CARTESIAN_POINT('',(2.53102936777,-0.5275,0.512634239321));
#2915=CIRCLE('',#2916,0.10875);
#2916=AXIS2_PLACEMENT_3D('',#2917,#2357,#2358);
#2917=CARTESIAN_POINT('',(2.42393152463,-0.5275,0.49375));
#2918=ORIENTED_EDGE('',*,*,#2919,.T.);
#2919=EDGE_CURVE('',#2913,#2920,#2922,.T.);
#2920=VERTEX_POINT('',#2921);
#2921=CARTESIAN_POINT('',(2.578855032673,-0.5275,0.209686774917));
#2922=LINE('',#2914,#2364);
#2923=ORIENTED_EDGE('',*,*,#2924,.T.);
#2924=EDGE_CURVE('',#2920,#2925,#2927,.T.);
#2925=VERTEX_POINT('',#2926);
#2926=CARTESIAN_POINT('',(2.82875,-0.5275,5.551115123126E-17));
#2927=CIRCLE('',#2928,0.25375);
#2928=AXIS2_PLACEMENT_3D('',#2929,#848,#2373);
#2929=CARTESIAN_POINT('',(2.82875,-0.5275,0.25375));
#2930=ORIENTED_EDGE('',*,*,#2931,.T.);
#2931=EDGE_CURVE('',#2925,#2932,#2934,.T.);
#2932=VERTEX_POINT('',#2933);
#2933=CARTESIAN_POINT('',(3.2,-0.5275,5.551115123126E-17));
#2934=LINE('',#2926,#835);
#2935=ORIENTED_EDGE('',*,*,#2936,.T.);
#2936=EDGE_CURVE('',#2932,#2937,#2939,.T.);
#2937=VERTEX_POINT('',#2938);
#2938=CARTESIAN_POINT('',(3.2,-0.5275,0.145));
#2939=LINE('',#2933,#353);
#2940=ORIENTED_EDGE('',*,*,#2941,.T.);
#2941=EDGE_CURVE('',#2937,#2942,#2944,.T.);
#2942=VERTEX_POINT('',#2943);
#2943=CARTESIAN_POINT('',(2.82875,-0.5275,0.145));
#2944=LINE('',#2938,#444);
#2945=ORIENTED_EDGE('',*,*,#2946,.T.);
#2946=EDGE_CURVE('',#2942,#2947,#2949,.T.);
#2947=VERTEX_POINT('',#2948);
#2948=CARTESIAN_POINT('',(2.72165215686,-0.5275,0.234865760679));
#2949=CIRCLE('',#2950,0.10875);
#2950=AXIS2_PLACEMENT_3D('',#2929,#2357,#2395);
#2951=ORIENTED_EDGE('',*,*,#2952,.T.);
#2952=EDGE_CURVE('',#2947,#2953,#2955,.T.);
#2953=VERTEX_POINT('',#2954);
#2954=CARTESIAN_POINT('',(2.673826491957,-0.5275,0.537813225083));
#2955=LINE('',#2948,#2401);
#2956=ORIENTED_EDGE('',*,*,#2957,.T.);
#2957=EDGE_CURVE('',#2953,#2958,#2959,.T.);
#2958=VERTEX_POINT('',#2904);
#2959=CIRCLE('',#2960,0.25375);
#2960=AXIS2_PLACEMENT_3D('',#2917,#848,#2407);
#2961=ORIENTED_EDGE('',*,*,#2962,.T.);
#2962=EDGE_CURVE('',#2958,#980,#2903,.T.);
#2963=PLANE('',#2964);
#2964=AXIS2_PLACEMENT_3D('',#2965,#848,#13);
#2965=CARTESIAN_POINT('',(2.644209297858,-0.5275,0.365102776976));
#2966=ADVANCED_FACE('',(#2967),#2981,.F.);
#2967=FACE_BOUND('',#2968,.F.);
#2968=EDGE_LOOP('',(#2969,#2970,#2977,#2980));
#2969=ORIENTED_EDGE('',*,*,#1003,.T.);
#2970=ORIENTED_EDGE('',*,*,#2971,.T.);
#2971=EDGE_CURVE('',#998,#2972,#2974,.T.);
#2972=VERTEX_POINT('',#2973);
#2973=CARTESIAN_POINT('',(2.53102936777,-0.7725,0.512634239321));
#2974=CIRCLE('',#2975,0.10875);
#2975=AXIS2_PLACEMENT_3D('',#2976,#2357,#2358);
#2976=CARTESIAN_POINT('',(2.42393152463,-0.7725,0.49375));
#2977=ORIENTED_EDGE('',*,*,#2978,.F.);
#2978=EDGE_CURVE('',#2913,#2972,#2979,.T.);
#2979=LINE('',#2914,#847);
#2980=ORIENTED_EDGE('',*,*,#2912,.F.);
#2981=CYLINDRICAL_SURFACE('',#2916,0.10875);
#2982=ADVANCED_FACE('',(#2983),#3032,.T.);
#2983=FACE_BOUND('',#2984,.T.);
#2984=EDGE_LOOP('',(#1010,#996,#2970,#2985,#2990,#2997,#3002,#3007,#3012,#3018,#3023,#3029));
#2985=ORIENTED_EDGE('',*,*,#2986,.T.);
#2986=EDGE_CURVE('',#2972,#2987,#2989,.T.);
#2987=VERTEX_POINT('',#2988);
#2988=CARTESIAN_POINT('',(2.578855032673,-0.7725,0.209686774917));
#2989=LINE('',#2973,#2364);
#2990=ORIENTED_EDGE('',*,*,#2991,.T.);
#2991=EDGE_CURVE('',#2987,#2992,#2994,.T.);
#2992=VERTEX_POINT('',#2993);
#2993=CARTESIAN_POINT('',(2.82875,-0.7725,5.551115123126E-17));
#2994=CIRCLE('',#2995,0.25375);
#2995=AXIS2_PLACEMENT_3D('',#2996,#848,#2373);
#2996=CARTESIAN_POINT('',(2.82875,-0.7725,0.25375));
#2997=ORIENTED_EDGE('',*,*,#2998,.T.);
#2998=EDGE_CURVE('',#2992,#2999,#3001,.T.);
#2999=VERTEX_POINT('',#3000);
#3000=CARTESIAN_POINT('',(3.2,-0.7725,5.551115123126E-17));
#3001=LINE('',#2993,#835);
#3002=ORIENTED_EDGE('',*,*,#3003,.T.);
#3003=EDGE_CURVE('',#2999,#3004,#3006,.T.);
#3004=VERTEX_POINT('',#3005);
#3005=CARTESIAN_POINT('',(3.2,-0.7725,0.145));
#3006=LINE('',#3000,#353);
#3007=ORIENTED_EDGE('',*,*,#3008,.T.);
#3008=EDGE_CURVE('',#3004,#3009,#3011,.T.);
#3009=VERTEX_POINT('',#3010);
#3010=CARTESIAN_POINT('',(2.82875,-0.7725,0.145));
#3011=LINE('',#3005,#444);
#3012=ORIENTED_EDGE('',*,*,#3013,.T.);
#3013=EDGE_CURVE('',#3009,#3014,#3016,.T.);
#3014=VERTEX_POINT('',#3015);
#3015=CARTESIAN_POINT('',(2.72165215686,-0.7725,0.234865760679));
#3016=CIRCLE('',#3017,0.10875);
#3017=AXIS2_PLACEMENT_3D('',#2996,#2357,#2395);
#3018=ORIENTED_EDGE('',*,*,#3019,.T.);
#3019=EDGE_CURVE('',#3014,#3020,#3022,.T.);
#3020=VERTEX_POINT('',#3021);
#3021=CARTESIAN_POINT('',(2.673826491957,-0.7725,0.537813225083));
#3022=LINE('',#3015,#2401);
#3023=ORIENTED_EDGE('',*,*,#3024,.T.);
#3024=EDGE_CURVE('',#3020,#3025,#3027,.T.);
#3025=VERTEX_POINT('',#3026);
#3026=CARTESIAN_POINT('',(2.42393152463,-0.7725,0.7475));
#3027=CIRCLE('',#3028,0.25375);
#3028=AXIS2_PLACEMENT_3D('',#2976,#848,#2407);
#3029=ORIENTED_EDGE('',*,*,#3030,.T.);
#3030=EDGE_CURVE('',#3025,#1012,#3031,.T.);
#3031=LINE('',#3026,#444);
#3032=PLANE('',#3033);
#3033=AXIS2_PLACEMENT_3D('',#3034,#848,#13);
#3034=CARTESIAN_POINT('',(2.644209297858,-0.7725,0.365102776976));
#3035=ADVANCED_FACE('',(#3036),#478,.F.);
#3036=FACE_BOUND('',#3037,.F.);
#3037=EDGE_LOOP('',(#3038,#3040,#3041,#3045));
#3038=ORIENTED_EDGE('',*,*,#3039,.F.);
#3039=EDGE_CURVE('',#1012,#1294,#3031,.T.);
#3040=ORIENTED_EDGE('',*,*,#1024,.T.);
#3041=ORIENTED_EDGE('',*,*,#3042,.T.);
#3042=EDGE_CURVE('',#1019,#1298,#3043,.T.);
#3043=LINE('',#3044,#444);
#3044=CARTESIAN_POINT('',(2.42393152463,-1.1775,0.7475));
#3045=ORIENTED_EDGE('',*,*,#1297,.F.);
#3046=ADVANCED_FACE('',(#3047),#3103,.F.);
#3047=FACE_BOUND('',#3048,.F.);
#3048=EDGE_LOOP('',(#3049,#3050,#3051,#3058,#3063,#3070,#3075,#3080,#3085,#3091,#3096,#3101));
#3049=ORIENTED_EDGE('',*,*,#1018,.F.);
#3050=ORIENTED_EDGE('',*,*,#1029,.T.);
#3051=ORIENTED_EDGE('',*,*,#3052,.T.);
#3052=EDGE_CURVE('',#1030,#3053,#3055,.T.);
#3053=VERTEX_POINT('',#3054);
#3054=CARTESIAN_POINT('',(2.53102936777,-1.1775,0.512634239321));
#3055=CIRCLE('',#3056,0.10875);
#3056=AXIS2_PLACEMENT_3D('',#3057,#2357,#2358);
#3057=CARTESIAN_POINT('',(2.42393152463,-1.1775,0.49375));
#3058=ORIENTED_EDGE('',*,*,#3059,.T.);
#3059=EDGE_CURVE('',#3053,#3060,#3062,.T.);
#3060=VERTEX_POINT('',#3061);
#3061=CARTESIAN_POINT('',(2.578855032673,-1.1775,0.209686774917));
#3062=LINE('',#3054,#2364);
#3063=ORIENTED_EDGE('',*,*,#3064,.T.);
#3064=EDGE_CURVE('',#3060,#3065,#3067,.T.);
#3065=VERTEX_POINT('',#3066);
#3066=CARTESIAN_POINT('',(2.82875,-1.1775,5.551115123126E-17));
#3067=CIRCLE('',#3068,0.25375);
#3068=AXIS2_PLACEMENT_3D('',#3069,#848,#2373);
#3069=CARTESIAN_POINT('',(2.82875,-1.1775,0.25375));
#3070=ORIENTED_EDGE('',*,*,#3071,.T.);
#3071=EDGE_CURVE('',#3065,#3072,#3074,.T.);
#3072=VERTEX_POINT('',#3073);
#3073=CARTESIAN_POINT('',(3.2,-1.1775,5.551115123126E-17));
#3074=LINE('',#3066,#835);
#3075=ORIENTED_EDGE('',*,*,#3076,.T.);
#3076=EDGE_CURVE('',#3072,#3077,#3079,.T.);
#3077=VERTEX_POINT('',#3078);
#3078=CARTESIAN_POINT('',(3.2,-1.1775,0.145));
#3079=LINE('',#3073,#353);
#3080=ORIENTED_EDGE('',*,*,#3081,.T.);
#3081=EDGE_CURVE('',#3077,#3082,#3084,.T.);
#3082=VERTEX_POINT('',#3083);
#3083=CARTESIAN_POINT('',(2.82875,-1.1775,0.145));
#3084=LINE('',#3078,#444);
#3085=ORIENTED_EDGE('',*,*,#3086,.T.);
#3086=EDGE_CURVE('',#3082,#3087,#3089,.T.);
#3087=VERTEX_POINT('',#3088);
#3088=CARTESIAN_POINT('',(2.72165215686,-1.1775,0.234865760679));
#3089=CIRCLE('',#3090,0.10875);
#3090=AXIS2_PLACEMENT_3D('',#3069,#2357,#2395);
#3091=ORIENTED_EDGE('',*,*,#3092,.T.);
#3092=EDGE_CURVE('',#3087,#3093,#3095,.T.);
#3093=VERTEX_POINT('',#3094);
#3094=CARTESIAN_POINT('',(2.673826491957,-1.1775,0.537813225083));
#3095=LINE('',#3088,#2401);
#3096=ORIENTED_EDGE('',*,*,#3097,.T.);
#3097=EDGE_CURVE('',#3093,#3098,#3099,.T.);
#3098=VERTEX_POINT('',#3044);
#3099=CIRCLE('',#3100,0.25375);
#3100=AXIS2_PLACEMENT_3D('',#3057,#848,#2407);
#3101=ORIENTED_EDGE('',*,*,#3102,.T.);
#3102=EDGE_CURVE('',#3098,#1019,#3043,.T.);
#3103=PLANE('',#3104);
#3104=AXIS2_PLACEMENT_3D('',#3105,#848,#13);
#3105=CARTESIAN_POINT('',(2.644209297858,-1.1775,0.365102776976));
#3106=ADVANCED_FACE('',(#3107),#3121,.F.);
#3107=FACE_BOUND('',#3108,.F.);
#3108=EDGE_LOOP('',(#3109,#3110,#3117,#3120));
#3109=ORIENTED_EDGE('',*,*,#1042,.T.);
#3110=ORIENTED_EDGE('',*,*,#3111,.T.);
#3111=EDGE_CURVE('',#1037,#3112,#3114,.T.);
#3112=VERTEX_POINT('',#3113);
#3113=CARTESIAN_POINT('',(2.53102936777,-1.4225,0.512634239321));
#3114=CIRCLE('',#3115,0.10875);
#3115=AXIS2_PLACEMENT_3D('',#3116,#2357,#2358);
#3116=CARTESIAN_POINT('',(2.42393152463,-1.4225,0.49375));
#3117=ORIENTED_EDGE('',*,*,#3118,.F.);
#3118=EDGE_CURVE('',#3053,#3112,#3119,.T.);
#3119=LINE('',#3054,#847);
#3120=ORIENTED_EDGE('',*,*,#3052,.F.);
#3121=CYLINDRICAL_SURFACE('',#3056,0.10875);
#3122=ADVANCED_FACE('',(#3123),#3172,.T.);
#3123=FACE_BOUND('',#3124,.T.);
#3124=EDGE_LOOP('',(#1049,#1035,#3110,#3125,#3130,#3137,#3142,#3147,#3152,#3158,#3163,#3169));
#3125=ORIENTED_EDGE('',*,*,#3126,.T.);
#3126=EDGE_CURVE('',#3112,#3127,#3129,.T.);
#3127=VERTEX_POINT('',#3128);
#3128=CARTESIAN_POINT('',(2.578855032673,-1.4225,0.209686774917));
#3129=LINE('',#3113,#2364);
#3130=ORIENTED_EDGE('',*,*,#3131,.T.);
#3131=EDGE_CURVE('',#3127,#3132,#3134,.T.);
#3132=VERTEX_POINT('',#3133);
#3133=CARTESIAN_POINT('',(2.82875,-1.4225,5.551115123126E-17));
#3134=CIRCLE('',#3135,0.25375);
#3135=AXIS2_PLACEMENT_3D('',#3136,#848,#2373);
#3136=CARTESIAN_POINT('',(2.82875,-1.4225,0.25375));
#3137=ORIENTED_EDGE('',*,*,#3138,.T.);
#3138=EDGE_CURVE('',#3132,#3139,#3141,.T.);
#3139=VERTEX_POINT('',#3140);
#3140=CARTESIAN_POINT('',(3.2,-1.4225,5.551115123126E-17));
#3141=LINE('',#3133,#835);
#3142=ORIENTED_EDGE('',*,*,#3143,.T.);
#3143=EDGE_CURVE('',#3139,#3144,#3146,.T.);
#3144=VERTEX_POINT('',#3145);
#3145=CARTESIAN_POINT('',(3.2,-1.4225,0.145));
#3146=LINE('',#3140,#353);
#3147=ORIENTED_EDGE('',*,*,#3148,.T.);
#3148=EDGE_CURVE('',#3144,#3149,#3151,.T.);
#3149=VERTEX_POINT('',#3150);
#3150=CARTESIAN_POINT('',(2.82875,-1.4225,0.145));
#3151=LINE('',#3145,#444);
#3152=ORIENTED_EDGE('',*,*,#3153,.T.);
#3153=EDGE_CURVE('',#3149,#3154,#3156,.T.);
#3154=VERTEX_POINT('',#3155);
#3155=CARTESIAN_POINT('',(2.72165215686,-1.4225,0.234865760679));
#3156=CIRCLE('',#3157,0.10875);
#3157=AXIS2_PLACEMENT_3D('',#3136,#2357,#2395);
#3158=ORIENTED_EDGE('',*,*,#3159,.T.);
#3159=EDGE_CURVE('',#3154,#3160,#3162,.T.);
#3160=VERTEX_POINT('',#3161);
#3161=CARTESIAN_POINT('',(2.673826491957,-1.4225,0.537813225083));
#3162=LINE('',#3155,#2401);
#3163=ORIENTED_EDGE('',*,*,#3164,.T.);
#3164=EDGE_CURVE('',#3160,#3165,#3167,.T.);
#3165=VERTEX_POINT('',#3166);
#3166=CARTESIAN_POINT('',(2.42393152463,-1.4225,0.7475));
#3167=CIRCLE('',#3168,0.25375);
#3168=AXIS2_PLACEMENT_3D('',#3116,#848,#2407);
#3169=ORIENTED_EDGE('',*,*,#3170,.T.);
#3170=EDGE_CURVE('',#3165,#1051,#3171,.T.);
#3171=LINE('',#3166,#444);
#3172=PLANE('',#3173);
#3173=AXIS2_PLACEMENT_3D('',#3174,#848,#13);
#3174=CARTESIAN_POINT('',(2.644209297858,-1.4225,0.365102776976));
#3175=ADVANCED_FACE('',(#3176),#478,.F.);
#3176=FACE_BOUND('',#3177,.F.);
#3177=EDGE_LOOP('',(#3178,#3180,#3181,#3185));
#3178=ORIENTED_EDGE('',*,*,#3179,.F.);
#3179=EDGE_CURVE('',#1051,#1302,#3171,.T.);
#3180=ORIENTED_EDGE('',*,*,#1063,.T.);
#3181=ORIENTED_EDGE('',*,*,#3182,.T.);
#3182=EDGE_CURVE('',#1058,#1306,#3183,.T.);
#3183=LINE('',#3184,#444);
#3184=CARTESIAN_POINT('',(2.42393152463,-1.8275,0.7475));
#3185=ORIENTED_EDGE('',*,*,#1305,.F.);
#3186=ADVANCED_FACE('',(#3187),#3243,.F.);
#3187=FACE_BOUND('',#3188,.F.);
#3188=EDGE_LOOP('',(#3189,#3190,#3191,#3198,#3203,#3210,#3215,#3220,#3225,#3231,#3236,#3241));
#3189=ORIENTED_EDGE('',*,*,#1057,.F.);
#3190=ORIENTED_EDGE('',*,*,#1068,.T.);
#3191=ORIENTED_EDGE('',*,*,#3192,.T.);
#3192=EDGE_CURVE('',#1069,#3193,#3195,.T.);
#3193=VERTEX_POINT('',#3194);
#3194=CARTESIAN_POINT('',(2.53102936777,-1.8275,0.512634239321));
#3195=CIRCLE('',#3196,0.10875);
#3196=AXIS2_PLACEMENT_3D('',#3197,#2357,#2358);
#3197=CARTESIAN_POINT('',(2.42393152463,-1.8275,0.49375));
#3198=ORIENTED_EDGE('',*,*,#3199,.T.);
#3199=EDGE_CURVE('',#3193,#3200,#3202,.T.);
#3200=VERTEX_POINT('',#3201);
#3201=CARTESIAN_POINT('',(2.578855032673,-1.8275,0.209686774917));
#3202=LINE('',#3194,#2364);
#3203=ORIENTED_EDGE('',*,*,#3204,.T.);
#3204=EDGE_CURVE('',#3200,#3205,#3207,.T.);
#3205=VERTEX_POINT('',#3206);
#3206=CARTESIAN_POINT('',(2.82875,-1.8275,5.551115123126E-17));
#3207=CIRCLE('',#3208,0.25375);
#3208=AXIS2_PLACEMENT_3D('',#3209,#848,#2373);
#3209=CARTESIAN_POINT('',(2.82875,-1.8275,0.25375));
#3210=ORIENTED_EDGE('',*,*,#3211,.T.);
#3211=EDGE_CURVE('',#3205,#3212,#3214,.T.);
#3212=VERTEX_POINT('',#3213);
#3213=CARTESIAN_POINT('',(3.2,-1.8275,5.551115123126E-17));
#3214=LINE('',#3206,#835);
#3215=ORIENTED_EDGE('',*,*,#3216,.T.);
#3216=EDGE_CURVE('',#3212,#3217,#3219,.T.);
#3217=VERTEX_POINT('',#3218);
#3218=CARTESIAN_POINT('',(3.2,-1.8275,0.145));
#3219=LINE('',#3213,#353);
#3220=ORIENTED_EDGE('',*,*,#3221,.T.);
#3221=EDGE_CURVE('',#3217,#3222,#3224,.T.);
#3222=VERTEX_POINT('',#3223);
#3223=CARTESIAN_POINT('',(2.82875,-1.8275,0.145));
#3224=LINE('',#3218,#444);
#3225=ORIENTED_EDGE('',*,*,#3226,.T.);
#3226=EDGE_CURVE('',#3222,#3227,#3229,.T.);
#3227=VERTEX_POINT('',#3228);
#3228=CARTESIAN_POINT('',(2.72165215686,-1.8275,0.234865760679));
#3229=CIRCLE('',#3230,0.10875);
#3230=AXIS2_PLACEMENT_3D('',#3209,#2357,#2395);
#3231=ORIENTED_EDGE('',*,*,#3232,.T.);
#3232=EDGE_CURVE('',#3227,#3233,#3235,.T.);
#3233=VERTEX_POINT('',#3234);
#3234=CARTESIAN_POINT('',(2.673826491957,-1.8275,0.537813225083));
#3235=LINE('',#3228,#2401);
#3236=ORIENTED_EDGE('',*,*,#3237,.T.);
#3237=EDGE_CURVE('',#3233,#3238,#3239,.T.);
#3238=VERTEX_POINT('',#3184);
#3239=CIRCLE('',#3240,0.25375);
#3240=AXIS2_PLACEMENT_3D('',#3197,#848,#2407);
#3241=ORIENTED_EDGE('',*,*,#3242,.T.);
#3242=EDGE_CURVE('',#3238,#1058,#3183,.T.);
#3243=PLANE('',#3244);
#3244=AXIS2_PLACEMENT_3D('',#3245,#848,#13);
#3245=CARTESIAN_POINT('',(2.644209297858,-1.8275,0.365102776976));
#3246=ADVANCED_FACE('',(#3247),#3261,.F.);
#3247=FACE_BOUND('',#3248,.F.);
#3248=EDGE_LOOP('',(#3249,#3250,#3257,#3260));
#3249=ORIENTED_EDGE('',*,*,#1081,.T.);
#3250=ORIENTED_EDGE('',*,*,#3251,.T.);
#3251=EDGE_CURVE('',#1076,#3252,#3254,.T.);
#3252=VERTEX_POINT('',#3253);
#3253=CARTESIAN_POINT('',(2.53102936777,-2.0725,0.512634239321));
#3254=CIRCLE('',#3255,0.10875);
#3255=AXIS2_PLACEMENT_3D('',#3256,#2357,#2358);
#3256=CARTESIAN_POINT('',(2.42393152463,-2.0725,0.49375));
#3257=ORIENTED_EDGE('',*,*,#3258,.F.);
#3258=EDGE_CURVE('',#3193,#3252,#3259,.T.);
#3259=LINE('',#3194,#847);
#3260=ORIENTED_EDGE('',*,*,#3192,.F.);
#3261=CYLINDRICAL_SURFACE('',#3196,0.10875);
#3262=ADVANCED_FACE('',(#3263),#3310,.T.);
#3263=FACE_BOUND('',#3264,.T.);
#3264=EDGE_LOOP('',(#1088,#1074,#3250,#3265,#3270,#3277,#3282,#3287,#3292,#3298,#3303,#3308));
#3265=ORIENTED_EDGE('',*,*,#3266,.T.);
#3266=EDGE_CURVE('',#3252,#3267,#3269,.T.);
#3267=VERTEX_POINT('',#3268);
#3268=CARTESIAN_POINT('',(2.578855032673,-2.0725,0.209686774917));
#3269=LINE('',#3253,#2364);
#3270=ORIENTED_EDGE('',*,*,#3271,.T.);
#3271=EDGE_CURVE('',#3267,#3272,#3274,.T.);
#3272=VERTEX_POINT('',#3273);
#3273=CARTESIAN_POINT('',(2.82875,-2.0725,5.551115123126E-17));
#3274=CIRCLE('',#3275,0.25375);
#3275=AXIS2_PLACEMENT_3D('',#3276,#848,#2373);
#3276=CARTESIAN_POINT('',(2.82875,-2.0725,0.25375));
#3277=ORIENTED_EDGE('',*,*,#3278,.T.);
#3278=EDGE_CURVE('',#3272,#3279,#3281,.T.);
#3279=VERTEX_POINT('',#3280);
#3280=CARTESIAN_POINT('',(3.2,-2.0725,5.551115123126E-17));
#3281=LINE('',#3273,#835);
#3282=ORIENTED_EDGE('',*,*,#3283,.T.);
#3283=EDGE_CURVE('',#3279,#3284,#3286,.T.);
#3284=VERTEX_POINT('',#3285);
#3285=CARTESIAN_POINT('',(3.2,-2.0725,0.145));
#3286=LINE('',#3280,#353);
#3287=ORIENTED_EDGE('',*,*,#3288,.T.);
#3288=EDGE_CURVE('',#3284,#3289,#3291,.T.);
#3289=VERTEX_POINT('',#3290);
#3290=CARTESIAN_POINT('',(2.82875,-2.0725,0.145));
#3291=LINE('',#3285,#444);
#3292=ORIENTED_EDGE('',*,*,#3293,.T.);
#3293=EDGE_CURVE('',#3289,#3294,#3296,.T.);
#3294=VERTEX_POINT('',#3295);
#3295=CARTESIAN_POINT('',(2.72165215686,-2.0725,0.234865760679));
#3296=CIRCLE('',#3297,0.10875);
#3297=AXIS2_PLACEMENT_3D('',#3276,#2357,#2395);
#3298=ORIENTED_EDGE('',*,*,#3299,.T.);
#3299=EDGE_CURVE('',#3294,#3300,#3302,.T.);
#3300=VERTEX_POINT('',#3301);
#3301=CARTESIAN_POINT('',(2.673826491957,-2.0725,0.537813225083));
#3302=LINE('',#3295,#2401);
#3303=ORIENTED_EDGE('',*,*,#3304,.T.);
#3304=EDGE_CURVE('',#3300,#3305,#3306,.T.);
#3305=VERTEX_POINT('',#1436);
#3306=CIRCLE('',#3307,0.25375);
#3307=AXIS2_PLACEMENT_3D('',#3256,#848,#2407);
#3308=ORIENTED_EDGE('',*,*,#3309,.T.);
#3309=EDGE_CURVE('',#3305,#1090,#1435,.T.);
#3310=PLANE('',#3311);
#3311=AXIS2_PLACEMENT_3D('',#3312,#848,#13);
#3312=CARTESIAN_POINT('',(2.644209297858,-2.0725,0.365102776976));
#3313=ADVANCED_FACE('',(#3314),#3321,.T.);
#3314=FACE_BOUND('',#3315,.F.);
#3315=EDGE_LOOP('',(#3316,#1402,#3319,#3320));
#3316=ORIENTED_EDGE('',*,*,#3317,.T.);
#3317=EDGE_CURVE('',#2325,#1397,#3318,.T.);
#3318=LINE('',#2326,#533);
#3319=ORIENTED_EDGE('',*,*,#1129,.F.);
#3320=ORIENTED_EDGE('',*,*,#2329,.F.);
#3321=CYLINDRICAL_SURFACE('',#3322,0.25375);
#3322=AXIS2_PLACEMENT_3D('',#2289,#3323,#1406);
#3323=DIRECTION('',(-1.110223024625E-16,-1.,-0.));
#3324=ADVANCED_FACE('',(#3325),#3334,.F.);
#3325=FACE_BOUND('',#3326,.F.);
#3326=EDGE_LOOP('',(#3327,#3328,#1564,#3331,#3332,#3333));
#3327=ORIENTED_EDGE('',*,*,#1497,.F.);
#3328=ORIENTED_EDGE('',*,*,#3329,.T.);
#3329=EDGE_CURVE('',#1493,#1560,#3330,.T.);
#3330=LINE('',#1417,#533);
#3331=ORIENTED_EDGE('',*,*,#1580,.T.);
#3332=ORIENTED_EDGE('',*,*,#1153,.F.);
#3333=ORIENTED_EDGE('',*,*,#1415,.F.);
#3334=PLANE('',#3335);
#3335=AXIS2_PLACEMENT_3D('',#1417,#1143,#477);
#3336=ADVANCED_FACE('',(#3337),#3346,.F.);
#3337=FACE_BOUND('',#3338,.F.);
#3338=EDGE_LOOP('',(#3339,#3340,#1704,#3343,#3344,#3345));
#3339=ORIENTED_EDGE('',*,*,#1637,.F.);
#3340=ORIENTED_EDGE('',*,*,#3341,.T.);
#3341=EDGE_CURVE('',#1633,#1700,#3342,.T.);
#3342=LINE('',#1577,#533);
#3343=ORIENTED_EDGE('',*,*,#1720,.T.);
#3344=ORIENTED_EDGE('',*,*,#1161,.F.);
#3345=ORIENTED_EDGE('',*,*,#1575,.F.);
#3346=PLANE('',#3347);
#3347=AXIS2_PLACEMENT_3D('',#1577,#1143,#477);
#3348=ADVANCED_FACE('',(#3349),#3358,.F.);
#3349=FACE_BOUND('',#3350,.F.);
#3350=EDGE_LOOP('',(#3351,#3352,#1844,#3355,#3356,#3357));
#3351=ORIENTED_EDGE('',*,*,#1777,.F.);
#3352=ORIENTED_EDGE('',*,*,#3353,.T.);
#3353=EDGE_CURVE('',#1773,#1840,#3354,.T.);
#3354=LINE('',#1717,#533);
#3355=ORIENTED_EDGE('',*,*,#1860,.T.);
#3356=ORIENTED_EDGE('',*,*,#1169,.F.);
#3357=ORIENTED_EDGE('',*,*,#1715,.F.);
#3358=PLANE('',#3359);
#3359=AXIS2_PLACEMENT_3D('',#1717,#1143,#477);
#3360=ADVANCED_FACE('',(#3361),#3370,.F.);
#3361=FACE_BOUND('',#3362,.F.);
#3362=EDGE_LOOP('',(#3363,#3364,#1984,#3367,#3368,#3369));
#3363=ORIENTED_EDGE('',*,*,#1917,.F.);
#3364=ORIENTED_EDGE('',*,*,#3365,.T.);
#3365=EDGE_CURVE('',#1913,#1980,#3366,.T.);
#3366=LINE('',#1857,#533);
#3367=ORIENTED_EDGE('',*,*,#2000,.T.);
#3368=ORIENTED_EDGE('',*,*,#1177,.F.);
#3369=ORIENTED_EDGE('',*,*,#1855,.F.);
#3370=PLANE('',#3371);
#3371=AXIS2_PLACEMENT_3D('',#1857,#1143,#477);
#3372=ADVANCED_FACE('',(#3373),#3382,.F.);
#3373=FACE_BOUND('',#3374,.F.);
#3374=EDGE_LOOP('',(#3375,#3376,#2124,#3379,#3380,#3381));
#3375=ORIENTED_EDGE('',*,*,#2057,.F.);
#3376=ORIENTED_EDGE('',*,*,#3377,.T.);
#3377=EDGE_CURVE('',#2053,#2120,#3378,.T.);
#3378=LINE('',#1997,#533);
#3379=ORIENTED_EDGE('',*,*,#2140,.T.);
#3380=ORIENTED_EDGE('',*,*,#1185,.F.);
#3381=ORIENTED_EDGE('',*,*,#1995,.F.);
#3382=PLANE('',#3383);
#3383=AXIS2_PLACEMENT_3D('',#1997,#1143,#477);
#3384=ADVANCED_FACE('',(#3385),#3394,.F.);
#3385=FACE_BOUND('',#3386,.F.);
#3386=EDGE_LOOP('',(#3387,#3388,#2264,#3391,#3392,#3393));
#3387=ORIENTED_EDGE('',*,*,#2197,.F.);
#3388=ORIENTED_EDGE('',*,*,#3389,.T.);
#3389=EDGE_CURVE('',#2193,#2260,#3390,.T.);
#3390=LINE('',#2137,#533);
#3391=ORIENTED_EDGE('',*,*,#2277,.T.);
#3392=ORIENTED_EDGE('',*,*,#1193,.F.);
#3393=ORIENTED_EDGE('',*,*,#2135,.F.);
#3394=PLANE('',#3395);
#3395=AXIS2_PLACEMENT_3D('',#2137,#1143,#477);
#3396=ADVANCED_FACE('',(#3397,#3412),#3421,.T.);
#3397=FACE_BOUND('',#3398,.T.);
#3398=EDGE_LOOP('',(#1223,#1205,#3399,#3404,#3409,#1321,#1251,#1237));
#3399=ORIENTED_EDGE('',*,*,#3400,.F.);
#3400=EDGE_CURVE('',#3401,#1207,#3403,.T.);
#3401=VERTEX_POINT('',#3402);
#3402=CARTESIAN_POINT('',(-2.057606020615,-2.370212041229,1.2));
#3403=LINE('',#3402,#59);
#3404=ORIENTED_EDGE('',*,*,#3405,.F.);
#3405=EDGE_CURVE('',#3406,#3401,#3408,.T.);
#3406=VERTEX_POINT('',#3407);
#3407=CARTESIAN_POINT('',(2.057606020615,-2.370212041229,1.2));
#3408=LINE('',#3407,#66);
#3409=ORIENTED_EDGE('',*,*,#3410,.F.);
#3410=EDGE_CURVE('',#1318,#3406,#3411,.T.);
#3411=LINE('',#1319,#73);
#3412=FACE_BOUND('',#3413,.T.);
#3413=EDGE_LOOP('',(#3414));
#3414=ORIENTED_EDGE('',*,*,#3415,.F.);
#3415=EDGE_CURVE('',#3416,#3416,#3418,.T.);
#3416=VERTEX_POINT('',#3417);
#3417=CARTESIAN_POINT('',(-1.344148428861,1.886169632984,1.2));
#3418=CIRCLE('',#3419,0.242021204123);
#3419=AXIS2_PLACEMENT_3D('',#3420,#13,#14);
#3420=CARTESIAN_POINT('',(-1.586169632984,1.886169632984,1.2));
#3421=PLANE('',#3422);
#3422=AXIS2_PLACEMENT_3D('',#1203,#118,#3423);
#3423=DIRECTION('',(0.657690004325,-0.75328869513,0.));
#3424=ADVANCED_FACE('',(#3425),#3432,.F.);
#3425=FACE_BOUND('',#3426,.F.);
#3426=EDGE_LOOP('',(#3427,#3428,#3399,#3429));
#3427=ORIENTED_EDGE('',*,*,#1420,.T.);
#3428=ORIENTED_EDGE('',*,*,#1211,.T.);
#3429=ORIENTED_EDGE('',*,*,#3430,.F.);
#3430=EDGE_CURVE('',#1421,#3401,#3431,.T.);
#3431=B_SPLINE_CURVE_WITH_KNOTS('',1,(#1422,#3402),.UNSPECIFIED.,.F.,.F.,(2,2),(0.,1.),.PIECEWISE_BEZIER_KNOTS.);
#3432=B_SPLINE_SURFACE_WITH_KNOTS('',1,1,((#1422,#3402),(#471,#1208)),.UNSPECIFIED.,.F.,.F.,.F.,(2,2),(2,2),(0.,7.424621202459E-02),(0.,1.),.PIECEWISE_BEZIER_KNOTS.);
#3433=ADVANCED_FACE('',(#3434),#3443,.F.);
#3434=FACE_BOUND('',#3435,.F.);
#3435=EDGE_LOOP('',(#3436,#3437,#2609,#3440,#3441,#3442));
#3436=ORIENTED_EDGE('',*,*,#2542,.F.);
#3437=ORIENTED_EDGE('',*,*,#3438,.T.);
#3438=EDGE_CURVE('',#2538,#2605,#3439,.T.);
#3439=LINE('',#2484,#847);
#3440=ORIENTED_EDGE('',*,*,#2619,.T.);
#3441=ORIENTED_EDGE('',*,*,#1269,.F.);
#3442=ORIENTED_EDGE('',*,*,#2482,.F.);
#3443=PLANE('',#3444);
#3444=AXIS2_PLACEMENT_3D('',#2484,#1143,#445);
#3445=ADVANCED_FACE('',(#3446),#3455,.F.);
#3446=FACE_BOUND('',#3447,.F.);
#3447=EDGE_LOOP('',(#3448,#3449,#2749,#3452,#3453,#3454));
#3448=ORIENTED_EDGE('',*,*,#2682,.F.);
#3449=ORIENTED_EDGE('',*,*,#3450,.T.);
#3450=EDGE_CURVE('',#2678,#2745,#3451,.T.);
#3451=LINE('',#2624,#847);
#3452=ORIENTED_EDGE('',*,*,#2759,.T.);
#3453=ORIENTED_EDGE('',*,*,#1277,.F.);
#3454=ORIENTED_EDGE('',*,*,#2622,.F.);
#3455=PLANE('',#3456);
#3456=AXIS2_PLACEMENT_3D('',#2624,#1143,#445);
#3457=ADVANCED_FACE('',(#3458),#3467,.F.);
#3458=FACE_BOUND('',#3459,.F.);
#3459=EDGE_LOOP('',(#3460,#3461,#2889,#3464,#3465,#3466));
#3460=ORIENTED_EDGE('',*,*,#2822,.F.);
#3461=ORIENTED_EDGE('',*,*,#3462,.T.);
#3462=EDGE_CURVE('',#2818,#2885,#3463,.T.);
#3463=LINE('',#2764,#847);
#3464=ORIENTED_EDGE('',*,*,#2899,.T.);
#3465=ORIENTED_EDGE('',*,*,#1285,.F.);
#3466=ORIENTED_EDGE('',*,*,#2762,.F.);
#3467=PLANE('',#3468);
#3468=AXIS2_PLACEMENT_3D('',#2764,#1143,#445);
#3469=ADVANCED_FACE('',(#3470),#3479,.F.);
#3470=FACE_BOUND('',#3471,.F.);
#3471=EDGE_LOOP('',(#3472,#3473,#3029,#3476,#3477,#3478));
#3472=ORIENTED_EDGE('',*,*,#2962,.F.);
#3473=ORIENTED_EDGE('',*,*,#3474,.T.);
#3474=EDGE_CURVE('',#2958,#3025,#3475,.T.);
#3475=LINE('',#2904,#847);
#3476=ORIENTED_EDGE('',*,*,#3039,.T.);
#3477=ORIENTED_EDGE('',*,*,#1293,.F.);
#3478=ORIENTED_EDGE('',*,*,#2902,.F.);
#3479=PLANE('',#3480);
#3480=AXIS2_PLACEMENT_3D('',#2904,#1143,#445);
#3481=ADVANCED_FACE('',(#3482),#3491,.F.);
#3482=FACE_BOUND('',#3483,.F.);
#3483=EDGE_LOOP('',(#3484,#3485,#3169,#3488,#3489,#3490));
#3484=ORIENTED_EDGE('',*,*,#3102,.F.);
#3485=ORIENTED_EDGE('',*,*,#3486,.T.);
#3486=EDGE_CURVE('',#3098,#3165,#3487,.T.);
#3487=LINE('',#3044,#847);
#3488=ORIENTED_EDGE('',*,*,#3179,.T.);
#3489=ORIENTED_EDGE('',*,*,#1301,.F.);
#3490=ORIENTED_EDGE('',*,*,#3042,.F.);
#3491=PLANE('',#3492);
#3492=AXIS2_PLACEMENT_3D('',#3044,#1143,#445);
#3493=ADVANCED_FACE('',(#3494),#3503,.F.);
#3494=FACE_BOUND('',#3495,.F.);
#3495=EDGE_LOOP('',(#3496,#3497,#3308,#3500,#3501,#3502));
#3496=ORIENTED_EDGE('',*,*,#3242,.F.);
#3497=ORIENTED_EDGE('',*,*,#3498,.T.);
#3498=EDGE_CURVE('',#3238,#3305,#3499,.T.);
#3499=LINE('',#3184,#847);
#3500=ORIENTED_EDGE('',*,*,#1434,.T.);
#3501=ORIENTED_EDGE('',*,*,#1309,.F.);
#3502=ORIENTED_EDGE('',*,*,#3182,.F.);
#3503=PLANE('',#3504);
#3504=AXIS2_PLACEMENT_3D('',#3184,#1143,#445);
#3505=ADVANCED_FACE('',(#3506),#3513,.F.);
#3506=FACE_BOUND('',#3507,.F.);
#3507=EDGE_LOOP('',(#3508,#3509,#3409,#3512));
#3508=ORIENTED_EDGE('',*,*,#1430,.T.);
#3509=ORIENTED_EDGE('',*,*,#3510,.T.);
#3510=EDGE_CURVE('',#1426,#3406,#3511,.T.);
#3511=B_SPLINE_CURVE_WITH_KNOTS('',1,(#1427,#3407),.UNSPECIFIED.,.F.,.F.,(2,2),(0.,1.),.PIECEWISE_BEZIER_KNOTS.);
#3512=ORIENTED_EDGE('',*,*,#1317,.F.);
#3513=B_SPLINE_SURFACE_WITH_KNOTS('',1,1,((#1315,#1319),(#1427,#3407)),.UNSPECIFIED.,.F.,.F.,.F.,(2,2),(2,2),(0.,7.424621202459E-02),(0.,1.),.PIECEWISE_BEZIER_KNOTS.);
#3514=ADVANCED_FACE('',(#3515),#3522,.T.);
#3515=FACE_BOUND('',#3516,.F.);
#3516=EDGE_LOOP('',(#3517,#2469,#3520,#3521));
#3517=ORIENTED_EDGE('',*,*,#3518,.T.);
#3518=EDGE_CURVE('',#2398,#2466,#3519,.T.);
#3519=LINE('',#2399,#847);
#3520=ORIENTED_EDGE('',*,*,#1333,.F.);
#3521=ORIENTED_EDGE('',*,*,#2404,.F.);
#3522=CYLINDRICAL_SURFACE('',#3523,0.25375);
#3523=AXIS2_PLACEMENT_3D('',#2356,#3524,#2407);
#3524=DIRECTION('',(-1.110223024625E-16,1.,-0.));
#3525=ADVANCED_FACE('',(#3526),#3533,.F.);
#3526=FACE_BOUND('',#3527,.F.);
#3527=EDGE_LOOP('',(#3528,#1395,#3531,#3532));
#3528=ORIENTED_EDGE('',*,*,#3529,.T.);
#3529=EDGE_CURVE('',#2319,#1390,#3530,.T.);
#3530=LINE('',#2320,#533);
#3531=ORIENTED_EDGE('',*,*,#3317,.F.);
#3532=ORIENTED_EDGE('',*,*,#2324,.F.);
#3533=PLANE('',#3534);
#3534=AXIS2_PLACEMENT_3D('',#2320,#3535,#1401);
#3535=DIRECTION('',(0.98776705633,-1.096641728903E-16,-0.155936661597));
#3536=ADVANCED_FACE('',(#3537),#3544,.F.);
#3537=FACE_BOUND('',#3538,.F.);
#3538=EDGE_LOOP('',(#3539,#1388,#3542,#3543));
#3539=ORIENTED_EDGE('',*,*,#3540,.T.);
#3540=EDGE_CURVE('',#2314,#1385,#3541,.T.);
#3541=LINE('',#2315,#533);
#3542=ORIENTED_EDGE('',*,*,#3529,.F.);
#3543=ORIENTED_EDGE('',*,*,#2318,.F.);
#3544=CYLINDRICAL_SURFACE('',#2322,0.10875);
#3545=ADVANCED_FACE('',(#3546),#3553,.F.);
#3546=FACE_BOUND('',#3547,.F.);
#3547=EDGE_LOOP('',(#3548,#1383,#3551,#3552));
#3548=ORIENTED_EDGE('',*,*,#3549,.T.);
#3549=EDGE_CURVE('',#2309,#1380,#3550,.T.);
#3550=LINE('',#2310,#533);
#3551=ORIENTED_EDGE('',*,*,#3540,.F.);
#3552=ORIENTED_EDGE('',*,*,#2313,.F.);
#3553=PLANE('',#3554);
#3554=AXIS2_PLACEMENT_3D('',#2310,#1143,#477);
#3555=ADVANCED_FACE('',(#3556),#3563,.F.);
#3556=FACE_BOUND('',#3557,.F.);
#3557=EDGE_LOOP('',(#3558,#1378,#3561,#3562));
#3558=ORIENTED_EDGE('',*,*,#3559,.T.);
#3559=EDGE_CURVE('',#2304,#1375,#3560,.T.);
#3560=LINE('',#2305,#533);
#3561=ORIENTED_EDGE('',*,*,#3549,.F.);
#3562=ORIENTED_EDGE('',*,*,#2308,.F.);
#3563=PLANE('',#3564);
#3564=AXIS2_PLACEMENT_3D('',#2305,#477,#13);
#3565=ADVANCED_FACE('',(#3566),#3573,.F.);
#3566=FACE_BOUND('',#3567,.F.);
#3567=EDGE_LOOP('',(#3568,#1373,#3571,#3572));
#3568=ORIENTED_EDGE('',*,*,#3569,.T.);
#3569=EDGE_CURVE('',#2297,#1367,#3570,.T.);
#3570=LINE('',#2298,#533);
#3571=ORIENTED_EDGE('',*,*,#3559,.F.);
#3572=ORIENTED_EDGE('',*,*,#2303,.F.);
#3573=PLANE('',#3574);
#3574=AXIS2_PLACEMENT_3D('',#2298,#13,#522);
#3575=ADVANCED_FACE('',(#3576),#3583,.T.);
#3576=FACE_BOUND('',#3577,.F.);
#3577=EDGE_LOOP('',(#3578,#1365,#3581,#3582));
#3578=ORIENTED_EDGE('',*,*,#3579,.T.);
#3579=EDGE_CURVE('',#2292,#1360,#3580,.T.);
#3580=LINE('',#2293,#533);
#3581=ORIENTED_EDGE('',*,*,#3569,.F.);
#3582=ORIENTED_EDGE('',*,*,#2296,.F.);
#3583=CYLINDRICAL_SURFACE('',#3584,0.25375);
#3584=AXIS2_PLACEMENT_3D('',#2301,#3323,#1372);
#3585=ADVANCED_FACE('',(#3586),#3591,.F.);
#3586=FACE_BOUND('',#3587,.F.);
#3587=EDGE_LOOP('',(#3588,#1358,#3589,#3590));
#3588=ORIENTED_EDGE('',*,*,#2341,.T.);
#3589=ORIENTED_EDGE('',*,*,#3579,.F.);
#3590=ORIENTED_EDGE('',*,*,#2291,.F.);
#3591=PLANE('',#3592);
#3592=AXIS2_PLACEMENT_3D('',#2286,#3593,#1364);
#3593=DIRECTION('',(-0.98776705633,1.096641728903E-16,0.155936661597));
#3594=ADVANCED_FACE('',(#3595),#3600,.F.);
#3595=FACE_BOUND('',#3596,.F.);
#3596=EDGE_LOOP('',(#3597,#3598,#3404,#3599));
#3597=ORIENTED_EDGE('',*,*,#1425,.T.);
#3598=ORIENTED_EDGE('',*,*,#3430,.T.);
#3599=ORIENTED_EDGE('',*,*,#3510,.F.);
#3600=B_SPLINE_SURFACE_WITH_KNOTS('',1,1,((#1427,#3407),(#1422,#3402)),.UNSPECIFIED.,.F.,.F.,.F.,(2,2),(2,2),(0.,4.195),(0.,1.),.PIECEWISE_BEZIER_KNOTS.);
#3601=ADVANCED_FACE('',(#3602),#3609,.T.);
#3602=FACE_BOUND('',#3603,.F.);
#3603=EDGE_LOOP('',(#3604,#1558,#3607,#3608));
#3604=ORIENTED_EDGE('',*,*,#3605,.T.);
#3605=EDGE_CURVE('',#1488,#1555,#3606,.T.);
#3606=LINE('',#1489,#533);
#3607=ORIENTED_EDGE('',*,*,#3329,.F.);
#3608=ORIENTED_EDGE('',*,*,#1492,.F.);
#3609=CYLINDRICAL_SURFACE('',#3610,0.25375);
#3610=AXIS2_PLACEMENT_3D('',#1452,#3323,#1406);
#3611=ADVANCED_FACE('',(#3612),#3619,.F.);
#3612=FACE_BOUND('',#3613,.F.);
#3613=EDGE_LOOP('',(#3614,#1553,#3617,#3618));
#3614=ORIENTED_EDGE('',*,*,#3615,.T.);
#3615=EDGE_CURVE('',#1482,#1549,#3616,.T.);
#3616=LINE('',#1483,#533);
#3617=ORIENTED_EDGE('',*,*,#3605,.F.);
#3618=ORIENTED_EDGE('',*,*,#1487,.F.);
#3619=PLANE('',#3620);
#3620=AXIS2_PLACEMENT_3D('',#1483,#3535,#1401);
#3621=ADVANCED_FACE('',(#3622),#3629,.F.);
#3622=FACE_BOUND('',#3623,.F.);
#3623=EDGE_LOOP('',(#3624,#1547,#3627,#3628));
#3624=ORIENTED_EDGE('',*,*,#3625,.T.);
#3625=EDGE_CURVE('',#1477,#1544,#3626,.T.);
#3626=LINE('',#1478,#533);
#3627=ORIENTED_EDGE('',*,*,#3615,.F.);
#3628=ORIENTED_EDGE('',*,*,#1481,.F.);
#3629=CYLINDRICAL_SURFACE('',#1485,0.10875);
#3630=ADVANCED_FACE('',(#3631),#3638,.F.);
#3631=FACE_BOUND('',#3632,.F.);
#3632=EDGE_LOOP('',(#3633,#1542,#3636,#3637));
#3633=ORIENTED_EDGE('',*,*,#3634,.T.);
#3634=EDGE_CURVE('',#1472,#1539,#3635,.T.);
#3635=LINE('',#1473,#533);
#3636=ORIENTED_EDGE('',*,*,#3625,.F.);
#3637=ORIENTED_EDGE('',*,*,#1476,.F.);
#3638=PLANE('',#3639);
#3639=AXIS2_PLACEMENT_3D('',#1473,#1143,#477);
#3640=ADVANCED_FACE('',(#3641),#3648,.F.);
#3641=FACE_BOUND('',#3642,.F.);
#3642=EDGE_LOOP('',(#3643,#1537,#3646,#3647));
#3643=ORIENTED_EDGE('',*,*,#3644,.T.);
#3644=EDGE_CURVE('',#1467,#1534,#3645,.T.);
#3645=LINE('',#1468,#533);
#3646=ORIENTED_EDGE('',*,*,#3634,.F.);
#3647=ORIENTED_EDGE('',*,*,#1471,.F.);
#3648=PLANE('',#3649);
#3649=AXIS2_PLACEMENT_3D('',#1468,#477,#13);
#3650=ADVANCED_FACE('',(#3651),#3658,.F.);
#3651=FACE_BOUND('',#3652,.F.);
#3652=EDGE_LOOP('',(#3653,#1532,#3656,#3657));
#3653=ORIENTED_EDGE('',*,*,#3654,.T.);
#3654=EDGE_CURVE('',#1460,#1527,#3655,.T.);
#3655=LINE('',#1461,#533);
#3656=ORIENTED_EDGE('',*,*,#3644,.F.);
#3657=ORIENTED_EDGE('',*,*,#1466,.F.);
#3658=PLANE('',#3659);
#3659=AXIS2_PLACEMENT_3D('',#1461,#13,#522);
#3660=ADVANCED_FACE('',(#3661),#3668,.T.);
#3661=FACE_BOUND('',#3662,.F.);
#3662=EDGE_LOOP('',(#3663,#1525,#3666,#3667));
#3663=ORIENTED_EDGE('',*,*,#3664,.T.);
#3664=EDGE_CURVE('',#1455,#1522,#3665,.T.);
#3665=LINE('',#1456,#533);
#3666=ORIENTED_EDGE('',*,*,#3654,.F.);
#3667=ORIENTED_EDGE('',*,*,#1459,.F.);
#3668=CYLINDRICAL_SURFACE('',#3669,0.25375);
#3669=AXIS2_PLACEMENT_3D('',#1464,#3323,#1372);
#3670=ADVANCED_FACE('',(#3671),#3676,.F.);
#3671=FACE_BOUND('',#3672,.F.);
#3672=EDGE_LOOP('',(#3673,#1520,#3674,#3675));
#3673=ORIENTED_EDGE('',*,*,#1513,.T.);
#3674=ORIENTED_EDGE('',*,*,#3664,.F.);
#3675=ORIENTED_EDGE('',*,*,#1454,.F.);
#3676=PLANE('',#3677);
#3677=AXIS2_PLACEMENT_3D('',#1449,#3593,#1364);
#3678=ADVANCED_FACE('',(#3679),#3686,.T.);
#3679=FACE_BOUND('',#3680,.F.);
#3680=EDGE_LOOP('',(#3681,#1698,#3684,#3685));
#3681=ORIENTED_EDGE('',*,*,#3682,.T.);
#3682=EDGE_CURVE('',#1628,#1695,#3683,.T.);
#3683=LINE('',#1629,#533);
#3684=ORIENTED_EDGE('',*,*,#3341,.F.);
#3685=ORIENTED_EDGE('',*,*,#1632,.F.);
#3686=CYLINDRICAL_SURFACE('',#3687,0.25375);
#3687=AXIS2_PLACEMENT_3D('',#1592,#3323,#1406);
#3688=ADVANCED_FACE('',(#3689),#3696,.F.);
#3689=FACE_BOUND('',#3690,.F.);
#3690=EDGE_LOOP('',(#3691,#1693,#3694,#3695));
#3691=ORIENTED_EDGE('',*,*,#3692,.T.);
#3692=EDGE_CURVE('',#1622,#1689,#3693,.T.);
#3693=LINE('',#1623,#533);
#3694=ORIENTED_EDGE('',*,*,#3682,.F.);
#3695=ORIENTED_EDGE('',*,*,#1627,.F.);
#3696=PLANE('',#3697);
#3697=AXIS2_PLACEMENT_3D('',#1623,#3535,#1401);
#3698=ADVANCED_FACE('',(#3699),#3706,.F.);
#3699=FACE_BOUND('',#3700,.F.);
#3700=EDGE_LOOP('',(#3701,#1687,#3704,#3705));
#3701=ORIENTED_EDGE('',*,*,#3702,.T.);
#3702=EDGE_CURVE('',#1617,#1684,#3703,.T.);
#3703=LINE('',#1618,#533);
#3704=ORIENTED_EDGE('',*,*,#3692,.F.);
#3705=ORIENTED_EDGE('',*,*,#1621,.F.);
#3706=CYLINDRICAL_SURFACE('',#1625,0.10875);
#3707=ADVANCED_FACE('',(#3708),#3715,.F.);
#3708=FACE_BOUND('',#3709,.F.);
#3709=EDGE_LOOP('',(#3710,#1682,#3713,#3714));
#3710=ORIENTED_EDGE('',*,*,#3711,.T.);
#3711=EDGE_CURVE('',#1612,#1679,#3712,.T.);
#3712=LINE('',#1613,#533);
#3713=ORIENTED_EDGE('',*,*,#3702,.F.);
#3714=ORIENTED_EDGE('',*,*,#1616,.F.);
#3715=PLANE('',#3716);
#3716=AXIS2_PLACEMENT_3D('',#1613,#1143,#477);
#3717=ADVANCED_FACE('',(#3718),#3725,.F.);
#3718=FACE_BOUND('',#3719,.F.);
#3719=EDGE_LOOP('',(#3720,#1677,#3723,#3724));
#3720=ORIENTED_EDGE('',*,*,#3721,.T.);
#3721=EDGE_CURVE('',#1607,#1674,#3722,.T.);
#3722=LINE('',#1608,#533);
#3723=ORIENTED_EDGE('',*,*,#3711,.F.);
#3724=ORIENTED_EDGE('',*,*,#1611,.F.);
#3725=PLANE('',#3726);
#3726=AXIS2_PLACEMENT_3D('',#1608,#477,#13);
#3727=ADVANCED_FACE('',(#3728),#3735,.F.);
#3728=FACE_BOUND('',#3729,.F.);
#3729=EDGE_LOOP('',(#3730,#1672,#3733,#3734));
#3730=ORIENTED_EDGE('',*,*,#3731,.T.);
#3731=EDGE_CURVE('',#1600,#1667,#3732,.T.);
#3732=LINE('',#1601,#533);
#3733=ORIENTED_EDGE('',*,*,#3721,.F.);
#3734=ORIENTED_EDGE('',*,*,#1606,.F.);
#3735=PLANE('',#3736);
#3736=AXIS2_PLACEMENT_3D('',#1601,#13,#522);
#3737=ADVANCED_FACE('',(#3738),#3745,.T.);
#3738=FACE_BOUND('',#3739,.F.);
#3739=EDGE_LOOP('',(#3740,#1665,#3743,#3744));
#3740=ORIENTED_EDGE('',*,*,#3741,.T.);
#3741=EDGE_CURVE('',#1595,#1662,#3742,.T.);
#3742=LINE('',#1596,#533);
#3743=ORIENTED_EDGE('',*,*,#3731,.F.);
#3744=ORIENTED_EDGE('',*,*,#1599,.F.);
#3745=CYLINDRICAL_SURFACE('',#3746,0.25375);
#3746=AXIS2_PLACEMENT_3D('',#1604,#3323,#1372);
#3747=ADVANCED_FACE('',(#3748),#3753,.F.);
#3748=FACE_BOUND('',#3749,.F.);
#3749=EDGE_LOOP('',(#3750,#1660,#3751,#3752));
#3750=ORIENTED_EDGE('',*,*,#1653,.T.);
#3751=ORIENTED_EDGE('',*,*,#3741,.F.);
#3752=ORIENTED_EDGE('',*,*,#1594,.F.);
#3753=PLANE('',#3754);
#3754=AXIS2_PLACEMENT_3D('',#1589,#3593,#1364);
#3755=ADVANCED_FACE('',(#3756),#3763,.T.);
#3756=FACE_BOUND('',#3757,.F.);
#3757=EDGE_LOOP('',(#3758,#1838,#3761,#3762));
#3758=ORIENTED_EDGE('',*,*,#3759,.T.);
#3759=EDGE_CURVE('',#1768,#1835,#3760,.T.);
#3760=LINE('',#1769,#533);
#3761=ORIENTED_EDGE('',*,*,#3353,.F.);
#3762=ORIENTED_EDGE('',*,*,#1772,.F.);
#3763=CYLINDRICAL_SURFACE('',#3764,0.25375);
#3764=AXIS2_PLACEMENT_3D('',#1732,#3323,#1406);
#3765=ADVANCED_FACE('',(#3766),#3773,.F.);
#3766=FACE_BOUND('',#3767,.F.);
#3767=EDGE_LOOP('',(#3768,#1833,#3771,#3772));
#3768=ORIENTED_EDGE('',*,*,#3769,.T.);
#3769=EDGE_CURVE('',#1762,#1829,#3770,.T.);
#3770=LINE('',#1763,#533);
#3771=ORIENTED_EDGE('',*,*,#3759,.F.);
#3772=ORIENTED_EDGE('',*,*,#1767,.F.);
#3773=PLANE('',#3774);
#3774=AXIS2_PLACEMENT_3D('',#1763,#3535,#1401);
#3775=ADVANCED_FACE('',(#3776),#3783,.F.);
#3776=FACE_BOUND('',#3777,.F.);
#3777=EDGE_LOOP('',(#3778,#1827,#3781,#3782));
#3778=ORIENTED_EDGE('',*,*,#3779,.T.);
#3779=EDGE_CURVE('',#1757,#1824,#3780,.T.);
#3780=LINE('',#1758,#533);
#3781=ORIENTED_EDGE('',*,*,#3769,.F.);
#3782=ORIENTED_EDGE('',*,*,#1761,.F.);
#3783=CYLINDRICAL_SURFACE('',#1765,0.10875);
#3784=ADVANCED_FACE('',(#3785),#3792,.F.);
#3785=FACE_BOUND('',#3786,.F.);
#3786=EDGE_LOOP('',(#3787,#1822,#3790,#3791));
#3787=ORIENTED_EDGE('',*,*,#3788,.T.);
#3788=EDGE_CURVE('',#1752,#1819,#3789,.T.);
#3789=LINE('',#1753,#533);
#3790=ORIENTED_EDGE('',*,*,#3779,.F.);
#3791=ORIENTED_EDGE('',*,*,#1756,.F.);
#3792=PLANE('',#3793);
#3793=AXIS2_PLACEMENT_3D('',#1753,#1143,#477);
#3794=ADVANCED_FACE('',(#3795),#3802,.F.);
#3795=FACE_BOUND('',#3796,.F.);
#3796=EDGE_LOOP('',(#3797,#1817,#3800,#3801));
#3797=ORIENTED_EDGE('',*,*,#3798,.T.);
#3798=EDGE_CURVE('',#1747,#1814,#3799,.T.);
#3799=LINE('',#1748,#533);
#3800=ORIENTED_EDGE('',*,*,#3788,.F.);
#3801=ORIENTED_EDGE('',*,*,#1751,.F.);
#3802=PLANE('',#3803);
#3803=AXIS2_PLACEMENT_3D('',#1748,#477,#13);
#3804=ADVANCED_FACE('',(#3805),#3812,.F.);
#3805=FACE_BOUND('',#3806,.F.);
#3806=EDGE_LOOP('',(#3807,#1812,#3810,#3811));
#3807=ORIENTED_EDGE('',*,*,#3808,.T.);
#3808=EDGE_CURVE('',#1740,#1807,#3809,.T.);
#3809=LINE('',#1741,#533);
#3810=ORIENTED_EDGE('',*,*,#3798,.F.);
#3811=ORIENTED_EDGE('',*,*,#1746,.F.);
#3812=PLANE('',#3813);
#3813=AXIS2_PLACEMENT_3D('',#1741,#13,#522);
#3814=ADVANCED_FACE('',(#3815),#3822,.T.);
#3815=FACE_BOUND('',#3816,.F.);
#3816=EDGE_LOOP('',(#3817,#1805,#3820,#3821));
#3817=ORIENTED_EDGE('',*,*,#3818,.T.);
#3818=EDGE_CURVE('',#1735,#1802,#3819,.T.);
#3819=LINE('',#1736,#533);
#3820=ORIENTED_EDGE('',*,*,#3808,.F.);
#3821=ORIENTED_EDGE('',*,*,#1739,.F.);
#3822=CYLINDRICAL_SURFACE('',#3823,0.25375);
#3823=AXIS2_PLACEMENT_3D('',#1744,#3323,#1372);
#3824=ADVANCED_FACE('',(#3825),#3830,.F.);
#3825=FACE_BOUND('',#3826,.F.);
#3826=EDGE_LOOP('',(#3827,#1800,#3828,#3829));
#3827=ORIENTED_EDGE('',*,*,#1793,.T.);
#3828=ORIENTED_EDGE('',*,*,#3818,.F.);
#3829=ORIENTED_EDGE('',*,*,#1734,.F.);
#3830=PLANE('',#3831);
#3831=AXIS2_PLACEMENT_3D('',#1729,#3593,#1364);
#3832=ADVANCED_FACE('',(#3833),#3840,.T.);
#3833=FACE_BOUND('',#3834,.F.);
#3834=EDGE_LOOP('',(#3835,#1978,#3838,#3839));
#3835=ORIENTED_EDGE('',*,*,#3836,.T.);
#3836=EDGE_CURVE('',#1908,#1975,#3837,.T.);
#3837=LINE('',#1909,#533);
#3838=ORIENTED_EDGE('',*,*,#3365,.F.);
#3839=ORIENTED_EDGE('',*,*,#1912,.F.);
#3840=CYLINDRICAL_SURFACE('',#3841,0.25375);
#3841=AXIS2_PLACEMENT_3D('',#1872,#3323,#1406);
#3842=ADVANCED_FACE('',(#3843),#3850,.F.);
#3843=FACE_BOUND('',#3844,.F.);
#3844=EDGE_LOOP('',(#3845,#1973,#3848,#3849));
#3845=ORIENTED_EDGE('',*,*,#3846,.T.);
#3846=EDGE_CURVE('',#1902,#1969,#3847,.T.);
#3847=LINE('',#1903,#533);
#3848=ORIENTED_EDGE('',*,*,#3836,.F.);
#3849=ORIENTED_EDGE('',*,*,#1907,.F.);
#3850=PLANE('',#3851);
#3851=AXIS2_PLACEMENT_3D('',#1903,#3535,#1401);
#3852=ADVANCED_FACE('',(#3853),#3860,.F.);
#3853=FACE_BOUND('',#3854,.F.);
#3854=EDGE_LOOP('',(#3855,#1967,#3858,#3859));
#3855=ORIENTED_EDGE('',*,*,#3856,.T.);
#3856=EDGE_CURVE('',#1897,#1964,#3857,.T.);
#3857=LINE('',#1898,#533);
#3858=ORIENTED_EDGE('',*,*,#3846,.F.);
#3859=ORIENTED_EDGE('',*,*,#1901,.F.);
#3860=CYLINDRICAL_SURFACE('',#1905,0.10875);
#3861=ADVANCED_FACE('',(#3862),#3869,.F.);
#3862=FACE_BOUND('',#3863,.F.);
#3863=EDGE_LOOP('',(#3864,#1962,#3867,#3868));
#3864=ORIENTED_EDGE('',*,*,#3865,.T.);
#3865=EDGE_CURVE('',#1892,#1959,#3866,.T.);
#3866=LINE('',#1893,#533);
#3867=ORIENTED_EDGE('',*,*,#3856,.F.);
#3868=ORIENTED_EDGE('',*,*,#1896,.F.);
#3869=PLANE('',#3870);
#3870=AXIS2_PLACEMENT_3D('',#1893,#1143,#477);
#3871=ADVANCED_FACE('',(#3872),#3879,.F.);
#3872=FACE_BOUND('',#3873,.F.);
#3873=EDGE_LOOP('',(#3874,#1957,#3877,#3878));
#3874=ORIENTED_EDGE('',*,*,#3875,.T.);
#3875=EDGE_CURVE('',#1887,#1954,#3876,.T.);
#3876=LINE('',#1888,#533);
#3877=ORIENTED_EDGE('',*,*,#3865,.F.);
#3878=ORIENTED_EDGE('',*,*,#1891,.F.);
#3879=PLANE('',#3880);
#3880=AXIS2_PLACEMENT_3D('',#1888,#477,#13);
#3881=ADVANCED_FACE('',(#3882),#3889,.F.);
#3882=FACE_BOUND('',#3883,.F.);
#3883=EDGE_LOOP('',(#3884,#1952,#3887,#3888));
#3884=ORIENTED_EDGE('',*,*,#3885,.T.);
#3885=EDGE_CURVE('',#1880,#1947,#3886,.T.);
#3886=LINE('',#1881,#533);
#3887=ORIENTED_EDGE('',*,*,#3875,.F.);
#3888=ORIENTED_EDGE('',*,*,#1886,.F.);
#3889=PLANE('',#3890);
#3890=AXIS2_PLACEMENT_3D('',#1881,#13,#522);
#3891=ADVANCED_FACE('',(#3892),#3899,.T.);
#3892=FACE_BOUND('',#3893,.F.);
#3893=EDGE_LOOP('',(#3894,#1945,#3897,#3898));
#3894=ORIENTED_EDGE('',*,*,#3895,.T.);
#3895=EDGE_CURVE('',#1875,#1942,#3896,.T.);
#3896=LINE('',#1876,#533);
#3897=ORIENTED_EDGE('',*,*,#3885,.F.);
#3898=ORIENTED_EDGE('',*,*,#1879,.F.);
#3899=CYLINDRICAL_SURFACE('',#3900,0.25375);
#3900=AXIS2_PLACEMENT_3D('',#1884,#3323,#1372);
#3901=ADVANCED_FACE('',(#3902),#3907,.F.);
#3902=FACE_BOUND('',#3903,.F.);
#3903=EDGE_LOOP('',(#3904,#1940,#3905,#3906));
#3904=ORIENTED_EDGE('',*,*,#1933,.T.);
#3905=ORIENTED_EDGE('',*,*,#3895,.F.);
#3906=ORIENTED_EDGE('',*,*,#1874,.F.);
#3907=PLANE('',#3908);
#3908=AXIS2_PLACEMENT_3D('',#1869,#3593,#1364);
#3909=ADVANCED_FACE('',(#3910),#3917,.T.);
#3910=FACE_BOUND('',#3911,.F.);
#3911=EDGE_LOOP('',(#3912,#2118,#3915,#3916));
#3912=ORIENTED_EDGE('',*,*,#3913,.T.);
#3913=EDGE_CURVE('',#2048,#2115,#3914,.T.);
#3914=LINE('',#2049,#533);
#3915=ORIENTED_EDGE('',*,*,#3377,.F.);
#3916=ORIENTED_EDGE('',*,*,#2052,.F.);
#3917=CYLINDRICAL_SURFACE('',#3918,0.25375);
#3918=AXIS2_PLACEMENT_3D('',#2012,#3323,#1406);
#3919=ADVANCED_FACE('',(#3920),#3927,.F.);
#3920=FACE_BOUND('',#3921,.F.);
#3921=EDGE_LOOP('',(#3922,#2113,#3925,#3926));
#3922=ORIENTED_EDGE('',*,*,#3923,.T.);
#3923=EDGE_CURVE('',#2042,#2109,#3924,.T.);
#3924=LINE('',#2043,#533);
#3925=ORIENTED_EDGE('',*,*,#3913,.F.);
#3926=ORIENTED_EDGE('',*,*,#2047,.F.);
#3927=PLANE('',#3928);
#3928=AXIS2_PLACEMENT_3D('',#2043,#3535,#1401);
#3929=ADVANCED_FACE('',(#3930),#3937,.F.);
#3930=FACE_BOUND('',#3931,.F.);
#3931=EDGE_LOOP('',(#3932,#2107,#3935,#3936));
#3932=ORIENTED_EDGE('',*,*,#3933,.T.);
#3933=EDGE_CURVE('',#2037,#2104,#3934,.T.);
#3934=LINE('',#2038,#533);
#3935=ORIENTED_EDGE('',*,*,#3923,.F.);
#3936=ORIENTED_EDGE('',*,*,#2041,.F.);
#3937=CYLINDRICAL_SURFACE('',#2045,0.10875);
#3938=ADVANCED_FACE('',(#3939),#3946,.F.);
#3939=FACE_BOUND('',#3940,.F.);
#3940=EDGE_LOOP('',(#3941,#2102,#3944,#3945));
#3941=ORIENTED_EDGE('',*,*,#3942,.T.);
#3942=EDGE_CURVE('',#2032,#2099,#3943,.T.);
#3943=LINE('',#2033,#533);
#3944=ORIENTED_EDGE('',*,*,#3933,.F.);
#3945=ORIENTED_EDGE('',*,*,#2036,.F.);
#3946=PLANE('',#3947);
#3947=AXIS2_PLACEMENT_3D('',#2033,#1143,#477);
#3948=ADVANCED_FACE('',(#3949),#3956,.F.);
#3949=FACE_BOUND('',#3950,.F.);
#3950=EDGE_LOOP('',(#3951,#2097,#3954,#3955));
#3951=ORIENTED_EDGE('',*,*,#3952,.T.);
#3952=EDGE_CURVE('',#2027,#2094,#3953,.T.);
#3953=LINE('',#2028,#533);
#3954=ORIENTED_EDGE('',*,*,#3942,.F.);
#3955=ORIENTED_EDGE('',*,*,#2031,.F.);
#3956=PLANE('',#3957);
#3957=AXIS2_PLACEMENT_3D('',#2028,#477,#13);
#3958=ADVANCED_FACE('',(#3959),#3966,.F.);
#3959=FACE_BOUND('',#3960,.F.);
#3960=EDGE_LOOP('',(#3961,#2092,#3964,#3965));
#3961=ORIENTED_EDGE('',*,*,#3962,.T.);
#3962=EDGE_CURVE('',#2020,#2087,#3963,.T.);
#3963=LINE('',#2021,#533);
#3964=ORIENTED_EDGE('',*,*,#3952,.F.);
#3965=ORIENTED_EDGE('',*,*,#2026,.F.);
#3966=PLANE('',#3967);
#3967=AXIS2_PLACEMENT_3D('',#2021,#13,#522);
#3968=ADVANCED_FACE('',(#3969),#3976,.T.);
#3969=FACE_BOUND('',#3970,.F.);
#3970=EDGE_LOOP('',(#3971,#2085,#3974,#3975));
#3971=ORIENTED_EDGE('',*,*,#3972,.T.);
#3972=EDGE_CURVE('',#2015,#2082,#3973,.T.);
#3973=LINE('',#2016,#533);
#3974=ORIENTED_EDGE('',*,*,#3962,.F.);
#3975=ORIENTED_EDGE('',*,*,#2019,.F.);
#3976=CYLINDRICAL_SURFACE('',#3977,0.25375);
#3977=AXIS2_PLACEMENT_3D('',#2024,#3323,#1372);
#3978=ADVANCED_FACE('',(#3979),#3984,.F.);
#3979=FACE_BOUND('',#3980,.F.);
#3980=EDGE_LOOP('',(#3981,#2080,#3982,#3983));
#3981=ORIENTED_EDGE('',*,*,#2073,.T.);
#3982=ORIENTED_EDGE('',*,*,#3972,.F.);
#3983=ORIENTED_EDGE('',*,*,#2014,.F.);
#3984=PLANE('',#3985);
#3985=AXIS2_PLACEMENT_3D('',#2009,#3593,#1364);
#3986=ADVANCED_FACE('',(#3987),#3994,.T.);
#3987=FACE_BOUND('',#3988,.F.);
#3988=EDGE_LOOP('',(#3989,#2258,#3992,#3993));
#3989=ORIENTED_EDGE('',*,*,#3990,.T.);
#3990=EDGE_CURVE('',#2188,#2255,#3991,.T.);
#3991=LINE('',#2189,#533);
#3992=ORIENTED_EDGE('',*,*,#3389,.F.);
#3993=ORIENTED_EDGE('',*,*,#2192,.F.);
#3994=CYLINDRICAL_SURFACE('',#3995,0.25375);
#3995=AXIS2_PLACEMENT_3D('',#2152,#3323,#1406);
#3996=ADVANCED_FACE('',(#3997),#4004,.F.);
#3997=FACE_BOUND('',#3998,.F.);
#3998=EDGE_LOOP('',(#3999,#2253,#4002,#4003));
#3999=ORIENTED_EDGE('',*,*,#4000,.T.);
#4000=EDGE_CURVE('',#2182,#2249,#4001,.T.);
#4001=LINE('',#2183,#533);
#4002=ORIENTED_EDGE('',*,*,#3990,.F.);
#4003=ORIENTED_EDGE('',*,*,#2187,.F.);
#4004=PLANE('',#4005);
#4005=AXIS2_PLACEMENT_3D('',#2183,#3535,#1401);
#4006=ADVANCED_FACE('',(#4007),#4014,.F.);
#4007=FACE_BOUND('',#4008,.F.);
#4008=EDGE_LOOP('',(#4009,#2247,#4012,#4013));
#4009=ORIENTED_EDGE('',*,*,#4010,.T.);
#4010=EDGE_CURVE('',#2177,#2244,#4011,.T.);
#4011=LINE('',#2178,#533);
#4012=ORIENTED_EDGE('',*,*,#4000,.F.);
#4013=ORIENTED_EDGE('',*,*,#2181,.F.);
#4014=CYLINDRICAL_SURFACE('',#2185,0.10875);
#4015=ADVANCED_FACE('',(#4016),#4023,.F.);
#4016=FACE_BOUND('',#4017,.F.);
#4017=EDGE_LOOP('',(#4018,#2242,#4021,#4022));
#4018=ORIENTED_EDGE('',*,*,#4019,.T.);
#4019=EDGE_CURVE('',#2172,#2239,#4020,.T.);
#4020=LINE('',#2173,#533);
#4021=ORIENTED_EDGE('',*,*,#4010,.F.);
#4022=ORIENTED_EDGE('',*,*,#2176,.F.);
#4023=PLANE('',#4024);
#4024=AXIS2_PLACEMENT_3D('',#2173,#1143,#477);
#4025=ADVANCED_FACE('',(#4026),#4033,.F.);
#4026=FACE_BOUND('',#4027,.F.);
#4027=EDGE_LOOP('',(#4028,#2237,#4031,#4032));
#4028=ORIENTED_EDGE('',*,*,#4029,.T.);
#4029=EDGE_CURVE('',#2167,#2234,#4030,.T.);
#4030=LINE('',#2168,#533);
#4031=ORIENTED_EDGE('',*,*,#4019,.F.);
#4032=ORIENTED_EDGE('',*,*,#2171,.F.);
#4033=PLANE('',#4034);
#4034=AXIS2_PLACEMENT_3D('',#2168,#477,#13);
#4035=ADVANCED_FACE('',(#4036),#4043,.F.);
#4036=FACE_BOUND('',#4037,.F.);
#4037=EDGE_LOOP('',(#4038,#2232,#4041,#4042));
#4038=ORIENTED_EDGE('',*,*,#4039,.T.);
#4039=EDGE_CURVE('',#2160,#2227,#4040,.T.);
#4040=LINE('',#2161,#533);
#4041=ORIENTED_EDGE('',*,*,#4029,.F.);
#4042=ORIENTED_EDGE('',*,*,#2166,.F.);
#4043=PLANE('',#4044);
#4044=AXIS2_PLACEMENT_3D('',#2161,#13,#522);
#4045=ADVANCED_FACE('',(#4046),#4053,.T.);
#4046=FACE_BOUND('',#4047,.F.);
#4047=EDGE_LOOP('',(#4048,#2225,#4051,#4052));
#4048=ORIENTED_EDGE('',*,*,#4049,.T.);
#4049=EDGE_CURVE('',#2155,#2222,#4050,.T.);
#4050=LINE('',#2156,#533);
#4051=ORIENTED_EDGE('',*,*,#4039,.F.);
#4052=ORIENTED_EDGE('',*,*,#2159,.F.);
#4053=CYLINDRICAL_SURFACE('',#4054,0.25375);
#4054=AXIS2_PLACEMENT_3D('',#2164,#3323,#1372);
#4055=ADVANCED_FACE('',(#4056),#4061,.F.);
#4056=FACE_BOUND('',#4057,.F.);
#4057=EDGE_LOOP('',(#4058,#2220,#4059,#4060));
#4058=ORIENTED_EDGE('',*,*,#2213,.T.);
#4059=ORIENTED_EDGE('',*,*,#4049,.F.);
#4060=ORIENTED_EDGE('',*,*,#2154,.F.);
#4061=PLANE('',#4062);
#4062=AXIS2_PLACEMENT_3D('',#2149,#3593,#1364);
#4063=ADVANCED_FACE('',(#4064),#4071,.F.);
#4064=FACE_BOUND('',#4065,.F.);
#4065=EDGE_LOOP('',(#4066,#2464,#4069,#4070));
#4066=ORIENTED_EDGE('',*,*,#4067,.T.);
#4067=EDGE_CURVE('',#2391,#2460,#4068,.T.);
#4068=LINE('',#2392,#847);
#4069=ORIENTED_EDGE('',*,*,#3518,.F.);
#4070=ORIENTED_EDGE('',*,*,#2397,.F.);
#4071=PLANE('',#4072);
#4072=AXIS2_PLACEMENT_3D('',#2392,#4073,#2402);
#4073=DIRECTION('',(-0.98776705633,-1.096641728903E-16,-0.155936661597));
#4074=ADVANCED_FACE('',(#4075),#4082,.F.);
#4075=FACE_BOUND('',#4076,.F.);
#4076=EDGE_LOOP('',(#4077,#2458,#4080,#4081));
#4077=ORIENTED_EDGE('',*,*,#4078,.T.);
#4078=EDGE_CURVE('',#2386,#2455,#4079,.T.);
#4079=LINE('',#2387,#847);
#4080=ORIENTED_EDGE('',*,*,#4067,.F.);
#4081=ORIENTED_EDGE('',*,*,#2390,.F.);
#4082=CYLINDRICAL_SURFACE('',#2394,0.10875);
#4083=ADVANCED_FACE('',(#4084),#4091,.F.);
#4084=FACE_BOUND('',#4085,.F.);
#4085=EDGE_LOOP('',(#4086,#2453,#4089,#4090));
#4086=ORIENTED_EDGE('',*,*,#4087,.T.);
#4087=EDGE_CURVE('',#2381,#2450,#4088,.T.);
#4088=LINE('',#2382,#847);
#4089=ORIENTED_EDGE('',*,*,#4078,.F.);
#4090=ORIENTED_EDGE('',*,*,#2385,.F.);
#4091=PLANE('',#4092);
#4092=AXIS2_PLACEMENT_3D('',#2382,#1143,#445);
#4093=ADVANCED_FACE('',(#4094),#4101,.F.);
#4094=FACE_BOUND('',#4095,.F.);
#4095=EDGE_LOOP('',(#4096,#2448,#4099,#4100));
#4096=ORIENTED_EDGE('',*,*,#4097,.T.);
#4097=EDGE_CURVE('',#2376,#2445,#4098,.T.);
#4098=LINE('',#2377,#847);
#4099=ORIENTED_EDGE('',*,*,#4087,.F.);
#4100=ORIENTED_EDGE('',*,*,#2380,.F.);
#4101=PLANE('',#4102);
#4102=AXIS2_PLACEMENT_3D('',#2377,#445,#13);
#4103=ADVANCED_FACE('',(#4104),#4111,.F.);
#4104=FACE_BOUND('',#4105,.F.);
#4105=EDGE_LOOP('',(#4106,#2443,#4109,#4110));
#4106=ORIENTED_EDGE('',*,*,#4107,.T.);
#4107=EDGE_CURVE('',#2368,#2438,#4108,.T.);
#4108=LINE('',#2369,#847);
#4109=ORIENTED_EDGE('',*,*,#4097,.F.);
#4110=ORIENTED_EDGE('',*,*,#2375,.F.);
#4111=PLANE('',#4112);
#4112=AXIS2_PLACEMENT_3D('',#2369,#13,#836);
#4113=ADVANCED_FACE('',(#4114),#4121,.T.);
#4114=FACE_BOUND('',#4115,.F.);
#4115=EDGE_LOOP('',(#4116,#2436,#4119,#4120));
#4116=ORIENTED_EDGE('',*,*,#4117,.T.);
#4117=EDGE_CURVE('',#2361,#2433,#4118,.T.);
#4118=LINE('',#2362,#847);
#4119=ORIENTED_EDGE('',*,*,#4107,.F.);
#4120=ORIENTED_EDGE('',*,*,#2367,.F.);
#4121=CYLINDRICAL_SURFACE('',#4122,0.25375);
#4122=AXIS2_PLACEMENT_3D('',#2372,#3524,#2373);
#4123=ADVANCED_FACE('',(#4124),#4129,.F.);
#4124=FACE_BOUND('',#4125,.F.);
#4125=EDGE_LOOP('',(#4126,#2431,#4127,#4128));
#4126=ORIENTED_EDGE('',*,*,#2424,.T.);
#4127=ORIENTED_EDGE('',*,*,#4117,.F.);
#4128=ORIENTED_EDGE('',*,*,#2360,.F.);
#4129=PLANE('',#4130);
#4130=AXIS2_PLACEMENT_3D('',#2353,#4131,#2365);
#4131=DIRECTION('',(0.98776705633,1.096641728903E-16,0.155936661597));
#4132=ADVANCED_FACE('',(#4133),#4140,.T.);
#4133=FACE_BOUND('',#4134,.F.);
#4134=EDGE_LOOP('',(#4135,#2603,#4138,#4139));
#4135=ORIENTED_EDGE('',*,*,#4136,.T.);
#4136=EDGE_CURVE('',#2533,#2600,#4137,.T.);
#4137=LINE('',#2534,#847);
#4138=ORIENTED_EDGE('',*,*,#3438,.F.);
#4139=ORIENTED_EDGE('',*,*,#2537,.F.);
#4140=CYLINDRICAL_SURFACE('',#4141,0.25375);
#4141=AXIS2_PLACEMENT_3D('',#2497,#3524,#2407);
#4142=ADVANCED_FACE('',(#4143),#4150,.F.);
#4143=FACE_BOUND('',#4144,.F.);
#4144=EDGE_LOOP('',(#4145,#2598,#4148,#4149));
#4145=ORIENTED_EDGE('',*,*,#4146,.T.);
#4146=EDGE_CURVE('',#2527,#2594,#4147,.T.);
#4147=LINE('',#2528,#847);
#4148=ORIENTED_EDGE('',*,*,#4136,.F.);
#4149=ORIENTED_EDGE('',*,*,#2532,.F.);
#4150=PLANE('',#4151);
#4151=AXIS2_PLACEMENT_3D('',#2528,#4073,#2402);
#4152=ADVANCED_FACE('',(#4153),#4160,.F.);
#4153=FACE_BOUND('',#4154,.F.);
#4154=EDGE_LOOP('',(#4155,#2592,#4158,#4159));
#4155=ORIENTED_EDGE('',*,*,#4156,.T.);
#4156=EDGE_CURVE('',#2522,#2589,#4157,.T.);
#4157=LINE('',#2523,#847);
#4158=ORIENTED_EDGE('',*,*,#4146,.F.);
#4159=ORIENTED_EDGE('',*,*,#2526,.F.);
#4160=CYLINDRICAL_SURFACE('',#2530,0.10875);
#4161=ADVANCED_FACE('',(#4162),#4169,.F.);
#4162=FACE_BOUND('',#4163,.F.);
#4163=EDGE_LOOP('',(#4164,#2587,#4167,#4168));
#4164=ORIENTED_EDGE('',*,*,#4165,.T.);
#4165=EDGE_CURVE('',#2517,#2584,#4166,.T.);
#4166=LINE('',#2518,#847);
#4167=ORIENTED_EDGE('',*,*,#4156,.F.);
#4168=ORIENTED_EDGE('',*,*,#2521,.F.);
#4169=PLANE('',#4170);
#4170=AXIS2_PLACEMENT_3D('',#2518,#1143,#445);
#4171=ADVANCED_FACE('',(#4172),#4179,.F.);
#4172=FACE_BOUND('',#4173,.F.);
#4173=EDGE_LOOP('',(#4174,#2582,#4177,#4178));
#4174=ORIENTED_EDGE('',*,*,#4175,.T.);
#4175=EDGE_CURVE('',#2512,#2579,#4176,.T.);
#4176=LINE('',#2513,#847);
#4177=ORIENTED_EDGE('',*,*,#4165,.F.);
#4178=ORIENTED_EDGE('',*,*,#2516,.F.);
#4179=PLANE('',#4180);
#4180=AXIS2_PLACEMENT_3D('',#2513,#445,#13);
#4181=ADVANCED_FACE('',(#4182),#4189,.F.);
#4182=FACE_BOUND('',#4183,.F.);
#4183=EDGE_LOOP('',(#4184,#2577,#4187,#4188));
#4184=ORIENTED_EDGE('',*,*,#4185,.T.);
#4185=EDGE_CURVE('',#2505,#2572,#4186,.T.);
#4186=LINE('',#2506,#847);
#4187=ORIENTED_EDGE('',*,*,#4175,.F.);
#4188=ORIENTED_EDGE('',*,*,#2511,.F.);
#4189=PLANE('',#4190);
#4190=AXIS2_PLACEMENT_3D('',#2506,#13,#836);
#4191=ADVANCED_FACE('',(#4192),#4199,.T.);
#4192=FACE_BOUND('',#4193,.F.);
#4193=EDGE_LOOP('',(#4194,#2570,#4197,#4198));
#4194=ORIENTED_EDGE('',*,*,#4195,.T.);
#4195=EDGE_CURVE('',#2500,#2567,#4196,.T.);
#4196=LINE('',#2501,#847);
#4197=ORIENTED_EDGE('',*,*,#4185,.F.);
#4198=ORIENTED_EDGE('',*,*,#2504,.F.);
#4199=CYLINDRICAL_SURFACE('',#4200,0.25375);
#4200=AXIS2_PLACEMENT_3D('',#2509,#3524,#2373);
#4201=ADVANCED_FACE('',(#4202),#4207,.F.);
#4202=FACE_BOUND('',#4203,.F.);
#4203=EDGE_LOOP('',(#4204,#2565,#4205,#4206));
#4204=ORIENTED_EDGE('',*,*,#2558,.T.);
#4205=ORIENTED_EDGE('',*,*,#4195,.F.);
#4206=ORIENTED_EDGE('',*,*,#2499,.F.);
#4207=PLANE('',#4208);
#4208=AXIS2_PLACEMENT_3D('',#2494,#4131,#2365);
#4209=ADVANCED_FACE('',(#4210),#4217,.T.);
#4210=FACE_BOUND('',#4211,.F.);
#4211=EDGE_LOOP('',(#4212,#2743,#4215,#4216));
#4212=ORIENTED_EDGE('',*,*,#4213,.T.);
#4213=EDGE_CURVE('',#2673,#2740,#4214,.T.);
#4214=LINE('',#2674,#847);
#4215=ORIENTED_EDGE('',*,*,#3450,.F.);
#4216=ORIENTED_EDGE('',*,*,#2677,.F.);
#4217=CYLINDRICAL_SURFACE('',#4218,0.25375);
#4218=AXIS2_PLACEMENT_3D('',#2637,#3524,#2407);
#4219=ADVANCED_FACE('',(#4220),#4227,.F.);
#4220=FACE_BOUND('',#4221,.F.);
#4221=EDGE_LOOP('',(#4222,#2738,#4225,#4226));
#4222=ORIENTED_EDGE('',*,*,#4223,.T.);
#4223=EDGE_CURVE('',#2667,#2734,#4224,.T.);
#4224=LINE('',#2668,#847);
#4225=ORIENTED_EDGE('',*,*,#4213,.F.);
#4226=ORIENTED_EDGE('',*,*,#2672,.F.);
#4227=PLANE('',#4228);
#4228=AXIS2_PLACEMENT_3D('',#2668,#4073,#2402);
#4229=ADVANCED_FACE('',(#4230),#4237,.F.);
#4230=FACE_BOUND('',#4231,.F.);
#4231=EDGE_LOOP('',(#4232,#2732,#4235,#4236));
#4232=ORIENTED_EDGE('',*,*,#4233,.T.);
#4233=EDGE_CURVE('',#2662,#2729,#4234,.T.);
#4234=LINE('',#2663,#847);
#4235=ORIENTED_EDGE('',*,*,#4223,.F.);
#4236=ORIENTED_EDGE('',*,*,#2666,.F.);
#4237=CYLINDRICAL_SURFACE('',#2670,0.10875);
#4238=ADVANCED_FACE('',(#4239),#4246,.F.);
#4239=FACE_BOUND('',#4240,.F.);
#4240=EDGE_LOOP('',(#4241,#2727,#4244,#4245));
#4241=ORIENTED_EDGE('',*,*,#4242,.T.);
#4242=EDGE_CURVE('',#2657,#2724,#4243,.T.);
#4243=LINE('',#2658,#847);
#4244=ORIENTED_EDGE('',*,*,#4233,.F.);
#4245=ORIENTED_EDGE('',*,*,#2661,.F.);
#4246=PLANE('',#4247);
#4247=AXIS2_PLACEMENT_3D('',#2658,#1143,#445);
#4248=ADVANCED_FACE('',(#4249),#4256,.F.);
#4249=FACE_BOUND('',#4250,.F.);
#4250=EDGE_LOOP('',(#4251,#2722,#4254,#4255));
#4251=ORIENTED_EDGE('',*,*,#4252,.T.);
#4252=EDGE_CURVE('',#2652,#2719,#4253,.T.);
#4253=LINE('',#2653,#847);
#4254=ORIENTED_EDGE('',*,*,#4242,.F.);
#4255=ORIENTED_EDGE('',*,*,#2656,.F.);
#4256=PLANE('',#4257);
#4257=AXIS2_PLACEMENT_3D('',#2653,#445,#13);
#4258=ADVANCED_FACE('',(#4259),#4266,.F.);
#4259=FACE_BOUND('',#4260,.F.);
#4260=EDGE_LOOP('',(#4261,#2717,#4264,#4265));
#4261=ORIENTED_EDGE('',*,*,#4262,.T.);
#4262=EDGE_CURVE('',#2645,#2712,#4263,.T.);
#4263=LINE('',#2646,#847);
#4264=ORIENTED_EDGE('',*,*,#4252,.F.);
#4265=ORIENTED_EDGE('',*,*,#2651,.F.);
#4266=PLANE('',#4267);
#4267=AXIS2_PLACEMENT_3D('',#2646,#13,#836);
#4268=ADVANCED_FACE('',(#4269),#4276,.T.);
#4269=FACE_BOUND('',#4270,.F.);
#4270=EDGE_LOOP('',(#4271,#2710,#4274,#4275));
#4271=ORIENTED_EDGE('',*,*,#4272,.T.);
#4272=EDGE_CURVE('',#2640,#2707,#4273,.T.);
#4273=LINE('',#2641,#847);
#4274=ORIENTED_EDGE('',*,*,#4262,.F.);
#4275=ORIENTED_EDGE('',*,*,#2644,.F.);
#4276=CYLINDRICAL_SURFACE('',#4277,0.25375);
#4277=AXIS2_PLACEMENT_3D('',#2649,#3524,#2373);
#4278=ADVANCED_FACE('',(#4279),#4284,.F.);
#4279=FACE_BOUND('',#4280,.F.);
#4280=EDGE_LOOP('',(#4281,#2705,#4282,#4283));
#4281=ORIENTED_EDGE('',*,*,#2698,.T.);
#4282=ORIENTED_EDGE('',*,*,#4272,.F.);
#4283=ORIENTED_EDGE('',*,*,#2639,.F.);
#4284=PLANE('',#4285);
#4285=AXIS2_PLACEMENT_3D('',#2634,#4131,#2365);
#4286=ADVANCED_FACE('',(#4287),#4294,.T.);
#4287=FACE_BOUND('',#4288,.F.);
#4288=EDGE_LOOP('',(#4289,#2883,#4292,#4293));
#4289=ORIENTED_EDGE('',*,*,#4290,.T.);
#4290=EDGE_CURVE('',#2813,#2880,#4291,.T.);
#4291=LINE('',#2814,#847);
#4292=ORIENTED_EDGE('',*,*,#3462,.F.);
#4293=ORIENTED_EDGE('',*,*,#2817,.F.);
#4294=CYLINDRICAL_SURFACE('',#4295,0.25375);
#4295=AXIS2_PLACEMENT_3D('',#2777,#3524,#2407);
#4296=ADVANCED_FACE('',(#4297),#4304,.F.);
#4297=FACE_BOUND('',#4298,.F.);
#4298=EDGE_LOOP('',(#4299,#2878,#4302,#4303));
#4299=ORIENTED_EDGE('',*,*,#4300,.T.);
#4300=EDGE_CURVE('',#2807,#2874,#4301,.T.);
#4301=LINE('',#2808,#847);
#4302=ORIENTED_EDGE('',*,*,#4290,.F.);
#4303=ORIENTED_EDGE('',*,*,#2812,.F.);
#4304=PLANE('',#4305);
#4305=AXIS2_PLACEMENT_3D('',#2808,#4073,#2402);
#4306=ADVANCED_FACE('',(#4307),#4314,.F.);
#4307=FACE_BOUND('',#4308,.F.);
#4308=EDGE_LOOP('',(#4309,#2872,#4312,#4313));
#4309=ORIENTED_EDGE('',*,*,#4310,.T.);
#4310=EDGE_CURVE('',#2802,#2869,#4311,.T.);
#4311=LINE('',#2803,#847);
#4312=ORIENTED_EDGE('',*,*,#4300,.F.);
#4313=ORIENTED_EDGE('',*,*,#2806,.F.);
#4314=CYLINDRICAL_SURFACE('',#2810,0.10875);
#4315=ADVANCED_FACE('',(#4316),#4323,.F.);
#4316=FACE_BOUND('',#4317,.F.);
#4317=EDGE_LOOP('',(#4318,#2867,#4321,#4322));
#4318=ORIENTED_EDGE('',*,*,#4319,.T.);
#4319=EDGE_CURVE('',#2797,#2864,#4320,.T.);
#4320=LINE('',#2798,#847);
#4321=ORIENTED_EDGE('',*,*,#4310,.F.);
#4322=ORIENTED_EDGE('',*,*,#2801,.F.);
#4323=PLANE('',#4324);
#4324=AXIS2_PLACEMENT_3D('',#2798,#1143,#445);
#4325=ADVANCED_FACE('',(#4326),#4333,.F.);
#4326=FACE_BOUND('',#4327,.F.);
#4327=EDGE_LOOP('',(#4328,#2862,#4331,#4332));
#4328=ORIENTED_EDGE('',*,*,#4329,.T.);
#4329=EDGE_CURVE('',#2792,#2859,#4330,.T.);
#4330=LINE('',#2793,#847);
#4331=ORIENTED_EDGE('',*,*,#4319,.F.);
#4332=ORIENTED_EDGE('',*,*,#2796,.F.);
#4333=PLANE('',#4334);
#4334=AXIS2_PLACEMENT_3D('',#2793,#445,#13);
#4335=ADVANCED_FACE('',(#4336),#4343,.F.);
#4336=FACE_BOUND('',#4337,.F.);
#4337=EDGE_LOOP('',(#4338,#2857,#4341,#4342));
#4338=ORIENTED_EDGE('',*,*,#4339,.T.);
#4339=EDGE_CURVE('',#2785,#2852,#4340,.T.);
#4340=LINE('',#2786,#847);
#4341=ORIENTED_EDGE('',*,*,#4329,.F.);
#4342=ORIENTED_EDGE('',*,*,#2791,.F.);
#4343=PLANE('',#4344);
#4344=AXIS2_PLACEMENT_3D('',#2786,#13,#836);
#4345=ADVANCED_FACE('',(#4346),#4353,.T.);
#4346=FACE_BOUND('',#4347,.F.);
#4347=EDGE_LOOP('',(#4348,#2850,#4351,#4352));
#4348=ORIENTED_EDGE('',*,*,#4349,.T.);
#4349=EDGE_CURVE('',#2780,#2847,#4350,.T.);
#4350=LINE('',#2781,#847);
#4351=ORIENTED_EDGE('',*,*,#4339,.F.);
#4352=ORIENTED_EDGE('',*,*,#2784,.F.);
#4353=CYLINDRICAL_SURFACE('',#4354,0.25375);
#4354=AXIS2_PLACEMENT_3D('',#2789,#3524,#2373);
#4355=ADVANCED_FACE('',(#4356),#4361,.F.);
#4356=FACE_BOUND('',#4357,.F.);
#4357=EDGE_LOOP('',(#4358,#2845,#4359,#4360));
#4358=ORIENTED_EDGE('',*,*,#2838,.T.);
#4359=ORIENTED_EDGE('',*,*,#4349,.F.);
#4360=ORIENTED_EDGE('',*,*,#2779,.F.);
#4361=PLANE('',#4362);
#4362=AXIS2_PLACEMENT_3D('',#2774,#4131,#2365);
#4363=ADVANCED_FACE('',(#4364),#4371,.T.);
#4364=FACE_BOUND('',#4365,.F.);
#4365=EDGE_LOOP('',(#4366,#3023,#4369,#4370));
#4366=ORIENTED_EDGE('',*,*,#4367,.T.);
#4367=EDGE_CURVE('',#2953,#3020,#4368,.T.);
#4368=LINE('',#2954,#847);
#4369=ORIENTED_EDGE('',*,*,#3474,.F.);
#4370=ORIENTED_EDGE('',*,*,#2957,.F.);
#4371=CYLINDRICAL_SURFACE('',#4372,0.25375);
#4372=AXIS2_PLACEMENT_3D('',#2917,#3524,#2407);
#4373=ADVANCED_FACE('',(#4374),#4381,.F.);
#4374=FACE_BOUND('',#4375,.F.);
#4375=EDGE_LOOP('',(#4376,#3018,#4379,#4380));
#4376=ORIENTED_EDGE('',*,*,#4377,.T.);
#4377=EDGE_CURVE('',#2947,#3014,#4378,.T.);
#4378=LINE('',#2948,#847);
#4379=ORIENTED_EDGE('',*,*,#4367,.F.);
#4380=ORIENTED_EDGE('',*,*,#2952,.F.);
#4381=PLANE('',#4382);
#4382=AXIS2_PLACEMENT_3D('',#2948,#4073,#2402);
#4383=ADVANCED_FACE('',(#4384),#4391,.F.);
#4384=FACE_BOUND('',#4385,.F.);
#4385=EDGE_LOOP('',(#4386,#3012,#4389,#4390));
#4386=ORIENTED_EDGE('',*,*,#4387,.T.);
#4387=EDGE_CURVE('',#2942,#3009,#4388,.T.);
#4388=LINE('',#2943,#847);
#4389=ORIENTED_EDGE('',*,*,#4377,.F.);
#4390=ORIENTED_EDGE('',*,*,#2946,.F.);
#4391=CYLINDRICAL_SURFACE('',#2950,0.10875);
#4392=ADVANCED_FACE('',(#4393),#4400,.F.);
#4393=FACE_BOUND('',#4394,.F.);
#4394=EDGE_LOOP('',(#4395,#3007,#4398,#4399));
#4395=ORIENTED_EDGE('',*,*,#4396,.T.);
#4396=EDGE_CURVE('',#2937,#3004,#4397,.T.);
#4397=LINE('',#2938,#847);
#4398=ORIENTED_EDGE('',*,*,#4387,.F.);
#4399=ORIENTED_EDGE('',*,*,#2941,.F.);
#4400=PLANE('',#4401);
#4401=AXIS2_PLACEMENT_3D('',#2938,#1143,#445);
#4402=ADVANCED_FACE('',(#4403),#4410,.F.);
#4403=FACE_BOUND('',#4404,.F.);
#4404=EDGE_LOOP('',(#4405,#3002,#4408,#4409));
#4405=ORIENTED_EDGE('',*,*,#4406,.T.);
#4406=EDGE_CURVE('',#2932,#2999,#4407,.T.);
#4407=LINE('',#2933,#847);
#4408=ORIENTED_EDGE('',*,*,#4396,.F.);
#4409=ORIENTED_EDGE('',*,*,#2936,.F.);
#4410=PLANE('',#4411);
#4411=AXIS2_PLACEMENT_3D('',#2933,#445,#13);
#4412=ADVANCED_FACE('',(#4413),#4420,.F.);
#4413=FACE_BOUND('',#4414,.F.);
#4414=EDGE_LOOP('',(#4415,#2997,#4418,#4419));
#4415=ORIENTED_EDGE('',*,*,#4416,.T.);
#4416=EDGE_CURVE('',#2925,#2992,#4417,.T.);
#4417=LINE('',#2926,#847);
#4418=ORIENTED_EDGE('',*,*,#4406,.F.);
#4419=ORIENTED_EDGE('',*,*,#2931,.F.);
#4420=PLANE('',#4421);
#4421=AXIS2_PLACEMENT_3D('',#2926,#13,#836);
#4422=ADVANCED_FACE('',(#4423),#4430,.T.);
#4423=FACE_BOUND('',#4424,.F.);
#4424=EDGE_LOOP('',(#4425,#2990,#4428,#4429));
#4425=ORIENTED_EDGE('',*,*,#4426,.T.);
#4426=EDGE_CURVE('',#2920,#2987,#4427,.T.);
#4427=LINE('',#2921,#847);
#4428=ORIENTED_EDGE('',*,*,#4416,.F.);
#4429=ORIENTED_EDGE('',*,*,#2924,.F.);
#4430=CYLINDRICAL_SURFACE('',#4431,0.25375);
#4431=AXIS2_PLACEMENT_3D('',#2929,#3524,#2373);
#4432=ADVANCED_FACE('',(#4433),#4438,.F.);
#4433=FACE_BOUND('',#4434,.F.);
#4434=EDGE_LOOP('',(#4435,#2985,#4436,#4437));
#4435=ORIENTED_EDGE('',*,*,#2978,.T.);
#4436=ORIENTED_EDGE('',*,*,#4426,.F.);
#4437=ORIENTED_EDGE('',*,*,#2919,.F.);
#4438=PLANE('',#4439);
#4439=AXIS2_PLACEMENT_3D('',#2914,#4131,#2365);
#4440=ADVANCED_FACE('',(#4441),#4448,.T.);
#4441=FACE_BOUND('',#4442,.F.);
#4442=EDGE_LOOP('',(#4443,#3163,#4446,#4447));
#4443=ORIENTED_EDGE('',*,*,#4444,.T.);
#4444=EDGE_CURVE('',#3093,#3160,#4445,.T.);
#4445=LINE('',#3094,#847);
#4446=ORIENTED_EDGE('',*,*,#3486,.F.);
#4447=ORIENTED_EDGE('',*,*,#3097,.F.);
#4448=CYLINDRICAL_SURFACE('',#4449,0.25375);
#4449=AXIS2_PLACEMENT_3D('',#3057,#3524,#2407);
#4450=ADVANCED_FACE('',(#4451),#4458,.F.);
#4451=FACE_BOUND('',#4452,.F.);
#4452=EDGE_LOOP('',(#4453,#3158,#4456,#4457));
#4453=ORIENTED_EDGE('',*,*,#4454,.T.);
#4454=EDGE_CURVE('',#3087,#3154,#4455,.T.);
#4455=LINE('',#3088,#847);
#4456=ORIENTED_EDGE('',*,*,#4444,.F.);
#4457=ORIENTED_EDGE('',*,*,#3092,.F.);
#4458=PLANE('',#4459);
#4459=AXIS2_PLACEMENT_3D('',#3088,#4073,#2402);
#4460=ADVANCED_FACE('',(#4461),#4468,.F.);
#4461=FACE_BOUND('',#4462,.F.);
#4462=EDGE_LOOP('',(#4463,#3152,#4466,#4467));
#4463=ORIENTED_EDGE('',*,*,#4464,.T.);
#4464=EDGE_CURVE('',#3082,#3149,#4465,.T.);
#4465=LINE('',#3083,#847);
#4466=ORIENTED_EDGE('',*,*,#4454,.F.);
#4467=ORIENTED_EDGE('',*,*,#3086,.F.);
#4468=CYLINDRICAL_SURFACE('',#3090,0.10875);
#4469=ADVANCED_FACE('',(#4470),#4477,.F.);
#4470=FACE_BOUND('',#4471,.F.);
#4471=EDGE_LOOP('',(#4472,#3147,#4475,#4476));
#4472=ORIENTED_EDGE('',*,*,#4473,.T.);
#4473=EDGE_CURVE('',#3077,#3144,#4474,.T.);
#4474=LINE('',#3078,#847);
#4475=ORIENTED_EDGE('',*,*,#4464,.F.);
#4476=ORIENTED_EDGE('',*,*,#3081,.F.);
#4477=PLANE('',#4478);
#4478=AXIS2_PLACEMENT_3D('',#3078,#1143,#445);
#4479=ADVANCED_FACE('',(#4480),#4487,.F.);
#4480=FACE_BOUND('',#4481,.F.);
#4481=EDGE_LOOP('',(#4482,#3142,#4485,#4486));
#4482=ORIENTED_EDGE('',*,*,#4483,.T.);
#4483=EDGE_CURVE('',#3072,#3139,#4484,.T.);
#4484=LINE('',#3073,#847);
#4485=ORIENTED_EDGE('',*,*,#4473,.F.);
#4486=ORIENTED_EDGE('',*,*,#3076,.F.);
#4487=PLANE('',#4488);
#4488=AXIS2_PLACEMENT_3D('',#3073,#445,#13);
#4489=ADVANCED_FACE('',(#4490),#4497,.F.);
#4490=FACE_BOUND('',#4491,.F.);
#4491=EDGE_LOOP('',(#4492,#3137,#4495,#4496));
#4492=ORIENTED_EDGE('',*,*,#4493,.T.);
#4493=EDGE_CURVE('',#3065,#3132,#4494,.T.);
#4494=LINE('',#3066,#847);
#4495=ORIENTED_EDGE('',*,*,#4483,.F.);
#4496=ORIENTED_EDGE('',*,*,#3071,.F.);
#4497=PLANE('',#4498);
#4498=AXIS2_PLACEMENT_3D('',#3066,#13,#836);
#4499=ADVANCED_FACE('',(#4500),#4507,.T.);
#4500=FACE_BOUND('',#4501,.F.);
#4501=EDGE_LOOP('',(#4502,#3130,#4505,#4506));
#4502=ORIENTED_EDGE('',*,*,#4503,.T.);
#4503=EDGE_CURVE('',#3060,#3127,#4504,.T.);
#4504=LINE('',#3061,#847);
#4505=ORIENTED_EDGE('',*,*,#4493,.F.);
#4506=ORIENTED_EDGE('',*,*,#3064,.F.);
#4507=CYLINDRICAL_SURFACE('',#4508,0.25375);
#4508=AXIS2_PLACEMENT_3D('',#3069,#3524,#2373);
#4509=ADVANCED_FACE('',(#4510),#4515,.F.);
#4510=FACE_BOUND('',#4511,.F.);
#4511=EDGE_LOOP('',(#4512,#3125,#4513,#4514));
#4512=ORIENTED_EDGE('',*,*,#3118,.T.);
#4513=ORIENTED_EDGE('',*,*,#4503,.F.);
#4514=ORIENTED_EDGE('',*,*,#3059,.F.);
#4515=PLANE('',#4516);
#4516=AXIS2_PLACEMENT_3D('',#3054,#4131,#2365);
#4517=ADVANCED_FACE('',(#4518),#4525,.T.);
#4518=FACE_BOUND('',#4519,.F.);
#4519=EDGE_LOOP('',(#4520,#3303,#4523,#4524));
#4520=ORIENTED_EDGE('',*,*,#4521,.T.);
#4521=EDGE_CURVE('',#3233,#3300,#4522,.T.);
#4522=LINE('',#3234,#847);
#4523=ORIENTED_EDGE('',*,*,#3498,.F.);
#4524=ORIENTED_EDGE('',*,*,#3237,.F.);
#4525=CYLINDRICAL_SURFACE('',#4526,0.25375);
#4526=AXIS2_PLACEMENT_3D('',#3197,#3524,#2407);
#4527=ADVANCED_FACE('',(#4528),#4535,.F.);
#4528=FACE_BOUND('',#4529,.F.);
#4529=EDGE_LOOP('',(#4530,#3298,#4533,#4534));
#4530=ORIENTED_EDGE('',*,*,#4531,.T.);
#4531=EDGE_CURVE('',#3227,#3294,#4532,.T.);
#4532=LINE('',#3228,#847);
#4533=ORIENTED_EDGE('',*,*,#4521,.F.);
#4534=ORIENTED_EDGE('',*,*,#3232,.F.);
#4535=PLANE('',#4536);
#4536=AXIS2_PLACEMENT_3D('',#3228,#4073,#2402);
#4537=ADVANCED_FACE('',(#4538),#4545,.F.);
#4538=FACE_BOUND('',#4539,.F.);
#4539=EDGE_LOOP('',(#4540,#3292,#4543,#4544));
#4540=ORIENTED_EDGE('',*,*,#4541,.T.);
#4541=EDGE_CURVE('',#3222,#3289,#4542,.T.);
#4542=LINE('',#3223,#847);
#4543=ORIENTED_EDGE('',*,*,#4531,.F.);
#4544=ORIENTED_EDGE('',*,*,#3226,.F.);
#4545=CYLINDRICAL_SURFACE('',#3230,0.10875);
#4546=ADVANCED_FACE('',(#4547),#4554,.F.);
#4547=FACE_BOUND('',#4548,.F.);
#4548=EDGE_LOOP('',(#4549,#3287,#4552,#4553));
#4549=ORIENTED_EDGE('',*,*,#4550,.T.);
#4550=EDGE_CURVE('',#3217,#3284,#4551,.T.);
#4551=LINE('',#3218,#847);
#4552=ORIENTED_EDGE('',*,*,#4541,.F.);
#4553=ORIENTED_EDGE('',*,*,#3221,.F.);
#4554=PLANE('',#4555);
#4555=AXIS2_PLACEMENT_3D('',#3218,#1143,#445);
#4556=ADVANCED_FACE('',(#4557),#4564,.F.);
#4557=FACE_BOUND('',#4558,.F.);
#4558=EDGE_LOOP('',(#4559,#3282,#4562,#4563));
#4559=ORIENTED_EDGE('',*,*,#4560,.T.);
#4560=EDGE_CURVE('',#3212,#3279,#4561,.T.);
#4561=LINE('',#3213,#847);
#4562=ORIENTED_EDGE('',*,*,#4550,.F.);
#4563=ORIENTED_EDGE('',*,*,#3216,.F.);
#4564=PLANE('',#4565);
#4565=AXIS2_PLACEMENT_3D('',#3213,#445,#13);
#4566=ADVANCED_FACE('',(#4567),#4574,.F.);
#4567=FACE_BOUND('',#4568,.F.);
#4568=EDGE_LOOP('',(#4569,#3277,#4572,#4573));
#4569=ORIENTED_EDGE('',*,*,#4570,.T.);
#4570=EDGE_CURVE('',#3205,#3272,#4571,.T.);
#4571=LINE('',#3206,#847);
#4572=ORIENTED_EDGE('',*,*,#4560,.F.);
#4573=ORIENTED_EDGE('',*,*,#3211,.F.);
#4574=PLANE('',#4575);
#4575=AXIS2_PLACEMENT_3D('',#3206,#13,#836);
#4576=ADVANCED_FACE('',(#4577),#4584,.T.);
#4577=FACE_BOUND('',#4578,.F.);
#4578=EDGE_LOOP('',(#4579,#3270,#4582,#4583));
#4579=ORIENTED_EDGE('',*,*,#4580,.T.);
#4580=EDGE_CURVE('',#3200,#3267,#4581,.T.);
#4581=LINE('',#3201,#847);
#4582=ORIENTED_EDGE('',*,*,#4570,.F.);
#4583=ORIENTED_EDGE('',*,*,#3204,.F.);
#4584=CYLINDRICAL_SURFACE('',#4585,0.25375);
#4585=AXIS2_PLACEMENT_3D('',#3209,#3524,#2373);
#4586=ADVANCED_FACE('',(#4587),#4592,.F.);
#4587=FACE_BOUND('',#4588,.F.);
#4588=EDGE_LOOP('',(#4589,#3265,#4590,#4591));
#4589=ORIENTED_EDGE('',*,*,#3258,.T.);
#4590=ORIENTED_EDGE('',*,*,#4580,.F.);
#4591=ORIENTED_EDGE('',*,*,#3199,.F.);
#4592=PLANE('',#4593);
#4593=AXIS2_PLACEMENT_3D('',#3194,#4131,#2365);
#4594=ADVANCED_FACE('',(#4595),#4596,.T.);
#4595=FACE_BOUND('',#3413,.F.);
#4596=PLANE('',#3419);
#4597=( GEOMETRIC_REPRESENTATION_CONTEXT(3) GLOBAL_UNCERTAINTY_ASSIGNED_CONTEXT((#4601)) GLOBAL_UNIT_ASSIGNED_CONTEXT((#4598,#4599,#4600)) REPRESENTATION_CONTEXT('Context #1','3D Context with UNIT and UNCERTAINTY') );
#4598=( LENGTH_UNIT() NAMED_UNIT(*) SI_UNIT(.MILLI.,.METRE.) );
#4599=( NAMED_UNIT(*) PLANE_ANGLE_UNIT() SI_UNIT($,.RADIAN.) );
#4600=( NAMED_UNIT(*) SI_UNIT($,.STERADIAN.) SOLID_ANGLE_UNIT() );
#4601=UNCERTAINTY_MEASURE_WITH_UNIT(LENGTH_MEASURE(1.E-07),#4598,'distance_accuracy_value','confusion accuracy');
#4602=PRODUCT_RELATED_PRODUCT_CATEGORY('part',$,(#7));
#4603=MECHANICAL_DESIGN_GEOMETRIC_PRESENTATION_REPRESENTATION('',(#4604,#4614,#4615,#4616,#4617,#4618,#4619,#4620,#4621,#4622,#4623,#4632,#4633,#4634,#4635,#4636,#4637,#4638,#4639,#4640,#4641,#4642,#4643,#4644,#4645,#4646,#4647,#4648,#4649,#4650,#4651,#4652,#4653,#4654,#4655,#4656,#4657,#4658,#4659,#4660,#4661,#4662,#4663,#4664,#4665,#4666,#4667,#4668,#4669,#4670,#4671,#4672,#4673,#4674,#4675,#4676,#4677,#4678,#4679,#4680,#4681,#4682,#4683,#4684,#4685,#4686,#4687,#4688,#4689,#4690,#4691,#4692,#4693,#4694,#4695,#4696,#4697,#4698,#4699,#4700,#4701,#4702,#4703,#4704,#4705,#4706,#4707,#4708,#4709,#4710,#4711,#4712,#4713,#4714,#4715,#4716,#4717,#4718,#4719,#4720,#4721,#4722,#4723,#4724,#4725,#4726,#4727,#4728,#4729,#4730,#4731,#4732,#4733,#4734,#4735,#4736,#4737,#4738,#4739,#4740,#4741,#4742,#4743,#4744,#4745,#4746,#4747,#4748,#4749,#4750,#4751,#4752,#4753,#4754,#4755,#4756,#4757,#4758,#4759,#4760,#4761,#4762,#4763,#4764,#4765,#4766,#4767,#4768,#4769,#4770,#4771,#4772,#4773,#4774,#4775,#4776,#4777,#4778,#4779,#4780,#4781,#4782,#4783,#4784,#4785,#4786,#4787,#4788,#4789,#4790,#4791,#4792,#4793,#4794,#4795,#4796,#4797,#4798,#4799,#4800,#4801,#4802,#4803,#4804,#4805,#4806,#4807,#4808,#4809,#4810,#4811,#4812,#4813,#4814,#4815,#4816,#4817,#4818,#4819,#4820,#4821,#4822,#4823,#4824,#4825,#4826,#4827,#4828,#4829,#4830,#4831,#4832,#4833,#4834,#4835,#4836,#4837,#4838,#4839,#4840,#4841,#4842,#4843,#4844,#4845,#4846,#4847,#4848,#4849,#4850,#4851,#4852,#4853,#4854,#4855,#4856,#4857,#4858,#4859,#4860,#4861,#4862),#4597);
#4604=STYLED_ITEM('color',(#4605),#17);
#4605=PRESENTATION_STYLE_ASSIGNMENT((#4606,#4612));
#4606=SURFACE_STYLE_USAGE(.BOTH.,#4607);
#4607=SURFACE_SIDE_STYLE('',(#4608));
#4608=SURFACE_STYLE_FILL_AREA(#4609);
#4609=FILL_AREA_STYLE('',(#4610));
#4610=FILL_AREA_STYLE_COLOUR('',#4611);
#4611=COLOUR_RGB('',0.147999998088,0.145000001626,0.145000001626);
#4612=CURVE_STYLE('',#4613,POSITIVE_LENGTH_MEASURE(0.1),#4611);
#4613=DRAUGHTING_PRE_DEFINED_CURVE_FONT('continuous');
#4614=STYLED_ITEM('color',(#4605),#43);
#4615=STYLED_ITEM('color',(#4605),#120);
#4616=STYLED_ITEM('color',(#4605),#134);
#4617=STYLED_ITEM('color',(#4605),#153);
#4618=STYLED_ITEM('color',(#4605),#223);
#4619=STYLED_ITEM('color',(#4605),#237);
#4620=STYLED_ITEM('color',(#4605),#251);
#4621=STYLED_ITEM('color',(#4605),#265);
#4622=STYLED_ITEM('color',(#4605),#335);
#4623=STYLED_ITEM('color',(#4624),#345);
#4624=PRESENTATION_STYLE_ASSIGNMENT((#4625,#4631));
#4625=SURFACE_STYLE_USAGE(.BOTH.,#4626);
#4626=SURFACE_SIDE_STYLE('',(#4627));
#4627=SURFACE_STYLE_FILL_AREA(#4628);
#4628=FILL_AREA_STYLE('',(#4629));
#4629=FILL_AREA_STYLE_COLOUR('',#4630);
#4630=COLOUR_RGB('',0.823999987314,0.819999987296,0.781000009244);
#4631=CURVE_STYLE('',#4613,POSITIVE_LENGTH_MEASURE(0.1),#4630);
#4632=STYLED_ITEM('color',(#4624),#365);
#4633=STYLED_ITEM('color',(#4624),#380);
#4634=STYLED_ITEM('color',(#4624),#393);
#4635=STYLED_ITEM('color',(#4605),#402);
#4636=STYLED_ITEM('color',(#4605),#417);
#4637=STYLED_ITEM('color',(#4605),#483);
#4638=STYLED_ITEM('color',(#4605),#496);
#4639=STYLED_ITEM('color',(#4624),#512);
#4640=STYLED_ITEM('color',(#4605),#537);
#4641=STYLED_ITEM('color',(#4624),#555);
#4642=STYLED_ITEM('color',(#4605),#576);
#4643=STYLED_ITEM('color',(#4624),#594);
#4644=STYLED_ITEM('color',(#4605),#615);
#4645=STYLED_ITEM('color',(#4624),#633);
#4646=STYLED_ITEM('color',(#4605),#654);
#4647=STYLED_ITEM('color',(#4624),#672);
#4648=STYLED_ITEM('color',(#4605),#693);
#4649=STYLED_ITEM('color',(#4624),#711);
#4650=STYLED_ITEM('color',(#4605),#732);
#4651=STYLED_ITEM('color',(#4624),#750);
#4652=STYLED_ITEM('color',(#4605),#771);
#4653=STYLED_ITEM('color',(#4605),#787);
#4654=STYLED_ITEM('color',(#4605),#798);
#4655=STYLED_ITEM('color',(#4605),#814);
#4656=STYLED_ITEM('color',(#4624),#826);
#4657=STYLED_ITEM('color',(#4605),#851);
#4658=STYLED_ITEM('color',(#4624),#869);
#4659=STYLED_ITEM('color',(#4605),#890);
#4660=STYLED_ITEM('color',(#4624),#908);
#4661=STYLED_ITEM('color',(#4605),#929);
#4662=STYLED_ITEM('color',(#4624),#947);
#4663=STYLED_ITEM('color',(#4605),#968);
#4664=STYLED_ITEM('color',(#4624),#986);
#4665=STYLED_ITEM('color',(#4605),#1007);
#4666=STYLED_ITEM('color',(#4624),#1025);
#4667=STYLED_ITEM('color',(#4605),#1046);
#4668=STYLED_ITEM('color',(#4624),#1064);
#4669=STYLED_ITEM('color',(#4605),#1085);
#4670=STYLED_ITEM('color',(#4605),#1102);
#4671=STYLED_ITEM('color',(#4624),#1113);
#4672=STYLED_ITEM('color',(#4624),#1120);
#4673=STYLED_ITEM('color',(#4605),#1144);
#4674=STYLED_ITEM('color',(#4605),#1214);
#4675=STYLED_ITEM('color',(#4605),#1228);
#4676=STYLED_ITEM('color',(#4605),#1242);
#4677=STYLED_ITEM('color',(#4605),#1256);
#4678=STYLED_ITEM('color',(#4624),#1326);
#4679=STYLED_ITEM('color',(#4624),#1346);
#4680=STYLED_ITEM('color',(#4605),#1410);
#4681=STYLED_ITEM('color',(#4624),#1441);
#4682=STYLED_ITEM('color',(#4624),#1501);
#4683=STYLED_ITEM('color',(#4624),#1517);
#4684=STYLED_ITEM('color',(#4605),#1570);
#4685=STYLED_ITEM('color',(#4624),#1581);
#4686=STYLED_ITEM('color',(#4624),#1641);
#4687=STYLED_ITEM('color',(#4624),#1657);
#4688=STYLED_ITEM('color',(#4605),#1710);
#4689=STYLED_ITEM('color',(#4624),#1721);
#4690=STYLED_ITEM('color',(#4624),#1781);
#4691=STYLED_ITEM('color',(#4624),#1797);
#4692=STYLED_ITEM('color',(#4605),#1850);
#4693=STYLED_ITEM('color',(#4624),#1861);
#4694=STYLED_ITEM('color',(#4624),#1921);
#4695=STYLED_ITEM('color',(#4624),#1937);
#4696=STYLED_ITEM('color',(#4605),#1990);
#4697=STYLED_ITEM('color',(#4624),#2001);
#4698=STYLED_ITEM('color',(#4624),#2061);
#4699=STYLED_ITEM('color',(#4624),#2077);
#4700=STYLED_ITEM('color',(#4605),#2130);
#4701=STYLED_ITEM('color',(#4624),#2141);
#4702=STYLED_ITEM('color',(#4624),#2201);
#4703=STYLED_ITEM('color',(#4624),#2217);
#4704=STYLED_ITEM('color',(#4605),#2270);
#4705=STYLED_ITEM('color',(#4624),#2278);
#4706=STYLED_ITEM('color',(#4624),#2336);
#4707=STYLED_ITEM('color',(#4624),#2345);
#4708=STYLED_ITEM('color',(#4624),#2412);
#4709=STYLED_ITEM('color',(#4624),#2428);
#4710=STYLED_ITEM('color',(#4605),#2476);
#4711=STYLED_ITEM('color',(#4624),#2486);
#4712=STYLED_ITEM('color',(#4624),#2546);
#4713=STYLED_ITEM('color',(#4624),#2562);
#4714=STYLED_ITEM('color',(#4605),#2615);
#4715=STYLED_ITEM('color',(#4624),#2626);
#4716=STYLED_ITEM('color',(#4624),#2686);
#4717=STYLED_ITEM('color',(#4624),#2702);
#4718=STYLED_ITEM('color',(#4605),#2755);
#4719=STYLED_ITEM('color',(#4624),#2766);
#4720=STYLED_ITEM('color',(#4624),#2826);
#4721=STYLED_ITEM('color',(#4624),#2842);
#4722=STYLED_ITEM('color',(#4605),#2895);
#4723=STYLED_ITEM('color',(#4624),#2906);
#4724=STYLED_ITEM('color',(#4624),#2966);
#4725=STYLED_ITEM('color',(#4624),#2982);
#4726=STYLED_ITEM('color',(#4605),#3035);
#4727=STYLED_ITEM('color',(#4624),#3046);
#4728=STYLED_ITEM('color',(#4624),#3106);
#4729=STYLED_ITEM('color',(#4624),#3122);
#4730=STYLED_ITEM('color',(#4605),#3175);
#4731=STYLED_ITEM('color',(#4624),#3186);
#4732=STYLED_ITEM('color',(#4624),#3246);
#4733=STYLED_ITEM('color',(#4624),#3262);
#4734=STYLED_ITEM('color',(#4624),#3313);
#4735=STYLED_ITEM('color',(#4624),#3324);
#4736=STYLED_ITEM('color',(#4624),#3336);
#4737=STYLED_ITEM('color',(#4624),#3348);
#4738=STYLED_ITEM('color',(#4624),#3360);
#4739=STYLED_ITEM('color',(#4624),#3372);
#4740=STYLED_ITEM('color',(#4624),#3384);
#4741=STYLED_ITEM('color',(#4605),#3396);
#4742=STYLED_ITEM('color',(#4605),#3424);
#4743=STYLED_ITEM('color',(#4624),#3433);
#4744=STYLED_ITEM('color',(#4624),#3445);
#4745=STYLED_ITEM('color',(#4624),#3457);
#4746=STYLED_ITEM('color',(#4624),#3469);
#4747=STYLED_ITEM('color',(#4624),#3481);
#4748=STYLED_ITEM('color',(#4624),#3493);
#4749=STYLED_ITEM('color',(#4605),#3505);
#4750=STYLED_ITEM('color',(#4624),#3514);
#4751=STYLED_ITEM('color',(#4624),#3525);
#4752=STYLED_ITEM('color',(#4624),#3536);
#4753=STYLED_ITEM('color',(#4624),#3545);
#4754=STYLED_ITEM('color',(#4624),#3555);
#4755=STYLED_ITEM('color',(#4624),#3565);
#4756=STYLED_ITEM('color',(#4624),#3575);
#4757=STYLED_ITEM('color',(#4624),#3585);
#4758=STYLED_ITEM('color',(#4605),#3594);
#4759=STYLED_ITEM('color',(#4624),#3601);
#4760=STYLED_ITEM('color',(#4624),#3611);
#4761=STYLED_ITEM('color',(#4624),#3621);
#4762=STYLED_ITEM('color',(#4624),#3630);
#4763=STYLED_ITEM('color',(#4624),#3640);
#4764=STYLED_ITEM('color',(#4624),#3650);
#4765=STYLED_ITEM('color',(#4624),#3660);
#4766=STYLED_ITEM('color',(#4624),#3670);
#4767=STYLED_ITEM('color',(#4624),#3678);
#4768=STYLED_ITEM('color',(#4624),#3688);
#4769=STYLED_ITEM('color',(#4624),#3698);
#4770=STYLED_ITEM('color',(#4624),#3707);
#4771=STYLED_ITEM('color',(#4624),#3717);
#4772=STYLED_ITEM('color',(#4624),#3727);
#4773=STYLED_ITEM('color',(#4624),#3737);
#4774=STYLED_ITEM('color',(#4624),#3747);
#4775=STYLED_ITEM('color',(#4624),#3755);
#4776=STYLED_ITEM('color',(#4624),#3765);
#4777=STYLED_ITEM('color',(#4624),#3775);
#4778=STYLED_ITEM('color',(#4624),#3784);
#4779=STYLED_ITEM('color',(#4624),#3794);
#4780=STYLED_ITEM('color',(#4624),#3804);
#4781=STYLED_ITEM('color',(#4624),#3814);
#4782=STYLED_ITEM('color',(#4624),#3824);
#4783=STYLED_ITEM('color',(#4624),#3832);
#4784=STYLED_ITEM('color',(#4624),#3842);
#4785=STYLED_ITEM('color',(#4624),#3852);
#4786=STYLED_ITEM('color',(#4624),#3861);
#4787=STYLED_ITEM('color',(#4624),#3871);
#4788=STYLED_ITEM('color',(#4624),#3881);
#4789=STYLED_ITEM('color',(#4624),#3891);
#4790=STYLED_ITEM('color',(#4624),#3901);
#4791=STYLED_ITEM('color',(#4624),#3909);
#4792=STYLED_ITEM('color',(#4624),#3919);
#4793=STYLED_ITEM('color',(#4624),#3929);
#4794=STYLED_ITEM('color',(#4624),#3938);
#4795=STYLED_ITEM('color',(#4624),#3948);
#4796=STYLED_ITEM('color',(#4624),#3958);
#4797=STYLED_ITEM('color',(#4624),#3968);
#4798=STYLED_ITEM('color',(#4624),#3978);
#4799=STYLED_ITEM('color',(#4624),#3986);
#4800=STYLED_ITEM('color',(#4624),#3996);
#4801=STYLED_ITEM('color',(#4624),#4006);
#4802=STYLED_ITEM('color',(#4624),#4015);
#4803=STYLED_ITEM('color',(#4624),#4025);
#4804=STYLED_ITEM('color',(#4624),#4035);
#4805=STYLED_ITEM('color',(#4624),#4045);
#4806=STYLED_ITEM('color',(#4624),#4055);
#4807=STYLED_ITEM('color',(#4624),#4063);
#4808=STYLED_ITEM('color',(#4624),#4074);
#4809=STYLED_ITEM('color',(#4624),#4083);
#4810=STYLED_ITEM('color',(#4624),#4093);
#4811=STYLED_ITEM('color',(#4624),#4103);
#4812=STYLED_ITEM('color',(#4624),#4113);
#4813=STYLED_ITEM('color',(#4624),#4123);
#4814=STYLED_ITEM('color',(#4624),#4132);
#4815=STYLED_ITEM('color',(#4624),#4142);
#4816=STYLED_ITEM('color',(#4624),#4152);
#4817=STYLED_ITEM('color',(#4624),#4161);
#4818=STYLED_ITEM('color',(#4624),#4171);
#4819=STYLED_ITEM('color',(#4624),#4181);
#4820=STYLED_ITEM('color',(#4624),#4191);
#4821=STYLED_ITEM('color',(#4624),#4201);
#4822=STYLED_ITEM('color',(#4624),#4209);
#4823=STYLED_ITEM('color',(#4624),#4219);
#4824=STYLED_ITEM('color',(#4624),#4229);
#4825=STYLED_ITEM('color',(#4624),#4238);
#4826=STYLED_ITEM('color',(#4624),#4248);
#4827=STYLED_ITEM('color',(#4624),#4258);
#4828=STYLED_ITEM('color',(#4624),#4268);
#4829=STYLED_ITEM('color',(#4624),#4278);
#4830=STYLED_ITEM('color',(#4624),#4286);
#4831=STYLED_ITEM('color',(#4624),#4296);
#4832=STYLED_ITEM('color',(#4624),#4306);
#4833=STYLED_ITEM('color',(#4624),#4315);
#4834=STYLED_ITEM('color',(#4624),#4325);
#4835=STYLED_ITEM('color',(#4624),#4335);
#4836=STYLED_ITEM('color',(#4624),#4345);
#4837=STYLED_ITEM('color',(#4624),#4355);
#4838=STYLED_ITEM('color',(#4624),#4363);
#4839=STYLED_ITEM('color',(#4624),#4373);
#4840=STYLED_ITEM('color',(#4624),#4383);
#4841=STYLED_ITEM('color',(#4624),#4392);
#4842=STYLED_ITEM('color',(#4624),#4402);
#4843=STYLED_ITEM('color',(#4624),#4412);
#4844=STYLED_ITEM('color',(#4624),#4422);
#4845=STYLED_ITEM('color',(#4624),#4432);
#4846=STYLED_ITEM('color',(#4624),#4440);
#4847=STYLED_ITEM('color',(#4624),#4450);
#4848=STYLED_ITEM('color',(#4624),#4460);
#4849=STYLED_ITEM('color',(#4624),#4469);
#4850=STYLED_ITEM('color',(#4624),#4479);
#4851=STYLED_ITEM('color',(#4624),#4489);
#4852=STYLED_ITEM('color',(#4624),#4499);
#4853=STYLED_ITEM('color',(#4624),#4509);
#4854=STYLED_ITEM('color',(#4624),#4517);
#4855=STYLED_ITEM('color',(#4624),#4527);
#4856=STYLED_ITEM('color',(#4624),#4537);
#4857=STYLED_ITEM('color',(#4624),#4546);
#4858=STYLED_ITEM('color',(#4624),#4556);
#4859=STYLED_ITEM('color',(#4624),#4566);
#4860=STYLED_ITEM('color',(#4624),#4576);
#4861=STYLED_ITEM('color',(#4624),#4586);
#4862=STYLED_ITEM('color',(#4863),#4594);
#4863=PRESENTATION_STYLE_ASSIGNMENT((#4864,#4870));
#4864=SURFACE_STYLE_USAGE(.BOTH.,#4865);
#4865=SURFACE_SIDE_STYLE('',(#4866));
#4866=SURFACE_STYLE_FILL_AREA(#4867);
#4867=FILL_AREA_STYLE('',(#4868));
#4868=FILL_AREA_STYLE_COLOUR('',#4869);
#4869=COLOUR_RGB('',0.690999998585,0.664000007176,0.597999987832);
#4870=CURVE_STYLE('',#4613,POSITIVE_LENGTH_MEASURE(0.1),#4869);
ENDSEC;
END-ISO-10303-21;
