ISO-10303-21;
HEADER;
/* Texas_RNQ0040A_WQFN-40-1EP_6x4mm_P0.4mm_EP4.7x2.7mm.step 3D STEP model for use in ECAD systems
 * Copyright (C) 2026, KiCAD
 *
 * This work is licensed under the
 * [Creative Commons CC-BY-SA 4.0 License](https://creativecommons.org/licenses/by-sa/4.0/legalcode),
 * with the following exception:
 *
 * To the extent that the creation of electronic designs that use 'Licensed Material' can be
 * considered to be 'Adapted Material', then the copyright holder waives article 3 of the license
 * with respect to these designs and any generated files which use data provided as part of the
 * 'Licensed Material'.
 *
 * You are free to use the library data in your own projects without the obligation to share your
 * project files under this or any other license agreement. However, if you wish to distribute
 * these libraries, or parts thereof (including in modified form) as a collection then the exception
 * above does not apply. Please refer to
 * https://gitlab.com/kicad/libraries/kicad-packages3D/-/blob/master/LICENSE.md for further clarification
 * of the exception.
 *
 * Disclaimer of Warranties and Limitation of Liability.
 * These libraries are provided in the hope that they will be useful, but are provided without warranty of any kind, express or implied.
 * USE 3D CAD DATA AT YOUR OWN RISK
 * DO NOT RELY UPON ANY INFORMATION FOUND HERE WITHOUT INDEPENDENT VERIFICATION.
 */

FILE_DESCRIPTION(
/* description */ ('model of Texas_RNQ0040A_WQFN-40-1EP_6x4mm_P0.4mm_EP4.7x2.7mm'),
/* implementation_level */ '2;1');

FILE_NAME(
/* name */ 'Texas_RNQ0040A_WQFN-40-1EP_6x4mm_P0.4mm_EP4.7x2.7mm.step',
/* time_stamp */ '1970-01-01T00:00:00',
/* author */ ('KiCAD','kicad'),
/* organization */ ('OCCT'),
/* preprocessor_version */ '',
/* originating_system */ 'KiCAD',
/* authorisation */ '');

FILE_SCHEMA(('AUTOMOTIVE_DESIGN { 1 0 10303 214 1 1 1 1 }'));
ENDSEC;

DATA;
#1=APPLICATION_PROTOCOL_DEFINITION('international standard','automotive_design',2000,#2);
#2=APPLICATION_CONTEXT('core data for automotive mechanical design processes');
#3=SHAPE_DEFINITION_REPRESENTATION(#4,#10);
#4=PRODUCT_DEFINITION_SHAPE('','',#5);
#5=PRODUCT_DEFINITION('design','',#6,#9);
#6=PRODUCT_DEFINITION_FORMATION('','',#7);
#7=PRODUCT('Texas_RNQ0040A_WQFN-40-1EP_6x4mm_P0.4mm_EP4.7x2.7mm','Texas_RNQ0040A_WQFN-40-1EP_6x4mm_P0.4mm_EP4.7x2.7mm','',(#8));
#8=PRODUCT_CONTEXT('',#2,'mechanical');
#9=PRODUCT_DEFINITION_CONTEXT('part definition',#2,'design');
#10=ADVANCED_BREP_SHAPE_REPRESENTATION('',(#11,#15),#4545);
#11=AXIS2_PLACEMENT_3D('',#12,#13,#14);
#12=CARTESIAN_POINT('',(0.,0.,0.));
#13=DIRECTION('',(0.,0.,1.));
#14=DIRECTION('',(1.,0.,-0.));
#15=MANIFOLD_SOLID_BREP('',#16);
#16=CLOSED_SHELL('',(#17,#216,#244,#512,#1368,#1386,#1403,#1420,#1437,#1454,#1471,#1488,#1505,#1709,#1838,#1844,#1859,#1873,#1887,#1901,#1915,#1929,#1943,#1957,#1971,#1985,#1999,#2013,#2031,#2051,#2068,#2086,#2100,#2116,#2131,#2148,#2165,#2182,#2193,#2206,#2221,#2238,#2255,#2272,#2283,#2296,#2311,#2328,#2345,#2362,#2373,#2386,#2401,#2418,#2435,#2452,#2463,#2476,#2491,#2508,#2525,#2542,#2553,#2566,#2581,#2598,#2615,#2632,#2643,#2656,#2671,#2688,#2705,#2722,#2733,#2746,#2763,#2778,#2795,#2814,#2827,#2841,#2858,#2873,#2890,#2907,#2920,#2931,#2948,#2963,#2980,#2997,#3010,#3021,#3038,#3053,#3070,#3087,#3100,#3111,#3126,#3146,#3163,#3181,#3192,#3208,#3223,#3240,#3257,#3274,#3285,#3298,#3313,#3330,#3347,#3364,#3375,#3388,#3403,#3420,#3437,#3454,#3465,#3478,#3493,#3510,#3527,#3544,#3555,#3568,#3583,#3600,#3617,#3634,#3645,#3658,#3673,#3690,#3707,#3724,#3735,#3748,#3763,#3780,#3797,#3814,#3825,#3838,#3857,#3872,#3887,#3898,#3908,#3918,#3928,#3938,#3948,#3958,#3968,#3978,#3992,#4005,#4018,#4031,#4044,#4057,#4070,#4083,#4096,#4109,#4122,#4135,#4146,#4156,#4166,#4176,#4186,#4196,#4206,#4216,#4226,#4236,#4246,#4256,#4266,#4276,#4286,#4296,#4306,#4316,#4326,#4336,#4346,#4356,#4366,#4376,#4386,#4396,#4406,#4416,#4426,#4436,#4446,#4456,#4466,#4476,#4486,#4496,#4506,#4516,#4526,#4536));
#17=ADVANCED_FACE('',(#18),#213,.F.);
#18=FACE_BOUND('',#19,.F.);
#19=EDGE_LOOP('',(#20,#29,#35,#40,#46,#53,#59,#63,#69,#74,#80,#84,#90,#95,#101,#105,#111,#116,#122,#126,#132,#137,#143,#147,#153,#158,#164,#168,#174,#179,#185,#189,#195,#200,#206,#210));
#20=ORIENTED_EDGE('',*,*,#21,.F.);
#21=EDGE_CURVE('',#22,#24,#26,.T.);
#22=VERTEX_POINT('',#23);
#23=CARTESIAN_POINT('',(-3.,-2.,0.8));
#24=VERTEX_POINT('',#25);
#25=CARTESIAN_POINT('',(-3.,2.,0.8));
#26=LINE('',#23,#27);
#27=VECTOR('',#28,1.);
#28=DIRECTION('',(0.,1.,0.));
#29=ORIENTED_EDGE('',*,*,#30,.F.);
#30=EDGE_CURVE('',#31,#22,#33,.T.);
#31=VERTEX_POINT('',#32);
#32=CARTESIAN_POINT('',(-3.,-2.,5.E-02));
#33=LINE('',#32,#34);
#34=VECTOR('',#13,1.);
#35=ORIENTED_EDGE('',*,*,#36,.T.);
#36=EDGE_CURVE('',#31,#37,#39,.T.);
#37=VERTEX_POINT('',#38);
#38=CARTESIAN_POINT('',(-3.,-1.5,5.E-02));
#39=LINE('',#32,#27);
#40=ORIENTED_EDGE('',*,*,#41,.T.);
#41=EDGE_CURVE('',#37,#42,#44,.T.);
#42=VERTEX_POINT('',#43);
#43=CARTESIAN_POINT('',(-3.,-1.5,0.16));
#44=LINE('',#45,#34);
#45=CARTESIAN_POINT('',(-3.,-1.5,0.));
#46=ORIENTED_EDGE('',*,*,#47,.F.);
#47=EDGE_CURVE('',#48,#42,#50,.T.);
#48=VERTEX_POINT('',#49);
#49=CARTESIAN_POINT('',(-3.,-1.3,0.16));
#50=LINE('',#49,#51);
#51=VECTOR('',#52,1.);
#52=DIRECTION('',(2.775557561563E-17,-1.,0.));
#53=ORIENTED_EDGE('',*,*,#54,.F.);
#54=EDGE_CURVE('',#55,#48,#57,.T.);
#55=VERTEX_POINT('',#56);
#56=CARTESIAN_POINT('',(-3.,-1.3,5.E-02));
#57=LINE('',#58,#34);
#58=CARTESIAN_POINT('',(-3.,-1.3,0.));
#59=ORIENTED_EDGE('',*,*,#60,.T.);
#60=EDGE_CURVE('',#55,#61,#39,.T.);
#61=VERTEX_POINT('',#62);
#62=CARTESIAN_POINT('',(-3.,-1.1,5.E-02));
#63=ORIENTED_EDGE('',*,*,#64,.T.);
#64=EDGE_CURVE('',#61,#65,#67,.T.);
#65=VERTEX_POINT('',#66);
#66=CARTESIAN_POINT('',(-3.,-1.1,0.16));
#67=LINE('',#68,#34);
#68=CARTESIAN_POINT('',(-3.,-1.1,0.));
#69=ORIENTED_EDGE('',*,*,#70,.F.);
#70=EDGE_CURVE('',#71,#65,#73,.T.);
#71=VERTEX_POINT('',#72);
#72=CARTESIAN_POINT('',(-3.,-0.9,0.16));
#73=LINE('',#72,#51);
#74=ORIENTED_EDGE('',*,*,#75,.F.);
#75=EDGE_CURVE('',#76,#71,#78,.T.);
#76=VERTEX_POINT('',#77);
#77=CARTESIAN_POINT('',(-3.,-0.9,5.E-02));
#78=LINE('',#79,#34);
#79=CARTESIAN_POINT('',(-3.,-0.9,0.));
#80=ORIENTED_EDGE('',*,*,#81,.T.);
#81=EDGE_CURVE('',#76,#82,#39,.T.);
#82=VERTEX_POINT('',#83);
#83=CARTESIAN_POINT('',(-3.,-0.7,5.E-02));
#84=ORIENTED_EDGE('',*,*,#85,.T.);
#85=EDGE_CURVE('',#82,#86,#88,.T.);
#86=VERTEX_POINT('',#87);
#87=CARTESIAN_POINT('',(-3.,-0.7,0.16));
#88=LINE('',#89,#34);
#89=CARTESIAN_POINT('',(-3.,-0.7,0.));
#90=ORIENTED_EDGE('',*,*,#91,.F.);
#91=EDGE_CURVE('',#92,#86,#94,.T.);
#92=VERTEX_POINT('',#93);
#93=CARTESIAN_POINT('',(-3.,-0.5,0.16));
#94=LINE('',#93,#51);
#95=ORIENTED_EDGE('',*,*,#96,.F.);
#96=EDGE_CURVE('',#97,#92,#99,.T.);
#97=VERTEX_POINT('',#98);
#98=CARTESIAN_POINT('',(-3.,-0.5,5.E-02));
#99=LINE('',#100,#34);
#100=CARTESIAN_POINT('',(-3.,-0.5,0.));
#101=ORIENTED_EDGE('',*,*,#102,.T.);
#102=EDGE_CURVE('',#97,#103,#39,.T.);
#103=VERTEX_POINT('',#104);
#104=CARTESIAN_POINT('',(-3.,-0.3,5.E-02));
#105=ORIENTED_EDGE('',*,*,#106,.T.);
#106=EDGE_CURVE('',#103,#107,#109,.T.);
#107=VERTEX_POINT('',#108);
#108=CARTESIAN_POINT('',(-3.,-0.3,0.16));
#109=LINE('',#110,#34);
#110=CARTESIAN_POINT('',(-3.,-0.3,0.));
#111=ORIENTED_EDGE('',*,*,#112,.F.);
#112=EDGE_CURVE('',#113,#107,#115,.T.);
#113=VERTEX_POINT('',#114);
#114=CARTESIAN_POINT('',(-3.,-1.E-01,0.16));
#115=LINE('',#114,#51);
#116=ORIENTED_EDGE('',*,*,#117,.F.);
#117=EDGE_CURVE('',#118,#113,#120,.T.);
#118=VERTEX_POINT('',#119);
#119=CARTESIAN_POINT('',(-3.,-1.E-01,5.E-02));
#120=LINE('',#121,#34);
#121=CARTESIAN_POINT('',(-3.,-1.E-01,0.));
#122=ORIENTED_EDGE('',*,*,#123,.T.);
#123=EDGE_CURVE('',#118,#124,#39,.T.);
#124=VERTEX_POINT('',#125);
#125=CARTESIAN_POINT('',(-3.,0.1,5.E-02));
#126=ORIENTED_EDGE('',*,*,#127,.T.);
#127=EDGE_CURVE('',#124,#128,#130,.T.);
#128=VERTEX_POINT('',#129);
#129=CARTESIAN_POINT('',(-3.,1.E-01,0.16));
#130=LINE('',#131,#34);
#131=CARTESIAN_POINT('',(-3.,1.E-01,0.));
#132=ORIENTED_EDGE('',*,*,#133,.F.);
#133=EDGE_CURVE('',#134,#128,#136,.T.);
#134=VERTEX_POINT('',#135);
#135=CARTESIAN_POINT('',(-3.,0.3,0.16));
#136=LINE('',#135,#51);
#137=ORIENTED_EDGE('',*,*,#138,.F.);
#138=EDGE_CURVE('',#139,#134,#141,.T.);
#139=VERTEX_POINT('',#140);
#140=CARTESIAN_POINT('',(-3.,0.3,5.E-02));
#141=LINE('',#142,#34);
#142=CARTESIAN_POINT('',(-3.,0.3,0.));
#143=ORIENTED_EDGE('',*,*,#144,.T.);
#144=EDGE_CURVE('',#139,#145,#39,.T.);
#145=VERTEX_POINT('',#146);
#146=CARTESIAN_POINT('',(-3.,0.5,5.E-02));
#147=ORIENTED_EDGE('',*,*,#148,.T.);
#148=EDGE_CURVE('',#145,#149,#151,.T.);
#149=VERTEX_POINT('',#150);
#150=CARTESIAN_POINT('',(-3.,0.5,0.16));
#151=LINE('',#152,#34);
#152=CARTESIAN_POINT('',(-3.,0.5,0.));
#153=ORIENTED_EDGE('',*,*,#154,.F.);
#154=EDGE_CURVE('',#155,#149,#157,.T.);
#155=VERTEX_POINT('',#156);
#156=CARTESIAN_POINT('',(-3.,0.7,0.16));
#157=LINE('',#156,#51);
#158=ORIENTED_EDGE('',*,*,#159,.F.);
#159=EDGE_CURVE('',#160,#155,#162,.T.);
#160=VERTEX_POINT('',#161);
#161=CARTESIAN_POINT('',(-3.,0.7,5.E-02));
#162=LINE('',#163,#34);
#163=CARTESIAN_POINT('',(-3.,0.7,0.));
#164=ORIENTED_EDGE('',*,*,#165,.T.);
#165=EDGE_CURVE('',#160,#166,#39,.T.);
#166=VERTEX_POINT('',#167);
#167=CARTESIAN_POINT('',(-3.,0.9,5.E-02));
#168=ORIENTED_EDGE('',*,*,#169,.T.);
#169=EDGE_CURVE('',#166,#170,#172,.T.);
#170=VERTEX_POINT('',#171);
#171=CARTESIAN_POINT('',(-3.,0.9,0.16));
#172=LINE('',#173,#34);
#173=CARTESIAN_POINT('',(-3.,0.9,0.));
#174=ORIENTED_EDGE('',*,*,#175,.F.);
#175=EDGE_CURVE('',#176,#170,#178,.T.);
#176=VERTEX_POINT('',#177);
#177=CARTESIAN_POINT('',(-3.,1.1,0.16));
#178=LINE('',#177,#51);
#179=ORIENTED_EDGE('',*,*,#180,.F.);
#180=EDGE_CURVE('',#181,#176,#183,.T.);
#181=VERTEX_POINT('',#182);
#182=CARTESIAN_POINT('',(-3.,1.1,5.E-02));
#183=LINE('',#184,#34);
#184=CARTESIAN_POINT('',(-3.,1.1,0.));
#185=ORIENTED_EDGE('',*,*,#186,.T.);
#186=EDGE_CURVE('',#181,#187,#39,.T.);
#187=VERTEX_POINT('',#188);
#188=CARTESIAN_POINT('',(-3.,1.3,5.E-02));
#189=ORIENTED_EDGE('',*,*,#190,.T.);
#190=EDGE_CURVE('',#187,#191,#193,.T.);
#191=VERTEX_POINT('',#192);
#192=CARTESIAN_POINT('',(-3.,1.3,0.16));
#193=LINE('',#194,#34);
#194=CARTESIAN_POINT('',(-3.,1.3,0.));
#195=ORIENTED_EDGE('',*,*,#196,.F.);
#196=EDGE_CURVE('',#197,#191,#199,.T.);
#197=VERTEX_POINT('',#198);
#198=CARTESIAN_POINT('',(-3.,1.5,0.16));
#199=LINE('',#198,#51);
#200=ORIENTED_EDGE('',*,*,#201,.F.);
#201=EDGE_CURVE('',#202,#197,#204,.T.);
#202=VERTEX_POINT('',#203);
#203=CARTESIAN_POINT('',(-3.,1.5,5.E-02));
#204=LINE('',#205,#34);
#205=CARTESIAN_POINT('',(-3.,1.5,0.));
#206=ORIENTED_EDGE('',*,*,#207,.T.);
#207=EDGE_CURVE('',#202,#208,#39,.T.);
#208=VERTEX_POINT('',#209);
#209=CARTESIAN_POINT('',(-3.,2.,5.E-02));
#210=ORIENTED_EDGE('',*,*,#211,.T.);
#211=EDGE_CURVE('',#208,#24,#212,.T.);
#212=LINE('',#209,#34);
#213=PLANE('',#214);
#214=AXIS2_PLACEMENT_3D('',#32,#215,#13);
#215=DIRECTION('',(1.,0.,0.));
#216=ADVANCED_FACE('',(#217,#233),#242,.T.);
#217=FACE_BOUND('',#218,.T.);
#218=EDGE_LOOP('',(#20,#219,#225,#230));
#219=ORIENTED_EDGE('',*,*,#220,.T.);
#220=EDGE_CURVE('',#22,#221,#223,.T.);
#221=VERTEX_POINT('',#222);
#222=CARTESIAN_POINT('',(3.,-2.,0.8));
#223=LINE('',#23,#224);
#224=VECTOR('',#215,1.);
#225=ORIENTED_EDGE('',*,*,#226,.T.);
#226=EDGE_CURVE('',#221,#227,#229,.T.);
#227=VERTEX_POINT('',#228);
#228=CARTESIAN_POINT('',(3.,2.,0.8));
#229=LINE('',#222,#27);
#230=ORIENTED_EDGE('',*,*,#231,.F.);
#231=EDGE_CURVE('',#24,#227,#232,.T.);
#232=LINE('',#25,#224);
#233=FACE_BOUND('',#234,.T.);
#234=EDGE_LOOP('',(#235));
#235=ORIENTED_EDGE('',*,*,#236,.F.);
#236=EDGE_CURVE('',#237,#237,#239,.T.);
#237=VERTEX_POINT('',#238);
#238=CARTESIAN_POINT('',(-2.1,1.4,0.8));
#239=CIRCLE('',#240,0.3);
#240=AXIS2_PLACEMENT_3D('',#241,#13,#215);
#241=CARTESIAN_POINT('',(-2.4,1.4,0.8));
#242=PLANE('',#243);
#243=AXIS2_PLACEMENT_3D('',#23,#13,#215);
#244=ADVANCED_FACE('',(#245),#510,.T.);
#245=FACE_BOUND('',#246,.T.);
#246=EDGE_LOOP('',(#247,#210,#252,#253,#258,#262,#268,#275,#281,#285,#291,#296,#302,#306,#312,#317,#323,#327,#333,#338,#344,#348,#354,#359,#365,#369,#375,#380,#386,#390,#396,#401,#407,#411,#417,#422,#428,#432,#438,#443,#449,#453,#459,#464,#470,#474,#480,#485,#491,#495,#501,#506));
#247=ORIENTED_EDGE('',*,*,#248,.F.);
#248=EDGE_CURVE('',#208,#249,#251,.T.);
#249=VERTEX_POINT('',#250);
#250=CARTESIAN_POINT('',(-2.3,2.,5.E-02));
#251=LINE('',#209,#224);
#252=ORIENTED_EDGE('',*,*,#231,.T.);
#253=ORIENTED_EDGE('',*,*,#254,.F.);
#254=EDGE_CURVE('',#255,#227,#257,.T.);
#255=VERTEX_POINT('',#256);
#256=CARTESIAN_POINT('',(3.,2.,5.E-02));
#257=LINE('',#256,#34);
#258=ORIENTED_EDGE('',*,*,#259,.F.);
#259=EDGE_CURVE('',#260,#255,#251,.T.);
#260=VERTEX_POINT('',#261);
#261=CARTESIAN_POINT('',(2.3,2.,5.E-02));
#262=ORIENTED_EDGE('',*,*,#263,.T.);
#263=EDGE_CURVE('',#260,#264,#266,.T.);
#264=VERTEX_POINT('',#265);
#265=CARTESIAN_POINT('',(2.3,2.,0.16));
#266=LINE('',#267,#34);
#267=CARTESIAN_POINT('',(2.3,2.,0.));
#268=ORIENTED_EDGE('',*,*,#269,.T.);
#269=EDGE_CURVE('',#264,#270,#272,.T.);
#270=VERTEX_POINT('',#271);
#271=CARTESIAN_POINT('',(2.1,2.,0.16));
#272=LINE('',#265,#273);
#273=VECTOR('',#274,1.);
#274=DIRECTION('',(-1.,-1.387778780781E-16,0.));
#275=ORIENTED_EDGE('',*,*,#276,.F.);
#276=EDGE_CURVE('',#277,#270,#279,.T.);
#277=VERTEX_POINT('',#278);
#278=CARTESIAN_POINT('',(2.1,2.,5.E-02));
#279=LINE('',#280,#34);
#280=CARTESIAN_POINT('',(2.1,2.,0.));
#281=ORIENTED_EDGE('',*,*,#282,.F.);
#282=EDGE_CURVE('',#283,#277,#251,.T.);
#283=VERTEX_POINT('',#284);
#284=CARTESIAN_POINT('',(1.9,2.,5.E-02));
#285=ORIENTED_EDGE('',*,*,#286,.T.);
#286=EDGE_CURVE('',#283,#287,#289,.T.);
#287=VERTEX_POINT('',#288);
#288=CARTESIAN_POINT('',(1.9,2.,0.16));
#289=LINE('',#290,#34);
#290=CARTESIAN_POINT('',(1.9,2.,0.));
#291=ORIENTED_EDGE('',*,*,#292,.T.);
#292=EDGE_CURVE('',#287,#293,#295,.T.);
#293=VERTEX_POINT('',#294);
#294=CARTESIAN_POINT('',(1.7,2.,0.16));
#295=LINE('',#288,#273);
#296=ORIENTED_EDGE('',*,*,#297,.F.);
#297=EDGE_CURVE('',#298,#293,#300,.T.);
#298=VERTEX_POINT('',#299);
#299=CARTESIAN_POINT('',(1.7,2.,5.E-02));
#300=LINE('',#301,#34);
#301=CARTESIAN_POINT('',(1.7,2.,0.));
#302=ORIENTED_EDGE('',*,*,#303,.F.);
#303=EDGE_CURVE('',#304,#298,#251,.T.);
#304=VERTEX_POINT('',#305);
#305=CARTESIAN_POINT('',(1.5,2.,5.E-02));
#306=ORIENTED_EDGE('',*,*,#307,.T.);
#307=EDGE_CURVE('',#304,#308,#310,.T.);
#308=VERTEX_POINT('',#309);
#309=CARTESIAN_POINT('',(1.5,2.,0.16));
#310=LINE('',#311,#34);
#311=CARTESIAN_POINT('',(1.5,2.,0.));
#312=ORIENTED_EDGE('',*,*,#313,.T.);
#313=EDGE_CURVE('',#308,#314,#316,.T.);
#314=VERTEX_POINT('',#315);
#315=CARTESIAN_POINT('',(1.3,2.,0.16));
#316=LINE('',#309,#273);
#317=ORIENTED_EDGE('',*,*,#318,.F.);
#318=EDGE_CURVE('',#319,#314,#321,.T.);
#319=VERTEX_POINT('',#320);
#320=CARTESIAN_POINT('',(1.3,2.,5.E-02));
#321=LINE('',#322,#34);
#322=CARTESIAN_POINT('',(1.3,2.,0.));
#323=ORIENTED_EDGE('',*,*,#324,.F.);
#324=EDGE_CURVE('',#325,#319,#251,.T.);
#325=VERTEX_POINT('',#326);
#326=CARTESIAN_POINT('',(1.1,2.,5.E-02));
#327=ORIENTED_EDGE('',*,*,#328,.T.);
#328=EDGE_CURVE('',#325,#329,#331,.T.);
#329=VERTEX_POINT('',#330);
#330=CARTESIAN_POINT('',(1.1,2.,0.16));
#331=LINE('',#332,#34);
#332=CARTESIAN_POINT('',(1.1,2.,0.));
#333=ORIENTED_EDGE('',*,*,#334,.T.);
#334=EDGE_CURVE('',#329,#335,#337,.T.);
#335=VERTEX_POINT('',#336);
#336=CARTESIAN_POINT('',(0.9,2.,0.16));
#337=LINE('',#330,#273);
#338=ORIENTED_EDGE('',*,*,#339,.F.);
#339=EDGE_CURVE('',#340,#335,#342,.T.);
#340=VERTEX_POINT('',#341);
#341=CARTESIAN_POINT('',(0.9,2.,5.E-02));
#342=LINE('',#343,#34);
#343=CARTESIAN_POINT('',(0.9,2.,0.));
#344=ORIENTED_EDGE('',*,*,#345,.F.);
#345=EDGE_CURVE('',#346,#340,#251,.T.);
#346=VERTEX_POINT('',#347);
#347=CARTESIAN_POINT('',(0.7,2.,5.E-02));
#348=ORIENTED_EDGE('',*,*,#349,.T.);
#349=EDGE_CURVE('',#346,#350,#352,.T.);
#350=VERTEX_POINT('',#351);
#351=CARTESIAN_POINT('',(0.7,2.,0.16));
#352=LINE('',#353,#34);
#353=CARTESIAN_POINT('',(0.7,2.,0.));
#354=ORIENTED_EDGE('',*,*,#355,.T.);
#355=EDGE_CURVE('',#350,#356,#358,.T.);
#356=VERTEX_POINT('',#357);
#357=CARTESIAN_POINT('',(0.5,2.,0.16));
#358=LINE('',#351,#273);
#359=ORIENTED_EDGE('',*,*,#360,.F.);
#360=EDGE_CURVE('',#361,#356,#363,.T.);
#361=VERTEX_POINT('',#362);
#362=CARTESIAN_POINT('',(0.5,2.,5.E-02));
#363=LINE('',#364,#34);
#364=CARTESIAN_POINT('',(0.5,2.,0.));
#365=ORIENTED_EDGE('',*,*,#366,.F.);
#366=EDGE_CURVE('',#367,#361,#251,.T.);
#367=VERTEX_POINT('',#368);
#368=CARTESIAN_POINT('',(0.3,2.,5.E-02));
#369=ORIENTED_EDGE('',*,*,#370,.T.);
#370=EDGE_CURVE('',#367,#371,#373,.T.);
#371=VERTEX_POINT('',#372);
#372=CARTESIAN_POINT('',(0.3,2.,0.16));
#373=LINE('',#374,#34);
#374=CARTESIAN_POINT('',(0.3,2.,0.));
#375=ORIENTED_EDGE('',*,*,#376,.T.);
#376=EDGE_CURVE('',#371,#377,#379,.T.);
#377=VERTEX_POINT('',#378);
#378=CARTESIAN_POINT('',(0.1,2.,0.16));
#379=LINE('',#372,#273);
#380=ORIENTED_EDGE('',*,*,#381,.F.);
#381=EDGE_CURVE('',#382,#377,#384,.T.);
#382=VERTEX_POINT('',#383);
#383=CARTESIAN_POINT('',(0.1,2.,5.E-02));
#384=LINE('',#385,#34);
#385=CARTESIAN_POINT('',(0.1,2.,0.));
#386=ORIENTED_EDGE('',*,*,#387,.F.);
#387=EDGE_CURVE('',#388,#382,#251,.T.);
#388=VERTEX_POINT('',#389);
#389=CARTESIAN_POINT('',(-0.1,2.,5.E-02));
#390=ORIENTED_EDGE('',*,*,#391,.T.);
#391=EDGE_CURVE('',#388,#392,#394,.T.);
#392=VERTEX_POINT('',#393);
#393=CARTESIAN_POINT('',(-0.1,2.,0.16));
#394=LINE('',#395,#34);
#395=CARTESIAN_POINT('',(-0.1,2.,0.));
#396=ORIENTED_EDGE('',*,*,#397,.T.);
#397=EDGE_CURVE('',#392,#398,#400,.T.);
#398=VERTEX_POINT('',#399);
#399=CARTESIAN_POINT('',(-0.3,2.,0.16));
#400=LINE('',#393,#273);
#401=ORIENTED_EDGE('',*,*,#402,.F.);
#402=EDGE_CURVE('',#403,#398,#405,.T.);
#403=VERTEX_POINT('',#404);
#404=CARTESIAN_POINT('',(-0.3,2.,5.E-02));
#405=LINE('',#406,#34);
#406=CARTESIAN_POINT('',(-0.3,2.,0.));
#407=ORIENTED_EDGE('',*,*,#408,.F.);
#408=EDGE_CURVE('',#409,#403,#251,.T.);
#409=VERTEX_POINT('',#410);
#410=CARTESIAN_POINT('',(-0.5,2.,5.E-02));
#411=ORIENTED_EDGE('',*,*,#412,.T.);
#412=EDGE_CURVE('',#409,#413,#415,.T.);
#413=VERTEX_POINT('',#414);
#414=CARTESIAN_POINT('',(-0.5,2.,0.16));
#415=LINE('',#416,#34);
#416=CARTESIAN_POINT('',(-0.5,2.,0.));
#417=ORIENTED_EDGE('',*,*,#418,.T.);
#418=EDGE_CURVE('',#413,#419,#421,.T.);
#419=VERTEX_POINT('',#420);
#420=CARTESIAN_POINT('',(-0.7,2.,0.16));
#421=LINE('',#414,#273);
#422=ORIENTED_EDGE('',*,*,#423,.F.);
#423=EDGE_CURVE('',#424,#419,#426,.T.);
#424=VERTEX_POINT('',#425);
#425=CARTESIAN_POINT('',(-0.7,2.,5.E-02));
#426=LINE('',#427,#34);
#427=CARTESIAN_POINT('',(-0.7,2.,0.));
#428=ORIENTED_EDGE('',*,*,#429,.F.);
#429=EDGE_CURVE('',#430,#424,#251,.T.);
#430=VERTEX_POINT('',#431);
#431=CARTESIAN_POINT('',(-0.9,2.,5.E-02));
#432=ORIENTED_EDGE('',*,*,#433,.T.);
#433=EDGE_CURVE('',#430,#434,#436,.T.);
#434=VERTEX_POINT('',#435);
#435=CARTESIAN_POINT('',(-0.9,2.,0.16));
#436=LINE('',#437,#34);
#437=CARTESIAN_POINT('',(-0.9,2.,0.));
#438=ORIENTED_EDGE('',*,*,#439,.T.);
#439=EDGE_CURVE('',#434,#440,#442,.T.);
#440=VERTEX_POINT('',#441);
#441=CARTESIAN_POINT('',(-1.1,2.,0.16));
#442=LINE('',#435,#273);
#443=ORIENTED_EDGE('',*,*,#444,.F.);
#444=EDGE_CURVE('',#445,#440,#447,.T.);
#445=VERTEX_POINT('',#446);
#446=CARTESIAN_POINT('',(-1.1,2.,5.E-02));
#447=LINE('',#448,#34);
#448=CARTESIAN_POINT('',(-1.1,2.,0.));
#449=ORIENTED_EDGE('',*,*,#450,.F.);
#450=EDGE_CURVE('',#451,#445,#251,.T.);
#451=VERTEX_POINT('',#452);
#452=CARTESIAN_POINT('',(-1.3,2.,5.E-02));
#453=ORIENTED_EDGE('',*,*,#454,.T.);
#454=EDGE_CURVE('',#451,#455,#457,.T.);
#455=VERTEX_POINT('',#456);
#456=CARTESIAN_POINT('',(-1.3,2.,0.16));
#457=LINE('',#458,#34);
#458=CARTESIAN_POINT('',(-1.3,2.,0.));
#459=ORIENTED_EDGE('',*,*,#460,.T.);
#460=EDGE_CURVE('',#455,#461,#463,.T.);
#461=VERTEX_POINT('',#462);
#462=CARTESIAN_POINT('',(-1.5,2.,0.16));
#463=LINE('',#456,#273);
#464=ORIENTED_EDGE('',*,*,#465,.F.);
#465=EDGE_CURVE('',#466,#461,#468,.T.);
#466=VERTEX_POINT('',#467);
#467=CARTESIAN_POINT('',(-1.5,2.,5.E-02));
#468=LINE('',#469,#34);
#469=CARTESIAN_POINT('',(-1.5,2.,0.));
#470=ORIENTED_EDGE('',*,*,#471,.F.);
#471=EDGE_CURVE('',#472,#466,#251,.T.);
#472=VERTEX_POINT('',#473);
#473=CARTESIAN_POINT('',(-1.7,2.,5.E-02));
#474=ORIENTED_EDGE('',*,*,#475,.T.);
#475=EDGE_CURVE('',#472,#476,#478,.T.);
#476=VERTEX_POINT('',#477);
#477=CARTESIAN_POINT('',(-1.7,2.,0.16));
#478=LINE('',#479,#34);
#479=CARTESIAN_POINT('',(-1.7,2.,0.));
#480=ORIENTED_EDGE('',*,*,#481,.T.);
#481=EDGE_CURVE('',#476,#482,#484,.T.);
#482=VERTEX_POINT('',#483);
#483=CARTESIAN_POINT('',(-1.9,2.,0.16));
#484=LINE('',#477,#273);
#485=ORIENTED_EDGE('',*,*,#486,.F.);
#486=EDGE_CURVE('',#487,#482,#489,.T.);
#487=VERTEX_POINT('',#488);
#488=CARTESIAN_POINT('',(-1.9,2.,5.E-02));
#489=LINE('',#490,#34);
#490=CARTESIAN_POINT('',(-1.9,2.,0.));
#491=ORIENTED_EDGE('',*,*,#492,.F.);
#492=EDGE_CURVE('',#493,#487,#251,.T.);
#493=VERTEX_POINT('',#494);
#494=CARTESIAN_POINT('',(-2.1,2.,5.E-02));
#495=ORIENTED_EDGE('',*,*,#496,.T.);
#496=EDGE_CURVE('',#493,#497,#499,.T.);
#497=VERTEX_POINT('',#498);
#498=CARTESIAN_POINT('',(-2.1,2.,0.16));
#499=LINE('',#500,#34);
#500=CARTESIAN_POINT('',(-2.1,2.,0.));
#501=ORIENTED_EDGE('',*,*,#502,.T.);
#502=EDGE_CURVE('',#497,#503,#505,.T.);
#503=VERTEX_POINT('',#504);
#504=CARTESIAN_POINT('',(-2.3,2.,0.16));
#505=LINE('',#498,#273);
#506=ORIENTED_EDGE('',*,*,#507,.F.);
#507=EDGE_CURVE('',#249,#503,#508,.T.);
#508=LINE('',#509,#34);
#509=CARTESIAN_POINT('',(-2.3,2.,0.));
#510=PLANE('',#511);
#511=AXIS2_PLACEMENT_3D('',#209,#28,#13);
#512=ADVANCED_FACE('',(#513,#1335),#1366,.F.);
#513=FACE_BOUND('',#514,.F.);
#514=EDGE_LOOP('',(#515,#516,#521,#529,#538,#545,#549,#555,#562,#567,#571,#577,#584,#589,#593,#599,#606,#611,#615,#621,#628,#633,#637,#643,#650,#655,#659,#665,#672,#677,#681,#687,#694,#699,#703,#709,#716,#721,#725,#731,#738,#743,#747,#753,#760,#765,#769,#775,#782,#787,#791,#796,#804,#812,#820,#824,#830,#837,#843,#847,#853,#860,#866,#870,#876,#883,#889,#893,#899,#906,#912,#916,#922,#929,#935,#939,#945,#952,#958,#962,#968,#975,#981,#258,#983,#991,#1000,#281,#1006,#1012,#1019,#302,#1023,#1029,#1036,#323,#1040,#1046,#1053,#344,#1057,#1063,#1070,#365,#1074,#1080,#1087,#386,#1091,#1097,#1104,#407,#1108,#1114,#1121,#428,#1125,#1131,#1138,#449,#1142,#1148,#1155,#470,#1159,#1165,#1172,#491,#1176,#1182,#1189,#247,#1193,#1194,#1202,#1211,#1216,#1217,#1223,#1230,#1233,#1234,#1240,#1247,#1250,#1251,#1257,#1264,#1267,#1268,#1274,#1281,#1284,#1285,#1291,#1298,#1301,#1302,#1308,#1315,#1318,#1319,#1325,#1332));
#515=ORIENTED_EDGE('',*,*,#36,.F.);
#516=ORIENTED_EDGE('',*,*,#517,.T.);
#517=EDGE_CURVE('',#31,#518,#520,.T.);
#518=VERTEX_POINT('',#519);
#519=CARTESIAN_POINT('',(-2.3,-2.,5.E-02));
#520=LINE('',#32,#224);
#521=ORIENTED_EDGE('',*,*,#522,.T.);
#522=EDGE_CURVE('',#518,#523,#525,.T.);
#523=VERTEX_POINT('',#524);
#524=CARTESIAN_POINT('',(-2.3,-1.7,5.E-02));
#525=LINE('',#526,#527);
#526=CARTESIAN_POINT('',(-2.3,-1.85,5.E-02));
#527=VECTOR('',#528,1.);
#528=DIRECTION('',(2.994609452931E-17,1.,-0.));
#529=ORIENTED_EDGE('',*,*,#530,.T.);
#530=EDGE_CURVE('',#523,#531,#533,.T.);
#531=VERTEX_POINT('',#532);
#532=CARTESIAN_POINT('',(-2.1,-1.7,5.E-02));
#533=CIRCLE('',#534,0.1);
#534=AXIS2_PLACEMENT_3D('',#535,#536,#537);
#535=CARTESIAN_POINT('',(-2.2,-1.7,5.E-02));
#536=DIRECTION('',(0.,0.,-1.));
#537=DIRECTION('',(1.,-2.612425579929E-16,0.));
#538=ORIENTED_EDGE('',*,*,#539,.T.);
#539=EDGE_CURVE('',#531,#540,#542,.T.);
#540=VERTEX_POINT('',#541);
#541=CARTESIAN_POINT('',(-2.1,-2.,5.E-02));
#542=LINE('',#541,#543);
#543=VECTOR('',#544,1.);
#544=DIRECTION('',(-1.224646799147E-16,-1.,0.));
#545=ORIENTED_EDGE('',*,*,#546,.T.);
#546=EDGE_CURVE('',#540,#547,#520,.T.);
#547=VERTEX_POINT('',#548);
#548=CARTESIAN_POINT('',(-1.9,-2.,5.E-02));
#549=ORIENTED_EDGE('',*,*,#550,.T.);
#550=EDGE_CURVE('',#547,#551,#553,.T.);
#551=VERTEX_POINT('',#552);
#552=CARTESIAN_POINT('',(-1.9,-1.7,5.E-02));
#553=LINE('',#554,#527);
#554=CARTESIAN_POINT('',(-1.9,-1.85,5.E-02));
#555=ORIENTED_EDGE('',*,*,#556,.T.);
#556=EDGE_CURVE('',#551,#557,#559,.T.);
#557=VERTEX_POINT('',#558);
#558=CARTESIAN_POINT('',(-1.7,-1.7,5.E-02));
#559=CIRCLE('',#560,0.1);
#560=AXIS2_PLACEMENT_3D('',#561,#536,#537);
#561=CARTESIAN_POINT('',(-1.8,-1.7,5.E-02));
#562=ORIENTED_EDGE('',*,*,#563,.T.);
#563=EDGE_CURVE('',#557,#564,#566,.T.);
#564=VERTEX_POINT('',#565);
#565=CARTESIAN_POINT('',(-1.7,-2.,5.E-02));
#566=LINE('',#565,#543);
#567=ORIENTED_EDGE('',*,*,#568,.T.);
#568=EDGE_CURVE('',#564,#569,#520,.T.);
#569=VERTEX_POINT('',#570);
#570=CARTESIAN_POINT('',(-1.5,-2.,5.E-02));
#571=ORIENTED_EDGE('',*,*,#572,.T.);
#572=EDGE_CURVE('',#569,#573,#575,.T.);
#573=VERTEX_POINT('',#574);
#574=CARTESIAN_POINT('',(-1.5,-1.7,5.E-02));
#575=LINE('',#576,#527);
#576=CARTESIAN_POINT('',(-1.5,-1.85,5.E-02));
#577=ORIENTED_EDGE('',*,*,#578,.T.);
#578=EDGE_CURVE('',#573,#579,#581,.T.);
#579=VERTEX_POINT('',#580);
#580=CARTESIAN_POINT('',(-1.3,-1.7,5.E-02));
#581=CIRCLE('',#582,0.1);
#582=AXIS2_PLACEMENT_3D('',#583,#536,#537);
#583=CARTESIAN_POINT('',(-1.4,-1.7,5.E-02));
#584=ORIENTED_EDGE('',*,*,#585,.T.);
#585=EDGE_CURVE('',#579,#586,#588,.T.);
#586=VERTEX_POINT('',#587);
#587=CARTESIAN_POINT('',(-1.3,-2.,5.E-02));
#588=LINE('',#587,#543);
#589=ORIENTED_EDGE('',*,*,#590,.T.);
#590=EDGE_CURVE('',#586,#591,#520,.T.);
#591=VERTEX_POINT('',#592);
#592=CARTESIAN_POINT('',(-1.1,-2.,5.E-02));
#593=ORIENTED_EDGE('',*,*,#594,.T.);
#594=EDGE_CURVE('',#591,#595,#597,.T.);
#595=VERTEX_POINT('',#596);
#596=CARTESIAN_POINT('',(-1.1,-1.7,5.E-02));
#597=LINE('',#598,#527);
#598=CARTESIAN_POINT('',(-1.1,-1.85,5.E-02));
#599=ORIENTED_EDGE('',*,*,#600,.T.);
#600=EDGE_CURVE('',#595,#601,#603,.T.);
#601=VERTEX_POINT('',#602);
#602=CARTESIAN_POINT('',(-0.9,-1.7,5.E-02));
#603=CIRCLE('',#604,0.1);
#604=AXIS2_PLACEMENT_3D('',#605,#536,#537);
#605=CARTESIAN_POINT('',(-1.,-1.7,5.E-02));
#606=ORIENTED_EDGE('',*,*,#607,.T.);
#607=EDGE_CURVE('',#601,#608,#610,.T.);
#608=VERTEX_POINT('',#609);
#609=CARTESIAN_POINT('',(-0.9,-2.,5.E-02));
#610=LINE('',#609,#543);
#611=ORIENTED_EDGE('',*,*,#612,.T.);
#612=EDGE_CURVE('',#608,#613,#520,.T.);
#613=VERTEX_POINT('',#614);
#614=CARTESIAN_POINT('',(-0.7,-2.,5.E-02));
#615=ORIENTED_EDGE('',*,*,#616,.T.);
#616=EDGE_CURVE('',#613,#617,#619,.T.);
#617=VERTEX_POINT('',#618);
#618=CARTESIAN_POINT('',(-0.7,-1.7,5.E-02));
#619=LINE('',#620,#527);
#620=CARTESIAN_POINT('',(-0.7,-1.85,5.E-02));
#621=ORIENTED_EDGE('',*,*,#622,.T.);
#622=EDGE_CURVE('',#617,#623,#625,.T.);
#623=VERTEX_POINT('',#624);
#624=CARTESIAN_POINT('',(-0.5,-1.7,5.E-02));
#625=CIRCLE('',#626,0.1);
#626=AXIS2_PLACEMENT_3D('',#627,#536,#537);
#627=CARTESIAN_POINT('',(-0.6,-1.7,5.E-02));
#628=ORIENTED_EDGE('',*,*,#629,.T.);
#629=EDGE_CURVE('',#623,#630,#632,.T.);
#630=VERTEX_POINT('',#631);
#631=CARTESIAN_POINT('',(-0.5,-2.,5.E-02));
#632=LINE('',#631,#543);
#633=ORIENTED_EDGE('',*,*,#634,.T.);
#634=EDGE_CURVE('',#630,#635,#520,.T.);
#635=VERTEX_POINT('',#636);
#636=CARTESIAN_POINT('',(-0.3,-2.,5.E-02));
#637=ORIENTED_EDGE('',*,*,#638,.T.);
#638=EDGE_CURVE('',#635,#639,#641,.T.);
#639=VERTEX_POINT('',#640);
#640=CARTESIAN_POINT('',(-0.3,-1.7,5.E-02));
#641=LINE('',#642,#527);
#642=CARTESIAN_POINT('',(-0.3,-1.85,5.E-02));
#643=ORIENTED_EDGE('',*,*,#644,.T.);
#644=EDGE_CURVE('',#639,#645,#647,.T.);
#645=VERTEX_POINT('',#646);
#646=CARTESIAN_POINT('',(-0.1,-1.7,5.E-02));
#647=CIRCLE('',#648,0.1);
#648=AXIS2_PLACEMENT_3D('',#649,#536,#537);
#649=CARTESIAN_POINT('',(-0.2,-1.7,5.E-02));
#650=ORIENTED_EDGE('',*,*,#651,.T.);
#651=EDGE_CURVE('',#645,#652,#654,.T.);
#652=VERTEX_POINT('',#653);
#653=CARTESIAN_POINT('',(-0.1,-2.,5.E-02));
#654=LINE('',#653,#543);
#655=ORIENTED_EDGE('',*,*,#656,.T.);
#656=EDGE_CURVE('',#652,#657,#520,.T.);
#657=VERTEX_POINT('',#658);
#658=CARTESIAN_POINT('',(0.1,-2.,5.E-02));
#659=ORIENTED_EDGE('',*,*,#660,.T.);
#660=EDGE_CURVE('',#657,#661,#663,.T.);
#661=VERTEX_POINT('',#662);
#662=CARTESIAN_POINT('',(0.1,-1.7,5.E-02));
#663=LINE('',#664,#527);
#664=CARTESIAN_POINT('',(0.1,-1.85,5.E-02));
#665=ORIENTED_EDGE('',*,*,#666,.T.);
#666=EDGE_CURVE('',#661,#667,#669,.T.);
#667=VERTEX_POINT('',#668);
#668=CARTESIAN_POINT('',(0.3,-1.7,5.E-02));
#669=CIRCLE('',#670,0.1);
#670=AXIS2_PLACEMENT_3D('',#671,#536,#537);
#671=CARTESIAN_POINT('',(0.2,-1.7,5.E-02));
#672=ORIENTED_EDGE('',*,*,#673,.T.);
#673=EDGE_CURVE('',#667,#674,#676,.T.);
#674=VERTEX_POINT('',#675);
#675=CARTESIAN_POINT('',(0.3,-2.,5.E-02));
#676=LINE('',#675,#543);
#677=ORIENTED_EDGE('',*,*,#678,.T.);
#678=EDGE_CURVE('',#674,#679,#520,.T.);
#679=VERTEX_POINT('',#680);
#680=CARTESIAN_POINT('',(0.5,-2.,5.E-02));
#681=ORIENTED_EDGE('',*,*,#682,.T.);
#682=EDGE_CURVE('',#679,#683,#685,.T.);
#683=VERTEX_POINT('',#684);
#684=CARTESIAN_POINT('',(0.5,-1.7,5.E-02));
#685=LINE('',#686,#527);
#686=CARTESIAN_POINT('',(0.5,-1.85,5.E-02));
#687=ORIENTED_EDGE('',*,*,#688,.T.);
#688=EDGE_CURVE('',#683,#689,#691,.T.);
#689=VERTEX_POINT('',#690);
#690=CARTESIAN_POINT('',(0.7,-1.7,5.E-02));
#691=CIRCLE('',#692,0.1);
#692=AXIS2_PLACEMENT_3D('',#693,#536,#537);
#693=CARTESIAN_POINT('',(0.6,-1.7,5.E-02));
#694=ORIENTED_EDGE('',*,*,#695,.T.);
#695=EDGE_CURVE('',#689,#696,#698,.T.);
#696=VERTEX_POINT('',#697);
#697=CARTESIAN_POINT('',(0.7,-2.,5.E-02));
#698=LINE('',#697,#543);
#699=ORIENTED_EDGE('',*,*,#700,.T.);
#700=EDGE_CURVE('',#696,#701,#520,.T.);
#701=VERTEX_POINT('',#702);
#702=CARTESIAN_POINT('',(0.9,-2.,5.E-02));
#703=ORIENTED_EDGE('',*,*,#704,.T.);
#704=EDGE_CURVE('',#701,#705,#707,.T.);
#705=VERTEX_POINT('',#706);
#706=CARTESIAN_POINT('',(0.9,-1.7,5.E-02));
#707=LINE('',#708,#527);
#708=CARTESIAN_POINT('',(0.9,-1.85,5.E-02));
#709=ORIENTED_EDGE('',*,*,#710,.T.);
#710=EDGE_CURVE('',#705,#711,#713,.T.);
#711=VERTEX_POINT('',#712);
#712=CARTESIAN_POINT('',(1.1,-1.7,5.E-02));
#713=CIRCLE('',#714,0.1);
#714=AXIS2_PLACEMENT_3D('',#715,#536,#537);
#715=CARTESIAN_POINT('',(1.,-1.7,5.E-02));
#716=ORIENTED_EDGE('',*,*,#717,.T.);
#717=EDGE_CURVE('',#711,#718,#720,.T.);
#718=VERTEX_POINT('',#719);
#719=CARTESIAN_POINT('',(1.1,-2.,5.E-02));
#720=LINE('',#719,#543);
#721=ORIENTED_EDGE('',*,*,#722,.T.);
#722=EDGE_CURVE('',#718,#723,#520,.T.);
#723=VERTEX_POINT('',#724);
#724=CARTESIAN_POINT('',(1.3,-2.,5.E-02));
#725=ORIENTED_EDGE('',*,*,#726,.T.);
#726=EDGE_CURVE('',#723,#727,#729,.T.);
#727=VERTEX_POINT('',#728);
#728=CARTESIAN_POINT('',(1.3,-1.7,5.E-02));
#729=LINE('',#730,#527);
#730=CARTESIAN_POINT('',(1.3,-1.85,5.E-02));
#731=ORIENTED_EDGE('',*,*,#732,.T.);
#732=EDGE_CURVE('',#727,#733,#735,.T.);
#733=VERTEX_POINT('',#734);
#734=CARTESIAN_POINT('',(1.5,-1.7,5.E-02));
#735=CIRCLE('',#736,0.1);
#736=AXIS2_PLACEMENT_3D('',#737,#536,#537);
#737=CARTESIAN_POINT('',(1.4,-1.7,5.E-02));
#738=ORIENTED_EDGE('',*,*,#739,.T.);
#739=EDGE_CURVE('',#733,#740,#742,.T.);
#740=VERTEX_POINT('',#741);
#741=CARTESIAN_POINT('',(1.5,-2.,5.E-02));
#742=LINE('',#741,#543);
#743=ORIENTED_EDGE('',*,*,#744,.T.);
#744=EDGE_CURVE('',#740,#745,#520,.T.);
#745=VERTEX_POINT('',#746);
#746=CARTESIAN_POINT('',(1.7,-2.,5.E-02));
#747=ORIENTED_EDGE('',*,*,#748,.T.);
#748=EDGE_CURVE('',#745,#749,#751,.T.);
#749=VERTEX_POINT('',#750);
#750=CARTESIAN_POINT('',(1.7,-1.7,5.E-02));
#751=LINE('',#752,#527);
#752=CARTESIAN_POINT('',(1.7,-1.85,5.E-02));
#753=ORIENTED_EDGE('',*,*,#754,.T.);
#754=EDGE_CURVE('',#749,#755,#757,.T.);
#755=VERTEX_POINT('',#756);
#756=CARTESIAN_POINT('',(1.9,-1.7,5.E-02));
#757=CIRCLE('',#758,0.1);
#758=AXIS2_PLACEMENT_3D('',#759,#536,#537);
#759=CARTESIAN_POINT('',(1.8,-1.7,5.E-02));
#760=ORIENTED_EDGE('',*,*,#761,.T.);
#761=EDGE_CURVE('',#755,#762,#764,.T.);
#762=VERTEX_POINT('',#763);
#763=CARTESIAN_POINT('',(1.9,-2.,5.E-02));
#764=LINE('',#763,#543);
#765=ORIENTED_EDGE('',*,*,#766,.T.);
#766=EDGE_CURVE('',#762,#767,#520,.T.);
#767=VERTEX_POINT('',#768);
#768=CARTESIAN_POINT('',(2.1,-2.,5.E-02));
#769=ORIENTED_EDGE('',*,*,#770,.T.);
#770=EDGE_CURVE('',#767,#771,#773,.T.);
#771=VERTEX_POINT('',#772);
#772=CARTESIAN_POINT('',(2.1,-1.7,5.E-02));
#773=LINE('',#774,#527);
#774=CARTESIAN_POINT('',(2.1,-1.85,5.E-02));
#775=ORIENTED_EDGE('',*,*,#776,.T.);
#776=EDGE_CURVE('',#771,#777,#779,.T.);
#777=VERTEX_POINT('',#778);
#778=CARTESIAN_POINT('',(2.3,-1.7,5.E-02));
#779=CIRCLE('',#780,0.1);
#780=AXIS2_PLACEMENT_3D('',#781,#536,#537);
#781=CARTESIAN_POINT('',(2.2,-1.7,5.E-02));
#782=ORIENTED_EDGE('',*,*,#783,.T.);
#783=EDGE_CURVE('',#777,#784,#786,.T.);
#784=VERTEX_POINT('',#785);
#785=CARTESIAN_POINT('',(2.3,-2.,5.E-02));
#786=LINE('',#785,#543);
#787=ORIENTED_EDGE('',*,*,#788,.T.);
#788=EDGE_CURVE('',#784,#789,#520,.T.);
#789=VERTEX_POINT('',#790);
#790=CARTESIAN_POINT('',(3.,-2.,5.E-02));
#791=ORIENTED_EDGE('',*,*,#792,.T.);
#792=EDGE_CURVE('',#789,#793,#795,.T.);
#793=VERTEX_POINT('',#794);
#794=CARTESIAN_POINT('',(3.,-1.5,5.E-02));
#795=LINE('',#790,#27);
#796=ORIENTED_EDGE('',*,*,#797,.T.);
#797=EDGE_CURVE('',#793,#798,#800,.T.);
#798=VERTEX_POINT('',#799);
#799=CARTESIAN_POINT('',(2.7,-1.5,5.E-02));
#800=LINE('',#801,#802);
#801=CARTESIAN_POINT('',(-0.15,-1.5,5.E-02));
#802=VECTOR('',#803,1.);
#803=DIRECTION('',(-1.,1.295260195396E-16,0.));
#804=ORIENTED_EDGE('',*,*,#805,.T.);
#805=EDGE_CURVE('',#798,#806,#808,.T.);
#806=VERTEX_POINT('',#807);
#807=CARTESIAN_POINT('',(2.7,-1.3,5.E-02));
#808=CIRCLE('',#809,0.1);
#809=AXIS2_PLACEMENT_3D('',#810,#536,#811);
#810=CARTESIAN_POINT('',(2.7,-1.4,5.E-02));
#811=DIRECTION('',(3.608224830032E-16,1.,0.));
#812=ORIENTED_EDGE('',*,*,#813,.T.);
#813=EDGE_CURVE('',#806,#814,#816,.T.);
#814=VERTEX_POINT('',#815);
#815=CARTESIAN_POINT('',(3.,-1.3,5.E-02));
#816=LINE('',#817,#818);
#817=CARTESIAN_POINT('',(0.,-1.3,5.E-02));
#818=VECTOR('',#819,1.);
#819=DIRECTION('',(1.,-2.22044604925E-16,0.));
#820=ORIENTED_EDGE('',*,*,#821,.T.);
#821=EDGE_CURVE('',#814,#822,#795,.T.);
#822=VERTEX_POINT('',#823);
#823=CARTESIAN_POINT('',(3.,-1.1,5.E-02));
#824=ORIENTED_EDGE('',*,*,#825,.T.);
#825=EDGE_CURVE('',#822,#826,#828,.T.);
#826=VERTEX_POINT('',#827);
#827=CARTESIAN_POINT('',(2.7,-1.1,5.E-02));
#828=LINE('',#829,#802);
#829=CARTESIAN_POINT('',(-0.15,-1.1,5.E-02));
#830=ORIENTED_EDGE('',*,*,#831,.T.);
#831=EDGE_CURVE('',#826,#832,#834,.T.);
#832=VERTEX_POINT('',#833);
#833=CARTESIAN_POINT('',(2.7,-0.9,5.E-02));
#834=CIRCLE('',#835,0.1);
#835=AXIS2_PLACEMENT_3D('',#836,#536,#811);
#836=CARTESIAN_POINT('',(2.7,-1.,5.E-02));
#837=ORIENTED_EDGE('',*,*,#838,.T.);
#838=EDGE_CURVE('',#832,#839,#841,.T.);
#839=VERTEX_POINT('',#840);
#840=CARTESIAN_POINT('',(3.,-0.9,5.E-02));
#841=LINE('',#842,#818);
#842=CARTESIAN_POINT('',(2.22044604925E-16,-0.9,5.E-02));
#843=ORIENTED_EDGE('',*,*,#844,.T.);
#844=EDGE_CURVE('',#839,#845,#795,.T.);
#845=VERTEX_POINT('',#846);
#846=CARTESIAN_POINT('',(3.,-0.7,5.E-02));
#847=ORIENTED_EDGE('',*,*,#848,.T.);
#848=EDGE_CURVE('',#845,#849,#851,.T.);
#849=VERTEX_POINT('',#850);
#850=CARTESIAN_POINT('',(2.7,-0.7,5.E-02));
#851=LINE('',#852,#802);
#852=CARTESIAN_POINT('',(-0.15,-0.7,5.E-02));
#853=ORIENTED_EDGE('',*,*,#854,.T.);
#854=EDGE_CURVE('',#849,#855,#857,.T.);
#855=VERTEX_POINT('',#856);
#856=CARTESIAN_POINT('',(2.7,-0.5,5.E-02));
#857=CIRCLE('',#858,0.1);
#858=AXIS2_PLACEMENT_3D('',#859,#536,#811);
#859=CARTESIAN_POINT('',(2.7,-0.6,5.E-02));
#860=ORIENTED_EDGE('',*,*,#861,.T.);
#861=EDGE_CURVE('',#855,#862,#864,.T.);
#862=VERTEX_POINT('',#863);
#863=CARTESIAN_POINT('',(3.,-0.5,5.E-02));
#864=LINE('',#865,#818);
#865=CARTESIAN_POINT('',(2.22044604925E-16,-0.5,5.E-02));
#866=ORIENTED_EDGE('',*,*,#867,.T.);
#867=EDGE_CURVE('',#862,#868,#795,.T.);
#868=VERTEX_POINT('',#869);
#869=CARTESIAN_POINT('',(3.,-0.3,5.E-02));
#870=ORIENTED_EDGE('',*,*,#871,.T.);
#871=EDGE_CURVE('',#868,#872,#874,.T.);
#872=VERTEX_POINT('',#873);
#873=CARTESIAN_POINT('',(2.7,-0.3,5.E-02));
#874=LINE('',#875,#802);
#875=CARTESIAN_POINT('',(-0.15,-0.3,5.E-02));
#876=ORIENTED_EDGE('',*,*,#877,.T.);
#877=EDGE_CURVE('',#872,#878,#880,.T.);
#878=VERTEX_POINT('',#879);
#879=CARTESIAN_POINT('',(2.7,-1.E-01,5.E-02));
#880=CIRCLE('',#881,0.1);
#881=AXIS2_PLACEMENT_3D('',#882,#536,#811);
#882=CARTESIAN_POINT('',(2.7,-0.2,5.E-02));
#883=ORIENTED_EDGE('',*,*,#884,.T.);
#884=EDGE_CURVE('',#878,#885,#887,.T.);
#885=VERTEX_POINT('',#886);
#886=CARTESIAN_POINT('',(3.,-0.1,5.E-02));
#887=LINE('',#888,#818);
#888=CARTESIAN_POINT('',(2.22044604925E-16,-1.E-01,5.E-02));
#889=ORIENTED_EDGE('',*,*,#890,.T.);
#890=EDGE_CURVE('',#885,#891,#795,.T.);
#891=VERTEX_POINT('',#892);
#892=CARTESIAN_POINT('',(3.,0.1,5.E-02));
#893=ORIENTED_EDGE('',*,*,#894,.T.);
#894=EDGE_CURVE('',#891,#895,#897,.T.);
#895=VERTEX_POINT('',#896);
#896=CARTESIAN_POINT('',(2.7,1.E-01,5.E-02));
#897=LINE('',#898,#802);
#898=CARTESIAN_POINT('',(-0.15,0.1,5.E-02));
#899=ORIENTED_EDGE('',*,*,#900,.T.);
#900=EDGE_CURVE('',#895,#901,#903,.T.);
#901=VERTEX_POINT('',#902);
#902=CARTESIAN_POINT('',(2.7,0.3,5.E-02));
#903=CIRCLE('',#904,0.1);
#904=AXIS2_PLACEMENT_3D('',#905,#536,#811);
#905=CARTESIAN_POINT('',(2.7,0.2,5.E-02));
#906=ORIENTED_EDGE('',*,*,#907,.T.);
#907=EDGE_CURVE('',#901,#908,#910,.T.);
#908=VERTEX_POINT('',#909);
#909=CARTESIAN_POINT('',(3.,0.3,5.E-02));
#910=LINE('',#911,#818);
#911=CARTESIAN_POINT('',(2.22044604925E-16,0.3,5.E-02));
#912=ORIENTED_EDGE('',*,*,#913,.T.);
#913=EDGE_CURVE('',#908,#914,#795,.T.);
#914=VERTEX_POINT('',#915);
#915=CARTESIAN_POINT('',(3.,0.5,5.E-02));
#916=ORIENTED_EDGE('',*,*,#917,.T.);
#917=EDGE_CURVE('',#914,#918,#920,.T.);
#918=VERTEX_POINT('',#919);
#919=CARTESIAN_POINT('',(2.7,0.5,5.E-02));
#920=LINE('',#921,#802);
#921=CARTESIAN_POINT('',(-0.15,0.5,5.E-02));
#922=ORIENTED_EDGE('',*,*,#923,.T.);
#923=EDGE_CURVE('',#918,#924,#926,.T.);
#924=VERTEX_POINT('',#925);
#925=CARTESIAN_POINT('',(2.7,0.7,5.E-02));
#926=CIRCLE('',#927,0.1);
#927=AXIS2_PLACEMENT_3D('',#928,#536,#811);
#928=CARTESIAN_POINT('',(2.7,0.6,5.E-02));
#929=ORIENTED_EDGE('',*,*,#930,.T.);
#930=EDGE_CURVE('',#924,#931,#933,.T.);
#931=VERTEX_POINT('',#932);
#932=CARTESIAN_POINT('',(3.,0.7,5.E-02));
#933=LINE('',#934,#818);
#934=CARTESIAN_POINT('',(2.22044604925E-16,0.7,5.E-02));
#935=ORIENTED_EDGE('',*,*,#936,.T.);
#936=EDGE_CURVE('',#931,#937,#795,.T.);
#937=VERTEX_POINT('',#938);
#938=CARTESIAN_POINT('',(3.,0.9,5.E-02));
#939=ORIENTED_EDGE('',*,*,#940,.T.);
#940=EDGE_CURVE('',#937,#941,#943,.T.);
#941=VERTEX_POINT('',#942);
#942=CARTESIAN_POINT('',(2.7,0.9,5.E-02));
#943=LINE('',#944,#802);
#944=CARTESIAN_POINT('',(-0.15,0.9,5.E-02));
#945=ORIENTED_EDGE('',*,*,#946,.T.);
#946=EDGE_CURVE('',#941,#947,#949,.T.);
#947=VERTEX_POINT('',#948);
#948=CARTESIAN_POINT('',(2.7,1.1,5.E-02));
#949=CIRCLE('',#950,0.1);
#950=AXIS2_PLACEMENT_3D('',#951,#536,#811);
#951=CARTESIAN_POINT('',(2.7,1.,5.E-02));
#952=ORIENTED_EDGE('',*,*,#953,.T.);
#953=EDGE_CURVE('',#947,#954,#956,.T.);
#954=VERTEX_POINT('',#955);
#955=CARTESIAN_POINT('',(3.,1.1,5.E-02));
#956=LINE('',#957,#818);
#957=CARTESIAN_POINT('',(4.440892098501E-16,1.1,5.E-02));
#958=ORIENTED_EDGE('',*,*,#959,.T.);
#959=EDGE_CURVE('',#954,#960,#795,.T.);
#960=VERTEX_POINT('',#961);
#961=CARTESIAN_POINT('',(3.,1.3,5.E-02));
#962=ORIENTED_EDGE('',*,*,#963,.T.);
#963=EDGE_CURVE('',#960,#964,#966,.T.);
#964=VERTEX_POINT('',#965);
#965=CARTESIAN_POINT('',(2.7,1.3,5.E-02));
#966=LINE('',#967,#802);
#967=CARTESIAN_POINT('',(-0.15,1.3,5.E-02));
#968=ORIENTED_EDGE('',*,*,#969,.T.);
#969=EDGE_CURVE('',#964,#970,#972,.T.);
#970=VERTEX_POINT('',#971);
#971=CARTESIAN_POINT('',(2.7,1.5,5.E-02));
#972=CIRCLE('',#973,0.1);
#973=AXIS2_PLACEMENT_3D('',#974,#536,#811);
#974=CARTESIAN_POINT('',(2.7,1.4,5.E-02));
#975=ORIENTED_EDGE('',*,*,#976,.T.);
#976=EDGE_CURVE('',#970,#977,#979,.T.);
#977=VERTEX_POINT('',#978);
#978=CARTESIAN_POINT('',(3.,1.5,5.E-02));
#979=LINE('',#980,#818);
#980=CARTESIAN_POINT('',(4.440892098501E-16,1.5,5.E-02));
#981=ORIENTED_EDGE('',*,*,#982,.T.);
#982=EDGE_CURVE('',#977,#255,#795,.T.);
#983=ORIENTED_EDGE('',*,*,#984,.T.);
#984=EDGE_CURVE('',#260,#985,#987,.T.);
#985=VERTEX_POINT('',#986);
#986=CARTESIAN_POINT('',(2.3,1.7,5.E-02));
#987=LINE('',#988,#989);
#988=CARTESIAN_POINT('',(2.3,-0.15,5.E-02));
#989=VECTOR('',#990,1.);
#990=DIRECTION('',(9.251858538543E-17,-1.,0.));
#991=ORIENTED_EDGE('',*,*,#992,.T.);
#992=EDGE_CURVE('',#985,#993,#995,.T.);
#993=VERTEX_POINT('',#994);
#994=CARTESIAN_POINT('',(2.1,1.7,5.E-02));
#995=CIRCLE('',#996,0.1);
#996=AXIS2_PLACEMENT_3D('',#997,#998,#999);
#997=CARTESIAN_POINT('',(2.2,1.7,5.E-02));
#998=DIRECTION('',(-0.,0.,-1.));
#999=DIRECTION('',(-1.,1.387778780781E-16,0.));
#1000=ORIENTED_EDGE('',*,*,#1001,.T.);
#1001=EDGE_CURVE('',#993,#277,#1002,.T.);
#1002=LINE('',#1003,#1004);
#1003=CARTESIAN_POINT('',(2.1,0.,5.E-02));
#1004=VECTOR('',#1005,1.);
#1005=DIRECTION('',(-0.,1.,0.));
#1006=ORIENTED_EDGE('',*,*,#1007,.T.);
#1007=EDGE_CURVE('',#283,#1008,#1010,.T.);
#1008=VERTEX_POINT('',#1009);
#1009=CARTESIAN_POINT('',(1.9,1.7,5.E-02));
#1010=LINE('',#1011,#989);
#1011=CARTESIAN_POINT('',(1.9,-0.15,5.E-02));
#1012=ORIENTED_EDGE('',*,*,#1013,.T.);
#1013=EDGE_CURVE('',#1008,#1014,#1016,.T.);
#1014=VERTEX_POINT('',#1015);
#1015=CARTESIAN_POINT('',(1.7,1.7,5.E-02));
#1016=CIRCLE('',#1017,0.1);
#1017=AXIS2_PLACEMENT_3D('',#1018,#998,#999);
#1018=CARTESIAN_POINT('',(1.8,1.7,5.E-02));
#1019=ORIENTED_EDGE('',*,*,#1020,.T.);
#1020=EDGE_CURVE('',#1014,#298,#1021,.T.);
#1021=LINE('',#1022,#1004);
#1022=CARTESIAN_POINT('',(1.7,0.,5.E-02));
#1023=ORIENTED_EDGE('',*,*,#1024,.T.);
#1024=EDGE_CURVE('',#304,#1025,#1027,.T.);
#1025=VERTEX_POINT('',#1026);
#1026=CARTESIAN_POINT('',(1.5,1.7,5.E-02));
#1027=LINE('',#1028,#989);
#1028=CARTESIAN_POINT('',(1.5,-0.15,5.E-02));
#1029=ORIENTED_EDGE('',*,*,#1030,.T.);
#1030=EDGE_CURVE('',#1025,#1031,#1033,.T.);
#1031=VERTEX_POINT('',#1032);
#1032=CARTESIAN_POINT('',(1.3,1.7,5.E-02));
#1033=CIRCLE('',#1034,0.1);
#1034=AXIS2_PLACEMENT_3D('',#1035,#998,#999);
#1035=CARTESIAN_POINT('',(1.4,1.7,5.E-02));
#1036=ORIENTED_EDGE('',*,*,#1037,.T.);
#1037=EDGE_CURVE('',#1031,#319,#1038,.T.);
#1038=LINE('',#1039,#1004);
#1039=CARTESIAN_POINT('',(1.3,0.,5.E-02));
#1040=ORIENTED_EDGE('',*,*,#1041,.T.);
#1041=EDGE_CURVE('',#325,#1042,#1044,.T.);
#1042=VERTEX_POINT('',#1043);
#1043=CARTESIAN_POINT('',(1.1,1.7,5.E-02));
#1044=LINE('',#1045,#989);
#1045=CARTESIAN_POINT('',(1.1,-0.15,5.E-02));
#1046=ORIENTED_EDGE('',*,*,#1047,.T.);
#1047=EDGE_CURVE('',#1042,#1048,#1050,.T.);
#1048=VERTEX_POINT('',#1049);
#1049=CARTESIAN_POINT('',(0.9,1.7,5.E-02));
#1050=CIRCLE('',#1051,0.1);
#1051=AXIS2_PLACEMENT_3D('',#1052,#998,#999);
#1052=CARTESIAN_POINT('',(1.,1.7,5.E-02));
#1053=ORIENTED_EDGE('',*,*,#1054,.T.);
#1054=EDGE_CURVE('',#1048,#340,#1055,.T.);
#1055=LINE('',#1056,#1004);
#1056=CARTESIAN_POINT('',(0.9,0.,5.E-02));
#1057=ORIENTED_EDGE('',*,*,#1058,.T.);
#1058=EDGE_CURVE('',#346,#1059,#1061,.T.);
#1059=VERTEX_POINT('',#1060);
#1060=CARTESIAN_POINT('',(0.7,1.7,5.E-02));
#1061=LINE('',#1062,#989);
#1062=CARTESIAN_POINT('',(0.7,-0.15,5.E-02));
#1063=ORIENTED_EDGE('',*,*,#1064,.T.);
#1064=EDGE_CURVE('',#1059,#1065,#1067,.T.);
#1065=VERTEX_POINT('',#1066);
#1066=CARTESIAN_POINT('',(0.5,1.7,5.E-02));
#1067=CIRCLE('',#1068,0.1);
#1068=AXIS2_PLACEMENT_3D('',#1069,#998,#999);
#1069=CARTESIAN_POINT('',(0.6,1.7,5.E-02));
#1070=ORIENTED_EDGE('',*,*,#1071,.T.);
#1071=EDGE_CURVE('',#1065,#361,#1072,.T.);
#1072=LINE('',#1073,#1004);
#1073=CARTESIAN_POINT('',(0.5,0.,5.E-02));
#1074=ORIENTED_EDGE('',*,*,#1075,.T.);
#1075=EDGE_CURVE('',#367,#1076,#1078,.T.);
#1076=VERTEX_POINT('',#1077);
#1077=CARTESIAN_POINT('',(0.3,1.7,5.E-02));
#1078=LINE('',#1079,#989);
#1079=CARTESIAN_POINT('',(0.3,-0.15,5.E-02));
#1080=ORIENTED_EDGE('',*,*,#1081,.T.);
#1081=EDGE_CURVE('',#1076,#1082,#1084,.T.);
#1082=VERTEX_POINT('',#1083);
#1083=CARTESIAN_POINT('',(0.1,1.7,5.E-02));
#1084=CIRCLE('',#1085,0.1);
#1085=AXIS2_PLACEMENT_3D('',#1086,#998,#999);
#1086=CARTESIAN_POINT('',(0.2,1.7,5.E-02));
#1087=ORIENTED_EDGE('',*,*,#1088,.T.);
#1088=EDGE_CURVE('',#1082,#382,#1089,.T.);
#1089=LINE('',#1090,#1004);
#1090=CARTESIAN_POINT('',(0.1,0.,5.E-02));
#1091=ORIENTED_EDGE('',*,*,#1092,.T.);
#1092=EDGE_CURVE('',#388,#1093,#1095,.T.);
#1093=VERTEX_POINT('',#1094);
#1094=CARTESIAN_POINT('',(-0.1,1.7,5.E-02));
#1095=LINE('',#1096,#989);
#1096=CARTESIAN_POINT('',(-0.1,-0.15,5.E-02));
#1097=ORIENTED_EDGE('',*,*,#1098,.T.);
#1098=EDGE_CURVE('',#1093,#1099,#1101,.T.);
#1099=VERTEX_POINT('',#1100);
#1100=CARTESIAN_POINT('',(-0.3,1.7,5.E-02));
#1101=CIRCLE('',#1102,0.1);
#1102=AXIS2_PLACEMENT_3D('',#1103,#998,#999);
#1103=CARTESIAN_POINT('',(-0.2,1.7,5.E-02));
#1104=ORIENTED_EDGE('',*,*,#1105,.T.);
#1105=EDGE_CURVE('',#1099,#403,#1106,.T.);
#1106=LINE('',#1107,#1004);
#1107=CARTESIAN_POINT('',(-0.3,0.,5.E-02));
#1108=ORIENTED_EDGE('',*,*,#1109,.T.);
#1109=EDGE_CURVE('',#409,#1110,#1112,.T.);
#1110=VERTEX_POINT('',#1111);
#1111=CARTESIAN_POINT('',(-0.5,1.7,5.E-02));
#1112=LINE('',#1113,#989);
#1113=CARTESIAN_POINT('',(-0.5,-0.15,5.E-02));
#1114=ORIENTED_EDGE('',*,*,#1115,.T.);
#1115=EDGE_CURVE('',#1110,#1116,#1118,.T.);
#1116=VERTEX_POINT('',#1117);
#1117=CARTESIAN_POINT('',(-0.7,1.7,5.E-02));
#1118=CIRCLE('',#1119,0.1);
#1119=AXIS2_PLACEMENT_3D('',#1120,#998,#999);
#1120=CARTESIAN_POINT('',(-0.6,1.7,5.E-02));
#1121=ORIENTED_EDGE('',*,*,#1122,.T.);
#1122=EDGE_CURVE('',#1116,#424,#1123,.T.);
#1123=LINE('',#1124,#1004);
#1124=CARTESIAN_POINT('',(-0.7,0.,5.E-02));
#1125=ORIENTED_EDGE('',*,*,#1126,.T.);
#1126=EDGE_CURVE('',#430,#1127,#1129,.T.);
#1127=VERTEX_POINT('',#1128);
#1128=CARTESIAN_POINT('',(-0.9,1.7,5.E-02));
#1129=LINE('',#1130,#989);
#1130=CARTESIAN_POINT('',(-0.9,-0.15,5.E-02));
#1131=ORIENTED_EDGE('',*,*,#1132,.T.);
#1132=EDGE_CURVE('',#1127,#1133,#1135,.T.);
#1133=VERTEX_POINT('',#1134);
#1134=CARTESIAN_POINT('',(-1.1,1.7,5.E-02));
#1135=CIRCLE('',#1136,0.1);
#1136=AXIS2_PLACEMENT_3D('',#1137,#998,#999);
#1137=CARTESIAN_POINT('',(-1.,1.7,5.E-02));
#1138=ORIENTED_EDGE('',*,*,#1139,.T.);
#1139=EDGE_CURVE('',#1133,#445,#1140,.T.);
#1140=LINE('',#1141,#1004);
#1141=CARTESIAN_POINT('',(-1.1,0.,5.E-02));
#1142=ORIENTED_EDGE('',*,*,#1143,.T.);
#1143=EDGE_CURVE('',#451,#1144,#1146,.T.);
#1144=VERTEX_POINT('',#1145);
#1145=CARTESIAN_POINT('',(-1.3,1.7,5.E-02));
#1146=LINE('',#1147,#989);
#1147=CARTESIAN_POINT('',(-1.3,-0.15,5.E-02));
#1148=ORIENTED_EDGE('',*,*,#1149,.T.);
#1149=EDGE_CURVE('',#1144,#1150,#1152,.T.);
#1150=VERTEX_POINT('',#1151);
#1151=CARTESIAN_POINT('',(-1.5,1.7,5.E-02));
#1152=CIRCLE('',#1153,0.1);
#1153=AXIS2_PLACEMENT_3D('',#1154,#998,#999);
#1154=CARTESIAN_POINT('',(-1.4,1.7,5.E-02));
#1155=ORIENTED_EDGE('',*,*,#1156,.T.);
#1156=EDGE_CURVE('',#1150,#466,#1157,.T.);
#1157=LINE('',#1158,#1004);
#1158=CARTESIAN_POINT('',(-1.5,0.,5.E-02));
#1159=ORIENTED_EDGE('',*,*,#1160,.T.);
#1160=EDGE_CURVE('',#472,#1161,#1163,.T.);
#1161=VERTEX_POINT('',#1162);
#1162=CARTESIAN_POINT('',(-1.7,1.7,5.E-02));
#1163=LINE('',#1164,#989);
#1164=CARTESIAN_POINT('',(-1.7,-0.15,5.E-02));
#1165=ORIENTED_EDGE('',*,*,#1166,.T.);
#1166=EDGE_CURVE('',#1161,#1167,#1169,.T.);
#1167=VERTEX_POINT('',#1168);
#1168=CARTESIAN_POINT('',(-1.9,1.7,5.E-02));
#1169=CIRCLE('',#1170,0.1);
#1170=AXIS2_PLACEMENT_3D('',#1171,#998,#999);
#1171=CARTESIAN_POINT('',(-1.8,1.7,5.E-02));
#1172=ORIENTED_EDGE('',*,*,#1173,.T.);
#1173=EDGE_CURVE('',#1167,#487,#1174,.T.);
#1174=LINE('',#1175,#1004);
#1175=CARTESIAN_POINT('',(-1.9,0.,5.E-02));
#1176=ORIENTED_EDGE('',*,*,#1177,.T.);
#1177=EDGE_CURVE('',#493,#1178,#1180,.T.);
#1178=VERTEX_POINT('',#1179);
#1179=CARTESIAN_POINT('',(-2.1,1.7,5.E-02));
#1180=LINE('',#1181,#989);
#1181=CARTESIAN_POINT('',(-2.1,-0.15,5.E-02));
#1182=ORIENTED_EDGE('',*,*,#1183,.T.);
#1183=EDGE_CURVE('',#1178,#1184,#1186,.T.);
#1184=VERTEX_POINT('',#1185);
#1185=CARTESIAN_POINT('',(-2.3,1.7,5.E-02));
#1186=CIRCLE('',#1187,0.1);
#1187=AXIS2_PLACEMENT_3D('',#1188,#998,#999);
#1188=CARTESIAN_POINT('',(-2.2,1.7,5.E-02));
#1189=ORIENTED_EDGE('',*,*,#1190,.T.);
#1190=EDGE_CURVE('',#1184,#249,#1191,.T.);
#1191=LINE('',#1192,#1004);
#1192=CARTESIAN_POINT('',(-2.3,0.,5.E-02));
#1193=ORIENTED_EDGE('',*,*,#207,.F.);
#1194=ORIENTED_EDGE('',*,*,#1195,.T.);
#1195=EDGE_CURVE('',#202,#1196,#1198,.T.);
#1196=VERTEX_POINT('',#1197);
#1197=CARTESIAN_POINT('',(-2.7,1.5,5.E-02));
#1198=LINE('',#1199,#1200);
#1199=CARTESIAN_POINT('',(-2.85,1.5,5.E-02));
#1200=VECTOR('',#1201,1.);
#1201=DIRECTION('',(1.,-1.850371707709E-17,0.));
#1202=ORIENTED_EDGE('',*,*,#1203,.T.);
#1203=EDGE_CURVE('',#1196,#1204,#1206,.T.);
#1204=VERTEX_POINT('',#1205);
#1205=CARTESIAN_POINT('',(-2.7,1.3,5.E-02));
#1206=CIRCLE('',#1207,0.1);
#1207=AXIS2_PLACEMENT_3D('',#1208,#1209,#1210);
#1208=CARTESIAN_POINT('',(-2.7,1.4,5.E-02));
#1209=DIRECTION('',(0.,-0.,-1.));
#1210=DIRECTION('',(-2.498001805407E-16,-1.,0.));
#1211=ORIENTED_EDGE('',*,*,#1212,.T.);
#1212=EDGE_CURVE('',#1204,#187,#1213,.T.);
#1213=LINE('',#188,#1214);
#1214=VECTOR('',#1215,1.);
#1215=DIRECTION('',(-1.,1.110223024625E-16,0.));
#1216=ORIENTED_EDGE('',*,*,#186,.F.);
#1217=ORIENTED_EDGE('',*,*,#1218,.T.);
#1218=EDGE_CURVE('',#181,#1219,#1221,.T.);
#1219=VERTEX_POINT('',#1220);
#1220=CARTESIAN_POINT('',(-2.7,1.1,5.E-02));
#1221=LINE('',#1222,#1200);
#1222=CARTESIAN_POINT('',(-2.85,1.1,5.E-02));
#1223=ORIENTED_EDGE('',*,*,#1224,.T.);
#1224=EDGE_CURVE('',#1219,#1225,#1227,.T.);
#1225=VERTEX_POINT('',#1226);
#1226=CARTESIAN_POINT('',(-2.7,0.9,5.E-02));
#1227=CIRCLE('',#1228,0.1);
#1228=AXIS2_PLACEMENT_3D('',#1229,#1209,#1210);
#1229=CARTESIAN_POINT('',(-2.7,1.,5.E-02));
#1230=ORIENTED_EDGE('',*,*,#1231,.T.);
#1231=EDGE_CURVE('',#1225,#166,#1232,.T.);
#1232=LINE('',#167,#1214);
#1233=ORIENTED_EDGE('',*,*,#165,.F.);
#1234=ORIENTED_EDGE('',*,*,#1235,.T.);
#1235=EDGE_CURVE('',#160,#1236,#1238,.T.);
#1236=VERTEX_POINT('',#1237);
#1237=CARTESIAN_POINT('',(-2.7,0.7,5.E-02));
#1238=LINE('',#1239,#1200);
#1239=CARTESIAN_POINT('',(-2.85,0.7,5.E-02));
#1240=ORIENTED_EDGE('',*,*,#1241,.T.);
#1241=EDGE_CURVE('',#1236,#1242,#1244,.T.);
#1242=VERTEX_POINT('',#1243);
#1243=CARTESIAN_POINT('',(-2.7,0.5,5.E-02));
#1244=CIRCLE('',#1245,0.1);
#1245=AXIS2_PLACEMENT_3D('',#1246,#1209,#1210);
#1246=CARTESIAN_POINT('',(-2.7,0.6,5.E-02));
#1247=ORIENTED_EDGE('',*,*,#1248,.T.);
#1248=EDGE_CURVE('',#1242,#145,#1249,.T.);
#1249=LINE('',#146,#1214);
#1250=ORIENTED_EDGE('',*,*,#144,.F.);
#1251=ORIENTED_EDGE('',*,*,#1252,.T.);
#1252=EDGE_CURVE('',#139,#1253,#1255,.T.);
#1253=VERTEX_POINT('',#1254);
#1254=CARTESIAN_POINT('',(-2.7,0.3,5.E-02));
#1255=LINE('',#1256,#1200);
#1256=CARTESIAN_POINT('',(-2.85,0.3,5.E-02));
#1257=ORIENTED_EDGE('',*,*,#1258,.T.);
#1258=EDGE_CURVE('',#1253,#1259,#1261,.T.);
#1259=VERTEX_POINT('',#1260);
#1260=CARTESIAN_POINT('',(-2.7,1.E-01,5.E-02));
#1261=CIRCLE('',#1262,0.1);
#1262=AXIS2_PLACEMENT_3D('',#1263,#1209,#1210);
#1263=CARTESIAN_POINT('',(-2.7,0.2,5.E-02));
#1264=ORIENTED_EDGE('',*,*,#1265,.T.);
#1265=EDGE_CURVE('',#1259,#124,#1266,.T.);
#1266=LINE('',#125,#1214);
#1267=ORIENTED_EDGE('',*,*,#123,.F.);
#1268=ORIENTED_EDGE('',*,*,#1269,.T.);
#1269=EDGE_CURVE('',#118,#1270,#1272,.T.);
#1270=VERTEX_POINT('',#1271);
#1271=CARTESIAN_POINT('',(-2.7,-1.E-01,5.E-02));
#1272=LINE('',#1273,#1200);
#1273=CARTESIAN_POINT('',(-2.85,-0.1,5.E-02));
#1274=ORIENTED_EDGE('',*,*,#1275,.T.);
#1275=EDGE_CURVE('',#1270,#1276,#1278,.T.);
#1276=VERTEX_POINT('',#1277);
#1277=CARTESIAN_POINT('',(-2.7,-0.3,5.E-02));
#1278=CIRCLE('',#1279,0.1);
#1279=AXIS2_PLACEMENT_3D('',#1280,#1209,#1210);
#1280=CARTESIAN_POINT('',(-2.7,-0.2,5.E-02));
#1281=ORIENTED_EDGE('',*,*,#1282,.T.);
#1282=EDGE_CURVE('',#1276,#103,#1283,.T.);
#1283=LINE('',#104,#1214);
#1284=ORIENTED_EDGE('',*,*,#102,.F.);
#1285=ORIENTED_EDGE('',*,*,#1286,.T.);
#1286=EDGE_CURVE('',#97,#1287,#1289,.T.);
#1287=VERTEX_POINT('',#1288);
#1288=CARTESIAN_POINT('',(-2.7,-0.5,5.E-02));
#1289=LINE('',#1290,#1200);
#1290=CARTESIAN_POINT('',(-2.85,-0.5,5.E-02));
#1291=ORIENTED_EDGE('',*,*,#1292,.T.);
#1292=EDGE_CURVE('',#1287,#1293,#1295,.T.);
#1293=VERTEX_POINT('',#1294);
#1294=CARTESIAN_POINT('',(-2.7,-0.7,5.E-02));
#1295=CIRCLE('',#1296,0.1);
#1296=AXIS2_PLACEMENT_3D('',#1297,#1209,#1210);
#1297=CARTESIAN_POINT('',(-2.7,-0.6,5.E-02));
#1298=ORIENTED_EDGE('',*,*,#1299,.T.);
#1299=EDGE_CURVE('',#1293,#82,#1300,.T.);
#1300=LINE('',#83,#1214);
#1301=ORIENTED_EDGE('',*,*,#81,.F.);
#1302=ORIENTED_EDGE('',*,*,#1303,.T.);
#1303=EDGE_CURVE('',#76,#1304,#1306,.T.);
#1304=VERTEX_POINT('',#1305);
#1305=CARTESIAN_POINT('',(-2.7,-0.9,5.E-02));
#1306=LINE('',#1307,#1200);
#1307=CARTESIAN_POINT('',(-2.85,-0.9,5.E-02));
#1308=ORIENTED_EDGE('',*,*,#1309,.T.);
#1309=EDGE_CURVE('',#1304,#1310,#1312,.T.);
#1310=VERTEX_POINT('',#1311);
#1311=CARTESIAN_POINT('',(-2.7,-1.1,5.E-02));
#1312=CIRCLE('',#1313,0.1);
#1313=AXIS2_PLACEMENT_3D('',#1314,#1209,#1210);
#1314=CARTESIAN_POINT('',(-2.7,-1.,5.E-02));
#1315=ORIENTED_EDGE('',*,*,#1316,.T.);
#1316=EDGE_CURVE('',#1310,#61,#1317,.T.);
#1317=LINE('',#62,#1214);
#1318=ORIENTED_EDGE('',*,*,#60,.F.);
#1319=ORIENTED_EDGE('',*,*,#1320,.T.);
#1320=EDGE_CURVE('',#55,#1321,#1323,.T.);
#1321=VERTEX_POINT('',#1322);
#1322=CARTESIAN_POINT('',(-2.7,-1.3,5.E-02));
#1323=LINE('',#1324,#1200);
#1324=CARTESIAN_POINT('',(-2.85,-1.3,5.E-02));
#1325=ORIENTED_EDGE('',*,*,#1326,.T.);
#1326=EDGE_CURVE('',#1321,#1327,#1329,.T.);
#1327=VERTEX_POINT('',#1328);
#1328=CARTESIAN_POINT('',(-2.7,-1.5,5.E-02));
#1329=CIRCLE('',#1330,0.1);
#1330=AXIS2_PLACEMENT_3D('',#1331,#1209,#1210);
#1331=CARTESIAN_POINT('',(-2.7,-1.4,5.E-02));
#1332=ORIENTED_EDGE('',*,*,#1333,.T.);
#1333=EDGE_CURVE('',#1327,#37,#1334,.T.);
#1334=LINE('',#38,#1214);
#1335=FACE_BOUND('',#1336,.F.);
#1336=EDGE_LOOP('',(#1337,#1347,#1355,#1361));
#1337=ORIENTED_EDGE('',*,*,#1338,.T.);
#1338=EDGE_CURVE('',#1339,#1341,#1343,.T.);
#1339=VERTEX_POINT('',#1340);
#1340=CARTESIAN_POINT('',(2.35,1.35,5.E-02));
#1341=VERTEX_POINT('',#1342);
#1342=CARTESIAN_POINT('',(2.35,-1.35,5.E-02));
#1343=LINE('',#1344,#1345);
#1344=CARTESIAN_POINT('',(2.35,-1.675,5.E-02));
#1345=VECTOR('',#1346,1.);
#1346=DIRECTION('',(0.,-1.,0.));
#1347=ORIENTED_EDGE('',*,*,#1348,.T.);
#1348=EDGE_CURVE('',#1341,#1349,#1351,.T.);
#1349=VERTEX_POINT('',#1350);
#1350=CARTESIAN_POINT('',(-2.35,-1.35,5.E-02));
#1351=LINE('',#1352,#1353);
#1352=CARTESIAN_POINT('',(-2.675,-1.35,5.E-02));
#1353=VECTOR('',#1354,1.);
#1354=DIRECTION('',(-1.,0.,0.));
#1355=ORIENTED_EDGE('',*,*,#1356,.T.);
#1356=EDGE_CURVE('',#1349,#1357,#1359,.T.);
#1357=VERTEX_POINT('',#1358);
#1358=CARTESIAN_POINT('',(-2.35,1.35,5.E-02));
#1359=LINE('',#1360,#27);
#1360=CARTESIAN_POINT('',(-2.35,-0.325,5.E-02));
#1361=ORIENTED_EDGE('',*,*,#1362,.T.);
#1362=EDGE_CURVE('',#1357,#1339,#1363,.T.);
#1363=LINE('',#1364,#1365);
#1364=CARTESIAN_POINT('',(-0.325,1.35,5.E-02));
#1365=VECTOR('',#14,1.);
#1366=PLANE('',#1367);
#1367=AXIS2_PLACEMENT_3D('',#32,#13,#215);
#1368=ADVANCED_FACE('',(#1369),#1383,.F.);
#1369=FACE_BOUND('',#1370,.F.);
#1370=EDGE_LOOP('',(#1371,#1374,#1375,#1376,#1377,#1380));
#1371=ORIENTED_EDGE('',*,*,#1372,.T.);
#1372=EDGE_CURVE('',#1373,#202,#204,.T.);
#1373=VERTEX_POINT('',#205);
#1374=ORIENTED_EDGE('',*,*,#201,.T.);
#1375=ORIENTED_EDGE('',*,*,#196,.T.);
#1376=ORIENTED_EDGE('',*,*,#190,.F.);
#1377=ORIENTED_EDGE('',*,*,#1378,.F.);
#1378=EDGE_CURVE('',#1379,#187,#193,.T.);
#1379=VERTEX_POINT('',#194);
#1380=ORIENTED_EDGE('',*,*,#1381,.F.);
#1381=EDGE_CURVE('',#1373,#1379,#1382,.T.);
#1382=LINE('',#205,#51);
#1383=PLANE('',#1384);
#1384=AXIS2_PLACEMENT_3D('',#205,#1385,#52);
#1385=DIRECTION('',(1.,2.775557561563E-17,0.));
#1386=ADVANCED_FACE('',(#1387),#1401,.F.);
#1387=FACE_BOUND('',#1388,.F.);
#1388=EDGE_LOOP('',(#1389,#1392,#1393,#1394,#1395,#1398));
#1389=ORIENTED_EDGE('',*,*,#1390,.T.);
#1390=EDGE_CURVE('',#1391,#181,#183,.T.);
#1391=VERTEX_POINT('',#184);
#1392=ORIENTED_EDGE('',*,*,#180,.T.);
#1393=ORIENTED_EDGE('',*,*,#175,.T.);
#1394=ORIENTED_EDGE('',*,*,#169,.F.);
#1395=ORIENTED_EDGE('',*,*,#1396,.F.);
#1396=EDGE_CURVE('',#1397,#166,#172,.T.);
#1397=VERTEX_POINT('',#173);
#1398=ORIENTED_EDGE('',*,*,#1399,.F.);
#1399=EDGE_CURVE('',#1391,#1397,#1400,.T.);
#1400=LINE('',#184,#51);
#1401=PLANE('',#1402);
#1402=AXIS2_PLACEMENT_3D('',#184,#1385,#52);
#1403=ADVANCED_FACE('',(#1404),#1418,.F.);
#1404=FACE_BOUND('',#1405,.F.);
#1405=EDGE_LOOP('',(#1406,#1409,#1410,#1411,#1412,#1415));
#1406=ORIENTED_EDGE('',*,*,#1407,.T.);
#1407=EDGE_CURVE('',#1408,#160,#162,.T.);
#1408=VERTEX_POINT('',#163);
#1409=ORIENTED_EDGE('',*,*,#159,.T.);
#1410=ORIENTED_EDGE('',*,*,#154,.T.);
#1411=ORIENTED_EDGE('',*,*,#148,.F.);
#1412=ORIENTED_EDGE('',*,*,#1413,.F.);
#1413=EDGE_CURVE('',#1414,#145,#151,.T.);
#1414=VERTEX_POINT('',#152);
#1415=ORIENTED_EDGE('',*,*,#1416,.F.);
#1416=EDGE_CURVE('',#1408,#1414,#1417,.T.);
#1417=LINE('',#163,#51);
#1418=PLANE('',#1419);
#1419=AXIS2_PLACEMENT_3D('',#163,#1385,#52);
#1420=ADVANCED_FACE('',(#1421),#1435,.F.);
#1421=FACE_BOUND('',#1422,.F.);
#1422=EDGE_LOOP('',(#1423,#1426,#1427,#1428,#1429,#1432));
#1423=ORIENTED_EDGE('',*,*,#1424,.T.);
#1424=EDGE_CURVE('',#1425,#139,#141,.T.);
#1425=VERTEX_POINT('',#142);
#1426=ORIENTED_EDGE('',*,*,#138,.T.);
#1427=ORIENTED_EDGE('',*,*,#133,.T.);
#1428=ORIENTED_EDGE('',*,*,#127,.F.);
#1429=ORIENTED_EDGE('',*,*,#1430,.F.);
#1430=EDGE_CURVE('',#1431,#124,#130,.T.);
#1431=VERTEX_POINT('',#131);
#1432=ORIENTED_EDGE('',*,*,#1433,.F.);
#1433=EDGE_CURVE('',#1425,#1431,#1434,.T.);
#1434=LINE('',#142,#51);
#1435=PLANE('',#1436);
#1436=AXIS2_PLACEMENT_3D('',#142,#1385,#52);
#1437=ADVANCED_FACE('',(#1438),#1452,.F.);
#1438=FACE_BOUND('',#1439,.F.);
#1439=EDGE_LOOP('',(#1440,#1443,#1444,#1445,#1446,#1449));
#1440=ORIENTED_EDGE('',*,*,#1441,.T.);
#1441=EDGE_CURVE('',#1442,#118,#120,.T.);
#1442=VERTEX_POINT('',#121);
#1443=ORIENTED_EDGE('',*,*,#117,.T.);
#1444=ORIENTED_EDGE('',*,*,#112,.T.);
#1445=ORIENTED_EDGE('',*,*,#106,.F.);
#1446=ORIENTED_EDGE('',*,*,#1447,.F.);
#1447=EDGE_CURVE('',#1448,#103,#109,.T.);
#1448=VERTEX_POINT('',#110);
#1449=ORIENTED_EDGE('',*,*,#1450,.F.);
#1450=EDGE_CURVE('',#1442,#1448,#1451,.T.);
#1451=LINE('',#121,#51);
#1452=PLANE('',#1453);
#1453=AXIS2_PLACEMENT_3D('',#121,#1385,#52);
#1454=ADVANCED_FACE('',(#1455),#1469,.F.);
#1455=FACE_BOUND('',#1456,.F.);
#1456=EDGE_LOOP('',(#1457,#1460,#1461,#1462,#1463,#1466));
#1457=ORIENTED_EDGE('',*,*,#1458,.T.);
#1458=EDGE_CURVE('',#1459,#97,#99,.T.);
#1459=VERTEX_POINT('',#100);
#1460=ORIENTED_EDGE('',*,*,#96,.T.);
#1461=ORIENTED_EDGE('',*,*,#91,.T.);
#1462=ORIENTED_EDGE('',*,*,#85,.F.);
#1463=ORIENTED_EDGE('',*,*,#1464,.F.);
#1464=EDGE_CURVE('',#1465,#82,#88,.T.);
#1465=VERTEX_POINT('',#89);
#1466=ORIENTED_EDGE('',*,*,#1467,.F.);
#1467=EDGE_CURVE('',#1459,#1465,#1468,.T.);
#1468=LINE('',#100,#51);
#1469=PLANE('',#1470);
#1470=AXIS2_PLACEMENT_3D('',#100,#1385,#52);
#1471=ADVANCED_FACE('',(#1472),#1486,.F.);
#1472=FACE_BOUND('',#1473,.F.);
#1473=EDGE_LOOP('',(#1474,#1477,#1478,#1479,#1480,#1483));
#1474=ORIENTED_EDGE('',*,*,#1475,.T.);
#1475=EDGE_CURVE('',#1476,#76,#78,.T.);
#1476=VERTEX_POINT('',#79);
#1477=ORIENTED_EDGE('',*,*,#75,.T.);
#1478=ORIENTED_EDGE('',*,*,#70,.T.);
#1479=ORIENTED_EDGE('',*,*,#64,.F.);
#1480=ORIENTED_EDGE('',*,*,#1481,.F.);
#1481=EDGE_CURVE('',#1482,#61,#67,.T.);
#1482=VERTEX_POINT('',#68);
#1483=ORIENTED_EDGE('',*,*,#1484,.F.);
#1484=EDGE_CURVE('',#1476,#1482,#1485,.T.);
#1485=LINE('',#79,#51);
#1486=PLANE('',#1487);
#1487=AXIS2_PLACEMENT_3D('',#79,#1385,#52);
#1488=ADVANCED_FACE('',(#1489),#1503,.F.);
#1489=FACE_BOUND('',#1490,.F.);
#1490=EDGE_LOOP('',(#1491,#1494,#1495,#1496,#1497,#1500));
#1491=ORIENTED_EDGE('',*,*,#1492,.T.);
#1492=EDGE_CURVE('',#1493,#55,#57,.T.);
#1493=VERTEX_POINT('',#58);
#1494=ORIENTED_EDGE('',*,*,#54,.T.);
#1495=ORIENTED_EDGE('',*,*,#47,.T.);
#1496=ORIENTED_EDGE('',*,*,#41,.F.);
#1497=ORIENTED_EDGE('',*,*,#1498,.F.);
#1498=EDGE_CURVE('',#1499,#37,#44,.T.);
#1499=VERTEX_POINT('',#45);
#1500=ORIENTED_EDGE('',*,*,#1501,.F.);
#1501=EDGE_CURVE('',#1493,#1499,#1502,.T.);
#1502=LINE('',#58,#51);
#1503=PLANE('',#1504);
#1504=AXIS2_PLACEMENT_3D('',#58,#1385,#52);
#1505=ADVANCED_FACE('',(#1506),#1707,.F.);
#1506=FACE_BOUND('',#1507,.F.);
#1507=EDGE_LOOP('',(#1508,#1509,#219,#1510,#1513,#1514,#1520,#1527,#1531,#1532,#1538,#1543,#1547,#1548,#1554,#1559,#1563,#1564,#1570,#1575,#1579,#1580,#1586,#1591,#1595,#1596,#1602,#1607,#1611,#1612,#1618,#1623,#1627,#1628,#1634,#1639,#1643,#1644,#1650,#1655,#1659,#1660,#1666,#1671,#1675,#1676,#1682,#1687,#1691,#1692,#1698,#1703));
#1508=ORIENTED_EDGE('',*,*,#517,.F.);
#1509=ORIENTED_EDGE('',*,*,#30,.T.);
#1510=ORIENTED_EDGE('',*,*,#1511,.F.);
#1511=EDGE_CURVE('',#789,#221,#1512,.T.);
#1512=LINE('',#790,#34);
#1513=ORIENTED_EDGE('',*,*,#788,.F.);
#1514=ORIENTED_EDGE('',*,*,#1515,.T.);
#1515=EDGE_CURVE('',#784,#1516,#1518,.T.);
#1516=VERTEX_POINT('',#1517);
#1517=CARTESIAN_POINT('',(2.3,-2.,0.16));
#1518=LINE('',#1519,#34);
#1519=CARTESIAN_POINT('',(2.3,-2.,0.));
#1520=ORIENTED_EDGE('',*,*,#1521,.F.);
#1521=EDGE_CURVE('',#1522,#1516,#1524,.T.);
#1522=VERTEX_POINT('',#1523);
#1523=CARTESIAN_POINT('',(2.1,-2.,0.16));
#1524=LINE('',#1523,#1525);
#1525=VECTOR('',#1526,1.);
#1526=DIRECTION('',(1.,1.631319816341E-17,0.));
#1527=ORIENTED_EDGE('',*,*,#1528,.F.);
#1528=EDGE_CURVE('',#767,#1522,#1529,.T.);
#1529=LINE('',#1530,#34);
#1530=CARTESIAN_POINT('',(2.1,-2.,0.));
#1531=ORIENTED_EDGE('',*,*,#766,.F.);
#1532=ORIENTED_EDGE('',*,*,#1533,.T.);
#1533=EDGE_CURVE('',#762,#1534,#1536,.T.);
#1534=VERTEX_POINT('',#1535);
#1535=CARTESIAN_POINT('',(1.9,-2.,0.16));
#1536=LINE('',#1537,#34);
#1537=CARTESIAN_POINT('',(1.9,-2.,0.));
#1538=ORIENTED_EDGE('',*,*,#1539,.F.);
#1539=EDGE_CURVE('',#1540,#1534,#1542,.T.);
#1540=VERTEX_POINT('',#1541);
#1541=CARTESIAN_POINT('',(1.7,-2.,0.16));
#1542=LINE('',#1541,#1525);
#1543=ORIENTED_EDGE('',*,*,#1544,.F.);
#1544=EDGE_CURVE('',#745,#1540,#1545,.T.);
#1545=LINE('',#1546,#34);
#1546=CARTESIAN_POINT('',(1.7,-2.,0.));
#1547=ORIENTED_EDGE('',*,*,#744,.F.);
#1548=ORIENTED_EDGE('',*,*,#1549,.T.);
#1549=EDGE_CURVE('',#740,#1550,#1552,.T.);
#1550=VERTEX_POINT('',#1551);
#1551=CARTESIAN_POINT('',(1.5,-2.,0.16));
#1552=LINE('',#1553,#34);
#1553=CARTESIAN_POINT('',(1.5,-2.,0.));
#1554=ORIENTED_EDGE('',*,*,#1555,.F.);
#1555=EDGE_CURVE('',#1556,#1550,#1558,.T.);
#1556=VERTEX_POINT('',#1557);
#1557=CARTESIAN_POINT('',(1.3,-2.,0.16));
#1558=LINE('',#1557,#1525);
#1559=ORIENTED_EDGE('',*,*,#1560,.F.);
#1560=EDGE_CURVE('',#723,#1556,#1561,.T.);
#1561=LINE('',#1562,#34);
#1562=CARTESIAN_POINT('',(1.3,-2.,0.));
#1563=ORIENTED_EDGE('',*,*,#722,.F.);
#1564=ORIENTED_EDGE('',*,*,#1565,.T.);
#1565=EDGE_CURVE('',#718,#1566,#1568,.T.);
#1566=VERTEX_POINT('',#1567);
#1567=CARTESIAN_POINT('',(1.1,-2.,0.16));
#1568=LINE('',#1569,#34);
#1569=CARTESIAN_POINT('',(1.1,-2.,0.));
#1570=ORIENTED_EDGE('',*,*,#1571,.F.);
#1571=EDGE_CURVE('',#1572,#1566,#1574,.T.);
#1572=VERTEX_POINT('',#1573);
#1573=CARTESIAN_POINT('',(0.9,-2.,0.16));
#1574=LINE('',#1573,#1525);
#1575=ORIENTED_EDGE('',*,*,#1576,.F.);
#1576=EDGE_CURVE('',#701,#1572,#1577,.T.);
#1577=LINE('',#1578,#34);
#1578=CARTESIAN_POINT('',(0.9,-2.,0.));
#1579=ORIENTED_EDGE('',*,*,#700,.F.);
#1580=ORIENTED_EDGE('',*,*,#1581,.T.);
#1581=EDGE_CURVE('',#696,#1582,#1584,.T.);
#1582=VERTEX_POINT('',#1583);
#1583=CARTESIAN_POINT('',(0.7,-2.,0.16));
#1584=LINE('',#1585,#34);
#1585=CARTESIAN_POINT('',(0.7,-2.,0.));
#1586=ORIENTED_EDGE('',*,*,#1587,.F.);
#1587=EDGE_CURVE('',#1588,#1582,#1590,.T.);
#1588=VERTEX_POINT('',#1589);
#1589=CARTESIAN_POINT('',(0.5,-2.,0.16));
#1590=LINE('',#1589,#1525);
#1591=ORIENTED_EDGE('',*,*,#1592,.F.);
#1592=EDGE_CURVE('',#679,#1588,#1593,.T.);
#1593=LINE('',#1594,#34);
#1594=CARTESIAN_POINT('',(0.5,-2.,0.));
#1595=ORIENTED_EDGE('',*,*,#678,.F.);
#1596=ORIENTED_EDGE('',*,*,#1597,.T.);
#1597=EDGE_CURVE('',#674,#1598,#1600,.T.);
#1598=VERTEX_POINT('',#1599);
#1599=CARTESIAN_POINT('',(0.3,-2.,0.16));
#1600=LINE('',#1601,#34);
#1601=CARTESIAN_POINT('',(0.3,-2.,0.));
#1602=ORIENTED_EDGE('',*,*,#1603,.F.);
#1603=EDGE_CURVE('',#1604,#1598,#1606,.T.);
#1604=VERTEX_POINT('',#1605);
#1605=CARTESIAN_POINT('',(0.1,-2.,0.16));
#1606=LINE('',#1605,#1525);
#1607=ORIENTED_EDGE('',*,*,#1608,.F.);
#1608=EDGE_CURVE('',#657,#1604,#1609,.T.);
#1609=LINE('',#1610,#34);
#1610=CARTESIAN_POINT('',(0.1,-2.,0.));
#1611=ORIENTED_EDGE('',*,*,#656,.F.);
#1612=ORIENTED_EDGE('',*,*,#1613,.T.);
#1613=EDGE_CURVE('',#652,#1614,#1616,.T.);
#1614=VERTEX_POINT('',#1615);
#1615=CARTESIAN_POINT('',(-0.1,-2.,0.16));
#1616=LINE('',#1617,#34);
#1617=CARTESIAN_POINT('',(-0.1,-2.,0.));
#1618=ORIENTED_EDGE('',*,*,#1619,.F.);
#1619=EDGE_CURVE('',#1620,#1614,#1622,.T.);
#1620=VERTEX_POINT('',#1621);
#1621=CARTESIAN_POINT('',(-0.3,-2.,0.16));
#1622=LINE('',#1621,#1525);
#1623=ORIENTED_EDGE('',*,*,#1624,.F.);
#1624=EDGE_CURVE('',#635,#1620,#1625,.T.);
#1625=LINE('',#1626,#34);
#1626=CARTESIAN_POINT('',(-0.3,-2.,0.));
#1627=ORIENTED_EDGE('',*,*,#634,.F.);
#1628=ORIENTED_EDGE('',*,*,#1629,.T.);
#1629=EDGE_CURVE('',#630,#1630,#1632,.T.);
#1630=VERTEX_POINT('',#1631);
#1631=CARTESIAN_POINT('',(-0.5,-2.,0.16));
#1632=LINE('',#1633,#34);
#1633=CARTESIAN_POINT('',(-0.5,-2.,0.));
#1634=ORIENTED_EDGE('',*,*,#1635,.F.);
#1635=EDGE_CURVE('',#1636,#1630,#1638,.T.);
#1636=VERTEX_POINT('',#1637);
#1637=CARTESIAN_POINT('',(-0.7,-2.,0.16));
#1638=LINE('',#1637,#1525);
#1639=ORIENTED_EDGE('',*,*,#1640,.F.);
#1640=EDGE_CURVE('',#613,#1636,#1641,.T.);
#1641=LINE('',#1642,#34);
#1642=CARTESIAN_POINT('',(-0.7,-2.,0.));
#1643=ORIENTED_EDGE('',*,*,#612,.F.);
#1644=ORIENTED_EDGE('',*,*,#1645,.T.);
#1645=EDGE_CURVE('',#608,#1646,#1648,.T.);
#1646=VERTEX_POINT('',#1647);
#1647=CARTESIAN_POINT('',(-0.9,-2.,0.16));
#1648=LINE('',#1649,#34);
#1649=CARTESIAN_POINT('',(-0.9,-2.,0.));
#1650=ORIENTED_EDGE('',*,*,#1651,.F.);
#1651=EDGE_CURVE('',#1652,#1646,#1654,.T.);
#1652=VERTEX_POINT('',#1653);
#1653=CARTESIAN_POINT('',(-1.1,-2.,0.16));
#1654=LINE('',#1653,#1525);
#1655=ORIENTED_EDGE('',*,*,#1656,.F.);
#1656=EDGE_CURVE('',#591,#1652,#1657,.T.);
#1657=LINE('',#1658,#34);
#1658=CARTESIAN_POINT('',(-1.1,-2.,0.));
#1659=ORIENTED_EDGE('',*,*,#590,.F.);
#1660=ORIENTED_EDGE('',*,*,#1661,.T.);
#1661=EDGE_CURVE('',#586,#1662,#1664,.T.);
#1662=VERTEX_POINT('',#1663);
#1663=CARTESIAN_POINT('',(-1.3,-2.,0.16));
#1664=LINE('',#1665,#34);
#1665=CARTESIAN_POINT('',(-1.3,-2.,0.));
#1666=ORIENTED_EDGE('',*,*,#1667,.F.);
#1667=EDGE_CURVE('',#1668,#1662,#1670,.T.);
#1668=VERTEX_POINT('',#1669);
#1669=CARTESIAN_POINT('',(-1.5,-2.,0.16));
#1670=LINE('',#1669,#1525);
#1671=ORIENTED_EDGE('',*,*,#1672,.F.);
#1672=EDGE_CURVE('',#569,#1668,#1673,.T.);
#1673=LINE('',#1674,#34);
#1674=CARTESIAN_POINT('',(-1.5,-2.,0.));
#1675=ORIENTED_EDGE('',*,*,#568,.F.);
#1676=ORIENTED_EDGE('',*,*,#1677,.T.);
#1677=EDGE_CURVE('',#564,#1678,#1680,.T.);
#1678=VERTEX_POINT('',#1679);
#1679=CARTESIAN_POINT('',(-1.7,-2.,0.16));
#1680=LINE('',#1681,#34);
#1681=CARTESIAN_POINT('',(-1.7,-2.,0.));
#1682=ORIENTED_EDGE('',*,*,#1683,.F.);
#1683=EDGE_CURVE('',#1684,#1678,#1686,.T.);
#1684=VERTEX_POINT('',#1685);
#1685=CARTESIAN_POINT('',(-1.9,-2.,0.16));
#1686=LINE('',#1685,#1525);
#1687=ORIENTED_EDGE('',*,*,#1688,.F.);
#1688=EDGE_CURVE('',#547,#1684,#1689,.T.);
#1689=LINE('',#1690,#34);
#1690=CARTESIAN_POINT('',(-1.9,-2.,0.));
#1691=ORIENTED_EDGE('',*,*,#546,.F.);
#1692=ORIENTED_EDGE('',*,*,#1693,.T.);
#1693=EDGE_CURVE('',#540,#1694,#1696,.T.);
#1694=VERTEX_POINT('',#1695);
#1695=CARTESIAN_POINT('',(-2.1,-2.,0.16));
#1696=LINE('',#1697,#34);
#1697=CARTESIAN_POINT('',(-2.1,-2.,0.));
#1698=ORIENTED_EDGE('',*,*,#1699,.F.);
#1699=EDGE_CURVE('',#1700,#1694,#1702,.T.);
#1700=VERTEX_POINT('',#1701);
#1701=CARTESIAN_POINT('',(-2.3,-2.,0.16));
#1702=LINE('',#1701,#1525);
#1703=ORIENTED_EDGE('',*,*,#1704,.F.);
#1704=EDGE_CURVE('',#518,#1700,#1705,.T.);
#1705=LINE('',#1706,#34);
#1706=CARTESIAN_POINT('',(-2.3,-2.,0.));
#1707=PLANE('',#1708);
#1708=AXIS2_PLACEMENT_3D('',#32,#28,#13);
#1709=ADVANCED_FACE('',(#1710),#1836,.T.);
#1710=FACE_BOUND('',#1711,.T.);
#1711=EDGE_LOOP('',(#1712,#1510,#791,#1713,#1719,#1726,#820,#1730,#1736,#1741,#843,#1745,#1751,#1756,#866,#1760,#1766,#1771,#889,#1775,#1781,#1786,#912,#1790,#1796,#1801,#935,#1805,#1811,#1816,#958,#1820,#1826,#1831,#981,#1835));
#1712=ORIENTED_EDGE('',*,*,#226,.F.);
#1713=ORIENTED_EDGE('',*,*,#1714,.T.);
#1714=EDGE_CURVE('',#793,#1715,#1717,.T.);
#1715=VERTEX_POINT('',#1716);
#1716=CARTESIAN_POINT('',(3.,-1.5,0.16));
#1717=LINE('',#1718,#34);
#1718=CARTESIAN_POINT('',(3.,-1.5,0.));
#1719=ORIENTED_EDGE('',*,*,#1720,.T.);
#1720=EDGE_CURVE('',#1715,#1721,#1723,.T.);
#1721=VERTEX_POINT('',#1722);
#1722=CARTESIAN_POINT('',(3.,-1.3,0.16));
#1723=LINE('',#1716,#1724);
#1724=VECTOR('',#1725,1.);
#1725=DIRECTION('',(8.326672684689E-17,1.,0.));
#1726=ORIENTED_EDGE('',*,*,#1727,.F.);
#1727=EDGE_CURVE('',#814,#1721,#1728,.T.);
#1728=LINE('',#1729,#34);
#1729=CARTESIAN_POINT('',(3.,-1.3,0.));
#1730=ORIENTED_EDGE('',*,*,#1731,.T.);
#1731=EDGE_CURVE('',#822,#1732,#1734,.T.);
#1732=VERTEX_POINT('',#1733);
#1733=CARTESIAN_POINT('',(3.,-1.1,0.16));
#1734=LINE('',#1735,#34);
#1735=CARTESIAN_POINT('',(3.,-1.1,0.));
#1736=ORIENTED_EDGE('',*,*,#1737,.T.);
#1737=EDGE_CURVE('',#1732,#1738,#1740,.T.);
#1738=VERTEX_POINT('',#1739);
#1739=CARTESIAN_POINT('',(3.,-0.9,0.16));
#1740=LINE('',#1733,#1724);
#1741=ORIENTED_EDGE('',*,*,#1742,.F.);
#1742=EDGE_CURVE('',#839,#1738,#1743,.T.);
#1743=LINE('',#1744,#34);
#1744=CARTESIAN_POINT('',(3.,-0.9,0.));
#1745=ORIENTED_EDGE('',*,*,#1746,.T.);
#1746=EDGE_CURVE('',#845,#1747,#1749,.T.);
#1747=VERTEX_POINT('',#1748);
#1748=CARTESIAN_POINT('',(3.,-0.7,0.16));
#1749=LINE('',#1750,#34);
#1750=CARTESIAN_POINT('',(3.,-0.7,0.));
#1751=ORIENTED_EDGE('',*,*,#1752,.T.);
#1752=EDGE_CURVE('',#1747,#1753,#1755,.T.);
#1753=VERTEX_POINT('',#1754);
#1754=CARTESIAN_POINT('',(3.,-0.5,0.16));
#1755=LINE('',#1748,#1724);
#1756=ORIENTED_EDGE('',*,*,#1757,.F.);
#1757=EDGE_CURVE('',#862,#1753,#1758,.T.);
#1758=LINE('',#1759,#34);
#1759=CARTESIAN_POINT('',(3.,-0.5,0.));
#1760=ORIENTED_EDGE('',*,*,#1761,.T.);
#1761=EDGE_CURVE('',#868,#1762,#1764,.T.);
#1762=VERTEX_POINT('',#1763);
#1763=CARTESIAN_POINT('',(3.,-0.3,0.16));
#1764=LINE('',#1765,#34);
#1765=CARTESIAN_POINT('',(3.,-0.3,0.));
#1766=ORIENTED_EDGE('',*,*,#1767,.T.);
#1767=EDGE_CURVE('',#1762,#1768,#1770,.T.);
#1768=VERTEX_POINT('',#1769);
#1769=CARTESIAN_POINT('',(3.,-1.E-01,0.16));
#1770=LINE('',#1763,#1724);
#1771=ORIENTED_EDGE('',*,*,#1772,.F.);
#1772=EDGE_CURVE('',#885,#1768,#1773,.T.);
#1773=LINE('',#1774,#34);
#1774=CARTESIAN_POINT('',(3.,-1.E-01,0.));
#1775=ORIENTED_EDGE('',*,*,#1776,.T.);
#1776=EDGE_CURVE('',#891,#1777,#1779,.T.);
#1777=VERTEX_POINT('',#1778);
#1778=CARTESIAN_POINT('',(3.,1.E-01,0.16));
#1779=LINE('',#1780,#34);
#1780=CARTESIAN_POINT('',(3.,1.E-01,0.));
#1781=ORIENTED_EDGE('',*,*,#1782,.T.);
#1782=EDGE_CURVE('',#1777,#1783,#1785,.T.);
#1783=VERTEX_POINT('',#1784);
#1784=CARTESIAN_POINT('',(3.,0.3,0.16));
#1785=LINE('',#1778,#1724);
#1786=ORIENTED_EDGE('',*,*,#1787,.F.);
#1787=EDGE_CURVE('',#908,#1783,#1788,.T.);
#1788=LINE('',#1789,#34);
#1789=CARTESIAN_POINT('',(3.,0.3,0.));
#1790=ORIENTED_EDGE('',*,*,#1791,.T.);
#1791=EDGE_CURVE('',#914,#1792,#1794,.T.);
#1792=VERTEX_POINT('',#1793);
#1793=CARTESIAN_POINT('',(3.,0.5,0.16));
#1794=LINE('',#1795,#34);
#1795=CARTESIAN_POINT('',(3.,0.5,0.));
#1796=ORIENTED_EDGE('',*,*,#1797,.T.);
#1797=EDGE_CURVE('',#1792,#1798,#1800,.T.);
#1798=VERTEX_POINT('',#1799);
#1799=CARTESIAN_POINT('',(3.,0.7,0.16));
#1800=LINE('',#1793,#1724);
#1801=ORIENTED_EDGE('',*,*,#1802,.F.);
#1802=EDGE_CURVE('',#931,#1798,#1803,.T.);
#1803=LINE('',#1804,#34);
#1804=CARTESIAN_POINT('',(3.,0.7,0.));
#1805=ORIENTED_EDGE('',*,*,#1806,.T.);
#1806=EDGE_CURVE('',#937,#1807,#1809,.T.);
#1807=VERTEX_POINT('',#1808);
#1808=CARTESIAN_POINT('',(3.,0.9,0.16));
#1809=LINE('',#1810,#34);
#1810=CARTESIAN_POINT('',(3.,0.9,0.));
#1811=ORIENTED_EDGE('',*,*,#1812,.T.);
#1812=EDGE_CURVE('',#1807,#1813,#1815,.T.);
#1813=VERTEX_POINT('',#1814);
#1814=CARTESIAN_POINT('',(3.,1.1,0.16));
#1815=LINE('',#1808,#1724);
#1816=ORIENTED_EDGE('',*,*,#1817,.F.);
#1817=EDGE_CURVE('',#954,#1813,#1818,.T.);
#1818=LINE('',#1819,#34);
#1819=CARTESIAN_POINT('',(3.,1.1,0.));
#1820=ORIENTED_EDGE('',*,*,#1821,.T.);
#1821=EDGE_CURVE('',#960,#1822,#1824,.T.);
#1822=VERTEX_POINT('',#1823);
#1823=CARTESIAN_POINT('',(3.,1.3,0.16));
#1824=LINE('',#1825,#34);
#1825=CARTESIAN_POINT('',(3.,1.3,0.));
#1826=ORIENTED_EDGE('',*,*,#1827,.T.);
#1827=EDGE_CURVE('',#1822,#1828,#1830,.T.);
#1828=VERTEX_POINT('',#1829);
#1829=CARTESIAN_POINT('',(3.,1.5,0.16));
#1830=LINE('',#1823,#1724);
#1831=ORIENTED_EDGE('',*,*,#1832,.F.);
#1832=EDGE_CURVE('',#977,#1828,#1833,.T.);
#1833=LINE('',#1834,#34);
#1834=CARTESIAN_POINT('',(3.,1.5,0.));
#1835=ORIENTED_EDGE('',*,*,#254,.T.);
#1836=PLANE('',#1837);
#1837=AXIS2_PLACEMENT_3D('',#790,#215,#13);
#1838=ADVANCED_FACE('',(#1839),#1842,.T.);
#1839=FACE_BOUND('',#1840,.T.);
#1840=EDGE_LOOP('',(#1841));
#1841=ORIENTED_EDGE('',*,*,#236,.T.);
#1842=PLANE('',#1843);
#1843=AXIS2_PLACEMENT_3D('',#241,#13,#14);
#1844=ADVANCED_FACE('',(#1845),#1856,.F.);
#1845=FACE_BOUND('',#1846,.F.);
#1846=EDGE_LOOP('',(#1847,#495,#501,#506,#1850,#1853));
#1847=ORIENTED_EDGE('',*,*,#1848,.T.);
#1848=EDGE_CURVE('',#1849,#493,#499,.T.);
#1849=VERTEX_POINT('',#500);
#1850=ORIENTED_EDGE('',*,*,#1851,.F.);
#1851=EDGE_CURVE('',#1852,#249,#508,.T.);
#1852=VERTEX_POINT('',#509);
#1853=ORIENTED_EDGE('',*,*,#1854,.F.);
#1854=EDGE_CURVE('',#1849,#1852,#1855,.T.);
#1855=LINE('',#500,#273);
#1856=PLANE('',#1857);
#1857=AXIS2_PLACEMENT_3D('',#500,#1858,#274);
#1858=DIRECTION('',(1.387778780781E-16,-1.,0.));
#1859=ADVANCED_FACE('',(#1860),#1871,.F.);
#1860=FACE_BOUND('',#1861,.F.);
#1861=EDGE_LOOP('',(#1862,#474,#480,#485,#1865,#1868));
#1862=ORIENTED_EDGE('',*,*,#1863,.T.);
#1863=EDGE_CURVE('',#1864,#472,#478,.T.);
#1864=VERTEX_POINT('',#479);
#1865=ORIENTED_EDGE('',*,*,#1866,.F.);
#1866=EDGE_CURVE('',#1867,#487,#489,.T.);
#1867=VERTEX_POINT('',#490);
#1868=ORIENTED_EDGE('',*,*,#1869,.F.);
#1869=EDGE_CURVE('',#1864,#1867,#1870,.T.);
#1870=LINE('',#479,#273);
#1871=PLANE('',#1872);
#1872=AXIS2_PLACEMENT_3D('',#479,#1858,#274);
#1873=ADVANCED_FACE('',(#1874),#1885,.F.);
#1874=FACE_BOUND('',#1875,.F.);
#1875=EDGE_LOOP('',(#1876,#453,#459,#464,#1879,#1882));
#1876=ORIENTED_EDGE('',*,*,#1877,.T.);
#1877=EDGE_CURVE('',#1878,#451,#457,.T.);
#1878=VERTEX_POINT('',#458);
#1879=ORIENTED_EDGE('',*,*,#1880,.F.);
#1880=EDGE_CURVE('',#1881,#466,#468,.T.);
#1881=VERTEX_POINT('',#469);
#1882=ORIENTED_EDGE('',*,*,#1883,.F.);
#1883=EDGE_CURVE('',#1878,#1881,#1884,.T.);
#1884=LINE('',#458,#273);
#1885=PLANE('',#1886);
#1886=AXIS2_PLACEMENT_3D('',#458,#1858,#274);
#1887=ADVANCED_FACE('',(#1888),#1899,.F.);
#1888=FACE_BOUND('',#1889,.F.);
#1889=EDGE_LOOP('',(#1890,#432,#438,#443,#1893,#1896));
#1890=ORIENTED_EDGE('',*,*,#1891,.T.);
#1891=EDGE_CURVE('',#1892,#430,#436,.T.);
#1892=VERTEX_POINT('',#437);
#1893=ORIENTED_EDGE('',*,*,#1894,.F.);
#1894=EDGE_CURVE('',#1895,#445,#447,.T.);
#1895=VERTEX_POINT('',#448);
#1896=ORIENTED_EDGE('',*,*,#1897,.F.);
#1897=EDGE_CURVE('',#1892,#1895,#1898,.T.);
#1898=LINE('',#437,#273);
#1899=PLANE('',#1900);
#1900=AXIS2_PLACEMENT_3D('',#437,#1858,#274);
#1901=ADVANCED_FACE('',(#1902),#1913,.F.);
#1902=FACE_BOUND('',#1903,.F.);
#1903=EDGE_LOOP('',(#1904,#411,#417,#422,#1907,#1910));
#1904=ORIENTED_EDGE('',*,*,#1905,.T.);
#1905=EDGE_CURVE('',#1906,#409,#415,.T.);
#1906=VERTEX_POINT('',#416);
#1907=ORIENTED_EDGE('',*,*,#1908,.F.);
#1908=EDGE_CURVE('',#1909,#424,#426,.T.);
#1909=VERTEX_POINT('',#427);
#1910=ORIENTED_EDGE('',*,*,#1911,.F.);
#1911=EDGE_CURVE('',#1906,#1909,#1912,.T.);
#1912=LINE('',#416,#273);
#1913=PLANE('',#1914);
#1914=AXIS2_PLACEMENT_3D('',#416,#1858,#274);
#1915=ADVANCED_FACE('',(#1916),#1927,.F.);
#1916=FACE_BOUND('',#1917,.F.);
#1917=EDGE_LOOP('',(#1918,#390,#396,#401,#1921,#1924));
#1918=ORIENTED_EDGE('',*,*,#1919,.T.);
#1919=EDGE_CURVE('',#1920,#388,#394,.T.);
#1920=VERTEX_POINT('',#395);
#1921=ORIENTED_EDGE('',*,*,#1922,.F.);
#1922=EDGE_CURVE('',#1923,#403,#405,.T.);
#1923=VERTEX_POINT('',#406);
#1924=ORIENTED_EDGE('',*,*,#1925,.F.);
#1925=EDGE_CURVE('',#1920,#1923,#1926,.T.);
#1926=LINE('',#395,#273);
#1927=PLANE('',#1928);
#1928=AXIS2_PLACEMENT_3D('',#395,#1858,#274);
#1929=ADVANCED_FACE('',(#1930),#1941,.F.);
#1930=FACE_BOUND('',#1931,.F.);
#1931=EDGE_LOOP('',(#1932,#369,#375,#380,#1935,#1938));
#1932=ORIENTED_EDGE('',*,*,#1933,.T.);
#1933=EDGE_CURVE('',#1934,#367,#373,.T.);
#1934=VERTEX_POINT('',#374);
#1935=ORIENTED_EDGE('',*,*,#1936,.F.);
#1936=EDGE_CURVE('',#1937,#382,#384,.T.);
#1937=VERTEX_POINT('',#385);
#1938=ORIENTED_EDGE('',*,*,#1939,.F.);
#1939=EDGE_CURVE('',#1934,#1937,#1940,.T.);
#1940=LINE('',#374,#273);
#1941=PLANE('',#1942);
#1942=AXIS2_PLACEMENT_3D('',#374,#1858,#274);
#1943=ADVANCED_FACE('',(#1944),#1955,.F.);
#1944=FACE_BOUND('',#1945,.F.);
#1945=EDGE_LOOP('',(#1946,#348,#354,#359,#1949,#1952));
#1946=ORIENTED_EDGE('',*,*,#1947,.T.);
#1947=EDGE_CURVE('',#1948,#346,#352,.T.);
#1948=VERTEX_POINT('',#353);
#1949=ORIENTED_EDGE('',*,*,#1950,.F.);
#1950=EDGE_CURVE('',#1951,#361,#363,.T.);
#1951=VERTEX_POINT('',#364);
#1952=ORIENTED_EDGE('',*,*,#1953,.F.);
#1953=EDGE_CURVE('',#1948,#1951,#1954,.T.);
#1954=LINE('',#353,#273);
#1955=PLANE('',#1956);
#1956=AXIS2_PLACEMENT_3D('',#353,#1858,#274);
#1957=ADVANCED_FACE('',(#1958),#1969,.F.);
#1958=FACE_BOUND('',#1959,.F.);
#1959=EDGE_LOOP('',(#1960,#327,#333,#338,#1963,#1966));
#1960=ORIENTED_EDGE('',*,*,#1961,.T.);
#1961=EDGE_CURVE('',#1962,#325,#331,.T.);
#1962=VERTEX_POINT('',#332);
#1963=ORIENTED_EDGE('',*,*,#1964,.F.);
#1964=EDGE_CURVE('',#1965,#340,#342,.T.);
#1965=VERTEX_POINT('',#343);
#1966=ORIENTED_EDGE('',*,*,#1967,.F.);
#1967=EDGE_CURVE('',#1962,#1965,#1968,.T.);
#1968=LINE('',#332,#273);
#1969=PLANE('',#1970);
#1970=AXIS2_PLACEMENT_3D('',#332,#1858,#274);
#1971=ADVANCED_FACE('',(#1972),#1983,.F.);
#1972=FACE_BOUND('',#1973,.F.);
#1973=EDGE_LOOP('',(#1974,#306,#312,#317,#1977,#1980));
#1974=ORIENTED_EDGE('',*,*,#1975,.T.);
#1975=EDGE_CURVE('',#1976,#304,#310,.T.);
#1976=VERTEX_POINT('',#311);
#1977=ORIENTED_EDGE('',*,*,#1978,.F.);
#1978=EDGE_CURVE('',#1979,#319,#321,.T.);
#1979=VERTEX_POINT('',#322);
#1980=ORIENTED_EDGE('',*,*,#1981,.F.);
#1981=EDGE_CURVE('',#1976,#1979,#1982,.T.);
#1982=LINE('',#311,#273);
#1983=PLANE('',#1984);
#1984=AXIS2_PLACEMENT_3D('',#311,#1858,#274);
#1985=ADVANCED_FACE('',(#1986),#1997,.F.);
#1986=FACE_BOUND('',#1987,.F.);
#1987=EDGE_LOOP('',(#1988,#285,#291,#296,#1991,#1994));
#1988=ORIENTED_EDGE('',*,*,#1989,.T.);
#1989=EDGE_CURVE('',#1990,#283,#289,.T.);
#1990=VERTEX_POINT('',#290);
#1991=ORIENTED_EDGE('',*,*,#1992,.F.);
#1992=EDGE_CURVE('',#1993,#298,#300,.T.);
#1993=VERTEX_POINT('',#301);
#1994=ORIENTED_EDGE('',*,*,#1995,.F.);
#1995=EDGE_CURVE('',#1990,#1993,#1996,.T.);
#1996=LINE('',#290,#273);
#1997=PLANE('',#1998);
#1998=AXIS2_PLACEMENT_3D('',#290,#1858,#274);
#1999=ADVANCED_FACE('',(#2000),#2011,.F.);
#2000=FACE_BOUND('',#2001,.F.);
#2001=EDGE_LOOP('',(#2002,#262,#268,#275,#2005,#2008));
#2002=ORIENTED_EDGE('',*,*,#2003,.T.);
#2003=EDGE_CURVE('',#2004,#260,#266,.T.);
#2004=VERTEX_POINT('',#267);
#2005=ORIENTED_EDGE('',*,*,#2006,.F.);
#2006=EDGE_CURVE('',#2007,#277,#279,.T.);
#2007=VERTEX_POINT('',#280);
#2008=ORIENTED_EDGE('',*,*,#2009,.F.);
#2009=EDGE_CURVE('',#2004,#2007,#2010,.T.);
#2010=LINE('',#267,#273);
#2011=PLANE('',#2012);
#2012=AXIS2_PLACEMENT_3D('',#267,#1858,#274);
#2013=ADVANCED_FACE('',(#2014),#2028,.F.);
#2014=FACE_BOUND('',#2015,.F.);
#2015=EDGE_LOOP('',(#2016,#2023,#2024,#2025));
#2016=ORIENTED_EDGE('',*,*,#2017,.F.);
#2017=EDGE_CURVE('',#1499,#2018,#2020,.T.);
#2018=VERTEX_POINT('',#2019);
#2019=CARTESIAN_POINT('',(-2.7,-1.5,0.));
#2020=LINE('',#45,#2021);
#2021=VECTOR('',#2022,1.);
#2022=DIRECTION('',(1.,-1.110223024625E-16,0.));
#2023=ORIENTED_EDGE('',*,*,#1498,.T.);
#2024=ORIENTED_EDGE('',*,*,#1333,.F.);
#2025=ORIENTED_EDGE('',*,*,#2026,.F.);
#2026=EDGE_CURVE('',#2018,#1327,#2027,.T.);
#2027=LINE('',#2019,#34);
#2028=PLANE('',#2029);
#2029=AXIS2_PLACEMENT_3D('',#45,#2030,#2022);
#2030=DIRECTION('',(1.110223024625E-16,1.,0.));
#2031=ADVANCED_FACE('',(#2032),#2048,.F.);
#2032=FACE_BOUND('',#2033,.F.);
#2033=EDGE_LOOP('',(#2034,#2042,#2045,#2046));
#2034=ORIENTED_EDGE('',*,*,#2035,.F.);
#2035=EDGE_CURVE('',#2036,#2038,#2039,.T.);
#2036=VERTEX_POINT('',#2037);
#2037=CARTESIAN_POINT('',(-2.3,-1.7,0.));
#2038=VERTEX_POINT('',#1706);
#2039=LINE('',#2037,#2040);
#2040=VECTOR('',#2041,1.);
#2041=DIRECTION('',(-2.994609452931E-17,-1.,0.));
#2042=ORIENTED_EDGE('',*,*,#2043,.T.);
#2043=EDGE_CURVE('',#2036,#523,#2044,.T.);
#2044=LINE('',#2037,#34);
#2045=ORIENTED_EDGE('',*,*,#522,.F.);
#2046=ORIENTED_EDGE('',*,*,#2047,.F.);
#2047=EDGE_CURVE('',#2038,#518,#1705,.T.);
#2048=PLANE('',#2049);
#2049=AXIS2_PLACEMENT_3D('',#2037,#2050,#2041);
#2050=DIRECTION('',(1.,-2.994609452931E-17,0.));
#2051=ADVANCED_FACE('',(#2052),#2066,.T.);
#2052=FACE_BOUND('',#2053,.F.);
#2053=EDGE_LOOP('',(#2054,#2061,#2062,#2063));
#2054=ORIENTED_EDGE('',*,*,#2055,.F.);
#2055=EDGE_CURVE('',#2018,#2056,#2058,.T.);
#2056=VERTEX_POINT('',#2057);
#2057=CARTESIAN_POINT('',(-2.7,-1.3,0.));
#2058=CIRCLE('',#2059,0.1);
#2059=AXIS2_PLACEMENT_3D('',#2060,#13,#1210);
#2060=CARTESIAN_POINT('',(-2.7,-1.4,0.));
#2061=ORIENTED_EDGE('',*,*,#2026,.T.);
#2062=ORIENTED_EDGE('',*,*,#1326,.F.);
#2063=ORIENTED_EDGE('',*,*,#2064,.F.);
#2064=EDGE_CURVE('',#2056,#1321,#2065,.T.);
#2065=LINE('',#2057,#34);
#2066=CYLINDRICAL_SURFACE('',#2067,0.1);
#2067=AXIS2_PLACEMENT_3D('',#2060,#1209,#1210);
#2068=ADVANCED_FACE('',(#2069),#2084,.T.);
#2069=FACE_BOUND('',#2070,.F.);
#2070=EDGE_LOOP('',(#2071,#2079,#2082,#2083));
#2071=ORIENTED_EDGE('',*,*,#2072,.F.);
#2072=EDGE_CURVE('',#2073,#2036,#2075,.T.);
#2073=VERTEX_POINT('',#2074);
#2074=CARTESIAN_POINT('',(-2.1,-1.7,0.));
#2075=CIRCLE('',#2076,0.1);
#2076=AXIS2_PLACEMENT_3D('',#2077,#2078,#537);
#2077=CARTESIAN_POINT('',(-2.2,-1.7,0.));
#2078=DIRECTION('',(-0.,0.,1.));
#2079=ORIENTED_EDGE('',*,*,#2080,.T.);
#2080=EDGE_CURVE('',#2073,#531,#2081,.T.);
#2081=LINE('',#2074,#34);
#2082=ORIENTED_EDGE('',*,*,#530,.F.);
#2083=ORIENTED_EDGE('',*,*,#2043,.F.);
#2084=CYLINDRICAL_SURFACE('',#2085,0.1);
#2085=AXIS2_PLACEMENT_3D('',#2077,#536,#537);
#2086=ADVANCED_FACE('',(#2087),#2097,.F.);
#2087=FACE_BOUND('',#2088,.F.);
#2088=EDGE_LOOP('',(#2089,#2094,#2095,#2096));
#2089=ORIENTED_EDGE('',*,*,#2090,.F.);
#2090=EDGE_CURVE('',#2056,#1493,#2091,.T.);
#2091=LINE('',#2057,#2092);
#2092=VECTOR('',#2093,1.);
#2093=DIRECTION('',(-1.,1.850371707709E-17,0.));
#2094=ORIENTED_EDGE('',*,*,#2064,.T.);
#2095=ORIENTED_EDGE('',*,*,#1320,.F.);
#2096=ORIENTED_EDGE('',*,*,#1492,.F.);
#2097=PLANE('',#2098);
#2098=AXIS2_PLACEMENT_3D('',#2057,#2099,#2093);
#2099=DIRECTION('',(-1.850371707709E-17,-1.,0.));
#2100=ADVANCED_FACE('',(#2101),#2113,.F.);
#2101=FACE_BOUND('',#2102,.F.);
#2102=EDGE_LOOP('',(#2103,#2109,#2111,#2112));
#2103=ORIENTED_EDGE('',*,*,#2104,.F.);
#2104=EDGE_CURVE('',#2105,#2073,#2106,.T.);
#2105=VERTEX_POINT('',#1697);
#2106=LINE('',#1697,#2107);
#2107=VECTOR('',#2108,1.);
#2108=DIRECTION('',(1.224646799147E-16,1.,0.));
#2109=ORIENTED_EDGE('',*,*,#2110,.T.);
#2110=EDGE_CURVE('',#2105,#540,#1696,.T.);
#2111=ORIENTED_EDGE('',*,*,#539,.F.);
#2112=ORIENTED_EDGE('',*,*,#2080,.F.);
#2113=PLANE('',#2114);
#2114=AXIS2_PLACEMENT_3D('',#1697,#2115,#2108);
#2115=DIRECTION('',(-1.,1.224646799147E-16,0.));
#2116=ADVANCED_FACE('',(#2117),#2129,.F.);
#2117=FACE_BOUND('',#2118,.F.);
#2118=EDGE_LOOP('',(#2119,#2124,#2125,#2126));
#2119=ORIENTED_EDGE('',*,*,#2120,.F.);
#2120=EDGE_CURVE('',#1482,#2121,#2123,.T.);
#2121=VERTEX_POINT('',#2122);
#2122=CARTESIAN_POINT('',(-2.7,-1.1,0.));
#2123=LINE('',#68,#2021);
#2124=ORIENTED_EDGE('',*,*,#1481,.T.);
#2125=ORIENTED_EDGE('',*,*,#1316,.F.);
#2126=ORIENTED_EDGE('',*,*,#2127,.F.);
#2127=EDGE_CURVE('',#2121,#1310,#2128,.T.);
#2128=LINE('',#2122,#34);
#2129=PLANE('',#2130);
#2130=AXIS2_PLACEMENT_3D('',#68,#2030,#2022);
#2131=ADVANCED_FACE('',(#2132),#2146,.F.);
#2132=FACE_BOUND('',#2133,.F.);
#2133=EDGE_LOOP('',(#2134,#2140,#2143,#2144));
#2134=ORIENTED_EDGE('',*,*,#2135,.F.);
#2135=EDGE_CURVE('',#2136,#2138,#2139,.T.);
#2136=VERTEX_POINT('',#2137);
#2137=CARTESIAN_POINT('',(-1.9,-1.7,0.));
#2138=VERTEX_POINT('',#1690);
#2139=LINE('',#2137,#2040);
#2140=ORIENTED_EDGE('',*,*,#2141,.T.);
#2141=EDGE_CURVE('',#2136,#551,#2142,.T.);
#2142=LINE('',#2137,#34);
#2143=ORIENTED_EDGE('',*,*,#550,.F.);
#2144=ORIENTED_EDGE('',*,*,#2145,.F.);
#2145=EDGE_CURVE('',#2138,#547,#1689,.T.);
#2146=PLANE('',#2147);
#2147=AXIS2_PLACEMENT_3D('',#2137,#2050,#2041);
#2148=ADVANCED_FACE('',(#2149),#2163,.T.);
#2149=FACE_BOUND('',#2150,.F.);
#2150=EDGE_LOOP('',(#2151,#2158,#2159,#2160));
#2151=ORIENTED_EDGE('',*,*,#2152,.F.);
#2152=EDGE_CURVE('',#2121,#2153,#2155,.T.);
#2153=VERTEX_POINT('',#2154);
#2154=CARTESIAN_POINT('',(-2.7,-0.9,0.));
#2155=CIRCLE('',#2156,0.1);
#2156=AXIS2_PLACEMENT_3D('',#2157,#13,#1210);
#2157=CARTESIAN_POINT('',(-2.7,-1.,0.));
#2158=ORIENTED_EDGE('',*,*,#2127,.T.);
#2159=ORIENTED_EDGE('',*,*,#1309,.F.);
#2160=ORIENTED_EDGE('',*,*,#2161,.F.);
#2161=EDGE_CURVE('',#2153,#1304,#2162,.T.);
#2162=LINE('',#2154,#34);
#2163=CYLINDRICAL_SURFACE('',#2164,0.1);
#2164=AXIS2_PLACEMENT_3D('',#2157,#1209,#1210);
#2165=ADVANCED_FACE('',(#2166),#2180,.T.);
#2166=FACE_BOUND('',#2167,.F.);
#2167=EDGE_LOOP('',(#2168,#2175,#2178,#2179));
#2168=ORIENTED_EDGE('',*,*,#2169,.F.);
#2169=EDGE_CURVE('',#2170,#2136,#2172,.T.);
#2170=VERTEX_POINT('',#2171);
#2171=CARTESIAN_POINT('',(-1.7,-1.7,0.));
#2172=CIRCLE('',#2173,0.1);
#2173=AXIS2_PLACEMENT_3D('',#2174,#2078,#537);
#2174=CARTESIAN_POINT('',(-1.8,-1.7,0.));
#2175=ORIENTED_EDGE('',*,*,#2176,.T.);
#2176=EDGE_CURVE('',#2170,#557,#2177,.T.);
#2177=LINE('',#2171,#34);
#2178=ORIENTED_EDGE('',*,*,#556,.F.);
#2179=ORIENTED_EDGE('',*,*,#2141,.F.);
#2180=CYLINDRICAL_SURFACE('',#2181,0.1);
#2181=AXIS2_PLACEMENT_3D('',#2174,#536,#537);
#2182=ADVANCED_FACE('',(#2183),#2191,.F.);
#2183=FACE_BOUND('',#2184,.F.);
#2184=EDGE_LOOP('',(#2185,#2188,#2189,#2190));
#2185=ORIENTED_EDGE('',*,*,#2186,.F.);
#2186=EDGE_CURVE('',#2153,#1476,#2187,.T.);
#2187=LINE('',#2154,#2092);
#2188=ORIENTED_EDGE('',*,*,#2161,.T.);
#2189=ORIENTED_EDGE('',*,*,#1303,.F.);
#2190=ORIENTED_EDGE('',*,*,#1475,.F.);
#2191=PLANE('',#2192);
#2192=AXIS2_PLACEMENT_3D('',#2154,#2099,#2093);
#2193=ADVANCED_FACE('',(#2194),#2204,.F.);
#2194=FACE_BOUND('',#2195,.F.);
#2195=EDGE_LOOP('',(#2196,#2200,#2202,#2203));
#2196=ORIENTED_EDGE('',*,*,#2197,.F.);
#2197=EDGE_CURVE('',#2198,#2170,#2199,.T.);
#2198=VERTEX_POINT('',#1681);
#2199=LINE('',#1681,#2107);
#2200=ORIENTED_EDGE('',*,*,#2201,.T.);
#2201=EDGE_CURVE('',#2198,#564,#1680,.T.);
#2202=ORIENTED_EDGE('',*,*,#563,.F.);
#2203=ORIENTED_EDGE('',*,*,#2176,.F.);
#2204=PLANE('',#2205);
#2205=AXIS2_PLACEMENT_3D('',#1681,#2115,#2108);
#2206=ADVANCED_FACE('',(#2207),#2219,.F.);
#2207=FACE_BOUND('',#2208,.F.);
#2208=EDGE_LOOP('',(#2209,#2214,#2215,#2216));
#2209=ORIENTED_EDGE('',*,*,#2210,.F.);
#2210=EDGE_CURVE('',#1465,#2211,#2213,.T.);
#2211=VERTEX_POINT('',#2212);
#2212=CARTESIAN_POINT('',(-2.7,-0.7,0.));
#2213=LINE('',#89,#2021);
#2214=ORIENTED_EDGE('',*,*,#1464,.T.);
#2215=ORIENTED_EDGE('',*,*,#1299,.F.);
#2216=ORIENTED_EDGE('',*,*,#2217,.F.);
#2217=EDGE_CURVE('',#2211,#1293,#2218,.T.);
#2218=LINE('',#2212,#34);
#2219=PLANE('',#2220);
#2220=AXIS2_PLACEMENT_3D('',#89,#2030,#2022);
#2221=ADVANCED_FACE('',(#2222),#2236,.F.);
#2222=FACE_BOUND('',#2223,.F.);
#2223=EDGE_LOOP('',(#2224,#2230,#2233,#2234));
#2224=ORIENTED_EDGE('',*,*,#2225,.F.);
#2225=EDGE_CURVE('',#2226,#2228,#2229,.T.);
#2226=VERTEX_POINT('',#2227);
#2227=CARTESIAN_POINT('',(-1.5,-1.7,0.));
#2228=VERTEX_POINT('',#1674);
#2229=LINE('',#2227,#2040);
#2230=ORIENTED_EDGE('',*,*,#2231,.T.);
#2231=EDGE_CURVE('',#2226,#573,#2232,.T.);
#2232=LINE('',#2227,#34);
#2233=ORIENTED_EDGE('',*,*,#572,.F.);
#2234=ORIENTED_EDGE('',*,*,#2235,.F.);
#2235=EDGE_CURVE('',#2228,#569,#1673,.T.);
#2236=PLANE('',#2237);
#2237=AXIS2_PLACEMENT_3D('',#2227,#2050,#2041);
#2238=ADVANCED_FACE('',(#2239),#2253,.T.);
#2239=FACE_BOUND('',#2240,.F.);
#2240=EDGE_LOOP('',(#2241,#2248,#2249,#2250));
#2241=ORIENTED_EDGE('',*,*,#2242,.F.);
#2242=EDGE_CURVE('',#2211,#2243,#2245,.T.);
#2243=VERTEX_POINT('',#2244);
#2244=CARTESIAN_POINT('',(-2.7,-0.5,0.));
#2245=CIRCLE('',#2246,0.1);
#2246=AXIS2_PLACEMENT_3D('',#2247,#13,#1210);
#2247=CARTESIAN_POINT('',(-2.7,-0.6,0.));
#2248=ORIENTED_EDGE('',*,*,#2217,.T.);
#2249=ORIENTED_EDGE('',*,*,#1292,.F.);
#2250=ORIENTED_EDGE('',*,*,#2251,.F.);
#2251=EDGE_CURVE('',#2243,#1287,#2252,.T.);
#2252=LINE('',#2244,#34);
#2253=CYLINDRICAL_SURFACE('',#2254,0.1);
#2254=AXIS2_PLACEMENT_3D('',#2247,#1209,#1210);
#2255=ADVANCED_FACE('',(#2256),#2270,.T.);
#2256=FACE_BOUND('',#2257,.F.);
#2257=EDGE_LOOP('',(#2258,#2265,#2268,#2269));
#2258=ORIENTED_EDGE('',*,*,#2259,.F.);
#2259=EDGE_CURVE('',#2260,#2226,#2262,.T.);
#2260=VERTEX_POINT('',#2261);
#2261=CARTESIAN_POINT('',(-1.3,-1.7,0.));
#2262=CIRCLE('',#2263,0.1);
#2263=AXIS2_PLACEMENT_3D('',#2264,#2078,#537);
#2264=CARTESIAN_POINT('',(-1.4,-1.7,0.));
#2265=ORIENTED_EDGE('',*,*,#2266,.T.);
#2266=EDGE_CURVE('',#2260,#579,#2267,.T.);
#2267=LINE('',#2261,#34);
#2268=ORIENTED_EDGE('',*,*,#578,.F.);
#2269=ORIENTED_EDGE('',*,*,#2231,.F.);
#2270=CYLINDRICAL_SURFACE('',#2271,0.1);
#2271=AXIS2_PLACEMENT_3D('',#2264,#536,#537);
#2272=ADVANCED_FACE('',(#2273),#2281,.F.);
#2273=FACE_BOUND('',#2274,.F.);
#2274=EDGE_LOOP('',(#2275,#2278,#2279,#2280));
#2275=ORIENTED_EDGE('',*,*,#2276,.F.);
#2276=EDGE_CURVE('',#2243,#1459,#2277,.T.);
#2277=LINE('',#2244,#2092);
#2278=ORIENTED_EDGE('',*,*,#2251,.T.);
#2279=ORIENTED_EDGE('',*,*,#1286,.F.);
#2280=ORIENTED_EDGE('',*,*,#1458,.F.);
#2281=PLANE('',#2282);
#2282=AXIS2_PLACEMENT_3D('',#2244,#2099,#2093);
#2283=ADVANCED_FACE('',(#2284),#2294,.F.);
#2284=FACE_BOUND('',#2285,.F.);
#2285=EDGE_LOOP('',(#2286,#2290,#2292,#2293));
#2286=ORIENTED_EDGE('',*,*,#2287,.F.);
#2287=EDGE_CURVE('',#2288,#2260,#2289,.T.);
#2288=VERTEX_POINT('',#1665);
#2289=LINE('',#1665,#2107);
#2290=ORIENTED_EDGE('',*,*,#2291,.T.);
#2291=EDGE_CURVE('',#2288,#586,#1664,.T.);
#2292=ORIENTED_EDGE('',*,*,#585,.F.);
#2293=ORIENTED_EDGE('',*,*,#2266,.F.);
#2294=PLANE('',#2295);
#2295=AXIS2_PLACEMENT_3D('',#1665,#2115,#2108);
#2296=ADVANCED_FACE('',(#2297),#2309,.F.);
#2297=FACE_BOUND('',#2298,.F.);
#2298=EDGE_LOOP('',(#2299,#2304,#2305,#2306));
#2299=ORIENTED_EDGE('',*,*,#2300,.F.);
#2300=EDGE_CURVE('',#1448,#2301,#2303,.T.);
#2301=VERTEX_POINT('',#2302);
#2302=CARTESIAN_POINT('',(-2.7,-0.3,0.));
#2303=LINE('',#110,#2021);
#2304=ORIENTED_EDGE('',*,*,#1447,.T.);
#2305=ORIENTED_EDGE('',*,*,#1282,.F.);
#2306=ORIENTED_EDGE('',*,*,#2307,.F.);
#2307=EDGE_CURVE('',#2301,#1276,#2308,.T.);
#2308=LINE('',#2302,#34);
#2309=PLANE('',#2310);
#2310=AXIS2_PLACEMENT_3D('',#110,#2030,#2022);
#2311=ADVANCED_FACE('',(#2312),#2326,.F.);
#2312=FACE_BOUND('',#2313,.F.);
#2313=EDGE_LOOP('',(#2314,#2320,#2323,#2324));
#2314=ORIENTED_EDGE('',*,*,#2315,.F.);
#2315=EDGE_CURVE('',#2316,#2318,#2319,.T.);
#2316=VERTEX_POINT('',#2317);
#2317=CARTESIAN_POINT('',(-1.1,-1.7,0.));
#2318=VERTEX_POINT('',#1658);
#2319=LINE('',#2317,#2040);
#2320=ORIENTED_EDGE('',*,*,#2321,.T.);
#2321=EDGE_CURVE('',#2316,#595,#2322,.T.);
#2322=LINE('',#2317,#34);
#2323=ORIENTED_EDGE('',*,*,#594,.F.);
#2324=ORIENTED_EDGE('',*,*,#2325,.F.);
#2325=EDGE_CURVE('',#2318,#591,#1657,.T.);
#2326=PLANE('',#2327);
#2327=AXIS2_PLACEMENT_3D('',#2317,#2050,#2041);
#2328=ADVANCED_FACE('',(#2329),#2343,.T.);
#2329=FACE_BOUND('',#2330,.F.);
#2330=EDGE_LOOP('',(#2331,#2338,#2339,#2340));
#2331=ORIENTED_EDGE('',*,*,#2332,.F.);
#2332=EDGE_CURVE('',#2301,#2333,#2335,.T.);
#2333=VERTEX_POINT('',#2334);
#2334=CARTESIAN_POINT('',(-2.7,-1.E-01,0.));
#2335=CIRCLE('',#2336,0.1);
#2336=AXIS2_PLACEMENT_3D('',#2337,#13,#1210);
#2337=CARTESIAN_POINT('',(-2.7,-0.2,0.));
#2338=ORIENTED_EDGE('',*,*,#2307,.T.);
#2339=ORIENTED_EDGE('',*,*,#1275,.F.);
#2340=ORIENTED_EDGE('',*,*,#2341,.F.);
#2341=EDGE_CURVE('',#2333,#1270,#2342,.T.);
#2342=LINE('',#2334,#34);
#2343=CYLINDRICAL_SURFACE('',#2344,0.1);
#2344=AXIS2_PLACEMENT_3D('',#2337,#1209,#1210);
#2345=ADVANCED_FACE('',(#2346),#2360,.T.);
#2346=FACE_BOUND('',#2347,.F.);
#2347=EDGE_LOOP('',(#2348,#2355,#2358,#2359));
#2348=ORIENTED_EDGE('',*,*,#2349,.F.);
#2349=EDGE_CURVE('',#2350,#2316,#2352,.T.);
#2350=VERTEX_POINT('',#2351);
#2351=CARTESIAN_POINT('',(-0.9,-1.7,0.));
#2352=CIRCLE('',#2353,0.1);
#2353=AXIS2_PLACEMENT_3D('',#2354,#2078,#537);
#2354=CARTESIAN_POINT('',(-1.,-1.7,0.));
#2355=ORIENTED_EDGE('',*,*,#2356,.T.);
#2356=EDGE_CURVE('',#2350,#601,#2357,.T.);
#2357=LINE('',#2351,#34);
#2358=ORIENTED_EDGE('',*,*,#600,.F.);
#2359=ORIENTED_EDGE('',*,*,#2321,.F.);
#2360=CYLINDRICAL_SURFACE('',#2361,0.1);
#2361=AXIS2_PLACEMENT_3D('',#2354,#536,#537);
#2362=ADVANCED_FACE('',(#2363),#2371,.F.);
#2363=FACE_BOUND('',#2364,.F.);
#2364=EDGE_LOOP('',(#2365,#2368,#2369,#2370));
#2365=ORIENTED_EDGE('',*,*,#2366,.F.);
#2366=EDGE_CURVE('',#2333,#1442,#2367,.T.);
#2367=LINE('',#2334,#2092);
#2368=ORIENTED_EDGE('',*,*,#2341,.T.);
#2369=ORIENTED_EDGE('',*,*,#1269,.F.);
#2370=ORIENTED_EDGE('',*,*,#1441,.F.);
#2371=PLANE('',#2372);
#2372=AXIS2_PLACEMENT_3D('',#2334,#2099,#2093);
#2373=ADVANCED_FACE('',(#2374),#2384,.F.);
#2374=FACE_BOUND('',#2375,.F.);
#2375=EDGE_LOOP('',(#2376,#2380,#2382,#2383));
#2376=ORIENTED_EDGE('',*,*,#2377,.F.);
#2377=EDGE_CURVE('',#2378,#2350,#2379,.T.);
#2378=VERTEX_POINT('',#1649);
#2379=LINE('',#1649,#2107);
#2380=ORIENTED_EDGE('',*,*,#2381,.T.);
#2381=EDGE_CURVE('',#2378,#608,#1648,.T.);
#2382=ORIENTED_EDGE('',*,*,#607,.F.);
#2383=ORIENTED_EDGE('',*,*,#2356,.F.);
#2384=PLANE('',#2385);
#2385=AXIS2_PLACEMENT_3D('',#1649,#2115,#2108);
#2386=ADVANCED_FACE('',(#2387),#2399,.F.);
#2387=FACE_BOUND('',#2388,.F.);
#2388=EDGE_LOOP('',(#2389,#2394,#2395,#2396));
#2389=ORIENTED_EDGE('',*,*,#2390,.F.);
#2390=EDGE_CURVE('',#1431,#2391,#2393,.T.);
#2391=VERTEX_POINT('',#2392);
#2392=CARTESIAN_POINT('',(-2.7,1.E-01,0.));
#2393=LINE('',#131,#2021);
#2394=ORIENTED_EDGE('',*,*,#1430,.T.);
#2395=ORIENTED_EDGE('',*,*,#1265,.F.);
#2396=ORIENTED_EDGE('',*,*,#2397,.F.);
#2397=EDGE_CURVE('',#2391,#1259,#2398,.T.);
#2398=LINE('',#2392,#34);
#2399=PLANE('',#2400);
#2400=AXIS2_PLACEMENT_3D('',#131,#2030,#2022);
#2401=ADVANCED_FACE('',(#2402),#2416,.F.);
#2402=FACE_BOUND('',#2403,.F.);
#2403=EDGE_LOOP('',(#2404,#2410,#2413,#2414));
#2404=ORIENTED_EDGE('',*,*,#2405,.F.);
#2405=EDGE_CURVE('',#2406,#2408,#2409,.T.);
#2406=VERTEX_POINT('',#2407);
#2407=CARTESIAN_POINT('',(-0.7,-1.7,0.));
#2408=VERTEX_POINT('',#1642);
#2409=LINE('',#2407,#2040);
#2410=ORIENTED_EDGE('',*,*,#2411,.T.);
#2411=EDGE_CURVE('',#2406,#617,#2412,.T.);
#2412=LINE('',#2407,#34);
#2413=ORIENTED_EDGE('',*,*,#616,.F.);
#2414=ORIENTED_EDGE('',*,*,#2415,.F.);
#2415=EDGE_CURVE('',#2408,#613,#1641,.T.);
#2416=PLANE('',#2417);
#2417=AXIS2_PLACEMENT_3D('',#2407,#2050,#2041);
#2418=ADVANCED_FACE('',(#2419),#2433,.T.);
#2419=FACE_BOUND('',#2420,.F.);
#2420=EDGE_LOOP('',(#2421,#2428,#2429,#2430));
#2421=ORIENTED_EDGE('',*,*,#2422,.F.);
#2422=EDGE_CURVE('',#2391,#2423,#2425,.T.);
#2423=VERTEX_POINT('',#2424);
#2424=CARTESIAN_POINT('',(-2.7,0.3,0.));
#2425=CIRCLE('',#2426,0.1);
#2426=AXIS2_PLACEMENT_3D('',#2427,#13,#1210);
#2427=CARTESIAN_POINT('',(-2.7,0.2,0.));
#2428=ORIENTED_EDGE('',*,*,#2397,.T.);
#2429=ORIENTED_EDGE('',*,*,#1258,.F.);
#2430=ORIENTED_EDGE('',*,*,#2431,.F.);
#2431=EDGE_CURVE('',#2423,#1253,#2432,.T.);
#2432=LINE('',#2424,#34);
#2433=CYLINDRICAL_SURFACE('',#2434,0.1);
#2434=AXIS2_PLACEMENT_3D('',#2427,#1209,#1210);
#2435=ADVANCED_FACE('',(#2436),#2450,.T.);
#2436=FACE_BOUND('',#2437,.F.);
#2437=EDGE_LOOP('',(#2438,#2445,#2448,#2449));
#2438=ORIENTED_EDGE('',*,*,#2439,.F.);
#2439=EDGE_CURVE('',#2440,#2406,#2442,.T.);
#2440=VERTEX_POINT('',#2441);
#2441=CARTESIAN_POINT('',(-0.5,-1.7,0.));
#2442=CIRCLE('',#2443,0.1);
#2443=AXIS2_PLACEMENT_3D('',#2444,#2078,#537);
#2444=CARTESIAN_POINT('',(-0.6,-1.7,0.));
#2445=ORIENTED_EDGE('',*,*,#2446,.T.);
#2446=EDGE_CURVE('',#2440,#623,#2447,.T.);
#2447=LINE('',#2441,#34);
#2448=ORIENTED_EDGE('',*,*,#622,.F.);
#2449=ORIENTED_EDGE('',*,*,#2411,.F.);
#2450=CYLINDRICAL_SURFACE('',#2451,0.1);
#2451=AXIS2_PLACEMENT_3D('',#2444,#536,#537);
#2452=ADVANCED_FACE('',(#2453),#2461,.F.);
#2453=FACE_BOUND('',#2454,.F.);
#2454=EDGE_LOOP('',(#2455,#2458,#2459,#2460));
#2455=ORIENTED_EDGE('',*,*,#2456,.F.);
#2456=EDGE_CURVE('',#2423,#1425,#2457,.T.);
#2457=LINE('',#2424,#2092);
#2458=ORIENTED_EDGE('',*,*,#2431,.T.);
#2459=ORIENTED_EDGE('',*,*,#1252,.F.);
#2460=ORIENTED_EDGE('',*,*,#1424,.F.);
#2461=PLANE('',#2462);
#2462=AXIS2_PLACEMENT_3D('',#2424,#2099,#2093);
#2463=ADVANCED_FACE('',(#2464),#2474,.F.);
#2464=FACE_BOUND('',#2465,.F.);
#2465=EDGE_LOOP('',(#2466,#2470,#2472,#2473));
#2466=ORIENTED_EDGE('',*,*,#2467,.F.);
#2467=EDGE_CURVE('',#2468,#2440,#2469,.T.);
#2468=VERTEX_POINT('',#1633);
#2469=LINE('',#1633,#2107);
#2470=ORIENTED_EDGE('',*,*,#2471,.T.);
#2471=EDGE_CURVE('',#2468,#630,#1632,.T.);
#2472=ORIENTED_EDGE('',*,*,#629,.F.);
#2473=ORIENTED_EDGE('',*,*,#2446,.F.);
#2474=PLANE('',#2475);
#2475=AXIS2_PLACEMENT_3D('',#1633,#2115,#2108);
#2476=ADVANCED_FACE('',(#2477),#2489,.F.);
#2477=FACE_BOUND('',#2478,.F.);
#2478=EDGE_LOOP('',(#2479,#2484,#2485,#2486));
#2479=ORIENTED_EDGE('',*,*,#2480,.F.);
#2480=EDGE_CURVE('',#1414,#2481,#2483,.T.);
#2481=VERTEX_POINT('',#2482);
#2482=CARTESIAN_POINT('',(-2.7,0.5,0.));
#2483=LINE('',#152,#2021);
#2484=ORIENTED_EDGE('',*,*,#1413,.T.);
#2485=ORIENTED_EDGE('',*,*,#1248,.F.);
#2486=ORIENTED_EDGE('',*,*,#2487,.F.);
#2487=EDGE_CURVE('',#2481,#1242,#2488,.T.);
#2488=LINE('',#2482,#34);
#2489=PLANE('',#2490);
#2490=AXIS2_PLACEMENT_3D('',#152,#2030,#2022);
#2491=ADVANCED_FACE('',(#2492),#2506,.F.);
#2492=FACE_BOUND('',#2493,.F.);
#2493=EDGE_LOOP('',(#2494,#2500,#2503,#2504));
#2494=ORIENTED_EDGE('',*,*,#2495,.F.);
#2495=EDGE_CURVE('',#2496,#2498,#2499,.T.);
#2496=VERTEX_POINT('',#2497);
#2497=CARTESIAN_POINT('',(-0.3,-1.7,0.));
#2498=VERTEX_POINT('',#1626);
#2499=LINE('',#2497,#2040);
#2500=ORIENTED_EDGE('',*,*,#2501,.T.);
#2501=EDGE_CURVE('',#2496,#639,#2502,.T.);
#2502=LINE('',#2497,#34);
#2503=ORIENTED_EDGE('',*,*,#638,.F.);
#2504=ORIENTED_EDGE('',*,*,#2505,.F.);
#2505=EDGE_CURVE('',#2498,#635,#1625,.T.);
#2506=PLANE('',#2507);
#2507=AXIS2_PLACEMENT_3D('',#2497,#2050,#2041);
#2508=ADVANCED_FACE('',(#2509),#2523,.T.);
#2509=FACE_BOUND('',#2510,.F.);
#2510=EDGE_LOOP('',(#2511,#2518,#2519,#2520));
#2511=ORIENTED_EDGE('',*,*,#2512,.F.);
#2512=EDGE_CURVE('',#2481,#2513,#2515,.T.);
#2513=VERTEX_POINT('',#2514);
#2514=CARTESIAN_POINT('',(-2.7,0.7,0.));
#2515=CIRCLE('',#2516,0.1);
#2516=AXIS2_PLACEMENT_3D('',#2517,#13,#1210);
#2517=CARTESIAN_POINT('',(-2.7,0.6,0.));
#2518=ORIENTED_EDGE('',*,*,#2487,.T.);
#2519=ORIENTED_EDGE('',*,*,#1241,.F.);
#2520=ORIENTED_EDGE('',*,*,#2521,.F.);
#2521=EDGE_CURVE('',#2513,#1236,#2522,.T.);
#2522=LINE('',#2514,#34);
#2523=CYLINDRICAL_SURFACE('',#2524,0.1);
#2524=AXIS2_PLACEMENT_3D('',#2517,#1209,#1210);
#2525=ADVANCED_FACE('',(#2526),#2540,.T.);
#2526=FACE_BOUND('',#2527,.F.);
#2527=EDGE_LOOP('',(#2528,#2535,#2538,#2539));
#2528=ORIENTED_EDGE('',*,*,#2529,.F.);
#2529=EDGE_CURVE('',#2530,#2496,#2532,.T.);
#2530=VERTEX_POINT('',#2531);
#2531=CARTESIAN_POINT('',(-0.1,-1.7,0.));
#2532=CIRCLE('',#2533,0.1);
#2533=AXIS2_PLACEMENT_3D('',#2534,#2078,#537);
#2534=CARTESIAN_POINT('',(-0.2,-1.7,0.));
#2535=ORIENTED_EDGE('',*,*,#2536,.T.);
#2536=EDGE_CURVE('',#2530,#645,#2537,.T.);
#2537=LINE('',#2531,#34);
#2538=ORIENTED_EDGE('',*,*,#644,.F.);
#2539=ORIENTED_EDGE('',*,*,#2501,.F.);
#2540=CYLINDRICAL_SURFACE('',#2541,0.1);
#2541=AXIS2_PLACEMENT_3D('',#2534,#536,#537);
#2542=ADVANCED_FACE('',(#2543),#2551,.F.);
#2543=FACE_BOUND('',#2544,.F.);
#2544=EDGE_LOOP('',(#2545,#2548,#2549,#2550));
#2545=ORIENTED_EDGE('',*,*,#2546,.F.);
#2546=EDGE_CURVE('',#2513,#1408,#2547,.T.);
#2547=LINE('',#2514,#2092);
#2548=ORIENTED_EDGE('',*,*,#2521,.T.);
#2549=ORIENTED_EDGE('',*,*,#1235,.F.);
#2550=ORIENTED_EDGE('',*,*,#1407,.F.);
#2551=PLANE('',#2552);
#2552=AXIS2_PLACEMENT_3D('',#2514,#2099,#2093);
#2553=ADVANCED_FACE('',(#2554),#2564,.F.);
#2554=FACE_BOUND('',#2555,.F.);
#2555=EDGE_LOOP('',(#2556,#2560,#2562,#2563));
#2556=ORIENTED_EDGE('',*,*,#2557,.F.);
#2557=EDGE_CURVE('',#2558,#2530,#2559,.T.);
#2558=VERTEX_POINT('',#1617);
#2559=LINE('',#1617,#2107);
#2560=ORIENTED_EDGE('',*,*,#2561,.T.);
#2561=EDGE_CURVE('',#2558,#652,#1616,.T.);
#2562=ORIENTED_EDGE('',*,*,#651,.F.);
#2563=ORIENTED_EDGE('',*,*,#2536,.F.);
#2564=PLANE('',#2565);
#2565=AXIS2_PLACEMENT_3D('',#1617,#2115,#2108);
#2566=ADVANCED_FACE('',(#2567),#2579,.F.);
#2567=FACE_BOUND('',#2568,.F.);
#2568=EDGE_LOOP('',(#2569,#2574,#2575,#2576));
#2569=ORIENTED_EDGE('',*,*,#2570,.F.);
#2570=EDGE_CURVE('',#1397,#2571,#2573,.T.);
#2571=VERTEX_POINT('',#2572);
#2572=CARTESIAN_POINT('',(-2.7,0.9,0.));
#2573=LINE('',#173,#2021);
#2574=ORIENTED_EDGE('',*,*,#1396,.T.);
#2575=ORIENTED_EDGE('',*,*,#1231,.F.);
#2576=ORIENTED_EDGE('',*,*,#2577,.F.);
#2577=EDGE_CURVE('',#2571,#1225,#2578,.T.);
#2578=LINE('',#2572,#34);
#2579=PLANE('',#2580);
#2580=AXIS2_PLACEMENT_3D('',#173,#2030,#2022);
#2581=ADVANCED_FACE('',(#2582),#2596,.F.);
#2582=FACE_BOUND('',#2583,.F.);
#2583=EDGE_LOOP('',(#2584,#2590,#2593,#2594));
#2584=ORIENTED_EDGE('',*,*,#2585,.F.);
#2585=EDGE_CURVE('',#2586,#2588,#2589,.T.);
#2586=VERTEX_POINT('',#2587);
#2587=CARTESIAN_POINT('',(0.1,-1.7,0.));
#2588=VERTEX_POINT('',#1610);
#2589=LINE('',#2587,#2040);
#2590=ORIENTED_EDGE('',*,*,#2591,.T.);
#2591=EDGE_CURVE('',#2586,#661,#2592,.T.);
#2592=LINE('',#2587,#34);
#2593=ORIENTED_EDGE('',*,*,#660,.F.);
#2594=ORIENTED_EDGE('',*,*,#2595,.F.);
#2595=EDGE_CURVE('',#2588,#657,#1609,.T.);
#2596=PLANE('',#2597);
#2597=AXIS2_PLACEMENT_3D('',#2587,#2050,#2041);
#2598=ADVANCED_FACE('',(#2599),#2613,.T.);
#2599=FACE_BOUND('',#2600,.F.);
#2600=EDGE_LOOP('',(#2601,#2608,#2609,#2610));
#2601=ORIENTED_EDGE('',*,*,#2602,.F.);
#2602=EDGE_CURVE('',#2571,#2603,#2605,.T.);
#2603=VERTEX_POINT('',#2604);
#2604=CARTESIAN_POINT('',(-2.7,1.1,0.));
#2605=CIRCLE('',#2606,0.1);
#2606=AXIS2_PLACEMENT_3D('',#2607,#13,#1210);
#2607=CARTESIAN_POINT('',(-2.7,1.,0.));
#2608=ORIENTED_EDGE('',*,*,#2577,.T.);
#2609=ORIENTED_EDGE('',*,*,#1224,.F.);
#2610=ORIENTED_EDGE('',*,*,#2611,.F.);
#2611=EDGE_CURVE('',#2603,#1219,#2612,.T.);
#2612=LINE('',#2604,#34);
#2613=CYLINDRICAL_SURFACE('',#2614,0.1);
#2614=AXIS2_PLACEMENT_3D('',#2607,#1209,#1210);
#2615=ADVANCED_FACE('',(#2616),#2630,.T.);
#2616=FACE_BOUND('',#2617,.F.);
#2617=EDGE_LOOP('',(#2618,#2625,#2628,#2629));
#2618=ORIENTED_EDGE('',*,*,#2619,.F.);
#2619=EDGE_CURVE('',#2620,#2586,#2622,.T.);
#2620=VERTEX_POINT('',#2621);
#2621=CARTESIAN_POINT('',(0.3,-1.7,0.));
#2622=CIRCLE('',#2623,0.1);
#2623=AXIS2_PLACEMENT_3D('',#2624,#2078,#537);
#2624=CARTESIAN_POINT('',(0.2,-1.7,0.));
#2625=ORIENTED_EDGE('',*,*,#2626,.T.);
#2626=EDGE_CURVE('',#2620,#667,#2627,.T.);
#2627=LINE('',#2621,#34);
#2628=ORIENTED_EDGE('',*,*,#666,.F.);
#2629=ORIENTED_EDGE('',*,*,#2591,.F.);
#2630=CYLINDRICAL_SURFACE('',#2631,0.1);
#2631=AXIS2_PLACEMENT_3D('',#2624,#536,#537);
#2632=ADVANCED_FACE('',(#2633),#2641,.F.);
#2633=FACE_BOUND('',#2634,.F.);
#2634=EDGE_LOOP('',(#2635,#2638,#2639,#2640));
#2635=ORIENTED_EDGE('',*,*,#2636,.F.);
#2636=EDGE_CURVE('',#2603,#1391,#2637,.T.);
#2637=LINE('',#2604,#2092);
#2638=ORIENTED_EDGE('',*,*,#2611,.T.);
#2639=ORIENTED_EDGE('',*,*,#1218,.F.);
#2640=ORIENTED_EDGE('',*,*,#1390,.F.);
#2641=PLANE('',#2642);
#2642=AXIS2_PLACEMENT_3D('',#2604,#2099,#2093);
#2643=ADVANCED_FACE('',(#2644),#2654,.F.);
#2644=FACE_BOUND('',#2645,.F.);
#2645=EDGE_LOOP('',(#2646,#2650,#2652,#2653));
#2646=ORIENTED_EDGE('',*,*,#2647,.F.);
#2647=EDGE_CURVE('',#2648,#2620,#2649,.T.);
#2648=VERTEX_POINT('',#1601);
#2649=LINE('',#1601,#2107);
#2650=ORIENTED_EDGE('',*,*,#2651,.T.);
#2651=EDGE_CURVE('',#2648,#674,#1600,.T.);
#2652=ORIENTED_EDGE('',*,*,#673,.F.);
#2653=ORIENTED_EDGE('',*,*,#2626,.F.);
#2654=PLANE('',#2655);
#2655=AXIS2_PLACEMENT_3D('',#1601,#2115,#2108);
#2656=ADVANCED_FACE('',(#2657),#2669,.F.);
#2657=FACE_BOUND('',#2658,.F.);
#2658=EDGE_LOOP('',(#2659,#2664,#2665,#2666));
#2659=ORIENTED_EDGE('',*,*,#2660,.F.);
#2660=EDGE_CURVE('',#1379,#2661,#2663,.T.);
#2661=VERTEX_POINT('',#2662);
#2662=CARTESIAN_POINT('',(-2.7,1.3,0.));
#2663=LINE('',#194,#2021);
#2664=ORIENTED_EDGE('',*,*,#1378,.T.);
#2665=ORIENTED_EDGE('',*,*,#1212,.F.);
#2666=ORIENTED_EDGE('',*,*,#2667,.F.);
#2667=EDGE_CURVE('',#2661,#1204,#2668,.T.);
#2668=LINE('',#2662,#34);
#2669=PLANE('',#2670);
#2670=AXIS2_PLACEMENT_3D('',#194,#2030,#2022);
#2671=ADVANCED_FACE('',(#2672),#2686,.F.);
#2672=FACE_BOUND('',#2673,.F.);
#2673=EDGE_LOOP('',(#2674,#2680,#2683,#2684));
#2674=ORIENTED_EDGE('',*,*,#2675,.F.);
#2675=EDGE_CURVE('',#2676,#2678,#2679,.T.);
#2676=VERTEX_POINT('',#2677);
#2677=CARTESIAN_POINT('',(0.5,-1.7,0.));
#2678=VERTEX_POINT('',#1594);
#2679=LINE('',#2677,#2040);
#2680=ORIENTED_EDGE('',*,*,#2681,.T.);
#2681=EDGE_CURVE('',#2676,#683,#2682,.T.);
#2682=LINE('',#2677,#34);
#2683=ORIENTED_EDGE('',*,*,#682,.F.);
#2684=ORIENTED_EDGE('',*,*,#2685,.F.);
#2685=EDGE_CURVE('',#2678,#679,#1593,.T.);
#2686=PLANE('',#2687);
#2687=AXIS2_PLACEMENT_3D('',#2677,#2050,#2041);
#2688=ADVANCED_FACE('',(#2689),#2703,.T.);
#2689=FACE_BOUND('',#2690,.F.);
#2690=EDGE_LOOP('',(#2691,#2698,#2699,#2700));
#2691=ORIENTED_EDGE('',*,*,#2692,.F.);
#2692=EDGE_CURVE('',#2661,#2693,#2695,.T.);
#2693=VERTEX_POINT('',#2694);
#2694=CARTESIAN_POINT('',(-2.7,1.5,0.));
#2695=CIRCLE('',#2696,0.1);
#2696=AXIS2_PLACEMENT_3D('',#2697,#13,#1210);
#2697=CARTESIAN_POINT('',(-2.7,1.4,0.));
#2698=ORIENTED_EDGE('',*,*,#2667,.T.);
#2699=ORIENTED_EDGE('',*,*,#1203,.F.);
#2700=ORIENTED_EDGE('',*,*,#2701,.F.);
#2701=EDGE_CURVE('',#2693,#1196,#2702,.T.);
#2702=LINE('',#2694,#34);
#2703=CYLINDRICAL_SURFACE('',#2704,0.1);
#2704=AXIS2_PLACEMENT_3D('',#2697,#1209,#1210);
#2705=ADVANCED_FACE('',(#2706),#2720,.T.);
#2706=FACE_BOUND('',#2707,.F.);
#2707=EDGE_LOOP('',(#2708,#2715,#2718,#2719));
#2708=ORIENTED_EDGE('',*,*,#2709,.F.);
#2709=EDGE_CURVE('',#2710,#2676,#2712,.T.);
#2710=VERTEX_POINT('',#2711);
#2711=CARTESIAN_POINT('',(0.7,-1.7,0.));
#2712=CIRCLE('',#2713,0.1);
#2713=AXIS2_PLACEMENT_3D('',#2714,#2078,#537);
#2714=CARTESIAN_POINT('',(0.6,-1.7,0.));
#2715=ORIENTED_EDGE('',*,*,#2716,.T.);
#2716=EDGE_CURVE('',#2710,#689,#2717,.T.);
#2717=LINE('',#2711,#34);
#2718=ORIENTED_EDGE('',*,*,#688,.F.);
#2719=ORIENTED_EDGE('',*,*,#2681,.F.);
#2720=CYLINDRICAL_SURFACE('',#2721,0.1);
#2721=AXIS2_PLACEMENT_3D('',#2714,#536,#537);
#2722=ADVANCED_FACE('',(#2723),#2731,.F.);
#2723=FACE_BOUND('',#2724,.F.);
#2724=EDGE_LOOP('',(#2725,#2728,#2729,#2730));
#2725=ORIENTED_EDGE('',*,*,#2726,.F.);
#2726=EDGE_CURVE('',#2693,#1373,#2727,.T.);
#2727=LINE('',#2694,#2092);
#2728=ORIENTED_EDGE('',*,*,#2701,.T.);
#2729=ORIENTED_EDGE('',*,*,#1195,.F.);
#2730=ORIENTED_EDGE('',*,*,#1372,.F.);
#2731=PLANE('',#2732);
#2732=AXIS2_PLACEMENT_3D('',#2694,#2099,#2093);
#2733=ADVANCED_FACE('',(#2734),#2744,.F.);
#2734=FACE_BOUND('',#2735,.F.);
#2735=EDGE_LOOP('',(#2736,#2740,#2742,#2743));
#2736=ORIENTED_EDGE('',*,*,#2737,.F.);
#2737=EDGE_CURVE('',#2738,#2710,#2739,.T.);
#2738=VERTEX_POINT('',#1585);
#2739=LINE('',#1585,#2107);
#2740=ORIENTED_EDGE('',*,*,#2741,.T.);
#2741=EDGE_CURVE('',#2738,#696,#1584,.T.);
#2742=ORIENTED_EDGE('',*,*,#695,.F.);
#2743=ORIENTED_EDGE('',*,*,#2716,.F.);
#2744=PLANE('',#2745);
#2745=AXIS2_PLACEMENT_3D('',#1585,#2115,#2108);
#2746=ADVANCED_FACE('',(#2747),#2761,.F.);
#2747=FACE_BOUND('',#2748,.F.);
#2748=EDGE_LOOP('',(#2749,#2755,#2758,#2759));
#2749=ORIENTED_EDGE('',*,*,#2750,.F.);
#2750=EDGE_CURVE('',#2751,#2753,#2754,.T.);
#2751=VERTEX_POINT('',#2752);
#2752=CARTESIAN_POINT('',(0.9,-1.7,0.));
#2753=VERTEX_POINT('',#1578);
#2754=LINE('',#2752,#2040);
#2755=ORIENTED_EDGE('',*,*,#2756,.T.);
#2756=EDGE_CURVE('',#2751,#705,#2757,.T.);
#2757=LINE('',#2752,#34);
#2758=ORIENTED_EDGE('',*,*,#704,.F.);
#2759=ORIENTED_EDGE('',*,*,#2760,.F.);
#2760=EDGE_CURVE('',#2753,#701,#1577,.T.);
#2761=PLANE('',#2762);
#2762=AXIS2_PLACEMENT_3D('',#2752,#2050,#2041);
#2763=ADVANCED_FACE('',(#2764),#2776,.F.);
#2764=FACE_BOUND('',#2765,.F.);
#2765=EDGE_LOOP('',(#2766,#2771,#2772,#2773));
#2766=ORIENTED_EDGE('',*,*,#2767,.F.);
#2767=EDGE_CURVE('',#1852,#2768,#2770,.T.);
#2768=VERTEX_POINT('',#2769);
#2769=CARTESIAN_POINT('',(-2.3,1.7,0.));
#2770=LINE('',#509,#1345);
#2771=ORIENTED_EDGE('',*,*,#1851,.T.);
#2772=ORIENTED_EDGE('',*,*,#1190,.F.);
#2773=ORIENTED_EDGE('',*,*,#2774,.F.);
#2774=EDGE_CURVE('',#2768,#1184,#2775,.T.);
#2775=LINE('',#2769,#34);
#2776=PLANE('',#2777);
#2777=AXIS2_PLACEMENT_3D('',#509,#14,#1346);
#2778=ADVANCED_FACE('',(#2779),#2793,.T.);
#2779=FACE_BOUND('',#2780,.F.);
#2780=EDGE_LOOP('',(#2781,#2788,#2791,#2792));
#2781=ORIENTED_EDGE('',*,*,#2782,.F.);
#2782=EDGE_CURVE('',#2783,#2751,#2785,.T.);
#2783=VERTEX_POINT('',#2784);
#2784=CARTESIAN_POINT('',(1.1,-1.7,0.));
#2785=CIRCLE('',#2786,0.1);
#2786=AXIS2_PLACEMENT_3D('',#2787,#2078,#537);
#2787=CARTESIAN_POINT('',(1.,-1.7,0.));
#2788=ORIENTED_EDGE('',*,*,#2789,.T.);
#2789=EDGE_CURVE('',#2783,#711,#2790,.T.);
#2790=LINE('',#2784,#34);
#2791=ORIENTED_EDGE('',*,*,#710,.F.);
#2792=ORIENTED_EDGE('',*,*,#2756,.F.);
#2793=CYLINDRICAL_SURFACE('',#2794,0.1);
#2794=AXIS2_PLACEMENT_3D('',#2787,#536,#537);
#2795=ADVANCED_FACE('',(#2796),#2811,.T.);
#2796=FACE_BOUND('',#2797,.F.);
#2797=EDGE_LOOP('',(#2798,#2806,#2807,#2808));
#2798=ORIENTED_EDGE('',*,*,#2799,.F.);
#2799=EDGE_CURVE('',#2768,#2800,#2802,.T.);
#2800=VERTEX_POINT('',#2801);
#2801=CARTESIAN_POINT('',(-2.1,1.7,0.));
#2802=CIRCLE('',#2803,0.1);
#2803=AXIS2_PLACEMENT_3D('',#2804,#13,#2805);
#2804=CARTESIAN_POINT('',(-2.2,1.7,0.));
#2805=DIRECTION('',(-1.,1.387778780781E-16,-0.));
#2806=ORIENTED_EDGE('',*,*,#2774,.T.);
#2807=ORIENTED_EDGE('',*,*,#1183,.F.);
#2808=ORIENTED_EDGE('',*,*,#2809,.F.);
#2809=EDGE_CURVE('',#2800,#1178,#2810,.T.);
#2810=LINE('',#2801,#34);
#2811=CYLINDRICAL_SURFACE('',#2812,0.1);
#2812=AXIS2_PLACEMENT_3D('',#2804,#2813,#2805);
#2813=DIRECTION('',(-0.,-0.,-1.));
#2814=ADVANCED_FACE('',(#2815),#2825,.F.);
#2815=FACE_BOUND('',#2816,.F.);
#2816=EDGE_LOOP('',(#2817,#2821,#2823,#2824));
#2817=ORIENTED_EDGE('',*,*,#2818,.F.);
#2818=EDGE_CURVE('',#2819,#2783,#2820,.T.);
#2819=VERTEX_POINT('',#1569);
#2820=LINE('',#1569,#2107);
#2821=ORIENTED_EDGE('',*,*,#2822,.T.);
#2822=EDGE_CURVE('',#2819,#718,#1568,.T.);
#2823=ORIENTED_EDGE('',*,*,#717,.F.);
#2824=ORIENTED_EDGE('',*,*,#2789,.F.);
#2825=PLANE('',#2826);
#2826=AXIS2_PLACEMENT_3D('',#1569,#2115,#2108);
#2827=ADVANCED_FACE('',(#2828),#2838,.F.);
#2828=FACE_BOUND('',#2829,.F.);
#2829=EDGE_LOOP('',(#2830,#2835,#2836,#2837));
#2830=ORIENTED_EDGE('',*,*,#2831,.F.);
#2831=EDGE_CURVE('',#2800,#1849,#2832,.T.);
#2832=LINE('',#2801,#2833);
#2833=VECTOR('',#2834,1.);
#2834=DIRECTION('',(-9.251858538543E-17,1.,0.));
#2835=ORIENTED_EDGE('',*,*,#2809,.T.);
#2836=ORIENTED_EDGE('',*,*,#1177,.F.);
#2837=ORIENTED_EDGE('',*,*,#1848,.F.);
#2838=PLANE('',#2839);
#2839=AXIS2_PLACEMENT_3D('',#2801,#2840,#2834);
#2840=DIRECTION('',(-1.,-9.251858538543E-17,0.));
#2841=ADVANCED_FACE('',(#2842),#2856,.F.);
#2842=FACE_BOUND('',#2843,.F.);
#2843=EDGE_LOOP('',(#2844,#2850,#2853,#2854));
#2844=ORIENTED_EDGE('',*,*,#2845,.F.);
#2845=EDGE_CURVE('',#2846,#2848,#2849,.T.);
#2846=VERTEX_POINT('',#2847);
#2847=CARTESIAN_POINT('',(1.3,-1.7,0.));
#2848=VERTEX_POINT('',#1562);
#2849=LINE('',#2847,#2040);
#2850=ORIENTED_EDGE('',*,*,#2851,.T.);
#2851=EDGE_CURVE('',#2846,#727,#2852,.T.);
#2852=LINE('',#2847,#34);
#2853=ORIENTED_EDGE('',*,*,#726,.F.);
#2854=ORIENTED_EDGE('',*,*,#2855,.F.);
#2855=EDGE_CURVE('',#2848,#723,#1561,.T.);
#2856=PLANE('',#2857);
#2857=AXIS2_PLACEMENT_3D('',#2847,#2050,#2041);
#2858=ADVANCED_FACE('',(#2859),#2871,.F.);
#2859=FACE_BOUND('',#2860,.F.);
#2860=EDGE_LOOP('',(#2861,#2866,#2867,#2868));
#2861=ORIENTED_EDGE('',*,*,#2862,.F.);
#2862=EDGE_CURVE('',#1867,#2863,#2865,.T.);
#2863=VERTEX_POINT('',#2864);
#2864=CARTESIAN_POINT('',(-1.9,1.7,0.));
#2865=LINE('',#490,#1345);
#2866=ORIENTED_EDGE('',*,*,#1866,.T.);
#2867=ORIENTED_EDGE('',*,*,#1173,.F.);
#2868=ORIENTED_EDGE('',*,*,#2869,.F.);
#2869=EDGE_CURVE('',#2863,#1167,#2870,.T.);
#2870=LINE('',#2864,#34);
#2871=PLANE('',#2872);
#2872=AXIS2_PLACEMENT_3D('',#490,#14,#1346);
#2873=ADVANCED_FACE('',(#2874),#2888,.T.);
#2874=FACE_BOUND('',#2875,.F.);
#2875=EDGE_LOOP('',(#2876,#2883,#2886,#2887));
#2876=ORIENTED_EDGE('',*,*,#2877,.F.);
#2877=EDGE_CURVE('',#2878,#2846,#2880,.T.);
#2878=VERTEX_POINT('',#2879);
#2879=CARTESIAN_POINT('',(1.5,-1.7,0.));
#2880=CIRCLE('',#2881,0.1);
#2881=AXIS2_PLACEMENT_3D('',#2882,#2078,#537);
#2882=CARTESIAN_POINT('',(1.4,-1.7,0.));
#2883=ORIENTED_EDGE('',*,*,#2884,.T.);
#2884=EDGE_CURVE('',#2878,#733,#2885,.T.);
#2885=LINE('',#2879,#34);
#2886=ORIENTED_EDGE('',*,*,#732,.F.);
#2887=ORIENTED_EDGE('',*,*,#2851,.F.);
#2888=CYLINDRICAL_SURFACE('',#2889,0.1);
#2889=AXIS2_PLACEMENT_3D('',#2882,#536,#537);
#2890=ADVANCED_FACE('',(#2891),#2905,.T.);
#2891=FACE_BOUND('',#2892,.F.);
#2892=EDGE_LOOP('',(#2893,#2900,#2901,#2902));
#2893=ORIENTED_EDGE('',*,*,#2894,.F.);
#2894=EDGE_CURVE('',#2863,#2895,#2897,.T.);
#2895=VERTEX_POINT('',#2896);
#2896=CARTESIAN_POINT('',(-1.7,1.7,0.));
#2897=CIRCLE('',#2898,0.1);
#2898=AXIS2_PLACEMENT_3D('',#2899,#13,#2805);
#2899=CARTESIAN_POINT('',(-1.8,1.7,0.));
#2900=ORIENTED_EDGE('',*,*,#2869,.T.);
#2901=ORIENTED_EDGE('',*,*,#1166,.F.);
#2902=ORIENTED_EDGE('',*,*,#2903,.F.);
#2903=EDGE_CURVE('',#2895,#1161,#2904,.T.);
#2904=LINE('',#2896,#34);
#2905=CYLINDRICAL_SURFACE('',#2906,0.1);
#2906=AXIS2_PLACEMENT_3D('',#2899,#2813,#2805);
#2907=ADVANCED_FACE('',(#2908),#2918,.F.);
#2908=FACE_BOUND('',#2909,.F.);
#2909=EDGE_LOOP('',(#2910,#2914,#2916,#2917));
#2910=ORIENTED_EDGE('',*,*,#2911,.F.);
#2911=EDGE_CURVE('',#2912,#2878,#2913,.T.);
#2912=VERTEX_POINT('',#1553);
#2913=LINE('',#1553,#2107);
#2914=ORIENTED_EDGE('',*,*,#2915,.T.);
#2915=EDGE_CURVE('',#2912,#740,#1552,.T.);
#2916=ORIENTED_EDGE('',*,*,#739,.F.);
#2917=ORIENTED_EDGE('',*,*,#2884,.F.);
#2918=PLANE('',#2919);
#2919=AXIS2_PLACEMENT_3D('',#1553,#2115,#2108);
#2920=ADVANCED_FACE('',(#2921),#2929,.F.);
#2921=FACE_BOUND('',#2922,.F.);
#2922=EDGE_LOOP('',(#2923,#2926,#2927,#2928));
#2923=ORIENTED_EDGE('',*,*,#2924,.F.);
#2924=EDGE_CURVE('',#2895,#1864,#2925,.T.);
#2925=LINE('',#2896,#2833);
#2926=ORIENTED_EDGE('',*,*,#2903,.T.);
#2927=ORIENTED_EDGE('',*,*,#1160,.F.);
#2928=ORIENTED_EDGE('',*,*,#1863,.F.);
#2929=PLANE('',#2930);
#2930=AXIS2_PLACEMENT_3D('',#2896,#2840,#2834);
#2931=ADVANCED_FACE('',(#2932),#2946,.F.);
#2932=FACE_BOUND('',#2933,.F.);
#2933=EDGE_LOOP('',(#2934,#2940,#2943,#2944));
#2934=ORIENTED_EDGE('',*,*,#2935,.F.);
#2935=EDGE_CURVE('',#2936,#2938,#2939,.T.);
#2936=VERTEX_POINT('',#2937);
#2937=CARTESIAN_POINT('',(1.7,-1.7,0.));
#2938=VERTEX_POINT('',#1546);
#2939=LINE('',#2937,#2040);
#2940=ORIENTED_EDGE('',*,*,#2941,.T.);
#2941=EDGE_CURVE('',#2936,#749,#2942,.T.);
#2942=LINE('',#2937,#34);
#2943=ORIENTED_EDGE('',*,*,#748,.F.);
#2944=ORIENTED_EDGE('',*,*,#2945,.F.);
#2945=EDGE_CURVE('',#2938,#745,#1545,.T.);
#2946=PLANE('',#2947);
#2947=AXIS2_PLACEMENT_3D('',#2937,#2050,#2041);
#2948=ADVANCED_FACE('',(#2949),#2961,.F.);
#2949=FACE_BOUND('',#2950,.F.);
#2950=EDGE_LOOP('',(#2951,#2956,#2957,#2958));
#2951=ORIENTED_EDGE('',*,*,#2952,.F.);
#2952=EDGE_CURVE('',#1881,#2953,#2955,.T.);
#2953=VERTEX_POINT('',#2954);
#2954=CARTESIAN_POINT('',(-1.5,1.7,0.));
#2955=LINE('',#469,#1345);
#2956=ORIENTED_EDGE('',*,*,#1880,.T.);
#2957=ORIENTED_EDGE('',*,*,#1156,.F.);
#2958=ORIENTED_EDGE('',*,*,#2959,.F.);
#2959=EDGE_CURVE('',#2953,#1150,#2960,.T.);
#2960=LINE('',#2954,#34);
#2961=PLANE('',#2962);
#2962=AXIS2_PLACEMENT_3D('',#469,#14,#1346);
#2963=ADVANCED_FACE('',(#2964),#2978,.T.);
#2964=FACE_BOUND('',#2965,.F.);
#2965=EDGE_LOOP('',(#2966,#2973,#2976,#2977));
#2966=ORIENTED_EDGE('',*,*,#2967,.F.);
#2967=EDGE_CURVE('',#2968,#2936,#2970,.T.);
#2968=VERTEX_POINT('',#2969);
#2969=CARTESIAN_POINT('',(1.9,-1.7,0.));
#2970=CIRCLE('',#2971,0.1);
#2971=AXIS2_PLACEMENT_3D('',#2972,#2078,#537);
#2972=CARTESIAN_POINT('',(1.8,-1.7,0.));
#2973=ORIENTED_EDGE('',*,*,#2974,.T.);
#2974=EDGE_CURVE('',#2968,#755,#2975,.T.);
#2975=LINE('',#2969,#34);
#2976=ORIENTED_EDGE('',*,*,#754,.F.);
#2977=ORIENTED_EDGE('',*,*,#2941,.F.);
#2978=CYLINDRICAL_SURFACE('',#2979,0.1);
#2979=AXIS2_PLACEMENT_3D('',#2972,#536,#537);
#2980=ADVANCED_FACE('',(#2981),#2995,.T.);
#2981=FACE_BOUND('',#2982,.F.);
#2982=EDGE_LOOP('',(#2983,#2990,#2991,#2992));
#2983=ORIENTED_EDGE('',*,*,#2984,.F.);
#2984=EDGE_CURVE('',#2953,#2985,#2987,.T.);
#2985=VERTEX_POINT('',#2986);
#2986=CARTESIAN_POINT('',(-1.3,1.7,0.));
#2987=CIRCLE('',#2988,0.1);
#2988=AXIS2_PLACEMENT_3D('',#2989,#13,#2805);
#2989=CARTESIAN_POINT('',(-1.4,1.7,0.));
#2990=ORIENTED_EDGE('',*,*,#2959,.T.);
#2991=ORIENTED_EDGE('',*,*,#1149,.F.);
#2992=ORIENTED_EDGE('',*,*,#2993,.F.);
#2993=EDGE_CURVE('',#2985,#1144,#2994,.T.);
#2994=LINE('',#2986,#34);
#2995=CYLINDRICAL_SURFACE('',#2996,0.1);
#2996=AXIS2_PLACEMENT_3D('',#2989,#2813,#2805);
#2997=ADVANCED_FACE('',(#2998),#3008,.F.);
#2998=FACE_BOUND('',#2999,.F.);
#2999=EDGE_LOOP('',(#3000,#3004,#3006,#3007));
#3000=ORIENTED_EDGE('',*,*,#3001,.F.);
#3001=EDGE_CURVE('',#3002,#2968,#3003,.T.);
#3002=VERTEX_POINT('',#1537);
#3003=LINE('',#1537,#2107);
#3004=ORIENTED_EDGE('',*,*,#3005,.T.);
#3005=EDGE_CURVE('',#3002,#762,#1536,.T.);
#3006=ORIENTED_EDGE('',*,*,#761,.F.);
#3007=ORIENTED_EDGE('',*,*,#2974,.F.);
#3008=PLANE('',#3009);
#3009=AXIS2_PLACEMENT_3D('',#1537,#2115,#2108);
#3010=ADVANCED_FACE('',(#3011),#3019,.F.);
#3011=FACE_BOUND('',#3012,.F.);
#3012=EDGE_LOOP('',(#3013,#3016,#3017,#3018));
#3013=ORIENTED_EDGE('',*,*,#3014,.F.);
#3014=EDGE_CURVE('',#2985,#1878,#3015,.T.);
#3015=LINE('',#2986,#2833);
#3016=ORIENTED_EDGE('',*,*,#2993,.T.);
#3017=ORIENTED_EDGE('',*,*,#1143,.F.);
#3018=ORIENTED_EDGE('',*,*,#1877,.F.);
#3019=PLANE('',#3020);
#3020=AXIS2_PLACEMENT_3D('',#2986,#2840,#2834);
#3021=ADVANCED_FACE('',(#3022),#3036,.F.);
#3022=FACE_BOUND('',#3023,.F.);
#3023=EDGE_LOOP('',(#3024,#3030,#3033,#3034));
#3024=ORIENTED_EDGE('',*,*,#3025,.F.);
#3025=EDGE_CURVE('',#3026,#3028,#3029,.T.);
#3026=VERTEX_POINT('',#3027);
#3027=CARTESIAN_POINT('',(2.1,-1.7,0.));
#3028=VERTEX_POINT('',#1530);
#3029=LINE('',#3027,#2040);
#3030=ORIENTED_EDGE('',*,*,#3031,.T.);
#3031=EDGE_CURVE('',#3026,#771,#3032,.T.);
#3032=LINE('',#3027,#34);
#3033=ORIENTED_EDGE('',*,*,#770,.F.);
#3034=ORIENTED_EDGE('',*,*,#3035,.F.);
#3035=EDGE_CURVE('',#3028,#767,#1529,.T.);
#3036=PLANE('',#3037);
#3037=AXIS2_PLACEMENT_3D('',#3027,#2050,#2041);
#3038=ADVANCED_FACE('',(#3039),#3051,.F.);
#3039=FACE_BOUND('',#3040,.F.);
#3040=EDGE_LOOP('',(#3041,#3046,#3047,#3048));
#3041=ORIENTED_EDGE('',*,*,#3042,.F.);
#3042=EDGE_CURVE('',#1895,#3043,#3045,.T.);
#3043=VERTEX_POINT('',#3044);
#3044=CARTESIAN_POINT('',(-1.1,1.7,0.));
#3045=LINE('',#448,#1345);
#3046=ORIENTED_EDGE('',*,*,#1894,.T.);
#3047=ORIENTED_EDGE('',*,*,#1139,.F.);
#3048=ORIENTED_EDGE('',*,*,#3049,.F.);
#3049=EDGE_CURVE('',#3043,#1133,#3050,.T.);
#3050=LINE('',#3044,#34);
#3051=PLANE('',#3052);
#3052=AXIS2_PLACEMENT_3D('',#448,#14,#1346);
#3053=ADVANCED_FACE('',(#3054),#3068,.T.);
#3054=FACE_BOUND('',#3055,.F.);
#3055=EDGE_LOOP('',(#3056,#3063,#3066,#3067));
#3056=ORIENTED_EDGE('',*,*,#3057,.F.);
#3057=EDGE_CURVE('',#3058,#3026,#3060,.T.);
#3058=VERTEX_POINT('',#3059);
#3059=CARTESIAN_POINT('',(2.3,-1.7,0.));
#3060=CIRCLE('',#3061,0.1);
#3061=AXIS2_PLACEMENT_3D('',#3062,#2078,#537);
#3062=CARTESIAN_POINT('',(2.2,-1.7,0.));
#3063=ORIENTED_EDGE('',*,*,#3064,.T.);
#3064=EDGE_CURVE('',#3058,#777,#3065,.T.);
#3065=LINE('',#3059,#34);
#3066=ORIENTED_EDGE('',*,*,#776,.F.);
#3067=ORIENTED_EDGE('',*,*,#3031,.F.);
#3068=CYLINDRICAL_SURFACE('',#3069,0.1);
#3069=AXIS2_PLACEMENT_3D('',#3062,#536,#537);
#3070=ADVANCED_FACE('',(#3071),#3085,.T.);
#3071=FACE_BOUND('',#3072,.F.);
#3072=EDGE_LOOP('',(#3073,#3080,#3081,#3082));
#3073=ORIENTED_EDGE('',*,*,#3074,.F.);
#3074=EDGE_CURVE('',#3043,#3075,#3077,.T.);
#3075=VERTEX_POINT('',#3076);
#3076=CARTESIAN_POINT('',(-0.9,1.7,0.));
#3077=CIRCLE('',#3078,0.1);
#3078=AXIS2_PLACEMENT_3D('',#3079,#13,#2805);
#3079=CARTESIAN_POINT('',(-1.,1.7,0.));
#3080=ORIENTED_EDGE('',*,*,#3049,.T.);
#3081=ORIENTED_EDGE('',*,*,#1132,.F.);
#3082=ORIENTED_EDGE('',*,*,#3083,.F.);
#3083=EDGE_CURVE('',#3075,#1127,#3084,.T.);
#3084=LINE('',#3076,#34);
#3085=CYLINDRICAL_SURFACE('',#3086,0.1);
#3086=AXIS2_PLACEMENT_3D('',#3079,#2813,#2805);
#3087=ADVANCED_FACE('',(#3088),#3098,.F.);
#3088=FACE_BOUND('',#3089,.F.);
#3089=EDGE_LOOP('',(#3090,#3094,#3096,#3097));
#3090=ORIENTED_EDGE('',*,*,#3091,.F.);
#3091=EDGE_CURVE('',#3092,#3058,#3093,.T.);
#3092=VERTEX_POINT('',#1519);
#3093=LINE('',#1519,#2107);
#3094=ORIENTED_EDGE('',*,*,#3095,.T.);
#3095=EDGE_CURVE('',#3092,#784,#1518,.T.);
#3096=ORIENTED_EDGE('',*,*,#783,.F.);
#3097=ORIENTED_EDGE('',*,*,#3064,.F.);
#3098=PLANE('',#3099);
#3099=AXIS2_PLACEMENT_3D('',#1519,#2115,#2108);
#3100=ADVANCED_FACE('',(#3101),#3109,.F.);
#3101=FACE_BOUND('',#3102,.F.);
#3102=EDGE_LOOP('',(#3103,#3106,#3107,#3108));
#3103=ORIENTED_EDGE('',*,*,#3104,.F.);
#3104=EDGE_CURVE('',#3075,#1892,#3105,.T.);
#3105=LINE('',#3076,#2833);
#3106=ORIENTED_EDGE('',*,*,#3083,.T.);
#3107=ORIENTED_EDGE('',*,*,#1126,.F.);
#3108=ORIENTED_EDGE('',*,*,#1891,.F.);
#3109=PLANE('',#3110);
#3110=AXIS2_PLACEMENT_3D('',#3076,#2840,#2834);
#3111=ADVANCED_FACE('',(#3112),#3124,.F.);
#3112=FACE_BOUND('',#3113,.F.);
#3113=EDGE_LOOP('',(#3114,#3119,#3120,#3121));
#3114=ORIENTED_EDGE('',*,*,#3115,.F.);
#3115=EDGE_CURVE('',#1909,#3116,#3118,.T.);
#3116=VERTEX_POINT('',#3117);
#3117=CARTESIAN_POINT('',(-0.7,1.7,0.));
#3118=LINE('',#427,#1345);
#3119=ORIENTED_EDGE('',*,*,#1908,.T.);
#3120=ORIENTED_EDGE('',*,*,#1122,.F.);
#3121=ORIENTED_EDGE('',*,*,#3122,.F.);
#3122=EDGE_CURVE('',#3116,#1116,#3123,.T.);
#3123=LINE('',#3117,#34);
#3124=PLANE('',#3125);
#3125=AXIS2_PLACEMENT_3D('',#427,#14,#1346);
#3126=ADVANCED_FACE('',(#3127),#3143,.F.);
#3127=FACE_BOUND('',#3128,.F.);
#3128=EDGE_LOOP('',(#3129,#3137,#3140,#3141));
#3129=ORIENTED_EDGE('',*,*,#3130,.F.);
#3130=EDGE_CURVE('',#3131,#3133,#3134,.T.);
#3131=VERTEX_POINT('',#3132);
#3132=CARTESIAN_POINT('',(2.7,-1.5,0.));
#3133=VERTEX_POINT('',#1718);
#3134=LINE('',#3132,#3135);
#3135=VECTOR('',#3136,1.);
#3136=DIRECTION('',(1.,-1.295260195396E-16,0.));
#3137=ORIENTED_EDGE('',*,*,#3138,.T.);
#3138=EDGE_CURVE('',#3131,#798,#3139,.T.);
#3139=LINE('',#3132,#34);
#3140=ORIENTED_EDGE('',*,*,#797,.F.);
#3141=ORIENTED_EDGE('',*,*,#3142,.F.);
#3142=EDGE_CURVE('',#3133,#793,#1717,.T.);
#3143=PLANE('',#3144);
#3144=AXIS2_PLACEMENT_3D('',#3132,#3145,#3136);
#3145=DIRECTION('',(1.295260195396E-16,1.,0.));
#3146=ADVANCED_FACE('',(#3147),#3161,.T.);
#3147=FACE_BOUND('',#3148,.F.);
#3148=EDGE_LOOP('',(#3149,#3156,#3157,#3158));
#3149=ORIENTED_EDGE('',*,*,#3150,.F.);
#3150=EDGE_CURVE('',#3116,#3151,#3153,.T.);
#3151=VERTEX_POINT('',#3152);
#3152=CARTESIAN_POINT('',(-0.5,1.7,0.));
#3153=CIRCLE('',#3154,0.1);
#3154=AXIS2_PLACEMENT_3D('',#3155,#13,#2805);
#3155=CARTESIAN_POINT('',(-0.6,1.7,0.));
#3156=ORIENTED_EDGE('',*,*,#3122,.T.);
#3157=ORIENTED_EDGE('',*,*,#1115,.F.);
#3158=ORIENTED_EDGE('',*,*,#3159,.F.);
#3159=EDGE_CURVE('',#3151,#1110,#3160,.T.);
#3160=LINE('',#3152,#34);
#3161=CYLINDRICAL_SURFACE('',#3162,0.1);
#3162=AXIS2_PLACEMENT_3D('',#3155,#2813,#2805);
#3163=ADVANCED_FACE('',(#3164),#3179,.T.);
#3164=FACE_BOUND('',#3165,.F.);
#3165=EDGE_LOOP('',(#3166,#3174,#3177,#3178));
#3166=ORIENTED_EDGE('',*,*,#3167,.F.);
#3167=EDGE_CURVE('',#3168,#3131,#3170,.T.);
#3168=VERTEX_POINT('',#3169);
#3169=CARTESIAN_POINT('',(2.7,-1.3,0.));
#3170=CIRCLE('',#3171,0.1);
#3171=AXIS2_PLACEMENT_3D('',#3172,#3173,#811);
#3172=CARTESIAN_POINT('',(2.7,-1.4,0.));
#3173=DIRECTION('',(0.,-0.,1.));
#3174=ORIENTED_EDGE('',*,*,#3175,.T.);
#3175=EDGE_CURVE('',#3168,#806,#3176,.T.);
#3176=LINE('',#3169,#34);
#3177=ORIENTED_EDGE('',*,*,#805,.F.);
#3178=ORIENTED_EDGE('',*,*,#3138,.F.);
#3179=CYLINDRICAL_SURFACE('',#3180,0.1);
#3180=AXIS2_PLACEMENT_3D('',#3172,#536,#811);
#3181=ADVANCED_FACE('',(#3182),#3190,.F.);
#3182=FACE_BOUND('',#3183,.F.);
#3183=EDGE_LOOP('',(#3184,#3187,#3188,#3189));
#3184=ORIENTED_EDGE('',*,*,#3185,.F.);
#3185=EDGE_CURVE('',#3151,#1906,#3186,.T.);
#3186=LINE('',#3152,#2833);
#3187=ORIENTED_EDGE('',*,*,#3159,.T.);
#3188=ORIENTED_EDGE('',*,*,#1109,.F.);
#3189=ORIENTED_EDGE('',*,*,#1905,.F.);
#3190=PLANE('',#3191);
#3191=AXIS2_PLACEMENT_3D('',#3152,#2840,#2834);
#3192=ADVANCED_FACE('',(#3193),#3205,.F.);
#3193=FACE_BOUND('',#3194,.F.);
#3194=EDGE_LOOP('',(#3195,#3201,#3203,#3204));
#3195=ORIENTED_EDGE('',*,*,#3196,.F.);
#3196=EDGE_CURVE('',#3197,#3168,#3198,.T.);
#3197=VERTEX_POINT('',#1729);
#3198=LINE('',#1729,#3199);
#3199=VECTOR('',#3200,1.);
#3200=DIRECTION('',(-1.,2.22044604925E-16,0.));
#3201=ORIENTED_EDGE('',*,*,#3202,.T.);
#3202=EDGE_CURVE('',#3197,#814,#1728,.T.);
#3203=ORIENTED_EDGE('',*,*,#813,.F.);
#3204=ORIENTED_EDGE('',*,*,#3175,.F.);
#3205=PLANE('',#3206);
#3206=AXIS2_PLACEMENT_3D('',#1729,#3207,#3200);
#3207=DIRECTION('',(-2.22044604925E-16,-1.,0.));
#3208=ADVANCED_FACE('',(#3209),#3221,.F.);
#3209=FACE_BOUND('',#3210,.F.);
#3210=EDGE_LOOP('',(#3211,#3216,#3217,#3218));
#3211=ORIENTED_EDGE('',*,*,#3212,.F.);
#3212=EDGE_CURVE('',#1923,#3213,#3215,.T.);
#3213=VERTEX_POINT('',#3214);
#3214=CARTESIAN_POINT('',(-0.3,1.7,0.));
#3215=LINE('',#406,#1345);
#3216=ORIENTED_EDGE('',*,*,#1922,.T.);
#3217=ORIENTED_EDGE('',*,*,#1105,.F.);
#3218=ORIENTED_EDGE('',*,*,#3219,.F.);
#3219=EDGE_CURVE('',#3213,#1099,#3220,.T.);
#3220=LINE('',#3214,#34);
#3221=PLANE('',#3222);
#3222=AXIS2_PLACEMENT_3D('',#406,#14,#1346);
#3223=ADVANCED_FACE('',(#3224),#3238,.F.);
#3224=FACE_BOUND('',#3225,.F.);
#3225=EDGE_LOOP('',(#3226,#3232,#3235,#3236));
#3226=ORIENTED_EDGE('',*,*,#3227,.F.);
#3227=EDGE_CURVE('',#3228,#3230,#3231,.T.);
#3228=VERTEX_POINT('',#3229);
#3229=CARTESIAN_POINT('',(2.7,-1.1,0.));
#3230=VERTEX_POINT('',#1735);
#3231=LINE('',#3229,#3135);
#3232=ORIENTED_EDGE('',*,*,#3233,.T.);
#3233=EDGE_CURVE('',#3228,#826,#3234,.T.);
#3234=LINE('',#3229,#34);
#3235=ORIENTED_EDGE('',*,*,#825,.F.);
#3236=ORIENTED_EDGE('',*,*,#3237,.F.);
#3237=EDGE_CURVE('',#3230,#822,#1734,.T.);
#3238=PLANE('',#3239);
#3239=AXIS2_PLACEMENT_3D('',#3229,#3145,#3136);
#3240=ADVANCED_FACE('',(#3241),#3255,.T.);
#3241=FACE_BOUND('',#3242,.F.);
#3242=EDGE_LOOP('',(#3243,#3250,#3251,#3252));
#3243=ORIENTED_EDGE('',*,*,#3244,.F.);
#3244=EDGE_CURVE('',#3213,#3245,#3247,.T.);
#3245=VERTEX_POINT('',#3246);
#3246=CARTESIAN_POINT('',(-0.1,1.7,0.));
#3247=CIRCLE('',#3248,0.1);
#3248=AXIS2_PLACEMENT_3D('',#3249,#13,#2805);
#3249=CARTESIAN_POINT('',(-0.2,1.7,0.));
#3250=ORIENTED_EDGE('',*,*,#3219,.T.);
#3251=ORIENTED_EDGE('',*,*,#1098,.F.);
#3252=ORIENTED_EDGE('',*,*,#3253,.F.);
#3253=EDGE_CURVE('',#3245,#1093,#3254,.T.);
#3254=LINE('',#3246,#34);
#3255=CYLINDRICAL_SURFACE('',#3256,0.1);
#3256=AXIS2_PLACEMENT_3D('',#3249,#2813,#2805);
#3257=ADVANCED_FACE('',(#3258),#3272,.T.);
#3258=FACE_BOUND('',#3259,.F.);
#3259=EDGE_LOOP('',(#3260,#3267,#3270,#3271));
#3260=ORIENTED_EDGE('',*,*,#3261,.F.);
#3261=EDGE_CURVE('',#3262,#3228,#3264,.T.);
#3262=VERTEX_POINT('',#3263);
#3263=CARTESIAN_POINT('',(2.7,-0.9,0.));
#3264=CIRCLE('',#3265,0.1);
#3265=AXIS2_PLACEMENT_3D('',#3266,#3173,#811);
#3266=CARTESIAN_POINT('',(2.7,-1.,0.));
#3267=ORIENTED_EDGE('',*,*,#3268,.T.);
#3268=EDGE_CURVE('',#3262,#832,#3269,.T.);
#3269=LINE('',#3263,#34);
#3270=ORIENTED_EDGE('',*,*,#831,.F.);
#3271=ORIENTED_EDGE('',*,*,#3233,.F.);
#3272=CYLINDRICAL_SURFACE('',#3273,0.1);
#3273=AXIS2_PLACEMENT_3D('',#3266,#536,#811);
#3274=ADVANCED_FACE('',(#3275),#3283,.F.);
#3275=FACE_BOUND('',#3276,.F.);
#3276=EDGE_LOOP('',(#3277,#3280,#3281,#3282));
#3277=ORIENTED_EDGE('',*,*,#3278,.F.);
#3278=EDGE_CURVE('',#3245,#1920,#3279,.T.);
#3279=LINE('',#3246,#2833);
#3280=ORIENTED_EDGE('',*,*,#3253,.T.);
#3281=ORIENTED_EDGE('',*,*,#1092,.F.);
#3282=ORIENTED_EDGE('',*,*,#1919,.F.);
#3283=PLANE('',#3284);
#3284=AXIS2_PLACEMENT_3D('',#3246,#2840,#2834);
#3285=ADVANCED_FACE('',(#3286),#3296,.F.);
#3286=FACE_BOUND('',#3287,.F.);
#3287=EDGE_LOOP('',(#3288,#3292,#3294,#3295));
#3288=ORIENTED_EDGE('',*,*,#3289,.F.);
#3289=EDGE_CURVE('',#3290,#3262,#3291,.T.);
#3290=VERTEX_POINT('',#1744);
#3291=LINE('',#1744,#3199);
#3292=ORIENTED_EDGE('',*,*,#3293,.T.);
#3293=EDGE_CURVE('',#3290,#839,#1743,.T.);
#3294=ORIENTED_EDGE('',*,*,#838,.F.);
#3295=ORIENTED_EDGE('',*,*,#3268,.F.);
#3296=PLANE('',#3297);
#3297=AXIS2_PLACEMENT_3D('',#1744,#3207,#3200);
#3298=ADVANCED_FACE('',(#3299),#3311,.F.);
#3299=FACE_BOUND('',#3300,.F.);
#3300=EDGE_LOOP('',(#3301,#3306,#3307,#3308));
#3301=ORIENTED_EDGE('',*,*,#3302,.F.);
#3302=EDGE_CURVE('',#1937,#3303,#3305,.T.);
#3303=VERTEX_POINT('',#3304);
#3304=CARTESIAN_POINT('',(0.1,1.7,0.));
#3305=LINE('',#385,#1345);
#3306=ORIENTED_EDGE('',*,*,#1936,.T.);
#3307=ORIENTED_EDGE('',*,*,#1088,.F.);
#3308=ORIENTED_EDGE('',*,*,#3309,.F.);
#3309=EDGE_CURVE('',#3303,#1082,#3310,.T.);
#3310=LINE('',#3304,#34);
#3311=PLANE('',#3312);
#3312=AXIS2_PLACEMENT_3D('',#385,#14,#1346);
#3313=ADVANCED_FACE('',(#3314),#3328,.F.);
#3314=FACE_BOUND('',#3315,.F.);
#3315=EDGE_LOOP('',(#3316,#3322,#3325,#3326));
#3316=ORIENTED_EDGE('',*,*,#3317,.F.);
#3317=EDGE_CURVE('',#3318,#3320,#3321,.T.);
#3318=VERTEX_POINT('',#3319);
#3319=CARTESIAN_POINT('',(2.7,-0.7,0.));
#3320=VERTEX_POINT('',#1750);
#3321=LINE('',#3319,#3135);
#3322=ORIENTED_EDGE('',*,*,#3323,.T.);
#3323=EDGE_CURVE('',#3318,#849,#3324,.T.);
#3324=LINE('',#3319,#34);
#3325=ORIENTED_EDGE('',*,*,#848,.F.);
#3326=ORIENTED_EDGE('',*,*,#3327,.F.);
#3327=EDGE_CURVE('',#3320,#845,#1749,.T.);
#3328=PLANE('',#3329);
#3329=AXIS2_PLACEMENT_3D('',#3319,#3145,#3136);
#3330=ADVANCED_FACE('',(#3331),#3345,.T.);
#3331=FACE_BOUND('',#3332,.F.);
#3332=EDGE_LOOP('',(#3333,#3340,#3341,#3342));
#3333=ORIENTED_EDGE('',*,*,#3334,.F.);
#3334=EDGE_CURVE('',#3303,#3335,#3337,.T.);
#3335=VERTEX_POINT('',#3336);
#3336=CARTESIAN_POINT('',(0.3,1.7,0.));
#3337=CIRCLE('',#3338,0.1);
#3338=AXIS2_PLACEMENT_3D('',#3339,#13,#2805);
#3339=CARTESIAN_POINT('',(0.2,1.7,0.));
#3340=ORIENTED_EDGE('',*,*,#3309,.T.);
#3341=ORIENTED_EDGE('',*,*,#1081,.F.);
#3342=ORIENTED_EDGE('',*,*,#3343,.F.);
#3343=EDGE_CURVE('',#3335,#1076,#3344,.T.);
#3344=LINE('',#3336,#34);
#3345=CYLINDRICAL_SURFACE('',#3346,0.1);
#3346=AXIS2_PLACEMENT_3D('',#3339,#2813,#2805);
#3347=ADVANCED_FACE('',(#3348),#3362,.T.);
#3348=FACE_BOUND('',#3349,.F.);
#3349=EDGE_LOOP('',(#3350,#3357,#3360,#3361));
#3350=ORIENTED_EDGE('',*,*,#3351,.F.);
#3351=EDGE_CURVE('',#3352,#3318,#3354,.T.);
#3352=VERTEX_POINT('',#3353);
#3353=CARTESIAN_POINT('',(2.7,-0.5,0.));
#3354=CIRCLE('',#3355,0.1);
#3355=AXIS2_PLACEMENT_3D('',#3356,#3173,#811);
#3356=CARTESIAN_POINT('',(2.7,-0.6,0.));
#3357=ORIENTED_EDGE('',*,*,#3358,.T.);
#3358=EDGE_CURVE('',#3352,#855,#3359,.T.);
#3359=LINE('',#3353,#34);
#3360=ORIENTED_EDGE('',*,*,#854,.F.);
#3361=ORIENTED_EDGE('',*,*,#3323,.F.);
#3362=CYLINDRICAL_SURFACE('',#3363,0.1);
#3363=AXIS2_PLACEMENT_3D('',#3356,#536,#811);
#3364=ADVANCED_FACE('',(#3365),#3373,.F.);
#3365=FACE_BOUND('',#3366,.F.);
#3366=EDGE_LOOP('',(#3367,#3370,#3371,#3372));
#3367=ORIENTED_EDGE('',*,*,#3368,.F.);
#3368=EDGE_CURVE('',#3335,#1934,#3369,.T.);
#3369=LINE('',#3336,#2833);
#3370=ORIENTED_EDGE('',*,*,#3343,.T.);
#3371=ORIENTED_EDGE('',*,*,#1075,.F.);
#3372=ORIENTED_EDGE('',*,*,#1933,.F.);
#3373=PLANE('',#3374);
#3374=AXIS2_PLACEMENT_3D('',#3336,#2840,#2834);
#3375=ADVANCED_FACE('',(#3376),#3386,.F.);
#3376=FACE_BOUND('',#3377,.F.);
#3377=EDGE_LOOP('',(#3378,#3382,#3384,#3385));
#3378=ORIENTED_EDGE('',*,*,#3379,.F.);
#3379=EDGE_CURVE('',#3380,#3352,#3381,.T.);
#3380=VERTEX_POINT('',#1759);
#3381=LINE('',#1759,#3199);
#3382=ORIENTED_EDGE('',*,*,#3383,.T.);
#3383=EDGE_CURVE('',#3380,#862,#1758,.T.);
#3384=ORIENTED_EDGE('',*,*,#861,.F.);
#3385=ORIENTED_EDGE('',*,*,#3358,.F.);
#3386=PLANE('',#3387);
#3387=AXIS2_PLACEMENT_3D('',#1759,#3207,#3200);
#3388=ADVANCED_FACE('',(#3389),#3401,.F.);
#3389=FACE_BOUND('',#3390,.F.);
#3390=EDGE_LOOP('',(#3391,#3396,#3397,#3398));
#3391=ORIENTED_EDGE('',*,*,#3392,.F.);
#3392=EDGE_CURVE('',#1951,#3393,#3395,.T.);
#3393=VERTEX_POINT('',#3394);
#3394=CARTESIAN_POINT('',(0.5,1.7,0.));
#3395=LINE('',#364,#1345);
#3396=ORIENTED_EDGE('',*,*,#1950,.T.);
#3397=ORIENTED_EDGE('',*,*,#1071,.F.);
#3398=ORIENTED_EDGE('',*,*,#3399,.F.);
#3399=EDGE_CURVE('',#3393,#1065,#3400,.T.);
#3400=LINE('',#3394,#34);
#3401=PLANE('',#3402);
#3402=AXIS2_PLACEMENT_3D('',#364,#14,#1346);
#3403=ADVANCED_FACE('',(#3404),#3418,.F.);
#3404=FACE_BOUND('',#3405,.F.);
#3405=EDGE_LOOP('',(#3406,#3412,#3415,#3416));
#3406=ORIENTED_EDGE('',*,*,#3407,.F.);
#3407=EDGE_CURVE('',#3408,#3410,#3411,.T.);
#3408=VERTEX_POINT('',#3409);
#3409=CARTESIAN_POINT('',(2.7,-0.3,0.));
#3410=VERTEX_POINT('',#1765);
#3411=LINE('',#3409,#3135);
#3412=ORIENTED_EDGE('',*,*,#3413,.T.);
#3413=EDGE_CURVE('',#3408,#872,#3414,.T.);
#3414=LINE('',#3409,#34);
#3415=ORIENTED_EDGE('',*,*,#871,.F.);
#3416=ORIENTED_EDGE('',*,*,#3417,.F.);
#3417=EDGE_CURVE('',#3410,#868,#1764,.T.);
#3418=PLANE('',#3419);
#3419=AXIS2_PLACEMENT_3D('',#3409,#3145,#3136);
#3420=ADVANCED_FACE('',(#3421),#3435,.T.);
#3421=FACE_BOUND('',#3422,.F.);
#3422=EDGE_LOOP('',(#3423,#3430,#3431,#3432));
#3423=ORIENTED_EDGE('',*,*,#3424,.F.);
#3424=EDGE_CURVE('',#3393,#3425,#3427,.T.);
#3425=VERTEX_POINT('',#3426);
#3426=CARTESIAN_POINT('',(0.7,1.7,0.));
#3427=CIRCLE('',#3428,0.1);
#3428=AXIS2_PLACEMENT_3D('',#3429,#13,#2805);
#3429=CARTESIAN_POINT('',(0.6,1.7,0.));
#3430=ORIENTED_EDGE('',*,*,#3399,.T.);
#3431=ORIENTED_EDGE('',*,*,#1064,.F.);
#3432=ORIENTED_EDGE('',*,*,#3433,.F.);
#3433=EDGE_CURVE('',#3425,#1059,#3434,.T.);
#3434=LINE('',#3426,#34);
#3435=CYLINDRICAL_SURFACE('',#3436,0.1);
#3436=AXIS2_PLACEMENT_3D('',#3429,#2813,#2805);
#3437=ADVANCED_FACE('',(#3438),#3452,.T.);
#3438=FACE_BOUND('',#3439,.F.);
#3439=EDGE_LOOP('',(#3440,#3447,#3450,#3451));
#3440=ORIENTED_EDGE('',*,*,#3441,.F.);
#3441=EDGE_CURVE('',#3442,#3408,#3444,.T.);
#3442=VERTEX_POINT('',#3443);
#3443=CARTESIAN_POINT('',(2.7,-1.E-01,0.));
#3444=CIRCLE('',#3445,0.1);
#3445=AXIS2_PLACEMENT_3D('',#3446,#3173,#811);
#3446=CARTESIAN_POINT('',(2.7,-0.2,0.));
#3447=ORIENTED_EDGE('',*,*,#3448,.T.);
#3448=EDGE_CURVE('',#3442,#878,#3449,.T.);
#3449=LINE('',#3443,#34);
#3450=ORIENTED_EDGE('',*,*,#877,.F.);
#3451=ORIENTED_EDGE('',*,*,#3413,.F.);
#3452=CYLINDRICAL_SURFACE('',#3453,0.1);
#3453=AXIS2_PLACEMENT_3D('',#3446,#536,#811);
#3454=ADVANCED_FACE('',(#3455),#3463,.F.);
#3455=FACE_BOUND('',#3456,.F.);
#3456=EDGE_LOOP('',(#3457,#3460,#3461,#3462));
#3457=ORIENTED_EDGE('',*,*,#3458,.F.);
#3458=EDGE_CURVE('',#3425,#1948,#3459,.T.);
#3459=LINE('',#3426,#2833);
#3460=ORIENTED_EDGE('',*,*,#3433,.T.);
#3461=ORIENTED_EDGE('',*,*,#1058,.F.);
#3462=ORIENTED_EDGE('',*,*,#1947,.F.);
#3463=PLANE('',#3464);
#3464=AXIS2_PLACEMENT_3D('',#3426,#2840,#2834);
#3465=ADVANCED_FACE('',(#3466),#3476,.F.);
#3466=FACE_BOUND('',#3467,.F.);
#3467=EDGE_LOOP('',(#3468,#3472,#3474,#3475));
#3468=ORIENTED_EDGE('',*,*,#3469,.F.);
#3469=EDGE_CURVE('',#3470,#3442,#3471,.T.);
#3470=VERTEX_POINT('',#1774);
#3471=LINE('',#1774,#3199);
#3472=ORIENTED_EDGE('',*,*,#3473,.T.);
#3473=EDGE_CURVE('',#3470,#885,#1773,.T.);
#3474=ORIENTED_EDGE('',*,*,#884,.F.);
#3475=ORIENTED_EDGE('',*,*,#3448,.F.);
#3476=PLANE('',#3477);
#3477=AXIS2_PLACEMENT_3D('',#1774,#3207,#3200);
#3478=ADVANCED_FACE('',(#3479),#3491,.F.);
#3479=FACE_BOUND('',#3480,.F.);
#3480=EDGE_LOOP('',(#3481,#3486,#3487,#3488));
#3481=ORIENTED_EDGE('',*,*,#3482,.F.);
#3482=EDGE_CURVE('',#1965,#3483,#3485,.T.);
#3483=VERTEX_POINT('',#3484);
#3484=CARTESIAN_POINT('',(0.9,1.7,0.));
#3485=LINE('',#343,#1345);
#3486=ORIENTED_EDGE('',*,*,#1964,.T.);
#3487=ORIENTED_EDGE('',*,*,#1054,.F.);
#3488=ORIENTED_EDGE('',*,*,#3489,.F.);
#3489=EDGE_CURVE('',#3483,#1048,#3490,.T.);
#3490=LINE('',#3484,#34);
#3491=PLANE('',#3492);
#3492=AXIS2_PLACEMENT_3D('',#343,#14,#1346);
#3493=ADVANCED_FACE('',(#3494),#3508,.F.);
#3494=FACE_BOUND('',#3495,.F.);
#3495=EDGE_LOOP('',(#3496,#3502,#3505,#3506));
#3496=ORIENTED_EDGE('',*,*,#3497,.F.);
#3497=EDGE_CURVE('',#3498,#3500,#3501,.T.);
#3498=VERTEX_POINT('',#3499);
#3499=CARTESIAN_POINT('',(2.7,1.E-01,0.));
#3500=VERTEX_POINT('',#1780);
#3501=LINE('',#3499,#3135);
#3502=ORIENTED_EDGE('',*,*,#3503,.T.);
#3503=EDGE_CURVE('',#3498,#895,#3504,.T.);
#3504=LINE('',#3499,#34);
#3505=ORIENTED_EDGE('',*,*,#894,.F.);
#3506=ORIENTED_EDGE('',*,*,#3507,.F.);
#3507=EDGE_CURVE('',#3500,#891,#1779,.T.);
#3508=PLANE('',#3509);
#3509=AXIS2_PLACEMENT_3D('',#3499,#3145,#3136);
#3510=ADVANCED_FACE('',(#3511),#3525,.T.);
#3511=FACE_BOUND('',#3512,.F.);
#3512=EDGE_LOOP('',(#3513,#3520,#3521,#3522));
#3513=ORIENTED_EDGE('',*,*,#3514,.F.);
#3514=EDGE_CURVE('',#3483,#3515,#3517,.T.);
#3515=VERTEX_POINT('',#3516);
#3516=CARTESIAN_POINT('',(1.1,1.7,0.));
#3517=CIRCLE('',#3518,0.1);
#3518=AXIS2_PLACEMENT_3D('',#3519,#13,#2805);
#3519=CARTESIAN_POINT('',(1.,1.7,0.));
#3520=ORIENTED_EDGE('',*,*,#3489,.T.);
#3521=ORIENTED_EDGE('',*,*,#1047,.F.);
#3522=ORIENTED_EDGE('',*,*,#3523,.F.);
#3523=EDGE_CURVE('',#3515,#1042,#3524,.T.);
#3524=LINE('',#3516,#34);
#3525=CYLINDRICAL_SURFACE('',#3526,0.1);
#3526=AXIS2_PLACEMENT_3D('',#3519,#2813,#2805);
#3527=ADVANCED_FACE('',(#3528),#3542,.T.);
#3528=FACE_BOUND('',#3529,.F.);
#3529=EDGE_LOOP('',(#3530,#3537,#3540,#3541));
#3530=ORIENTED_EDGE('',*,*,#3531,.F.);
#3531=EDGE_CURVE('',#3532,#3498,#3534,.T.);
#3532=VERTEX_POINT('',#3533);
#3533=CARTESIAN_POINT('',(2.7,0.3,0.));
#3534=CIRCLE('',#3535,0.1);
#3535=AXIS2_PLACEMENT_3D('',#3536,#3173,#811);
#3536=CARTESIAN_POINT('',(2.7,0.2,0.));
#3537=ORIENTED_EDGE('',*,*,#3538,.T.);
#3538=EDGE_CURVE('',#3532,#901,#3539,.T.);
#3539=LINE('',#3533,#34);
#3540=ORIENTED_EDGE('',*,*,#900,.F.);
#3541=ORIENTED_EDGE('',*,*,#3503,.F.);
#3542=CYLINDRICAL_SURFACE('',#3543,0.1);
#3543=AXIS2_PLACEMENT_3D('',#3536,#536,#811);
#3544=ADVANCED_FACE('',(#3545),#3553,.F.);
#3545=FACE_BOUND('',#3546,.F.);
#3546=EDGE_LOOP('',(#3547,#3550,#3551,#3552));
#3547=ORIENTED_EDGE('',*,*,#3548,.F.);
#3548=EDGE_CURVE('',#3515,#1962,#3549,.T.);
#3549=LINE('',#3516,#2833);
#3550=ORIENTED_EDGE('',*,*,#3523,.T.);
#3551=ORIENTED_EDGE('',*,*,#1041,.F.);
#3552=ORIENTED_EDGE('',*,*,#1961,.F.);
#3553=PLANE('',#3554);
#3554=AXIS2_PLACEMENT_3D('',#3516,#2840,#2834);
#3555=ADVANCED_FACE('',(#3556),#3566,.F.);
#3556=FACE_BOUND('',#3557,.F.);
#3557=EDGE_LOOP('',(#3558,#3562,#3564,#3565));
#3558=ORIENTED_EDGE('',*,*,#3559,.F.);
#3559=EDGE_CURVE('',#3560,#3532,#3561,.T.);
#3560=VERTEX_POINT('',#1789);
#3561=LINE('',#1789,#3199);
#3562=ORIENTED_EDGE('',*,*,#3563,.T.);
#3563=EDGE_CURVE('',#3560,#908,#1788,.T.);
#3564=ORIENTED_EDGE('',*,*,#907,.F.);
#3565=ORIENTED_EDGE('',*,*,#3538,.F.);
#3566=PLANE('',#3567);
#3567=AXIS2_PLACEMENT_3D('',#1789,#3207,#3200);
#3568=ADVANCED_FACE('',(#3569),#3581,.F.);
#3569=FACE_BOUND('',#3570,.F.);
#3570=EDGE_LOOP('',(#3571,#3576,#3577,#3578));
#3571=ORIENTED_EDGE('',*,*,#3572,.F.);
#3572=EDGE_CURVE('',#1979,#3573,#3575,.T.);
#3573=VERTEX_POINT('',#3574);
#3574=CARTESIAN_POINT('',(1.3,1.7,0.));
#3575=LINE('',#322,#1345);
#3576=ORIENTED_EDGE('',*,*,#1978,.T.);
#3577=ORIENTED_EDGE('',*,*,#1037,.F.);
#3578=ORIENTED_EDGE('',*,*,#3579,.F.);
#3579=EDGE_CURVE('',#3573,#1031,#3580,.T.);
#3580=LINE('',#3574,#34);
#3581=PLANE('',#3582);
#3582=AXIS2_PLACEMENT_3D('',#322,#14,#1346);
#3583=ADVANCED_FACE('',(#3584),#3598,.F.);
#3584=FACE_BOUND('',#3585,.F.);
#3585=EDGE_LOOP('',(#3586,#3592,#3595,#3596));
#3586=ORIENTED_EDGE('',*,*,#3587,.F.);
#3587=EDGE_CURVE('',#3588,#3590,#3591,.T.);
#3588=VERTEX_POINT('',#3589);
#3589=CARTESIAN_POINT('',(2.7,0.5,0.));
#3590=VERTEX_POINT('',#1795);
#3591=LINE('',#3589,#3135);
#3592=ORIENTED_EDGE('',*,*,#3593,.T.);
#3593=EDGE_CURVE('',#3588,#918,#3594,.T.);
#3594=LINE('',#3589,#34);
#3595=ORIENTED_EDGE('',*,*,#917,.F.);
#3596=ORIENTED_EDGE('',*,*,#3597,.F.);
#3597=EDGE_CURVE('',#3590,#914,#1794,.T.);
#3598=PLANE('',#3599);
#3599=AXIS2_PLACEMENT_3D('',#3589,#3145,#3136);
#3600=ADVANCED_FACE('',(#3601),#3615,.T.);
#3601=FACE_BOUND('',#3602,.F.);
#3602=EDGE_LOOP('',(#3603,#3610,#3611,#3612));
#3603=ORIENTED_EDGE('',*,*,#3604,.F.);
#3604=EDGE_CURVE('',#3573,#3605,#3607,.T.);
#3605=VERTEX_POINT('',#3606);
#3606=CARTESIAN_POINT('',(1.5,1.7,0.));
#3607=CIRCLE('',#3608,0.1);
#3608=AXIS2_PLACEMENT_3D('',#3609,#13,#2805);
#3609=CARTESIAN_POINT('',(1.4,1.7,0.));
#3610=ORIENTED_EDGE('',*,*,#3579,.T.);
#3611=ORIENTED_EDGE('',*,*,#1030,.F.);
#3612=ORIENTED_EDGE('',*,*,#3613,.F.);
#3613=EDGE_CURVE('',#3605,#1025,#3614,.T.);
#3614=LINE('',#3606,#34);
#3615=CYLINDRICAL_SURFACE('',#3616,0.1);
#3616=AXIS2_PLACEMENT_3D('',#3609,#2813,#2805);
#3617=ADVANCED_FACE('',(#3618),#3632,.T.);
#3618=FACE_BOUND('',#3619,.F.);
#3619=EDGE_LOOP('',(#3620,#3627,#3630,#3631));
#3620=ORIENTED_EDGE('',*,*,#3621,.F.);
#3621=EDGE_CURVE('',#3622,#3588,#3624,.T.);
#3622=VERTEX_POINT('',#3623);
#3623=CARTESIAN_POINT('',(2.7,0.7,0.));
#3624=CIRCLE('',#3625,0.1);
#3625=AXIS2_PLACEMENT_3D('',#3626,#3173,#811);
#3626=CARTESIAN_POINT('',(2.7,0.6,0.));
#3627=ORIENTED_EDGE('',*,*,#3628,.T.);
#3628=EDGE_CURVE('',#3622,#924,#3629,.T.);
#3629=LINE('',#3623,#34);
#3630=ORIENTED_EDGE('',*,*,#923,.F.);
#3631=ORIENTED_EDGE('',*,*,#3593,.F.);
#3632=CYLINDRICAL_SURFACE('',#3633,0.1);
#3633=AXIS2_PLACEMENT_3D('',#3626,#536,#811);
#3634=ADVANCED_FACE('',(#3635),#3643,.F.);
#3635=FACE_BOUND('',#3636,.F.);
#3636=EDGE_LOOP('',(#3637,#3640,#3641,#3642));
#3637=ORIENTED_EDGE('',*,*,#3638,.F.);
#3638=EDGE_CURVE('',#3605,#1976,#3639,.T.);
#3639=LINE('',#3606,#2833);
#3640=ORIENTED_EDGE('',*,*,#3613,.T.);
#3641=ORIENTED_EDGE('',*,*,#1024,.F.);
#3642=ORIENTED_EDGE('',*,*,#1975,.F.);
#3643=PLANE('',#3644);
#3644=AXIS2_PLACEMENT_3D('',#3606,#2840,#2834);
#3645=ADVANCED_FACE('',(#3646),#3656,.F.);
#3646=FACE_BOUND('',#3647,.F.);
#3647=EDGE_LOOP('',(#3648,#3652,#3654,#3655));
#3648=ORIENTED_EDGE('',*,*,#3649,.F.);
#3649=EDGE_CURVE('',#3650,#3622,#3651,.T.);
#3650=VERTEX_POINT('',#1804);
#3651=LINE('',#1804,#3199);
#3652=ORIENTED_EDGE('',*,*,#3653,.T.);
#3653=EDGE_CURVE('',#3650,#931,#1803,.T.);
#3654=ORIENTED_EDGE('',*,*,#930,.F.);
#3655=ORIENTED_EDGE('',*,*,#3628,.F.);
#3656=PLANE('',#3657);
#3657=AXIS2_PLACEMENT_3D('',#1804,#3207,#3200);
#3658=ADVANCED_FACE('',(#3659),#3671,.F.);
#3659=FACE_BOUND('',#3660,.F.);
#3660=EDGE_LOOP('',(#3661,#3666,#3667,#3668));
#3661=ORIENTED_EDGE('',*,*,#3662,.F.);
#3662=EDGE_CURVE('',#1993,#3663,#3665,.T.);
#3663=VERTEX_POINT('',#3664);
#3664=CARTESIAN_POINT('',(1.7,1.7,0.));
#3665=LINE('',#301,#1345);
#3666=ORIENTED_EDGE('',*,*,#1992,.T.);
#3667=ORIENTED_EDGE('',*,*,#1020,.F.);
#3668=ORIENTED_EDGE('',*,*,#3669,.F.);
#3669=EDGE_CURVE('',#3663,#1014,#3670,.T.);
#3670=LINE('',#3664,#34);
#3671=PLANE('',#3672);
#3672=AXIS2_PLACEMENT_3D('',#301,#14,#1346);
#3673=ADVANCED_FACE('',(#3674),#3688,.F.);
#3674=FACE_BOUND('',#3675,.F.);
#3675=EDGE_LOOP('',(#3676,#3682,#3685,#3686));
#3676=ORIENTED_EDGE('',*,*,#3677,.F.);
#3677=EDGE_CURVE('',#3678,#3680,#3681,.T.);
#3678=VERTEX_POINT('',#3679);
#3679=CARTESIAN_POINT('',(2.7,0.9,0.));
#3680=VERTEX_POINT('',#1810);
#3681=LINE('',#3679,#3135);
#3682=ORIENTED_EDGE('',*,*,#3683,.T.);
#3683=EDGE_CURVE('',#3678,#941,#3684,.T.);
#3684=LINE('',#3679,#34);
#3685=ORIENTED_EDGE('',*,*,#940,.F.);
#3686=ORIENTED_EDGE('',*,*,#3687,.F.);
#3687=EDGE_CURVE('',#3680,#937,#1809,.T.);
#3688=PLANE('',#3689);
#3689=AXIS2_PLACEMENT_3D('',#3679,#3145,#3136);
#3690=ADVANCED_FACE('',(#3691),#3705,.T.);
#3691=FACE_BOUND('',#3692,.F.);
#3692=EDGE_LOOP('',(#3693,#3700,#3701,#3702));
#3693=ORIENTED_EDGE('',*,*,#3694,.F.);
#3694=EDGE_CURVE('',#3663,#3695,#3697,.T.);
#3695=VERTEX_POINT('',#3696);
#3696=CARTESIAN_POINT('',(1.9,1.7,0.));
#3697=CIRCLE('',#3698,0.1);
#3698=AXIS2_PLACEMENT_3D('',#3699,#13,#2805);
#3699=CARTESIAN_POINT('',(1.8,1.7,0.));
#3700=ORIENTED_EDGE('',*,*,#3669,.T.);
#3701=ORIENTED_EDGE('',*,*,#1013,.F.);
#3702=ORIENTED_EDGE('',*,*,#3703,.F.);
#3703=EDGE_CURVE('',#3695,#1008,#3704,.T.);
#3704=LINE('',#3696,#34);
#3705=CYLINDRICAL_SURFACE('',#3706,0.1);
#3706=AXIS2_PLACEMENT_3D('',#3699,#2813,#2805);
#3707=ADVANCED_FACE('',(#3708),#3722,.T.);
#3708=FACE_BOUND('',#3709,.F.);
#3709=EDGE_LOOP('',(#3710,#3717,#3720,#3721));
#3710=ORIENTED_EDGE('',*,*,#3711,.F.);
#3711=EDGE_CURVE('',#3712,#3678,#3714,.T.);
#3712=VERTEX_POINT('',#3713);
#3713=CARTESIAN_POINT('',(2.7,1.1,0.));
#3714=CIRCLE('',#3715,0.1);
#3715=AXIS2_PLACEMENT_3D('',#3716,#3173,#811);
#3716=CARTESIAN_POINT('',(2.7,1.,0.));
#3717=ORIENTED_EDGE('',*,*,#3718,.T.);
#3718=EDGE_CURVE('',#3712,#947,#3719,.T.);
#3719=LINE('',#3713,#34);
#3720=ORIENTED_EDGE('',*,*,#946,.F.);
#3721=ORIENTED_EDGE('',*,*,#3683,.F.);
#3722=CYLINDRICAL_SURFACE('',#3723,0.1);
#3723=AXIS2_PLACEMENT_3D('',#3716,#536,#811);
#3724=ADVANCED_FACE('',(#3725),#3733,.F.);
#3725=FACE_BOUND('',#3726,.F.);
#3726=EDGE_LOOP('',(#3727,#3730,#3731,#3732));
#3727=ORIENTED_EDGE('',*,*,#3728,.F.);
#3728=EDGE_CURVE('',#3695,#1990,#3729,.T.);
#3729=LINE('',#3696,#2833);
#3730=ORIENTED_EDGE('',*,*,#3703,.T.);
#3731=ORIENTED_EDGE('',*,*,#1007,.F.);
#3732=ORIENTED_EDGE('',*,*,#1989,.F.);
#3733=PLANE('',#3734);
#3734=AXIS2_PLACEMENT_3D('',#3696,#2840,#2834);
#3735=ADVANCED_FACE('',(#3736),#3746,.F.);
#3736=FACE_BOUND('',#3737,.F.);
#3737=EDGE_LOOP('',(#3738,#3742,#3744,#3745));
#3738=ORIENTED_EDGE('',*,*,#3739,.F.);
#3739=EDGE_CURVE('',#3740,#3712,#3741,.T.);
#3740=VERTEX_POINT('',#1819);
#3741=LINE('',#1819,#3199);
#3742=ORIENTED_EDGE('',*,*,#3743,.T.);
#3743=EDGE_CURVE('',#3740,#954,#1818,.T.);
#3744=ORIENTED_EDGE('',*,*,#953,.F.);
#3745=ORIENTED_EDGE('',*,*,#3718,.F.);
#3746=PLANE('',#3747);
#3747=AXIS2_PLACEMENT_3D('',#1819,#3207,#3200);
#3748=ADVANCED_FACE('',(#3749),#3761,.F.);
#3749=FACE_BOUND('',#3750,.F.);
#3750=EDGE_LOOP('',(#3751,#3756,#3757,#3758));
#3751=ORIENTED_EDGE('',*,*,#3752,.F.);
#3752=EDGE_CURVE('',#2007,#3753,#3755,.T.);
#3753=VERTEX_POINT('',#3754);
#3754=CARTESIAN_POINT('',(2.1,1.7,0.));
#3755=LINE('',#280,#1345);
#3756=ORIENTED_EDGE('',*,*,#2006,.T.);
#3757=ORIENTED_EDGE('',*,*,#1001,.F.);
#3758=ORIENTED_EDGE('',*,*,#3759,.F.);
#3759=EDGE_CURVE('',#3753,#993,#3760,.T.);
#3760=LINE('',#3754,#34);
#3761=PLANE('',#3762);
#3762=AXIS2_PLACEMENT_3D('',#280,#14,#1346);
#3763=ADVANCED_FACE('',(#3764),#3778,.F.);
#3764=FACE_BOUND('',#3765,.F.);
#3765=EDGE_LOOP('',(#3766,#3772,#3775,#3776));
#3766=ORIENTED_EDGE('',*,*,#3767,.F.);
#3767=EDGE_CURVE('',#3768,#3770,#3771,.T.);
#3768=VERTEX_POINT('',#3769);
#3769=CARTESIAN_POINT('',(2.7,1.3,0.));
#3770=VERTEX_POINT('',#1825);
#3771=LINE('',#3769,#3135);
#3772=ORIENTED_EDGE('',*,*,#3773,.T.);
#3773=EDGE_CURVE('',#3768,#964,#3774,.T.);
#3774=LINE('',#3769,#34);
#3775=ORIENTED_EDGE('',*,*,#963,.F.);
#3776=ORIENTED_EDGE('',*,*,#3777,.F.);
#3777=EDGE_CURVE('',#3770,#960,#1824,.T.);
#3778=PLANE('',#3779);
#3779=AXIS2_PLACEMENT_3D('',#3769,#3145,#3136);
#3780=ADVANCED_FACE('',(#3781),#3795,.T.);
#3781=FACE_BOUND('',#3782,.F.);
#3782=EDGE_LOOP('',(#3783,#3790,#3791,#3792));
#3783=ORIENTED_EDGE('',*,*,#3784,.F.);
#3784=EDGE_CURVE('',#3753,#3785,#3787,.T.);
#3785=VERTEX_POINT('',#3786);
#3786=CARTESIAN_POINT('',(2.3,1.7,0.));
#3787=CIRCLE('',#3788,0.1);
#3788=AXIS2_PLACEMENT_3D('',#3789,#13,#2805);
#3789=CARTESIAN_POINT('',(2.2,1.7,0.));
#3790=ORIENTED_EDGE('',*,*,#3759,.T.);
#3791=ORIENTED_EDGE('',*,*,#992,.F.);
#3792=ORIENTED_EDGE('',*,*,#3793,.F.);
#3793=EDGE_CURVE('',#3785,#985,#3794,.T.);
#3794=LINE('',#3786,#34);
#3795=CYLINDRICAL_SURFACE('',#3796,0.1);
#3796=AXIS2_PLACEMENT_3D('',#3789,#2813,#2805);
#3797=ADVANCED_FACE('',(#3798),#3812,.T.);
#3798=FACE_BOUND('',#3799,.F.);
#3799=EDGE_LOOP('',(#3800,#3807,#3810,#3811));
#3800=ORIENTED_EDGE('',*,*,#3801,.F.);
#3801=EDGE_CURVE('',#3802,#3768,#3804,.T.);
#3802=VERTEX_POINT('',#3803);
#3803=CARTESIAN_POINT('',(2.7,1.5,0.));
#3804=CIRCLE('',#3805,0.1);
#3805=AXIS2_PLACEMENT_3D('',#3806,#3173,#811);
#3806=CARTESIAN_POINT('',(2.7,1.4,0.));
#3807=ORIENTED_EDGE('',*,*,#3808,.T.);
#3808=EDGE_CURVE('',#3802,#970,#3809,.T.);
#3809=LINE('',#3803,#34);
#3810=ORIENTED_EDGE('',*,*,#969,.F.);
#3811=ORIENTED_EDGE('',*,*,#3773,.F.);
#3812=CYLINDRICAL_SURFACE('',#3813,0.1);
#3813=AXIS2_PLACEMENT_3D('',#3806,#536,#811);
#3814=ADVANCED_FACE('',(#3815),#3823,.F.);
#3815=FACE_BOUND('',#3816,.F.);
#3816=EDGE_LOOP('',(#3817,#3820,#3821,#3822));
#3817=ORIENTED_EDGE('',*,*,#3818,.F.);
#3818=EDGE_CURVE('',#3785,#2004,#3819,.T.);
#3819=LINE('',#3786,#2833);
#3820=ORIENTED_EDGE('',*,*,#3793,.T.);
#3821=ORIENTED_EDGE('',*,*,#984,.F.);
#3822=ORIENTED_EDGE('',*,*,#2003,.F.);
#3823=PLANE('',#3824);
#3824=AXIS2_PLACEMENT_3D('',#3786,#2840,#2834);
#3825=ADVANCED_FACE('',(#3826),#3836,.F.);
#3826=FACE_BOUND('',#3827,.F.);
#3827=EDGE_LOOP('',(#3828,#3832,#3834,#3835));
#3828=ORIENTED_EDGE('',*,*,#3829,.F.);
#3829=EDGE_CURVE('',#3830,#3802,#3831,.T.);
#3830=VERTEX_POINT('',#1834);
#3831=LINE('',#1834,#3199);
#3832=ORIENTED_EDGE('',*,*,#3833,.T.);
#3833=EDGE_CURVE('',#3830,#977,#1833,.T.);
#3834=ORIENTED_EDGE('',*,*,#976,.F.);
#3835=ORIENTED_EDGE('',*,*,#3808,.F.);
#3836=PLANE('',#3837);
#3837=AXIS2_PLACEMENT_3D('',#1834,#3207,#3200);
#3838=ADVANCED_FACE('',(#3839),#3855,.F.);
#3839=FACE_BOUND('',#3840,.F.);
#3840=EDGE_LOOP('',(#3841,#3848,#3851,#3852));
#3841=ORIENTED_EDGE('',*,*,#3842,.F.);
#3842=EDGE_CURVE('',#3843,#3845,#3847,.T.);
#3843=VERTEX_POINT('',#3844);
#3844=CARTESIAN_POINT('',(2.35,-1.35,0.));
#3845=VERTEX_POINT('',#3846);
#3846=CARTESIAN_POINT('',(2.35,1.35,0.));
#3847=LINE('',#3844,#27);
#3848=ORIENTED_EDGE('',*,*,#3849,.T.);
#3849=EDGE_CURVE('',#3843,#1341,#3850,.T.);
#3850=LINE('',#3844,#34);
#3851=ORIENTED_EDGE('',*,*,#1338,.F.);
#3852=ORIENTED_EDGE('',*,*,#3853,.F.);
#3853=EDGE_CURVE('',#3845,#1339,#3854,.T.);
#3854=LINE('',#3846,#34);
#3855=PLANE('',#3856);
#3856=AXIS2_PLACEMENT_3D('',#3844,#1354,#28);
#3857=ADVANCED_FACE('',(#3858),#3870,.F.);
#3858=FACE_BOUND('',#3859,.F.);
#3859=EDGE_LOOP('',(#3860,#3865,#3866,#3867));
#3860=ORIENTED_EDGE('',*,*,#3861,.F.);
#3861=EDGE_CURVE('',#3845,#3862,#3864,.T.);
#3862=VERTEX_POINT('',#3863);
#3863=CARTESIAN_POINT('',(-2.35,1.35,0.));
#3864=LINE('',#3846,#1353);
#3865=ORIENTED_EDGE('',*,*,#3853,.T.);
#3866=ORIENTED_EDGE('',*,*,#1362,.F.);
#3867=ORIENTED_EDGE('',*,*,#3868,.F.);
#3868=EDGE_CURVE('',#3862,#1357,#3869,.T.);
#3869=LINE('',#3863,#34);
#3870=PLANE('',#3871);
#3871=AXIS2_PLACEMENT_3D('',#3846,#1346,#1354);
#3872=ADVANCED_FACE('',(#3873),#3885,.F.);
#3873=FACE_BOUND('',#3874,.F.);
#3874=EDGE_LOOP('',(#3875,#3880,#3881,#3882));
#3875=ORIENTED_EDGE('',*,*,#3876,.F.);
#3876=EDGE_CURVE('',#3862,#3877,#3879,.T.);
#3877=VERTEX_POINT('',#3878);
#3878=CARTESIAN_POINT('',(-2.35,-1.35,0.));
#3879=LINE('',#3863,#1345);
#3880=ORIENTED_EDGE('',*,*,#3868,.T.);
#3881=ORIENTED_EDGE('',*,*,#1356,.F.);
#3882=ORIENTED_EDGE('',*,*,#3883,.F.);
#3883=EDGE_CURVE('',#3877,#1349,#3884,.T.);
#3884=LINE('',#3878,#34);
#3885=PLANE('',#3886);
#3886=AXIS2_PLACEMENT_3D('',#3863,#215,#1346);
#3887=ADVANCED_FACE('',(#3888),#3896,.F.);
#3888=FACE_BOUND('',#3889,.F.);
#3889=EDGE_LOOP('',(#3890,#3893,#3894,#3895));
#3890=ORIENTED_EDGE('',*,*,#3891,.F.);
#3891=EDGE_CURVE('',#3877,#3843,#3892,.T.);
#3892=LINE('',#3878,#224);
#3893=ORIENTED_EDGE('',*,*,#3883,.T.);
#3894=ORIENTED_EDGE('',*,*,#1348,.F.);
#3895=ORIENTED_EDGE('',*,*,#3849,.F.);
#3896=PLANE('',#3897);
#3897=AXIS2_PLACEMENT_3D('',#3878,#28,#215);
#3898=ADVANCED_FACE('',(#3899),#3905,.F.);
#3899=FACE_BOUND('',#3900,.F.);
#3900=EDGE_LOOP('',(#3901,#3902,#3903,#3904));
#3901=ORIENTED_EDGE('',*,*,#2692,.T.);
#3902=ORIENTED_EDGE('',*,*,#2726,.T.);
#3903=ORIENTED_EDGE('',*,*,#1381,.T.);
#3904=ORIENTED_EDGE('',*,*,#2660,.T.);
#3905=PLANE('',#3906);
#3906=AXIS2_PLACEMENT_3D('',#3907,#13,#2030);
#3907=CARTESIAN_POINT('',(-2.820617719931,1.4,0.));
#3908=ADVANCED_FACE('',(#3909),#3915,.F.);
#3909=FACE_BOUND('',#3910,.F.);
#3910=EDGE_LOOP('',(#3911,#3912,#3913,#3914));
#3911=ORIENTED_EDGE('',*,*,#2602,.T.);
#3912=ORIENTED_EDGE('',*,*,#2636,.T.);
#3913=ORIENTED_EDGE('',*,*,#1399,.T.);
#3914=ORIENTED_EDGE('',*,*,#2570,.T.);
#3915=PLANE('',#3916);
#3916=AXIS2_PLACEMENT_3D('',#3917,#13,#2030);
#3917=CARTESIAN_POINT('',(-2.820617719931,1.,0.));
#3918=ADVANCED_FACE('',(#3919),#3925,.F.);
#3919=FACE_BOUND('',#3920,.F.);
#3920=EDGE_LOOP('',(#3921,#3922,#3923,#3924));
#3921=ORIENTED_EDGE('',*,*,#2512,.T.);
#3922=ORIENTED_EDGE('',*,*,#2546,.T.);
#3923=ORIENTED_EDGE('',*,*,#1416,.T.);
#3924=ORIENTED_EDGE('',*,*,#2480,.T.);
#3925=PLANE('',#3926);
#3926=AXIS2_PLACEMENT_3D('',#3927,#13,#2030);
#3927=CARTESIAN_POINT('',(-2.820617719931,0.6,0.));
#3928=ADVANCED_FACE('',(#3929),#3935,.F.);
#3929=FACE_BOUND('',#3930,.F.);
#3930=EDGE_LOOP('',(#3931,#3932,#3933,#3934));
#3931=ORIENTED_EDGE('',*,*,#2422,.T.);
#3932=ORIENTED_EDGE('',*,*,#2456,.T.);
#3933=ORIENTED_EDGE('',*,*,#1433,.T.);
#3934=ORIENTED_EDGE('',*,*,#2390,.T.);
#3935=PLANE('',#3936);
#3936=AXIS2_PLACEMENT_3D('',#3937,#13,#2030);
#3937=CARTESIAN_POINT('',(-2.820617719931,0.2,0.));
#3938=ADVANCED_FACE('',(#3939),#3945,.F.);
#3939=FACE_BOUND('',#3940,.F.);
#3940=EDGE_LOOP('',(#3941,#3942,#3943,#3944));
#3941=ORIENTED_EDGE('',*,*,#2332,.T.);
#3942=ORIENTED_EDGE('',*,*,#2366,.T.);
#3943=ORIENTED_EDGE('',*,*,#1450,.T.);
#3944=ORIENTED_EDGE('',*,*,#2300,.T.);
#3945=PLANE('',#3946);
#3946=AXIS2_PLACEMENT_3D('',#3947,#13,#2030);
#3947=CARTESIAN_POINT('',(-2.820617719931,-0.2,0.));
#3948=ADVANCED_FACE('',(#3949),#3955,.F.);
#3949=FACE_BOUND('',#3950,.F.);
#3950=EDGE_LOOP('',(#3951,#3952,#3953,#3954));
#3951=ORIENTED_EDGE('',*,*,#2242,.T.);
#3952=ORIENTED_EDGE('',*,*,#2276,.T.);
#3953=ORIENTED_EDGE('',*,*,#1467,.T.);
#3954=ORIENTED_EDGE('',*,*,#2210,.T.);
#3955=PLANE('',#3956);
#3956=AXIS2_PLACEMENT_3D('',#3957,#13,#2030);
#3957=CARTESIAN_POINT('',(-2.820617719931,-0.6,0.));
#3958=ADVANCED_FACE('',(#3959),#3965,.F.);
#3959=FACE_BOUND('',#3960,.F.);
#3960=EDGE_LOOP('',(#3961,#3962,#3963,#3964));
#3961=ORIENTED_EDGE('',*,*,#2152,.T.);
#3962=ORIENTED_EDGE('',*,*,#2186,.T.);
#3963=ORIENTED_EDGE('',*,*,#1484,.T.);
#3964=ORIENTED_EDGE('',*,*,#2120,.T.);
#3965=PLANE('',#3966);
#3966=AXIS2_PLACEMENT_3D('',#3967,#13,#2030);
#3967=CARTESIAN_POINT('',(-2.820617719931,-1.,0.));
#3968=ADVANCED_FACE('',(#3969),#3975,.F.);
#3969=FACE_BOUND('',#3970,.F.);
#3970=EDGE_LOOP('',(#3971,#3972,#3973,#3974));
#3971=ORIENTED_EDGE('',*,*,#2055,.T.);
#3972=ORIENTED_EDGE('',*,*,#2090,.T.);
#3973=ORIENTED_EDGE('',*,*,#1501,.T.);
#3974=ORIENTED_EDGE('',*,*,#2017,.T.);
#3975=PLANE('',#3976);
#3976=AXIS2_PLACEMENT_3D('',#3977,#13,#2030);
#3977=CARTESIAN_POINT('',(-2.820617719931,-1.4,0.));
#3978=ADVANCED_FACE('',(#3979),#3989,.F.);
#3979=FACE_BOUND('',#3980,.F.);
#3980=EDGE_LOOP('',(#3981,#3982,#3983,#3984,#3985,#3986));
#3981=ORIENTED_EDGE('',*,*,#2047,.T.);
#3982=ORIENTED_EDGE('',*,*,#1704,.T.);
#3983=ORIENTED_EDGE('',*,*,#1699,.T.);
#3984=ORIENTED_EDGE('',*,*,#1693,.F.);
#3985=ORIENTED_EDGE('',*,*,#2110,.F.);
#3986=ORIENTED_EDGE('',*,*,#3987,.F.);
#3987=EDGE_CURVE('',#2038,#2105,#3988,.T.);
#3988=LINE('',#1706,#1525);
#3989=PLANE('',#3990);
#3990=AXIS2_PLACEMENT_3D('',#1706,#3991,#1526);
#3991=DIRECTION('',(-1.631319816341E-17,1.,0.));
#3992=ADVANCED_FACE('',(#3993),#4003,.F.);
#3993=FACE_BOUND('',#3994,.F.);
#3994=EDGE_LOOP('',(#3995,#3996,#3997,#3998,#3999,#4000));
#3995=ORIENTED_EDGE('',*,*,#2145,.T.);
#3996=ORIENTED_EDGE('',*,*,#1688,.T.);
#3997=ORIENTED_EDGE('',*,*,#1683,.T.);
#3998=ORIENTED_EDGE('',*,*,#1677,.F.);
#3999=ORIENTED_EDGE('',*,*,#2201,.F.);
#4000=ORIENTED_EDGE('',*,*,#4001,.F.);
#4001=EDGE_CURVE('',#2138,#2198,#4002,.T.);
#4002=LINE('',#1690,#1525);
#4003=PLANE('',#4004);
#4004=AXIS2_PLACEMENT_3D('',#1690,#3991,#1526);
#4005=ADVANCED_FACE('',(#4006),#4016,.F.);
#4006=FACE_BOUND('',#4007,.F.);
#4007=EDGE_LOOP('',(#4008,#4009,#4010,#4011,#4012,#4013));
#4008=ORIENTED_EDGE('',*,*,#2235,.T.);
#4009=ORIENTED_EDGE('',*,*,#1672,.T.);
#4010=ORIENTED_EDGE('',*,*,#1667,.T.);
#4011=ORIENTED_EDGE('',*,*,#1661,.F.);
#4012=ORIENTED_EDGE('',*,*,#2291,.F.);
#4013=ORIENTED_EDGE('',*,*,#4014,.F.);
#4014=EDGE_CURVE('',#2228,#2288,#4015,.T.);
#4015=LINE('',#1674,#1525);
#4016=PLANE('',#4017);
#4017=AXIS2_PLACEMENT_3D('',#1674,#3991,#1526);
#4018=ADVANCED_FACE('',(#4019),#4029,.F.);
#4019=FACE_BOUND('',#4020,.F.);
#4020=EDGE_LOOP('',(#4021,#4022,#4023,#4024,#4025,#4026));
#4021=ORIENTED_EDGE('',*,*,#2325,.T.);
#4022=ORIENTED_EDGE('',*,*,#1656,.T.);
#4023=ORIENTED_EDGE('',*,*,#1651,.T.);
#4024=ORIENTED_EDGE('',*,*,#1645,.F.);
#4025=ORIENTED_EDGE('',*,*,#2381,.F.);
#4026=ORIENTED_EDGE('',*,*,#4027,.F.);
#4027=EDGE_CURVE('',#2318,#2378,#4028,.T.);
#4028=LINE('',#1658,#1525);
#4029=PLANE('',#4030);
#4030=AXIS2_PLACEMENT_3D('',#1658,#3991,#1526);
#4031=ADVANCED_FACE('',(#4032),#4042,.F.);
#4032=FACE_BOUND('',#4033,.F.);
#4033=EDGE_LOOP('',(#4034,#4035,#4036,#4037,#4038,#4039));
#4034=ORIENTED_EDGE('',*,*,#2415,.T.);
#4035=ORIENTED_EDGE('',*,*,#1640,.T.);
#4036=ORIENTED_EDGE('',*,*,#1635,.T.);
#4037=ORIENTED_EDGE('',*,*,#1629,.F.);
#4038=ORIENTED_EDGE('',*,*,#2471,.F.);
#4039=ORIENTED_EDGE('',*,*,#4040,.F.);
#4040=EDGE_CURVE('',#2408,#2468,#4041,.T.);
#4041=LINE('',#1642,#1525);
#4042=PLANE('',#4043);
#4043=AXIS2_PLACEMENT_3D('',#1642,#3991,#1526);
#4044=ADVANCED_FACE('',(#4045),#4055,.F.);
#4045=FACE_BOUND('',#4046,.F.);
#4046=EDGE_LOOP('',(#4047,#4048,#4049,#4050,#4051,#4052));
#4047=ORIENTED_EDGE('',*,*,#2505,.T.);
#4048=ORIENTED_EDGE('',*,*,#1624,.T.);
#4049=ORIENTED_EDGE('',*,*,#1619,.T.);
#4050=ORIENTED_EDGE('',*,*,#1613,.F.);
#4051=ORIENTED_EDGE('',*,*,#2561,.F.);
#4052=ORIENTED_EDGE('',*,*,#4053,.F.);
#4053=EDGE_CURVE('',#2498,#2558,#4054,.T.);
#4054=LINE('',#1626,#1525);
#4055=PLANE('',#4056);
#4056=AXIS2_PLACEMENT_3D('',#1626,#3991,#1526);
#4057=ADVANCED_FACE('',(#4058),#4068,.F.);
#4058=FACE_BOUND('',#4059,.F.);
#4059=EDGE_LOOP('',(#4060,#4061,#4062,#4063,#4064,#4065));
#4060=ORIENTED_EDGE('',*,*,#2595,.T.);
#4061=ORIENTED_EDGE('',*,*,#1608,.T.);
#4062=ORIENTED_EDGE('',*,*,#1603,.T.);
#4063=ORIENTED_EDGE('',*,*,#1597,.F.);
#4064=ORIENTED_EDGE('',*,*,#2651,.F.);
#4065=ORIENTED_EDGE('',*,*,#4066,.F.);
#4066=EDGE_CURVE('',#2588,#2648,#4067,.T.);
#4067=LINE('',#1610,#1525);
#4068=PLANE('',#4069);
#4069=AXIS2_PLACEMENT_3D('',#1610,#3991,#1526);
#4070=ADVANCED_FACE('',(#4071),#4081,.F.);
#4071=FACE_BOUND('',#4072,.F.);
#4072=EDGE_LOOP('',(#4073,#4074,#4075,#4076,#4077,#4078));
#4073=ORIENTED_EDGE('',*,*,#2685,.T.);
#4074=ORIENTED_EDGE('',*,*,#1592,.T.);
#4075=ORIENTED_EDGE('',*,*,#1587,.T.);
#4076=ORIENTED_EDGE('',*,*,#1581,.F.);
#4077=ORIENTED_EDGE('',*,*,#2741,.F.);
#4078=ORIENTED_EDGE('',*,*,#4079,.F.);
#4079=EDGE_CURVE('',#2678,#2738,#4080,.T.);
#4080=LINE('',#1594,#1525);
#4081=PLANE('',#4082);
#4082=AXIS2_PLACEMENT_3D('',#1594,#3991,#1526);
#4083=ADVANCED_FACE('',(#4084),#4094,.F.);
#4084=FACE_BOUND('',#4085,.F.);
#4085=EDGE_LOOP('',(#4086,#4087,#4088,#4089,#4090,#4091));
#4086=ORIENTED_EDGE('',*,*,#2760,.T.);
#4087=ORIENTED_EDGE('',*,*,#1576,.T.);
#4088=ORIENTED_EDGE('',*,*,#1571,.T.);
#4089=ORIENTED_EDGE('',*,*,#1565,.F.);
#4090=ORIENTED_EDGE('',*,*,#2822,.F.);
#4091=ORIENTED_EDGE('',*,*,#4092,.F.);
#4092=EDGE_CURVE('',#2753,#2819,#4093,.T.);
#4093=LINE('',#1578,#1525);
#4094=PLANE('',#4095);
#4095=AXIS2_PLACEMENT_3D('',#1578,#3991,#1526);
#4096=ADVANCED_FACE('',(#4097),#4107,.F.);
#4097=FACE_BOUND('',#4098,.F.);
#4098=EDGE_LOOP('',(#4099,#4100,#4101,#4102,#4103,#4104));
#4099=ORIENTED_EDGE('',*,*,#2855,.T.);
#4100=ORIENTED_EDGE('',*,*,#1560,.T.);
#4101=ORIENTED_EDGE('',*,*,#1555,.T.);
#4102=ORIENTED_EDGE('',*,*,#1549,.F.);
#4103=ORIENTED_EDGE('',*,*,#2915,.F.);
#4104=ORIENTED_EDGE('',*,*,#4105,.F.);
#4105=EDGE_CURVE('',#2848,#2912,#4106,.T.);
#4106=LINE('',#1562,#1525);
#4107=PLANE('',#4108);
#4108=AXIS2_PLACEMENT_3D('',#1562,#3991,#1526);
#4109=ADVANCED_FACE('',(#4110),#4120,.F.);
#4110=FACE_BOUND('',#4111,.F.);
#4111=EDGE_LOOP('',(#4112,#4113,#4114,#4115,#4116,#4117));
#4112=ORIENTED_EDGE('',*,*,#2945,.T.);
#4113=ORIENTED_EDGE('',*,*,#1544,.T.);
#4114=ORIENTED_EDGE('',*,*,#1539,.T.);
#4115=ORIENTED_EDGE('',*,*,#1533,.F.);
#4116=ORIENTED_EDGE('',*,*,#3005,.F.);
#4117=ORIENTED_EDGE('',*,*,#4118,.F.);
#4118=EDGE_CURVE('',#2938,#3002,#4119,.T.);
#4119=LINE('',#1546,#1525);
#4120=PLANE('',#4121);
#4121=AXIS2_PLACEMENT_3D('',#1546,#3991,#1526);
#4122=ADVANCED_FACE('',(#4123),#4133,.F.);
#4123=FACE_BOUND('',#4124,.F.);
#4124=EDGE_LOOP('',(#4125,#4126,#4127,#4128,#4129,#4130));
#4125=ORIENTED_EDGE('',*,*,#3035,.T.);
#4126=ORIENTED_EDGE('',*,*,#1528,.T.);
#4127=ORIENTED_EDGE('',*,*,#1521,.T.);
#4128=ORIENTED_EDGE('',*,*,#1515,.F.);
#4129=ORIENTED_EDGE('',*,*,#3095,.F.);
#4130=ORIENTED_EDGE('',*,*,#4131,.F.);
#4131=EDGE_CURVE('',#3028,#3092,#4132,.T.);
#4132=LINE('',#1530,#1525);
#4133=PLANE('',#4134);
#4134=AXIS2_PLACEMENT_3D('',#1530,#3991,#1526);
#4135=ADVANCED_FACE('',(#4136),#4143,.F.);
#4136=FACE_BOUND('',#4137,.F.);
#4137=EDGE_LOOP('',(#4138,#1820,#1826,#1831,#4139,#4140));
#4138=ORIENTED_EDGE('',*,*,#3777,.T.);
#4139=ORIENTED_EDGE('',*,*,#3833,.F.);
#4140=ORIENTED_EDGE('',*,*,#4141,.F.);
#4141=EDGE_CURVE('',#3770,#3830,#4142,.T.);
#4142=LINE('',#1825,#1724);
#4143=PLANE('',#4144);
#4144=AXIS2_PLACEMENT_3D('',#1825,#4145,#1725);
#4145=DIRECTION('',(-1.,8.326672684689E-17,0.));
#4146=ADVANCED_FACE('',(#4147),#4154,.F.);
#4147=FACE_BOUND('',#4148,.F.);
#4148=EDGE_LOOP('',(#4149,#1805,#1811,#1816,#4150,#4151));
#4149=ORIENTED_EDGE('',*,*,#3687,.T.);
#4150=ORIENTED_EDGE('',*,*,#3743,.F.);
#4151=ORIENTED_EDGE('',*,*,#4152,.F.);
#4152=EDGE_CURVE('',#3680,#3740,#4153,.T.);
#4153=LINE('',#1810,#1724);
#4154=PLANE('',#4155);
#4155=AXIS2_PLACEMENT_3D('',#1810,#4145,#1725);
#4156=ADVANCED_FACE('',(#4157),#4164,.F.);
#4157=FACE_BOUND('',#4158,.F.);
#4158=EDGE_LOOP('',(#4159,#1790,#1796,#1801,#4160,#4161));
#4159=ORIENTED_EDGE('',*,*,#3597,.T.);
#4160=ORIENTED_EDGE('',*,*,#3653,.F.);
#4161=ORIENTED_EDGE('',*,*,#4162,.F.);
#4162=EDGE_CURVE('',#3590,#3650,#4163,.T.);
#4163=LINE('',#1795,#1724);
#4164=PLANE('',#4165);
#4165=AXIS2_PLACEMENT_3D('',#1795,#4145,#1725);
#4166=ADVANCED_FACE('',(#4167),#4174,.F.);
#4167=FACE_BOUND('',#4168,.F.);
#4168=EDGE_LOOP('',(#4169,#1775,#1781,#1786,#4170,#4171));
#4169=ORIENTED_EDGE('',*,*,#3507,.T.);
#4170=ORIENTED_EDGE('',*,*,#3563,.F.);
#4171=ORIENTED_EDGE('',*,*,#4172,.F.);
#4172=EDGE_CURVE('',#3500,#3560,#4173,.T.);
#4173=LINE('',#1780,#1724);
#4174=PLANE('',#4175);
#4175=AXIS2_PLACEMENT_3D('',#1780,#4145,#1725);
#4176=ADVANCED_FACE('',(#4177),#4184,.F.);
#4177=FACE_BOUND('',#4178,.F.);
#4178=EDGE_LOOP('',(#4179,#1760,#1766,#1771,#4180,#4181));
#4179=ORIENTED_EDGE('',*,*,#3417,.T.);
#4180=ORIENTED_EDGE('',*,*,#3473,.F.);
#4181=ORIENTED_EDGE('',*,*,#4182,.F.);
#4182=EDGE_CURVE('',#3410,#3470,#4183,.T.);
#4183=LINE('',#1765,#1724);
#4184=PLANE('',#4185);
#4185=AXIS2_PLACEMENT_3D('',#1765,#4145,#1725);
#4186=ADVANCED_FACE('',(#4187),#4194,.F.);
#4187=FACE_BOUND('',#4188,.F.);
#4188=EDGE_LOOP('',(#4189,#1745,#1751,#1756,#4190,#4191));
#4189=ORIENTED_EDGE('',*,*,#3327,.T.);
#4190=ORIENTED_EDGE('',*,*,#3383,.F.);
#4191=ORIENTED_EDGE('',*,*,#4192,.F.);
#4192=EDGE_CURVE('',#3320,#3380,#4193,.T.);
#4193=LINE('',#1750,#1724);
#4194=PLANE('',#4195);
#4195=AXIS2_PLACEMENT_3D('',#1750,#4145,#1725);
#4196=ADVANCED_FACE('',(#4197),#4204,.F.);
#4197=FACE_BOUND('',#4198,.F.);
#4198=EDGE_LOOP('',(#4199,#1730,#1736,#1741,#4200,#4201));
#4199=ORIENTED_EDGE('',*,*,#3237,.T.);
#4200=ORIENTED_EDGE('',*,*,#3293,.F.);
#4201=ORIENTED_EDGE('',*,*,#4202,.F.);
#4202=EDGE_CURVE('',#3230,#3290,#4203,.T.);
#4203=LINE('',#1735,#1724);
#4204=PLANE('',#4205);
#4205=AXIS2_PLACEMENT_3D('',#1735,#4145,#1725);
#4206=ADVANCED_FACE('',(#4207),#4214,.F.);
#4207=FACE_BOUND('',#4208,.F.);
#4208=EDGE_LOOP('',(#4209,#1713,#1719,#1726,#4210,#4211));
#4209=ORIENTED_EDGE('',*,*,#3142,.T.);
#4210=ORIENTED_EDGE('',*,*,#3202,.F.);
#4211=ORIENTED_EDGE('',*,*,#4212,.F.);
#4212=EDGE_CURVE('',#3133,#3197,#4213,.T.);
#4213=LINE('',#1718,#1724);
#4214=PLANE('',#4215);
#4215=AXIS2_PLACEMENT_3D('',#1718,#4145,#1725);
#4216=ADVANCED_FACE('',(#4217),#4223,.F.);
#4217=FACE_BOUND('',#4218,.F.);
#4218=EDGE_LOOP('',(#4219,#4220,#4221,#4222));
#4219=ORIENTED_EDGE('',*,*,#2799,.T.);
#4220=ORIENTED_EDGE('',*,*,#2831,.T.);
#4221=ORIENTED_EDGE('',*,*,#1854,.T.);
#4222=ORIENTED_EDGE('',*,*,#2767,.T.);
#4223=PLANE('',#4224);
#4224=AXIS2_PLACEMENT_3D('',#4225,#13,#14);
#4225=CARTESIAN_POINT('',(-2.2,1.820617719931,0.));
#4226=ADVANCED_FACE('',(#4227),#4233,.F.);
#4227=FACE_BOUND('',#4228,.F.);
#4228=EDGE_LOOP('',(#4229,#4230,#4231,#4232));
#4229=ORIENTED_EDGE('',*,*,#2894,.T.);
#4230=ORIENTED_EDGE('',*,*,#2924,.T.);
#4231=ORIENTED_EDGE('',*,*,#1869,.T.);
#4232=ORIENTED_EDGE('',*,*,#2862,.T.);
#4233=PLANE('',#4234);
#4234=AXIS2_PLACEMENT_3D('',#4235,#13,#14);
#4235=CARTESIAN_POINT('',(-1.8,1.820617719931,0.));
#4236=ADVANCED_FACE('',(#4237),#4243,.F.);
#4237=FACE_BOUND('',#4238,.F.);
#4238=EDGE_LOOP('',(#4239,#4240,#4241,#4242));
#4239=ORIENTED_EDGE('',*,*,#2984,.T.);
#4240=ORIENTED_EDGE('',*,*,#3014,.T.);
#4241=ORIENTED_EDGE('',*,*,#1883,.T.);
#4242=ORIENTED_EDGE('',*,*,#2952,.T.);
#4243=PLANE('',#4244);
#4244=AXIS2_PLACEMENT_3D('',#4245,#13,#14);
#4245=CARTESIAN_POINT('',(-1.4,1.820617719931,0.));
#4246=ADVANCED_FACE('',(#4247),#4253,.F.);
#4247=FACE_BOUND('',#4248,.F.);
#4248=EDGE_LOOP('',(#4249,#4250,#4251,#4252));
#4249=ORIENTED_EDGE('',*,*,#3074,.T.);
#4250=ORIENTED_EDGE('',*,*,#3104,.T.);
#4251=ORIENTED_EDGE('',*,*,#1897,.T.);
#4252=ORIENTED_EDGE('',*,*,#3042,.T.);
#4253=PLANE('',#4254);
#4254=AXIS2_PLACEMENT_3D('',#4255,#13,#14);
#4255=CARTESIAN_POINT('',(-1.,1.820617719931,0.));
#4256=ADVANCED_FACE('',(#4257),#4263,.F.);
#4257=FACE_BOUND('',#4258,.F.);
#4258=EDGE_LOOP('',(#4259,#4260,#4261,#4262));
#4259=ORIENTED_EDGE('',*,*,#3150,.T.);
#4260=ORIENTED_EDGE('',*,*,#3185,.T.);
#4261=ORIENTED_EDGE('',*,*,#1911,.T.);
#4262=ORIENTED_EDGE('',*,*,#3115,.T.);
#4263=PLANE('',#4264);
#4264=AXIS2_PLACEMENT_3D('',#4265,#13,#14);
#4265=CARTESIAN_POINT('',(-0.6,1.820617719931,0.));
#4266=ADVANCED_FACE('',(#4267),#4273,.F.);
#4267=FACE_BOUND('',#4268,.F.);
#4268=EDGE_LOOP('',(#4269,#4270,#4271,#4272));
#4269=ORIENTED_EDGE('',*,*,#3244,.T.);
#4270=ORIENTED_EDGE('',*,*,#3278,.T.);
#4271=ORIENTED_EDGE('',*,*,#1925,.T.);
#4272=ORIENTED_EDGE('',*,*,#3212,.T.);
#4273=PLANE('',#4274);
#4274=AXIS2_PLACEMENT_3D('',#4275,#13,#14);
#4275=CARTESIAN_POINT('',(-0.2,1.820617719931,0.));
#4276=ADVANCED_FACE('',(#4277),#4283,.F.);
#4277=FACE_BOUND('',#4278,.F.);
#4278=EDGE_LOOP('',(#4279,#4280,#4281,#4282));
#4279=ORIENTED_EDGE('',*,*,#3334,.T.);
#4280=ORIENTED_EDGE('',*,*,#3368,.T.);
#4281=ORIENTED_EDGE('',*,*,#1939,.T.);
#4282=ORIENTED_EDGE('',*,*,#3302,.T.);
#4283=PLANE('',#4284);
#4284=AXIS2_PLACEMENT_3D('',#4285,#13,#14);
#4285=CARTESIAN_POINT('',(0.2,1.820617719931,0.));
#4286=ADVANCED_FACE('',(#4287),#4293,.F.);
#4287=FACE_BOUND('',#4288,.F.);
#4288=EDGE_LOOP('',(#4289,#4290,#4291,#4292));
#4289=ORIENTED_EDGE('',*,*,#3424,.T.);
#4290=ORIENTED_EDGE('',*,*,#3458,.T.);
#4291=ORIENTED_EDGE('',*,*,#1953,.T.);
#4292=ORIENTED_EDGE('',*,*,#3392,.T.);
#4293=PLANE('',#4294);
#4294=AXIS2_PLACEMENT_3D('',#4295,#13,#14);
#4295=CARTESIAN_POINT('',(0.6,1.820617719931,0.));
#4296=ADVANCED_FACE('',(#4297),#4303,.F.);
#4297=FACE_BOUND('',#4298,.F.);
#4298=EDGE_LOOP('',(#4299,#4300,#4301,#4302));
#4299=ORIENTED_EDGE('',*,*,#3514,.T.);
#4300=ORIENTED_EDGE('',*,*,#3548,.T.);
#4301=ORIENTED_EDGE('',*,*,#1967,.T.);
#4302=ORIENTED_EDGE('',*,*,#3482,.T.);
#4303=PLANE('',#4304);
#4304=AXIS2_PLACEMENT_3D('',#4305,#13,#14);
#4305=CARTESIAN_POINT('',(1.,1.820617719931,0.));
#4306=ADVANCED_FACE('',(#4307),#4313,.F.);
#4307=FACE_BOUND('',#4308,.F.);
#4308=EDGE_LOOP('',(#4309,#4310,#4311,#4312));
#4309=ORIENTED_EDGE('',*,*,#3604,.T.);
#4310=ORIENTED_EDGE('',*,*,#3638,.T.);
#4311=ORIENTED_EDGE('',*,*,#1981,.T.);
#4312=ORIENTED_EDGE('',*,*,#3572,.T.);
#4313=PLANE('',#4314);
#4314=AXIS2_PLACEMENT_3D('',#4315,#13,#14);
#4315=CARTESIAN_POINT('',(1.4,1.820617719931,0.));
#4316=ADVANCED_FACE('',(#4317),#4323,.F.);
#4317=FACE_BOUND('',#4318,.F.);
#4318=EDGE_LOOP('',(#4319,#4320,#4321,#4322));
#4319=ORIENTED_EDGE('',*,*,#3694,.T.);
#4320=ORIENTED_EDGE('',*,*,#3728,.T.);
#4321=ORIENTED_EDGE('',*,*,#1995,.T.);
#4322=ORIENTED_EDGE('',*,*,#3662,.T.);
#4323=PLANE('',#4324);
#4324=AXIS2_PLACEMENT_3D('',#4325,#13,#14);
#4325=CARTESIAN_POINT('',(1.8,1.820617719931,0.));
#4326=ADVANCED_FACE('',(#4327),#4333,.F.);
#4327=FACE_BOUND('',#4328,.F.);
#4328=EDGE_LOOP('',(#4329,#4330,#4331,#4332));
#4329=ORIENTED_EDGE('',*,*,#3784,.T.);
#4330=ORIENTED_EDGE('',*,*,#3818,.T.);
#4331=ORIENTED_EDGE('',*,*,#2009,.T.);
#4332=ORIENTED_EDGE('',*,*,#3752,.T.);
#4333=PLANE('',#4334);
#4334=AXIS2_PLACEMENT_3D('',#4335,#13,#14);
#4335=CARTESIAN_POINT('',(2.2,1.820617719931,0.));
#4336=ADVANCED_FACE('',(#4337),#4343,.F.);
#4337=FACE_BOUND('',#4338,.F.);
#4338=EDGE_LOOP('',(#4339,#4340,#4341,#4342));
#4339=ORIENTED_EDGE('',*,*,#2072,.T.);
#4340=ORIENTED_EDGE('',*,*,#2035,.T.);
#4341=ORIENTED_EDGE('',*,*,#3987,.T.);
#4342=ORIENTED_EDGE('',*,*,#2104,.T.);
#4343=PLANE('',#4344);
#4344=AXIS2_PLACEMENT_3D('',#4345,#13,#2115);
#4345=CARTESIAN_POINT('',(-2.2,-1.820617719931,0.));
#4346=ADVANCED_FACE('',(#4347),#4353,.F.);
#4347=FACE_BOUND('',#4348,.F.);
#4348=EDGE_LOOP('',(#4349,#4350,#4351,#4352));
#4349=ORIENTED_EDGE('',*,*,#2169,.T.);
#4350=ORIENTED_EDGE('',*,*,#2135,.T.);
#4351=ORIENTED_EDGE('',*,*,#4001,.T.);
#4352=ORIENTED_EDGE('',*,*,#2197,.T.);
#4353=PLANE('',#4354);
#4354=AXIS2_PLACEMENT_3D('',#4355,#13,#2115);
#4355=CARTESIAN_POINT('',(-1.8,-1.820617719931,0.));
#4356=ADVANCED_FACE('',(#4357),#4363,.F.);
#4357=FACE_BOUND('',#4358,.F.);
#4358=EDGE_LOOP('',(#4359,#4360,#4361,#4362));
#4359=ORIENTED_EDGE('',*,*,#2259,.T.);
#4360=ORIENTED_EDGE('',*,*,#2225,.T.);
#4361=ORIENTED_EDGE('',*,*,#4014,.T.);
#4362=ORIENTED_EDGE('',*,*,#2287,.T.);
#4363=PLANE('',#4364);
#4364=AXIS2_PLACEMENT_3D('',#4365,#13,#2115);
#4365=CARTESIAN_POINT('',(-1.4,-1.820617719931,0.));
#4366=ADVANCED_FACE('',(#4367),#4373,.F.);
#4367=FACE_BOUND('',#4368,.F.);
#4368=EDGE_LOOP('',(#4369,#4370,#4371,#4372));
#4369=ORIENTED_EDGE('',*,*,#2349,.T.);
#4370=ORIENTED_EDGE('',*,*,#2315,.T.);
#4371=ORIENTED_EDGE('',*,*,#4027,.T.);
#4372=ORIENTED_EDGE('',*,*,#2377,.T.);
#4373=PLANE('',#4374);
#4374=AXIS2_PLACEMENT_3D('',#4375,#13,#2115);
#4375=CARTESIAN_POINT('',(-1.,-1.820617719931,0.));
#4376=ADVANCED_FACE('',(#4377),#4383,.F.);
#4377=FACE_BOUND('',#4378,.F.);
#4378=EDGE_LOOP('',(#4379,#4380,#4381,#4382));
#4379=ORIENTED_EDGE('',*,*,#2439,.T.);
#4380=ORIENTED_EDGE('',*,*,#2405,.T.);
#4381=ORIENTED_EDGE('',*,*,#4040,.T.);
#4382=ORIENTED_EDGE('',*,*,#2467,.T.);
#4383=PLANE('',#4384);
#4384=AXIS2_PLACEMENT_3D('',#4385,#13,#2115);
#4385=CARTESIAN_POINT('',(-0.6,-1.820617719931,0.));
#4386=ADVANCED_FACE('',(#4387),#4393,.F.);
#4387=FACE_BOUND('',#4388,.F.);
#4388=EDGE_LOOP('',(#4389,#4390,#4391,#4392));
#4389=ORIENTED_EDGE('',*,*,#2529,.T.);
#4390=ORIENTED_EDGE('',*,*,#2495,.T.);
#4391=ORIENTED_EDGE('',*,*,#4053,.T.);
#4392=ORIENTED_EDGE('',*,*,#2557,.T.);
#4393=PLANE('',#4394);
#4394=AXIS2_PLACEMENT_3D('',#4395,#13,#2115);
#4395=CARTESIAN_POINT('',(-0.2,-1.820617719931,0.));
#4396=ADVANCED_FACE('',(#4397),#4403,.F.);
#4397=FACE_BOUND('',#4398,.F.);
#4398=EDGE_LOOP('',(#4399,#4400,#4401,#4402));
#4399=ORIENTED_EDGE('',*,*,#2619,.T.);
#4400=ORIENTED_EDGE('',*,*,#2585,.T.);
#4401=ORIENTED_EDGE('',*,*,#4066,.T.);
#4402=ORIENTED_EDGE('',*,*,#2647,.T.);
#4403=PLANE('',#4404);
#4404=AXIS2_PLACEMENT_3D('',#4405,#13,#2115);
#4405=CARTESIAN_POINT('',(0.2,-1.820617719931,0.));
#4406=ADVANCED_FACE('',(#4407),#4413,.F.);
#4407=FACE_BOUND('',#4408,.F.);
#4408=EDGE_LOOP('',(#4409,#4410,#4411,#4412));
#4409=ORIENTED_EDGE('',*,*,#2709,.T.);
#4410=ORIENTED_EDGE('',*,*,#2675,.T.);
#4411=ORIENTED_EDGE('',*,*,#4079,.T.);
#4412=ORIENTED_EDGE('',*,*,#2737,.T.);
#4413=PLANE('',#4414);
#4414=AXIS2_PLACEMENT_3D('',#4415,#13,#2115);
#4415=CARTESIAN_POINT('',(0.6,-1.820617719931,0.));
#4416=ADVANCED_FACE('',(#4417),#4423,.F.);
#4417=FACE_BOUND('',#4418,.F.);
#4418=EDGE_LOOP('',(#4419,#4420,#4421,#4422));
#4419=ORIENTED_EDGE('',*,*,#2782,.T.);
#4420=ORIENTED_EDGE('',*,*,#2750,.T.);
#4421=ORIENTED_EDGE('',*,*,#4092,.T.);
#4422=ORIENTED_EDGE('',*,*,#2818,.T.);
#4423=PLANE('',#4424);
#4424=AXIS2_PLACEMENT_3D('',#4425,#13,#2115);
#4425=CARTESIAN_POINT('',(1.,-1.820617719931,0.));
#4426=ADVANCED_FACE('',(#4427),#4433,.F.);
#4427=FACE_BOUND('',#4428,.F.);
#4428=EDGE_LOOP('',(#4429,#4430,#4431,#4432));
#4429=ORIENTED_EDGE('',*,*,#2877,.T.);
#4430=ORIENTED_EDGE('',*,*,#2845,.T.);
#4431=ORIENTED_EDGE('',*,*,#4105,.T.);
#4432=ORIENTED_EDGE('',*,*,#2911,.T.);
#4433=PLANE('',#4434);
#4434=AXIS2_PLACEMENT_3D('',#4435,#13,#2115);
#4435=CARTESIAN_POINT('',(1.4,-1.820617719931,0.));
#4436=ADVANCED_FACE('',(#4437),#4443,.F.);
#4437=FACE_BOUND('',#4438,.F.);
#4438=EDGE_LOOP('',(#4439,#4440,#4441,#4442));
#4439=ORIENTED_EDGE('',*,*,#2967,.T.);
#4440=ORIENTED_EDGE('',*,*,#2935,.T.);
#4441=ORIENTED_EDGE('',*,*,#4118,.T.);
#4442=ORIENTED_EDGE('',*,*,#3001,.T.);
#4443=PLANE('',#4444);
#4444=AXIS2_PLACEMENT_3D('',#4445,#13,#2115);
#4445=CARTESIAN_POINT('',(1.8,-1.820617719931,0.));
#4446=ADVANCED_FACE('',(#4447),#4453,.F.);
#4447=FACE_BOUND('',#4448,.F.);
#4448=EDGE_LOOP('',(#4449,#4450,#4451,#4452));
#4449=ORIENTED_EDGE('',*,*,#3057,.T.);
#4450=ORIENTED_EDGE('',*,*,#3025,.T.);
#4451=ORIENTED_EDGE('',*,*,#4131,.T.);
#4452=ORIENTED_EDGE('',*,*,#3091,.T.);
#4453=PLANE('',#4454);
#4454=AXIS2_PLACEMENT_3D('',#4455,#13,#2115);
#4455=CARTESIAN_POINT('',(2.2,-1.820617719931,0.));
#4456=ADVANCED_FACE('',(#4457),#4463,.F.);
#4457=FACE_BOUND('',#4458,.F.);
#4458=EDGE_LOOP('',(#4459,#4460,#4461,#4462));
#4459=ORIENTED_EDGE('',*,*,#3167,.T.);
#4460=ORIENTED_EDGE('',*,*,#3130,.T.);
#4461=ORIENTED_EDGE('',*,*,#4212,.T.);
#4462=ORIENTED_EDGE('',*,*,#3196,.T.);
#4463=PLANE('',#4464);
#4464=AXIS2_PLACEMENT_3D('',#4465,#13,#3207);
#4465=CARTESIAN_POINT('',(2.820617719931,-1.4,0.));
#4466=ADVANCED_FACE('',(#4467),#4473,.F.);
#4467=FACE_BOUND('',#4468,.F.);
#4468=EDGE_LOOP('',(#4469,#4470,#4471,#4472));
#4469=ORIENTED_EDGE('',*,*,#3261,.T.);
#4470=ORIENTED_EDGE('',*,*,#3227,.T.);
#4471=ORIENTED_EDGE('',*,*,#4202,.T.);
#4472=ORIENTED_EDGE('',*,*,#3289,.T.);
#4473=PLANE('',#4474);
#4474=AXIS2_PLACEMENT_3D('',#4475,#13,#3207);
#4475=CARTESIAN_POINT('',(2.820617719931,-1.,0.));
#4476=ADVANCED_FACE('',(#4477),#4483,.F.);
#4477=FACE_BOUND('',#4478,.F.);
#4478=EDGE_LOOP('',(#4479,#4480,#4481,#4482));
#4479=ORIENTED_EDGE('',*,*,#3351,.T.);
#4480=ORIENTED_EDGE('',*,*,#3317,.T.);
#4481=ORIENTED_EDGE('',*,*,#4192,.T.);
#4482=ORIENTED_EDGE('',*,*,#3379,.T.);
#4483=PLANE('',#4484);
#4484=AXIS2_PLACEMENT_3D('',#4485,#13,#3207);
#4485=CARTESIAN_POINT('',(2.820617719931,-0.6,0.));
#4486=ADVANCED_FACE('',(#4487),#4493,.F.);
#4487=FACE_BOUND('',#4488,.F.);
#4488=EDGE_LOOP('',(#4489,#4490,#4491,#4492));
#4489=ORIENTED_EDGE('',*,*,#3441,.T.);
#4490=ORIENTED_EDGE('',*,*,#3407,.T.);
#4491=ORIENTED_EDGE('',*,*,#4182,.T.);
#4492=ORIENTED_EDGE('',*,*,#3469,.T.);
#4493=PLANE('',#4494);
#4494=AXIS2_PLACEMENT_3D('',#4495,#13,#3207);
#4495=CARTESIAN_POINT('',(2.820617719931,-0.2,0.));
#4496=ADVANCED_FACE('',(#4497),#4503,.F.);
#4497=FACE_BOUND('',#4498,.F.);
#4498=EDGE_LOOP('',(#4499,#4500,#4501,#4502));
#4499=ORIENTED_EDGE('',*,*,#3531,.T.);
#4500=ORIENTED_EDGE('',*,*,#3497,.T.);
#4501=ORIENTED_EDGE('',*,*,#4172,.T.);
#4502=ORIENTED_EDGE('',*,*,#3559,.T.);
#4503=PLANE('',#4504);
#4504=AXIS2_PLACEMENT_3D('',#4505,#13,#3207);
#4505=CARTESIAN_POINT('',(2.820617719931,0.2,0.));
#4506=ADVANCED_FACE('',(#4507),#4513,.F.);
#4507=FACE_BOUND('',#4508,.F.);
#4508=EDGE_LOOP('',(#4509,#4510,#4511,#4512));
#4509=ORIENTED_EDGE('',*,*,#3621,.T.);
#4510=ORIENTED_EDGE('',*,*,#3587,.T.);
#4511=ORIENTED_EDGE('',*,*,#4162,.T.);
#4512=ORIENTED_EDGE('',*,*,#3649,.T.);
#4513=PLANE('',#4514);
#4514=AXIS2_PLACEMENT_3D('',#4515,#13,#3207);
#4515=CARTESIAN_POINT('',(2.820617719931,0.6,0.));
#4516=ADVANCED_FACE('',(#4517),#4523,.F.);
#4517=FACE_BOUND('',#4518,.F.);
#4518=EDGE_LOOP('',(#4519,#4520,#4521,#4522));
#4519=ORIENTED_EDGE('',*,*,#3711,.T.);
#4520=ORIENTED_EDGE('',*,*,#3677,.T.);
#4521=ORIENTED_EDGE('',*,*,#4152,.T.);
#4522=ORIENTED_EDGE('',*,*,#3739,.T.);
#4523=PLANE('',#4524);
#4524=AXIS2_PLACEMENT_3D('',#4525,#13,#3207);
#4525=CARTESIAN_POINT('',(2.820617719931,1.,0.));
#4526=ADVANCED_FACE('',(#4527),#4533,.F.);
#4527=FACE_BOUND('',#4528,.F.);
#4528=EDGE_LOOP('',(#4529,#4530,#4531,#4532));
#4529=ORIENTED_EDGE('',*,*,#3801,.T.);
#4530=ORIENTED_EDGE('',*,*,#3767,.T.);
#4531=ORIENTED_EDGE('',*,*,#4141,.T.);
#4532=ORIENTED_EDGE('',*,*,#3829,.T.);
#4533=PLANE('',#4534);
#4534=AXIS2_PLACEMENT_3D('',#4535,#13,#3207);
#4535=CARTESIAN_POINT('',(2.820617719931,1.4,0.));
#4536=ADVANCED_FACE('',(#4537),#4543,.F.);
#4537=FACE_BOUND('',#4538,.F.);
#4538=EDGE_LOOP('',(#4539,#4540,#4541,#4542));
#4539=ORIENTED_EDGE('',*,*,#3891,.T.);
#4540=ORIENTED_EDGE('',*,*,#3842,.T.);
#4541=ORIENTED_EDGE('',*,*,#3861,.T.);
#4542=ORIENTED_EDGE('',*,*,#3876,.T.);
#4543=PLANE('',#4544);
#4544=AXIS2_PLACEMENT_3D('',#12,#13,#215);
#4545=( GEOMETRIC_REPRESENTATION_CONTEXT(3) GLOBAL_UNCERTAINTY_ASSIGNED_CONTEXT((#4549)) GLOBAL_UNIT_ASSIGNED_CONTEXT((#4546,#4547,#4548)) REPRESENTATION_CONTEXT('Context #1','3D Context with UNIT and UNCERTAINTY') );
#4546=( LENGTH_UNIT() NAMED_UNIT(*) SI_UNIT(.MILLI.,.METRE.) );
#4547=( NAMED_UNIT(*) PLANE_ANGLE_UNIT() SI_UNIT($,.RADIAN.) );
#4548=( NAMED_UNIT(*) SI_UNIT($,.STERADIAN.) SOLID_ANGLE_UNIT() );
#4549=UNCERTAINTY_MEASURE_WITH_UNIT(LENGTH_MEASURE(1.E-07),#4546,'distance_accuracy_value','confusion accuracy');
#4550=PRODUCT_RELATED_PRODUCT_CATEGORY('part',$,(#7));
#4551=MECHANICAL_DESIGN_GEOMETRIC_PRESENTATION_REPRESENTATION('',(#4552,#4562,#4563,#4564,#4565,#4574,#4575,#4576,#4577,#4578,#4579,#4580,#4581,#4582,#4583,#4584,#4585,#4586,#4587,#4596,#4597,#4598,#4599,#4600,#4601,#4602,#4603,#4604,#4605,#4606,#4607,#4608,#4609,#4610,#4611,#4612,#4613,#4614,#4615,#4616,#4617,#4618,#4619,#4620,#4621,#4622,#4623,#4624,#4625,#4626,#4627,#4628,#4629,#4630,#4631,#4632,#4633,#4634,#4635,#4636,#4637,#4638,#4639,#4640,#4641,#4642,#4643,#4644,#4645,#4646,#4647,#4648,#4649,#4650,#4651,#4652,#4653,#4654,#4655,#4656,#4657,#4658,#4659,#4660,#4661,#4662,#4663,#4664,#4665,#4666,#4667,#4668,#4669,#4670,#4671,#4672,#4673,#4674,#4675,#4676,#4677,#4678,#4679,#4680,#4681,#4682,#4683,#4684,#4685,#4686,#4687,#4688,#4689,#4690,#4691,#4692,#4693,#4694,#4695,#4696,#4697,#4698,#4699,#4700,#4701,#4702,#4703,#4704,#4705,#4706,#4707,#4708,#4709,#4710,#4711,#4712,#4713,#4714,#4715,#4716,#4717,#4718,#4719,#4720,#4721,#4722,#4723,#4724,#4725,#4726,#4727,#4728,#4729,#4730,#4731,#4732,#4733,#4734,#4735,#4736,#4737,#4738,#4739,#4740,#4741,#4742,#4743,#4744,#4745,#4746,#4747,#4748,#4749,#4750,#4751,#4752,#4753,#4754,#4755,#4756,#4757,#4758,#4759,#4760,#4761,#4762,#4763,#4764,#4765,#4766,#4767,#4768,#4769,#4770,#4771,#4772,#4773,#4774,#4775,#4776,#4777,#4778,#4779,#4780,#4781,#4782,#4783,#4784,#4785,#4786,#4787,#4788,#4789,#4790,#4791,#4792),#4545);
#4552=STYLED_ITEM('color',(#4553),#17);
#4553=PRESENTATION_STYLE_ASSIGNMENT((#4554,#4560));
#4554=SURFACE_STYLE_USAGE(.BOTH.,#4555);
#4555=SURFACE_SIDE_STYLE('',(#4556));
#4556=SURFACE_STYLE_FILL_AREA(#4557);
#4557=FILL_AREA_STYLE('',(#4558));
#4558=FILL_AREA_STYLE_COLOUR('',#4559);
#4559=COLOUR_RGB('',0.147999998088,0.145000001626,0.145000001626);
#4560=CURVE_STYLE('',#4561,POSITIVE_LENGTH_MEASURE(0.1),#4559);
#4561=DRAUGHTING_PRE_DEFINED_CURVE_FONT('continuous');
#4562=STYLED_ITEM('color',(#4553),#216);
#4563=STYLED_ITEM('color',(#4553),#244);
#4564=STYLED_ITEM('color',(#4553),#512);
#4565=OVER_RIDING_STYLED_ITEM('overriding color',(#4566),#1338,#4564);
#4566=PRESENTATION_STYLE_ASSIGNMENT((#4567,#4573));
#4567=SURFACE_STYLE_USAGE(.BOTH.,#4568);
#4568=SURFACE_SIDE_STYLE('',(#4569));
#4569=SURFACE_STYLE_FILL_AREA(#4570);
#4570=FILL_AREA_STYLE('',(#4571));
#4571=FILL_AREA_STYLE_COLOUR('',#4572);
#4572=COLOUR_RGB('',0.823999987314,0.819999987296,0.781000009244);
#4573=CURVE_STYLE('',#4561,POSITIVE_LENGTH_MEASURE(0.1),#4572);
#4574=OVER_RIDING_STYLED_ITEM('overriding color',(#4566),#1362,#4564);
#4575=OVER_RIDING_STYLED_ITEM('overriding color',(#4566),#1356,#4564);
#4576=OVER_RIDING_STYLED_ITEM('overriding color',(#4566),#1348,#4564);
#4577=STYLED_ITEM('color',(#4566),#1368);
#4578=STYLED_ITEM('color',(#4566),#1386);
#4579=STYLED_ITEM('color',(#4566),#1403);
#4580=STYLED_ITEM('color',(#4566),#1420);
#4581=STYLED_ITEM('color',(#4566),#1437);
#4582=STYLED_ITEM('color',(#4566),#1454);
#4583=STYLED_ITEM('color',(#4566),#1471);
#4584=STYLED_ITEM('color',(#4566),#1488);
#4585=STYLED_ITEM('color',(#4553),#1505);
#4586=STYLED_ITEM('color',(#4553),#1709);
#4587=STYLED_ITEM('color',(#4588),#1838);
#4588=PRESENTATION_STYLE_ASSIGNMENT((#4589,#4595));
#4589=SURFACE_STYLE_USAGE(.BOTH.,#4590);
#4590=SURFACE_SIDE_STYLE('',(#4591));
#4591=SURFACE_STYLE_FILL_AREA(#4592);
#4592=FILL_AREA_STYLE('',(#4593));
#4593=FILL_AREA_STYLE_COLOUR('',#4594);
#4594=COLOUR_RGB('',0.690999998585,0.664000007176,0.597999987832);
#4595=CURVE_STYLE('',#4561,POSITIVE_LENGTH_MEASURE(0.1),#4594);
#4596=STYLED_ITEM('color',(#4566),#1844);
#4597=STYLED_ITEM('color',(#4566),#1859);
#4598=STYLED_ITEM('color',(#4566),#1873);
#4599=STYLED_ITEM('color',(#4566),#1887);
#4600=STYLED_ITEM('color',(#4566),#1901);
#4601=STYLED_ITEM('color',(#4566),#1915);
#4602=STYLED_ITEM('color',(#4566),#1929);
#4603=STYLED_ITEM('color',(#4566),#1943);
#4604=STYLED_ITEM('color',(#4566),#1957);
#4605=STYLED_ITEM('color',(#4566),#1971);
#4606=STYLED_ITEM('color',(#4566),#1985);
#4607=STYLED_ITEM('color',(#4566),#1999);
#4608=STYLED_ITEM('color',(#4566),#2013);
#4609=STYLED_ITEM('color',(#4566),#2031);
#4610=STYLED_ITEM('color',(#4566),#2051);
#4611=STYLED_ITEM('color',(#4566),#2068);
#4612=STYLED_ITEM('color',(#4566),#2086);
#4613=STYLED_ITEM('color',(#4566),#2100);
#4614=STYLED_ITEM('color',(#4566),#2116);
#4615=STYLED_ITEM('color',(#4566),#2131);
#4616=STYLED_ITEM('color',(#4566),#2148);
#4617=STYLED_ITEM('color',(#4566),#2165);
#4618=STYLED_ITEM('color',(#4566),#2182);
#4619=STYLED_ITEM('color',(#4566),#2193);
#4620=STYLED_ITEM('color',(#4566),#2206);
#4621=STYLED_ITEM('color',(#4566),#2221);
#4622=STYLED_ITEM('color',(#4566),#2238);
#4623=STYLED_ITEM('color',(#4566),#2255);
#4624=STYLED_ITEM('color',(#4566),#2272);
#4625=STYLED_ITEM('color',(#4566),#2283);
#4626=STYLED_ITEM('color',(#4566),#2296);
#4627=STYLED_ITEM('color',(#4566),#2311);
#4628=STYLED_ITEM('color',(#4566),#2328);
#4629=STYLED_ITEM('color',(#4566),#2345);
#4630=STYLED_ITEM('color',(#4566),#2362);
#4631=STYLED_ITEM('color',(#4566),#2373);
#4632=STYLED_ITEM('color',(#4566),#2386);
#4633=STYLED_ITEM('color',(#4566),#2401);
#4634=STYLED_ITEM('color',(#4566),#2418);
#4635=STYLED_ITEM('color',(#4566),#2435);
#4636=STYLED_ITEM('color',(#4566),#2452);
#4637=STYLED_ITEM('color',(#4566),#2463);
#4638=STYLED_ITEM('color',(#4566),#2476);
#4639=STYLED_ITEM('color',(#4566),#2491);
#4640=STYLED_ITEM('color',(#4566),#2508);
#4641=STYLED_ITEM('color',(#4566),#2525);
#4642=STYLED_ITEM('color',(#4566),#2542);
#4643=STYLED_ITEM('color',(#4566),#2553);
#4644=STYLED_ITEM('color',(#4566),#2566);
#4645=STYLED_ITEM('color',(#4566),#2581);
#4646=STYLED_ITEM('color',(#4566),#2598);
#4647=STYLED_ITEM('color',(#4566),#2615);
#4648=STYLED_ITEM('color',(#4566),#2632);
#4649=STYLED_ITEM('color',(#4566),#2643);
#4650=STYLED_ITEM('color',(#4566),#2656);
#4651=STYLED_ITEM('color',(#4566),#2671);
#4652=STYLED_ITEM('color',(#4566),#2688);
#4653=STYLED_ITEM('color',(#4566),#2705);
#4654=STYLED_ITEM('color',(#4566),#2722);
#4655=STYLED_ITEM('color',(#4566),#2733);
#4656=STYLED_ITEM('color',(#4566),#2746);
#4657=STYLED_ITEM('color',(#4566),#2763);
#4658=STYLED_ITEM('color',(#4566),#2778);
#4659=STYLED_ITEM('color',(#4566),#2795);
#4660=STYLED_ITEM('color',(#4566),#2814);
#4661=STYLED_ITEM('color',(#4566),#2827);
#4662=STYLED_ITEM('color',(#4566),#2841);
#4663=STYLED_ITEM('color',(#4566),#2858);
#4664=STYLED_ITEM('color',(#4566),#2873);
#4665=STYLED_ITEM('color',(#4566),#2890);
#4666=STYLED_ITEM('color',(#4566),#2907);
#4667=STYLED_ITEM('color',(#4566),#2920);
#4668=STYLED_ITEM('color',(#4566),#2931);
#4669=STYLED_ITEM('color',(#4566),#2948);
#4670=STYLED_ITEM('color',(#4566),#2963);
#4671=STYLED_ITEM('color',(#4566),#2980);
#4672=STYLED_ITEM('color',(#4566),#2997);
#4673=STYLED_ITEM('color',(#4566),#3010);
#4674=STYLED_ITEM('color',(#4566),#3021);
#4675=STYLED_ITEM('color',(#4566),#3038);
#4676=STYLED_ITEM('color',(#4566),#3053);
#4677=STYLED_ITEM('color',(#4566),#3070);
#4678=STYLED_ITEM('color',(#4566),#3087);
#4679=STYLED_ITEM('color',(#4566),#3100);
#4680=STYLED_ITEM('color',(#4566),#3111);
#4681=STYLED_ITEM('color',(#4566),#3126);
#4682=STYLED_ITEM('color',(#4566),#3146);
#4683=STYLED_ITEM('color',(#4566),#3163);
#4684=STYLED_ITEM('color',(#4566),#3181);
#4685=STYLED_ITEM('color',(#4566),#3192);
#4686=STYLED_ITEM('color',(#4566),#3208);
#4687=STYLED_ITEM('color',(#4566),#3223);
#4688=STYLED_ITEM('color',(#4566),#3240);
#4689=STYLED_ITEM('color',(#4566),#3257);
#4690=STYLED_ITEM('color',(#4566),#3274);
#4691=STYLED_ITEM('color',(#4566),#3285);
#4692=STYLED_ITEM('color',(#4566),#3298);
#4693=STYLED_ITEM('color',(#4566),#3313);
#4694=STYLED_ITEM('color',(#4566),#3330);
#4695=STYLED_ITEM('color',(#4566),#3347);
#4696=STYLED_ITEM('color',(#4566),#3364);
#4697=STYLED_ITEM('color',(#4566),#3375);
#4698=STYLED_ITEM('color',(#4566),#3388);
#4699=STYLED_ITEM('color',(#4566),#3403);
#4700=STYLED_ITEM('color',(#4566),#3420);
#4701=STYLED_ITEM('color',(#4566),#3437);
#4702=STYLED_ITEM('color',(#4566),#3454);
#4703=STYLED_ITEM('color',(#4566),#3465);
#4704=STYLED_ITEM('color',(#4566),#3478);
#4705=STYLED_ITEM('color',(#4566),#3493);
#4706=STYLED_ITEM('color',(#4566),#3510);
#4707=STYLED_ITEM('color',(#4566),#3527);
#4708=STYLED_ITEM('color',(#4566),#3544);
#4709=STYLED_ITEM('color',(#4566),#3555);
#4710=STYLED_ITEM('color',(#4566),#3568);
#4711=STYLED_ITEM('color',(#4566),#3583);
#4712=STYLED_ITEM('color',(#4566),#3600);
#4713=STYLED_ITEM('color',(#4566),#3617);
#4714=STYLED_ITEM('color',(#4566),#3634);
#4715=STYLED_ITEM('color',(#4566),#3645);
#4716=STYLED_ITEM('color',(#4566),#3658);
#4717=STYLED_ITEM('color',(#4566),#3673);
#4718=STYLED_ITEM('color',(#4566),#3690);
#4719=STYLED_ITEM('color',(#4566),#3707);
#4720=STYLED_ITEM('color',(#4566),#3724);
#4721=STYLED_ITEM('color',(#4566),#3735);
#4722=STYLED_ITEM('color',(#4566),#3748);
#4723=STYLED_ITEM('color',(#4566),#3763);
#4724=STYLED_ITEM('color',(#4566),#3780);
#4725=STYLED_ITEM('color',(#4566),#3797);
#4726=STYLED_ITEM('color',(#4566),#3814);
#4727=STYLED_ITEM('color',(#4566),#3825);
#4728=STYLED_ITEM('color',(#4566),#3838);
#4729=STYLED_ITEM('color',(#4566),#3857);
#4730=STYLED_ITEM('color',(#4566),#3872);
#4731=STYLED_ITEM('color',(#4566),#3887);
#4732=STYLED_ITEM('color',(#4566),#3898);
#4733=STYLED_ITEM('color',(#4566),#3908);
#4734=STYLED_ITEM('color',(#4566),#3918);
#4735=STYLED_ITEM('color',(#4566),#3928);
#4736=STYLED_ITEM('color',(#4566),#3938);
#4737=STYLED_ITEM('color',(#4566),#3948);
#4738=STYLED_ITEM('color',(#4566),#3958);
#4739=STYLED_ITEM('color',(#4566),#3968);
#4740=STYLED_ITEM('color',(#4566),#3978);
#4741=STYLED_ITEM('color',(#4566),#3992);
#4742=STYLED_ITEM('color',(#4566),#4005);
#4743=STYLED_ITEM('color',(#4566),#4018);
#4744=STYLED_ITEM('color',(#4566),#4031);
#4745=STYLED_ITEM('color',(#4566),#4044);
#4746=STYLED_ITEM('color',(#4566),#4057);
#4747=STYLED_ITEM('color',(#4566),#4070);
#4748=STYLED_ITEM('color',(#4566),#4083);
#4749=STYLED_ITEM('color',(#4566),#4096);
#4750=STYLED_ITEM('color',(#4566),#4109);
#4751=STYLED_ITEM('color',(#4566),#4122);
#4752=STYLED_ITEM('color',(#4566),#4135);
#4753=STYLED_ITEM('color',(#4566),#4146);
#4754=STYLED_ITEM('color',(#4566),#4156);
#4755=STYLED_ITEM('color',(#4566),#4166);
#4756=STYLED_ITEM('color',(#4566),#4176);
#4757=STYLED_ITEM('color',(#4566),#4186);
#4758=STYLED_ITEM('color',(#4566),#4196);
#4759=STYLED_ITEM('color',(#4566),#4206);
#4760=STYLED_ITEM('color',(#4566),#4216);
#4761=STYLED_ITEM('color',(#4566),#4226);
#4762=STYLED_ITEM('color',(#4566),#4236);
#4763=STYLED_ITEM('color',(#4566),#4246);
#4764=STYLED_ITEM('color',(#4566),#4256);
#4765=STYLED_ITEM('color',(#4566),#4266);
#4766=STYLED_ITEM('color',(#4566),#4276);
#4767=STYLED_ITEM('color',(#4566),#4286);
#4768=STYLED_ITEM('color',(#4566),#4296);
#4769=STYLED_ITEM('color',(#4566),#4306);
#4770=STYLED_ITEM('color',(#4566),#4316);
#4771=STYLED_ITEM('color',(#4566),#4326);
#4772=STYLED_ITEM('color',(#4566),#4336);
#4773=STYLED_ITEM('color',(#4566),#4346);
#4774=STYLED_ITEM('color',(#4566),#4356);
#4775=STYLED_ITEM('color',(#4566),#4366);
#4776=STYLED_ITEM('color',(#4566),#4376);
#4777=STYLED_ITEM('color',(#4566),#4386);
#4778=STYLED_ITEM('color',(#4566),#4396);
#4779=STYLED_ITEM('color',(#4566),#4406);
#4780=STYLED_ITEM('color',(#4566),#4416);
#4781=STYLED_ITEM('color',(#4566),#4426);
#4782=STYLED_ITEM('color',(#4566),#4436);
#4783=STYLED_ITEM('color',(#4566),#4446);
#4784=STYLED_ITEM('color',(#4566),#4456);
#4785=STYLED_ITEM('color',(#4566),#4466);
#4786=STYLED_ITEM('color',(#4566),#4476);
#4787=STYLED_ITEM('color',(#4566),#4486);
#4788=STYLED_ITEM('color',(#4566),#4496);
#4789=STYLED_ITEM('color',(#4566),#4506);
#4790=STYLED_ITEM('color',(#4566),#4516);
#4791=STYLED_ITEM('color',(#4566),#4526);
#4792=STYLED_ITEM('color',(#4566),#4536);
ENDSEC;
END-ISO-10303-21;
